2025/03/03 11:37:13 - mmengine - INFO - 
------------------------------------------------------------
System environment:
    sys.platform: win32
    Python: 3.8.20 (default, Oct  3 2024, 15:19:54) [MSC v.1929 64 bit (AMD64)]
    CUDA available: True
    MUSA available: False
    numpy_random_seed: 1411394549
    GPU 0: NVIDIA RTX A5000
    CUDA_HOME: C:\Program Files\NVIDIA GPU Computing Toolkit\CUDA\v11.3
    NVCC: Cuda compilation tools, release 11.3, V11.3.58
    MSVC: Microsoft (R) C/C++ Optimizing Compiler Version 19.29.30158 for x64
    GCC: n/a
    PyTorch: 1.10.0
    PyTorch compiling details: PyTorch built with:
  - C++ Version: 199711
  - MSVC 192829337
  - Intel(R) Math Kernel Library Version 2020.0.2 Product Build 20200624 for Intel(R) 64 architecture applications
  - Intel(R) MKL-DNN v2.2.3 (Git Hash 7336ca9f055cf1bfa13efb658fe15dc9b41f0740)
  - OpenMP 2019
  - LAPACK is enabled (usually provided by MKL)
  - CPU capability usage: AVX2
  - CUDA Runtime 11.3
  - NVCC architecture flags: -gencode;arch=compute_37,code=sm_37;-gencode;arch=compute_50,code=sm_50;-gencode;arch=compute_60,code=sm_60;-gencode;arch=compute_61,code=sm_61;-gencode;arch=compute_70,code=sm_70;-gencode;arch=compute_75,code=sm_75;-gencode;arch=compute_80,code=sm_80;-gencode;arch=compute_86,code=sm_86;-gencode;arch=compute_37,code=compute_37
  - CuDNN 8.2
  - Magma 2.5.4
  - Build settings: BLAS_INFO=mkl, BUILD_TYPE=Release, CUDA_VERSION=11.3, CUDNN_VERSION=8.2.0, CXX_COMPILER=C:/cb/pytorch_1000000000000/work/tmp_bin/sccache-cl.exe, CXX_FLAGS=/DWIN32 /D_WINDOWS /GR /EHsc /w /bigobj -DUSE_PTHREADPOOL -openmp:experimental -IC:/cb/pytorch_1000000000000/work/mkl/include -DNDEBUG -DUSE_KINETO -DLIBKINETO_NOCUPTI -DUSE_FBGEMM -DUSE_XNNPACK -DSYMBOLICATE_MOBILE_DEBUG_HANDLE -DEDGE_PROFILER_USE_KINETO, LAPACK_INFO=mkl, PERF_WITH_AVX=1, PERF_WITH_AVX2=1, PERF_WITH_AVX512=1, TORCH_VERSION=1.10.0, USE_CUDA=ON, USE_CUDNN=ON, USE_EXCEPTION_PTR=1, USE_GFLAGS=OFF, USE_GLOG=OFF, USE_MKL=ON, USE_MKLDNN=ON, USE_MPI=OFF, USE_NCCL=OFF, USE_NNPACK=OFF, USE_OPENMP=ON, 

    TorchVision: 0.11.0
    OpenCV: 4.11.0
    MMEngine: 0.10.6

Runtime environment:
    cudnn_benchmark: True
    mp_cfg: {'mp_start_method': 'fork', 'opencv_num_threads': 0}
    dist_cfg: {'backend': 'nccl'}
    seed: 1411394549
    Distributed launcher: none
    Distributed training: False
    GPU number: 1
------------------------------------------------------------

2025/03/03 11:37:13 - mmengine - INFO - Config:
auto_scale_lr = dict(base_batch_size=2, enable=False)
backbone_embed_multi = dict(decay_mult=0.0, lr_mult=0.1)
backbone_norm_multi = dict(decay_mult=0.0, lr_mult=0.1)
crop_size = (
    1024,
    1024,
)
custom_imports = dict(allow_failed_imports=False, imports='mmdet.models')
custom_keys = dict({
    'absolute_pos_embed':
    dict(decay_mult=0.0, lr_mult=0.1),
    'backbone':
    dict(decay_mult=1.0, lr_mult=0.1),
    'backbone.norm':
    dict(decay_mult=0.0, lr_mult=0.1),
    'backbone.patch_embed.norm':
    dict(decay_mult=0.0, lr_mult=0.1),
    'backbone.stages.0.blocks.0.norm':
    dict(decay_mult=0.0, lr_mult=0.1),
    'backbone.stages.0.blocks.1.norm':
    dict(decay_mult=0.0, lr_mult=0.1),
    'backbone.stages.0.downsample.norm':
    dict(decay_mult=0.0, lr_mult=0.1),
    'backbone.stages.1.blocks.0.norm':
    dict(decay_mult=0.0, lr_mult=0.1),
    'backbone.stages.1.blocks.1.norm':
    dict(decay_mult=0.0, lr_mult=0.1),
    'backbone.stages.1.downsample.norm':
    dict(decay_mult=0.0, lr_mult=0.1),
    'backbone.stages.2.blocks.0.norm':
    dict(decay_mult=0.0, lr_mult=0.1),
    'backbone.stages.2.blocks.1.norm':
    dict(decay_mult=0.0, lr_mult=0.1),
    'backbone.stages.2.blocks.2.norm':
    dict(decay_mult=0.0, lr_mult=0.1),
    'backbone.stages.2.blocks.3.norm':
    dict(decay_mult=0.0, lr_mult=0.1),
    'backbone.stages.2.blocks.4.norm':
    dict(decay_mult=0.0, lr_mult=0.1),
    'backbone.stages.2.blocks.5.norm':
    dict(decay_mult=0.0, lr_mult=0.1),
    'backbone.stages.2.downsample.norm':
    dict(decay_mult=0.0, lr_mult=0.1),
    'backbone.stages.3.blocks.0.norm':
    dict(decay_mult=0.0, lr_mult=0.1),
    'backbone.stages.3.blocks.1.norm':
    dict(decay_mult=0.0, lr_mult=0.1),
    'level_embed':
    dict(decay_mult=0.0, lr_mult=1.0),
    'query_embed':
    dict(decay_mult=0.0, lr_mult=1.0),
    'query_feat':
    dict(decay_mult=0.0, lr_mult=1.0),
    'relative_position_bias_table':
    dict(decay_mult=0.0, lr_mult=0.1)
})
data_preprocessor = dict(
    bgr_to_rgb=True,
    mean=[
        123.675,
        116.28,
        103.53,
    ],
    pad_val=0,
    seg_pad_val=255,
    size=(
        1024,
        1024,
    ),
    std=[
        58.395,
        57.12,
        57.375,
    ],
    test_cfg=dict(size_divisor=32),
    type='SegDataPreProcessor')
data_root = 'C:\\ghaf'
dataset_type = 'ADE20KDataset'
default_hooks = dict(
    checkpoint=dict(
        by_epoch=False, interval=3500, save_best='mIoU',
        type='CheckpointHook'),
    logger=dict(interval=50, log_metric_by_epoch=False, type='LoggerHook'),
    param_scheduler=dict(type='ParamSchedulerHook'),
    sampler_seed=dict(type='DistSamplerSeedHook'),
    timer=dict(type='IterTimerHook'),
    visualization=dict(type='SegVisualizationHook'))
default_scope = 'mmseg'
depths = [
    2,
    2,
    6,
    2,
]
embed_multi = dict(decay_mult=0.0, lr_mult=1.0)
env_cfg = dict(
    cudnn_benchmark=True,
    dist_cfg=dict(backend='nccl'),
    mp_cfg=dict(mp_start_method='fork', opencv_num_threads=0))
img_ratios = [
    0.5,
    0.75,
    1.0,
    1.25,
    1.5,
    1.75,
]
launcher = 'none'
load_from = 'G:\\experiments\\mmsegmentation\\work_dirs\\mask2former_swin-t_8xb2-160k_ade20k-512x512fast_all_data\\best_mIoU_iter_3500.pth'
log_level = 'INFO'
log_processor = dict(by_epoch=False)
model = dict(
    backbone=dict(
        resume=
        'https://docs-assets.developer.apple.com/ml-research/models/fastvit/image_classification_distilled_models/fastvit_ma36.pth.tar',
        type='fastvit_small'),
    data_preprocessor=dict(
        bgr_to_rgb=True,
        mean=[
            123.675,
            116.28,
            103.53,
        ],
        pad_val=0,
        seg_pad_val=255,
        size=(
            1024,
            1024,
        ),
        std=[
            58.395,
            57.12,
            57.375,
        ],
        test_cfg=dict(size_divisor=32),
        type='SegDataPreProcessor'),
    decode_head=dict(
        align_corners=False,
        enforce_decoder_input_project=False,
        feat_channels=256,
        in_channels=[
            76,
            152,
            304,
            608,
        ],
        loss_cls=dict(
            class_weight=[
                1.0,
                1.0,
                0.1,
            ],
            loss_weight=2.0,
            reduction='mean',
            type='mmdet.CrossEntropyLoss',
            use_sigmoid=False),
        loss_dice=dict(
            activate=True,
            eps=1.0,
            loss_weight=5.0,
            naive_dice=True,
            reduction='mean',
            type='mmdet.DiceLoss',
            use_sigmoid=True),
        loss_mask=dict(
            loss_weight=5.0,
            reduction='mean',
            type='mmdet.CrossEntropyLoss',
            use_sigmoid=True),
        num_classes=2,
        num_queries=100,
        num_transformer_feat_level=3,
        out_channels=256,
        pixel_decoder=dict(
            act_cfg=dict(type='ReLU'),
            encoder=dict(
                init_cfg=None,
                layer_cfg=dict(
                    ffn_cfg=dict(
                        act_cfg=dict(inplace=True, type='ReLU'),
                        embed_dims=256,
                        feedforward_channels=1024,
                        ffn_drop=0.0,
                        num_fcs=2),
                    self_attn_cfg=dict(
                        batch_first=True,
                        dropout=0.0,
                        embed_dims=256,
                        im2col_step=64,
                        init_cfg=None,
                        norm_cfg=None,
                        num_heads=8,
                        num_levels=3,
                        num_points=4)),
                num_layers=6),
            init_cfg=None,
            norm_cfg=dict(num_groups=32, type='GN'),
            num_outs=3,
            positional_encoding=dict(normalize=True, num_feats=128),
            type='mmdet.MSDeformAttnPixelDecoder'),
        positional_encoding=dict(normalize=True, num_feats=128),
        strides=[
            4,
            8,
            16,
            32,
        ],
        train_cfg=dict(
            assigner=dict(
                match_costs=[
                    dict(type='mmdet.ClassificationCost', weight=2.0),
                    dict(
                        type='mmdet.CrossEntropyLossCost',
                        use_sigmoid=True,
                        weight=5.0),
                    dict(
                        eps=1.0,
                        pred_act=True,
                        type='mmdet.DiceCost',
                        weight=5.0),
                ],
                type='mmdet.HungarianAssigner'),
            importance_sample_ratio=0.75,
            num_points=12544,
            oversample_ratio=3.0,
            sampler=dict(type='mmdet.MaskPseudoSampler')),
        transformer_decoder=dict(
            init_cfg=None,
            layer_cfg=dict(
                cross_attn_cfg=dict(
                    attn_drop=0.0,
                    batch_first=True,
                    dropout_layer=None,
                    embed_dims=256,
                    num_heads=8,
                    proj_drop=0.0),
                ffn_cfg=dict(
                    act_cfg=dict(inplace=True, type='ReLU'),
                    add_identity=True,
                    dropout_layer=None,
                    embed_dims=256,
                    feedforward_channels=2048,
                    ffn_drop=0.0,
                    num_fcs=2),
                self_attn_cfg=dict(
                    attn_drop=0.0,
                    batch_first=True,
                    dropout_layer=None,
                    embed_dims=256,
                    num_heads=8,
                    proj_drop=0.0)),
            num_layers=9,
            return_intermediate=True),
        type='Mask2FormerHead'),
    test_cfg=dict(mode='whole'),
    train_cfg=dict(),
    type='EncoderDecoder')
num_classes = 2
optim_wrapper = dict(
    clip_grad=dict(max_norm=0.01, norm_type=2),
    optimizer=dict(
        betas=(
            0.9,
            0.999,
        ),
        eps=1e-08,
        lr=0.0001,
        type='AdamW',
        weight_decay=0.05),
    paramwise_cfg=dict(
        custom_keys=dict({
            'absolute_pos_embed':
            dict(decay_mult=0.0, lr_mult=0.1),
            'backbone':
            dict(decay_mult=1.0, lr_mult=0.1),
            'backbone.norm':
            dict(decay_mult=0.0, lr_mult=0.1),
            'backbone.patch_embed.norm':
            dict(decay_mult=0.0, lr_mult=0.1),
            'backbone.stages.0.blocks.0.norm':
            dict(decay_mult=0.0, lr_mult=0.1),
            'backbone.stages.0.blocks.1.norm':
            dict(decay_mult=0.0, lr_mult=0.1),
            'backbone.stages.0.downsample.norm':
            dict(decay_mult=0.0, lr_mult=0.1),
            'backbone.stages.1.blocks.0.norm':
            dict(decay_mult=0.0, lr_mult=0.1),
            'backbone.stages.1.blocks.1.norm':
            dict(decay_mult=0.0, lr_mult=0.1),
            'backbone.stages.1.downsample.norm':
            dict(decay_mult=0.0, lr_mult=0.1),
            'backbone.stages.2.blocks.0.norm':
            dict(decay_mult=0.0, lr_mult=0.1),
            'backbone.stages.2.blocks.1.norm':
            dict(decay_mult=0.0, lr_mult=0.1),
            'backbone.stages.2.blocks.2.norm':
            dict(decay_mult=0.0, lr_mult=0.1),
            'backbone.stages.2.blocks.3.norm':
            dict(decay_mult=0.0, lr_mult=0.1),
            'backbone.stages.2.blocks.4.norm':
            dict(decay_mult=0.0, lr_mult=0.1),
            'backbone.stages.2.blocks.5.norm':
            dict(decay_mult=0.0, lr_mult=0.1),
            'backbone.stages.2.downsample.norm':
            dict(decay_mult=0.0, lr_mult=0.1),
            'backbone.stages.3.blocks.0.norm':
            dict(decay_mult=0.0, lr_mult=0.1),
            'backbone.stages.3.blocks.1.norm':
            dict(decay_mult=0.0, lr_mult=0.1),
            'level_embed':
            dict(decay_mult=0.0, lr_mult=1.0),
            'query_embed':
            dict(decay_mult=0.0, lr_mult=1.0),
            'query_feat':
            dict(decay_mult=0.0, lr_mult=1.0),
            'relative_position_bias_table':
            dict(decay_mult=0.0, lr_mult=0.1)
        }),
        norm_decay_mult=0.0),
    type='OptimWrapper')
optimizer = dict(
    betas=(
        0.9,
        0.999,
    ),
    eps=1e-08,
    lr=0.0001,
    type='AdamW',
    weight_decay=0.05)
param_scheduler = [
    dict(
        begin=0,
        by_epoch=False,
        end=160000,
        eta_min=0,
        power=0.9,
        type='PolyLR'),
]
pretrained = 'https://docs-assets.developer.apple.com/ml-research/models/fastvit/image_classification_distilled_models/fastvit_ma36.pth.tar'
resume = False
test_cfg = dict(type='TestLoop')
test_dataloader = dict(
    batch_size=1,
    dataset=dict(
        data_prefix=dict(
            img_path='validation/images',
            seg_map_path='validation/masks_refined'),
        data_root='C:\\ghaf',
        pipeline=[
            dict(type='LoadImageFromFile'),
            dict(reduce_zero_label=False, type='LoadAnnotations'),
            dict(type='PackSegInputs'),
        ],
        type='ADE20KDataset'),
    num_workers=2,
    persistent_workers=True,
    sampler=dict(shuffle=False, type='DefaultSampler'))
test_evaluator = dict(
    iou_metrics=[
        'mIoU',
    ], type='IoUMetric')
test_pipeline = [
    dict(type='LoadImageFromFile'),
    dict(reduce_zero_label=False, type='LoadAnnotations'),
    dict(type='PackSegInputs'),
]
train_cfg = dict(max_iters=160000, type='IterBasedTrainLoop', val_interval=3)
train_dataloader = dict(
    batch_size=2,
    dataset=dict(
        data_prefix=dict(
            img_path='training/images', seg_map_path='training/masks'),
        data_root='C:\\ghaf',
        pipeline=[
            dict(type='LoadImageFromFile'),
            dict(reduce_zero_label=False, type='LoadAnnotations'),
            dict(prob=0.5, type='RandomFlip'),
            dict(type='PackSegInputs'),
        ],
        type='ADE20KDataset'),
    num_workers=2,
    persistent_workers=True,
    sampler=dict(shuffle=True, type='InfiniteSampler'))
train_pipeline = [
    dict(type='LoadImageFromFile'),
    dict(reduce_zero_label=False, type='LoadAnnotations'),
    dict(prob=0.5, type='RandomFlip'),
    dict(type='PackSegInputs'),
]
tta_model = dict(type='SegTTAModel')
val_cfg = dict(type='ValLoop')
val_dataloader = dict(
    batch_size=1,
    dataset=dict(
        data_prefix=dict(
            img_path='validation/images',
            seg_map_path='validation/masks_refined'),
        data_root='C:\\ghaf',
        pipeline=[
            dict(type='LoadImageFromFile'),
            dict(reduce_zero_label=False, type='LoadAnnotations'),
            dict(type='PackSegInputs'),
        ],
        type='ADE20KDataset'),
    num_workers=2,
    persistent_workers=True,
    sampler=dict(shuffle=False, type='DefaultSampler'))
val_evaluator = dict(
    iou_metrics=[
        'mIoU',
    ], type='IoUMetric')
vis_backends = [
    dict(type='LocalVisBackend'),
]
visualizer = dict(
    name='visualizer',
    type='SegLocalVisualizer',
    vis_backends=[
        dict(type='LocalVisBackend'),
    ])
work_dir = './work_dirs\\mask2former_swin-t_8xb2-160k_ade20k-512x512fast_all_data'

2025/03/03 11:37:16 - mmengine - INFO - Distributed training is not used, all SyncBatchNorm (SyncBN) layers in the model will be automatically reverted to BatchNormXd layers if they are used.
2025/03/03 11:37:16 - mmengine - INFO - Hooks will be executed in the following order:
before_run:
(VERY_HIGH   ) RuntimeInfoHook                    
(BELOW_NORMAL) LoggerHook                         
 -------------------- 
before_train:
(VERY_HIGH   ) RuntimeInfoHook                    
(NORMAL      ) IterTimerHook                      
(VERY_LOW    ) CheckpointHook                     
 -------------------- 
before_train_epoch:
(VERY_HIGH   ) RuntimeInfoHook                    
(NORMAL      ) IterTimerHook                      
(NORMAL      ) DistSamplerSeedHook                
 -------------------- 
before_train_iter:
(VERY_HIGH   ) RuntimeInfoHook                    
(NORMAL      ) IterTimerHook                      
 -------------------- 
after_train_iter:
(VERY_HIGH   ) RuntimeInfoHook                    
(NORMAL      ) IterTimerHook                      
(BELOW_NORMAL) LoggerHook                         
(LOW         ) ParamSchedulerHook                 
(VERY_LOW    ) CheckpointHook                     
 -------------------- 
after_train_epoch:
(NORMAL      ) IterTimerHook                      
(LOW         ) ParamSchedulerHook                 
(VERY_LOW    ) CheckpointHook                     
 -------------------- 
before_val:
(VERY_HIGH   ) RuntimeInfoHook                    
 -------------------- 
before_val_epoch:
(NORMAL      ) IterTimerHook                      
 -------------------- 
before_val_iter:
(NORMAL      ) IterTimerHook                      
 -------------------- 
after_val_iter:
(NORMAL      ) IterTimerHook                      
(NORMAL      ) SegVisualizationHook               
(BELOW_NORMAL) LoggerHook                         
 -------------------- 
after_val_epoch:
(VERY_HIGH   ) RuntimeInfoHook                    
(NORMAL      ) IterTimerHook                      
(BELOW_NORMAL) LoggerHook                         
(LOW         ) ParamSchedulerHook                 
(VERY_LOW    ) CheckpointHook                     
 -------------------- 
after_val:
(VERY_HIGH   ) RuntimeInfoHook                    
 -------------------- 
after_train:
(VERY_HIGH   ) RuntimeInfoHook                    
(VERY_LOW    ) CheckpointHook                     
 -------------------- 
before_test:
(VERY_HIGH   ) RuntimeInfoHook                    
 -------------------- 
before_test_epoch:
(NORMAL      ) IterTimerHook                      
 -------------------- 
before_test_iter:
(NORMAL      ) IterTimerHook                      
 -------------------- 
after_test_iter:
(NORMAL      ) IterTimerHook                      
(NORMAL      ) SegVisualizationHook               
(BELOW_NORMAL) LoggerHook                         
 -------------------- 
after_test_epoch:
(VERY_HIGH   ) RuntimeInfoHook                    
(NORMAL      ) IterTimerHook                      
(BELOW_NORMAL) LoggerHook                         
 -------------------- 
after_test:
(VERY_HIGH   ) RuntimeInfoHook                    
 -------------------- 
after_run:
(BELOW_NORMAL) LoggerHook                         
 -------------------- 
2025/03/03 11:37:34 - mmengine - INFO - paramwise_options -- backbone.patch_embed.0.rbr_conv.0.conv.weight:lr=1e-05
2025/03/03 11:37:34 - mmengine - INFO - paramwise_options -- backbone.patch_embed.0.rbr_conv.0.conv.weight:weight_decay=0.05
2025/03/03 11:37:34 - mmengine - INFO - paramwise_options -- backbone.patch_embed.0.rbr_conv.0.conv.weight:lr_mult=0.1
2025/03/03 11:37:34 - mmengine - INFO - paramwise_options -- backbone.patch_embed.0.rbr_conv.0.conv.weight:decay_mult=1.0
2025/03/03 11:37:34 - mmengine - INFO - paramwise_options -- backbone.patch_embed.0.rbr_conv.0.bn.weight:lr=1e-05
2025/03/03 11:37:34 - mmengine - INFO - paramwise_options -- backbone.patch_embed.0.rbr_conv.0.bn.weight:weight_decay=0.05
2025/03/03 11:37:34 - mmengine - INFO - paramwise_options -- backbone.patch_embed.0.rbr_conv.0.bn.weight:lr_mult=0.1
2025/03/03 11:37:34 - mmengine - INFO - paramwise_options -- backbone.patch_embed.0.rbr_conv.0.bn.weight:decay_mult=1.0
2025/03/03 11:37:34 - mmengine - INFO - paramwise_options -- backbone.patch_embed.0.rbr_conv.0.bn.bias:lr=1e-05
2025/03/03 11:37:34 - mmengine - INFO - paramwise_options -- backbone.patch_embed.0.rbr_conv.0.bn.bias:weight_decay=0.05
2025/03/03 11:37:34 - mmengine - INFO - paramwise_options -- backbone.patch_embed.0.rbr_conv.0.bn.bias:lr_mult=0.1
2025/03/03 11:37:34 - mmengine - INFO - paramwise_options -- backbone.patch_embed.0.rbr_conv.0.bn.bias:decay_mult=1.0
2025/03/03 11:37:34 - mmengine - INFO - paramwise_options -- backbone.patch_embed.0.rbr_scale.conv.weight:lr=1e-05
2025/03/03 11:37:34 - mmengine - INFO - paramwise_options -- backbone.patch_embed.0.rbr_scale.conv.weight:weight_decay=0.05
2025/03/03 11:37:34 - mmengine - INFO - paramwise_options -- backbone.patch_embed.0.rbr_scale.conv.weight:lr_mult=0.1
2025/03/03 11:37:34 - mmengine - INFO - paramwise_options -- backbone.patch_embed.0.rbr_scale.conv.weight:decay_mult=1.0
2025/03/03 11:37:34 - mmengine - INFO - paramwise_options -- backbone.patch_embed.0.rbr_scale.bn.weight:lr=1e-05
2025/03/03 11:37:34 - mmengine - INFO - paramwise_options -- backbone.patch_embed.0.rbr_scale.bn.weight:weight_decay=0.05
2025/03/03 11:37:34 - mmengine - INFO - paramwise_options -- backbone.patch_embed.0.rbr_scale.bn.weight:lr_mult=0.1
2025/03/03 11:37:34 - mmengine - INFO - paramwise_options -- backbone.patch_embed.0.rbr_scale.bn.weight:decay_mult=1.0
2025/03/03 11:37:34 - mmengine - INFO - paramwise_options -- backbone.patch_embed.0.rbr_scale.bn.bias:lr=1e-05
2025/03/03 11:37:34 - mmengine - INFO - paramwise_options -- backbone.patch_embed.0.rbr_scale.bn.bias:weight_decay=0.05
2025/03/03 11:37:34 - mmengine - INFO - paramwise_options -- backbone.patch_embed.0.rbr_scale.bn.bias:lr_mult=0.1
2025/03/03 11:37:34 - mmengine - INFO - paramwise_options -- backbone.patch_embed.0.rbr_scale.bn.bias:decay_mult=1.0
2025/03/03 11:37:34 - mmengine - INFO - paramwise_options -- backbone.patch_embed.1.rbr_conv.0.conv.weight:lr=1e-05
2025/03/03 11:37:34 - mmengine - INFO - paramwise_options -- backbone.patch_embed.1.rbr_conv.0.conv.weight:weight_decay=0.05
2025/03/03 11:37:34 - mmengine - INFO - paramwise_options -- backbone.patch_embed.1.rbr_conv.0.conv.weight:lr_mult=0.1
2025/03/03 11:37:34 - mmengine - INFO - paramwise_options -- backbone.patch_embed.1.rbr_conv.0.conv.weight:decay_mult=1.0
2025/03/03 11:37:34 - mmengine - INFO - paramwise_options -- backbone.patch_embed.1.rbr_conv.0.bn.weight:lr=1e-05
2025/03/03 11:37:34 - mmengine - INFO - paramwise_options -- backbone.patch_embed.1.rbr_conv.0.bn.weight:weight_decay=0.05
2025/03/03 11:37:34 - mmengine - INFO - paramwise_options -- backbone.patch_embed.1.rbr_conv.0.bn.weight:lr_mult=0.1
2025/03/03 11:37:34 - mmengine - INFO - paramwise_options -- backbone.patch_embed.1.rbr_conv.0.bn.weight:decay_mult=1.0
2025/03/03 11:37:34 - mmengine - INFO - paramwise_options -- backbone.patch_embed.1.rbr_conv.0.bn.bias:lr=1e-05
2025/03/03 11:37:34 - mmengine - INFO - paramwise_options -- backbone.patch_embed.1.rbr_conv.0.bn.bias:weight_decay=0.05
2025/03/03 11:37:34 - mmengine - INFO - paramwise_options -- backbone.patch_embed.1.rbr_conv.0.bn.bias:lr_mult=0.1
2025/03/03 11:37:34 - mmengine - INFO - paramwise_options -- backbone.patch_embed.1.rbr_conv.0.bn.bias:decay_mult=1.0
2025/03/03 11:37:34 - mmengine - INFO - paramwise_options -- backbone.patch_embed.1.rbr_scale.conv.weight:lr=1e-05
2025/03/03 11:37:34 - mmengine - INFO - paramwise_options -- backbone.patch_embed.1.rbr_scale.conv.weight:weight_decay=0.05
2025/03/03 11:37:34 - mmengine - INFO - paramwise_options -- backbone.patch_embed.1.rbr_scale.conv.weight:lr_mult=0.1
2025/03/03 11:37:34 - mmengine - INFO - paramwise_options -- backbone.patch_embed.1.rbr_scale.conv.weight:decay_mult=1.0
2025/03/03 11:37:34 - mmengine - INFO - paramwise_options -- backbone.patch_embed.1.rbr_scale.bn.weight:lr=1e-05
2025/03/03 11:37:34 - mmengine - INFO - paramwise_options -- backbone.patch_embed.1.rbr_scale.bn.weight:weight_decay=0.05
2025/03/03 11:37:34 - mmengine - INFO - paramwise_options -- backbone.patch_embed.1.rbr_scale.bn.weight:lr_mult=0.1
2025/03/03 11:37:34 - mmengine - INFO - paramwise_options -- backbone.patch_embed.1.rbr_scale.bn.weight:decay_mult=1.0
2025/03/03 11:37:34 - mmengine - INFO - paramwise_options -- backbone.patch_embed.1.rbr_scale.bn.bias:lr=1e-05
2025/03/03 11:37:34 - mmengine - INFO - paramwise_options -- backbone.patch_embed.1.rbr_scale.bn.bias:weight_decay=0.05
2025/03/03 11:37:34 - mmengine - INFO - paramwise_options -- backbone.patch_embed.1.rbr_scale.bn.bias:lr_mult=0.1
2025/03/03 11:37:34 - mmengine - INFO - paramwise_options -- backbone.patch_embed.1.rbr_scale.bn.bias:decay_mult=1.0
2025/03/03 11:37:34 - mmengine - INFO - paramwise_options -- backbone.patch_embed.2.rbr_skip.weight:lr=1e-05
2025/03/03 11:37:34 - mmengine - INFO - paramwise_options -- backbone.patch_embed.2.rbr_skip.weight:weight_decay=0.05
2025/03/03 11:37:34 - mmengine - INFO - paramwise_options -- backbone.patch_embed.2.rbr_skip.weight:lr_mult=0.1
2025/03/03 11:37:34 - mmengine - INFO - paramwise_options -- backbone.patch_embed.2.rbr_skip.weight:decay_mult=1.0
2025/03/03 11:37:35 - mmengine - INFO - paramwise_options -- backbone.patch_embed.2.rbr_skip.bias:lr=1e-05
2025/03/03 11:37:35 - mmengine - INFO - paramwise_options -- backbone.patch_embed.2.rbr_skip.bias:weight_decay=0.05
2025/03/03 11:37:35 - mmengine - INFO - paramwise_options -- backbone.patch_embed.2.rbr_skip.bias:lr_mult=0.1
2025/03/03 11:37:35 - mmengine - INFO - paramwise_options -- backbone.patch_embed.2.rbr_skip.bias:decay_mult=1.0
2025/03/03 11:37:35 - mmengine - INFO - paramwise_options -- backbone.patch_embed.2.rbr_conv.0.conv.weight:lr=1e-05
2025/03/03 11:37:35 - mmengine - INFO - paramwise_options -- backbone.patch_embed.2.rbr_conv.0.conv.weight:weight_decay=0.05
2025/03/03 11:37:35 - mmengine - INFO - paramwise_options -- backbone.patch_embed.2.rbr_conv.0.conv.weight:lr_mult=0.1
2025/03/03 11:37:35 - mmengine - INFO - paramwise_options -- backbone.patch_embed.2.rbr_conv.0.conv.weight:decay_mult=1.0
2025/03/03 11:37:35 - mmengine - INFO - paramwise_options -- backbone.patch_embed.2.rbr_conv.0.bn.weight:lr=1e-05
2025/03/03 11:37:35 - mmengine - INFO - paramwise_options -- backbone.patch_embed.2.rbr_conv.0.bn.weight:weight_decay=0.05
2025/03/03 11:37:35 - mmengine - INFO - paramwise_options -- backbone.patch_embed.2.rbr_conv.0.bn.weight:lr_mult=0.1
2025/03/03 11:37:35 - mmengine - INFO - paramwise_options -- backbone.patch_embed.2.rbr_conv.0.bn.weight:decay_mult=1.0
2025/03/03 11:37:35 - mmengine - INFO - paramwise_options -- backbone.patch_embed.2.rbr_conv.0.bn.bias:lr=1e-05
2025/03/03 11:37:35 - mmengine - INFO - paramwise_options -- backbone.patch_embed.2.rbr_conv.0.bn.bias:weight_decay=0.05
2025/03/03 11:37:35 - mmengine - INFO - paramwise_options -- backbone.patch_embed.2.rbr_conv.0.bn.bias:lr_mult=0.1
2025/03/03 11:37:35 - mmengine - INFO - paramwise_options -- backbone.patch_embed.2.rbr_conv.0.bn.bias:decay_mult=1.0
2025/03/03 11:37:35 - mmengine - INFO - paramwise_options -- backbone.network.0.0.layer_scale:lr=1e-05
2025/03/03 11:37:35 - mmengine - INFO - paramwise_options -- backbone.network.0.0.layer_scale:weight_decay=0.05
2025/03/03 11:37:35 - mmengine - INFO - paramwise_options -- backbone.network.0.0.layer_scale:lr_mult=0.1
2025/03/03 11:37:35 - mmengine - INFO - paramwise_options -- backbone.network.0.0.layer_scale:decay_mult=1.0
2025/03/03 11:37:35 - mmengine - INFO - paramwise_options -- backbone.network.0.0.token_mixer.layer_scale:lr=1e-05
2025/03/03 11:37:35 - mmengine - INFO - paramwise_options -- backbone.network.0.0.token_mixer.layer_scale:weight_decay=0.05
2025/03/03 11:37:35 - mmengine - INFO - paramwise_options -- backbone.network.0.0.token_mixer.layer_scale:lr_mult=0.1
2025/03/03 11:37:35 - mmengine - INFO - paramwise_options -- backbone.network.0.0.token_mixer.layer_scale:decay_mult=1.0
2025/03/03 11:37:35 - mmengine - INFO - paramwise_options -- backbone.network.0.0.token_mixer.norm.rbr_skip.weight:lr=1e-05
2025/03/03 11:37:35 - mmengine - INFO - paramwise_options -- backbone.network.0.0.token_mixer.norm.rbr_skip.weight:weight_decay=0.05
2025/03/03 11:37:35 - mmengine - INFO - paramwise_options -- backbone.network.0.0.token_mixer.norm.rbr_skip.weight:lr_mult=0.1
2025/03/03 11:37:35 - mmengine - INFO - paramwise_options -- backbone.network.0.0.token_mixer.norm.rbr_skip.weight:decay_mult=1.0
2025/03/03 11:37:35 - mmengine - INFO - paramwise_options -- backbone.network.0.0.token_mixer.norm.rbr_skip.bias:lr=1e-05
2025/03/03 11:37:35 - mmengine - INFO - paramwise_options -- backbone.network.0.0.token_mixer.norm.rbr_skip.bias:weight_decay=0.05
2025/03/03 11:37:35 - mmengine - INFO - paramwise_options -- backbone.network.0.0.token_mixer.norm.rbr_skip.bias:lr_mult=0.1
2025/03/03 11:37:35 - mmengine - INFO - paramwise_options -- backbone.network.0.0.token_mixer.norm.rbr_skip.bias:decay_mult=1.0
2025/03/03 11:37:35 - mmengine - INFO - paramwise_options -- backbone.network.0.0.token_mixer.mixer.rbr_skip.weight:lr=1e-05
2025/03/03 11:37:35 - mmengine - INFO - paramwise_options -- backbone.network.0.0.token_mixer.mixer.rbr_skip.weight:weight_decay=0.05
2025/03/03 11:37:35 - mmengine - INFO - paramwise_options -- backbone.network.0.0.token_mixer.mixer.rbr_skip.weight:lr_mult=0.1
2025/03/03 11:37:35 - mmengine - INFO - paramwise_options -- backbone.network.0.0.token_mixer.mixer.rbr_skip.weight:decay_mult=1.0
2025/03/03 11:37:35 - mmengine - INFO - paramwise_options -- backbone.network.0.0.token_mixer.mixer.rbr_skip.bias:lr=1e-05
2025/03/03 11:37:35 - mmengine - INFO - paramwise_options -- backbone.network.0.0.token_mixer.mixer.rbr_skip.bias:weight_decay=0.05
2025/03/03 11:37:35 - mmengine - INFO - paramwise_options -- backbone.network.0.0.token_mixer.mixer.rbr_skip.bias:lr_mult=0.1
2025/03/03 11:37:35 - mmengine - INFO - paramwise_options -- backbone.network.0.0.token_mixer.mixer.rbr_skip.bias:decay_mult=1.0
2025/03/03 11:37:35 - mmengine - INFO - paramwise_options -- backbone.network.0.0.token_mixer.mixer.rbr_conv.0.conv.weight:lr=1e-05
2025/03/03 11:37:35 - mmengine - INFO - paramwise_options -- backbone.network.0.0.token_mixer.mixer.rbr_conv.0.conv.weight:weight_decay=0.05
2025/03/03 11:37:35 - mmengine - INFO - paramwise_options -- backbone.network.0.0.token_mixer.mixer.rbr_conv.0.conv.weight:lr_mult=0.1
2025/03/03 11:37:35 - mmengine - INFO - paramwise_options -- backbone.network.0.0.token_mixer.mixer.rbr_conv.0.conv.weight:decay_mult=1.0
2025/03/03 11:37:35 - mmengine - INFO - paramwise_options -- backbone.network.0.0.token_mixer.mixer.rbr_conv.0.bn.weight:lr=1e-05
2025/03/03 11:37:35 - mmengine - INFO - paramwise_options -- backbone.network.0.0.token_mixer.mixer.rbr_conv.0.bn.weight:weight_decay=0.05
2025/03/03 11:37:35 - mmengine - INFO - paramwise_options -- backbone.network.0.0.token_mixer.mixer.rbr_conv.0.bn.weight:lr_mult=0.1
2025/03/03 11:37:35 - mmengine - INFO - paramwise_options -- backbone.network.0.0.token_mixer.mixer.rbr_conv.0.bn.weight:decay_mult=1.0
2025/03/03 11:37:35 - mmengine - INFO - paramwise_options -- backbone.network.0.0.token_mixer.mixer.rbr_conv.0.bn.bias:lr=1e-05
2025/03/03 11:37:35 - mmengine - INFO - paramwise_options -- backbone.network.0.0.token_mixer.mixer.rbr_conv.0.bn.bias:weight_decay=0.05
2025/03/03 11:37:35 - mmengine - INFO - paramwise_options -- backbone.network.0.0.token_mixer.mixer.rbr_conv.0.bn.bias:lr_mult=0.1
2025/03/03 11:37:35 - mmengine - INFO - paramwise_options -- backbone.network.0.0.token_mixer.mixer.rbr_conv.0.bn.bias:decay_mult=1.0
2025/03/03 11:37:35 - mmengine - INFO - paramwise_options -- backbone.network.0.0.token_mixer.mixer.rbr_scale.conv.weight:lr=1e-05
2025/03/03 11:37:35 - mmengine - INFO - paramwise_options -- backbone.network.0.0.token_mixer.mixer.rbr_scale.conv.weight:weight_decay=0.05
2025/03/03 11:37:35 - mmengine - INFO - paramwise_options -- backbone.network.0.0.token_mixer.mixer.rbr_scale.conv.weight:lr_mult=0.1
2025/03/03 11:37:35 - mmengine - INFO - paramwise_options -- backbone.network.0.0.token_mixer.mixer.rbr_scale.conv.weight:decay_mult=1.0
2025/03/03 11:37:35 - mmengine - INFO - paramwise_options -- backbone.network.0.0.token_mixer.mixer.rbr_scale.bn.weight:lr=1e-05
2025/03/03 11:37:35 - mmengine - INFO - paramwise_options -- backbone.network.0.0.token_mixer.mixer.rbr_scale.bn.weight:weight_decay=0.05
2025/03/03 11:37:35 - mmengine - INFO - paramwise_options -- backbone.network.0.0.token_mixer.mixer.rbr_scale.bn.weight:lr_mult=0.1
2025/03/03 11:37:35 - mmengine - INFO - paramwise_options -- backbone.network.0.0.token_mixer.mixer.rbr_scale.bn.weight:decay_mult=1.0
2025/03/03 11:37:35 - mmengine - INFO - paramwise_options -- backbone.network.0.0.token_mixer.mixer.rbr_scale.bn.bias:lr=1e-05
2025/03/03 11:37:35 - mmengine - INFO - paramwise_options -- backbone.network.0.0.token_mixer.mixer.rbr_scale.bn.bias:weight_decay=0.05
2025/03/03 11:37:35 - mmengine - INFO - paramwise_options -- backbone.network.0.0.token_mixer.mixer.rbr_scale.bn.bias:lr_mult=0.1
2025/03/03 11:37:35 - mmengine - INFO - paramwise_options -- backbone.network.0.0.token_mixer.mixer.rbr_scale.bn.bias:decay_mult=1.0
2025/03/03 11:37:35 - mmengine - INFO - paramwise_options -- backbone.network.0.0.convffn.conv.conv.weight:lr=1e-05
2025/03/03 11:37:35 - mmengine - INFO - paramwise_options -- backbone.network.0.0.convffn.conv.conv.weight:weight_decay=0.05
2025/03/03 11:37:35 - mmengine - INFO - paramwise_options -- backbone.network.0.0.convffn.conv.conv.weight:lr_mult=0.1
2025/03/03 11:37:35 - mmengine - INFO - paramwise_options -- backbone.network.0.0.convffn.conv.conv.weight:decay_mult=1.0
2025/03/03 11:37:35 - mmengine - INFO - paramwise_options -- backbone.network.0.0.convffn.conv.bn.weight:lr=1e-05
2025/03/03 11:37:35 - mmengine - INFO - paramwise_options -- backbone.network.0.0.convffn.conv.bn.weight:weight_decay=0.05
2025/03/03 11:37:35 - mmengine - INFO - paramwise_options -- backbone.network.0.0.convffn.conv.bn.weight:lr_mult=0.1
2025/03/03 11:37:35 - mmengine - INFO - paramwise_options -- backbone.network.0.0.convffn.conv.bn.weight:decay_mult=1.0
2025/03/03 11:37:35 - mmengine - INFO - paramwise_options -- backbone.network.0.0.convffn.conv.bn.bias:lr=1e-05
2025/03/03 11:37:35 - mmengine - INFO - paramwise_options -- backbone.network.0.0.convffn.conv.bn.bias:weight_decay=0.05
2025/03/03 11:37:35 - mmengine - INFO - paramwise_options -- backbone.network.0.0.convffn.conv.bn.bias:lr_mult=0.1
2025/03/03 11:37:35 - mmengine - INFO - paramwise_options -- backbone.network.0.0.convffn.conv.bn.bias:decay_mult=1.0
2025/03/03 11:37:35 - mmengine - INFO - paramwise_options -- backbone.network.0.0.convffn.fc1.weight:lr=1e-05
2025/03/03 11:37:35 - mmengine - INFO - paramwise_options -- backbone.network.0.0.convffn.fc1.weight:weight_decay=0.05
2025/03/03 11:37:35 - mmengine - INFO - paramwise_options -- backbone.network.0.0.convffn.fc1.weight:lr_mult=0.1
2025/03/03 11:37:35 - mmengine - INFO - paramwise_options -- backbone.network.0.0.convffn.fc1.weight:decay_mult=1.0
2025/03/03 11:37:35 - mmengine - INFO - paramwise_options -- backbone.network.0.0.convffn.fc1.bias:lr=1e-05
2025/03/03 11:37:35 - mmengine - INFO - paramwise_options -- backbone.network.0.0.convffn.fc1.bias:weight_decay=0.05
2025/03/03 11:37:35 - mmengine - INFO - paramwise_options -- backbone.network.0.0.convffn.fc1.bias:lr_mult=0.1
2025/03/03 11:37:35 - mmengine - INFO - paramwise_options -- backbone.network.0.0.convffn.fc1.bias:decay_mult=1.0
2025/03/03 11:37:35 - mmengine - INFO - paramwise_options -- backbone.network.0.0.convffn.fc2.weight:lr=1e-05
2025/03/03 11:37:35 - mmengine - INFO - paramwise_options -- backbone.network.0.0.convffn.fc2.weight:weight_decay=0.05
2025/03/03 11:37:35 - mmengine - INFO - paramwise_options -- backbone.network.0.0.convffn.fc2.weight:lr_mult=0.1
2025/03/03 11:37:35 - mmengine - INFO - paramwise_options -- backbone.network.0.0.convffn.fc2.weight:decay_mult=1.0
2025/03/03 11:37:35 - mmengine - INFO - paramwise_options -- backbone.network.0.0.convffn.fc2.bias:lr=1e-05
2025/03/03 11:37:35 - mmengine - INFO - paramwise_options -- backbone.network.0.0.convffn.fc2.bias:weight_decay=0.05
2025/03/03 11:37:35 - mmengine - INFO - paramwise_options -- backbone.network.0.0.convffn.fc2.bias:lr_mult=0.1
2025/03/03 11:37:35 - mmengine - INFO - paramwise_options -- backbone.network.0.0.convffn.fc2.bias:decay_mult=1.0
2025/03/03 11:37:35 - mmengine - INFO - paramwise_options -- backbone.network.0.1.layer_scale:lr=1e-05
2025/03/03 11:37:35 - mmengine - INFO - paramwise_options -- backbone.network.0.1.layer_scale:weight_decay=0.05
2025/03/03 11:37:35 - mmengine - INFO - paramwise_options -- backbone.network.0.1.layer_scale:lr_mult=0.1
2025/03/03 11:37:35 - mmengine - INFO - paramwise_options -- backbone.network.0.1.layer_scale:decay_mult=1.0
2025/03/03 11:37:35 - mmengine - INFO - paramwise_options -- backbone.network.0.1.token_mixer.layer_scale:lr=1e-05
2025/03/03 11:37:35 - mmengine - INFO - paramwise_options -- backbone.network.0.1.token_mixer.layer_scale:weight_decay=0.05
2025/03/03 11:37:35 - mmengine - INFO - paramwise_options -- backbone.network.0.1.token_mixer.layer_scale:lr_mult=0.1
2025/03/03 11:37:35 - mmengine - INFO - paramwise_options -- backbone.network.0.1.token_mixer.layer_scale:decay_mult=1.0
2025/03/03 11:37:35 - mmengine - INFO - paramwise_options -- backbone.network.0.1.token_mixer.norm.rbr_skip.weight:lr=1e-05
2025/03/03 11:37:35 - mmengine - INFO - paramwise_options -- backbone.network.0.1.token_mixer.norm.rbr_skip.weight:weight_decay=0.05
2025/03/03 11:37:35 - mmengine - INFO - paramwise_options -- backbone.network.0.1.token_mixer.norm.rbr_skip.weight:lr_mult=0.1
2025/03/03 11:37:35 - mmengine - INFO - paramwise_options -- backbone.network.0.1.token_mixer.norm.rbr_skip.weight:decay_mult=1.0
2025/03/03 11:37:35 - mmengine - INFO - paramwise_options -- backbone.network.0.1.token_mixer.norm.rbr_skip.bias:lr=1e-05
2025/03/03 11:37:35 - mmengine - INFO - paramwise_options -- backbone.network.0.1.token_mixer.norm.rbr_skip.bias:weight_decay=0.05
2025/03/03 11:37:35 - mmengine - INFO - paramwise_options -- backbone.network.0.1.token_mixer.norm.rbr_skip.bias:lr_mult=0.1
2025/03/03 11:37:35 - mmengine - INFO - paramwise_options -- backbone.network.0.1.token_mixer.norm.rbr_skip.bias:decay_mult=1.0
2025/03/03 11:37:35 - mmengine - INFO - paramwise_options -- backbone.network.0.1.token_mixer.mixer.rbr_skip.weight:lr=1e-05
2025/03/03 11:37:35 - mmengine - INFO - paramwise_options -- backbone.network.0.1.token_mixer.mixer.rbr_skip.weight:weight_decay=0.05
2025/03/03 11:37:35 - mmengine - INFO - paramwise_options -- backbone.network.0.1.token_mixer.mixer.rbr_skip.weight:lr_mult=0.1
2025/03/03 11:37:35 - mmengine - INFO - paramwise_options -- backbone.network.0.1.token_mixer.mixer.rbr_skip.weight:decay_mult=1.0
2025/03/03 11:37:35 - mmengine - INFO - paramwise_options -- backbone.network.0.1.token_mixer.mixer.rbr_skip.bias:lr=1e-05
2025/03/03 11:37:35 - mmengine - INFO - paramwise_options -- backbone.network.0.1.token_mixer.mixer.rbr_skip.bias:weight_decay=0.05
2025/03/03 11:37:35 - mmengine - INFO - paramwise_options -- backbone.network.0.1.token_mixer.mixer.rbr_skip.bias:lr_mult=0.1
2025/03/03 11:37:35 - mmengine - INFO - paramwise_options -- backbone.network.0.1.token_mixer.mixer.rbr_skip.bias:decay_mult=1.0
2025/03/03 11:37:35 - mmengine - INFO - paramwise_options -- backbone.network.0.1.token_mixer.mixer.rbr_conv.0.conv.weight:lr=1e-05
2025/03/03 11:37:35 - mmengine - INFO - paramwise_options -- backbone.network.0.1.token_mixer.mixer.rbr_conv.0.conv.weight:weight_decay=0.05
2025/03/03 11:37:35 - mmengine - INFO - paramwise_options -- backbone.network.0.1.token_mixer.mixer.rbr_conv.0.conv.weight:lr_mult=0.1
2025/03/03 11:37:35 - mmengine - INFO - paramwise_options -- backbone.network.0.1.token_mixer.mixer.rbr_conv.0.conv.weight:decay_mult=1.0
2025/03/03 11:37:35 - mmengine - INFO - paramwise_options -- backbone.network.0.1.token_mixer.mixer.rbr_conv.0.bn.weight:lr=1e-05
2025/03/03 11:37:35 - mmengine - INFO - paramwise_options -- backbone.network.0.1.token_mixer.mixer.rbr_conv.0.bn.weight:weight_decay=0.05
2025/03/03 11:37:35 - mmengine - INFO - paramwise_options -- backbone.network.0.1.token_mixer.mixer.rbr_conv.0.bn.weight:lr_mult=0.1
2025/03/03 11:37:35 - mmengine - INFO - paramwise_options -- backbone.network.0.1.token_mixer.mixer.rbr_conv.0.bn.weight:decay_mult=1.0
2025/03/03 11:37:35 - mmengine - INFO - paramwise_options -- backbone.network.0.1.token_mixer.mixer.rbr_conv.0.bn.bias:lr=1e-05
2025/03/03 11:37:35 - mmengine - INFO - paramwise_options -- backbone.network.0.1.token_mixer.mixer.rbr_conv.0.bn.bias:weight_decay=0.05
2025/03/03 11:37:35 - mmengine - INFO - paramwise_options -- backbone.network.0.1.token_mixer.mixer.rbr_conv.0.bn.bias:lr_mult=0.1
2025/03/03 11:37:35 - mmengine - INFO - paramwise_options -- backbone.network.0.1.token_mixer.mixer.rbr_conv.0.bn.bias:decay_mult=1.0
2025/03/03 11:37:35 - mmengine - INFO - paramwise_options -- backbone.network.0.1.token_mixer.mixer.rbr_scale.conv.weight:lr=1e-05
2025/03/03 11:37:35 - mmengine - INFO - paramwise_options -- backbone.network.0.1.token_mixer.mixer.rbr_scale.conv.weight:weight_decay=0.05
2025/03/03 11:37:35 - mmengine - INFO - paramwise_options -- backbone.network.0.1.token_mixer.mixer.rbr_scale.conv.weight:lr_mult=0.1
2025/03/03 11:37:35 - mmengine - INFO - paramwise_options -- backbone.network.0.1.token_mixer.mixer.rbr_scale.conv.weight:decay_mult=1.0
2025/03/03 11:37:35 - mmengine - INFO - paramwise_options -- backbone.network.0.1.token_mixer.mixer.rbr_scale.bn.weight:lr=1e-05
2025/03/03 11:37:35 - mmengine - INFO - paramwise_options -- backbone.network.0.1.token_mixer.mixer.rbr_scale.bn.weight:weight_decay=0.05
2025/03/03 11:37:35 - mmengine - INFO - paramwise_options -- backbone.network.0.1.token_mixer.mixer.rbr_scale.bn.weight:lr_mult=0.1
2025/03/03 11:37:35 - mmengine - INFO - paramwise_options -- backbone.network.0.1.token_mixer.mixer.rbr_scale.bn.weight:decay_mult=1.0
2025/03/03 11:37:35 - mmengine - INFO - paramwise_options -- backbone.network.0.1.token_mixer.mixer.rbr_scale.bn.bias:lr=1e-05
2025/03/03 11:37:35 - mmengine - INFO - paramwise_options -- backbone.network.0.1.token_mixer.mixer.rbr_scale.bn.bias:weight_decay=0.05
2025/03/03 11:37:35 - mmengine - INFO - paramwise_options -- backbone.network.0.1.token_mixer.mixer.rbr_scale.bn.bias:lr_mult=0.1
2025/03/03 11:37:35 - mmengine - INFO - paramwise_options -- backbone.network.0.1.token_mixer.mixer.rbr_scale.bn.bias:decay_mult=1.0
2025/03/03 11:37:35 - mmengine - INFO - paramwise_options -- backbone.network.0.1.convffn.conv.conv.weight:lr=1e-05
2025/03/03 11:37:35 - mmengine - INFO - paramwise_options -- backbone.network.0.1.convffn.conv.conv.weight:weight_decay=0.05
2025/03/03 11:37:35 - mmengine - INFO - paramwise_options -- backbone.network.0.1.convffn.conv.conv.weight:lr_mult=0.1
2025/03/03 11:37:35 - mmengine - INFO - paramwise_options -- backbone.network.0.1.convffn.conv.conv.weight:decay_mult=1.0
2025/03/03 11:37:35 - mmengine - INFO - paramwise_options -- backbone.network.0.1.convffn.conv.bn.weight:lr=1e-05
2025/03/03 11:37:35 - mmengine - INFO - paramwise_options -- backbone.network.0.1.convffn.conv.bn.weight:weight_decay=0.05
2025/03/03 11:37:35 - mmengine - INFO - paramwise_options -- backbone.network.0.1.convffn.conv.bn.weight:lr_mult=0.1
2025/03/03 11:37:35 - mmengine - INFO - paramwise_options -- backbone.network.0.1.convffn.conv.bn.weight:decay_mult=1.0
2025/03/03 11:37:35 - mmengine - INFO - paramwise_options -- backbone.network.0.1.convffn.conv.bn.bias:lr=1e-05
2025/03/03 11:37:35 - mmengine - INFO - paramwise_options -- backbone.network.0.1.convffn.conv.bn.bias:weight_decay=0.05
2025/03/03 11:37:35 - mmengine - INFO - paramwise_options -- backbone.network.0.1.convffn.conv.bn.bias:lr_mult=0.1
2025/03/03 11:37:35 - mmengine - INFO - paramwise_options -- backbone.network.0.1.convffn.conv.bn.bias:decay_mult=1.0
2025/03/03 11:37:35 - mmengine - INFO - paramwise_options -- backbone.network.0.1.convffn.fc1.weight:lr=1e-05
2025/03/03 11:37:35 - mmengine - INFO - paramwise_options -- backbone.network.0.1.convffn.fc1.weight:weight_decay=0.05
2025/03/03 11:37:35 - mmengine - INFO - paramwise_options -- backbone.network.0.1.convffn.fc1.weight:lr_mult=0.1
2025/03/03 11:37:35 - mmengine - INFO - paramwise_options -- backbone.network.0.1.convffn.fc1.weight:decay_mult=1.0
2025/03/03 11:37:35 - mmengine - INFO - paramwise_options -- backbone.network.0.1.convffn.fc1.bias:lr=1e-05
2025/03/03 11:37:35 - mmengine - INFO - paramwise_options -- backbone.network.0.1.convffn.fc1.bias:weight_decay=0.05
2025/03/03 11:37:35 - mmengine - INFO - paramwise_options -- backbone.network.0.1.convffn.fc1.bias:lr_mult=0.1
2025/03/03 11:37:35 - mmengine - INFO - paramwise_options -- backbone.network.0.1.convffn.fc1.bias:decay_mult=1.0
2025/03/03 11:37:35 - mmengine - INFO - paramwise_options -- backbone.network.0.1.convffn.fc2.weight:lr=1e-05
2025/03/03 11:37:35 - mmengine - INFO - paramwise_options -- backbone.network.0.1.convffn.fc2.weight:weight_decay=0.05
2025/03/03 11:37:35 - mmengine - INFO - paramwise_options -- backbone.network.0.1.convffn.fc2.weight:lr_mult=0.1
2025/03/03 11:37:35 - mmengine - INFO - paramwise_options -- backbone.network.0.1.convffn.fc2.weight:decay_mult=1.0
2025/03/03 11:37:35 - mmengine - INFO - paramwise_options -- backbone.network.0.1.convffn.fc2.bias:lr=1e-05
2025/03/03 11:37:35 - mmengine - INFO - paramwise_options -- backbone.network.0.1.convffn.fc2.bias:weight_decay=0.05
2025/03/03 11:37:35 - mmengine - INFO - paramwise_options -- backbone.network.0.1.convffn.fc2.bias:lr_mult=0.1
2025/03/03 11:37:35 - mmengine - INFO - paramwise_options -- backbone.network.0.1.convffn.fc2.bias:decay_mult=1.0
2025/03/03 11:37:35 - mmengine - INFO - paramwise_options -- backbone.network.0.2.layer_scale:lr=1e-05
2025/03/03 11:37:35 - mmengine - INFO - paramwise_options -- backbone.network.0.2.layer_scale:weight_decay=0.05
2025/03/03 11:37:35 - mmengine - INFO - paramwise_options -- backbone.network.0.2.layer_scale:lr_mult=0.1
2025/03/03 11:37:35 - mmengine - INFO - paramwise_options -- backbone.network.0.2.layer_scale:decay_mult=1.0
2025/03/03 11:37:35 - mmengine - INFO - paramwise_options -- backbone.network.0.2.token_mixer.layer_scale:lr=1e-05
2025/03/03 11:37:35 - mmengine - INFO - paramwise_options -- backbone.network.0.2.token_mixer.layer_scale:weight_decay=0.05
2025/03/03 11:37:35 - mmengine - INFO - paramwise_options -- backbone.network.0.2.token_mixer.layer_scale:lr_mult=0.1
2025/03/03 11:37:35 - mmengine - INFO - paramwise_options -- backbone.network.0.2.token_mixer.layer_scale:decay_mult=1.0
2025/03/03 11:37:35 - mmengine - INFO - paramwise_options -- backbone.network.0.2.token_mixer.norm.rbr_skip.weight:lr=1e-05
2025/03/03 11:37:35 - mmengine - INFO - paramwise_options -- backbone.network.0.2.token_mixer.norm.rbr_skip.weight:weight_decay=0.05
2025/03/03 11:37:35 - mmengine - INFO - paramwise_options -- backbone.network.0.2.token_mixer.norm.rbr_skip.weight:lr_mult=0.1
2025/03/03 11:37:35 - mmengine - INFO - paramwise_options -- backbone.network.0.2.token_mixer.norm.rbr_skip.weight:decay_mult=1.0
2025/03/03 11:37:35 - mmengine - INFO - paramwise_options -- backbone.network.0.2.token_mixer.norm.rbr_skip.bias:lr=1e-05
2025/03/03 11:37:35 - mmengine - INFO - paramwise_options -- backbone.network.0.2.token_mixer.norm.rbr_skip.bias:weight_decay=0.05
2025/03/03 11:37:35 - mmengine - INFO - paramwise_options -- backbone.network.0.2.token_mixer.norm.rbr_skip.bias:lr_mult=0.1
2025/03/03 11:37:35 - mmengine - INFO - paramwise_options -- backbone.network.0.2.token_mixer.norm.rbr_skip.bias:decay_mult=1.0
2025/03/03 11:37:35 - mmengine - INFO - paramwise_options -- backbone.network.0.2.token_mixer.mixer.rbr_skip.weight:lr=1e-05
2025/03/03 11:37:35 - mmengine - INFO - paramwise_options -- backbone.network.0.2.token_mixer.mixer.rbr_skip.weight:weight_decay=0.05
2025/03/03 11:37:35 - mmengine - INFO - paramwise_options -- backbone.network.0.2.token_mixer.mixer.rbr_skip.weight:lr_mult=0.1
2025/03/03 11:37:35 - mmengine - INFO - paramwise_options -- backbone.network.0.2.token_mixer.mixer.rbr_skip.weight:decay_mult=1.0
2025/03/03 11:37:35 - mmengine - INFO - paramwise_options -- backbone.network.0.2.token_mixer.mixer.rbr_skip.bias:lr=1e-05
2025/03/03 11:37:35 - mmengine - INFO - paramwise_options -- backbone.network.0.2.token_mixer.mixer.rbr_skip.bias:weight_decay=0.05
2025/03/03 11:37:35 - mmengine - INFO - paramwise_options -- backbone.network.0.2.token_mixer.mixer.rbr_skip.bias:lr_mult=0.1
2025/03/03 11:37:35 - mmengine - INFO - paramwise_options -- backbone.network.0.2.token_mixer.mixer.rbr_skip.bias:decay_mult=1.0
2025/03/03 11:37:35 - mmengine - INFO - paramwise_options -- backbone.network.0.2.token_mixer.mixer.rbr_conv.0.conv.weight:lr=1e-05
2025/03/03 11:37:35 - mmengine - INFO - paramwise_options -- backbone.network.0.2.token_mixer.mixer.rbr_conv.0.conv.weight:weight_decay=0.05
2025/03/03 11:37:35 - mmengine - INFO - paramwise_options -- backbone.network.0.2.token_mixer.mixer.rbr_conv.0.conv.weight:lr_mult=0.1
2025/03/03 11:37:35 - mmengine - INFO - paramwise_options -- backbone.network.0.2.token_mixer.mixer.rbr_conv.0.conv.weight:decay_mult=1.0
2025/03/03 11:37:35 - mmengine - INFO - paramwise_options -- backbone.network.0.2.token_mixer.mixer.rbr_conv.0.bn.weight:lr=1e-05
2025/03/03 11:37:35 - mmengine - INFO - paramwise_options -- backbone.network.0.2.token_mixer.mixer.rbr_conv.0.bn.weight:weight_decay=0.05
2025/03/03 11:37:35 - mmengine - INFO - paramwise_options -- backbone.network.0.2.token_mixer.mixer.rbr_conv.0.bn.weight:lr_mult=0.1
2025/03/03 11:37:35 - mmengine - INFO - paramwise_options -- backbone.network.0.2.token_mixer.mixer.rbr_conv.0.bn.weight:decay_mult=1.0
2025/03/03 11:37:35 - mmengine - INFO - paramwise_options -- backbone.network.0.2.token_mixer.mixer.rbr_conv.0.bn.bias:lr=1e-05
2025/03/03 11:37:35 - mmengine - INFO - paramwise_options -- backbone.network.0.2.token_mixer.mixer.rbr_conv.0.bn.bias:weight_decay=0.05
2025/03/03 11:37:35 - mmengine - INFO - paramwise_options -- backbone.network.0.2.token_mixer.mixer.rbr_conv.0.bn.bias:lr_mult=0.1
2025/03/03 11:37:35 - mmengine - INFO - paramwise_options -- backbone.network.0.2.token_mixer.mixer.rbr_conv.0.bn.bias:decay_mult=1.0
2025/03/03 11:37:35 - mmengine - INFO - paramwise_options -- backbone.network.0.2.token_mixer.mixer.rbr_scale.conv.weight:lr=1e-05
2025/03/03 11:37:35 - mmengine - INFO - paramwise_options -- backbone.network.0.2.token_mixer.mixer.rbr_scale.conv.weight:weight_decay=0.05
2025/03/03 11:37:35 - mmengine - INFO - paramwise_options -- backbone.network.0.2.token_mixer.mixer.rbr_scale.conv.weight:lr_mult=0.1
2025/03/03 11:37:35 - mmengine - INFO - paramwise_options -- backbone.network.0.2.token_mixer.mixer.rbr_scale.conv.weight:decay_mult=1.0
2025/03/03 11:37:35 - mmengine - INFO - paramwise_options -- backbone.network.0.2.token_mixer.mixer.rbr_scale.bn.weight:lr=1e-05
2025/03/03 11:37:35 - mmengine - INFO - paramwise_options -- backbone.network.0.2.token_mixer.mixer.rbr_scale.bn.weight:weight_decay=0.05
2025/03/03 11:37:35 - mmengine - INFO - paramwise_options -- backbone.network.0.2.token_mixer.mixer.rbr_scale.bn.weight:lr_mult=0.1
2025/03/03 11:37:35 - mmengine - INFO - paramwise_options -- backbone.network.0.2.token_mixer.mixer.rbr_scale.bn.weight:decay_mult=1.0
2025/03/03 11:37:35 - mmengine - INFO - paramwise_options -- backbone.network.0.2.token_mixer.mixer.rbr_scale.bn.bias:lr=1e-05
2025/03/03 11:37:35 - mmengine - INFO - paramwise_options -- backbone.network.0.2.token_mixer.mixer.rbr_scale.bn.bias:weight_decay=0.05
2025/03/03 11:37:35 - mmengine - INFO - paramwise_options -- backbone.network.0.2.token_mixer.mixer.rbr_scale.bn.bias:lr_mult=0.1
2025/03/03 11:37:35 - mmengine - INFO - paramwise_options -- backbone.network.0.2.token_mixer.mixer.rbr_scale.bn.bias:decay_mult=1.0
2025/03/03 11:37:35 - mmengine - INFO - paramwise_options -- backbone.network.0.2.convffn.conv.conv.weight:lr=1e-05
2025/03/03 11:37:35 - mmengine - INFO - paramwise_options -- backbone.network.0.2.convffn.conv.conv.weight:weight_decay=0.05
2025/03/03 11:37:35 - mmengine - INFO - paramwise_options -- backbone.network.0.2.convffn.conv.conv.weight:lr_mult=0.1
2025/03/03 11:37:35 - mmengine - INFO - paramwise_options -- backbone.network.0.2.convffn.conv.conv.weight:decay_mult=1.0
2025/03/03 11:37:35 - mmengine - INFO - paramwise_options -- backbone.network.0.2.convffn.conv.bn.weight:lr=1e-05
2025/03/03 11:37:35 - mmengine - INFO - paramwise_options -- backbone.network.0.2.convffn.conv.bn.weight:weight_decay=0.05
2025/03/03 11:37:35 - mmengine - INFO - paramwise_options -- backbone.network.0.2.convffn.conv.bn.weight:lr_mult=0.1
2025/03/03 11:37:35 - mmengine - INFO - paramwise_options -- backbone.network.0.2.convffn.conv.bn.weight:decay_mult=1.0
2025/03/03 11:37:35 - mmengine - INFO - paramwise_options -- backbone.network.0.2.convffn.conv.bn.bias:lr=1e-05
2025/03/03 11:37:35 - mmengine - INFO - paramwise_options -- backbone.network.0.2.convffn.conv.bn.bias:weight_decay=0.05
2025/03/03 11:37:35 - mmengine - INFO - paramwise_options -- backbone.network.0.2.convffn.conv.bn.bias:lr_mult=0.1
2025/03/03 11:37:35 - mmengine - INFO - paramwise_options -- backbone.network.0.2.convffn.conv.bn.bias:decay_mult=1.0
2025/03/03 11:37:35 - mmengine - INFO - paramwise_options -- backbone.network.0.2.convffn.fc1.weight:lr=1e-05
2025/03/03 11:37:35 - mmengine - INFO - paramwise_options -- backbone.network.0.2.convffn.fc1.weight:weight_decay=0.05
2025/03/03 11:37:35 - mmengine - INFO - paramwise_options -- backbone.network.0.2.convffn.fc1.weight:lr_mult=0.1
2025/03/03 11:37:35 - mmengine - INFO - paramwise_options -- backbone.network.0.2.convffn.fc1.weight:decay_mult=1.0
2025/03/03 11:37:35 - mmengine - INFO - paramwise_options -- backbone.network.0.2.convffn.fc1.bias:lr=1e-05
2025/03/03 11:37:35 - mmengine - INFO - paramwise_options -- backbone.network.0.2.convffn.fc1.bias:weight_decay=0.05
2025/03/03 11:37:35 - mmengine - INFO - paramwise_options -- backbone.network.0.2.convffn.fc1.bias:lr_mult=0.1
2025/03/03 11:37:35 - mmengine - INFO - paramwise_options -- backbone.network.0.2.convffn.fc1.bias:decay_mult=1.0
2025/03/03 11:37:35 - mmengine - INFO - paramwise_options -- backbone.network.0.2.convffn.fc2.weight:lr=1e-05
2025/03/03 11:37:35 - mmengine - INFO - paramwise_options -- backbone.network.0.2.convffn.fc2.weight:weight_decay=0.05
2025/03/03 11:37:35 - mmengine - INFO - paramwise_options -- backbone.network.0.2.convffn.fc2.weight:lr_mult=0.1
2025/03/03 11:37:35 - mmengine - INFO - paramwise_options -- backbone.network.0.2.convffn.fc2.weight:decay_mult=1.0
2025/03/03 11:37:35 - mmengine - INFO - paramwise_options -- backbone.network.0.2.convffn.fc2.bias:lr=1e-05
2025/03/03 11:37:35 - mmengine - INFO - paramwise_options -- backbone.network.0.2.convffn.fc2.bias:weight_decay=0.05
2025/03/03 11:37:35 - mmengine - INFO - paramwise_options -- backbone.network.0.2.convffn.fc2.bias:lr_mult=0.1
2025/03/03 11:37:35 - mmengine - INFO - paramwise_options -- backbone.network.0.2.convffn.fc2.bias:decay_mult=1.0
2025/03/03 11:37:35 - mmengine - INFO - paramwise_options -- backbone.network.0.3.layer_scale:lr=1e-05
2025/03/03 11:37:35 - mmengine - INFO - paramwise_options -- backbone.network.0.3.layer_scale:weight_decay=0.05
2025/03/03 11:37:35 - mmengine - INFO - paramwise_options -- backbone.network.0.3.layer_scale:lr_mult=0.1
2025/03/03 11:37:35 - mmengine - INFO - paramwise_options -- backbone.network.0.3.layer_scale:decay_mult=1.0
2025/03/03 11:37:35 - mmengine - INFO - paramwise_options -- backbone.network.0.3.token_mixer.layer_scale:lr=1e-05
2025/03/03 11:37:35 - mmengine - INFO - paramwise_options -- backbone.network.0.3.token_mixer.layer_scale:weight_decay=0.05
2025/03/03 11:37:35 - mmengine - INFO - paramwise_options -- backbone.network.0.3.token_mixer.layer_scale:lr_mult=0.1
2025/03/03 11:37:35 - mmengine - INFO - paramwise_options -- backbone.network.0.3.token_mixer.layer_scale:decay_mult=1.0
2025/03/03 11:37:35 - mmengine - INFO - paramwise_options -- backbone.network.0.3.token_mixer.norm.rbr_skip.weight:lr=1e-05
2025/03/03 11:37:35 - mmengine - INFO - paramwise_options -- backbone.network.0.3.token_mixer.norm.rbr_skip.weight:weight_decay=0.05
2025/03/03 11:37:35 - mmengine - INFO - paramwise_options -- backbone.network.0.3.token_mixer.norm.rbr_skip.weight:lr_mult=0.1
2025/03/03 11:37:35 - mmengine - INFO - paramwise_options -- backbone.network.0.3.token_mixer.norm.rbr_skip.weight:decay_mult=1.0
2025/03/03 11:37:35 - mmengine - INFO - paramwise_options -- backbone.network.0.3.token_mixer.norm.rbr_skip.bias:lr=1e-05
2025/03/03 11:37:35 - mmengine - INFO - paramwise_options -- backbone.network.0.3.token_mixer.norm.rbr_skip.bias:weight_decay=0.05
2025/03/03 11:37:35 - mmengine - INFO - paramwise_options -- backbone.network.0.3.token_mixer.norm.rbr_skip.bias:lr_mult=0.1
2025/03/03 11:37:35 - mmengine - INFO - paramwise_options -- backbone.network.0.3.token_mixer.norm.rbr_skip.bias:decay_mult=1.0
2025/03/03 11:37:35 - mmengine - INFO - paramwise_options -- backbone.network.0.3.token_mixer.mixer.rbr_skip.weight:lr=1e-05
2025/03/03 11:37:35 - mmengine - INFO - paramwise_options -- backbone.network.0.3.token_mixer.mixer.rbr_skip.weight:weight_decay=0.05
2025/03/03 11:37:35 - mmengine - INFO - paramwise_options -- backbone.network.0.3.token_mixer.mixer.rbr_skip.weight:lr_mult=0.1
2025/03/03 11:37:35 - mmengine - INFO - paramwise_options -- backbone.network.0.3.token_mixer.mixer.rbr_skip.weight:decay_mult=1.0
2025/03/03 11:37:35 - mmengine - INFO - paramwise_options -- backbone.network.0.3.token_mixer.mixer.rbr_skip.bias:lr=1e-05
2025/03/03 11:37:35 - mmengine - INFO - paramwise_options -- backbone.network.0.3.token_mixer.mixer.rbr_skip.bias:weight_decay=0.05
2025/03/03 11:37:35 - mmengine - INFO - paramwise_options -- backbone.network.0.3.token_mixer.mixer.rbr_skip.bias:lr_mult=0.1
2025/03/03 11:37:35 - mmengine - INFO - paramwise_options -- backbone.network.0.3.token_mixer.mixer.rbr_skip.bias:decay_mult=1.0
2025/03/03 11:37:35 - mmengine - INFO - paramwise_options -- backbone.network.0.3.token_mixer.mixer.rbr_conv.0.conv.weight:lr=1e-05
2025/03/03 11:37:35 - mmengine - INFO - paramwise_options -- backbone.network.0.3.token_mixer.mixer.rbr_conv.0.conv.weight:weight_decay=0.05
2025/03/03 11:37:35 - mmengine - INFO - paramwise_options -- backbone.network.0.3.token_mixer.mixer.rbr_conv.0.conv.weight:lr_mult=0.1
2025/03/03 11:37:35 - mmengine - INFO - paramwise_options -- backbone.network.0.3.token_mixer.mixer.rbr_conv.0.conv.weight:decay_mult=1.0
2025/03/03 11:37:35 - mmengine - INFO - paramwise_options -- backbone.network.0.3.token_mixer.mixer.rbr_conv.0.bn.weight:lr=1e-05
2025/03/03 11:37:35 - mmengine - INFO - paramwise_options -- backbone.network.0.3.token_mixer.mixer.rbr_conv.0.bn.weight:weight_decay=0.05
2025/03/03 11:37:35 - mmengine - INFO - paramwise_options -- backbone.network.0.3.token_mixer.mixer.rbr_conv.0.bn.weight:lr_mult=0.1
2025/03/03 11:37:35 - mmengine - INFO - paramwise_options -- backbone.network.0.3.token_mixer.mixer.rbr_conv.0.bn.weight:decay_mult=1.0
2025/03/03 11:37:35 - mmengine - INFO - paramwise_options -- backbone.network.0.3.token_mixer.mixer.rbr_conv.0.bn.bias:lr=1e-05
2025/03/03 11:37:35 - mmengine - INFO - paramwise_options -- backbone.network.0.3.token_mixer.mixer.rbr_conv.0.bn.bias:weight_decay=0.05
2025/03/03 11:37:35 - mmengine - INFO - paramwise_options -- backbone.network.0.3.token_mixer.mixer.rbr_conv.0.bn.bias:lr_mult=0.1
2025/03/03 11:37:35 - mmengine - INFO - paramwise_options -- backbone.network.0.3.token_mixer.mixer.rbr_conv.0.bn.bias:decay_mult=1.0
2025/03/03 11:37:35 - mmengine - INFO - paramwise_options -- backbone.network.0.3.token_mixer.mixer.rbr_scale.conv.weight:lr=1e-05
2025/03/03 11:37:35 - mmengine - INFO - paramwise_options -- backbone.network.0.3.token_mixer.mixer.rbr_scale.conv.weight:weight_decay=0.05
2025/03/03 11:37:35 - mmengine - INFO - paramwise_options -- backbone.network.0.3.token_mixer.mixer.rbr_scale.conv.weight:lr_mult=0.1
2025/03/03 11:37:35 - mmengine - INFO - paramwise_options -- backbone.network.0.3.token_mixer.mixer.rbr_scale.conv.weight:decay_mult=1.0
2025/03/03 11:37:35 - mmengine - INFO - paramwise_options -- backbone.network.0.3.token_mixer.mixer.rbr_scale.bn.weight:lr=1e-05
2025/03/03 11:37:35 - mmengine - INFO - paramwise_options -- backbone.network.0.3.token_mixer.mixer.rbr_scale.bn.weight:weight_decay=0.05
2025/03/03 11:37:35 - mmengine - INFO - paramwise_options -- backbone.network.0.3.token_mixer.mixer.rbr_scale.bn.weight:lr_mult=0.1
2025/03/03 11:37:35 - mmengine - INFO - paramwise_options -- backbone.network.0.3.token_mixer.mixer.rbr_scale.bn.weight:decay_mult=1.0
2025/03/03 11:37:35 - mmengine - INFO - paramwise_options -- backbone.network.0.3.token_mixer.mixer.rbr_scale.bn.bias:lr=1e-05
2025/03/03 11:37:35 - mmengine - INFO - paramwise_options -- backbone.network.0.3.token_mixer.mixer.rbr_scale.bn.bias:weight_decay=0.05
2025/03/03 11:37:35 - mmengine - INFO - paramwise_options -- backbone.network.0.3.token_mixer.mixer.rbr_scale.bn.bias:lr_mult=0.1
2025/03/03 11:37:35 - mmengine - INFO - paramwise_options -- backbone.network.0.3.token_mixer.mixer.rbr_scale.bn.bias:decay_mult=1.0
2025/03/03 11:37:35 - mmengine - INFO - paramwise_options -- backbone.network.0.3.convffn.conv.conv.weight:lr=1e-05
2025/03/03 11:37:35 - mmengine - INFO - paramwise_options -- backbone.network.0.3.convffn.conv.conv.weight:weight_decay=0.05
2025/03/03 11:37:35 - mmengine - INFO - paramwise_options -- backbone.network.0.3.convffn.conv.conv.weight:lr_mult=0.1
2025/03/03 11:37:35 - mmengine - INFO - paramwise_options -- backbone.network.0.3.convffn.conv.conv.weight:decay_mult=1.0
2025/03/03 11:37:35 - mmengine - INFO - paramwise_options -- backbone.network.0.3.convffn.conv.bn.weight:lr=1e-05
2025/03/03 11:37:35 - mmengine - INFO - paramwise_options -- backbone.network.0.3.convffn.conv.bn.weight:weight_decay=0.05
2025/03/03 11:37:35 - mmengine - INFO - paramwise_options -- backbone.network.0.3.convffn.conv.bn.weight:lr_mult=0.1
2025/03/03 11:37:35 - mmengine - INFO - paramwise_options -- backbone.network.0.3.convffn.conv.bn.weight:decay_mult=1.0
2025/03/03 11:37:35 - mmengine - INFO - paramwise_options -- backbone.network.0.3.convffn.conv.bn.bias:lr=1e-05
2025/03/03 11:37:35 - mmengine - INFO - paramwise_options -- backbone.network.0.3.convffn.conv.bn.bias:weight_decay=0.05
2025/03/03 11:37:35 - mmengine - INFO - paramwise_options -- backbone.network.0.3.convffn.conv.bn.bias:lr_mult=0.1
2025/03/03 11:37:35 - mmengine - INFO - paramwise_options -- backbone.network.0.3.convffn.conv.bn.bias:decay_mult=1.0
2025/03/03 11:37:35 - mmengine - INFO - paramwise_options -- backbone.network.0.3.convffn.fc1.weight:lr=1e-05
2025/03/03 11:37:35 - mmengine - INFO - paramwise_options -- backbone.network.0.3.convffn.fc1.weight:weight_decay=0.05
2025/03/03 11:37:35 - mmengine - INFO - paramwise_options -- backbone.network.0.3.convffn.fc1.weight:lr_mult=0.1
2025/03/03 11:37:35 - mmengine - INFO - paramwise_options -- backbone.network.0.3.convffn.fc1.weight:decay_mult=1.0
2025/03/03 11:37:35 - mmengine - INFO - paramwise_options -- backbone.network.0.3.convffn.fc1.bias:lr=1e-05
2025/03/03 11:37:35 - mmengine - INFO - paramwise_options -- backbone.network.0.3.convffn.fc1.bias:weight_decay=0.05
2025/03/03 11:37:35 - mmengine - INFO - paramwise_options -- backbone.network.0.3.convffn.fc1.bias:lr_mult=0.1
2025/03/03 11:37:35 - mmengine - INFO - paramwise_options -- backbone.network.0.3.convffn.fc1.bias:decay_mult=1.0
2025/03/03 11:37:35 - mmengine - INFO - paramwise_options -- backbone.network.0.3.convffn.fc2.weight:lr=1e-05
2025/03/03 11:37:35 - mmengine - INFO - paramwise_options -- backbone.network.0.3.convffn.fc2.weight:weight_decay=0.05
2025/03/03 11:37:35 - mmengine - INFO - paramwise_options -- backbone.network.0.3.convffn.fc2.weight:lr_mult=0.1
2025/03/03 11:37:35 - mmengine - INFO - paramwise_options -- backbone.network.0.3.convffn.fc2.weight:decay_mult=1.0
2025/03/03 11:37:35 - mmengine - INFO - paramwise_options -- backbone.network.0.3.convffn.fc2.bias:lr=1e-05
2025/03/03 11:37:35 - mmengine - INFO - paramwise_options -- backbone.network.0.3.convffn.fc2.bias:weight_decay=0.05
2025/03/03 11:37:35 - mmengine - INFO - paramwise_options -- backbone.network.0.3.convffn.fc2.bias:lr_mult=0.1
2025/03/03 11:37:35 - mmengine - INFO - paramwise_options -- backbone.network.0.3.convffn.fc2.bias:decay_mult=1.0
2025/03/03 11:37:35 - mmengine - INFO - paramwise_options -- backbone.network.0.4.layer_scale:lr=1e-05
2025/03/03 11:37:35 - mmengine - INFO - paramwise_options -- backbone.network.0.4.layer_scale:weight_decay=0.05
2025/03/03 11:37:35 - mmengine - INFO - paramwise_options -- backbone.network.0.4.layer_scale:lr_mult=0.1
2025/03/03 11:37:35 - mmengine - INFO - paramwise_options -- backbone.network.0.4.layer_scale:decay_mult=1.0
2025/03/03 11:37:35 - mmengine - INFO - paramwise_options -- backbone.network.0.4.token_mixer.layer_scale:lr=1e-05
2025/03/03 11:37:35 - mmengine - INFO - paramwise_options -- backbone.network.0.4.token_mixer.layer_scale:weight_decay=0.05
2025/03/03 11:37:35 - mmengine - INFO - paramwise_options -- backbone.network.0.4.token_mixer.layer_scale:lr_mult=0.1
2025/03/03 11:37:35 - mmengine - INFO - paramwise_options -- backbone.network.0.4.token_mixer.layer_scale:decay_mult=1.0
2025/03/03 11:37:35 - mmengine - INFO - paramwise_options -- backbone.network.0.4.token_mixer.norm.rbr_skip.weight:lr=1e-05
2025/03/03 11:37:35 - mmengine - INFO - paramwise_options -- backbone.network.0.4.token_mixer.norm.rbr_skip.weight:weight_decay=0.05
2025/03/03 11:37:35 - mmengine - INFO - paramwise_options -- backbone.network.0.4.token_mixer.norm.rbr_skip.weight:lr_mult=0.1
2025/03/03 11:37:35 - mmengine - INFO - paramwise_options -- backbone.network.0.4.token_mixer.norm.rbr_skip.weight:decay_mult=1.0
2025/03/03 11:37:35 - mmengine - INFO - paramwise_options -- backbone.network.0.4.token_mixer.norm.rbr_skip.bias:lr=1e-05
2025/03/03 11:37:35 - mmengine - INFO - paramwise_options -- backbone.network.0.4.token_mixer.norm.rbr_skip.bias:weight_decay=0.05
2025/03/03 11:37:35 - mmengine - INFO - paramwise_options -- backbone.network.0.4.token_mixer.norm.rbr_skip.bias:lr_mult=0.1
2025/03/03 11:37:35 - mmengine - INFO - paramwise_options -- backbone.network.0.4.token_mixer.norm.rbr_skip.bias:decay_mult=1.0
2025/03/03 11:37:35 - mmengine - INFO - paramwise_options -- backbone.network.0.4.token_mixer.mixer.rbr_skip.weight:lr=1e-05
2025/03/03 11:37:35 - mmengine - INFO - paramwise_options -- backbone.network.0.4.token_mixer.mixer.rbr_skip.weight:weight_decay=0.05
2025/03/03 11:37:35 - mmengine - INFO - paramwise_options -- backbone.network.0.4.token_mixer.mixer.rbr_skip.weight:lr_mult=0.1
2025/03/03 11:37:35 - mmengine - INFO - paramwise_options -- backbone.network.0.4.token_mixer.mixer.rbr_skip.weight:decay_mult=1.0
2025/03/03 11:37:35 - mmengine - INFO - paramwise_options -- backbone.network.0.4.token_mixer.mixer.rbr_skip.bias:lr=1e-05
2025/03/03 11:37:35 - mmengine - INFO - paramwise_options -- backbone.network.0.4.token_mixer.mixer.rbr_skip.bias:weight_decay=0.05
2025/03/03 11:37:35 - mmengine - INFO - paramwise_options -- backbone.network.0.4.token_mixer.mixer.rbr_skip.bias:lr_mult=0.1
2025/03/03 11:37:35 - mmengine - INFO - paramwise_options -- backbone.network.0.4.token_mixer.mixer.rbr_skip.bias:decay_mult=1.0
2025/03/03 11:37:35 - mmengine - INFO - paramwise_options -- backbone.network.0.4.token_mixer.mixer.rbr_conv.0.conv.weight:lr=1e-05
2025/03/03 11:37:35 - mmengine - INFO - paramwise_options -- backbone.network.0.4.token_mixer.mixer.rbr_conv.0.conv.weight:weight_decay=0.05
2025/03/03 11:37:35 - mmengine - INFO - paramwise_options -- backbone.network.0.4.token_mixer.mixer.rbr_conv.0.conv.weight:lr_mult=0.1
2025/03/03 11:37:35 - mmengine - INFO - paramwise_options -- backbone.network.0.4.token_mixer.mixer.rbr_conv.0.conv.weight:decay_mult=1.0
2025/03/03 11:37:35 - mmengine - INFO - paramwise_options -- backbone.network.0.4.token_mixer.mixer.rbr_conv.0.bn.weight:lr=1e-05
2025/03/03 11:37:35 - mmengine - INFO - paramwise_options -- backbone.network.0.4.token_mixer.mixer.rbr_conv.0.bn.weight:weight_decay=0.05
2025/03/03 11:37:35 - mmengine - INFO - paramwise_options -- backbone.network.0.4.token_mixer.mixer.rbr_conv.0.bn.weight:lr_mult=0.1
2025/03/03 11:37:35 - mmengine - INFO - paramwise_options -- backbone.network.0.4.token_mixer.mixer.rbr_conv.0.bn.weight:decay_mult=1.0
2025/03/03 11:37:35 - mmengine - INFO - paramwise_options -- backbone.network.0.4.token_mixer.mixer.rbr_conv.0.bn.bias:lr=1e-05
2025/03/03 11:37:35 - mmengine - INFO - paramwise_options -- backbone.network.0.4.token_mixer.mixer.rbr_conv.0.bn.bias:weight_decay=0.05
2025/03/03 11:37:35 - mmengine - INFO - paramwise_options -- backbone.network.0.4.token_mixer.mixer.rbr_conv.0.bn.bias:lr_mult=0.1
2025/03/03 11:37:35 - mmengine - INFO - paramwise_options -- backbone.network.0.4.token_mixer.mixer.rbr_conv.0.bn.bias:decay_mult=1.0
2025/03/03 11:37:35 - mmengine - INFO - paramwise_options -- backbone.network.0.4.token_mixer.mixer.rbr_scale.conv.weight:lr=1e-05
2025/03/03 11:37:35 - mmengine - INFO - paramwise_options -- backbone.network.0.4.token_mixer.mixer.rbr_scale.conv.weight:weight_decay=0.05
2025/03/03 11:37:35 - mmengine - INFO - paramwise_options -- backbone.network.0.4.token_mixer.mixer.rbr_scale.conv.weight:lr_mult=0.1
2025/03/03 11:37:35 - mmengine - INFO - paramwise_options -- backbone.network.0.4.token_mixer.mixer.rbr_scale.conv.weight:decay_mult=1.0
2025/03/03 11:37:35 - mmengine - INFO - paramwise_options -- backbone.network.0.4.token_mixer.mixer.rbr_scale.bn.weight:lr=1e-05
2025/03/03 11:37:35 - mmengine - INFO - paramwise_options -- backbone.network.0.4.token_mixer.mixer.rbr_scale.bn.weight:weight_decay=0.05
2025/03/03 11:37:35 - mmengine - INFO - paramwise_options -- backbone.network.0.4.token_mixer.mixer.rbr_scale.bn.weight:lr_mult=0.1
2025/03/03 11:37:35 - mmengine - INFO - paramwise_options -- backbone.network.0.4.token_mixer.mixer.rbr_scale.bn.weight:decay_mult=1.0
2025/03/03 11:37:35 - mmengine - INFO - paramwise_options -- backbone.network.0.4.token_mixer.mixer.rbr_scale.bn.bias:lr=1e-05
2025/03/03 11:37:35 - mmengine - INFO - paramwise_options -- backbone.network.0.4.token_mixer.mixer.rbr_scale.bn.bias:weight_decay=0.05
2025/03/03 11:37:35 - mmengine - INFO - paramwise_options -- backbone.network.0.4.token_mixer.mixer.rbr_scale.bn.bias:lr_mult=0.1
2025/03/03 11:37:35 - mmengine - INFO - paramwise_options -- backbone.network.0.4.token_mixer.mixer.rbr_scale.bn.bias:decay_mult=1.0
2025/03/03 11:37:35 - mmengine - INFO - paramwise_options -- backbone.network.0.4.convffn.conv.conv.weight:lr=1e-05
2025/03/03 11:37:35 - mmengine - INFO - paramwise_options -- backbone.network.0.4.convffn.conv.conv.weight:weight_decay=0.05
2025/03/03 11:37:35 - mmengine - INFO - paramwise_options -- backbone.network.0.4.convffn.conv.conv.weight:lr_mult=0.1
2025/03/03 11:37:35 - mmengine - INFO - paramwise_options -- backbone.network.0.4.convffn.conv.conv.weight:decay_mult=1.0
2025/03/03 11:37:35 - mmengine - INFO - paramwise_options -- backbone.network.0.4.convffn.conv.bn.weight:lr=1e-05
2025/03/03 11:37:35 - mmengine - INFO - paramwise_options -- backbone.network.0.4.convffn.conv.bn.weight:weight_decay=0.05
2025/03/03 11:37:35 - mmengine - INFO - paramwise_options -- backbone.network.0.4.convffn.conv.bn.weight:lr_mult=0.1
2025/03/03 11:37:35 - mmengine - INFO - paramwise_options -- backbone.network.0.4.convffn.conv.bn.weight:decay_mult=1.0
2025/03/03 11:37:35 - mmengine - INFO - paramwise_options -- backbone.network.0.4.convffn.conv.bn.bias:lr=1e-05
2025/03/03 11:37:35 - mmengine - INFO - paramwise_options -- backbone.network.0.4.convffn.conv.bn.bias:weight_decay=0.05
2025/03/03 11:37:35 - mmengine - INFO - paramwise_options -- backbone.network.0.4.convffn.conv.bn.bias:lr_mult=0.1
2025/03/03 11:37:35 - mmengine - INFO - paramwise_options -- backbone.network.0.4.convffn.conv.bn.bias:decay_mult=1.0
2025/03/03 11:37:35 - mmengine - INFO - paramwise_options -- backbone.network.0.4.convffn.fc1.weight:lr=1e-05
2025/03/03 11:37:35 - mmengine - INFO - paramwise_options -- backbone.network.0.4.convffn.fc1.weight:weight_decay=0.05
2025/03/03 11:37:35 - mmengine - INFO - paramwise_options -- backbone.network.0.4.convffn.fc1.weight:lr_mult=0.1
2025/03/03 11:37:35 - mmengine - INFO - paramwise_options -- backbone.network.0.4.convffn.fc1.weight:decay_mult=1.0
2025/03/03 11:37:35 - mmengine - INFO - paramwise_options -- backbone.network.0.4.convffn.fc1.bias:lr=1e-05
2025/03/03 11:37:35 - mmengine - INFO - paramwise_options -- backbone.network.0.4.convffn.fc1.bias:weight_decay=0.05
2025/03/03 11:37:35 - mmengine - INFO - paramwise_options -- backbone.network.0.4.convffn.fc1.bias:lr_mult=0.1
2025/03/03 11:37:35 - mmengine - INFO - paramwise_options -- backbone.network.0.4.convffn.fc1.bias:decay_mult=1.0
2025/03/03 11:37:35 - mmengine - INFO - paramwise_options -- backbone.network.0.4.convffn.fc2.weight:lr=1e-05
2025/03/03 11:37:35 - mmengine - INFO - paramwise_options -- backbone.network.0.4.convffn.fc2.weight:weight_decay=0.05
2025/03/03 11:37:35 - mmengine - INFO - paramwise_options -- backbone.network.0.4.convffn.fc2.weight:lr_mult=0.1
2025/03/03 11:37:35 - mmengine - INFO - paramwise_options -- backbone.network.0.4.convffn.fc2.weight:decay_mult=1.0
2025/03/03 11:37:35 - mmengine - INFO - paramwise_options -- backbone.network.0.4.convffn.fc2.bias:lr=1e-05
2025/03/03 11:37:35 - mmengine - INFO - paramwise_options -- backbone.network.0.4.convffn.fc2.bias:weight_decay=0.05
2025/03/03 11:37:35 - mmengine - INFO - paramwise_options -- backbone.network.0.4.convffn.fc2.bias:lr_mult=0.1
2025/03/03 11:37:35 - mmengine - INFO - paramwise_options -- backbone.network.0.4.convffn.fc2.bias:decay_mult=1.0
2025/03/03 11:37:35 - mmengine - INFO - paramwise_options -- backbone.network.0.5.layer_scale:lr=1e-05
2025/03/03 11:37:35 - mmengine - INFO - paramwise_options -- backbone.network.0.5.layer_scale:weight_decay=0.05
2025/03/03 11:37:35 - mmengine - INFO - paramwise_options -- backbone.network.0.5.layer_scale:lr_mult=0.1
2025/03/03 11:37:35 - mmengine - INFO - paramwise_options -- backbone.network.0.5.layer_scale:decay_mult=1.0
2025/03/03 11:37:35 - mmengine - INFO - paramwise_options -- backbone.network.0.5.token_mixer.layer_scale:lr=1e-05
2025/03/03 11:37:35 - mmengine - INFO - paramwise_options -- backbone.network.0.5.token_mixer.layer_scale:weight_decay=0.05
2025/03/03 11:37:35 - mmengine - INFO - paramwise_options -- backbone.network.0.5.token_mixer.layer_scale:lr_mult=0.1
2025/03/03 11:37:35 - mmengine - INFO - paramwise_options -- backbone.network.0.5.token_mixer.layer_scale:decay_mult=1.0
2025/03/03 11:37:35 - mmengine - INFO - paramwise_options -- backbone.network.0.5.token_mixer.norm.rbr_skip.weight:lr=1e-05
2025/03/03 11:37:35 - mmengine - INFO - paramwise_options -- backbone.network.0.5.token_mixer.norm.rbr_skip.weight:weight_decay=0.05
2025/03/03 11:37:35 - mmengine - INFO - paramwise_options -- backbone.network.0.5.token_mixer.norm.rbr_skip.weight:lr_mult=0.1
2025/03/03 11:37:35 - mmengine - INFO - paramwise_options -- backbone.network.0.5.token_mixer.norm.rbr_skip.weight:decay_mult=1.0
2025/03/03 11:37:35 - mmengine - INFO - paramwise_options -- backbone.network.0.5.token_mixer.norm.rbr_skip.bias:lr=1e-05
2025/03/03 11:37:35 - mmengine - INFO - paramwise_options -- backbone.network.0.5.token_mixer.norm.rbr_skip.bias:weight_decay=0.05
2025/03/03 11:37:35 - mmengine - INFO - paramwise_options -- backbone.network.0.5.token_mixer.norm.rbr_skip.bias:lr_mult=0.1
2025/03/03 11:37:35 - mmengine - INFO - paramwise_options -- backbone.network.0.5.token_mixer.norm.rbr_skip.bias:decay_mult=1.0
2025/03/03 11:37:35 - mmengine - INFO - paramwise_options -- backbone.network.0.5.token_mixer.mixer.rbr_skip.weight:lr=1e-05
2025/03/03 11:37:35 - mmengine - INFO - paramwise_options -- backbone.network.0.5.token_mixer.mixer.rbr_skip.weight:weight_decay=0.05
2025/03/03 11:37:35 - mmengine - INFO - paramwise_options -- backbone.network.0.5.token_mixer.mixer.rbr_skip.weight:lr_mult=0.1
2025/03/03 11:37:35 - mmengine - INFO - paramwise_options -- backbone.network.0.5.token_mixer.mixer.rbr_skip.weight:decay_mult=1.0
2025/03/03 11:37:35 - mmengine - INFO - paramwise_options -- backbone.network.0.5.token_mixer.mixer.rbr_skip.bias:lr=1e-05
2025/03/03 11:37:35 - mmengine - INFO - paramwise_options -- backbone.network.0.5.token_mixer.mixer.rbr_skip.bias:weight_decay=0.05
2025/03/03 11:37:35 - mmengine - INFO - paramwise_options -- backbone.network.0.5.token_mixer.mixer.rbr_skip.bias:lr_mult=0.1
2025/03/03 11:37:35 - mmengine - INFO - paramwise_options -- backbone.network.0.5.token_mixer.mixer.rbr_skip.bias:decay_mult=1.0
2025/03/03 11:37:35 - mmengine - INFO - paramwise_options -- backbone.network.0.5.token_mixer.mixer.rbr_conv.0.conv.weight:lr=1e-05
2025/03/03 11:37:35 - mmengine - INFO - paramwise_options -- backbone.network.0.5.token_mixer.mixer.rbr_conv.0.conv.weight:weight_decay=0.05
2025/03/03 11:37:35 - mmengine - INFO - paramwise_options -- backbone.network.0.5.token_mixer.mixer.rbr_conv.0.conv.weight:lr_mult=0.1
2025/03/03 11:37:35 - mmengine - INFO - paramwise_options -- backbone.network.0.5.token_mixer.mixer.rbr_conv.0.conv.weight:decay_mult=1.0
2025/03/03 11:37:35 - mmengine - INFO - paramwise_options -- backbone.network.0.5.token_mixer.mixer.rbr_conv.0.bn.weight:lr=1e-05
2025/03/03 11:37:35 - mmengine - INFO - paramwise_options -- backbone.network.0.5.token_mixer.mixer.rbr_conv.0.bn.weight:weight_decay=0.05
2025/03/03 11:37:35 - mmengine - INFO - paramwise_options -- backbone.network.0.5.token_mixer.mixer.rbr_conv.0.bn.weight:lr_mult=0.1
2025/03/03 11:37:35 - mmengine - INFO - paramwise_options -- backbone.network.0.5.token_mixer.mixer.rbr_conv.0.bn.weight:decay_mult=1.0
2025/03/03 11:37:35 - mmengine - INFO - paramwise_options -- backbone.network.0.5.token_mixer.mixer.rbr_conv.0.bn.bias:lr=1e-05
2025/03/03 11:37:35 - mmengine - INFO - paramwise_options -- backbone.network.0.5.token_mixer.mixer.rbr_conv.0.bn.bias:weight_decay=0.05
2025/03/03 11:37:35 - mmengine - INFO - paramwise_options -- backbone.network.0.5.token_mixer.mixer.rbr_conv.0.bn.bias:lr_mult=0.1
2025/03/03 11:37:35 - mmengine - INFO - paramwise_options -- backbone.network.0.5.token_mixer.mixer.rbr_conv.0.bn.bias:decay_mult=1.0
2025/03/03 11:37:35 - mmengine - INFO - paramwise_options -- backbone.network.0.5.token_mixer.mixer.rbr_scale.conv.weight:lr=1e-05
2025/03/03 11:37:35 - mmengine - INFO - paramwise_options -- backbone.network.0.5.token_mixer.mixer.rbr_scale.conv.weight:weight_decay=0.05
2025/03/03 11:37:35 - mmengine - INFO - paramwise_options -- backbone.network.0.5.token_mixer.mixer.rbr_scale.conv.weight:lr_mult=0.1
2025/03/03 11:37:35 - mmengine - INFO - paramwise_options -- backbone.network.0.5.token_mixer.mixer.rbr_scale.conv.weight:decay_mult=1.0
2025/03/03 11:37:35 - mmengine - INFO - paramwise_options -- backbone.network.0.5.token_mixer.mixer.rbr_scale.bn.weight:lr=1e-05
2025/03/03 11:37:35 - mmengine - INFO - paramwise_options -- backbone.network.0.5.token_mixer.mixer.rbr_scale.bn.weight:weight_decay=0.05
2025/03/03 11:37:35 - mmengine - INFO - paramwise_options -- backbone.network.0.5.token_mixer.mixer.rbr_scale.bn.weight:lr_mult=0.1
2025/03/03 11:37:35 - mmengine - INFO - paramwise_options -- backbone.network.0.5.token_mixer.mixer.rbr_scale.bn.weight:decay_mult=1.0
2025/03/03 11:37:35 - mmengine - INFO - paramwise_options -- backbone.network.0.5.token_mixer.mixer.rbr_scale.bn.bias:lr=1e-05
2025/03/03 11:37:35 - mmengine - INFO - paramwise_options -- backbone.network.0.5.token_mixer.mixer.rbr_scale.bn.bias:weight_decay=0.05
2025/03/03 11:37:35 - mmengine - INFO - paramwise_options -- backbone.network.0.5.token_mixer.mixer.rbr_scale.bn.bias:lr_mult=0.1
2025/03/03 11:37:35 - mmengine - INFO - paramwise_options -- backbone.network.0.5.token_mixer.mixer.rbr_scale.bn.bias:decay_mult=1.0
2025/03/03 11:37:35 - mmengine - INFO - paramwise_options -- backbone.network.0.5.convffn.conv.conv.weight:lr=1e-05
2025/03/03 11:37:35 - mmengine - INFO - paramwise_options -- backbone.network.0.5.convffn.conv.conv.weight:weight_decay=0.05
2025/03/03 11:37:35 - mmengine - INFO - paramwise_options -- backbone.network.0.5.convffn.conv.conv.weight:lr_mult=0.1
2025/03/03 11:37:35 - mmengine - INFO - paramwise_options -- backbone.network.0.5.convffn.conv.conv.weight:decay_mult=1.0
2025/03/03 11:37:35 - mmengine - INFO - paramwise_options -- backbone.network.0.5.convffn.conv.bn.weight:lr=1e-05
2025/03/03 11:37:35 - mmengine - INFO - paramwise_options -- backbone.network.0.5.convffn.conv.bn.weight:weight_decay=0.05
2025/03/03 11:37:35 - mmengine - INFO - paramwise_options -- backbone.network.0.5.convffn.conv.bn.weight:lr_mult=0.1
2025/03/03 11:37:35 - mmengine - INFO - paramwise_options -- backbone.network.0.5.convffn.conv.bn.weight:decay_mult=1.0
2025/03/03 11:37:35 - mmengine - INFO - paramwise_options -- backbone.network.0.5.convffn.conv.bn.bias:lr=1e-05
2025/03/03 11:37:35 - mmengine - INFO - paramwise_options -- backbone.network.0.5.convffn.conv.bn.bias:weight_decay=0.05
2025/03/03 11:37:35 - mmengine - INFO - paramwise_options -- backbone.network.0.5.convffn.conv.bn.bias:lr_mult=0.1
2025/03/03 11:37:35 - mmengine - INFO - paramwise_options -- backbone.network.0.5.convffn.conv.bn.bias:decay_mult=1.0
2025/03/03 11:37:35 - mmengine - INFO - paramwise_options -- backbone.network.0.5.convffn.fc1.weight:lr=1e-05
2025/03/03 11:37:35 - mmengine - INFO - paramwise_options -- backbone.network.0.5.convffn.fc1.weight:weight_decay=0.05
2025/03/03 11:37:35 - mmengine - INFO - paramwise_options -- backbone.network.0.5.convffn.fc1.weight:lr_mult=0.1
2025/03/03 11:37:35 - mmengine - INFO - paramwise_options -- backbone.network.0.5.convffn.fc1.weight:decay_mult=1.0
2025/03/03 11:37:35 - mmengine - INFO - paramwise_options -- backbone.network.0.5.convffn.fc1.bias:lr=1e-05
2025/03/03 11:37:35 - mmengine - INFO - paramwise_options -- backbone.network.0.5.convffn.fc1.bias:weight_decay=0.05
2025/03/03 11:37:35 - mmengine - INFO - paramwise_options -- backbone.network.0.5.convffn.fc1.bias:lr_mult=0.1
2025/03/03 11:37:35 - mmengine - INFO - paramwise_options -- backbone.network.0.5.convffn.fc1.bias:decay_mult=1.0
2025/03/03 11:37:35 - mmengine - INFO - paramwise_options -- backbone.network.0.5.convffn.fc2.weight:lr=1e-05
2025/03/03 11:37:35 - mmengine - INFO - paramwise_options -- backbone.network.0.5.convffn.fc2.weight:weight_decay=0.05
2025/03/03 11:37:35 - mmengine - INFO - paramwise_options -- backbone.network.0.5.convffn.fc2.weight:lr_mult=0.1
2025/03/03 11:37:35 - mmengine - INFO - paramwise_options -- backbone.network.0.5.convffn.fc2.weight:decay_mult=1.0
2025/03/03 11:37:35 - mmengine - INFO - paramwise_options -- backbone.network.0.5.convffn.fc2.bias:lr=1e-05
2025/03/03 11:37:35 - mmengine - INFO - paramwise_options -- backbone.network.0.5.convffn.fc2.bias:weight_decay=0.05
2025/03/03 11:37:35 - mmengine - INFO - paramwise_options -- backbone.network.0.5.convffn.fc2.bias:lr_mult=0.1
2025/03/03 11:37:35 - mmengine - INFO - paramwise_options -- backbone.network.0.5.convffn.fc2.bias:decay_mult=1.0
2025/03/03 11:37:35 - mmengine - INFO - paramwise_options -- backbone.network.1.proj.0.lkb_origin.conv.weight:lr=1e-05
2025/03/03 11:37:35 - mmengine - INFO - paramwise_options -- backbone.network.1.proj.0.lkb_origin.conv.weight:weight_decay=0.05
2025/03/03 11:37:35 - mmengine - INFO - paramwise_options -- backbone.network.1.proj.0.lkb_origin.conv.weight:lr_mult=0.1
2025/03/03 11:37:35 - mmengine - INFO - paramwise_options -- backbone.network.1.proj.0.lkb_origin.conv.weight:decay_mult=1.0
2025/03/03 11:37:35 - mmengine - INFO - paramwise_options -- backbone.network.1.proj.0.lkb_origin.bn.weight:lr=1e-05
2025/03/03 11:37:35 - mmengine - INFO - paramwise_options -- backbone.network.1.proj.0.lkb_origin.bn.weight:weight_decay=0.05
2025/03/03 11:37:35 - mmengine - INFO - paramwise_options -- backbone.network.1.proj.0.lkb_origin.bn.weight:lr_mult=0.1
2025/03/03 11:37:35 - mmengine - INFO - paramwise_options -- backbone.network.1.proj.0.lkb_origin.bn.weight:decay_mult=1.0
2025/03/03 11:37:35 - mmengine - INFO - paramwise_options -- backbone.network.1.proj.0.lkb_origin.bn.bias:lr=1e-05
2025/03/03 11:37:35 - mmengine - INFO - paramwise_options -- backbone.network.1.proj.0.lkb_origin.bn.bias:weight_decay=0.05
2025/03/03 11:37:35 - mmengine - INFO - paramwise_options -- backbone.network.1.proj.0.lkb_origin.bn.bias:lr_mult=0.1
2025/03/03 11:37:35 - mmengine - INFO - paramwise_options -- backbone.network.1.proj.0.lkb_origin.bn.bias:decay_mult=1.0
2025/03/03 11:37:35 - mmengine - INFO - paramwise_options -- backbone.network.1.proj.0.small_conv.conv.weight:lr=1e-05
2025/03/03 11:37:35 - mmengine - INFO - paramwise_options -- backbone.network.1.proj.0.small_conv.conv.weight:weight_decay=0.05
2025/03/03 11:37:35 - mmengine - INFO - paramwise_options -- backbone.network.1.proj.0.small_conv.conv.weight:lr_mult=0.1
2025/03/03 11:37:35 - mmengine - INFO - paramwise_options -- backbone.network.1.proj.0.small_conv.conv.weight:decay_mult=1.0
2025/03/03 11:37:35 - mmengine - INFO - paramwise_options -- backbone.network.1.proj.0.small_conv.bn.weight:lr=1e-05
2025/03/03 11:37:35 - mmengine - INFO - paramwise_options -- backbone.network.1.proj.0.small_conv.bn.weight:weight_decay=0.05
2025/03/03 11:37:35 - mmengine - INFO - paramwise_options -- backbone.network.1.proj.0.small_conv.bn.weight:lr_mult=0.1
2025/03/03 11:37:35 - mmengine - INFO - paramwise_options -- backbone.network.1.proj.0.small_conv.bn.weight:decay_mult=1.0
2025/03/03 11:37:35 - mmengine - INFO - paramwise_options -- backbone.network.1.proj.0.small_conv.bn.bias:lr=1e-05
2025/03/03 11:37:35 - mmengine - INFO - paramwise_options -- backbone.network.1.proj.0.small_conv.bn.bias:weight_decay=0.05
2025/03/03 11:37:35 - mmengine - INFO - paramwise_options -- backbone.network.1.proj.0.small_conv.bn.bias:lr_mult=0.1
2025/03/03 11:37:35 - mmengine - INFO - paramwise_options -- backbone.network.1.proj.0.small_conv.bn.bias:decay_mult=1.0
2025/03/03 11:37:35 - mmengine - INFO - paramwise_options -- backbone.network.1.proj.1.rbr_skip.weight:lr=1e-05
2025/03/03 11:37:35 - mmengine - INFO - paramwise_options -- backbone.network.1.proj.1.rbr_skip.weight:weight_decay=0.05
2025/03/03 11:37:35 - mmengine - INFO - paramwise_options -- backbone.network.1.proj.1.rbr_skip.weight:lr_mult=0.1
2025/03/03 11:37:35 - mmengine - INFO - paramwise_options -- backbone.network.1.proj.1.rbr_skip.weight:decay_mult=1.0
2025/03/03 11:37:35 - mmengine - INFO - paramwise_options -- backbone.network.1.proj.1.rbr_skip.bias:lr=1e-05
2025/03/03 11:37:35 - mmengine - INFO - paramwise_options -- backbone.network.1.proj.1.rbr_skip.bias:weight_decay=0.05
2025/03/03 11:37:35 - mmengine - INFO - paramwise_options -- backbone.network.1.proj.1.rbr_skip.bias:lr_mult=0.1
2025/03/03 11:37:35 - mmengine - INFO - paramwise_options -- backbone.network.1.proj.1.rbr_skip.bias:decay_mult=1.0
2025/03/03 11:37:35 - mmengine - INFO - paramwise_options -- backbone.network.1.proj.1.rbr_conv.0.conv.weight:lr=1e-05
2025/03/03 11:37:35 - mmengine - INFO - paramwise_options -- backbone.network.1.proj.1.rbr_conv.0.conv.weight:weight_decay=0.05
2025/03/03 11:37:35 - mmengine - INFO - paramwise_options -- backbone.network.1.proj.1.rbr_conv.0.conv.weight:lr_mult=0.1
2025/03/03 11:37:35 - mmengine - INFO - paramwise_options -- backbone.network.1.proj.1.rbr_conv.0.conv.weight:decay_mult=1.0
2025/03/03 11:37:35 - mmengine - INFO - paramwise_options -- backbone.network.1.proj.1.rbr_conv.0.bn.weight:lr=1e-05
2025/03/03 11:37:35 - mmengine - INFO - paramwise_options -- backbone.network.1.proj.1.rbr_conv.0.bn.weight:weight_decay=0.05
2025/03/03 11:37:35 - mmengine - INFO - paramwise_options -- backbone.network.1.proj.1.rbr_conv.0.bn.weight:lr_mult=0.1
2025/03/03 11:37:35 - mmengine - INFO - paramwise_options -- backbone.network.1.proj.1.rbr_conv.0.bn.weight:decay_mult=1.0
2025/03/03 11:37:35 - mmengine - INFO - paramwise_options -- backbone.network.1.proj.1.rbr_conv.0.bn.bias:lr=1e-05
2025/03/03 11:37:35 - mmengine - INFO - paramwise_options -- backbone.network.1.proj.1.rbr_conv.0.bn.bias:weight_decay=0.05
2025/03/03 11:37:35 - mmengine - INFO - paramwise_options -- backbone.network.1.proj.1.rbr_conv.0.bn.bias:lr_mult=0.1
2025/03/03 11:37:35 - mmengine - INFO - paramwise_options -- backbone.network.1.proj.1.rbr_conv.0.bn.bias:decay_mult=1.0
2025/03/03 11:37:35 - mmengine - INFO - paramwise_options -- backbone.network.2.0.layer_scale:lr=1e-05
2025/03/03 11:37:35 - mmengine - INFO - paramwise_options -- backbone.network.2.0.layer_scale:weight_decay=0.05
2025/03/03 11:37:35 - mmengine - INFO - paramwise_options -- backbone.network.2.0.layer_scale:lr_mult=0.1
2025/03/03 11:37:35 - mmengine - INFO - paramwise_options -- backbone.network.2.0.layer_scale:decay_mult=1.0
2025/03/03 11:37:35 - mmengine - INFO - paramwise_options -- backbone.network.2.0.token_mixer.layer_scale:lr=1e-05
2025/03/03 11:37:35 - mmengine - INFO - paramwise_options -- backbone.network.2.0.token_mixer.layer_scale:weight_decay=0.05
2025/03/03 11:37:35 - mmengine - INFO - paramwise_options -- backbone.network.2.0.token_mixer.layer_scale:lr_mult=0.1
2025/03/03 11:37:35 - mmengine - INFO - paramwise_options -- backbone.network.2.0.token_mixer.layer_scale:decay_mult=1.0
2025/03/03 11:37:35 - mmengine - INFO - paramwise_options -- backbone.network.2.0.token_mixer.norm.rbr_skip.weight:lr=1e-05
2025/03/03 11:37:35 - mmengine - INFO - paramwise_options -- backbone.network.2.0.token_mixer.norm.rbr_skip.weight:weight_decay=0.05
2025/03/03 11:37:35 - mmengine - INFO - paramwise_options -- backbone.network.2.0.token_mixer.norm.rbr_skip.weight:lr_mult=0.1
2025/03/03 11:37:35 - mmengine - INFO - paramwise_options -- backbone.network.2.0.token_mixer.norm.rbr_skip.weight:decay_mult=1.0
2025/03/03 11:37:35 - mmengine - INFO - paramwise_options -- backbone.network.2.0.token_mixer.norm.rbr_skip.bias:lr=1e-05
2025/03/03 11:37:35 - mmengine - INFO - paramwise_options -- backbone.network.2.0.token_mixer.norm.rbr_skip.bias:weight_decay=0.05
2025/03/03 11:37:35 - mmengine - INFO - paramwise_options -- backbone.network.2.0.token_mixer.norm.rbr_skip.bias:lr_mult=0.1
2025/03/03 11:37:35 - mmengine - INFO - paramwise_options -- backbone.network.2.0.token_mixer.norm.rbr_skip.bias:decay_mult=1.0
2025/03/03 11:37:35 - mmengine - INFO - paramwise_options -- backbone.network.2.0.token_mixer.mixer.rbr_skip.weight:lr=1e-05
2025/03/03 11:37:35 - mmengine - INFO - paramwise_options -- backbone.network.2.0.token_mixer.mixer.rbr_skip.weight:weight_decay=0.05
2025/03/03 11:37:35 - mmengine - INFO - paramwise_options -- backbone.network.2.0.token_mixer.mixer.rbr_skip.weight:lr_mult=0.1
2025/03/03 11:37:35 - mmengine - INFO - paramwise_options -- backbone.network.2.0.token_mixer.mixer.rbr_skip.weight:decay_mult=1.0
2025/03/03 11:37:35 - mmengine - INFO - paramwise_options -- backbone.network.2.0.token_mixer.mixer.rbr_skip.bias:lr=1e-05
2025/03/03 11:37:35 - mmengine - INFO - paramwise_options -- backbone.network.2.0.token_mixer.mixer.rbr_skip.bias:weight_decay=0.05
2025/03/03 11:37:35 - mmengine - INFO - paramwise_options -- backbone.network.2.0.token_mixer.mixer.rbr_skip.bias:lr_mult=0.1
2025/03/03 11:37:35 - mmengine - INFO - paramwise_options -- backbone.network.2.0.token_mixer.mixer.rbr_skip.bias:decay_mult=1.0
2025/03/03 11:37:35 - mmengine - INFO - paramwise_options -- backbone.network.2.0.token_mixer.mixer.rbr_conv.0.conv.weight:lr=1e-05
2025/03/03 11:37:35 - mmengine - INFO - paramwise_options -- backbone.network.2.0.token_mixer.mixer.rbr_conv.0.conv.weight:weight_decay=0.05
2025/03/03 11:37:35 - mmengine - INFO - paramwise_options -- backbone.network.2.0.token_mixer.mixer.rbr_conv.0.conv.weight:lr_mult=0.1
2025/03/03 11:37:35 - mmengine - INFO - paramwise_options -- backbone.network.2.0.token_mixer.mixer.rbr_conv.0.conv.weight:decay_mult=1.0
2025/03/03 11:37:35 - mmengine - INFO - paramwise_options -- backbone.network.2.0.token_mixer.mixer.rbr_conv.0.bn.weight:lr=1e-05
2025/03/03 11:37:35 - mmengine - INFO - paramwise_options -- backbone.network.2.0.token_mixer.mixer.rbr_conv.0.bn.weight:weight_decay=0.05
2025/03/03 11:37:35 - mmengine - INFO - paramwise_options -- backbone.network.2.0.token_mixer.mixer.rbr_conv.0.bn.weight:lr_mult=0.1
2025/03/03 11:37:35 - mmengine - INFO - paramwise_options -- backbone.network.2.0.token_mixer.mixer.rbr_conv.0.bn.weight:decay_mult=1.0
2025/03/03 11:37:35 - mmengine - INFO - paramwise_options -- backbone.network.2.0.token_mixer.mixer.rbr_conv.0.bn.bias:lr=1e-05
2025/03/03 11:37:35 - mmengine - INFO - paramwise_options -- backbone.network.2.0.token_mixer.mixer.rbr_conv.0.bn.bias:weight_decay=0.05
2025/03/03 11:37:35 - mmengine - INFO - paramwise_options -- backbone.network.2.0.token_mixer.mixer.rbr_conv.0.bn.bias:lr_mult=0.1
2025/03/03 11:37:35 - mmengine - INFO - paramwise_options -- backbone.network.2.0.token_mixer.mixer.rbr_conv.0.bn.bias:decay_mult=1.0
2025/03/03 11:37:35 - mmengine - INFO - paramwise_options -- backbone.network.2.0.token_mixer.mixer.rbr_scale.conv.weight:lr=1e-05
2025/03/03 11:37:35 - mmengine - INFO - paramwise_options -- backbone.network.2.0.token_mixer.mixer.rbr_scale.conv.weight:weight_decay=0.05
2025/03/03 11:37:35 - mmengine - INFO - paramwise_options -- backbone.network.2.0.token_mixer.mixer.rbr_scale.conv.weight:lr_mult=0.1
2025/03/03 11:37:35 - mmengine - INFO - paramwise_options -- backbone.network.2.0.token_mixer.mixer.rbr_scale.conv.weight:decay_mult=1.0
2025/03/03 11:37:35 - mmengine - INFO - paramwise_options -- backbone.network.2.0.token_mixer.mixer.rbr_scale.bn.weight:lr=1e-05
2025/03/03 11:37:35 - mmengine - INFO - paramwise_options -- backbone.network.2.0.token_mixer.mixer.rbr_scale.bn.weight:weight_decay=0.05
2025/03/03 11:37:35 - mmengine - INFO - paramwise_options -- backbone.network.2.0.token_mixer.mixer.rbr_scale.bn.weight:lr_mult=0.1
2025/03/03 11:37:35 - mmengine - INFO - paramwise_options -- backbone.network.2.0.token_mixer.mixer.rbr_scale.bn.weight:decay_mult=1.0
2025/03/03 11:37:35 - mmengine - INFO - paramwise_options -- backbone.network.2.0.token_mixer.mixer.rbr_scale.bn.bias:lr=1e-05
2025/03/03 11:37:35 - mmengine - INFO - paramwise_options -- backbone.network.2.0.token_mixer.mixer.rbr_scale.bn.bias:weight_decay=0.05
2025/03/03 11:37:35 - mmengine - INFO - paramwise_options -- backbone.network.2.0.token_mixer.mixer.rbr_scale.bn.bias:lr_mult=0.1
2025/03/03 11:37:35 - mmengine - INFO - paramwise_options -- backbone.network.2.0.token_mixer.mixer.rbr_scale.bn.bias:decay_mult=1.0
2025/03/03 11:37:35 - mmengine - INFO - paramwise_options -- backbone.network.2.0.convffn.conv.conv.weight:lr=1e-05
2025/03/03 11:37:35 - mmengine - INFO - paramwise_options -- backbone.network.2.0.convffn.conv.conv.weight:weight_decay=0.05
2025/03/03 11:37:35 - mmengine - INFO - paramwise_options -- backbone.network.2.0.convffn.conv.conv.weight:lr_mult=0.1
2025/03/03 11:37:35 - mmengine - INFO - paramwise_options -- backbone.network.2.0.convffn.conv.conv.weight:decay_mult=1.0
2025/03/03 11:37:35 - mmengine - INFO - paramwise_options -- backbone.network.2.0.convffn.conv.bn.weight:lr=1e-05
2025/03/03 11:37:35 - mmengine - INFO - paramwise_options -- backbone.network.2.0.convffn.conv.bn.weight:weight_decay=0.05
2025/03/03 11:37:35 - mmengine - INFO - paramwise_options -- backbone.network.2.0.convffn.conv.bn.weight:lr_mult=0.1
2025/03/03 11:37:35 - mmengine - INFO - paramwise_options -- backbone.network.2.0.convffn.conv.bn.weight:decay_mult=1.0
2025/03/03 11:37:35 - mmengine - INFO - paramwise_options -- backbone.network.2.0.convffn.conv.bn.bias:lr=1e-05
2025/03/03 11:37:35 - mmengine - INFO - paramwise_options -- backbone.network.2.0.convffn.conv.bn.bias:weight_decay=0.05
2025/03/03 11:37:35 - mmengine - INFO - paramwise_options -- backbone.network.2.0.convffn.conv.bn.bias:lr_mult=0.1
2025/03/03 11:37:35 - mmengine - INFO - paramwise_options -- backbone.network.2.0.convffn.conv.bn.bias:decay_mult=1.0
2025/03/03 11:37:35 - mmengine - INFO - paramwise_options -- backbone.network.2.0.convffn.fc1.weight:lr=1e-05
2025/03/03 11:37:35 - mmengine - INFO - paramwise_options -- backbone.network.2.0.convffn.fc1.weight:weight_decay=0.05
2025/03/03 11:37:35 - mmengine - INFO - paramwise_options -- backbone.network.2.0.convffn.fc1.weight:lr_mult=0.1
2025/03/03 11:37:35 - mmengine - INFO - paramwise_options -- backbone.network.2.0.convffn.fc1.weight:decay_mult=1.0
2025/03/03 11:37:35 - mmengine - INFO - paramwise_options -- backbone.network.2.0.convffn.fc1.bias:lr=1e-05
2025/03/03 11:37:35 - mmengine - INFO - paramwise_options -- backbone.network.2.0.convffn.fc1.bias:weight_decay=0.05
2025/03/03 11:37:35 - mmengine - INFO - paramwise_options -- backbone.network.2.0.convffn.fc1.bias:lr_mult=0.1
2025/03/03 11:37:35 - mmengine - INFO - paramwise_options -- backbone.network.2.0.convffn.fc1.bias:decay_mult=1.0
2025/03/03 11:37:35 - mmengine - INFO - paramwise_options -- backbone.network.2.0.convffn.fc2.weight:lr=1e-05
2025/03/03 11:37:35 - mmengine - INFO - paramwise_options -- backbone.network.2.0.convffn.fc2.weight:weight_decay=0.05
2025/03/03 11:37:35 - mmengine - INFO - paramwise_options -- backbone.network.2.0.convffn.fc2.weight:lr_mult=0.1
2025/03/03 11:37:35 - mmengine - INFO - paramwise_options -- backbone.network.2.0.convffn.fc2.weight:decay_mult=1.0
2025/03/03 11:37:35 - mmengine - INFO - paramwise_options -- backbone.network.2.0.convffn.fc2.bias:lr=1e-05
2025/03/03 11:37:35 - mmengine - INFO - paramwise_options -- backbone.network.2.0.convffn.fc2.bias:weight_decay=0.05
2025/03/03 11:37:35 - mmengine - INFO - paramwise_options -- backbone.network.2.0.convffn.fc2.bias:lr_mult=0.1
2025/03/03 11:37:35 - mmengine - INFO - paramwise_options -- backbone.network.2.0.convffn.fc2.bias:decay_mult=1.0
2025/03/03 11:37:35 - mmengine - INFO - paramwise_options -- backbone.network.2.1.layer_scale:lr=1e-05
2025/03/03 11:37:35 - mmengine - INFO - paramwise_options -- backbone.network.2.1.layer_scale:weight_decay=0.05
2025/03/03 11:37:35 - mmengine - INFO - paramwise_options -- backbone.network.2.1.layer_scale:lr_mult=0.1
2025/03/03 11:37:35 - mmengine - INFO - paramwise_options -- backbone.network.2.1.layer_scale:decay_mult=1.0
2025/03/03 11:37:35 - mmengine - INFO - paramwise_options -- backbone.network.2.1.token_mixer.layer_scale:lr=1e-05
2025/03/03 11:37:35 - mmengine - INFO - paramwise_options -- backbone.network.2.1.token_mixer.layer_scale:weight_decay=0.05
2025/03/03 11:37:35 - mmengine - INFO - paramwise_options -- backbone.network.2.1.token_mixer.layer_scale:lr_mult=0.1
2025/03/03 11:37:35 - mmengine - INFO - paramwise_options -- backbone.network.2.1.token_mixer.layer_scale:decay_mult=1.0
2025/03/03 11:37:35 - mmengine - INFO - paramwise_options -- backbone.network.2.1.token_mixer.norm.rbr_skip.weight:lr=1e-05
2025/03/03 11:37:35 - mmengine - INFO - paramwise_options -- backbone.network.2.1.token_mixer.norm.rbr_skip.weight:weight_decay=0.05
2025/03/03 11:37:35 - mmengine - INFO - paramwise_options -- backbone.network.2.1.token_mixer.norm.rbr_skip.weight:lr_mult=0.1
2025/03/03 11:37:35 - mmengine - INFO - paramwise_options -- backbone.network.2.1.token_mixer.norm.rbr_skip.weight:decay_mult=1.0
2025/03/03 11:37:35 - mmengine - INFO - paramwise_options -- backbone.network.2.1.token_mixer.norm.rbr_skip.bias:lr=1e-05
2025/03/03 11:37:35 - mmengine - INFO - paramwise_options -- backbone.network.2.1.token_mixer.norm.rbr_skip.bias:weight_decay=0.05
2025/03/03 11:37:35 - mmengine - INFO - paramwise_options -- backbone.network.2.1.token_mixer.norm.rbr_skip.bias:lr_mult=0.1
2025/03/03 11:37:35 - mmengine - INFO - paramwise_options -- backbone.network.2.1.token_mixer.norm.rbr_skip.bias:decay_mult=1.0
2025/03/03 11:37:35 - mmengine - INFO - paramwise_options -- backbone.network.2.1.token_mixer.mixer.rbr_skip.weight:lr=1e-05
2025/03/03 11:37:35 - mmengine - INFO - paramwise_options -- backbone.network.2.1.token_mixer.mixer.rbr_skip.weight:weight_decay=0.05
2025/03/03 11:37:35 - mmengine - INFO - paramwise_options -- backbone.network.2.1.token_mixer.mixer.rbr_skip.weight:lr_mult=0.1
2025/03/03 11:37:35 - mmengine - INFO - paramwise_options -- backbone.network.2.1.token_mixer.mixer.rbr_skip.weight:decay_mult=1.0
2025/03/03 11:37:35 - mmengine - INFO - paramwise_options -- backbone.network.2.1.token_mixer.mixer.rbr_skip.bias:lr=1e-05
2025/03/03 11:37:35 - mmengine - INFO - paramwise_options -- backbone.network.2.1.token_mixer.mixer.rbr_skip.bias:weight_decay=0.05
2025/03/03 11:37:35 - mmengine - INFO - paramwise_options -- backbone.network.2.1.token_mixer.mixer.rbr_skip.bias:lr_mult=0.1
2025/03/03 11:37:35 - mmengine - INFO - paramwise_options -- backbone.network.2.1.token_mixer.mixer.rbr_skip.bias:decay_mult=1.0
2025/03/03 11:37:35 - mmengine - INFO - paramwise_options -- backbone.network.2.1.token_mixer.mixer.rbr_conv.0.conv.weight:lr=1e-05
2025/03/03 11:37:35 - mmengine - INFO - paramwise_options -- backbone.network.2.1.token_mixer.mixer.rbr_conv.0.conv.weight:weight_decay=0.05
2025/03/03 11:37:35 - mmengine - INFO - paramwise_options -- backbone.network.2.1.token_mixer.mixer.rbr_conv.0.conv.weight:lr_mult=0.1
2025/03/03 11:37:35 - mmengine - INFO - paramwise_options -- backbone.network.2.1.token_mixer.mixer.rbr_conv.0.conv.weight:decay_mult=1.0
2025/03/03 11:37:35 - mmengine - INFO - paramwise_options -- backbone.network.2.1.token_mixer.mixer.rbr_conv.0.bn.weight:lr=1e-05
2025/03/03 11:37:35 - mmengine - INFO - paramwise_options -- backbone.network.2.1.token_mixer.mixer.rbr_conv.0.bn.weight:weight_decay=0.05
2025/03/03 11:37:35 - mmengine - INFO - paramwise_options -- backbone.network.2.1.token_mixer.mixer.rbr_conv.0.bn.weight:lr_mult=0.1
2025/03/03 11:37:35 - mmengine - INFO - paramwise_options -- backbone.network.2.1.token_mixer.mixer.rbr_conv.0.bn.weight:decay_mult=1.0
2025/03/03 11:37:35 - mmengine - INFO - paramwise_options -- backbone.network.2.1.token_mixer.mixer.rbr_conv.0.bn.bias:lr=1e-05
2025/03/03 11:37:35 - mmengine - INFO - paramwise_options -- backbone.network.2.1.token_mixer.mixer.rbr_conv.0.bn.bias:weight_decay=0.05
2025/03/03 11:37:35 - mmengine - INFO - paramwise_options -- backbone.network.2.1.token_mixer.mixer.rbr_conv.0.bn.bias:lr_mult=0.1
2025/03/03 11:37:35 - mmengine - INFO - paramwise_options -- backbone.network.2.1.token_mixer.mixer.rbr_conv.0.bn.bias:decay_mult=1.0
2025/03/03 11:37:35 - mmengine - INFO - paramwise_options -- backbone.network.2.1.token_mixer.mixer.rbr_scale.conv.weight:lr=1e-05
2025/03/03 11:37:35 - mmengine - INFO - paramwise_options -- backbone.network.2.1.token_mixer.mixer.rbr_scale.conv.weight:weight_decay=0.05
2025/03/03 11:37:35 - mmengine - INFO - paramwise_options -- backbone.network.2.1.token_mixer.mixer.rbr_scale.conv.weight:lr_mult=0.1
2025/03/03 11:37:35 - mmengine - INFO - paramwise_options -- backbone.network.2.1.token_mixer.mixer.rbr_scale.conv.weight:decay_mult=1.0
2025/03/03 11:37:35 - mmengine - INFO - paramwise_options -- backbone.network.2.1.token_mixer.mixer.rbr_scale.bn.weight:lr=1e-05
2025/03/03 11:37:35 - mmengine - INFO - paramwise_options -- backbone.network.2.1.token_mixer.mixer.rbr_scale.bn.weight:weight_decay=0.05
2025/03/03 11:37:35 - mmengine - INFO - paramwise_options -- backbone.network.2.1.token_mixer.mixer.rbr_scale.bn.weight:lr_mult=0.1
2025/03/03 11:37:35 - mmengine - INFO - paramwise_options -- backbone.network.2.1.token_mixer.mixer.rbr_scale.bn.weight:decay_mult=1.0
2025/03/03 11:37:35 - mmengine - INFO - paramwise_options -- backbone.network.2.1.token_mixer.mixer.rbr_scale.bn.bias:lr=1e-05
2025/03/03 11:37:35 - mmengine - INFO - paramwise_options -- backbone.network.2.1.token_mixer.mixer.rbr_scale.bn.bias:weight_decay=0.05
2025/03/03 11:37:35 - mmengine - INFO - paramwise_options -- backbone.network.2.1.token_mixer.mixer.rbr_scale.bn.bias:lr_mult=0.1
2025/03/03 11:37:35 - mmengine - INFO - paramwise_options -- backbone.network.2.1.token_mixer.mixer.rbr_scale.bn.bias:decay_mult=1.0
2025/03/03 11:37:35 - mmengine - INFO - paramwise_options -- backbone.network.2.1.convffn.conv.conv.weight:lr=1e-05
2025/03/03 11:37:35 - mmengine - INFO - paramwise_options -- backbone.network.2.1.convffn.conv.conv.weight:weight_decay=0.05
2025/03/03 11:37:35 - mmengine - INFO - paramwise_options -- backbone.network.2.1.convffn.conv.conv.weight:lr_mult=0.1
2025/03/03 11:37:35 - mmengine - INFO - paramwise_options -- backbone.network.2.1.convffn.conv.conv.weight:decay_mult=1.0
2025/03/03 11:37:35 - mmengine - INFO - paramwise_options -- backbone.network.2.1.convffn.conv.bn.weight:lr=1e-05
2025/03/03 11:37:35 - mmengine - INFO - paramwise_options -- backbone.network.2.1.convffn.conv.bn.weight:weight_decay=0.05
2025/03/03 11:37:35 - mmengine - INFO - paramwise_options -- backbone.network.2.1.convffn.conv.bn.weight:lr_mult=0.1
2025/03/03 11:37:35 - mmengine - INFO - paramwise_options -- backbone.network.2.1.convffn.conv.bn.weight:decay_mult=1.0
2025/03/03 11:37:35 - mmengine - INFO - paramwise_options -- backbone.network.2.1.convffn.conv.bn.bias:lr=1e-05
2025/03/03 11:37:35 - mmengine - INFO - paramwise_options -- backbone.network.2.1.convffn.conv.bn.bias:weight_decay=0.05
2025/03/03 11:37:35 - mmengine - INFO - paramwise_options -- backbone.network.2.1.convffn.conv.bn.bias:lr_mult=0.1
2025/03/03 11:37:35 - mmengine - INFO - paramwise_options -- backbone.network.2.1.convffn.conv.bn.bias:decay_mult=1.0
2025/03/03 11:37:35 - mmengine - INFO - paramwise_options -- backbone.network.2.1.convffn.fc1.weight:lr=1e-05
2025/03/03 11:37:35 - mmengine - INFO - paramwise_options -- backbone.network.2.1.convffn.fc1.weight:weight_decay=0.05
2025/03/03 11:37:35 - mmengine - INFO - paramwise_options -- backbone.network.2.1.convffn.fc1.weight:lr_mult=0.1
2025/03/03 11:37:35 - mmengine - INFO - paramwise_options -- backbone.network.2.1.convffn.fc1.weight:decay_mult=1.0
2025/03/03 11:37:35 - mmengine - INFO - paramwise_options -- backbone.network.2.1.convffn.fc1.bias:lr=1e-05
2025/03/03 11:37:35 - mmengine - INFO - paramwise_options -- backbone.network.2.1.convffn.fc1.bias:weight_decay=0.05
2025/03/03 11:37:35 - mmengine - INFO - paramwise_options -- backbone.network.2.1.convffn.fc1.bias:lr_mult=0.1
2025/03/03 11:37:35 - mmengine - INFO - paramwise_options -- backbone.network.2.1.convffn.fc1.bias:decay_mult=1.0
2025/03/03 11:37:35 - mmengine - INFO - paramwise_options -- backbone.network.2.1.convffn.fc2.weight:lr=1e-05
2025/03/03 11:37:35 - mmengine - INFO - paramwise_options -- backbone.network.2.1.convffn.fc2.weight:weight_decay=0.05
2025/03/03 11:37:35 - mmengine - INFO - paramwise_options -- backbone.network.2.1.convffn.fc2.weight:lr_mult=0.1
2025/03/03 11:37:35 - mmengine - INFO - paramwise_options -- backbone.network.2.1.convffn.fc2.weight:decay_mult=1.0
2025/03/03 11:37:35 - mmengine - INFO - paramwise_options -- backbone.network.2.1.convffn.fc2.bias:lr=1e-05
2025/03/03 11:37:35 - mmengine - INFO - paramwise_options -- backbone.network.2.1.convffn.fc2.bias:weight_decay=0.05
2025/03/03 11:37:35 - mmengine - INFO - paramwise_options -- backbone.network.2.1.convffn.fc2.bias:lr_mult=0.1
2025/03/03 11:37:35 - mmengine - INFO - paramwise_options -- backbone.network.2.1.convffn.fc2.bias:decay_mult=1.0
2025/03/03 11:37:35 - mmengine - INFO - paramwise_options -- backbone.network.2.2.layer_scale:lr=1e-05
2025/03/03 11:37:35 - mmengine - INFO - paramwise_options -- backbone.network.2.2.layer_scale:weight_decay=0.05
2025/03/03 11:37:35 - mmengine - INFO - paramwise_options -- backbone.network.2.2.layer_scale:lr_mult=0.1
2025/03/03 11:37:35 - mmengine - INFO - paramwise_options -- backbone.network.2.2.layer_scale:decay_mult=1.0
2025/03/03 11:37:35 - mmengine - INFO - paramwise_options -- backbone.network.2.2.token_mixer.layer_scale:lr=1e-05
2025/03/03 11:37:35 - mmengine - INFO - paramwise_options -- backbone.network.2.2.token_mixer.layer_scale:weight_decay=0.05
2025/03/03 11:37:35 - mmengine - INFO - paramwise_options -- backbone.network.2.2.token_mixer.layer_scale:lr_mult=0.1
2025/03/03 11:37:35 - mmengine - INFO - paramwise_options -- backbone.network.2.2.token_mixer.layer_scale:decay_mult=1.0
2025/03/03 11:37:35 - mmengine - INFO - paramwise_options -- backbone.network.2.2.token_mixer.norm.rbr_skip.weight:lr=1e-05
2025/03/03 11:37:35 - mmengine - INFO - paramwise_options -- backbone.network.2.2.token_mixer.norm.rbr_skip.weight:weight_decay=0.05
2025/03/03 11:37:35 - mmengine - INFO - paramwise_options -- backbone.network.2.2.token_mixer.norm.rbr_skip.weight:lr_mult=0.1
2025/03/03 11:37:35 - mmengine - INFO - paramwise_options -- backbone.network.2.2.token_mixer.norm.rbr_skip.weight:decay_mult=1.0
2025/03/03 11:37:35 - mmengine - INFO - paramwise_options -- backbone.network.2.2.token_mixer.norm.rbr_skip.bias:lr=1e-05
2025/03/03 11:37:35 - mmengine - INFO - paramwise_options -- backbone.network.2.2.token_mixer.norm.rbr_skip.bias:weight_decay=0.05
2025/03/03 11:37:35 - mmengine - INFO - paramwise_options -- backbone.network.2.2.token_mixer.norm.rbr_skip.bias:lr_mult=0.1
2025/03/03 11:37:35 - mmengine - INFO - paramwise_options -- backbone.network.2.2.token_mixer.norm.rbr_skip.bias:decay_mult=1.0
2025/03/03 11:37:35 - mmengine - INFO - paramwise_options -- backbone.network.2.2.token_mixer.mixer.rbr_skip.weight:lr=1e-05
2025/03/03 11:37:35 - mmengine - INFO - paramwise_options -- backbone.network.2.2.token_mixer.mixer.rbr_skip.weight:weight_decay=0.05
2025/03/03 11:37:35 - mmengine - INFO - paramwise_options -- backbone.network.2.2.token_mixer.mixer.rbr_skip.weight:lr_mult=0.1
2025/03/03 11:37:35 - mmengine - INFO - paramwise_options -- backbone.network.2.2.token_mixer.mixer.rbr_skip.weight:decay_mult=1.0
2025/03/03 11:37:35 - mmengine - INFO - paramwise_options -- backbone.network.2.2.token_mixer.mixer.rbr_skip.bias:lr=1e-05
2025/03/03 11:37:35 - mmengine - INFO - paramwise_options -- backbone.network.2.2.token_mixer.mixer.rbr_skip.bias:weight_decay=0.05
2025/03/03 11:37:35 - mmengine - INFO - paramwise_options -- backbone.network.2.2.token_mixer.mixer.rbr_skip.bias:lr_mult=0.1
2025/03/03 11:37:35 - mmengine - INFO - paramwise_options -- backbone.network.2.2.token_mixer.mixer.rbr_skip.bias:decay_mult=1.0
2025/03/03 11:37:35 - mmengine - INFO - paramwise_options -- backbone.network.2.2.token_mixer.mixer.rbr_conv.0.conv.weight:lr=1e-05
2025/03/03 11:37:35 - mmengine - INFO - paramwise_options -- backbone.network.2.2.token_mixer.mixer.rbr_conv.0.conv.weight:weight_decay=0.05
2025/03/03 11:37:35 - mmengine - INFO - paramwise_options -- backbone.network.2.2.token_mixer.mixer.rbr_conv.0.conv.weight:lr_mult=0.1
2025/03/03 11:37:35 - mmengine - INFO - paramwise_options -- backbone.network.2.2.token_mixer.mixer.rbr_conv.0.conv.weight:decay_mult=1.0
2025/03/03 11:37:35 - mmengine - INFO - paramwise_options -- backbone.network.2.2.token_mixer.mixer.rbr_conv.0.bn.weight:lr=1e-05
2025/03/03 11:37:35 - mmengine - INFO - paramwise_options -- backbone.network.2.2.token_mixer.mixer.rbr_conv.0.bn.weight:weight_decay=0.05
2025/03/03 11:37:35 - mmengine - INFO - paramwise_options -- backbone.network.2.2.token_mixer.mixer.rbr_conv.0.bn.weight:lr_mult=0.1
2025/03/03 11:37:35 - mmengine - INFO - paramwise_options -- backbone.network.2.2.token_mixer.mixer.rbr_conv.0.bn.weight:decay_mult=1.0
2025/03/03 11:37:35 - mmengine - INFO - paramwise_options -- backbone.network.2.2.token_mixer.mixer.rbr_conv.0.bn.bias:lr=1e-05
2025/03/03 11:37:35 - mmengine - INFO - paramwise_options -- backbone.network.2.2.token_mixer.mixer.rbr_conv.0.bn.bias:weight_decay=0.05
2025/03/03 11:37:35 - mmengine - INFO - paramwise_options -- backbone.network.2.2.token_mixer.mixer.rbr_conv.0.bn.bias:lr_mult=0.1
2025/03/03 11:37:35 - mmengine - INFO - paramwise_options -- backbone.network.2.2.token_mixer.mixer.rbr_conv.0.bn.bias:decay_mult=1.0
2025/03/03 11:37:35 - mmengine - INFO - paramwise_options -- backbone.network.2.2.token_mixer.mixer.rbr_scale.conv.weight:lr=1e-05
2025/03/03 11:37:35 - mmengine - INFO - paramwise_options -- backbone.network.2.2.token_mixer.mixer.rbr_scale.conv.weight:weight_decay=0.05
2025/03/03 11:37:35 - mmengine - INFO - paramwise_options -- backbone.network.2.2.token_mixer.mixer.rbr_scale.conv.weight:lr_mult=0.1
2025/03/03 11:37:35 - mmengine - INFO - paramwise_options -- backbone.network.2.2.token_mixer.mixer.rbr_scale.conv.weight:decay_mult=1.0
2025/03/03 11:37:35 - mmengine - INFO - paramwise_options -- backbone.network.2.2.token_mixer.mixer.rbr_scale.bn.weight:lr=1e-05
2025/03/03 11:37:35 - mmengine - INFO - paramwise_options -- backbone.network.2.2.token_mixer.mixer.rbr_scale.bn.weight:weight_decay=0.05
2025/03/03 11:37:35 - mmengine - INFO - paramwise_options -- backbone.network.2.2.token_mixer.mixer.rbr_scale.bn.weight:lr_mult=0.1
2025/03/03 11:37:35 - mmengine - INFO - paramwise_options -- backbone.network.2.2.token_mixer.mixer.rbr_scale.bn.weight:decay_mult=1.0
2025/03/03 11:37:35 - mmengine - INFO - paramwise_options -- backbone.network.2.2.token_mixer.mixer.rbr_scale.bn.bias:lr=1e-05
2025/03/03 11:37:35 - mmengine - INFO - paramwise_options -- backbone.network.2.2.token_mixer.mixer.rbr_scale.bn.bias:weight_decay=0.05
2025/03/03 11:37:35 - mmengine - INFO - paramwise_options -- backbone.network.2.2.token_mixer.mixer.rbr_scale.bn.bias:lr_mult=0.1
2025/03/03 11:37:35 - mmengine - INFO - paramwise_options -- backbone.network.2.2.token_mixer.mixer.rbr_scale.bn.bias:decay_mult=1.0
2025/03/03 11:37:35 - mmengine - INFO - paramwise_options -- backbone.network.2.2.convffn.conv.conv.weight:lr=1e-05
2025/03/03 11:37:35 - mmengine - INFO - paramwise_options -- backbone.network.2.2.convffn.conv.conv.weight:weight_decay=0.05
2025/03/03 11:37:35 - mmengine - INFO - paramwise_options -- backbone.network.2.2.convffn.conv.conv.weight:lr_mult=0.1
2025/03/03 11:37:35 - mmengine - INFO - paramwise_options -- backbone.network.2.2.convffn.conv.conv.weight:decay_mult=1.0
2025/03/03 11:37:35 - mmengine - INFO - paramwise_options -- backbone.network.2.2.convffn.conv.bn.weight:lr=1e-05
2025/03/03 11:37:35 - mmengine - INFO - paramwise_options -- backbone.network.2.2.convffn.conv.bn.weight:weight_decay=0.05
2025/03/03 11:37:35 - mmengine - INFO - paramwise_options -- backbone.network.2.2.convffn.conv.bn.weight:lr_mult=0.1
2025/03/03 11:37:35 - mmengine - INFO - paramwise_options -- backbone.network.2.2.convffn.conv.bn.weight:decay_mult=1.0
2025/03/03 11:37:35 - mmengine - INFO - paramwise_options -- backbone.network.2.2.convffn.conv.bn.bias:lr=1e-05
2025/03/03 11:37:35 - mmengine - INFO - paramwise_options -- backbone.network.2.2.convffn.conv.bn.bias:weight_decay=0.05
2025/03/03 11:37:35 - mmengine - INFO - paramwise_options -- backbone.network.2.2.convffn.conv.bn.bias:lr_mult=0.1
2025/03/03 11:37:35 - mmengine - INFO - paramwise_options -- backbone.network.2.2.convffn.conv.bn.bias:decay_mult=1.0
2025/03/03 11:37:35 - mmengine - INFO - paramwise_options -- backbone.network.2.2.convffn.fc1.weight:lr=1e-05
2025/03/03 11:37:35 - mmengine - INFO - paramwise_options -- backbone.network.2.2.convffn.fc1.weight:weight_decay=0.05
2025/03/03 11:37:35 - mmengine - INFO - paramwise_options -- backbone.network.2.2.convffn.fc1.weight:lr_mult=0.1
2025/03/03 11:37:35 - mmengine - INFO - paramwise_options -- backbone.network.2.2.convffn.fc1.weight:decay_mult=1.0
2025/03/03 11:37:35 - mmengine - INFO - paramwise_options -- backbone.network.2.2.convffn.fc1.bias:lr=1e-05
2025/03/03 11:37:35 - mmengine - INFO - paramwise_options -- backbone.network.2.2.convffn.fc1.bias:weight_decay=0.05
2025/03/03 11:37:35 - mmengine - INFO - paramwise_options -- backbone.network.2.2.convffn.fc1.bias:lr_mult=0.1
2025/03/03 11:37:35 - mmengine - INFO - paramwise_options -- backbone.network.2.2.convffn.fc1.bias:decay_mult=1.0
2025/03/03 11:37:35 - mmengine - INFO - paramwise_options -- backbone.network.2.2.convffn.fc2.weight:lr=1e-05
2025/03/03 11:37:35 - mmengine - INFO - paramwise_options -- backbone.network.2.2.convffn.fc2.weight:weight_decay=0.05
2025/03/03 11:37:35 - mmengine - INFO - paramwise_options -- backbone.network.2.2.convffn.fc2.weight:lr_mult=0.1
2025/03/03 11:37:35 - mmengine - INFO - paramwise_options -- backbone.network.2.2.convffn.fc2.weight:decay_mult=1.0
2025/03/03 11:37:35 - mmengine - INFO - paramwise_options -- backbone.network.2.2.convffn.fc2.bias:lr=1e-05
2025/03/03 11:37:35 - mmengine - INFO - paramwise_options -- backbone.network.2.2.convffn.fc2.bias:weight_decay=0.05
2025/03/03 11:37:35 - mmengine - INFO - paramwise_options -- backbone.network.2.2.convffn.fc2.bias:lr_mult=0.1
2025/03/03 11:37:35 - mmengine - INFO - paramwise_options -- backbone.network.2.2.convffn.fc2.bias:decay_mult=1.0
2025/03/03 11:37:35 - mmengine - INFO - paramwise_options -- backbone.network.2.3.layer_scale:lr=1e-05
2025/03/03 11:37:35 - mmengine - INFO - paramwise_options -- backbone.network.2.3.layer_scale:weight_decay=0.05
2025/03/03 11:37:35 - mmengine - INFO - paramwise_options -- backbone.network.2.3.layer_scale:lr_mult=0.1
2025/03/03 11:37:35 - mmengine - INFO - paramwise_options -- backbone.network.2.3.layer_scale:decay_mult=1.0
2025/03/03 11:37:35 - mmengine - INFO - paramwise_options -- backbone.network.2.3.token_mixer.layer_scale:lr=1e-05
2025/03/03 11:37:35 - mmengine - INFO - paramwise_options -- backbone.network.2.3.token_mixer.layer_scale:weight_decay=0.05
2025/03/03 11:37:35 - mmengine - INFO - paramwise_options -- backbone.network.2.3.token_mixer.layer_scale:lr_mult=0.1
2025/03/03 11:37:35 - mmengine - INFO - paramwise_options -- backbone.network.2.3.token_mixer.layer_scale:decay_mult=1.0
2025/03/03 11:37:35 - mmengine - INFO - paramwise_options -- backbone.network.2.3.token_mixer.norm.rbr_skip.weight:lr=1e-05
2025/03/03 11:37:35 - mmengine - INFO - paramwise_options -- backbone.network.2.3.token_mixer.norm.rbr_skip.weight:weight_decay=0.05
2025/03/03 11:37:35 - mmengine - INFO - paramwise_options -- backbone.network.2.3.token_mixer.norm.rbr_skip.weight:lr_mult=0.1
2025/03/03 11:37:35 - mmengine - INFO - paramwise_options -- backbone.network.2.3.token_mixer.norm.rbr_skip.weight:decay_mult=1.0
2025/03/03 11:37:35 - mmengine - INFO - paramwise_options -- backbone.network.2.3.token_mixer.norm.rbr_skip.bias:lr=1e-05
2025/03/03 11:37:35 - mmengine - INFO - paramwise_options -- backbone.network.2.3.token_mixer.norm.rbr_skip.bias:weight_decay=0.05
2025/03/03 11:37:35 - mmengine - INFO - paramwise_options -- backbone.network.2.3.token_mixer.norm.rbr_skip.bias:lr_mult=0.1
2025/03/03 11:37:35 - mmengine - INFO - paramwise_options -- backbone.network.2.3.token_mixer.norm.rbr_skip.bias:decay_mult=1.0
2025/03/03 11:37:35 - mmengine - INFO - paramwise_options -- backbone.network.2.3.token_mixer.mixer.rbr_skip.weight:lr=1e-05
2025/03/03 11:37:35 - mmengine - INFO - paramwise_options -- backbone.network.2.3.token_mixer.mixer.rbr_skip.weight:weight_decay=0.05
2025/03/03 11:37:35 - mmengine - INFO - paramwise_options -- backbone.network.2.3.token_mixer.mixer.rbr_skip.weight:lr_mult=0.1
2025/03/03 11:37:35 - mmengine - INFO - paramwise_options -- backbone.network.2.3.token_mixer.mixer.rbr_skip.weight:decay_mult=1.0
2025/03/03 11:37:35 - mmengine - INFO - paramwise_options -- backbone.network.2.3.token_mixer.mixer.rbr_skip.bias:lr=1e-05
2025/03/03 11:37:35 - mmengine - INFO - paramwise_options -- backbone.network.2.3.token_mixer.mixer.rbr_skip.bias:weight_decay=0.05
2025/03/03 11:37:35 - mmengine - INFO - paramwise_options -- backbone.network.2.3.token_mixer.mixer.rbr_skip.bias:lr_mult=0.1
2025/03/03 11:37:35 - mmengine - INFO - paramwise_options -- backbone.network.2.3.token_mixer.mixer.rbr_skip.bias:decay_mult=1.0
2025/03/03 11:37:35 - mmengine - INFO - paramwise_options -- backbone.network.2.3.token_mixer.mixer.rbr_conv.0.conv.weight:lr=1e-05
2025/03/03 11:37:35 - mmengine - INFO - paramwise_options -- backbone.network.2.3.token_mixer.mixer.rbr_conv.0.conv.weight:weight_decay=0.05
2025/03/03 11:37:35 - mmengine - INFO - paramwise_options -- backbone.network.2.3.token_mixer.mixer.rbr_conv.0.conv.weight:lr_mult=0.1
2025/03/03 11:37:35 - mmengine - INFO - paramwise_options -- backbone.network.2.3.token_mixer.mixer.rbr_conv.0.conv.weight:decay_mult=1.0
2025/03/03 11:37:35 - mmengine - INFO - paramwise_options -- backbone.network.2.3.token_mixer.mixer.rbr_conv.0.bn.weight:lr=1e-05
2025/03/03 11:37:35 - mmengine - INFO - paramwise_options -- backbone.network.2.3.token_mixer.mixer.rbr_conv.0.bn.weight:weight_decay=0.05
2025/03/03 11:37:35 - mmengine - INFO - paramwise_options -- backbone.network.2.3.token_mixer.mixer.rbr_conv.0.bn.weight:lr_mult=0.1
2025/03/03 11:37:35 - mmengine - INFO - paramwise_options -- backbone.network.2.3.token_mixer.mixer.rbr_conv.0.bn.weight:decay_mult=1.0
2025/03/03 11:37:35 - mmengine - INFO - paramwise_options -- backbone.network.2.3.token_mixer.mixer.rbr_conv.0.bn.bias:lr=1e-05
2025/03/03 11:37:35 - mmengine - INFO - paramwise_options -- backbone.network.2.3.token_mixer.mixer.rbr_conv.0.bn.bias:weight_decay=0.05
2025/03/03 11:37:35 - mmengine - INFO - paramwise_options -- backbone.network.2.3.token_mixer.mixer.rbr_conv.0.bn.bias:lr_mult=0.1
2025/03/03 11:37:35 - mmengine - INFO - paramwise_options -- backbone.network.2.3.token_mixer.mixer.rbr_conv.0.bn.bias:decay_mult=1.0
2025/03/03 11:37:35 - mmengine - INFO - paramwise_options -- backbone.network.2.3.token_mixer.mixer.rbr_scale.conv.weight:lr=1e-05
2025/03/03 11:37:35 - mmengine - INFO - paramwise_options -- backbone.network.2.3.token_mixer.mixer.rbr_scale.conv.weight:weight_decay=0.05
2025/03/03 11:37:35 - mmengine - INFO - paramwise_options -- backbone.network.2.3.token_mixer.mixer.rbr_scale.conv.weight:lr_mult=0.1
2025/03/03 11:37:35 - mmengine - INFO - paramwise_options -- backbone.network.2.3.token_mixer.mixer.rbr_scale.conv.weight:decay_mult=1.0
2025/03/03 11:37:35 - mmengine - INFO - paramwise_options -- backbone.network.2.3.token_mixer.mixer.rbr_scale.bn.weight:lr=1e-05
2025/03/03 11:37:35 - mmengine - INFO - paramwise_options -- backbone.network.2.3.token_mixer.mixer.rbr_scale.bn.weight:weight_decay=0.05
2025/03/03 11:37:35 - mmengine - INFO - paramwise_options -- backbone.network.2.3.token_mixer.mixer.rbr_scale.bn.weight:lr_mult=0.1
2025/03/03 11:37:35 - mmengine - INFO - paramwise_options -- backbone.network.2.3.token_mixer.mixer.rbr_scale.bn.weight:decay_mult=1.0
2025/03/03 11:37:35 - mmengine - INFO - paramwise_options -- backbone.network.2.3.token_mixer.mixer.rbr_scale.bn.bias:lr=1e-05
2025/03/03 11:37:35 - mmengine - INFO - paramwise_options -- backbone.network.2.3.token_mixer.mixer.rbr_scale.bn.bias:weight_decay=0.05
2025/03/03 11:37:35 - mmengine - INFO - paramwise_options -- backbone.network.2.3.token_mixer.mixer.rbr_scale.bn.bias:lr_mult=0.1
2025/03/03 11:37:35 - mmengine - INFO - paramwise_options -- backbone.network.2.3.token_mixer.mixer.rbr_scale.bn.bias:decay_mult=1.0
2025/03/03 11:37:35 - mmengine - INFO - paramwise_options -- backbone.network.2.3.convffn.conv.conv.weight:lr=1e-05
2025/03/03 11:37:35 - mmengine - INFO - paramwise_options -- backbone.network.2.3.convffn.conv.conv.weight:weight_decay=0.05
2025/03/03 11:37:35 - mmengine - INFO - paramwise_options -- backbone.network.2.3.convffn.conv.conv.weight:lr_mult=0.1
2025/03/03 11:37:35 - mmengine - INFO - paramwise_options -- backbone.network.2.3.convffn.conv.conv.weight:decay_mult=1.0
2025/03/03 11:37:35 - mmengine - INFO - paramwise_options -- backbone.network.2.3.convffn.conv.bn.weight:lr=1e-05
2025/03/03 11:37:35 - mmengine - INFO - paramwise_options -- backbone.network.2.3.convffn.conv.bn.weight:weight_decay=0.05
2025/03/03 11:37:35 - mmengine - INFO - paramwise_options -- backbone.network.2.3.convffn.conv.bn.weight:lr_mult=0.1
2025/03/03 11:37:35 - mmengine - INFO - paramwise_options -- backbone.network.2.3.convffn.conv.bn.weight:decay_mult=1.0
2025/03/03 11:37:35 - mmengine - INFO - paramwise_options -- backbone.network.2.3.convffn.conv.bn.bias:lr=1e-05
2025/03/03 11:37:35 - mmengine - INFO - paramwise_options -- backbone.network.2.3.convffn.conv.bn.bias:weight_decay=0.05
2025/03/03 11:37:35 - mmengine - INFO - paramwise_options -- backbone.network.2.3.convffn.conv.bn.bias:lr_mult=0.1
2025/03/03 11:37:35 - mmengine - INFO - paramwise_options -- backbone.network.2.3.convffn.conv.bn.bias:decay_mult=1.0
2025/03/03 11:37:35 - mmengine - INFO - paramwise_options -- backbone.network.2.3.convffn.fc1.weight:lr=1e-05
2025/03/03 11:37:35 - mmengine - INFO - paramwise_options -- backbone.network.2.3.convffn.fc1.weight:weight_decay=0.05
2025/03/03 11:37:35 - mmengine - INFO - paramwise_options -- backbone.network.2.3.convffn.fc1.weight:lr_mult=0.1
2025/03/03 11:37:35 - mmengine - INFO - paramwise_options -- backbone.network.2.3.convffn.fc1.weight:decay_mult=1.0
2025/03/03 11:37:35 - mmengine - INFO - paramwise_options -- backbone.network.2.3.convffn.fc1.bias:lr=1e-05
2025/03/03 11:37:35 - mmengine - INFO - paramwise_options -- backbone.network.2.3.convffn.fc1.bias:weight_decay=0.05
2025/03/03 11:37:35 - mmengine - INFO - paramwise_options -- backbone.network.2.3.convffn.fc1.bias:lr_mult=0.1
2025/03/03 11:37:35 - mmengine - INFO - paramwise_options -- backbone.network.2.3.convffn.fc1.bias:decay_mult=1.0
2025/03/03 11:37:35 - mmengine - INFO - paramwise_options -- backbone.network.2.3.convffn.fc2.weight:lr=1e-05
2025/03/03 11:37:35 - mmengine - INFO - paramwise_options -- backbone.network.2.3.convffn.fc2.weight:weight_decay=0.05
2025/03/03 11:37:35 - mmengine - INFO - paramwise_options -- backbone.network.2.3.convffn.fc2.weight:lr_mult=0.1
2025/03/03 11:37:35 - mmengine - INFO - paramwise_options -- backbone.network.2.3.convffn.fc2.weight:decay_mult=1.0
2025/03/03 11:37:35 - mmengine - INFO - paramwise_options -- backbone.network.2.3.convffn.fc2.bias:lr=1e-05
2025/03/03 11:37:35 - mmengine - INFO - paramwise_options -- backbone.network.2.3.convffn.fc2.bias:weight_decay=0.05
2025/03/03 11:37:35 - mmengine - INFO - paramwise_options -- backbone.network.2.3.convffn.fc2.bias:lr_mult=0.1
2025/03/03 11:37:36 - mmengine - INFO - paramwise_options -- backbone.network.2.3.convffn.fc2.bias:decay_mult=1.0
2025/03/03 11:37:36 - mmengine - INFO - paramwise_options -- backbone.network.2.4.layer_scale:lr=1e-05
2025/03/03 11:37:36 - mmengine - INFO - paramwise_options -- backbone.network.2.4.layer_scale:weight_decay=0.05
2025/03/03 11:37:36 - mmengine - INFO - paramwise_options -- backbone.network.2.4.layer_scale:lr_mult=0.1
2025/03/03 11:37:36 - mmengine - INFO - paramwise_options -- backbone.network.2.4.layer_scale:decay_mult=1.0
2025/03/03 11:37:36 - mmengine - INFO - paramwise_options -- backbone.network.2.4.token_mixer.layer_scale:lr=1e-05
2025/03/03 11:37:36 - mmengine - INFO - paramwise_options -- backbone.network.2.4.token_mixer.layer_scale:weight_decay=0.05
2025/03/03 11:37:36 - mmengine - INFO - paramwise_options -- backbone.network.2.4.token_mixer.layer_scale:lr_mult=0.1
2025/03/03 11:37:36 - mmengine - INFO - paramwise_options -- backbone.network.2.4.token_mixer.layer_scale:decay_mult=1.0
2025/03/03 11:37:36 - mmengine - INFO - paramwise_options -- backbone.network.2.4.token_mixer.norm.rbr_skip.weight:lr=1e-05
2025/03/03 11:37:36 - mmengine - INFO - paramwise_options -- backbone.network.2.4.token_mixer.norm.rbr_skip.weight:weight_decay=0.05
2025/03/03 11:37:36 - mmengine - INFO - paramwise_options -- backbone.network.2.4.token_mixer.norm.rbr_skip.weight:lr_mult=0.1
2025/03/03 11:37:36 - mmengine - INFO - paramwise_options -- backbone.network.2.4.token_mixer.norm.rbr_skip.weight:decay_mult=1.0
2025/03/03 11:37:36 - mmengine - INFO - paramwise_options -- backbone.network.2.4.token_mixer.norm.rbr_skip.bias:lr=1e-05
2025/03/03 11:37:36 - mmengine - INFO - paramwise_options -- backbone.network.2.4.token_mixer.norm.rbr_skip.bias:weight_decay=0.05
2025/03/03 11:37:36 - mmengine - INFO - paramwise_options -- backbone.network.2.4.token_mixer.norm.rbr_skip.bias:lr_mult=0.1
2025/03/03 11:37:36 - mmengine - INFO - paramwise_options -- backbone.network.2.4.token_mixer.norm.rbr_skip.bias:decay_mult=1.0
2025/03/03 11:37:36 - mmengine - INFO - paramwise_options -- backbone.network.2.4.token_mixer.mixer.rbr_skip.weight:lr=1e-05
2025/03/03 11:37:36 - mmengine - INFO - paramwise_options -- backbone.network.2.4.token_mixer.mixer.rbr_skip.weight:weight_decay=0.05
2025/03/03 11:37:36 - mmengine - INFO - paramwise_options -- backbone.network.2.4.token_mixer.mixer.rbr_skip.weight:lr_mult=0.1
2025/03/03 11:37:36 - mmengine - INFO - paramwise_options -- backbone.network.2.4.token_mixer.mixer.rbr_skip.weight:decay_mult=1.0
2025/03/03 11:37:36 - mmengine - INFO - paramwise_options -- backbone.network.2.4.token_mixer.mixer.rbr_skip.bias:lr=1e-05
2025/03/03 11:37:36 - mmengine - INFO - paramwise_options -- backbone.network.2.4.token_mixer.mixer.rbr_skip.bias:weight_decay=0.05
2025/03/03 11:37:36 - mmengine - INFO - paramwise_options -- backbone.network.2.4.token_mixer.mixer.rbr_skip.bias:lr_mult=0.1
2025/03/03 11:37:36 - mmengine - INFO - paramwise_options -- backbone.network.2.4.token_mixer.mixer.rbr_skip.bias:decay_mult=1.0
2025/03/03 11:37:36 - mmengine - INFO - paramwise_options -- backbone.network.2.4.token_mixer.mixer.rbr_conv.0.conv.weight:lr=1e-05
2025/03/03 11:37:36 - mmengine - INFO - paramwise_options -- backbone.network.2.4.token_mixer.mixer.rbr_conv.0.conv.weight:weight_decay=0.05
2025/03/03 11:37:36 - mmengine - INFO - paramwise_options -- backbone.network.2.4.token_mixer.mixer.rbr_conv.0.conv.weight:lr_mult=0.1
2025/03/03 11:37:36 - mmengine - INFO - paramwise_options -- backbone.network.2.4.token_mixer.mixer.rbr_conv.0.conv.weight:decay_mult=1.0
2025/03/03 11:37:36 - mmengine - INFO - paramwise_options -- backbone.network.2.4.token_mixer.mixer.rbr_conv.0.bn.weight:lr=1e-05
2025/03/03 11:37:36 - mmengine - INFO - paramwise_options -- backbone.network.2.4.token_mixer.mixer.rbr_conv.0.bn.weight:weight_decay=0.05
2025/03/03 11:37:36 - mmengine - INFO - paramwise_options -- backbone.network.2.4.token_mixer.mixer.rbr_conv.0.bn.weight:lr_mult=0.1
2025/03/03 11:37:36 - mmengine - INFO - paramwise_options -- backbone.network.2.4.token_mixer.mixer.rbr_conv.0.bn.weight:decay_mult=1.0
2025/03/03 11:37:36 - mmengine - INFO - paramwise_options -- backbone.network.2.4.token_mixer.mixer.rbr_conv.0.bn.bias:lr=1e-05
2025/03/03 11:37:36 - mmengine - INFO - paramwise_options -- backbone.network.2.4.token_mixer.mixer.rbr_conv.0.bn.bias:weight_decay=0.05
2025/03/03 11:37:36 - mmengine - INFO - paramwise_options -- backbone.network.2.4.token_mixer.mixer.rbr_conv.0.bn.bias:lr_mult=0.1
2025/03/03 11:37:36 - mmengine - INFO - paramwise_options -- backbone.network.2.4.token_mixer.mixer.rbr_conv.0.bn.bias:decay_mult=1.0
2025/03/03 11:37:36 - mmengine - INFO - paramwise_options -- backbone.network.2.4.token_mixer.mixer.rbr_scale.conv.weight:lr=1e-05
2025/03/03 11:37:36 - mmengine - INFO - paramwise_options -- backbone.network.2.4.token_mixer.mixer.rbr_scale.conv.weight:weight_decay=0.05
2025/03/03 11:37:36 - mmengine - INFO - paramwise_options -- backbone.network.2.4.token_mixer.mixer.rbr_scale.conv.weight:lr_mult=0.1
2025/03/03 11:37:36 - mmengine - INFO - paramwise_options -- backbone.network.2.4.token_mixer.mixer.rbr_scale.conv.weight:decay_mult=1.0
2025/03/03 11:37:36 - mmengine - INFO - paramwise_options -- backbone.network.2.4.token_mixer.mixer.rbr_scale.bn.weight:lr=1e-05
2025/03/03 11:37:36 - mmengine - INFO - paramwise_options -- backbone.network.2.4.token_mixer.mixer.rbr_scale.bn.weight:weight_decay=0.05
2025/03/03 11:37:36 - mmengine - INFO - paramwise_options -- backbone.network.2.4.token_mixer.mixer.rbr_scale.bn.weight:lr_mult=0.1
2025/03/03 11:37:36 - mmengine - INFO - paramwise_options -- backbone.network.2.4.token_mixer.mixer.rbr_scale.bn.weight:decay_mult=1.0
2025/03/03 11:37:36 - mmengine - INFO - paramwise_options -- backbone.network.2.4.token_mixer.mixer.rbr_scale.bn.bias:lr=1e-05
2025/03/03 11:37:36 - mmengine - INFO - paramwise_options -- backbone.network.2.4.token_mixer.mixer.rbr_scale.bn.bias:weight_decay=0.05
2025/03/03 11:37:36 - mmengine - INFO - paramwise_options -- backbone.network.2.4.token_mixer.mixer.rbr_scale.bn.bias:lr_mult=0.1
2025/03/03 11:37:36 - mmengine - INFO - paramwise_options -- backbone.network.2.4.token_mixer.mixer.rbr_scale.bn.bias:decay_mult=1.0
2025/03/03 11:37:36 - mmengine - INFO - paramwise_options -- backbone.network.2.4.convffn.conv.conv.weight:lr=1e-05
2025/03/03 11:37:36 - mmengine - INFO - paramwise_options -- backbone.network.2.4.convffn.conv.conv.weight:weight_decay=0.05
2025/03/03 11:37:36 - mmengine - INFO - paramwise_options -- backbone.network.2.4.convffn.conv.conv.weight:lr_mult=0.1
2025/03/03 11:37:36 - mmengine - INFO - paramwise_options -- backbone.network.2.4.convffn.conv.conv.weight:decay_mult=1.0
2025/03/03 11:37:36 - mmengine - INFO - paramwise_options -- backbone.network.2.4.convffn.conv.bn.weight:lr=1e-05
2025/03/03 11:37:36 - mmengine - INFO - paramwise_options -- backbone.network.2.4.convffn.conv.bn.weight:weight_decay=0.05
2025/03/03 11:37:36 - mmengine - INFO - paramwise_options -- backbone.network.2.4.convffn.conv.bn.weight:lr_mult=0.1
2025/03/03 11:37:36 - mmengine - INFO - paramwise_options -- backbone.network.2.4.convffn.conv.bn.weight:decay_mult=1.0
2025/03/03 11:37:36 - mmengine - INFO - paramwise_options -- backbone.network.2.4.convffn.conv.bn.bias:lr=1e-05
2025/03/03 11:37:36 - mmengine - INFO - paramwise_options -- backbone.network.2.4.convffn.conv.bn.bias:weight_decay=0.05
2025/03/03 11:37:36 - mmengine - INFO - paramwise_options -- backbone.network.2.4.convffn.conv.bn.bias:lr_mult=0.1
2025/03/03 11:37:36 - mmengine - INFO - paramwise_options -- backbone.network.2.4.convffn.conv.bn.bias:decay_mult=1.0
2025/03/03 11:37:36 - mmengine - INFO - paramwise_options -- backbone.network.2.4.convffn.fc1.weight:lr=1e-05
2025/03/03 11:37:36 - mmengine - INFO - paramwise_options -- backbone.network.2.4.convffn.fc1.weight:weight_decay=0.05
2025/03/03 11:37:36 - mmengine - INFO - paramwise_options -- backbone.network.2.4.convffn.fc1.weight:lr_mult=0.1
2025/03/03 11:37:36 - mmengine - INFO - paramwise_options -- backbone.network.2.4.convffn.fc1.weight:decay_mult=1.0
2025/03/03 11:37:36 - mmengine - INFO - paramwise_options -- backbone.network.2.4.convffn.fc1.bias:lr=1e-05
2025/03/03 11:37:36 - mmengine - INFO - paramwise_options -- backbone.network.2.4.convffn.fc1.bias:weight_decay=0.05
2025/03/03 11:37:36 - mmengine - INFO - paramwise_options -- backbone.network.2.4.convffn.fc1.bias:lr_mult=0.1
2025/03/03 11:37:36 - mmengine - INFO - paramwise_options -- backbone.network.2.4.convffn.fc1.bias:decay_mult=1.0
2025/03/03 11:37:36 - mmengine - INFO - paramwise_options -- backbone.network.2.4.convffn.fc2.weight:lr=1e-05
2025/03/03 11:37:36 - mmengine - INFO - paramwise_options -- backbone.network.2.4.convffn.fc2.weight:weight_decay=0.05
2025/03/03 11:37:36 - mmengine - INFO - paramwise_options -- backbone.network.2.4.convffn.fc2.weight:lr_mult=0.1
2025/03/03 11:37:36 - mmengine - INFO - paramwise_options -- backbone.network.2.4.convffn.fc2.weight:decay_mult=1.0
2025/03/03 11:37:36 - mmengine - INFO - paramwise_options -- backbone.network.2.4.convffn.fc2.bias:lr=1e-05
2025/03/03 11:37:36 - mmengine - INFO - paramwise_options -- backbone.network.2.4.convffn.fc2.bias:weight_decay=0.05
2025/03/03 11:37:36 - mmengine - INFO - paramwise_options -- backbone.network.2.4.convffn.fc2.bias:lr_mult=0.1
2025/03/03 11:37:36 - mmengine - INFO - paramwise_options -- backbone.network.2.4.convffn.fc2.bias:decay_mult=1.0
2025/03/03 11:37:36 - mmengine - INFO - paramwise_options -- backbone.network.2.5.layer_scale:lr=1e-05
2025/03/03 11:37:36 - mmengine - INFO - paramwise_options -- backbone.network.2.5.layer_scale:weight_decay=0.05
2025/03/03 11:37:36 - mmengine - INFO - paramwise_options -- backbone.network.2.5.layer_scale:lr_mult=0.1
2025/03/03 11:37:36 - mmengine - INFO - paramwise_options -- backbone.network.2.5.layer_scale:decay_mult=1.0
2025/03/03 11:37:36 - mmengine - INFO - paramwise_options -- backbone.network.2.5.token_mixer.layer_scale:lr=1e-05
2025/03/03 11:37:36 - mmengine - INFO - paramwise_options -- backbone.network.2.5.token_mixer.layer_scale:weight_decay=0.05
2025/03/03 11:37:36 - mmengine - INFO - paramwise_options -- backbone.network.2.5.token_mixer.layer_scale:lr_mult=0.1
2025/03/03 11:37:36 - mmengine - INFO - paramwise_options -- backbone.network.2.5.token_mixer.layer_scale:decay_mult=1.0
2025/03/03 11:37:36 - mmengine - INFO - paramwise_options -- backbone.network.2.5.token_mixer.norm.rbr_skip.weight:lr=1e-05
2025/03/03 11:37:36 - mmengine - INFO - paramwise_options -- backbone.network.2.5.token_mixer.norm.rbr_skip.weight:weight_decay=0.05
2025/03/03 11:37:36 - mmengine - INFO - paramwise_options -- backbone.network.2.5.token_mixer.norm.rbr_skip.weight:lr_mult=0.1
2025/03/03 11:37:36 - mmengine - INFO - paramwise_options -- backbone.network.2.5.token_mixer.norm.rbr_skip.weight:decay_mult=1.0
2025/03/03 11:37:36 - mmengine - INFO - paramwise_options -- backbone.network.2.5.token_mixer.norm.rbr_skip.bias:lr=1e-05
2025/03/03 11:37:36 - mmengine - INFO - paramwise_options -- backbone.network.2.5.token_mixer.norm.rbr_skip.bias:weight_decay=0.05
2025/03/03 11:37:36 - mmengine - INFO - paramwise_options -- backbone.network.2.5.token_mixer.norm.rbr_skip.bias:lr_mult=0.1
2025/03/03 11:37:36 - mmengine - INFO - paramwise_options -- backbone.network.2.5.token_mixer.norm.rbr_skip.bias:decay_mult=1.0
2025/03/03 11:37:36 - mmengine - INFO - paramwise_options -- backbone.network.2.5.token_mixer.mixer.rbr_skip.weight:lr=1e-05
2025/03/03 11:37:36 - mmengine - INFO - paramwise_options -- backbone.network.2.5.token_mixer.mixer.rbr_skip.weight:weight_decay=0.05
2025/03/03 11:37:36 - mmengine - INFO - paramwise_options -- backbone.network.2.5.token_mixer.mixer.rbr_skip.weight:lr_mult=0.1
2025/03/03 11:37:36 - mmengine - INFO - paramwise_options -- backbone.network.2.5.token_mixer.mixer.rbr_skip.weight:decay_mult=1.0
2025/03/03 11:37:36 - mmengine - INFO - paramwise_options -- backbone.network.2.5.token_mixer.mixer.rbr_skip.bias:lr=1e-05
2025/03/03 11:37:36 - mmengine - INFO - paramwise_options -- backbone.network.2.5.token_mixer.mixer.rbr_skip.bias:weight_decay=0.05
2025/03/03 11:37:36 - mmengine - INFO - paramwise_options -- backbone.network.2.5.token_mixer.mixer.rbr_skip.bias:lr_mult=0.1
2025/03/03 11:37:36 - mmengine - INFO - paramwise_options -- backbone.network.2.5.token_mixer.mixer.rbr_skip.bias:decay_mult=1.0
2025/03/03 11:37:36 - mmengine - INFO - paramwise_options -- backbone.network.2.5.token_mixer.mixer.rbr_conv.0.conv.weight:lr=1e-05
2025/03/03 11:37:36 - mmengine - INFO - paramwise_options -- backbone.network.2.5.token_mixer.mixer.rbr_conv.0.conv.weight:weight_decay=0.05
2025/03/03 11:37:36 - mmengine - INFO - paramwise_options -- backbone.network.2.5.token_mixer.mixer.rbr_conv.0.conv.weight:lr_mult=0.1
2025/03/03 11:37:36 - mmengine - INFO - paramwise_options -- backbone.network.2.5.token_mixer.mixer.rbr_conv.0.conv.weight:decay_mult=1.0
2025/03/03 11:37:36 - mmengine - INFO - paramwise_options -- backbone.network.2.5.token_mixer.mixer.rbr_conv.0.bn.weight:lr=1e-05
2025/03/03 11:37:36 - mmengine - INFO - paramwise_options -- backbone.network.2.5.token_mixer.mixer.rbr_conv.0.bn.weight:weight_decay=0.05
2025/03/03 11:37:36 - mmengine - INFO - paramwise_options -- backbone.network.2.5.token_mixer.mixer.rbr_conv.0.bn.weight:lr_mult=0.1
2025/03/03 11:37:36 - mmengine - INFO - paramwise_options -- backbone.network.2.5.token_mixer.mixer.rbr_conv.0.bn.weight:decay_mult=1.0
2025/03/03 11:37:36 - mmengine - INFO - paramwise_options -- backbone.network.2.5.token_mixer.mixer.rbr_conv.0.bn.bias:lr=1e-05
2025/03/03 11:37:36 - mmengine - INFO - paramwise_options -- backbone.network.2.5.token_mixer.mixer.rbr_conv.0.bn.bias:weight_decay=0.05
2025/03/03 11:37:36 - mmengine - INFO - paramwise_options -- backbone.network.2.5.token_mixer.mixer.rbr_conv.0.bn.bias:lr_mult=0.1
2025/03/03 11:37:36 - mmengine - INFO - paramwise_options -- backbone.network.2.5.token_mixer.mixer.rbr_conv.0.bn.bias:decay_mult=1.0
2025/03/03 11:37:36 - mmengine - INFO - paramwise_options -- backbone.network.2.5.token_mixer.mixer.rbr_scale.conv.weight:lr=1e-05
2025/03/03 11:37:36 - mmengine - INFO - paramwise_options -- backbone.network.2.5.token_mixer.mixer.rbr_scale.conv.weight:weight_decay=0.05
2025/03/03 11:37:36 - mmengine - INFO - paramwise_options -- backbone.network.2.5.token_mixer.mixer.rbr_scale.conv.weight:lr_mult=0.1
2025/03/03 11:37:36 - mmengine - INFO - paramwise_options -- backbone.network.2.5.token_mixer.mixer.rbr_scale.conv.weight:decay_mult=1.0
2025/03/03 11:37:36 - mmengine - INFO - paramwise_options -- backbone.network.2.5.token_mixer.mixer.rbr_scale.bn.weight:lr=1e-05
2025/03/03 11:37:36 - mmengine - INFO - paramwise_options -- backbone.network.2.5.token_mixer.mixer.rbr_scale.bn.weight:weight_decay=0.05
2025/03/03 11:37:36 - mmengine - INFO - paramwise_options -- backbone.network.2.5.token_mixer.mixer.rbr_scale.bn.weight:lr_mult=0.1
2025/03/03 11:37:36 - mmengine - INFO - paramwise_options -- backbone.network.2.5.token_mixer.mixer.rbr_scale.bn.weight:decay_mult=1.0
2025/03/03 11:37:36 - mmengine - INFO - paramwise_options -- backbone.network.2.5.token_mixer.mixer.rbr_scale.bn.bias:lr=1e-05
2025/03/03 11:37:36 - mmengine - INFO - paramwise_options -- backbone.network.2.5.token_mixer.mixer.rbr_scale.bn.bias:weight_decay=0.05
2025/03/03 11:37:36 - mmengine - INFO - paramwise_options -- backbone.network.2.5.token_mixer.mixer.rbr_scale.bn.bias:lr_mult=0.1
2025/03/03 11:37:36 - mmengine - INFO - paramwise_options -- backbone.network.2.5.token_mixer.mixer.rbr_scale.bn.bias:decay_mult=1.0
2025/03/03 11:37:36 - mmengine - INFO - paramwise_options -- backbone.network.2.5.convffn.conv.conv.weight:lr=1e-05
2025/03/03 11:37:36 - mmengine - INFO - paramwise_options -- backbone.network.2.5.convffn.conv.conv.weight:weight_decay=0.05
2025/03/03 11:37:36 - mmengine - INFO - paramwise_options -- backbone.network.2.5.convffn.conv.conv.weight:lr_mult=0.1
2025/03/03 11:37:36 - mmengine - INFO - paramwise_options -- backbone.network.2.5.convffn.conv.conv.weight:decay_mult=1.0
2025/03/03 11:37:36 - mmengine - INFO - paramwise_options -- backbone.network.2.5.convffn.conv.bn.weight:lr=1e-05
2025/03/03 11:37:36 - mmengine - INFO - paramwise_options -- backbone.network.2.5.convffn.conv.bn.weight:weight_decay=0.05
2025/03/03 11:37:36 - mmengine - INFO - paramwise_options -- backbone.network.2.5.convffn.conv.bn.weight:lr_mult=0.1
2025/03/03 11:37:36 - mmengine - INFO - paramwise_options -- backbone.network.2.5.convffn.conv.bn.weight:decay_mult=1.0
2025/03/03 11:37:36 - mmengine - INFO - paramwise_options -- backbone.network.2.5.convffn.conv.bn.bias:lr=1e-05
2025/03/03 11:37:36 - mmengine - INFO - paramwise_options -- backbone.network.2.5.convffn.conv.bn.bias:weight_decay=0.05
2025/03/03 11:37:36 - mmengine - INFO - paramwise_options -- backbone.network.2.5.convffn.conv.bn.bias:lr_mult=0.1
2025/03/03 11:37:36 - mmengine - INFO - paramwise_options -- backbone.network.2.5.convffn.conv.bn.bias:decay_mult=1.0
2025/03/03 11:37:36 - mmengine - INFO - paramwise_options -- backbone.network.2.5.convffn.fc1.weight:lr=1e-05
2025/03/03 11:37:36 - mmengine - INFO - paramwise_options -- backbone.network.2.5.convffn.fc1.weight:weight_decay=0.05
2025/03/03 11:37:36 - mmengine - INFO - paramwise_options -- backbone.network.2.5.convffn.fc1.weight:lr_mult=0.1
2025/03/03 11:37:36 - mmengine - INFO - paramwise_options -- backbone.network.2.5.convffn.fc1.weight:decay_mult=1.0
2025/03/03 11:37:36 - mmengine - INFO - paramwise_options -- backbone.network.2.5.convffn.fc1.bias:lr=1e-05
2025/03/03 11:37:36 - mmengine - INFO - paramwise_options -- backbone.network.2.5.convffn.fc1.bias:weight_decay=0.05
2025/03/03 11:37:36 - mmengine - INFO - paramwise_options -- backbone.network.2.5.convffn.fc1.bias:lr_mult=0.1
2025/03/03 11:37:36 - mmengine - INFO - paramwise_options -- backbone.network.2.5.convffn.fc1.bias:decay_mult=1.0
2025/03/03 11:37:36 - mmengine - INFO - paramwise_options -- backbone.network.2.5.convffn.fc2.weight:lr=1e-05
2025/03/03 11:37:36 - mmengine - INFO - paramwise_options -- backbone.network.2.5.convffn.fc2.weight:weight_decay=0.05
2025/03/03 11:37:36 - mmengine - INFO - paramwise_options -- backbone.network.2.5.convffn.fc2.weight:lr_mult=0.1
2025/03/03 11:37:36 - mmengine - INFO - paramwise_options -- backbone.network.2.5.convffn.fc2.weight:decay_mult=1.0
2025/03/03 11:37:36 - mmengine - INFO - paramwise_options -- backbone.network.2.5.convffn.fc2.bias:lr=1e-05
2025/03/03 11:37:36 - mmengine - INFO - paramwise_options -- backbone.network.2.5.convffn.fc2.bias:weight_decay=0.05
2025/03/03 11:37:36 - mmengine - INFO - paramwise_options -- backbone.network.2.5.convffn.fc2.bias:lr_mult=0.1
2025/03/03 11:37:36 - mmengine - INFO - paramwise_options -- backbone.network.2.5.convffn.fc2.bias:decay_mult=1.0
2025/03/03 11:37:36 - mmengine - INFO - paramwise_options -- backbone.network.3.proj.0.lkb_origin.conv.weight:lr=1e-05
2025/03/03 11:37:36 - mmengine - INFO - paramwise_options -- backbone.network.3.proj.0.lkb_origin.conv.weight:weight_decay=0.05
2025/03/03 11:37:36 - mmengine - INFO - paramwise_options -- backbone.network.3.proj.0.lkb_origin.conv.weight:lr_mult=0.1
2025/03/03 11:37:36 - mmengine - INFO - paramwise_options -- backbone.network.3.proj.0.lkb_origin.conv.weight:decay_mult=1.0
2025/03/03 11:37:36 - mmengine - INFO - paramwise_options -- backbone.network.3.proj.0.lkb_origin.bn.weight:lr=1e-05
2025/03/03 11:37:36 - mmengine - INFO - paramwise_options -- backbone.network.3.proj.0.lkb_origin.bn.weight:weight_decay=0.05
2025/03/03 11:37:36 - mmengine - INFO - paramwise_options -- backbone.network.3.proj.0.lkb_origin.bn.weight:lr_mult=0.1
2025/03/03 11:37:36 - mmengine - INFO - paramwise_options -- backbone.network.3.proj.0.lkb_origin.bn.weight:decay_mult=1.0
2025/03/03 11:37:36 - mmengine - INFO - paramwise_options -- backbone.network.3.proj.0.lkb_origin.bn.bias:lr=1e-05
2025/03/03 11:37:36 - mmengine - INFO - paramwise_options -- backbone.network.3.proj.0.lkb_origin.bn.bias:weight_decay=0.05
2025/03/03 11:37:36 - mmengine - INFO - paramwise_options -- backbone.network.3.proj.0.lkb_origin.bn.bias:lr_mult=0.1
2025/03/03 11:37:36 - mmengine - INFO - paramwise_options -- backbone.network.3.proj.0.lkb_origin.bn.bias:decay_mult=1.0
2025/03/03 11:37:36 - mmengine - INFO - paramwise_options -- backbone.network.3.proj.0.small_conv.conv.weight:lr=1e-05
2025/03/03 11:37:36 - mmengine - INFO - paramwise_options -- backbone.network.3.proj.0.small_conv.conv.weight:weight_decay=0.05
2025/03/03 11:37:36 - mmengine - INFO - paramwise_options -- backbone.network.3.proj.0.small_conv.conv.weight:lr_mult=0.1
2025/03/03 11:37:36 - mmengine - INFO - paramwise_options -- backbone.network.3.proj.0.small_conv.conv.weight:decay_mult=1.0
2025/03/03 11:37:36 - mmengine - INFO - paramwise_options -- backbone.network.3.proj.0.small_conv.bn.weight:lr=1e-05
2025/03/03 11:37:36 - mmengine - INFO - paramwise_options -- backbone.network.3.proj.0.small_conv.bn.weight:weight_decay=0.05
2025/03/03 11:37:36 - mmengine - INFO - paramwise_options -- backbone.network.3.proj.0.small_conv.bn.weight:lr_mult=0.1
2025/03/03 11:37:36 - mmengine - INFO - paramwise_options -- backbone.network.3.proj.0.small_conv.bn.weight:decay_mult=1.0
2025/03/03 11:37:36 - mmengine - INFO - paramwise_options -- backbone.network.3.proj.0.small_conv.bn.bias:lr=1e-05
2025/03/03 11:37:36 - mmengine - INFO - paramwise_options -- backbone.network.3.proj.0.small_conv.bn.bias:weight_decay=0.05
2025/03/03 11:37:36 - mmengine - INFO - paramwise_options -- backbone.network.3.proj.0.small_conv.bn.bias:lr_mult=0.1
2025/03/03 11:37:36 - mmengine - INFO - paramwise_options -- backbone.network.3.proj.0.small_conv.bn.bias:decay_mult=1.0
2025/03/03 11:37:36 - mmengine - INFO - paramwise_options -- backbone.network.3.proj.1.rbr_skip.weight:lr=1e-05
2025/03/03 11:37:36 - mmengine - INFO - paramwise_options -- backbone.network.3.proj.1.rbr_skip.weight:weight_decay=0.05
2025/03/03 11:37:36 - mmengine - INFO - paramwise_options -- backbone.network.3.proj.1.rbr_skip.weight:lr_mult=0.1
2025/03/03 11:37:36 - mmengine - INFO - paramwise_options -- backbone.network.3.proj.1.rbr_skip.weight:decay_mult=1.0
2025/03/03 11:37:36 - mmengine - INFO - paramwise_options -- backbone.network.3.proj.1.rbr_skip.bias:lr=1e-05
2025/03/03 11:37:36 - mmengine - INFO - paramwise_options -- backbone.network.3.proj.1.rbr_skip.bias:weight_decay=0.05
2025/03/03 11:37:36 - mmengine - INFO - paramwise_options -- backbone.network.3.proj.1.rbr_skip.bias:lr_mult=0.1
2025/03/03 11:37:36 - mmengine - INFO - paramwise_options -- backbone.network.3.proj.1.rbr_skip.bias:decay_mult=1.0
2025/03/03 11:37:36 - mmengine - INFO - paramwise_options -- backbone.network.3.proj.1.rbr_conv.0.conv.weight:lr=1e-05
2025/03/03 11:37:36 - mmengine - INFO - paramwise_options -- backbone.network.3.proj.1.rbr_conv.0.conv.weight:weight_decay=0.05
2025/03/03 11:37:36 - mmengine - INFO - paramwise_options -- backbone.network.3.proj.1.rbr_conv.0.conv.weight:lr_mult=0.1
2025/03/03 11:37:36 - mmengine - INFO - paramwise_options -- backbone.network.3.proj.1.rbr_conv.0.conv.weight:decay_mult=1.0
2025/03/03 11:37:36 - mmengine - INFO - paramwise_options -- backbone.network.3.proj.1.rbr_conv.0.bn.weight:lr=1e-05
2025/03/03 11:37:36 - mmengine - INFO - paramwise_options -- backbone.network.3.proj.1.rbr_conv.0.bn.weight:weight_decay=0.05
2025/03/03 11:37:36 - mmengine - INFO - paramwise_options -- backbone.network.3.proj.1.rbr_conv.0.bn.weight:lr_mult=0.1
2025/03/03 11:37:36 - mmengine - INFO - paramwise_options -- backbone.network.3.proj.1.rbr_conv.0.bn.weight:decay_mult=1.0
2025/03/03 11:37:36 - mmengine - INFO - paramwise_options -- backbone.network.3.proj.1.rbr_conv.0.bn.bias:lr=1e-05
2025/03/03 11:37:36 - mmengine - INFO - paramwise_options -- backbone.network.3.proj.1.rbr_conv.0.bn.bias:weight_decay=0.05
2025/03/03 11:37:36 - mmengine - INFO - paramwise_options -- backbone.network.3.proj.1.rbr_conv.0.bn.bias:lr_mult=0.1
2025/03/03 11:37:36 - mmengine - INFO - paramwise_options -- backbone.network.3.proj.1.rbr_conv.0.bn.bias:decay_mult=1.0
2025/03/03 11:37:36 - mmengine - INFO - paramwise_options -- backbone.network.4.0.layer_scale:lr=1e-05
2025/03/03 11:37:36 - mmengine - INFO - paramwise_options -- backbone.network.4.0.layer_scale:weight_decay=0.05
2025/03/03 11:37:36 - mmengine - INFO - paramwise_options -- backbone.network.4.0.layer_scale:lr_mult=0.1
2025/03/03 11:37:36 - mmengine - INFO - paramwise_options -- backbone.network.4.0.layer_scale:decay_mult=1.0
2025/03/03 11:37:36 - mmengine - INFO - paramwise_options -- backbone.network.4.0.token_mixer.layer_scale:lr=1e-05
2025/03/03 11:37:36 - mmengine - INFO - paramwise_options -- backbone.network.4.0.token_mixer.layer_scale:weight_decay=0.05
2025/03/03 11:37:36 - mmengine - INFO - paramwise_options -- backbone.network.4.0.token_mixer.layer_scale:lr_mult=0.1
2025/03/03 11:37:36 - mmengine - INFO - paramwise_options -- backbone.network.4.0.token_mixer.layer_scale:decay_mult=1.0
2025/03/03 11:37:36 - mmengine - INFO - paramwise_options -- backbone.network.4.0.token_mixer.norm.rbr_skip.weight:lr=1e-05
2025/03/03 11:37:36 - mmengine - INFO - paramwise_options -- backbone.network.4.0.token_mixer.norm.rbr_skip.weight:weight_decay=0.05
2025/03/03 11:37:36 - mmengine - INFO - paramwise_options -- backbone.network.4.0.token_mixer.norm.rbr_skip.weight:lr_mult=0.1
2025/03/03 11:37:36 - mmengine - INFO - paramwise_options -- backbone.network.4.0.token_mixer.norm.rbr_skip.weight:decay_mult=1.0
2025/03/03 11:37:36 - mmengine - INFO - paramwise_options -- backbone.network.4.0.token_mixer.norm.rbr_skip.bias:lr=1e-05
2025/03/03 11:37:36 - mmengine - INFO - paramwise_options -- backbone.network.4.0.token_mixer.norm.rbr_skip.bias:weight_decay=0.05
2025/03/03 11:37:36 - mmengine - INFO - paramwise_options -- backbone.network.4.0.token_mixer.norm.rbr_skip.bias:lr_mult=0.1
2025/03/03 11:37:36 - mmengine - INFO - paramwise_options -- backbone.network.4.0.token_mixer.norm.rbr_skip.bias:decay_mult=1.0
2025/03/03 11:37:36 - mmengine - INFO - paramwise_options -- backbone.network.4.0.token_mixer.mixer.rbr_skip.weight:lr=1e-05
2025/03/03 11:37:36 - mmengine - INFO - paramwise_options -- backbone.network.4.0.token_mixer.mixer.rbr_skip.weight:weight_decay=0.05
2025/03/03 11:37:36 - mmengine - INFO - paramwise_options -- backbone.network.4.0.token_mixer.mixer.rbr_skip.weight:lr_mult=0.1
2025/03/03 11:37:36 - mmengine - INFO - paramwise_options -- backbone.network.4.0.token_mixer.mixer.rbr_skip.weight:decay_mult=1.0
2025/03/03 11:37:36 - mmengine - INFO - paramwise_options -- backbone.network.4.0.token_mixer.mixer.rbr_skip.bias:lr=1e-05
2025/03/03 11:37:36 - mmengine - INFO - paramwise_options -- backbone.network.4.0.token_mixer.mixer.rbr_skip.bias:weight_decay=0.05
2025/03/03 11:37:36 - mmengine - INFO - paramwise_options -- backbone.network.4.0.token_mixer.mixer.rbr_skip.bias:lr_mult=0.1
2025/03/03 11:37:36 - mmengine - INFO - paramwise_options -- backbone.network.4.0.token_mixer.mixer.rbr_skip.bias:decay_mult=1.0
2025/03/03 11:37:36 - mmengine - INFO - paramwise_options -- backbone.network.4.0.token_mixer.mixer.rbr_conv.0.conv.weight:lr=1e-05
2025/03/03 11:37:36 - mmengine - INFO - paramwise_options -- backbone.network.4.0.token_mixer.mixer.rbr_conv.0.conv.weight:weight_decay=0.05
2025/03/03 11:37:36 - mmengine - INFO - paramwise_options -- backbone.network.4.0.token_mixer.mixer.rbr_conv.0.conv.weight:lr_mult=0.1
2025/03/03 11:37:36 - mmengine - INFO - paramwise_options -- backbone.network.4.0.token_mixer.mixer.rbr_conv.0.conv.weight:decay_mult=1.0
2025/03/03 11:37:36 - mmengine - INFO - paramwise_options -- backbone.network.4.0.token_mixer.mixer.rbr_conv.0.bn.weight:lr=1e-05
2025/03/03 11:37:36 - mmengine - INFO - paramwise_options -- backbone.network.4.0.token_mixer.mixer.rbr_conv.0.bn.weight:weight_decay=0.05
2025/03/03 11:37:36 - mmengine - INFO - paramwise_options -- backbone.network.4.0.token_mixer.mixer.rbr_conv.0.bn.weight:lr_mult=0.1
2025/03/03 11:37:36 - mmengine - INFO - paramwise_options -- backbone.network.4.0.token_mixer.mixer.rbr_conv.0.bn.weight:decay_mult=1.0
2025/03/03 11:37:36 - mmengine - INFO - paramwise_options -- backbone.network.4.0.token_mixer.mixer.rbr_conv.0.bn.bias:lr=1e-05
2025/03/03 11:37:36 - mmengine - INFO - paramwise_options -- backbone.network.4.0.token_mixer.mixer.rbr_conv.0.bn.bias:weight_decay=0.05
2025/03/03 11:37:36 - mmengine - INFO - paramwise_options -- backbone.network.4.0.token_mixer.mixer.rbr_conv.0.bn.bias:lr_mult=0.1
2025/03/03 11:37:36 - mmengine - INFO - paramwise_options -- backbone.network.4.0.token_mixer.mixer.rbr_conv.0.bn.bias:decay_mult=1.0
2025/03/03 11:37:36 - mmengine - INFO - paramwise_options -- backbone.network.4.0.token_mixer.mixer.rbr_scale.conv.weight:lr=1e-05
2025/03/03 11:37:36 - mmengine - INFO - paramwise_options -- backbone.network.4.0.token_mixer.mixer.rbr_scale.conv.weight:weight_decay=0.05
2025/03/03 11:37:36 - mmengine - INFO - paramwise_options -- backbone.network.4.0.token_mixer.mixer.rbr_scale.conv.weight:lr_mult=0.1
2025/03/03 11:37:36 - mmengine - INFO - paramwise_options -- backbone.network.4.0.token_mixer.mixer.rbr_scale.conv.weight:decay_mult=1.0
2025/03/03 11:37:36 - mmengine - INFO - paramwise_options -- backbone.network.4.0.token_mixer.mixer.rbr_scale.bn.weight:lr=1e-05
2025/03/03 11:37:36 - mmengine - INFO - paramwise_options -- backbone.network.4.0.token_mixer.mixer.rbr_scale.bn.weight:weight_decay=0.05
2025/03/03 11:37:36 - mmengine - INFO - paramwise_options -- backbone.network.4.0.token_mixer.mixer.rbr_scale.bn.weight:lr_mult=0.1
2025/03/03 11:37:36 - mmengine - INFO - paramwise_options -- backbone.network.4.0.token_mixer.mixer.rbr_scale.bn.weight:decay_mult=1.0
2025/03/03 11:37:36 - mmengine - INFO - paramwise_options -- backbone.network.4.0.token_mixer.mixer.rbr_scale.bn.bias:lr=1e-05
2025/03/03 11:37:36 - mmengine - INFO - paramwise_options -- backbone.network.4.0.token_mixer.mixer.rbr_scale.bn.bias:weight_decay=0.05
2025/03/03 11:37:36 - mmengine - INFO - paramwise_options -- backbone.network.4.0.token_mixer.mixer.rbr_scale.bn.bias:lr_mult=0.1
2025/03/03 11:37:36 - mmengine - INFO - paramwise_options -- backbone.network.4.0.token_mixer.mixer.rbr_scale.bn.bias:decay_mult=1.0
2025/03/03 11:37:36 - mmengine - INFO - paramwise_options -- backbone.network.4.0.convffn.conv.conv.weight:lr=1e-05
2025/03/03 11:37:36 - mmengine - INFO - paramwise_options -- backbone.network.4.0.convffn.conv.conv.weight:weight_decay=0.05
2025/03/03 11:37:36 - mmengine - INFO - paramwise_options -- backbone.network.4.0.convffn.conv.conv.weight:lr_mult=0.1
2025/03/03 11:37:36 - mmengine - INFO - paramwise_options -- backbone.network.4.0.convffn.conv.conv.weight:decay_mult=1.0
2025/03/03 11:37:36 - mmengine - INFO - paramwise_options -- backbone.network.4.0.convffn.conv.bn.weight:lr=1e-05
2025/03/03 11:37:36 - mmengine - INFO - paramwise_options -- backbone.network.4.0.convffn.conv.bn.weight:weight_decay=0.05
2025/03/03 11:37:36 - mmengine - INFO - paramwise_options -- backbone.network.4.0.convffn.conv.bn.weight:lr_mult=0.1
2025/03/03 11:37:36 - mmengine - INFO - paramwise_options -- backbone.network.4.0.convffn.conv.bn.weight:decay_mult=1.0
2025/03/03 11:37:36 - mmengine - INFO - paramwise_options -- backbone.network.4.0.convffn.conv.bn.bias:lr=1e-05
2025/03/03 11:37:36 - mmengine - INFO - paramwise_options -- backbone.network.4.0.convffn.conv.bn.bias:weight_decay=0.05
2025/03/03 11:37:36 - mmengine - INFO - paramwise_options -- backbone.network.4.0.convffn.conv.bn.bias:lr_mult=0.1
2025/03/03 11:37:36 - mmengine - INFO - paramwise_options -- backbone.network.4.0.convffn.conv.bn.bias:decay_mult=1.0
2025/03/03 11:37:36 - mmengine - INFO - paramwise_options -- backbone.network.4.0.convffn.fc1.weight:lr=1e-05
2025/03/03 11:37:36 - mmengine - INFO - paramwise_options -- backbone.network.4.0.convffn.fc1.weight:weight_decay=0.05
2025/03/03 11:37:36 - mmengine - INFO - paramwise_options -- backbone.network.4.0.convffn.fc1.weight:lr_mult=0.1
2025/03/03 11:37:36 - mmengine - INFO - paramwise_options -- backbone.network.4.0.convffn.fc1.weight:decay_mult=1.0
2025/03/03 11:37:36 - mmengine - INFO - paramwise_options -- backbone.network.4.0.convffn.fc1.bias:lr=1e-05
2025/03/03 11:37:36 - mmengine - INFO - paramwise_options -- backbone.network.4.0.convffn.fc1.bias:weight_decay=0.05
2025/03/03 11:37:36 - mmengine - INFO - paramwise_options -- backbone.network.4.0.convffn.fc1.bias:lr_mult=0.1
2025/03/03 11:37:36 - mmengine - INFO - paramwise_options -- backbone.network.4.0.convffn.fc1.bias:decay_mult=1.0
2025/03/03 11:37:36 - mmengine - INFO - paramwise_options -- backbone.network.4.0.convffn.fc2.weight:lr=1e-05
2025/03/03 11:37:36 - mmengine - INFO - paramwise_options -- backbone.network.4.0.convffn.fc2.weight:weight_decay=0.05
2025/03/03 11:37:36 - mmengine - INFO - paramwise_options -- backbone.network.4.0.convffn.fc2.weight:lr_mult=0.1
2025/03/03 11:37:36 - mmengine - INFO - paramwise_options -- backbone.network.4.0.convffn.fc2.weight:decay_mult=1.0
2025/03/03 11:37:36 - mmengine - INFO - paramwise_options -- backbone.network.4.0.convffn.fc2.bias:lr=1e-05
2025/03/03 11:37:36 - mmengine - INFO - paramwise_options -- backbone.network.4.0.convffn.fc2.bias:weight_decay=0.05
2025/03/03 11:37:36 - mmengine - INFO - paramwise_options -- backbone.network.4.0.convffn.fc2.bias:lr_mult=0.1
2025/03/03 11:37:36 - mmengine - INFO - paramwise_options -- backbone.network.4.0.convffn.fc2.bias:decay_mult=1.0
2025/03/03 11:37:36 - mmengine - INFO - paramwise_options -- backbone.network.4.1.layer_scale:lr=1e-05
2025/03/03 11:37:36 - mmengine - INFO - paramwise_options -- backbone.network.4.1.layer_scale:weight_decay=0.05
2025/03/03 11:37:36 - mmengine - INFO - paramwise_options -- backbone.network.4.1.layer_scale:lr_mult=0.1
2025/03/03 11:37:36 - mmengine - INFO - paramwise_options -- backbone.network.4.1.layer_scale:decay_mult=1.0
2025/03/03 11:37:36 - mmengine - INFO - paramwise_options -- backbone.network.4.1.token_mixer.layer_scale:lr=1e-05
2025/03/03 11:37:36 - mmengine - INFO - paramwise_options -- backbone.network.4.1.token_mixer.layer_scale:weight_decay=0.05
2025/03/03 11:37:36 - mmengine - INFO - paramwise_options -- backbone.network.4.1.token_mixer.layer_scale:lr_mult=0.1
2025/03/03 11:37:36 - mmengine - INFO - paramwise_options -- backbone.network.4.1.token_mixer.layer_scale:decay_mult=1.0
2025/03/03 11:37:36 - mmengine - INFO - paramwise_options -- backbone.network.4.1.token_mixer.norm.rbr_skip.weight:lr=1e-05
2025/03/03 11:37:36 - mmengine - INFO - paramwise_options -- backbone.network.4.1.token_mixer.norm.rbr_skip.weight:weight_decay=0.05
2025/03/03 11:37:36 - mmengine - INFO - paramwise_options -- backbone.network.4.1.token_mixer.norm.rbr_skip.weight:lr_mult=0.1
2025/03/03 11:37:36 - mmengine - INFO - paramwise_options -- backbone.network.4.1.token_mixer.norm.rbr_skip.weight:decay_mult=1.0
2025/03/03 11:37:36 - mmengine - INFO - paramwise_options -- backbone.network.4.1.token_mixer.norm.rbr_skip.bias:lr=1e-05
2025/03/03 11:37:36 - mmengine - INFO - paramwise_options -- backbone.network.4.1.token_mixer.norm.rbr_skip.bias:weight_decay=0.05
2025/03/03 11:37:36 - mmengine - INFO - paramwise_options -- backbone.network.4.1.token_mixer.norm.rbr_skip.bias:lr_mult=0.1
2025/03/03 11:37:36 - mmengine - INFO - paramwise_options -- backbone.network.4.1.token_mixer.norm.rbr_skip.bias:decay_mult=1.0
2025/03/03 11:37:36 - mmengine - INFO - paramwise_options -- backbone.network.4.1.token_mixer.mixer.rbr_skip.weight:lr=1e-05
2025/03/03 11:37:36 - mmengine - INFO - paramwise_options -- backbone.network.4.1.token_mixer.mixer.rbr_skip.weight:weight_decay=0.05
2025/03/03 11:37:36 - mmengine - INFO - paramwise_options -- backbone.network.4.1.token_mixer.mixer.rbr_skip.weight:lr_mult=0.1
2025/03/03 11:37:36 - mmengine - INFO - paramwise_options -- backbone.network.4.1.token_mixer.mixer.rbr_skip.weight:decay_mult=1.0
2025/03/03 11:37:36 - mmengine - INFO - paramwise_options -- backbone.network.4.1.token_mixer.mixer.rbr_skip.bias:lr=1e-05
2025/03/03 11:37:36 - mmengine - INFO - paramwise_options -- backbone.network.4.1.token_mixer.mixer.rbr_skip.bias:weight_decay=0.05
2025/03/03 11:37:36 - mmengine - INFO - paramwise_options -- backbone.network.4.1.token_mixer.mixer.rbr_skip.bias:lr_mult=0.1
2025/03/03 11:37:36 - mmengine - INFO - paramwise_options -- backbone.network.4.1.token_mixer.mixer.rbr_skip.bias:decay_mult=1.0
2025/03/03 11:37:36 - mmengine - INFO - paramwise_options -- backbone.network.4.1.token_mixer.mixer.rbr_conv.0.conv.weight:lr=1e-05
2025/03/03 11:37:36 - mmengine - INFO - paramwise_options -- backbone.network.4.1.token_mixer.mixer.rbr_conv.0.conv.weight:weight_decay=0.05
2025/03/03 11:37:36 - mmengine - INFO - paramwise_options -- backbone.network.4.1.token_mixer.mixer.rbr_conv.0.conv.weight:lr_mult=0.1
2025/03/03 11:37:36 - mmengine - INFO - paramwise_options -- backbone.network.4.1.token_mixer.mixer.rbr_conv.0.conv.weight:decay_mult=1.0
2025/03/03 11:37:36 - mmengine - INFO - paramwise_options -- backbone.network.4.1.token_mixer.mixer.rbr_conv.0.bn.weight:lr=1e-05
2025/03/03 11:37:36 - mmengine - INFO - paramwise_options -- backbone.network.4.1.token_mixer.mixer.rbr_conv.0.bn.weight:weight_decay=0.05
2025/03/03 11:37:36 - mmengine - INFO - paramwise_options -- backbone.network.4.1.token_mixer.mixer.rbr_conv.0.bn.weight:lr_mult=0.1
2025/03/03 11:37:36 - mmengine - INFO - paramwise_options -- backbone.network.4.1.token_mixer.mixer.rbr_conv.0.bn.weight:decay_mult=1.0
2025/03/03 11:37:36 - mmengine - INFO - paramwise_options -- backbone.network.4.1.token_mixer.mixer.rbr_conv.0.bn.bias:lr=1e-05
2025/03/03 11:37:36 - mmengine - INFO - paramwise_options -- backbone.network.4.1.token_mixer.mixer.rbr_conv.0.bn.bias:weight_decay=0.05
2025/03/03 11:37:36 - mmengine - INFO - paramwise_options -- backbone.network.4.1.token_mixer.mixer.rbr_conv.0.bn.bias:lr_mult=0.1
2025/03/03 11:37:36 - mmengine - INFO - paramwise_options -- backbone.network.4.1.token_mixer.mixer.rbr_conv.0.bn.bias:decay_mult=1.0
2025/03/03 11:37:36 - mmengine - INFO - paramwise_options -- backbone.network.4.1.token_mixer.mixer.rbr_scale.conv.weight:lr=1e-05
2025/03/03 11:37:36 - mmengine - INFO - paramwise_options -- backbone.network.4.1.token_mixer.mixer.rbr_scale.conv.weight:weight_decay=0.05
2025/03/03 11:37:36 - mmengine - INFO - paramwise_options -- backbone.network.4.1.token_mixer.mixer.rbr_scale.conv.weight:lr_mult=0.1
2025/03/03 11:37:36 - mmengine - INFO - paramwise_options -- backbone.network.4.1.token_mixer.mixer.rbr_scale.conv.weight:decay_mult=1.0
2025/03/03 11:37:36 - mmengine - INFO - paramwise_options -- backbone.network.4.1.token_mixer.mixer.rbr_scale.bn.weight:lr=1e-05
2025/03/03 11:37:36 - mmengine - INFO - paramwise_options -- backbone.network.4.1.token_mixer.mixer.rbr_scale.bn.weight:weight_decay=0.05
2025/03/03 11:37:36 - mmengine - INFO - paramwise_options -- backbone.network.4.1.token_mixer.mixer.rbr_scale.bn.weight:lr_mult=0.1
2025/03/03 11:37:36 - mmengine - INFO - paramwise_options -- backbone.network.4.1.token_mixer.mixer.rbr_scale.bn.weight:decay_mult=1.0
2025/03/03 11:37:36 - mmengine - INFO - paramwise_options -- backbone.network.4.1.token_mixer.mixer.rbr_scale.bn.bias:lr=1e-05
2025/03/03 11:37:36 - mmengine - INFO - paramwise_options -- backbone.network.4.1.token_mixer.mixer.rbr_scale.bn.bias:weight_decay=0.05
2025/03/03 11:37:36 - mmengine - INFO - paramwise_options -- backbone.network.4.1.token_mixer.mixer.rbr_scale.bn.bias:lr_mult=0.1
2025/03/03 11:37:36 - mmengine - INFO - paramwise_options -- backbone.network.4.1.token_mixer.mixer.rbr_scale.bn.bias:decay_mult=1.0
2025/03/03 11:37:36 - mmengine - INFO - paramwise_options -- backbone.network.4.1.convffn.conv.conv.weight:lr=1e-05
2025/03/03 11:37:36 - mmengine - INFO - paramwise_options -- backbone.network.4.1.convffn.conv.conv.weight:weight_decay=0.05
2025/03/03 11:37:36 - mmengine - INFO - paramwise_options -- backbone.network.4.1.convffn.conv.conv.weight:lr_mult=0.1
2025/03/03 11:37:36 - mmengine - INFO - paramwise_options -- backbone.network.4.1.convffn.conv.conv.weight:decay_mult=1.0
2025/03/03 11:37:36 - mmengine - INFO - paramwise_options -- backbone.network.4.1.convffn.conv.bn.weight:lr=1e-05
2025/03/03 11:37:36 - mmengine - INFO - paramwise_options -- backbone.network.4.1.convffn.conv.bn.weight:weight_decay=0.05
2025/03/03 11:37:36 - mmengine - INFO - paramwise_options -- backbone.network.4.1.convffn.conv.bn.weight:lr_mult=0.1
2025/03/03 11:37:36 - mmengine - INFO - paramwise_options -- backbone.network.4.1.convffn.conv.bn.weight:decay_mult=1.0
2025/03/03 11:37:36 - mmengine - INFO - paramwise_options -- backbone.network.4.1.convffn.conv.bn.bias:lr=1e-05
2025/03/03 11:37:36 - mmengine - INFO - paramwise_options -- backbone.network.4.1.convffn.conv.bn.bias:weight_decay=0.05
2025/03/03 11:37:36 - mmengine - INFO - paramwise_options -- backbone.network.4.1.convffn.conv.bn.bias:lr_mult=0.1
2025/03/03 11:37:36 - mmengine - INFO - paramwise_options -- backbone.network.4.1.convffn.conv.bn.bias:decay_mult=1.0
2025/03/03 11:37:36 - mmengine - INFO - paramwise_options -- backbone.network.4.1.convffn.fc1.weight:lr=1e-05
2025/03/03 11:37:36 - mmengine - INFO - paramwise_options -- backbone.network.4.1.convffn.fc1.weight:weight_decay=0.05
2025/03/03 11:37:36 - mmengine - INFO - paramwise_options -- backbone.network.4.1.convffn.fc1.weight:lr_mult=0.1
2025/03/03 11:37:36 - mmengine - INFO - paramwise_options -- backbone.network.4.1.convffn.fc1.weight:decay_mult=1.0
2025/03/03 11:37:36 - mmengine - INFO - paramwise_options -- backbone.network.4.1.convffn.fc1.bias:lr=1e-05
2025/03/03 11:37:36 - mmengine - INFO - paramwise_options -- backbone.network.4.1.convffn.fc1.bias:weight_decay=0.05
2025/03/03 11:37:36 - mmengine - INFO - paramwise_options -- backbone.network.4.1.convffn.fc1.bias:lr_mult=0.1
2025/03/03 11:37:36 - mmengine - INFO - paramwise_options -- backbone.network.4.1.convffn.fc1.bias:decay_mult=1.0
2025/03/03 11:37:36 - mmengine - INFO - paramwise_options -- backbone.network.4.1.convffn.fc2.weight:lr=1e-05
2025/03/03 11:37:36 - mmengine - INFO - paramwise_options -- backbone.network.4.1.convffn.fc2.weight:weight_decay=0.05
2025/03/03 11:37:36 - mmengine - INFO - paramwise_options -- backbone.network.4.1.convffn.fc2.weight:lr_mult=0.1
2025/03/03 11:37:36 - mmengine - INFO - paramwise_options -- backbone.network.4.1.convffn.fc2.weight:decay_mult=1.0
2025/03/03 11:37:36 - mmengine - INFO - paramwise_options -- backbone.network.4.1.convffn.fc2.bias:lr=1e-05
2025/03/03 11:37:36 - mmengine - INFO - paramwise_options -- backbone.network.4.1.convffn.fc2.bias:weight_decay=0.05
2025/03/03 11:37:36 - mmengine - INFO - paramwise_options -- backbone.network.4.1.convffn.fc2.bias:lr_mult=0.1
2025/03/03 11:37:36 - mmengine - INFO - paramwise_options -- backbone.network.4.1.convffn.fc2.bias:decay_mult=1.0
2025/03/03 11:37:36 - mmengine - INFO - paramwise_options -- backbone.network.4.2.layer_scale:lr=1e-05
2025/03/03 11:37:36 - mmengine - INFO - paramwise_options -- backbone.network.4.2.layer_scale:weight_decay=0.05
2025/03/03 11:37:36 - mmengine - INFO - paramwise_options -- backbone.network.4.2.layer_scale:lr_mult=0.1
2025/03/03 11:37:36 - mmengine - INFO - paramwise_options -- backbone.network.4.2.layer_scale:decay_mult=1.0
2025/03/03 11:37:36 - mmengine - INFO - paramwise_options -- backbone.network.4.2.token_mixer.layer_scale:lr=1e-05
2025/03/03 11:37:36 - mmengine - INFO - paramwise_options -- backbone.network.4.2.token_mixer.layer_scale:weight_decay=0.05
2025/03/03 11:37:36 - mmengine - INFO - paramwise_options -- backbone.network.4.2.token_mixer.layer_scale:lr_mult=0.1
2025/03/03 11:37:36 - mmengine - INFO - paramwise_options -- backbone.network.4.2.token_mixer.layer_scale:decay_mult=1.0
2025/03/03 11:37:36 - mmengine - INFO - paramwise_options -- backbone.network.4.2.token_mixer.norm.rbr_skip.weight:lr=1e-05
2025/03/03 11:37:36 - mmengine - INFO - paramwise_options -- backbone.network.4.2.token_mixer.norm.rbr_skip.weight:weight_decay=0.05
2025/03/03 11:37:36 - mmengine - INFO - paramwise_options -- backbone.network.4.2.token_mixer.norm.rbr_skip.weight:lr_mult=0.1
2025/03/03 11:37:36 - mmengine - INFO - paramwise_options -- backbone.network.4.2.token_mixer.norm.rbr_skip.weight:decay_mult=1.0
2025/03/03 11:37:36 - mmengine - INFO - paramwise_options -- backbone.network.4.2.token_mixer.norm.rbr_skip.bias:lr=1e-05
2025/03/03 11:37:36 - mmengine - INFO - paramwise_options -- backbone.network.4.2.token_mixer.norm.rbr_skip.bias:weight_decay=0.05
2025/03/03 11:37:36 - mmengine - INFO - paramwise_options -- backbone.network.4.2.token_mixer.norm.rbr_skip.bias:lr_mult=0.1
2025/03/03 11:37:36 - mmengine - INFO - paramwise_options -- backbone.network.4.2.token_mixer.norm.rbr_skip.bias:decay_mult=1.0
2025/03/03 11:37:36 - mmengine - INFO - paramwise_options -- backbone.network.4.2.token_mixer.mixer.rbr_skip.weight:lr=1e-05
2025/03/03 11:37:36 - mmengine - INFO - paramwise_options -- backbone.network.4.2.token_mixer.mixer.rbr_skip.weight:weight_decay=0.05
2025/03/03 11:37:36 - mmengine - INFO - paramwise_options -- backbone.network.4.2.token_mixer.mixer.rbr_skip.weight:lr_mult=0.1
2025/03/03 11:37:36 - mmengine - INFO - paramwise_options -- backbone.network.4.2.token_mixer.mixer.rbr_skip.weight:decay_mult=1.0
2025/03/03 11:37:36 - mmengine - INFO - paramwise_options -- backbone.network.4.2.token_mixer.mixer.rbr_skip.bias:lr=1e-05
2025/03/03 11:37:36 - mmengine - INFO - paramwise_options -- backbone.network.4.2.token_mixer.mixer.rbr_skip.bias:weight_decay=0.05
2025/03/03 11:37:36 - mmengine - INFO - paramwise_options -- backbone.network.4.2.token_mixer.mixer.rbr_skip.bias:lr_mult=0.1
2025/03/03 11:37:36 - mmengine - INFO - paramwise_options -- backbone.network.4.2.token_mixer.mixer.rbr_skip.bias:decay_mult=1.0
2025/03/03 11:37:36 - mmengine - INFO - paramwise_options -- backbone.network.4.2.token_mixer.mixer.rbr_conv.0.conv.weight:lr=1e-05
2025/03/03 11:37:36 - mmengine - INFO - paramwise_options -- backbone.network.4.2.token_mixer.mixer.rbr_conv.0.conv.weight:weight_decay=0.05
2025/03/03 11:37:36 - mmengine - INFO - paramwise_options -- backbone.network.4.2.token_mixer.mixer.rbr_conv.0.conv.weight:lr_mult=0.1
2025/03/03 11:37:36 - mmengine - INFO - paramwise_options -- backbone.network.4.2.token_mixer.mixer.rbr_conv.0.conv.weight:decay_mult=1.0
2025/03/03 11:37:36 - mmengine - INFO - paramwise_options -- backbone.network.4.2.token_mixer.mixer.rbr_conv.0.bn.weight:lr=1e-05
2025/03/03 11:37:36 - mmengine - INFO - paramwise_options -- backbone.network.4.2.token_mixer.mixer.rbr_conv.0.bn.weight:weight_decay=0.05
2025/03/03 11:37:36 - mmengine - INFO - paramwise_options -- backbone.network.4.2.token_mixer.mixer.rbr_conv.0.bn.weight:lr_mult=0.1
2025/03/03 11:37:36 - mmengine - INFO - paramwise_options -- backbone.network.4.2.token_mixer.mixer.rbr_conv.0.bn.weight:decay_mult=1.0
2025/03/03 11:37:36 - mmengine - INFO - paramwise_options -- backbone.network.4.2.token_mixer.mixer.rbr_conv.0.bn.bias:lr=1e-05
2025/03/03 11:37:36 - mmengine - INFO - paramwise_options -- backbone.network.4.2.token_mixer.mixer.rbr_conv.0.bn.bias:weight_decay=0.05
2025/03/03 11:37:36 - mmengine - INFO - paramwise_options -- backbone.network.4.2.token_mixer.mixer.rbr_conv.0.bn.bias:lr_mult=0.1
2025/03/03 11:37:36 - mmengine - INFO - paramwise_options -- backbone.network.4.2.token_mixer.mixer.rbr_conv.0.bn.bias:decay_mult=1.0
2025/03/03 11:37:36 - mmengine - INFO - paramwise_options -- backbone.network.4.2.token_mixer.mixer.rbr_scale.conv.weight:lr=1e-05
2025/03/03 11:37:36 - mmengine - INFO - paramwise_options -- backbone.network.4.2.token_mixer.mixer.rbr_scale.conv.weight:weight_decay=0.05
2025/03/03 11:37:36 - mmengine - INFO - paramwise_options -- backbone.network.4.2.token_mixer.mixer.rbr_scale.conv.weight:lr_mult=0.1
2025/03/03 11:37:36 - mmengine - INFO - paramwise_options -- backbone.network.4.2.token_mixer.mixer.rbr_scale.conv.weight:decay_mult=1.0
2025/03/03 11:37:36 - mmengine - INFO - paramwise_options -- backbone.network.4.2.token_mixer.mixer.rbr_scale.bn.weight:lr=1e-05
2025/03/03 11:37:36 - mmengine - INFO - paramwise_options -- backbone.network.4.2.token_mixer.mixer.rbr_scale.bn.weight:weight_decay=0.05
2025/03/03 11:37:36 - mmengine - INFO - paramwise_options -- backbone.network.4.2.token_mixer.mixer.rbr_scale.bn.weight:lr_mult=0.1
2025/03/03 11:37:36 - mmengine - INFO - paramwise_options -- backbone.network.4.2.token_mixer.mixer.rbr_scale.bn.weight:decay_mult=1.0
2025/03/03 11:37:36 - mmengine - INFO - paramwise_options -- backbone.network.4.2.token_mixer.mixer.rbr_scale.bn.bias:lr=1e-05
2025/03/03 11:37:36 - mmengine - INFO - paramwise_options -- backbone.network.4.2.token_mixer.mixer.rbr_scale.bn.bias:weight_decay=0.05
2025/03/03 11:37:36 - mmengine - INFO - paramwise_options -- backbone.network.4.2.token_mixer.mixer.rbr_scale.bn.bias:lr_mult=0.1
2025/03/03 11:37:36 - mmengine - INFO - paramwise_options -- backbone.network.4.2.token_mixer.mixer.rbr_scale.bn.bias:decay_mult=1.0
2025/03/03 11:37:36 - mmengine - INFO - paramwise_options -- backbone.network.4.2.convffn.conv.conv.weight:lr=1e-05
2025/03/03 11:37:36 - mmengine - INFO - paramwise_options -- backbone.network.4.2.convffn.conv.conv.weight:weight_decay=0.05
2025/03/03 11:37:36 - mmengine - INFO - paramwise_options -- backbone.network.4.2.convffn.conv.conv.weight:lr_mult=0.1
2025/03/03 11:37:36 - mmengine - INFO - paramwise_options -- backbone.network.4.2.convffn.conv.conv.weight:decay_mult=1.0
2025/03/03 11:37:36 - mmengine - INFO - paramwise_options -- backbone.network.4.2.convffn.conv.bn.weight:lr=1e-05
2025/03/03 11:37:36 - mmengine - INFO - paramwise_options -- backbone.network.4.2.convffn.conv.bn.weight:weight_decay=0.05
2025/03/03 11:37:36 - mmengine - INFO - paramwise_options -- backbone.network.4.2.convffn.conv.bn.weight:lr_mult=0.1
2025/03/03 11:37:36 - mmengine - INFO - paramwise_options -- backbone.network.4.2.convffn.conv.bn.weight:decay_mult=1.0
2025/03/03 11:37:36 - mmengine - INFO - paramwise_options -- backbone.network.4.2.convffn.conv.bn.bias:lr=1e-05
2025/03/03 11:37:36 - mmengine - INFO - paramwise_options -- backbone.network.4.2.convffn.conv.bn.bias:weight_decay=0.05
2025/03/03 11:37:36 - mmengine - INFO - paramwise_options -- backbone.network.4.2.convffn.conv.bn.bias:lr_mult=0.1
2025/03/03 11:37:36 - mmengine - INFO - paramwise_options -- backbone.network.4.2.convffn.conv.bn.bias:decay_mult=1.0
2025/03/03 11:37:36 - mmengine - INFO - paramwise_options -- backbone.network.4.2.convffn.fc1.weight:lr=1e-05
2025/03/03 11:37:36 - mmengine - INFO - paramwise_options -- backbone.network.4.2.convffn.fc1.weight:weight_decay=0.05
2025/03/03 11:37:36 - mmengine - INFO - paramwise_options -- backbone.network.4.2.convffn.fc1.weight:lr_mult=0.1
2025/03/03 11:37:36 - mmengine - INFO - paramwise_options -- backbone.network.4.2.convffn.fc1.weight:decay_mult=1.0
2025/03/03 11:37:36 - mmengine - INFO - paramwise_options -- backbone.network.4.2.convffn.fc1.bias:lr=1e-05
2025/03/03 11:37:36 - mmengine - INFO - paramwise_options -- backbone.network.4.2.convffn.fc1.bias:weight_decay=0.05
2025/03/03 11:37:36 - mmengine - INFO - paramwise_options -- backbone.network.4.2.convffn.fc1.bias:lr_mult=0.1
2025/03/03 11:37:36 - mmengine - INFO - paramwise_options -- backbone.network.4.2.convffn.fc1.bias:decay_mult=1.0
2025/03/03 11:37:36 - mmengine - INFO - paramwise_options -- backbone.network.4.2.convffn.fc2.weight:lr=1e-05
2025/03/03 11:37:36 - mmengine - INFO - paramwise_options -- backbone.network.4.2.convffn.fc2.weight:weight_decay=0.05
2025/03/03 11:37:36 - mmengine - INFO - paramwise_options -- backbone.network.4.2.convffn.fc2.weight:lr_mult=0.1
2025/03/03 11:37:36 - mmengine - INFO - paramwise_options -- backbone.network.4.2.convffn.fc2.weight:decay_mult=1.0
2025/03/03 11:37:36 - mmengine - INFO - paramwise_options -- backbone.network.4.2.convffn.fc2.bias:lr=1e-05
2025/03/03 11:37:36 - mmengine - INFO - paramwise_options -- backbone.network.4.2.convffn.fc2.bias:weight_decay=0.05
2025/03/03 11:37:36 - mmengine - INFO - paramwise_options -- backbone.network.4.2.convffn.fc2.bias:lr_mult=0.1
2025/03/03 11:37:36 - mmengine - INFO - paramwise_options -- backbone.network.4.2.convffn.fc2.bias:decay_mult=1.0
2025/03/03 11:37:36 - mmengine - INFO - paramwise_options -- backbone.network.4.3.layer_scale:lr=1e-05
2025/03/03 11:37:36 - mmengine - INFO - paramwise_options -- backbone.network.4.3.layer_scale:weight_decay=0.05
2025/03/03 11:37:36 - mmengine - INFO - paramwise_options -- backbone.network.4.3.layer_scale:lr_mult=0.1
2025/03/03 11:37:36 - mmengine - INFO - paramwise_options -- backbone.network.4.3.layer_scale:decay_mult=1.0
2025/03/03 11:37:36 - mmengine - INFO - paramwise_options -- backbone.network.4.3.token_mixer.layer_scale:lr=1e-05
2025/03/03 11:37:36 - mmengine - INFO - paramwise_options -- backbone.network.4.3.token_mixer.layer_scale:weight_decay=0.05
2025/03/03 11:37:36 - mmengine - INFO - paramwise_options -- backbone.network.4.3.token_mixer.layer_scale:lr_mult=0.1
2025/03/03 11:37:36 - mmengine - INFO - paramwise_options -- backbone.network.4.3.token_mixer.layer_scale:decay_mult=1.0
2025/03/03 11:37:36 - mmengine - INFO - paramwise_options -- backbone.network.4.3.token_mixer.norm.rbr_skip.weight:lr=1e-05
2025/03/03 11:37:36 - mmengine - INFO - paramwise_options -- backbone.network.4.3.token_mixer.norm.rbr_skip.weight:weight_decay=0.05
2025/03/03 11:37:36 - mmengine - INFO - paramwise_options -- backbone.network.4.3.token_mixer.norm.rbr_skip.weight:lr_mult=0.1
2025/03/03 11:37:36 - mmengine - INFO - paramwise_options -- backbone.network.4.3.token_mixer.norm.rbr_skip.weight:decay_mult=1.0
2025/03/03 11:37:36 - mmengine - INFO - paramwise_options -- backbone.network.4.3.token_mixer.norm.rbr_skip.bias:lr=1e-05
2025/03/03 11:37:36 - mmengine - INFO - paramwise_options -- backbone.network.4.3.token_mixer.norm.rbr_skip.bias:weight_decay=0.05
2025/03/03 11:37:36 - mmengine - INFO - paramwise_options -- backbone.network.4.3.token_mixer.norm.rbr_skip.bias:lr_mult=0.1
2025/03/03 11:37:36 - mmengine - INFO - paramwise_options -- backbone.network.4.3.token_mixer.norm.rbr_skip.bias:decay_mult=1.0
2025/03/03 11:37:36 - mmengine - INFO - paramwise_options -- backbone.network.4.3.token_mixer.mixer.rbr_skip.weight:lr=1e-05
2025/03/03 11:37:36 - mmengine - INFO - paramwise_options -- backbone.network.4.3.token_mixer.mixer.rbr_skip.weight:weight_decay=0.05
2025/03/03 11:37:36 - mmengine - INFO - paramwise_options -- backbone.network.4.3.token_mixer.mixer.rbr_skip.weight:lr_mult=0.1
2025/03/03 11:37:36 - mmengine - INFO - paramwise_options -- backbone.network.4.3.token_mixer.mixer.rbr_skip.weight:decay_mult=1.0
2025/03/03 11:37:36 - mmengine - INFO - paramwise_options -- backbone.network.4.3.token_mixer.mixer.rbr_skip.bias:lr=1e-05
2025/03/03 11:37:36 - mmengine - INFO - paramwise_options -- backbone.network.4.3.token_mixer.mixer.rbr_skip.bias:weight_decay=0.05
2025/03/03 11:37:36 - mmengine - INFO - paramwise_options -- backbone.network.4.3.token_mixer.mixer.rbr_skip.bias:lr_mult=0.1
2025/03/03 11:37:36 - mmengine - INFO - paramwise_options -- backbone.network.4.3.token_mixer.mixer.rbr_skip.bias:decay_mult=1.0
2025/03/03 11:37:36 - mmengine - INFO - paramwise_options -- backbone.network.4.3.token_mixer.mixer.rbr_conv.0.conv.weight:lr=1e-05
2025/03/03 11:37:36 - mmengine - INFO - paramwise_options -- backbone.network.4.3.token_mixer.mixer.rbr_conv.0.conv.weight:weight_decay=0.05
2025/03/03 11:37:36 - mmengine - INFO - paramwise_options -- backbone.network.4.3.token_mixer.mixer.rbr_conv.0.conv.weight:lr_mult=0.1
2025/03/03 11:37:36 - mmengine - INFO - paramwise_options -- backbone.network.4.3.token_mixer.mixer.rbr_conv.0.conv.weight:decay_mult=1.0
2025/03/03 11:37:36 - mmengine - INFO - paramwise_options -- backbone.network.4.3.token_mixer.mixer.rbr_conv.0.bn.weight:lr=1e-05
2025/03/03 11:37:36 - mmengine - INFO - paramwise_options -- backbone.network.4.3.token_mixer.mixer.rbr_conv.0.bn.weight:weight_decay=0.05
2025/03/03 11:37:36 - mmengine - INFO - paramwise_options -- backbone.network.4.3.token_mixer.mixer.rbr_conv.0.bn.weight:lr_mult=0.1
2025/03/03 11:37:36 - mmengine - INFO - paramwise_options -- backbone.network.4.3.token_mixer.mixer.rbr_conv.0.bn.weight:decay_mult=1.0
2025/03/03 11:37:36 - mmengine - INFO - paramwise_options -- backbone.network.4.3.token_mixer.mixer.rbr_conv.0.bn.bias:lr=1e-05
2025/03/03 11:37:36 - mmengine - INFO - paramwise_options -- backbone.network.4.3.token_mixer.mixer.rbr_conv.0.bn.bias:weight_decay=0.05
2025/03/03 11:37:36 - mmengine - INFO - paramwise_options -- backbone.network.4.3.token_mixer.mixer.rbr_conv.0.bn.bias:lr_mult=0.1
2025/03/03 11:37:36 - mmengine - INFO - paramwise_options -- backbone.network.4.3.token_mixer.mixer.rbr_conv.0.bn.bias:decay_mult=1.0
2025/03/03 11:37:36 - mmengine - INFO - paramwise_options -- backbone.network.4.3.token_mixer.mixer.rbr_scale.conv.weight:lr=1e-05
2025/03/03 11:37:36 - mmengine - INFO - paramwise_options -- backbone.network.4.3.token_mixer.mixer.rbr_scale.conv.weight:weight_decay=0.05
2025/03/03 11:37:36 - mmengine - INFO - paramwise_options -- backbone.network.4.3.token_mixer.mixer.rbr_scale.conv.weight:lr_mult=0.1
2025/03/03 11:37:36 - mmengine - INFO - paramwise_options -- backbone.network.4.3.token_mixer.mixer.rbr_scale.conv.weight:decay_mult=1.0
2025/03/03 11:37:36 - mmengine - INFO - paramwise_options -- backbone.network.4.3.token_mixer.mixer.rbr_scale.bn.weight:lr=1e-05
2025/03/03 11:37:36 - mmengine - INFO - paramwise_options -- backbone.network.4.3.token_mixer.mixer.rbr_scale.bn.weight:weight_decay=0.05
2025/03/03 11:37:36 - mmengine - INFO - paramwise_options -- backbone.network.4.3.token_mixer.mixer.rbr_scale.bn.weight:lr_mult=0.1
2025/03/03 11:37:36 - mmengine - INFO - paramwise_options -- backbone.network.4.3.token_mixer.mixer.rbr_scale.bn.weight:decay_mult=1.0
2025/03/03 11:37:36 - mmengine - INFO - paramwise_options -- backbone.network.4.3.token_mixer.mixer.rbr_scale.bn.bias:lr=1e-05
2025/03/03 11:37:36 - mmengine - INFO - paramwise_options -- backbone.network.4.3.token_mixer.mixer.rbr_scale.bn.bias:weight_decay=0.05
2025/03/03 11:37:36 - mmengine - INFO - paramwise_options -- backbone.network.4.3.token_mixer.mixer.rbr_scale.bn.bias:lr_mult=0.1
2025/03/03 11:37:36 - mmengine - INFO - paramwise_options -- backbone.network.4.3.token_mixer.mixer.rbr_scale.bn.bias:decay_mult=1.0
2025/03/03 11:37:36 - mmengine - INFO - paramwise_options -- backbone.network.4.3.convffn.conv.conv.weight:lr=1e-05
2025/03/03 11:37:36 - mmengine - INFO - paramwise_options -- backbone.network.4.3.convffn.conv.conv.weight:weight_decay=0.05
2025/03/03 11:37:36 - mmengine - INFO - paramwise_options -- backbone.network.4.3.convffn.conv.conv.weight:lr_mult=0.1
2025/03/03 11:37:36 - mmengine - INFO - paramwise_options -- backbone.network.4.3.convffn.conv.conv.weight:decay_mult=1.0
2025/03/03 11:37:36 - mmengine - INFO - paramwise_options -- backbone.network.4.3.convffn.conv.bn.weight:lr=1e-05
2025/03/03 11:37:36 - mmengine - INFO - paramwise_options -- backbone.network.4.3.convffn.conv.bn.weight:weight_decay=0.05
2025/03/03 11:37:36 - mmengine - INFO - paramwise_options -- backbone.network.4.3.convffn.conv.bn.weight:lr_mult=0.1
2025/03/03 11:37:36 - mmengine - INFO - paramwise_options -- backbone.network.4.3.convffn.conv.bn.weight:decay_mult=1.0
2025/03/03 11:37:36 - mmengine - INFO - paramwise_options -- backbone.network.4.3.convffn.conv.bn.bias:lr=1e-05
2025/03/03 11:37:36 - mmengine - INFO - paramwise_options -- backbone.network.4.3.convffn.conv.bn.bias:weight_decay=0.05
2025/03/03 11:37:36 - mmengine - INFO - paramwise_options -- backbone.network.4.3.convffn.conv.bn.bias:lr_mult=0.1
2025/03/03 11:37:36 - mmengine - INFO - paramwise_options -- backbone.network.4.3.convffn.conv.bn.bias:decay_mult=1.0
2025/03/03 11:37:36 - mmengine - INFO - paramwise_options -- backbone.network.4.3.convffn.fc1.weight:lr=1e-05
2025/03/03 11:37:36 - mmengine - INFO - paramwise_options -- backbone.network.4.3.convffn.fc1.weight:weight_decay=0.05
2025/03/03 11:37:36 - mmengine - INFO - paramwise_options -- backbone.network.4.3.convffn.fc1.weight:lr_mult=0.1
2025/03/03 11:37:36 - mmengine - INFO - paramwise_options -- backbone.network.4.3.convffn.fc1.weight:decay_mult=1.0
2025/03/03 11:37:36 - mmengine - INFO - paramwise_options -- backbone.network.4.3.convffn.fc1.bias:lr=1e-05
2025/03/03 11:37:36 - mmengine - INFO - paramwise_options -- backbone.network.4.3.convffn.fc1.bias:weight_decay=0.05
2025/03/03 11:37:36 - mmengine - INFO - paramwise_options -- backbone.network.4.3.convffn.fc1.bias:lr_mult=0.1
2025/03/03 11:37:36 - mmengine - INFO - paramwise_options -- backbone.network.4.3.convffn.fc1.bias:decay_mult=1.0
2025/03/03 11:37:36 - mmengine - INFO - paramwise_options -- backbone.network.4.3.convffn.fc2.weight:lr=1e-05
2025/03/03 11:37:36 - mmengine - INFO - paramwise_options -- backbone.network.4.3.convffn.fc2.weight:weight_decay=0.05
2025/03/03 11:37:36 - mmengine - INFO - paramwise_options -- backbone.network.4.3.convffn.fc2.weight:lr_mult=0.1
2025/03/03 11:37:36 - mmengine - INFO - paramwise_options -- backbone.network.4.3.convffn.fc2.weight:decay_mult=1.0
2025/03/03 11:37:36 - mmengine - INFO - paramwise_options -- backbone.network.4.3.convffn.fc2.bias:lr=1e-05
2025/03/03 11:37:36 - mmengine - INFO - paramwise_options -- backbone.network.4.3.convffn.fc2.bias:weight_decay=0.05
2025/03/03 11:37:36 - mmengine - INFO - paramwise_options -- backbone.network.4.3.convffn.fc2.bias:lr_mult=0.1
2025/03/03 11:37:36 - mmengine - INFO - paramwise_options -- backbone.network.4.3.convffn.fc2.bias:decay_mult=1.0
2025/03/03 11:37:36 - mmengine - INFO - paramwise_options -- backbone.network.4.4.layer_scale:lr=1e-05
2025/03/03 11:37:36 - mmengine - INFO - paramwise_options -- backbone.network.4.4.layer_scale:weight_decay=0.05
2025/03/03 11:37:36 - mmengine - INFO - paramwise_options -- backbone.network.4.4.layer_scale:lr_mult=0.1
2025/03/03 11:37:36 - mmengine - INFO - paramwise_options -- backbone.network.4.4.layer_scale:decay_mult=1.0
2025/03/03 11:37:36 - mmengine - INFO - paramwise_options -- backbone.network.4.4.token_mixer.layer_scale:lr=1e-05
2025/03/03 11:37:36 - mmengine - INFO - paramwise_options -- backbone.network.4.4.token_mixer.layer_scale:weight_decay=0.05
2025/03/03 11:37:36 - mmengine - INFO - paramwise_options -- backbone.network.4.4.token_mixer.layer_scale:lr_mult=0.1
2025/03/03 11:37:36 - mmengine - INFO - paramwise_options -- backbone.network.4.4.token_mixer.layer_scale:decay_mult=1.0
2025/03/03 11:37:36 - mmengine - INFO - paramwise_options -- backbone.network.4.4.token_mixer.norm.rbr_skip.weight:lr=1e-05
2025/03/03 11:37:36 - mmengine - INFO - paramwise_options -- backbone.network.4.4.token_mixer.norm.rbr_skip.weight:weight_decay=0.05
2025/03/03 11:37:36 - mmengine - INFO - paramwise_options -- backbone.network.4.4.token_mixer.norm.rbr_skip.weight:lr_mult=0.1
2025/03/03 11:37:36 - mmengine - INFO - paramwise_options -- backbone.network.4.4.token_mixer.norm.rbr_skip.weight:decay_mult=1.0
2025/03/03 11:37:36 - mmengine - INFO - paramwise_options -- backbone.network.4.4.token_mixer.norm.rbr_skip.bias:lr=1e-05
2025/03/03 11:37:36 - mmengine - INFO - paramwise_options -- backbone.network.4.4.token_mixer.norm.rbr_skip.bias:weight_decay=0.05
2025/03/03 11:37:36 - mmengine - INFO - paramwise_options -- backbone.network.4.4.token_mixer.norm.rbr_skip.bias:lr_mult=0.1
2025/03/03 11:37:36 - mmengine - INFO - paramwise_options -- backbone.network.4.4.token_mixer.norm.rbr_skip.bias:decay_mult=1.0
2025/03/03 11:37:36 - mmengine - INFO - paramwise_options -- backbone.network.4.4.token_mixer.mixer.rbr_skip.weight:lr=1e-05
2025/03/03 11:37:36 - mmengine - INFO - paramwise_options -- backbone.network.4.4.token_mixer.mixer.rbr_skip.weight:weight_decay=0.05
2025/03/03 11:37:36 - mmengine - INFO - paramwise_options -- backbone.network.4.4.token_mixer.mixer.rbr_skip.weight:lr_mult=0.1
2025/03/03 11:37:36 - mmengine - INFO - paramwise_options -- backbone.network.4.4.token_mixer.mixer.rbr_skip.weight:decay_mult=1.0
2025/03/03 11:37:36 - mmengine - INFO - paramwise_options -- backbone.network.4.4.token_mixer.mixer.rbr_skip.bias:lr=1e-05
2025/03/03 11:37:36 - mmengine - INFO - paramwise_options -- backbone.network.4.4.token_mixer.mixer.rbr_skip.bias:weight_decay=0.05
2025/03/03 11:37:36 - mmengine - INFO - paramwise_options -- backbone.network.4.4.token_mixer.mixer.rbr_skip.bias:lr_mult=0.1
2025/03/03 11:37:36 - mmengine - INFO - paramwise_options -- backbone.network.4.4.token_mixer.mixer.rbr_skip.bias:decay_mult=1.0
2025/03/03 11:37:36 - mmengine - INFO - paramwise_options -- backbone.network.4.4.token_mixer.mixer.rbr_conv.0.conv.weight:lr=1e-05
2025/03/03 11:37:36 - mmengine - INFO - paramwise_options -- backbone.network.4.4.token_mixer.mixer.rbr_conv.0.conv.weight:weight_decay=0.05
2025/03/03 11:37:36 - mmengine - INFO - paramwise_options -- backbone.network.4.4.token_mixer.mixer.rbr_conv.0.conv.weight:lr_mult=0.1
2025/03/03 11:37:36 - mmengine - INFO - paramwise_options -- backbone.network.4.4.token_mixer.mixer.rbr_conv.0.conv.weight:decay_mult=1.0
2025/03/03 11:37:36 - mmengine - INFO - paramwise_options -- backbone.network.4.4.token_mixer.mixer.rbr_conv.0.bn.weight:lr=1e-05
2025/03/03 11:37:36 - mmengine - INFO - paramwise_options -- backbone.network.4.4.token_mixer.mixer.rbr_conv.0.bn.weight:weight_decay=0.05
2025/03/03 11:37:36 - mmengine - INFO - paramwise_options -- backbone.network.4.4.token_mixer.mixer.rbr_conv.0.bn.weight:lr_mult=0.1
2025/03/03 11:37:36 - mmengine - INFO - paramwise_options -- backbone.network.4.4.token_mixer.mixer.rbr_conv.0.bn.weight:decay_mult=1.0
2025/03/03 11:37:36 - mmengine - INFO - paramwise_options -- backbone.network.4.4.token_mixer.mixer.rbr_conv.0.bn.bias:lr=1e-05
2025/03/03 11:37:36 - mmengine - INFO - paramwise_options -- backbone.network.4.4.token_mixer.mixer.rbr_conv.0.bn.bias:weight_decay=0.05
2025/03/03 11:37:36 - mmengine - INFO - paramwise_options -- backbone.network.4.4.token_mixer.mixer.rbr_conv.0.bn.bias:lr_mult=0.1
2025/03/03 11:37:36 - mmengine - INFO - paramwise_options -- backbone.network.4.4.token_mixer.mixer.rbr_conv.0.bn.bias:decay_mult=1.0
2025/03/03 11:37:36 - mmengine - INFO - paramwise_options -- backbone.network.4.4.token_mixer.mixer.rbr_scale.conv.weight:lr=1e-05
2025/03/03 11:37:36 - mmengine - INFO - paramwise_options -- backbone.network.4.4.token_mixer.mixer.rbr_scale.conv.weight:weight_decay=0.05
2025/03/03 11:37:36 - mmengine - INFO - paramwise_options -- backbone.network.4.4.token_mixer.mixer.rbr_scale.conv.weight:lr_mult=0.1
2025/03/03 11:37:36 - mmengine - INFO - paramwise_options -- backbone.network.4.4.token_mixer.mixer.rbr_scale.conv.weight:decay_mult=1.0
2025/03/03 11:37:36 - mmengine - INFO - paramwise_options -- backbone.network.4.4.token_mixer.mixer.rbr_scale.bn.weight:lr=1e-05
2025/03/03 11:37:36 - mmengine - INFO - paramwise_options -- backbone.network.4.4.token_mixer.mixer.rbr_scale.bn.weight:weight_decay=0.05
2025/03/03 11:37:36 - mmengine - INFO - paramwise_options -- backbone.network.4.4.token_mixer.mixer.rbr_scale.bn.weight:lr_mult=0.1
2025/03/03 11:37:36 - mmengine - INFO - paramwise_options -- backbone.network.4.4.token_mixer.mixer.rbr_scale.bn.weight:decay_mult=1.0
2025/03/03 11:37:36 - mmengine - INFO - paramwise_options -- backbone.network.4.4.token_mixer.mixer.rbr_scale.bn.bias:lr=1e-05
2025/03/03 11:37:36 - mmengine - INFO - paramwise_options -- backbone.network.4.4.token_mixer.mixer.rbr_scale.bn.bias:weight_decay=0.05
2025/03/03 11:37:36 - mmengine - INFO - paramwise_options -- backbone.network.4.4.token_mixer.mixer.rbr_scale.bn.bias:lr_mult=0.1
2025/03/03 11:37:36 - mmengine - INFO - paramwise_options -- backbone.network.4.4.token_mixer.mixer.rbr_scale.bn.bias:decay_mult=1.0
2025/03/03 11:37:36 - mmengine - INFO - paramwise_options -- backbone.network.4.4.convffn.conv.conv.weight:lr=1e-05
2025/03/03 11:37:36 - mmengine - INFO - paramwise_options -- backbone.network.4.4.convffn.conv.conv.weight:weight_decay=0.05
2025/03/03 11:37:36 - mmengine - INFO - paramwise_options -- backbone.network.4.4.convffn.conv.conv.weight:lr_mult=0.1
2025/03/03 11:37:36 - mmengine - INFO - paramwise_options -- backbone.network.4.4.convffn.conv.conv.weight:decay_mult=1.0
2025/03/03 11:37:36 - mmengine - INFO - paramwise_options -- backbone.network.4.4.convffn.conv.bn.weight:lr=1e-05
2025/03/03 11:37:36 - mmengine - INFO - paramwise_options -- backbone.network.4.4.convffn.conv.bn.weight:weight_decay=0.05
2025/03/03 11:37:36 - mmengine - INFO - paramwise_options -- backbone.network.4.4.convffn.conv.bn.weight:lr_mult=0.1
2025/03/03 11:37:36 - mmengine - INFO - paramwise_options -- backbone.network.4.4.convffn.conv.bn.weight:decay_mult=1.0
2025/03/03 11:37:36 - mmengine - INFO - paramwise_options -- backbone.network.4.4.convffn.conv.bn.bias:lr=1e-05
2025/03/03 11:37:36 - mmengine - INFO - paramwise_options -- backbone.network.4.4.convffn.conv.bn.bias:weight_decay=0.05
2025/03/03 11:37:36 - mmengine - INFO - paramwise_options -- backbone.network.4.4.convffn.conv.bn.bias:lr_mult=0.1
2025/03/03 11:37:36 - mmengine - INFO - paramwise_options -- backbone.network.4.4.convffn.conv.bn.bias:decay_mult=1.0
2025/03/03 11:37:36 - mmengine - INFO - paramwise_options -- backbone.network.4.4.convffn.fc1.weight:lr=1e-05
2025/03/03 11:37:36 - mmengine - INFO - paramwise_options -- backbone.network.4.4.convffn.fc1.weight:weight_decay=0.05
2025/03/03 11:37:36 - mmengine - INFO - paramwise_options -- backbone.network.4.4.convffn.fc1.weight:lr_mult=0.1
2025/03/03 11:37:36 - mmengine - INFO - paramwise_options -- backbone.network.4.4.convffn.fc1.weight:decay_mult=1.0
2025/03/03 11:37:36 - mmengine - INFO - paramwise_options -- backbone.network.4.4.convffn.fc1.bias:lr=1e-05
2025/03/03 11:37:36 - mmengine - INFO - paramwise_options -- backbone.network.4.4.convffn.fc1.bias:weight_decay=0.05
2025/03/03 11:37:36 - mmengine - INFO - paramwise_options -- backbone.network.4.4.convffn.fc1.bias:lr_mult=0.1
2025/03/03 11:37:36 - mmengine - INFO - paramwise_options -- backbone.network.4.4.convffn.fc1.bias:decay_mult=1.0
2025/03/03 11:37:36 - mmengine - INFO - paramwise_options -- backbone.network.4.4.convffn.fc2.weight:lr=1e-05
2025/03/03 11:37:36 - mmengine - INFO - paramwise_options -- backbone.network.4.4.convffn.fc2.weight:weight_decay=0.05
2025/03/03 11:37:36 - mmengine - INFO - paramwise_options -- backbone.network.4.4.convffn.fc2.weight:lr_mult=0.1
2025/03/03 11:37:36 - mmengine - INFO - paramwise_options -- backbone.network.4.4.convffn.fc2.weight:decay_mult=1.0
2025/03/03 11:37:36 - mmengine - INFO - paramwise_options -- backbone.network.4.4.convffn.fc2.bias:lr=1e-05
2025/03/03 11:37:36 - mmengine - INFO - paramwise_options -- backbone.network.4.4.convffn.fc2.bias:weight_decay=0.05
2025/03/03 11:37:36 - mmengine - INFO - paramwise_options -- backbone.network.4.4.convffn.fc2.bias:lr_mult=0.1
2025/03/03 11:37:36 - mmengine - INFO - paramwise_options -- backbone.network.4.4.convffn.fc2.bias:decay_mult=1.0
2025/03/03 11:37:36 - mmengine - INFO - paramwise_options -- backbone.network.4.5.layer_scale:lr=1e-05
2025/03/03 11:37:36 - mmengine - INFO - paramwise_options -- backbone.network.4.5.layer_scale:weight_decay=0.05
2025/03/03 11:37:36 - mmengine - INFO - paramwise_options -- backbone.network.4.5.layer_scale:lr_mult=0.1
2025/03/03 11:37:36 - mmengine - INFO - paramwise_options -- backbone.network.4.5.layer_scale:decay_mult=1.0
2025/03/03 11:37:36 - mmengine - INFO - paramwise_options -- backbone.network.4.5.token_mixer.layer_scale:lr=1e-05
2025/03/03 11:37:36 - mmengine - INFO - paramwise_options -- backbone.network.4.5.token_mixer.layer_scale:weight_decay=0.05
2025/03/03 11:37:36 - mmengine - INFO - paramwise_options -- backbone.network.4.5.token_mixer.layer_scale:lr_mult=0.1
2025/03/03 11:37:36 - mmengine - INFO - paramwise_options -- backbone.network.4.5.token_mixer.layer_scale:decay_mult=1.0
2025/03/03 11:37:36 - mmengine - INFO - paramwise_options -- backbone.network.4.5.token_mixer.norm.rbr_skip.weight:lr=1e-05
2025/03/03 11:37:36 - mmengine - INFO - paramwise_options -- backbone.network.4.5.token_mixer.norm.rbr_skip.weight:weight_decay=0.05
2025/03/03 11:37:36 - mmengine - INFO - paramwise_options -- backbone.network.4.5.token_mixer.norm.rbr_skip.weight:lr_mult=0.1
2025/03/03 11:37:36 - mmengine - INFO - paramwise_options -- backbone.network.4.5.token_mixer.norm.rbr_skip.weight:decay_mult=1.0
2025/03/03 11:37:36 - mmengine - INFO - paramwise_options -- backbone.network.4.5.token_mixer.norm.rbr_skip.bias:lr=1e-05
2025/03/03 11:37:36 - mmengine - INFO - paramwise_options -- backbone.network.4.5.token_mixer.norm.rbr_skip.bias:weight_decay=0.05
2025/03/03 11:37:36 - mmengine - INFO - paramwise_options -- backbone.network.4.5.token_mixer.norm.rbr_skip.bias:lr_mult=0.1
2025/03/03 11:37:36 - mmengine - INFO - paramwise_options -- backbone.network.4.5.token_mixer.norm.rbr_skip.bias:decay_mult=1.0
2025/03/03 11:37:36 - mmengine - INFO - paramwise_options -- backbone.network.4.5.token_mixer.mixer.rbr_skip.weight:lr=1e-05
2025/03/03 11:37:36 - mmengine - INFO - paramwise_options -- backbone.network.4.5.token_mixer.mixer.rbr_skip.weight:weight_decay=0.05
2025/03/03 11:37:36 - mmengine - INFO - paramwise_options -- backbone.network.4.5.token_mixer.mixer.rbr_skip.weight:lr_mult=0.1
2025/03/03 11:37:36 - mmengine - INFO - paramwise_options -- backbone.network.4.5.token_mixer.mixer.rbr_skip.weight:decay_mult=1.0
2025/03/03 11:37:36 - mmengine - INFO - paramwise_options -- backbone.network.4.5.token_mixer.mixer.rbr_skip.bias:lr=1e-05
2025/03/03 11:37:36 - mmengine - INFO - paramwise_options -- backbone.network.4.5.token_mixer.mixer.rbr_skip.bias:weight_decay=0.05
2025/03/03 11:37:36 - mmengine - INFO - paramwise_options -- backbone.network.4.5.token_mixer.mixer.rbr_skip.bias:lr_mult=0.1
2025/03/03 11:37:36 - mmengine - INFO - paramwise_options -- backbone.network.4.5.token_mixer.mixer.rbr_skip.bias:decay_mult=1.0
2025/03/03 11:37:36 - mmengine - INFO - paramwise_options -- backbone.network.4.5.token_mixer.mixer.rbr_conv.0.conv.weight:lr=1e-05
2025/03/03 11:37:36 - mmengine - INFO - paramwise_options -- backbone.network.4.5.token_mixer.mixer.rbr_conv.0.conv.weight:weight_decay=0.05
2025/03/03 11:37:36 - mmengine - INFO - paramwise_options -- backbone.network.4.5.token_mixer.mixer.rbr_conv.0.conv.weight:lr_mult=0.1
2025/03/03 11:37:36 - mmengine - INFO - paramwise_options -- backbone.network.4.5.token_mixer.mixer.rbr_conv.0.conv.weight:decay_mult=1.0
2025/03/03 11:37:36 - mmengine - INFO - paramwise_options -- backbone.network.4.5.token_mixer.mixer.rbr_conv.0.bn.weight:lr=1e-05
2025/03/03 11:37:36 - mmengine - INFO - paramwise_options -- backbone.network.4.5.token_mixer.mixer.rbr_conv.0.bn.weight:weight_decay=0.05
2025/03/03 11:37:36 - mmengine - INFO - paramwise_options -- backbone.network.4.5.token_mixer.mixer.rbr_conv.0.bn.weight:lr_mult=0.1
2025/03/03 11:37:36 - mmengine - INFO - paramwise_options -- backbone.network.4.5.token_mixer.mixer.rbr_conv.0.bn.weight:decay_mult=1.0
2025/03/03 11:37:36 - mmengine - INFO - paramwise_options -- backbone.network.4.5.token_mixer.mixer.rbr_conv.0.bn.bias:lr=1e-05
2025/03/03 11:37:36 - mmengine - INFO - paramwise_options -- backbone.network.4.5.token_mixer.mixer.rbr_conv.0.bn.bias:weight_decay=0.05
2025/03/03 11:37:36 - mmengine - INFO - paramwise_options -- backbone.network.4.5.token_mixer.mixer.rbr_conv.0.bn.bias:lr_mult=0.1
2025/03/03 11:37:36 - mmengine - INFO - paramwise_options -- backbone.network.4.5.token_mixer.mixer.rbr_conv.0.bn.bias:decay_mult=1.0
2025/03/03 11:37:36 - mmengine - INFO - paramwise_options -- backbone.network.4.5.token_mixer.mixer.rbr_scale.conv.weight:lr=1e-05
2025/03/03 11:37:36 - mmengine - INFO - paramwise_options -- backbone.network.4.5.token_mixer.mixer.rbr_scale.conv.weight:weight_decay=0.05
2025/03/03 11:37:36 - mmengine - INFO - paramwise_options -- backbone.network.4.5.token_mixer.mixer.rbr_scale.conv.weight:lr_mult=0.1
2025/03/03 11:37:36 - mmengine - INFO - paramwise_options -- backbone.network.4.5.token_mixer.mixer.rbr_scale.conv.weight:decay_mult=1.0
2025/03/03 11:37:36 - mmengine - INFO - paramwise_options -- backbone.network.4.5.token_mixer.mixer.rbr_scale.bn.weight:lr=1e-05
2025/03/03 11:37:36 - mmengine - INFO - paramwise_options -- backbone.network.4.5.token_mixer.mixer.rbr_scale.bn.weight:weight_decay=0.05
2025/03/03 11:37:36 - mmengine - INFO - paramwise_options -- backbone.network.4.5.token_mixer.mixer.rbr_scale.bn.weight:lr_mult=0.1
2025/03/03 11:37:36 - mmengine - INFO - paramwise_options -- backbone.network.4.5.token_mixer.mixer.rbr_scale.bn.weight:decay_mult=1.0
2025/03/03 11:37:36 - mmengine - INFO - paramwise_options -- backbone.network.4.5.token_mixer.mixer.rbr_scale.bn.bias:lr=1e-05
2025/03/03 11:37:36 - mmengine - INFO - paramwise_options -- backbone.network.4.5.token_mixer.mixer.rbr_scale.bn.bias:weight_decay=0.05
2025/03/03 11:37:36 - mmengine - INFO - paramwise_options -- backbone.network.4.5.token_mixer.mixer.rbr_scale.bn.bias:lr_mult=0.1
2025/03/03 11:37:36 - mmengine - INFO - paramwise_options -- backbone.network.4.5.token_mixer.mixer.rbr_scale.bn.bias:decay_mult=1.0
2025/03/03 11:37:36 - mmengine - INFO - paramwise_options -- backbone.network.4.5.convffn.conv.conv.weight:lr=1e-05
2025/03/03 11:37:36 - mmengine - INFO - paramwise_options -- backbone.network.4.5.convffn.conv.conv.weight:weight_decay=0.05
2025/03/03 11:37:36 - mmengine - INFO - paramwise_options -- backbone.network.4.5.convffn.conv.conv.weight:lr_mult=0.1
2025/03/03 11:37:36 - mmengine - INFO - paramwise_options -- backbone.network.4.5.convffn.conv.conv.weight:decay_mult=1.0
2025/03/03 11:37:36 - mmengine - INFO - paramwise_options -- backbone.network.4.5.convffn.conv.bn.weight:lr=1e-05
2025/03/03 11:37:36 - mmengine - INFO - paramwise_options -- backbone.network.4.5.convffn.conv.bn.weight:weight_decay=0.05
2025/03/03 11:37:36 - mmengine - INFO - paramwise_options -- backbone.network.4.5.convffn.conv.bn.weight:lr_mult=0.1
2025/03/03 11:37:36 - mmengine - INFO - paramwise_options -- backbone.network.4.5.convffn.conv.bn.weight:decay_mult=1.0
2025/03/03 11:37:36 - mmengine - INFO - paramwise_options -- backbone.network.4.5.convffn.conv.bn.bias:lr=1e-05
2025/03/03 11:37:36 - mmengine - INFO - paramwise_options -- backbone.network.4.5.convffn.conv.bn.bias:weight_decay=0.05
2025/03/03 11:37:36 - mmengine - INFO - paramwise_options -- backbone.network.4.5.convffn.conv.bn.bias:lr_mult=0.1
2025/03/03 11:37:36 - mmengine - INFO - paramwise_options -- backbone.network.4.5.convffn.conv.bn.bias:decay_mult=1.0
2025/03/03 11:37:36 - mmengine - INFO - paramwise_options -- backbone.network.4.5.convffn.fc1.weight:lr=1e-05
2025/03/03 11:37:36 - mmengine - INFO - paramwise_options -- backbone.network.4.5.convffn.fc1.weight:weight_decay=0.05
2025/03/03 11:37:36 - mmengine - INFO - paramwise_options -- backbone.network.4.5.convffn.fc1.weight:lr_mult=0.1
2025/03/03 11:37:36 - mmengine - INFO - paramwise_options -- backbone.network.4.5.convffn.fc1.weight:decay_mult=1.0
2025/03/03 11:37:36 - mmengine - INFO - paramwise_options -- backbone.network.4.5.convffn.fc1.bias:lr=1e-05
2025/03/03 11:37:36 - mmengine - INFO - paramwise_options -- backbone.network.4.5.convffn.fc1.bias:weight_decay=0.05
2025/03/03 11:37:36 - mmengine - INFO - paramwise_options -- backbone.network.4.5.convffn.fc1.bias:lr_mult=0.1
2025/03/03 11:37:36 - mmengine - INFO - paramwise_options -- backbone.network.4.5.convffn.fc1.bias:decay_mult=1.0
2025/03/03 11:37:36 - mmengine - INFO - paramwise_options -- backbone.network.4.5.convffn.fc2.weight:lr=1e-05
2025/03/03 11:37:36 - mmengine - INFO - paramwise_options -- backbone.network.4.5.convffn.fc2.weight:weight_decay=0.05
2025/03/03 11:37:36 - mmengine - INFO - paramwise_options -- backbone.network.4.5.convffn.fc2.weight:lr_mult=0.1
2025/03/03 11:37:36 - mmengine - INFO - paramwise_options -- backbone.network.4.5.convffn.fc2.weight:decay_mult=1.0
2025/03/03 11:37:36 - mmengine - INFO - paramwise_options -- backbone.network.4.5.convffn.fc2.bias:lr=1e-05
2025/03/03 11:37:36 - mmengine - INFO - paramwise_options -- backbone.network.4.5.convffn.fc2.bias:weight_decay=0.05
2025/03/03 11:37:36 - mmengine - INFO - paramwise_options -- backbone.network.4.5.convffn.fc2.bias:lr_mult=0.1
2025/03/03 11:37:36 - mmengine - INFO - paramwise_options -- backbone.network.4.5.convffn.fc2.bias:decay_mult=1.0
2025/03/03 11:37:36 - mmengine - INFO - paramwise_options -- backbone.network.4.6.layer_scale:lr=1e-05
2025/03/03 11:37:36 - mmengine - INFO - paramwise_options -- backbone.network.4.6.layer_scale:weight_decay=0.05
2025/03/03 11:37:36 - mmengine - INFO - paramwise_options -- backbone.network.4.6.layer_scale:lr_mult=0.1
2025/03/03 11:37:36 - mmengine - INFO - paramwise_options -- backbone.network.4.6.layer_scale:decay_mult=1.0
2025/03/03 11:37:36 - mmengine - INFO - paramwise_options -- backbone.network.4.6.token_mixer.layer_scale:lr=1e-05
2025/03/03 11:37:36 - mmengine - INFO - paramwise_options -- backbone.network.4.6.token_mixer.layer_scale:weight_decay=0.05
2025/03/03 11:37:36 - mmengine - INFO - paramwise_options -- backbone.network.4.6.token_mixer.layer_scale:lr_mult=0.1
2025/03/03 11:37:36 - mmengine - INFO - paramwise_options -- backbone.network.4.6.token_mixer.layer_scale:decay_mult=1.0
2025/03/03 11:37:36 - mmengine - INFO - paramwise_options -- backbone.network.4.6.token_mixer.norm.rbr_skip.weight:lr=1e-05
2025/03/03 11:37:36 - mmengine - INFO - paramwise_options -- backbone.network.4.6.token_mixer.norm.rbr_skip.weight:weight_decay=0.05
2025/03/03 11:37:36 - mmengine - INFO - paramwise_options -- backbone.network.4.6.token_mixer.norm.rbr_skip.weight:lr_mult=0.1
2025/03/03 11:37:36 - mmengine - INFO - paramwise_options -- backbone.network.4.6.token_mixer.norm.rbr_skip.weight:decay_mult=1.0
2025/03/03 11:37:36 - mmengine - INFO - paramwise_options -- backbone.network.4.6.token_mixer.norm.rbr_skip.bias:lr=1e-05
2025/03/03 11:37:36 - mmengine - INFO - paramwise_options -- backbone.network.4.6.token_mixer.norm.rbr_skip.bias:weight_decay=0.05
2025/03/03 11:37:36 - mmengine - INFO - paramwise_options -- backbone.network.4.6.token_mixer.norm.rbr_skip.bias:lr_mult=0.1
2025/03/03 11:37:36 - mmengine - INFO - paramwise_options -- backbone.network.4.6.token_mixer.norm.rbr_skip.bias:decay_mult=1.0
2025/03/03 11:37:36 - mmengine - INFO - paramwise_options -- backbone.network.4.6.token_mixer.mixer.rbr_skip.weight:lr=1e-05
2025/03/03 11:37:36 - mmengine - INFO - paramwise_options -- backbone.network.4.6.token_mixer.mixer.rbr_skip.weight:weight_decay=0.05
2025/03/03 11:37:36 - mmengine - INFO - paramwise_options -- backbone.network.4.6.token_mixer.mixer.rbr_skip.weight:lr_mult=0.1
2025/03/03 11:37:36 - mmengine - INFO - paramwise_options -- backbone.network.4.6.token_mixer.mixer.rbr_skip.weight:decay_mult=1.0
2025/03/03 11:37:36 - mmengine - INFO - paramwise_options -- backbone.network.4.6.token_mixer.mixer.rbr_skip.bias:lr=1e-05
2025/03/03 11:37:36 - mmengine - INFO - paramwise_options -- backbone.network.4.6.token_mixer.mixer.rbr_skip.bias:weight_decay=0.05
2025/03/03 11:37:36 - mmengine - INFO - paramwise_options -- backbone.network.4.6.token_mixer.mixer.rbr_skip.bias:lr_mult=0.1
2025/03/03 11:37:36 - mmengine - INFO - paramwise_options -- backbone.network.4.6.token_mixer.mixer.rbr_skip.bias:decay_mult=1.0
2025/03/03 11:37:36 - mmengine - INFO - paramwise_options -- backbone.network.4.6.token_mixer.mixer.rbr_conv.0.conv.weight:lr=1e-05
2025/03/03 11:37:36 - mmengine - INFO - paramwise_options -- backbone.network.4.6.token_mixer.mixer.rbr_conv.0.conv.weight:weight_decay=0.05
2025/03/03 11:37:36 - mmengine - INFO - paramwise_options -- backbone.network.4.6.token_mixer.mixer.rbr_conv.0.conv.weight:lr_mult=0.1
2025/03/03 11:37:36 - mmengine - INFO - paramwise_options -- backbone.network.4.6.token_mixer.mixer.rbr_conv.0.conv.weight:decay_mult=1.0
2025/03/03 11:37:36 - mmengine - INFO - paramwise_options -- backbone.network.4.6.token_mixer.mixer.rbr_conv.0.bn.weight:lr=1e-05
2025/03/03 11:37:36 - mmengine - INFO - paramwise_options -- backbone.network.4.6.token_mixer.mixer.rbr_conv.0.bn.weight:weight_decay=0.05
2025/03/03 11:37:36 - mmengine - INFO - paramwise_options -- backbone.network.4.6.token_mixer.mixer.rbr_conv.0.bn.weight:lr_mult=0.1
2025/03/03 11:37:36 - mmengine - INFO - paramwise_options -- backbone.network.4.6.token_mixer.mixer.rbr_conv.0.bn.weight:decay_mult=1.0
2025/03/03 11:37:36 - mmengine - INFO - paramwise_options -- backbone.network.4.6.token_mixer.mixer.rbr_conv.0.bn.bias:lr=1e-05
2025/03/03 11:37:36 - mmengine - INFO - paramwise_options -- backbone.network.4.6.token_mixer.mixer.rbr_conv.0.bn.bias:weight_decay=0.05
2025/03/03 11:37:36 - mmengine - INFO - paramwise_options -- backbone.network.4.6.token_mixer.mixer.rbr_conv.0.bn.bias:lr_mult=0.1
2025/03/03 11:37:36 - mmengine - INFO - paramwise_options -- backbone.network.4.6.token_mixer.mixer.rbr_conv.0.bn.bias:decay_mult=1.0
2025/03/03 11:37:36 - mmengine - INFO - paramwise_options -- backbone.network.4.6.token_mixer.mixer.rbr_scale.conv.weight:lr=1e-05
2025/03/03 11:37:36 - mmengine - INFO - paramwise_options -- backbone.network.4.6.token_mixer.mixer.rbr_scale.conv.weight:weight_decay=0.05
2025/03/03 11:37:36 - mmengine - INFO - paramwise_options -- backbone.network.4.6.token_mixer.mixer.rbr_scale.conv.weight:lr_mult=0.1
2025/03/03 11:37:36 - mmengine - INFO - paramwise_options -- backbone.network.4.6.token_mixer.mixer.rbr_scale.conv.weight:decay_mult=1.0
2025/03/03 11:37:36 - mmengine - INFO - paramwise_options -- backbone.network.4.6.token_mixer.mixer.rbr_scale.bn.weight:lr=1e-05
2025/03/03 11:37:36 - mmengine - INFO - paramwise_options -- backbone.network.4.6.token_mixer.mixer.rbr_scale.bn.weight:weight_decay=0.05
2025/03/03 11:37:36 - mmengine - INFO - paramwise_options -- backbone.network.4.6.token_mixer.mixer.rbr_scale.bn.weight:lr_mult=0.1
2025/03/03 11:37:36 - mmengine - INFO - paramwise_options -- backbone.network.4.6.token_mixer.mixer.rbr_scale.bn.weight:decay_mult=1.0
2025/03/03 11:37:36 - mmengine - INFO - paramwise_options -- backbone.network.4.6.token_mixer.mixer.rbr_scale.bn.bias:lr=1e-05
2025/03/03 11:37:36 - mmengine - INFO - paramwise_options -- backbone.network.4.6.token_mixer.mixer.rbr_scale.bn.bias:weight_decay=0.05
2025/03/03 11:37:36 - mmengine - INFO - paramwise_options -- backbone.network.4.6.token_mixer.mixer.rbr_scale.bn.bias:lr_mult=0.1
2025/03/03 11:37:36 - mmengine - INFO - paramwise_options -- backbone.network.4.6.token_mixer.mixer.rbr_scale.bn.bias:decay_mult=1.0
2025/03/03 11:37:36 - mmengine - INFO - paramwise_options -- backbone.network.4.6.convffn.conv.conv.weight:lr=1e-05
2025/03/03 11:37:36 - mmengine - INFO - paramwise_options -- backbone.network.4.6.convffn.conv.conv.weight:weight_decay=0.05
2025/03/03 11:37:36 - mmengine - INFO - paramwise_options -- backbone.network.4.6.convffn.conv.conv.weight:lr_mult=0.1
2025/03/03 11:37:36 - mmengine - INFO - paramwise_options -- backbone.network.4.6.convffn.conv.conv.weight:decay_mult=1.0
2025/03/03 11:37:36 - mmengine - INFO - paramwise_options -- backbone.network.4.6.convffn.conv.bn.weight:lr=1e-05
2025/03/03 11:37:36 - mmengine - INFO - paramwise_options -- backbone.network.4.6.convffn.conv.bn.weight:weight_decay=0.05
2025/03/03 11:37:36 - mmengine - INFO - paramwise_options -- backbone.network.4.6.convffn.conv.bn.weight:lr_mult=0.1
2025/03/03 11:37:36 - mmengine - INFO - paramwise_options -- backbone.network.4.6.convffn.conv.bn.weight:decay_mult=1.0
2025/03/03 11:37:36 - mmengine - INFO - paramwise_options -- backbone.network.4.6.convffn.conv.bn.bias:lr=1e-05
2025/03/03 11:37:36 - mmengine - INFO - paramwise_options -- backbone.network.4.6.convffn.conv.bn.bias:weight_decay=0.05
2025/03/03 11:37:36 - mmengine - INFO - paramwise_options -- backbone.network.4.6.convffn.conv.bn.bias:lr_mult=0.1
2025/03/03 11:37:36 - mmengine - INFO - paramwise_options -- backbone.network.4.6.convffn.conv.bn.bias:decay_mult=1.0
2025/03/03 11:37:36 - mmengine - INFO - paramwise_options -- backbone.network.4.6.convffn.fc1.weight:lr=1e-05
2025/03/03 11:37:36 - mmengine - INFO - paramwise_options -- backbone.network.4.6.convffn.fc1.weight:weight_decay=0.05
2025/03/03 11:37:36 - mmengine - INFO - paramwise_options -- backbone.network.4.6.convffn.fc1.weight:lr_mult=0.1
2025/03/03 11:37:36 - mmengine - INFO - paramwise_options -- backbone.network.4.6.convffn.fc1.weight:decay_mult=1.0
2025/03/03 11:37:36 - mmengine - INFO - paramwise_options -- backbone.network.4.6.convffn.fc1.bias:lr=1e-05
2025/03/03 11:37:36 - mmengine - INFO - paramwise_options -- backbone.network.4.6.convffn.fc1.bias:weight_decay=0.05
2025/03/03 11:37:36 - mmengine - INFO - paramwise_options -- backbone.network.4.6.convffn.fc1.bias:lr_mult=0.1
2025/03/03 11:37:36 - mmengine - INFO - paramwise_options -- backbone.network.4.6.convffn.fc1.bias:decay_mult=1.0
2025/03/03 11:37:36 - mmengine - INFO - paramwise_options -- backbone.network.4.6.convffn.fc2.weight:lr=1e-05
2025/03/03 11:37:36 - mmengine - INFO - paramwise_options -- backbone.network.4.6.convffn.fc2.weight:weight_decay=0.05
2025/03/03 11:37:36 - mmengine - INFO - paramwise_options -- backbone.network.4.6.convffn.fc2.weight:lr_mult=0.1
2025/03/03 11:37:36 - mmengine - INFO - paramwise_options -- backbone.network.4.6.convffn.fc2.weight:decay_mult=1.0
2025/03/03 11:37:36 - mmengine - INFO - paramwise_options -- backbone.network.4.6.convffn.fc2.bias:lr=1e-05
2025/03/03 11:37:36 - mmengine - INFO - paramwise_options -- backbone.network.4.6.convffn.fc2.bias:weight_decay=0.05
2025/03/03 11:37:36 - mmengine - INFO - paramwise_options -- backbone.network.4.6.convffn.fc2.bias:lr_mult=0.1
2025/03/03 11:37:36 - mmengine - INFO - paramwise_options -- backbone.network.4.6.convffn.fc2.bias:decay_mult=1.0
2025/03/03 11:37:36 - mmengine - INFO - paramwise_options -- backbone.network.4.7.layer_scale:lr=1e-05
2025/03/03 11:37:36 - mmengine - INFO - paramwise_options -- backbone.network.4.7.layer_scale:weight_decay=0.05
2025/03/03 11:37:36 - mmengine - INFO - paramwise_options -- backbone.network.4.7.layer_scale:lr_mult=0.1
2025/03/03 11:37:36 - mmengine - INFO - paramwise_options -- backbone.network.4.7.layer_scale:decay_mult=1.0
2025/03/03 11:37:36 - mmengine - INFO - paramwise_options -- backbone.network.4.7.token_mixer.layer_scale:lr=1e-05
2025/03/03 11:37:36 - mmengine - INFO - paramwise_options -- backbone.network.4.7.token_mixer.layer_scale:weight_decay=0.05
2025/03/03 11:37:36 - mmengine - INFO - paramwise_options -- backbone.network.4.7.token_mixer.layer_scale:lr_mult=0.1
2025/03/03 11:37:36 - mmengine - INFO - paramwise_options -- backbone.network.4.7.token_mixer.layer_scale:decay_mult=1.0
2025/03/03 11:37:36 - mmengine - INFO - paramwise_options -- backbone.network.4.7.token_mixer.norm.rbr_skip.weight:lr=1e-05
2025/03/03 11:37:36 - mmengine - INFO - paramwise_options -- backbone.network.4.7.token_mixer.norm.rbr_skip.weight:weight_decay=0.05
2025/03/03 11:37:36 - mmengine - INFO - paramwise_options -- backbone.network.4.7.token_mixer.norm.rbr_skip.weight:lr_mult=0.1
2025/03/03 11:37:36 - mmengine - INFO - paramwise_options -- backbone.network.4.7.token_mixer.norm.rbr_skip.weight:decay_mult=1.0
2025/03/03 11:37:36 - mmengine - INFO - paramwise_options -- backbone.network.4.7.token_mixer.norm.rbr_skip.bias:lr=1e-05
2025/03/03 11:37:36 - mmengine - INFO - paramwise_options -- backbone.network.4.7.token_mixer.norm.rbr_skip.bias:weight_decay=0.05
2025/03/03 11:37:36 - mmengine - INFO - paramwise_options -- backbone.network.4.7.token_mixer.norm.rbr_skip.bias:lr_mult=0.1
2025/03/03 11:37:36 - mmengine - INFO - paramwise_options -- backbone.network.4.7.token_mixer.norm.rbr_skip.bias:decay_mult=1.0
2025/03/03 11:37:36 - mmengine - INFO - paramwise_options -- backbone.network.4.7.token_mixer.mixer.rbr_skip.weight:lr=1e-05
2025/03/03 11:37:36 - mmengine - INFO - paramwise_options -- backbone.network.4.7.token_mixer.mixer.rbr_skip.weight:weight_decay=0.05
2025/03/03 11:37:36 - mmengine - INFO - paramwise_options -- backbone.network.4.7.token_mixer.mixer.rbr_skip.weight:lr_mult=0.1
2025/03/03 11:37:36 - mmengine - INFO - paramwise_options -- backbone.network.4.7.token_mixer.mixer.rbr_skip.weight:decay_mult=1.0
2025/03/03 11:37:36 - mmengine - INFO - paramwise_options -- backbone.network.4.7.token_mixer.mixer.rbr_skip.bias:lr=1e-05
2025/03/03 11:37:36 - mmengine - INFO - paramwise_options -- backbone.network.4.7.token_mixer.mixer.rbr_skip.bias:weight_decay=0.05
2025/03/03 11:37:36 - mmengine - INFO - paramwise_options -- backbone.network.4.7.token_mixer.mixer.rbr_skip.bias:lr_mult=0.1
2025/03/03 11:37:36 - mmengine - INFO - paramwise_options -- backbone.network.4.7.token_mixer.mixer.rbr_skip.bias:decay_mult=1.0
2025/03/03 11:37:36 - mmengine - INFO - paramwise_options -- backbone.network.4.7.token_mixer.mixer.rbr_conv.0.conv.weight:lr=1e-05
2025/03/03 11:37:36 - mmengine - INFO - paramwise_options -- backbone.network.4.7.token_mixer.mixer.rbr_conv.0.conv.weight:weight_decay=0.05
2025/03/03 11:37:36 - mmengine - INFO - paramwise_options -- backbone.network.4.7.token_mixer.mixer.rbr_conv.0.conv.weight:lr_mult=0.1
2025/03/03 11:37:36 - mmengine - INFO - paramwise_options -- backbone.network.4.7.token_mixer.mixer.rbr_conv.0.conv.weight:decay_mult=1.0
2025/03/03 11:37:36 - mmengine - INFO - paramwise_options -- backbone.network.4.7.token_mixer.mixer.rbr_conv.0.bn.weight:lr=1e-05
2025/03/03 11:37:36 - mmengine - INFO - paramwise_options -- backbone.network.4.7.token_mixer.mixer.rbr_conv.0.bn.weight:weight_decay=0.05
2025/03/03 11:37:36 - mmengine - INFO - paramwise_options -- backbone.network.4.7.token_mixer.mixer.rbr_conv.0.bn.weight:lr_mult=0.1
2025/03/03 11:37:36 - mmengine - INFO - paramwise_options -- backbone.network.4.7.token_mixer.mixer.rbr_conv.0.bn.weight:decay_mult=1.0
2025/03/03 11:37:36 - mmengine - INFO - paramwise_options -- backbone.network.4.7.token_mixer.mixer.rbr_conv.0.bn.bias:lr=1e-05
2025/03/03 11:37:36 - mmengine - INFO - paramwise_options -- backbone.network.4.7.token_mixer.mixer.rbr_conv.0.bn.bias:weight_decay=0.05
2025/03/03 11:37:36 - mmengine - INFO - paramwise_options -- backbone.network.4.7.token_mixer.mixer.rbr_conv.0.bn.bias:lr_mult=0.1
2025/03/03 11:37:36 - mmengine - INFO - paramwise_options -- backbone.network.4.7.token_mixer.mixer.rbr_conv.0.bn.bias:decay_mult=1.0
2025/03/03 11:37:36 - mmengine - INFO - paramwise_options -- backbone.network.4.7.token_mixer.mixer.rbr_scale.conv.weight:lr=1e-05
2025/03/03 11:37:36 - mmengine - INFO - paramwise_options -- backbone.network.4.7.token_mixer.mixer.rbr_scale.conv.weight:weight_decay=0.05
2025/03/03 11:37:36 - mmengine - INFO - paramwise_options -- backbone.network.4.7.token_mixer.mixer.rbr_scale.conv.weight:lr_mult=0.1
2025/03/03 11:37:36 - mmengine - INFO - paramwise_options -- backbone.network.4.7.token_mixer.mixer.rbr_scale.conv.weight:decay_mult=1.0
2025/03/03 11:37:36 - mmengine - INFO - paramwise_options -- backbone.network.4.7.token_mixer.mixer.rbr_scale.bn.weight:lr=1e-05
2025/03/03 11:37:36 - mmengine - INFO - paramwise_options -- backbone.network.4.7.token_mixer.mixer.rbr_scale.bn.weight:weight_decay=0.05
2025/03/03 11:37:36 - mmengine - INFO - paramwise_options -- backbone.network.4.7.token_mixer.mixer.rbr_scale.bn.weight:lr_mult=0.1
2025/03/03 11:37:36 - mmengine - INFO - paramwise_options -- backbone.network.4.7.token_mixer.mixer.rbr_scale.bn.weight:decay_mult=1.0
2025/03/03 11:37:36 - mmengine - INFO - paramwise_options -- backbone.network.4.7.token_mixer.mixer.rbr_scale.bn.bias:lr=1e-05
2025/03/03 11:37:36 - mmengine - INFO - paramwise_options -- backbone.network.4.7.token_mixer.mixer.rbr_scale.bn.bias:weight_decay=0.05
2025/03/03 11:37:36 - mmengine - INFO - paramwise_options -- backbone.network.4.7.token_mixer.mixer.rbr_scale.bn.bias:lr_mult=0.1
2025/03/03 11:37:36 - mmengine - INFO - paramwise_options -- backbone.network.4.7.token_mixer.mixer.rbr_scale.bn.bias:decay_mult=1.0
2025/03/03 11:37:36 - mmengine - INFO - paramwise_options -- backbone.network.4.7.convffn.conv.conv.weight:lr=1e-05
2025/03/03 11:37:36 - mmengine - INFO - paramwise_options -- backbone.network.4.7.convffn.conv.conv.weight:weight_decay=0.05
2025/03/03 11:37:36 - mmengine - INFO - paramwise_options -- backbone.network.4.7.convffn.conv.conv.weight:lr_mult=0.1
2025/03/03 11:37:36 - mmengine - INFO - paramwise_options -- backbone.network.4.7.convffn.conv.conv.weight:decay_mult=1.0
2025/03/03 11:37:36 - mmengine - INFO - paramwise_options -- backbone.network.4.7.convffn.conv.bn.weight:lr=1e-05
2025/03/03 11:37:36 - mmengine - INFO - paramwise_options -- backbone.network.4.7.convffn.conv.bn.weight:weight_decay=0.05
2025/03/03 11:37:36 - mmengine - INFO - paramwise_options -- backbone.network.4.7.convffn.conv.bn.weight:lr_mult=0.1
2025/03/03 11:37:36 - mmengine - INFO - paramwise_options -- backbone.network.4.7.convffn.conv.bn.weight:decay_mult=1.0
2025/03/03 11:37:36 - mmengine - INFO - paramwise_options -- backbone.network.4.7.convffn.conv.bn.bias:lr=1e-05
2025/03/03 11:37:36 - mmengine - INFO - paramwise_options -- backbone.network.4.7.convffn.conv.bn.bias:weight_decay=0.05
2025/03/03 11:37:36 - mmengine - INFO - paramwise_options -- backbone.network.4.7.convffn.conv.bn.bias:lr_mult=0.1
2025/03/03 11:37:36 - mmengine - INFO - paramwise_options -- backbone.network.4.7.convffn.conv.bn.bias:decay_mult=1.0
2025/03/03 11:37:36 - mmengine - INFO - paramwise_options -- backbone.network.4.7.convffn.fc1.weight:lr=1e-05
2025/03/03 11:37:36 - mmengine - INFO - paramwise_options -- backbone.network.4.7.convffn.fc1.weight:weight_decay=0.05
2025/03/03 11:37:36 - mmengine - INFO - paramwise_options -- backbone.network.4.7.convffn.fc1.weight:lr_mult=0.1
2025/03/03 11:37:36 - mmengine - INFO - paramwise_options -- backbone.network.4.7.convffn.fc1.weight:decay_mult=1.0
2025/03/03 11:37:36 - mmengine - INFO - paramwise_options -- backbone.network.4.7.convffn.fc1.bias:lr=1e-05
2025/03/03 11:37:36 - mmengine - INFO - paramwise_options -- backbone.network.4.7.convffn.fc1.bias:weight_decay=0.05
2025/03/03 11:37:36 - mmengine - INFO - paramwise_options -- backbone.network.4.7.convffn.fc1.bias:lr_mult=0.1
2025/03/03 11:37:36 - mmengine - INFO - paramwise_options -- backbone.network.4.7.convffn.fc1.bias:decay_mult=1.0
2025/03/03 11:37:36 - mmengine - INFO - paramwise_options -- backbone.network.4.7.convffn.fc2.weight:lr=1e-05
2025/03/03 11:37:36 - mmengine - INFO - paramwise_options -- backbone.network.4.7.convffn.fc2.weight:weight_decay=0.05
2025/03/03 11:37:36 - mmengine - INFO - paramwise_options -- backbone.network.4.7.convffn.fc2.weight:lr_mult=0.1
2025/03/03 11:37:36 - mmengine - INFO - paramwise_options -- backbone.network.4.7.convffn.fc2.weight:decay_mult=1.0
2025/03/03 11:37:36 - mmengine - INFO - paramwise_options -- backbone.network.4.7.convffn.fc2.bias:lr=1e-05
2025/03/03 11:37:36 - mmengine - INFO - paramwise_options -- backbone.network.4.7.convffn.fc2.bias:weight_decay=0.05
2025/03/03 11:37:36 - mmengine - INFO - paramwise_options -- backbone.network.4.7.convffn.fc2.bias:lr_mult=0.1
2025/03/03 11:37:36 - mmengine - INFO - paramwise_options -- backbone.network.4.7.convffn.fc2.bias:decay_mult=1.0
2025/03/03 11:37:36 - mmengine - INFO - paramwise_options -- backbone.network.4.8.layer_scale:lr=1e-05
2025/03/03 11:37:36 - mmengine - INFO - paramwise_options -- backbone.network.4.8.layer_scale:weight_decay=0.05
2025/03/03 11:37:36 - mmengine - INFO - paramwise_options -- backbone.network.4.8.layer_scale:lr_mult=0.1
2025/03/03 11:37:36 - mmengine - INFO - paramwise_options -- backbone.network.4.8.layer_scale:decay_mult=1.0
2025/03/03 11:37:36 - mmengine - INFO - paramwise_options -- backbone.network.4.8.token_mixer.layer_scale:lr=1e-05
2025/03/03 11:37:36 - mmengine - INFO - paramwise_options -- backbone.network.4.8.token_mixer.layer_scale:weight_decay=0.05
2025/03/03 11:37:36 - mmengine - INFO - paramwise_options -- backbone.network.4.8.token_mixer.layer_scale:lr_mult=0.1
2025/03/03 11:37:37 - mmengine - INFO - paramwise_options -- backbone.network.4.8.token_mixer.layer_scale:decay_mult=1.0
2025/03/03 11:37:37 - mmengine - INFO - paramwise_options -- backbone.network.4.8.token_mixer.norm.rbr_skip.weight:lr=1e-05
2025/03/03 11:37:37 - mmengine - INFO - paramwise_options -- backbone.network.4.8.token_mixer.norm.rbr_skip.weight:weight_decay=0.05
2025/03/03 11:37:37 - mmengine - INFO - paramwise_options -- backbone.network.4.8.token_mixer.norm.rbr_skip.weight:lr_mult=0.1
2025/03/03 11:37:37 - mmengine - INFO - paramwise_options -- backbone.network.4.8.token_mixer.norm.rbr_skip.weight:decay_mult=1.0
2025/03/03 11:37:37 - mmengine - INFO - paramwise_options -- backbone.network.4.8.token_mixer.norm.rbr_skip.bias:lr=1e-05
2025/03/03 11:37:37 - mmengine - INFO - paramwise_options -- backbone.network.4.8.token_mixer.norm.rbr_skip.bias:weight_decay=0.05
2025/03/03 11:37:37 - mmengine - INFO - paramwise_options -- backbone.network.4.8.token_mixer.norm.rbr_skip.bias:lr_mult=0.1
2025/03/03 11:37:37 - mmengine - INFO - paramwise_options -- backbone.network.4.8.token_mixer.norm.rbr_skip.bias:decay_mult=1.0
2025/03/03 11:37:37 - mmengine - INFO - paramwise_options -- backbone.network.4.8.token_mixer.mixer.rbr_skip.weight:lr=1e-05
2025/03/03 11:37:37 - mmengine - INFO - paramwise_options -- backbone.network.4.8.token_mixer.mixer.rbr_skip.weight:weight_decay=0.05
2025/03/03 11:37:37 - mmengine - INFO - paramwise_options -- backbone.network.4.8.token_mixer.mixer.rbr_skip.weight:lr_mult=0.1
2025/03/03 11:37:37 - mmengine - INFO - paramwise_options -- backbone.network.4.8.token_mixer.mixer.rbr_skip.weight:decay_mult=1.0
2025/03/03 11:37:37 - mmengine - INFO - paramwise_options -- backbone.network.4.8.token_mixer.mixer.rbr_skip.bias:lr=1e-05
2025/03/03 11:37:37 - mmengine - INFO - paramwise_options -- backbone.network.4.8.token_mixer.mixer.rbr_skip.bias:weight_decay=0.05
2025/03/03 11:37:37 - mmengine - INFO - paramwise_options -- backbone.network.4.8.token_mixer.mixer.rbr_skip.bias:lr_mult=0.1
2025/03/03 11:37:37 - mmengine - INFO - paramwise_options -- backbone.network.4.8.token_mixer.mixer.rbr_skip.bias:decay_mult=1.0
2025/03/03 11:37:37 - mmengine - INFO - paramwise_options -- backbone.network.4.8.token_mixer.mixer.rbr_conv.0.conv.weight:lr=1e-05
2025/03/03 11:37:37 - mmengine - INFO - paramwise_options -- backbone.network.4.8.token_mixer.mixer.rbr_conv.0.conv.weight:weight_decay=0.05
2025/03/03 11:37:37 - mmengine - INFO - paramwise_options -- backbone.network.4.8.token_mixer.mixer.rbr_conv.0.conv.weight:lr_mult=0.1
2025/03/03 11:37:37 - mmengine - INFO - paramwise_options -- backbone.network.4.8.token_mixer.mixer.rbr_conv.0.conv.weight:decay_mult=1.0
2025/03/03 11:37:37 - mmengine - INFO - paramwise_options -- backbone.network.4.8.token_mixer.mixer.rbr_conv.0.bn.weight:lr=1e-05
2025/03/03 11:37:37 - mmengine - INFO - paramwise_options -- backbone.network.4.8.token_mixer.mixer.rbr_conv.0.bn.weight:weight_decay=0.05
2025/03/03 11:37:37 - mmengine - INFO - paramwise_options -- backbone.network.4.8.token_mixer.mixer.rbr_conv.0.bn.weight:lr_mult=0.1
2025/03/03 11:37:37 - mmengine - INFO - paramwise_options -- backbone.network.4.8.token_mixer.mixer.rbr_conv.0.bn.weight:decay_mult=1.0
2025/03/03 11:37:37 - mmengine - INFO - paramwise_options -- backbone.network.4.8.token_mixer.mixer.rbr_conv.0.bn.bias:lr=1e-05
2025/03/03 11:37:37 - mmengine - INFO - paramwise_options -- backbone.network.4.8.token_mixer.mixer.rbr_conv.0.bn.bias:weight_decay=0.05
2025/03/03 11:37:37 - mmengine - INFO - paramwise_options -- backbone.network.4.8.token_mixer.mixer.rbr_conv.0.bn.bias:lr_mult=0.1
2025/03/03 11:37:37 - mmengine - INFO - paramwise_options -- backbone.network.4.8.token_mixer.mixer.rbr_conv.0.bn.bias:decay_mult=1.0
2025/03/03 11:37:37 - mmengine - INFO - paramwise_options -- backbone.network.4.8.token_mixer.mixer.rbr_scale.conv.weight:lr=1e-05
2025/03/03 11:37:37 - mmengine - INFO - paramwise_options -- backbone.network.4.8.token_mixer.mixer.rbr_scale.conv.weight:weight_decay=0.05
2025/03/03 11:37:37 - mmengine - INFO - paramwise_options -- backbone.network.4.8.token_mixer.mixer.rbr_scale.conv.weight:lr_mult=0.1
2025/03/03 11:37:37 - mmengine - INFO - paramwise_options -- backbone.network.4.8.token_mixer.mixer.rbr_scale.conv.weight:decay_mult=1.0
2025/03/03 11:37:37 - mmengine - INFO - paramwise_options -- backbone.network.4.8.token_mixer.mixer.rbr_scale.bn.weight:lr=1e-05
2025/03/03 11:37:37 - mmengine - INFO - paramwise_options -- backbone.network.4.8.token_mixer.mixer.rbr_scale.bn.weight:weight_decay=0.05
2025/03/03 11:37:37 - mmengine - INFO - paramwise_options -- backbone.network.4.8.token_mixer.mixer.rbr_scale.bn.weight:lr_mult=0.1
2025/03/03 11:37:37 - mmengine - INFO - paramwise_options -- backbone.network.4.8.token_mixer.mixer.rbr_scale.bn.weight:decay_mult=1.0
2025/03/03 11:37:37 - mmengine - INFO - paramwise_options -- backbone.network.4.8.token_mixer.mixer.rbr_scale.bn.bias:lr=1e-05
2025/03/03 11:37:37 - mmengine - INFO - paramwise_options -- backbone.network.4.8.token_mixer.mixer.rbr_scale.bn.bias:weight_decay=0.05
2025/03/03 11:37:37 - mmengine - INFO - paramwise_options -- backbone.network.4.8.token_mixer.mixer.rbr_scale.bn.bias:lr_mult=0.1
2025/03/03 11:37:37 - mmengine - INFO - paramwise_options -- backbone.network.4.8.token_mixer.mixer.rbr_scale.bn.bias:decay_mult=1.0
2025/03/03 11:37:37 - mmengine - INFO - paramwise_options -- backbone.network.4.8.convffn.conv.conv.weight:lr=1e-05
2025/03/03 11:37:37 - mmengine - INFO - paramwise_options -- backbone.network.4.8.convffn.conv.conv.weight:weight_decay=0.05
2025/03/03 11:37:37 - mmengine - INFO - paramwise_options -- backbone.network.4.8.convffn.conv.conv.weight:lr_mult=0.1
2025/03/03 11:37:37 - mmengine - INFO - paramwise_options -- backbone.network.4.8.convffn.conv.conv.weight:decay_mult=1.0
2025/03/03 11:37:37 - mmengine - INFO - paramwise_options -- backbone.network.4.8.convffn.conv.bn.weight:lr=1e-05
2025/03/03 11:37:37 - mmengine - INFO - paramwise_options -- backbone.network.4.8.convffn.conv.bn.weight:weight_decay=0.05
2025/03/03 11:37:37 - mmengine - INFO - paramwise_options -- backbone.network.4.8.convffn.conv.bn.weight:lr_mult=0.1
2025/03/03 11:37:37 - mmengine - INFO - paramwise_options -- backbone.network.4.8.convffn.conv.bn.weight:decay_mult=1.0
2025/03/03 11:37:37 - mmengine - INFO - paramwise_options -- backbone.network.4.8.convffn.conv.bn.bias:lr=1e-05
2025/03/03 11:37:37 - mmengine - INFO - paramwise_options -- backbone.network.4.8.convffn.conv.bn.bias:weight_decay=0.05
2025/03/03 11:37:37 - mmengine - INFO - paramwise_options -- backbone.network.4.8.convffn.conv.bn.bias:lr_mult=0.1
2025/03/03 11:37:37 - mmengine - INFO - paramwise_options -- backbone.network.4.8.convffn.conv.bn.bias:decay_mult=1.0
2025/03/03 11:37:37 - mmengine - INFO - paramwise_options -- backbone.network.4.8.convffn.fc1.weight:lr=1e-05
2025/03/03 11:37:37 - mmengine - INFO - paramwise_options -- backbone.network.4.8.convffn.fc1.weight:weight_decay=0.05
2025/03/03 11:37:37 - mmengine - INFO - paramwise_options -- backbone.network.4.8.convffn.fc1.weight:lr_mult=0.1
2025/03/03 11:37:37 - mmengine - INFO - paramwise_options -- backbone.network.4.8.convffn.fc1.weight:decay_mult=1.0
2025/03/03 11:37:37 - mmengine - INFO - paramwise_options -- backbone.network.4.8.convffn.fc1.bias:lr=1e-05
2025/03/03 11:37:37 - mmengine - INFO - paramwise_options -- backbone.network.4.8.convffn.fc1.bias:weight_decay=0.05
2025/03/03 11:37:37 - mmengine - INFO - paramwise_options -- backbone.network.4.8.convffn.fc1.bias:lr_mult=0.1
2025/03/03 11:37:37 - mmengine - INFO - paramwise_options -- backbone.network.4.8.convffn.fc1.bias:decay_mult=1.0
2025/03/03 11:37:37 - mmengine - INFO - paramwise_options -- backbone.network.4.8.convffn.fc2.weight:lr=1e-05
2025/03/03 11:37:37 - mmengine - INFO - paramwise_options -- backbone.network.4.8.convffn.fc2.weight:weight_decay=0.05
2025/03/03 11:37:37 - mmengine - INFO - paramwise_options -- backbone.network.4.8.convffn.fc2.weight:lr_mult=0.1
2025/03/03 11:37:37 - mmengine - INFO - paramwise_options -- backbone.network.4.8.convffn.fc2.weight:decay_mult=1.0
2025/03/03 11:37:37 - mmengine - INFO - paramwise_options -- backbone.network.4.8.convffn.fc2.bias:lr=1e-05
2025/03/03 11:37:37 - mmengine - INFO - paramwise_options -- backbone.network.4.8.convffn.fc2.bias:weight_decay=0.05
2025/03/03 11:37:37 - mmengine - INFO - paramwise_options -- backbone.network.4.8.convffn.fc2.bias:lr_mult=0.1
2025/03/03 11:37:37 - mmengine - INFO - paramwise_options -- backbone.network.4.8.convffn.fc2.bias:decay_mult=1.0
2025/03/03 11:37:37 - mmengine - INFO - paramwise_options -- backbone.network.4.9.layer_scale:lr=1e-05
2025/03/03 11:37:37 - mmengine - INFO - paramwise_options -- backbone.network.4.9.layer_scale:weight_decay=0.05
2025/03/03 11:37:37 - mmengine - INFO - paramwise_options -- backbone.network.4.9.layer_scale:lr_mult=0.1
2025/03/03 11:37:37 - mmengine - INFO - paramwise_options -- backbone.network.4.9.layer_scale:decay_mult=1.0
2025/03/03 11:37:37 - mmengine - INFO - paramwise_options -- backbone.network.4.9.token_mixer.layer_scale:lr=1e-05
2025/03/03 11:37:37 - mmengine - INFO - paramwise_options -- backbone.network.4.9.token_mixer.layer_scale:weight_decay=0.05
2025/03/03 11:37:37 - mmengine - INFO - paramwise_options -- backbone.network.4.9.token_mixer.layer_scale:lr_mult=0.1
2025/03/03 11:37:37 - mmengine - INFO - paramwise_options -- backbone.network.4.9.token_mixer.layer_scale:decay_mult=1.0
2025/03/03 11:37:37 - mmengine - INFO - paramwise_options -- backbone.network.4.9.token_mixer.norm.rbr_skip.weight:lr=1e-05
2025/03/03 11:37:37 - mmengine - INFO - paramwise_options -- backbone.network.4.9.token_mixer.norm.rbr_skip.weight:weight_decay=0.05
2025/03/03 11:37:37 - mmengine - INFO - paramwise_options -- backbone.network.4.9.token_mixer.norm.rbr_skip.weight:lr_mult=0.1
2025/03/03 11:37:37 - mmengine - INFO - paramwise_options -- backbone.network.4.9.token_mixer.norm.rbr_skip.weight:decay_mult=1.0
2025/03/03 11:37:37 - mmengine - INFO - paramwise_options -- backbone.network.4.9.token_mixer.norm.rbr_skip.bias:lr=1e-05
2025/03/03 11:37:37 - mmengine - INFO - paramwise_options -- backbone.network.4.9.token_mixer.norm.rbr_skip.bias:weight_decay=0.05
2025/03/03 11:37:37 - mmengine - INFO - paramwise_options -- backbone.network.4.9.token_mixer.norm.rbr_skip.bias:lr_mult=0.1
2025/03/03 11:37:37 - mmengine - INFO - paramwise_options -- backbone.network.4.9.token_mixer.norm.rbr_skip.bias:decay_mult=1.0
2025/03/03 11:37:37 - mmengine - INFO - paramwise_options -- backbone.network.4.9.token_mixer.mixer.rbr_skip.weight:lr=1e-05
2025/03/03 11:37:37 - mmengine - INFO - paramwise_options -- backbone.network.4.9.token_mixer.mixer.rbr_skip.weight:weight_decay=0.05
2025/03/03 11:37:37 - mmengine - INFO - paramwise_options -- backbone.network.4.9.token_mixer.mixer.rbr_skip.weight:lr_mult=0.1
2025/03/03 11:37:37 - mmengine - INFO - paramwise_options -- backbone.network.4.9.token_mixer.mixer.rbr_skip.weight:decay_mult=1.0
2025/03/03 11:37:37 - mmengine - INFO - paramwise_options -- backbone.network.4.9.token_mixer.mixer.rbr_skip.bias:lr=1e-05
2025/03/03 11:37:37 - mmengine - INFO - paramwise_options -- backbone.network.4.9.token_mixer.mixer.rbr_skip.bias:weight_decay=0.05
2025/03/03 11:37:37 - mmengine - INFO - paramwise_options -- backbone.network.4.9.token_mixer.mixer.rbr_skip.bias:lr_mult=0.1
2025/03/03 11:37:37 - mmengine - INFO - paramwise_options -- backbone.network.4.9.token_mixer.mixer.rbr_skip.bias:decay_mult=1.0
2025/03/03 11:37:37 - mmengine - INFO - paramwise_options -- backbone.network.4.9.token_mixer.mixer.rbr_conv.0.conv.weight:lr=1e-05
2025/03/03 11:37:37 - mmengine - INFO - paramwise_options -- backbone.network.4.9.token_mixer.mixer.rbr_conv.0.conv.weight:weight_decay=0.05
2025/03/03 11:37:37 - mmengine - INFO - paramwise_options -- backbone.network.4.9.token_mixer.mixer.rbr_conv.0.conv.weight:lr_mult=0.1
2025/03/03 11:37:37 - mmengine - INFO - paramwise_options -- backbone.network.4.9.token_mixer.mixer.rbr_conv.0.conv.weight:decay_mult=1.0
2025/03/03 11:37:37 - mmengine - INFO - paramwise_options -- backbone.network.4.9.token_mixer.mixer.rbr_conv.0.bn.weight:lr=1e-05
2025/03/03 11:37:37 - mmengine - INFO - paramwise_options -- backbone.network.4.9.token_mixer.mixer.rbr_conv.0.bn.weight:weight_decay=0.05
2025/03/03 11:37:37 - mmengine - INFO - paramwise_options -- backbone.network.4.9.token_mixer.mixer.rbr_conv.0.bn.weight:lr_mult=0.1
2025/03/03 11:37:37 - mmengine - INFO - paramwise_options -- backbone.network.4.9.token_mixer.mixer.rbr_conv.0.bn.weight:decay_mult=1.0
2025/03/03 11:37:37 - mmengine - INFO - paramwise_options -- backbone.network.4.9.token_mixer.mixer.rbr_conv.0.bn.bias:lr=1e-05
2025/03/03 11:37:37 - mmengine - INFO - paramwise_options -- backbone.network.4.9.token_mixer.mixer.rbr_conv.0.bn.bias:weight_decay=0.05
2025/03/03 11:37:37 - mmengine - INFO - paramwise_options -- backbone.network.4.9.token_mixer.mixer.rbr_conv.0.bn.bias:lr_mult=0.1
2025/03/03 11:37:37 - mmengine - INFO - paramwise_options -- backbone.network.4.9.token_mixer.mixer.rbr_conv.0.bn.bias:decay_mult=1.0
2025/03/03 11:37:37 - mmengine - INFO - paramwise_options -- backbone.network.4.9.token_mixer.mixer.rbr_scale.conv.weight:lr=1e-05
2025/03/03 11:37:37 - mmengine - INFO - paramwise_options -- backbone.network.4.9.token_mixer.mixer.rbr_scale.conv.weight:weight_decay=0.05
2025/03/03 11:37:37 - mmengine - INFO - paramwise_options -- backbone.network.4.9.token_mixer.mixer.rbr_scale.conv.weight:lr_mult=0.1
2025/03/03 11:37:37 - mmengine - INFO - paramwise_options -- backbone.network.4.9.token_mixer.mixer.rbr_scale.conv.weight:decay_mult=1.0
2025/03/03 11:37:37 - mmengine - INFO - paramwise_options -- backbone.network.4.9.token_mixer.mixer.rbr_scale.bn.weight:lr=1e-05
2025/03/03 11:37:37 - mmengine - INFO - paramwise_options -- backbone.network.4.9.token_mixer.mixer.rbr_scale.bn.weight:weight_decay=0.05
2025/03/03 11:37:37 - mmengine - INFO - paramwise_options -- backbone.network.4.9.token_mixer.mixer.rbr_scale.bn.weight:lr_mult=0.1
2025/03/03 11:37:37 - mmengine - INFO - paramwise_options -- backbone.network.4.9.token_mixer.mixer.rbr_scale.bn.weight:decay_mult=1.0
2025/03/03 11:37:37 - mmengine - INFO - paramwise_options -- backbone.network.4.9.token_mixer.mixer.rbr_scale.bn.bias:lr=1e-05
2025/03/03 11:37:37 - mmengine - INFO - paramwise_options -- backbone.network.4.9.token_mixer.mixer.rbr_scale.bn.bias:weight_decay=0.05
2025/03/03 11:37:37 - mmengine - INFO - paramwise_options -- backbone.network.4.9.token_mixer.mixer.rbr_scale.bn.bias:lr_mult=0.1
2025/03/03 11:37:37 - mmengine - INFO - paramwise_options -- backbone.network.4.9.token_mixer.mixer.rbr_scale.bn.bias:decay_mult=1.0
2025/03/03 11:37:37 - mmengine - INFO - paramwise_options -- backbone.network.4.9.convffn.conv.conv.weight:lr=1e-05
2025/03/03 11:37:37 - mmengine - INFO - paramwise_options -- backbone.network.4.9.convffn.conv.conv.weight:weight_decay=0.05
2025/03/03 11:37:37 - mmengine - INFO - paramwise_options -- backbone.network.4.9.convffn.conv.conv.weight:lr_mult=0.1
2025/03/03 11:37:37 - mmengine - INFO - paramwise_options -- backbone.network.4.9.convffn.conv.conv.weight:decay_mult=1.0
2025/03/03 11:37:37 - mmengine - INFO - paramwise_options -- backbone.network.4.9.convffn.conv.bn.weight:lr=1e-05
2025/03/03 11:37:37 - mmengine - INFO - paramwise_options -- backbone.network.4.9.convffn.conv.bn.weight:weight_decay=0.05
2025/03/03 11:37:37 - mmengine - INFO - paramwise_options -- backbone.network.4.9.convffn.conv.bn.weight:lr_mult=0.1
2025/03/03 11:37:37 - mmengine - INFO - paramwise_options -- backbone.network.4.9.convffn.conv.bn.weight:decay_mult=1.0
2025/03/03 11:37:37 - mmengine - INFO - paramwise_options -- backbone.network.4.9.convffn.conv.bn.bias:lr=1e-05
2025/03/03 11:37:37 - mmengine - INFO - paramwise_options -- backbone.network.4.9.convffn.conv.bn.bias:weight_decay=0.05
2025/03/03 11:37:37 - mmengine - INFO - paramwise_options -- backbone.network.4.9.convffn.conv.bn.bias:lr_mult=0.1
2025/03/03 11:37:37 - mmengine - INFO - paramwise_options -- backbone.network.4.9.convffn.conv.bn.bias:decay_mult=1.0
2025/03/03 11:37:37 - mmengine - INFO - paramwise_options -- backbone.network.4.9.convffn.fc1.weight:lr=1e-05
2025/03/03 11:37:37 - mmengine - INFO - paramwise_options -- backbone.network.4.9.convffn.fc1.weight:weight_decay=0.05
2025/03/03 11:37:37 - mmengine - INFO - paramwise_options -- backbone.network.4.9.convffn.fc1.weight:lr_mult=0.1
2025/03/03 11:37:37 - mmengine - INFO - paramwise_options -- backbone.network.4.9.convffn.fc1.weight:decay_mult=1.0
2025/03/03 11:37:37 - mmengine - INFO - paramwise_options -- backbone.network.4.9.convffn.fc1.bias:lr=1e-05
2025/03/03 11:37:37 - mmengine - INFO - paramwise_options -- backbone.network.4.9.convffn.fc1.bias:weight_decay=0.05
2025/03/03 11:37:37 - mmengine - INFO - paramwise_options -- backbone.network.4.9.convffn.fc1.bias:lr_mult=0.1
2025/03/03 11:37:37 - mmengine - INFO - paramwise_options -- backbone.network.4.9.convffn.fc1.bias:decay_mult=1.0
2025/03/03 11:37:37 - mmengine - INFO - paramwise_options -- backbone.network.4.9.convffn.fc2.weight:lr=1e-05
2025/03/03 11:37:37 - mmengine - INFO - paramwise_options -- backbone.network.4.9.convffn.fc2.weight:weight_decay=0.05
2025/03/03 11:37:37 - mmengine - INFO - paramwise_options -- backbone.network.4.9.convffn.fc2.weight:lr_mult=0.1
2025/03/03 11:37:37 - mmengine - INFO - paramwise_options -- backbone.network.4.9.convffn.fc2.weight:decay_mult=1.0
2025/03/03 11:37:37 - mmengine - INFO - paramwise_options -- backbone.network.4.9.convffn.fc2.bias:lr=1e-05
2025/03/03 11:37:37 - mmengine - INFO - paramwise_options -- backbone.network.4.9.convffn.fc2.bias:weight_decay=0.05
2025/03/03 11:37:37 - mmengine - INFO - paramwise_options -- backbone.network.4.9.convffn.fc2.bias:lr_mult=0.1
2025/03/03 11:37:37 - mmengine - INFO - paramwise_options -- backbone.network.4.9.convffn.fc2.bias:decay_mult=1.0
2025/03/03 11:37:37 - mmengine - INFO - paramwise_options -- backbone.network.4.10.layer_scale:lr=1e-05
2025/03/03 11:37:37 - mmengine - INFO - paramwise_options -- backbone.network.4.10.layer_scale:weight_decay=0.05
2025/03/03 11:37:37 - mmengine - INFO - paramwise_options -- backbone.network.4.10.layer_scale:lr_mult=0.1
2025/03/03 11:37:37 - mmengine - INFO - paramwise_options -- backbone.network.4.10.layer_scale:decay_mult=1.0
2025/03/03 11:37:37 - mmengine - INFO - paramwise_options -- backbone.network.4.10.token_mixer.layer_scale:lr=1e-05
2025/03/03 11:37:37 - mmengine - INFO - paramwise_options -- backbone.network.4.10.token_mixer.layer_scale:weight_decay=0.05
2025/03/03 11:37:37 - mmengine - INFO - paramwise_options -- backbone.network.4.10.token_mixer.layer_scale:lr_mult=0.1
2025/03/03 11:37:37 - mmengine - INFO - paramwise_options -- backbone.network.4.10.token_mixer.layer_scale:decay_mult=1.0
2025/03/03 11:37:37 - mmengine - INFO - paramwise_options -- backbone.network.4.10.token_mixer.norm.rbr_skip.weight:lr=1e-05
2025/03/03 11:37:37 - mmengine - INFO - paramwise_options -- backbone.network.4.10.token_mixer.norm.rbr_skip.weight:weight_decay=0.05
2025/03/03 11:37:37 - mmengine - INFO - paramwise_options -- backbone.network.4.10.token_mixer.norm.rbr_skip.weight:lr_mult=0.1
2025/03/03 11:37:37 - mmengine - INFO - paramwise_options -- backbone.network.4.10.token_mixer.norm.rbr_skip.weight:decay_mult=1.0
2025/03/03 11:37:37 - mmengine - INFO - paramwise_options -- backbone.network.4.10.token_mixer.norm.rbr_skip.bias:lr=1e-05
2025/03/03 11:37:37 - mmengine - INFO - paramwise_options -- backbone.network.4.10.token_mixer.norm.rbr_skip.bias:weight_decay=0.05
2025/03/03 11:37:37 - mmengine - INFO - paramwise_options -- backbone.network.4.10.token_mixer.norm.rbr_skip.bias:lr_mult=0.1
2025/03/03 11:37:37 - mmengine - INFO - paramwise_options -- backbone.network.4.10.token_mixer.norm.rbr_skip.bias:decay_mult=1.0
2025/03/03 11:37:37 - mmengine - INFO - paramwise_options -- backbone.network.4.10.token_mixer.mixer.rbr_skip.weight:lr=1e-05
2025/03/03 11:37:37 - mmengine - INFO - paramwise_options -- backbone.network.4.10.token_mixer.mixer.rbr_skip.weight:weight_decay=0.05
2025/03/03 11:37:37 - mmengine - INFO - paramwise_options -- backbone.network.4.10.token_mixer.mixer.rbr_skip.weight:lr_mult=0.1
2025/03/03 11:37:37 - mmengine - INFO - paramwise_options -- backbone.network.4.10.token_mixer.mixer.rbr_skip.weight:decay_mult=1.0
2025/03/03 11:37:37 - mmengine - INFO - paramwise_options -- backbone.network.4.10.token_mixer.mixer.rbr_skip.bias:lr=1e-05
2025/03/03 11:37:37 - mmengine - INFO - paramwise_options -- backbone.network.4.10.token_mixer.mixer.rbr_skip.bias:weight_decay=0.05
2025/03/03 11:37:37 - mmengine - INFO - paramwise_options -- backbone.network.4.10.token_mixer.mixer.rbr_skip.bias:lr_mult=0.1
2025/03/03 11:37:37 - mmengine - INFO - paramwise_options -- backbone.network.4.10.token_mixer.mixer.rbr_skip.bias:decay_mult=1.0
2025/03/03 11:37:37 - mmengine - INFO - paramwise_options -- backbone.network.4.10.token_mixer.mixer.rbr_conv.0.conv.weight:lr=1e-05
2025/03/03 11:37:37 - mmengine - INFO - paramwise_options -- backbone.network.4.10.token_mixer.mixer.rbr_conv.0.conv.weight:weight_decay=0.05
2025/03/03 11:37:37 - mmengine - INFO - paramwise_options -- backbone.network.4.10.token_mixer.mixer.rbr_conv.0.conv.weight:lr_mult=0.1
2025/03/03 11:37:37 - mmengine - INFO - paramwise_options -- backbone.network.4.10.token_mixer.mixer.rbr_conv.0.conv.weight:decay_mult=1.0
2025/03/03 11:37:37 - mmengine - INFO - paramwise_options -- backbone.network.4.10.token_mixer.mixer.rbr_conv.0.bn.weight:lr=1e-05
2025/03/03 11:37:37 - mmengine - INFO - paramwise_options -- backbone.network.4.10.token_mixer.mixer.rbr_conv.0.bn.weight:weight_decay=0.05
2025/03/03 11:37:37 - mmengine - INFO - paramwise_options -- backbone.network.4.10.token_mixer.mixer.rbr_conv.0.bn.weight:lr_mult=0.1
2025/03/03 11:37:37 - mmengine - INFO - paramwise_options -- backbone.network.4.10.token_mixer.mixer.rbr_conv.0.bn.weight:decay_mult=1.0
2025/03/03 11:37:37 - mmengine - INFO - paramwise_options -- backbone.network.4.10.token_mixer.mixer.rbr_conv.0.bn.bias:lr=1e-05
2025/03/03 11:37:37 - mmengine - INFO - paramwise_options -- backbone.network.4.10.token_mixer.mixer.rbr_conv.0.bn.bias:weight_decay=0.05
2025/03/03 11:37:37 - mmengine - INFO - paramwise_options -- backbone.network.4.10.token_mixer.mixer.rbr_conv.0.bn.bias:lr_mult=0.1
2025/03/03 11:37:37 - mmengine - INFO - paramwise_options -- backbone.network.4.10.token_mixer.mixer.rbr_conv.0.bn.bias:decay_mult=1.0
2025/03/03 11:37:37 - mmengine - INFO - paramwise_options -- backbone.network.4.10.token_mixer.mixer.rbr_scale.conv.weight:lr=1e-05
2025/03/03 11:37:37 - mmengine - INFO - paramwise_options -- backbone.network.4.10.token_mixer.mixer.rbr_scale.conv.weight:weight_decay=0.05
2025/03/03 11:37:37 - mmengine - INFO - paramwise_options -- backbone.network.4.10.token_mixer.mixer.rbr_scale.conv.weight:lr_mult=0.1
2025/03/03 11:37:37 - mmengine - INFO - paramwise_options -- backbone.network.4.10.token_mixer.mixer.rbr_scale.conv.weight:decay_mult=1.0
2025/03/03 11:37:37 - mmengine - INFO - paramwise_options -- backbone.network.4.10.token_mixer.mixer.rbr_scale.bn.weight:lr=1e-05
2025/03/03 11:37:37 - mmengine - INFO - paramwise_options -- backbone.network.4.10.token_mixer.mixer.rbr_scale.bn.weight:weight_decay=0.05
2025/03/03 11:37:37 - mmengine - INFO - paramwise_options -- backbone.network.4.10.token_mixer.mixer.rbr_scale.bn.weight:lr_mult=0.1
2025/03/03 11:37:37 - mmengine - INFO - paramwise_options -- backbone.network.4.10.token_mixer.mixer.rbr_scale.bn.weight:decay_mult=1.0
2025/03/03 11:37:37 - mmengine - INFO - paramwise_options -- backbone.network.4.10.token_mixer.mixer.rbr_scale.bn.bias:lr=1e-05
2025/03/03 11:37:37 - mmengine - INFO - paramwise_options -- backbone.network.4.10.token_mixer.mixer.rbr_scale.bn.bias:weight_decay=0.05
2025/03/03 11:37:37 - mmengine - INFO - paramwise_options -- backbone.network.4.10.token_mixer.mixer.rbr_scale.bn.bias:lr_mult=0.1
2025/03/03 11:37:37 - mmengine - INFO - paramwise_options -- backbone.network.4.10.token_mixer.mixer.rbr_scale.bn.bias:decay_mult=1.0
2025/03/03 11:37:37 - mmengine - INFO - paramwise_options -- backbone.network.4.10.convffn.conv.conv.weight:lr=1e-05
2025/03/03 11:37:37 - mmengine - INFO - paramwise_options -- backbone.network.4.10.convffn.conv.conv.weight:weight_decay=0.05
2025/03/03 11:37:37 - mmengine - INFO - paramwise_options -- backbone.network.4.10.convffn.conv.conv.weight:lr_mult=0.1
2025/03/03 11:37:37 - mmengine - INFO - paramwise_options -- backbone.network.4.10.convffn.conv.conv.weight:decay_mult=1.0
2025/03/03 11:37:37 - mmengine - INFO - paramwise_options -- backbone.network.4.10.convffn.conv.bn.weight:lr=1e-05
2025/03/03 11:37:37 - mmengine - INFO - paramwise_options -- backbone.network.4.10.convffn.conv.bn.weight:weight_decay=0.05
2025/03/03 11:37:37 - mmengine - INFO - paramwise_options -- backbone.network.4.10.convffn.conv.bn.weight:lr_mult=0.1
2025/03/03 11:37:37 - mmengine - INFO - paramwise_options -- backbone.network.4.10.convffn.conv.bn.weight:decay_mult=1.0
2025/03/03 11:37:37 - mmengine - INFO - paramwise_options -- backbone.network.4.10.convffn.conv.bn.bias:lr=1e-05
2025/03/03 11:37:37 - mmengine - INFO - paramwise_options -- backbone.network.4.10.convffn.conv.bn.bias:weight_decay=0.05
2025/03/03 11:37:37 - mmengine - INFO - paramwise_options -- backbone.network.4.10.convffn.conv.bn.bias:lr_mult=0.1
2025/03/03 11:37:37 - mmengine - INFO - paramwise_options -- backbone.network.4.10.convffn.conv.bn.bias:decay_mult=1.0
2025/03/03 11:37:37 - mmengine - INFO - paramwise_options -- backbone.network.4.10.convffn.fc1.weight:lr=1e-05
2025/03/03 11:37:37 - mmengine - INFO - paramwise_options -- backbone.network.4.10.convffn.fc1.weight:weight_decay=0.05
2025/03/03 11:37:37 - mmengine - INFO - paramwise_options -- backbone.network.4.10.convffn.fc1.weight:lr_mult=0.1
2025/03/03 11:37:37 - mmengine - INFO - paramwise_options -- backbone.network.4.10.convffn.fc1.weight:decay_mult=1.0
2025/03/03 11:37:37 - mmengine - INFO - paramwise_options -- backbone.network.4.10.convffn.fc1.bias:lr=1e-05
2025/03/03 11:37:37 - mmengine - INFO - paramwise_options -- backbone.network.4.10.convffn.fc1.bias:weight_decay=0.05
2025/03/03 11:37:37 - mmengine - INFO - paramwise_options -- backbone.network.4.10.convffn.fc1.bias:lr_mult=0.1
2025/03/03 11:37:37 - mmengine - INFO - paramwise_options -- backbone.network.4.10.convffn.fc1.bias:decay_mult=1.0
2025/03/03 11:37:37 - mmengine - INFO - paramwise_options -- backbone.network.4.10.convffn.fc2.weight:lr=1e-05
2025/03/03 11:37:37 - mmengine - INFO - paramwise_options -- backbone.network.4.10.convffn.fc2.weight:weight_decay=0.05
2025/03/03 11:37:37 - mmengine - INFO - paramwise_options -- backbone.network.4.10.convffn.fc2.weight:lr_mult=0.1
2025/03/03 11:37:37 - mmengine - INFO - paramwise_options -- backbone.network.4.10.convffn.fc2.weight:decay_mult=1.0
2025/03/03 11:37:37 - mmengine - INFO - paramwise_options -- backbone.network.4.10.convffn.fc2.bias:lr=1e-05
2025/03/03 11:37:37 - mmengine - INFO - paramwise_options -- backbone.network.4.10.convffn.fc2.bias:weight_decay=0.05
2025/03/03 11:37:37 - mmengine - INFO - paramwise_options -- backbone.network.4.10.convffn.fc2.bias:lr_mult=0.1
2025/03/03 11:37:37 - mmengine - INFO - paramwise_options -- backbone.network.4.10.convffn.fc2.bias:decay_mult=1.0
2025/03/03 11:37:37 - mmengine - INFO - paramwise_options -- backbone.network.4.11.layer_scale:lr=1e-05
2025/03/03 11:37:37 - mmengine - INFO - paramwise_options -- backbone.network.4.11.layer_scale:weight_decay=0.05
2025/03/03 11:37:37 - mmengine - INFO - paramwise_options -- backbone.network.4.11.layer_scale:lr_mult=0.1
2025/03/03 11:37:37 - mmengine - INFO - paramwise_options -- backbone.network.4.11.layer_scale:decay_mult=1.0
2025/03/03 11:37:37 - mmengine - INFO - paramwise_options -- backbone.network.4.11.token_mixer.layer_scale:lr=1e-05
2025/03/03 11:37:37 - mmengine - INFO - paramwise_options -- backbone.network.4.11.token_mixer.layer_scale:weight_decay=0.05
2025/03/03 11:37:37 - mmengine - INFO - paramwise_options -- backbone.network.4.11.token_mixer.layer_scale:lr_mult=0.1
2025/03/03 11:37:37 - mmengine - INFO - paramwise_options -- backbone.network.4.11.token_mixer.layer_scale:decay_mult=1.0
2025/03/03 11:37:37 - mmengine - INFO - paramwise_options -- backbone.network.4.11.token_mixer.norm.rbr_skip.weight:lr=1e-05
2025/03/03 11:37:37 - mmengine - INFO - paramwise_options -- backbone.network.4.11.token_mixer.norm.rbr_skip.weight:weight_decay=0.05
2025/03/03 11:37:37 - mmengine - INFO - paramwise_options -- backbone.network.4.11.token_mixer.norm.rbr_skip.weight:lr_mult=0.1
2025/03/03 11:37:37 - mmengine - INFO - paramwise_options -- backbone.network.4.11.token_mixer.norm.rbr_skip.weight:decay_mult=1.0
2025/03/03 11:37:37 - mmengine - INFO - paramwise_options -- backbone.network.4.11.token_mixer.norm.rbr_skip.bias:lr=1e-05
2025/03/03 11:37:37 - mmengine - INFO - paramwise_options -- backbone.network.4.11.token_mixer.norm.rbr_skip.bias:weight_decay=0.05
2025/03/03 11:37:37 - mmengine - INFO - paramwise_options -- backbone.network.4.11.token_mixer.norm.rbr_skip.bias:lr_mult=0.1
2025/03/03 11:37:37 - mmengine - INFO - paramwise_options -- backbone.network.4.11.token_mixer.norm.rbr_skip.bias:decay_mult=1.0
2025/03/03 11:37:37 - mmengine - INFO - paramwise_options -- backbone.network.4.11.token_mixer.mixer.rbr_skip.weight:lr=1e-05
2025/03/03 11:37:37 - mmengine - INFO - paramwise_options -- backbone.network.4.11.token_mixer.mixer.rbr_skip.weight:weight_decay=0.05
2025/03/03 11:37:37 - mmengine - INFO - paramwise_options -- backbone.network.4.11.token_mixer.mixer.rbr_skip.weight:lr_mult=0.1
2025/03/03 11:37:37 - mmengine - INFO - paramwise_options -- backbone.network.4.11.token_mixer.mixer.rbr_skip.weight:decay_mult=1.0
2025/03/03 11:37:37 - mmengine - INFO - paramwise_options -- backbone.network.4.11.token_mixer.mixer.rbr_skip.bias:lr=1e-05
2025/03/03 11:37:37 - mmengine - INFO - paramwise_options -- backbone.network.4.11.token_mixer.mixer.rbr_skip.bias:weight_decay=0.05
2025/03/03 11:37:37 - mmengine - INFO - paramwise_options -- backbone.network.4.11.token_mixer.mixer.rbr_skip.bias:lr_mult=0.1
2025/03/03 11:37:37 - mmengine - INFO - paramwise_options -- backbone.network.4.11.token_mixer.mixer.rbr_skip.bias:decay_mult=1.0
2025/03/03 11:37:37 - mmengine - INFO - paramwise_options -- backbone.network.4.11.token_mixer.mixer.rbr_conv.0.conv.weight:lr=1e-05
2025/03/03 11:37:37 - mmengine - INFO - paramwise_options -- backbone.network.4.11.token_mixer.mixer.rbr_conv.0.conv.weight:weight_decay=0.05
2025/03/03 11:37:37 - mmengine - INFO - paramwise_options -- backbone.network.4.11.token_mixer.mixer.rbr_conv.0.conv.weight:lr_mult=0.1
2025/03/03 11:37:37 - mmengine - INFO - paramwise_options -- backbone.network.4.11.token_mixer.mixer.rbr_conv.0.conv.weight:decay_mult=1.0
2025/03/03 11:37:37 - mmengine - INFO - paramwise_options -- backbone.network.4.11.token_mixer.mixer.rbr_conv.0.bn.weight:lr=1e-05
2025/03/03 11:37:37 - mmengine - INFO - paramwise_options -- backbone.network.4.11.token_mixer.mixer.rbr_conv.0.bn.weight:weight_decay=0.05
2025/03/03 11:37:37 - mmengine - INFO - paramwise_options -- backbone.network.4.11.token_mixer.mixer.rbr_conv.0.bn.weight:lr_mult=0.1
2025/03/03 11:37:37 - mmengine - INFO - paramwise_options -- backbone.network.4.11.token_mixer.mixer.rbr_conv.0.bn.weight:decay_mult=1.0
2025/03/03 11:37:37 - mmengine - INFO - paramwise_options -- backbone.network.4.11.token_mixer.mixer.rbr_conv.0.bn.bias:lr=1e-05
2025/03/03 11:37:37 - mmengine - INFO - paramwise_options -- backbone.network.4.11.token_mixer.mixer.rbr_conv.0.bn.bias:weight_decay=0.05
2025/03/03 11:37:37 - mmengine - INFO - paramwise_options -- backbone.network.4.11.token_mixer.mixer.rbr_conv.0.bn.bias:lr_mult=0.1
2025/03/03 11:37:37 - mmengine - INFO - paramwise_options -- backbone.network.4.11.token_mixer.mixer.rbr_conv.0.bn.bias:decay_mult=1.0
2025/03/03 11:37:37 - mmengine - INFO - paramwise_options -- backbone.network.4.11.token_mixer.mixer.rbr_scale.conv.weight:lr=1e-05
2025/03/03 11:37:37 - mmengine - INFO - paramwise_options -- backbone.network.4.11.token_mixer.mixer.rbr_scale.conv.weight:weight_decay=0.05
2025/03/03 11:37:37 - mmengine - INFO - paramwise_options -- backbone.network.4.11.token_mixer.mixer.rbr_scale.conv.weight:lr_mult=0.1
2025/03/03 11:37:37 - mmengine - INFO - paramwise_options -- backbone.network.4.11.token_mixer.mixer.rbr_scale.conv.weight:decay_mult=1.0
2025/03/03 11:37:37 - mmengine - INFO - paramwise_options -- backbone.network.4.11.token_mixer.mixer.rbr_scale.bn.weight:lr=1e-05
2025/03/03 11:37:37 - mmengine - INFO - paramwise_options -- backbone.network.4.11.token_mixer.mixer.rbr_scale.bn.weight:weight_decay=0.05
2025/03/03 11:37:37 - mmengine - INFO - paramwise_options -- backbone.network.4.11.token_mixer.mixer.rbr_scale.bn.weight:lr_mult=0.1
2025/03/03 11:37:37 - mmengine - INFO - paramwise_options -- backbone.network.4.11.token_mixer.mixer.rbr_scale.bn.weight:decay_mult=1.0
2025/03/03 11:37:37 - mmengine - INFO - paramwise_options -- backbone.network.4.11.token_mixer.mixer.rbr_scale.bn.bias:lr=1e-05
2025/03/03 11:37:37 - mmengine - INFO - paramwise_options -- backbone.network.4.11.token_mixer.mixer.rbr_scale.bn.bias:weight_decay=0.05
2025/03/03 11:37:37 - mmengine - INFO - paramwise_options -- backbone.network.4.11.token_mixer.mixer.rbr_scale.bn.bias:lr_mult=0.1
2025/03/03 11:37:37 - mmengine - INFO - paramwise_options -- backbone.network.4.11.token_mixer.mixer.rbr_scale.bn.bias:decay_mult=1.0
2025/03/03 11:37:37 - mmengine - INFO - paramwise_options -- backbone.network.4.11.convffn.conv.conv.weight:lr=1e-05
2025/03/03 11:37:37 - mmengine - INFO - paramwise_options -- backbone.network.4.11.convffn.conv.conv.weight:weight_decay=0.05
2025/03/03 11:37:37 - mmengine - INFO - paramwise_options -- backbone.network.4.11.convffn.conv.conv.weight:lr_mult=0.1
2025/03/03 11:37:37 - mmengine - INFO - paramwise_options -- backbone.network.4.11.convffn.conv.conv.weight:decay_mult=1.0
2025/03/03 11:37:37 - mmengine - INFO - paramwise_options -- backbone.network.4.11.convffn.conv.bn.weight:lr=1e-05
2025/03/03 11:37:37 - mmengine - INFO - paramwise_options -- backbone.network.4.11.convffn.conv.bn.weight:weight_decay=0.05
2025/03/03 11:37:37 - mmengine - INFO - paramwise_options -- backbone.network.4.11.convffn.conv.bn.weight:lr_mult=0.1
2025/03/03 11:37:37 - mmengine - INFO - paramwise_options -- backbone.network.4.11.convffn.conv.bn.weight:decay_mult=1.0
2025/03/03 11:37:37 - mmengine - INFO - paramwise_options -- backbone.network.4.11.convffn.conv.bn.bias:lr=1e-05
2025/03/03 11:37:37 - mmengine - INFO - paramwise_options -- backbone.network.4.11.convffn.conv.bn.bias:weight_decay=0.05
2025/03/03 11:37:37 - mmengine - INFO - paramwise_options -- backbone.network.4.11.convffn.conv.bn.bias:lr_mult=0.1
2025/03/03 11:37:37 - mmengine - INFO - paramwise_options -- backbone.network.4.11.convffn.conv.bn.bias:decay_mult=1.0
2025/03/03 11:37:37 - mmengine - INFO - paramwise_options -- backbone.network.4.11.convffn.fc1.weight:lr=1e-05
2025/03/03 11:37:37 - mmengine - INFO - paramwise_options -- backbone.network.4.11.convffn.fc1.weight:weight_decay=0.05
2025/03/03 11:37:37 - mmengine - INFO - paramwise_options -- backbone.network.4.11.convffn.fc1.weight:lr_mult=0.1
2025/03/03 11:37:37 - mmengine - INFO - paramwise_options -- backbone.network.4.11.convffn.fc1.weight:decay_mult=1.0
2025/03/03 11:37:37 - mmengine - INFO - paramwise_options -- backbone.network.4.11.convffn.fc1.bias:lr=1e-05
2025/03/03 11:37:37 - mmengine - INFO - paramwise_options -- backbone.network.4.11.convffn.fc1.bias:weight_decay=0.05
2025/03/03 11:37:37 - mmengine - INFO - paramwise_options -- backbone.network.4.11.convffn.fc1.bias:lr_mult=0.1
2025/03/03 11:37:37 - mmengine - INFO - paramwise_options -- backbone.network.4.11.convffn.fc1.bias:decay_mult=1.0
2025/03/03 11:37:37 - mmengine - INFO - paramwise_options -- backbone.network.4.11.convffn.fc2.weight:lr=1e-05
2025/03/03 11:37:37 - mmengine - INFO - paramwise_options -- backbone.network.4.11.convffn.fc2.weight:weight_decay=0.05
2025/03/03 11:37:37 - mmengine - INFO - paramwise_options -- backbone.network.4.11.convffn.fc2.weight:lr_mult=0.1
2025/03/03 11:37:37 - mmengine - INFO - paramwise_options -- backbone.network.4.11.convffn.fc2.weight:decay_mult=1.0
2025/03/03 11:37:37 - mmengine - INFO - paramwise_options -- backbone.network.4.11.convffn.fc2.bias:lr=1e-05
2025/03/03 11:37:37 - mmengine - INFO - paramwise_options -- backbone.network.4.11.convffn.fc2.bias:weight_decay=0.05
2025/03/03 11:37:37 - mmengine - INFO - paramwise_options -- backbone.network.4.11.convffn.fc2.bias:lr_mult=0.1
2025/03/03 11:37:37 - mmengine - INFO - paramwise_options -- backbone.network.4.11.convffn.fc2.bias:decay_mult=1.0
2025/03/03 11:37:37 - mmengine - INFO - paramwise_options -- backbone.network.4.12.layer_scale:lr=1e-05
2025/03/03 11:37:37 - mmengine - INFO - paramwise_options -- backbone.network.4.12.layer_scale:weight_decay=0.05
2025/03/03 11:37:37 - mmengine - INFO - paramwise_options -- backbone.network.4.12.layer_scale:lr_mult=0.1
2025/03/03 11:37:37 - mmengine - INFO - paramwise_options -- backbone.network.4.12.layer_scale:decay_mult=1.0
2025/03/03 11:37:37 - mmengine - INFO - paramwise_options -- backbone.network.4.12.token_mixer.layer_scale:lr=1e-05
2025/03/03 11:37:37 - mmengine - INFO - paramwise_options -- backbone.network.4.12.token_mixer.layer_scale:weight_decay=0.05
2025/03/03 11:37:37 - mmengine - INFO - paramwise_options -- backbone.network.4.12.token_mixer.layer_scale:lr_mult=0.1
2025/03/03 11:37:37 - mmengine - INFO - paramwise_options -- backbone.network.4.12.token_mixer.layer_scale:decay_mult=1.0
2025/03/03 11:37:37 - mmengine - INFO - paramwise_options -- backbone.network.4.12.token_mixer.norm.rbr_skip.weight:lr=1e-05
2025/03/03 11:37:37 - mmengine - INFO - paramwise_options -- backbone.network.4.12.token_mixer.norm.rbr_skip.weight:weight_decay=0.05
2025/03/03 11:37:37 - mmengine - INFO - paramwise_options -- backbone.network.4.12.token_mixer.norm.rbr_skip.weight:lr_mult=0.1
2025/03/03 11:37:37 - mmengine - INFO - paramwise_options -- backbone.network.4.12.token_mixer.norm.rbr_skip.weight:decay_mult=1.0
2025/03/03 11:37:37 - mmengine - INFO - paramwise_options -- backbone.network.4.12.token_mixer.norm.rbr_skip.bias:lr=1e-05
2025/03/03 11:37:37 - mmengine - INFO - paramwise_options -- backbone.network.4.12.token_mixer.norm.rbr_skip.bias:weight_decay=0.05
2025/03/03 11:37:37 - mmengine - INFO - paramwise_options -- backbone.network.4.12.token_mixer.norm.rbr_skip.bias:lr_mult=0.1
2025/03/03 11:37:37 - mmengine - INFO - paramwise_options -- backbone.network.4.12.token_mixer.norm.rbr_skip.bias:decay_mult=1.0
2025/03/03 11:37:37 - mmengine - INFO - paramwise_options -- backbone.network.4.12.token_mixer.mixer.rbr_skip.weight:lr=1e-05
2025/03/03 11:37:37 - mmengine - INFO - paramwise_options -- backbone.network.4.12.token_mixer.mixer.rbr_skip.weight:weight_decay=0.05
2025/03/03 11:37:37 - mmengine - INFO - paramwise_options -- backbone.network.4.12.token_mixer.mixer.rbr_skip.weight:lr_mult=0.1
2025/03/03 11:37:37 - mmengine - INFO - paramwise_options -- backbone.network.4.12.token_mixer.mixer.rbr_skip.weight:decay_mult=1.0
2025/03/03 11:37:37 - mmengine - INFO - paramwise_options -- backbone.network.4.12.token_mixer.mixer.rbr_skip.bias:lr=1e-05
2025/03/03 11:37:37 - mmengine - INFO - paramwise_options -- backbone.network.4.12.token_mixer.mixer.rbr_skip.bias:weight_decay=0.05
2025/03/03 11:37:37 - mmengine - INFO - paramwise_options -- backbone.network.4.12.token_mixer.mixer.rbr_skip.bias:lr_mult=0.1
2025/03/03 11:37:37 - mmengine - INFO - paramwise_options -- backbone.network.4.12.token_mixer.mixer.rbr_skip.bias:decay_mult=1.0
2025/03/03 11:37:37 - mmengine - INFO - paramwise_options -- backbone.network.4.12.token_mixer.mixer.rbr_conv.0.conv.weight:lr=1e-05
2025/03/03 11:37:37 - mmengine - INFO - paramwise_options -- backbone.network.4.12.token_mixer.mixer.rbr_conv.0.conv.weight:weight_decay=0.05
2025/03/03 11:37:37 - mmengine - INFO - paramwise_options -- backbone.network.4.12.token_mixer.mixer.rbr_conv.0.conv.weight:lr_mult=0.1
2025/03/03 11:37:37 - mmengine - INFO - paramwise_options -- backbone.network.4.12.token_mixer.mixer.rbr_conv.0.conv.weight:decay_mult=1.0
2025/03/03 11:37:37 - mmengine - INFO - paramwise_options -- backbone.network.4.12.token_mixer.mixer.rbr_conv.0.bn.weight:lr=1e-05
2025/03/03 11:37:37 - mmengine - INFO - paramwise_options -- backbone.network.4.12.token_mixer.mixer.rbr_conv.0.bn.weight:weight_decay=0.05
2025/03/03 11:37:37 - mmengine - INFO - paramwise_options -- backbone.network.4.12.token_mixer.mixer.rbr_conv.0.bn.weight:lr_mult=0.1
2025/03/03 11:37:37 - mmengine - INFO - paramwise_options -- backbone.network.4.12.token_mixer.mixer.rbr_conv.0.bn.weight:decay_mult=1.0
2025/03/03 11:37:37 - mmengine - INFO - paramwise_options -- backbone.network.4.12.token_mixer.mixer.rbr_conv.0.bn.bias:lr=1e-05
2025/03/03 11:37:37 - mmengine - INFO - paramwise_options -- backbone.network.4.12.token_mixer.mixer.rbr_conv.0.bn.bias:weight_decay=0.05
2025/03/03 11:37:37 - mmengine - INFO - paramwise_options -- backbone.network.4.12.token_mixer.mixer.rbr_conv.0.bn.bias:lr_mult=0.1
2025/03/03 11:37:37 - mmengine - INFO - paramwise_options -- backbone.network.4.12.token_mixer.mixer.rbr_conv.0.bn.bias:decay_mult=1.0
2025/03/03 11:37:37 - mmengine - INFO - paramwise_options -- backbone.network.4.12.token_mixer.mixer.rbr_scale.conv.weight:lr=1e-05
2025/03/03 11:37:37 - mmengine - INFO - paramwise_options -- backbone.network.4.12.token_mixer.mixer.rbr_scale.conv.weight:weight_decay=0.05
2025/03/03 11:37:37 - mmengine - INFO - paramwise_options -- backbone.network.4.12.token_mixer.mixer.rbr_scale.conv.weight:lr_mult=0.1
2025/03/03 11:37:37 - mmengine - INFO - paramwise_options -- backbone.network.4.12.token_mixer.mixer.rbr_scale.conv.weight:decay_mult=1.0
2025/03/03 11:37:37 - mmengine - INFO - paramwise_options -- backbone.network.4.12.token_mixer.mixer.rbr_scale.bn.weight:lr=1e-05
2025/03/03 11:37:37 - mmengine - INFO - paramwise_options -- backbone.network.4.12.token_mixer.mixer.rbr_scale.bn.weight:weight_decay=0.05
2025/03/03 11:37:37 - mmengine - INFO - paramwise_options -- backbone.network.4.12.token_mixer.mixer.rbr_scale.bn.weight:lr_mult=0.1
2025/03/03 11:37:37 - mmengine - INFO - paramwise_options -- backbone.network.4.12.token_mixer.mixer.rbr_scale.bn.weight:decay_mult=1.0
2025/03/03 11:37:37 - mmengine - INFO - paramwise_options -- backbone.network.4.12.token_mixer.mixer.rbr_scale.bn.bias:lr=1e-05
2025/03/03 11:37:37 - mmengine - INFO - paramwise_options -- backbone.network.4.12.token_mixer.mixer.rbr_scale.bn.bias:weight_decay=0.05
2025/03/03 11:37:37 - mmengine - INFO - paramwise_options -- backbone.network.4.12.token_mixer.mixer.rbr_scale.bn.bias:lr_mult=0.1
2025/03/03 11:37:37 - mmengine - INFO - paramwise_options -- backbone.network.4.12.token_mixer.mixer.rbr_scale.bn.bias:decay_mult=1.0
2025/03/03 11:37:37 - mmengine - INFO - paramwise_options -- backbone.network.4.12.convffn.conv.conv.weight:lr=1e-05
2025/03/03 11:37:37 - mmengine - INFO - paramwise_options -- backbone.network.4.12.convffn.conv.conv.weight:weight_decay=0.05
2025/03/03 11:37:37 - mmengine - INFO - paramwise_options -- backbone.network.4.12.convffn.conv.conv.weight:lr_mult=0.1
2025/03/03 11:37:37 - mmengine - INFO - paramwise_options -- backbone.network.4.12.convffn.conv.conv.weight:decay_mult=1.0
2025/03/03 11:37:37 - mmengine - INFO - paramwise_options -- backbone.network.4.12.convffn.conv.bn.weight:lr=1e-05
2025/03/03 11:37:37 - mmengine - INFO - paramwise_options -- backbone.network.4.12.convffn.conv.bn.weight:weight_decay=0.05
2025/03/03 11:37:37 - mmengine - INFO - paramwise_options -- backbone.network.4.12.convffn.conv.bn.weight:lr_mult=0.1
2025/03/03 11:37:37 - mmengine - INFO - paramwise_options -- backbone.network.4.12.convffn.conv.bn.weight:decay_mult=1.0
2025/03/03 11:37:37 - mmengine - INFO - paramwise_options -- backbone.network.4.12.convffn.conv.bn.bias:lr=1e-05
2025/03/03 11:37:37 - mmengine - INFO - paramwise_options -- backbone.network.4.12.convffn.conv.bn.bias:weight_decay=0.05
2025/03/03 11:37:37 - mmengine - INFO - paramwise_options -- backbone.network.4.12.convffn.conv.bn.bias:lr_mult=0.1
2025/03/03 11:37:37 - mmengine - INFO - paramwise_options -- backbone.network.4.12.convffn.conv.bn.bias:decay_mult=1.0
2025/03/03 11:37:37 - mmengine - INFO - paramwise_options -- backbone.network.4.12.convffn.fc1.weight:lr=1e-05
2025/03/03 11:37:37 - mmengine - INFO - paramwise_options -- backbone.network.4.12.convffn.fc1.weight:weight_decay=0.05
2025/03/03 11:37:37 - mmengine - INFO - paramwise_options -- backbone.network.4.12.convffn.fc1.weight:lr_mult=0.1
2025/03/03 11:37:37 - mmengine - INFO - paramwise_options -- backbone.network.4.12.convffn.fc1.weight:decay_mult=1.0
2025/03/03 11:37:37 - mmengine - INFO - paramwise_options -- backbone.network.4.12.convffn.fc1.bias:lr=1e-05
2025/03/03 11:37:37 - mmengine - INFO - paramwise_options -- backbone.network.4.12.convffn.fc1.bias:weight_decay=0.05
2025/03/03 11:37:37 - mmengine - INFO - paramwise_options -- backbone.network.4.12.convffn.fc1.bias:lr_mult=0.1
2025/03/03 11:37:37 - mmengine - INFO - paramwise_options -- backbone.network.4.12.convffn.fc1.bias:decay_mult=1.0
2025/03/03 11:37:37 - mmengine - INFO - paramwise_options -- backbone.network.4.12.convffn.fc2.weight:lr=1e-05
2025/03/03 11:37:37 - mmengine - INFO - paramwise_options -- backbone.network.4.12.convffn.fc2.weight:weight_decay=0.05
2025/03/03 11:37:37 - mmengine - INFO - paramwise_options -- backbone.network.4.12.convffn.fc2.weight:lr_mult=0.1
2025/03/03 11:37:37 - mmengine - INFO - paramwise_options -- backbone.network.4.12.convffn.fc2.weight:decay_mult=1.0
2025/03/03 11:37:37 - mmengine - INFO - paramwise_options -- backbone.network.4.12.convffn.fc2.bias:lr=1e-05
2025/03/03 11:37:37 - mmengine - INFO - paramwise_options -- backbone.network.4.12.convffn.fc2.bias:weight_decay=0.05
2025/03/03 11:37:37 - mmengine - INFO - paramwise_options -- backbone.network.4.12.convffn.fc2.bias:lr_mult=0.1
2025/03/03 11:37:37 - mmengine - INFO - paramwise_options -- backbone.network.4.12.convffn.fc2.bias:decay_mult=1.0
2025/03/03 11:37:37 - mmengine - INFO - paramwise_options -- backbone.network.4.13.layer_scale:lr=1e-05
2025/03/03 11:37:37 - mmengine - INFO - paramwise_options -- backbone.network.4.13.layer_scale:weight_decay=0.05
2025/03/03 11:37:37 - mmengine - INFO - paramwise_options -- backbone.network.4.13.layer_scale:lr_mult=0.1
2025/03/03 11:37:37 - mmengine - INFO - paramwise_options -- backbone.network.4.13.layer_scale:decay_mult=1.0
2025/03/03 11:37:37 - mmengine - INFO - paramwise_options -- backbone.network.4.13.token_mixer.layer_scale:lr=1e-05
2025/03/03 11:37:37 - mmengine - INFO - paramwise_options -- backbone.network.4.13.token_mixer.layer_scale:weight_decay=0.05
2025/03/03 11:37:37 - mmengine - INFO - paramwise_options -- backbone.network.4.13.token_mixer.layer_scale:lr_mult=0.1
2025/03/03 11:37:37 - mmengine - INFO - paramwise_options -- backbone.network.4.13.token_mixer.layer_scale:decay_mult=1.0
2025/03/03 11:37:37 - mmengine - INFO - paramwise_options -- backbone.network.4.13.token_mixer.norm.rbr_skip.weight:lr=1e-05
2025/03/03 11:37:37 - mmengine - INFO - paramwise_options -- backbone.network.4.13.token_mixer.norm.rbr_skip.weight:weight_decay=0.05
2025/03/03 11:37:37 - mmengine - INFO - paramwise_options -- backbone.network.4.13.token_mixer.norm.rbr_skip.weight:lr_mult=0.1
2025/03/03 11:37:37 - mmengine - INFO - paramwise_options -- backbone.network.4.13.token_mixer.norm.rbr_skip.weight:decay_mult=1.0
2025/03/03 11:37:37 - mmengine - INFO - paramwise_options -- backbone.network.4.13.token_mixer.norm.rbr_skip.bias:lr=1e-05
2025/03/03 11:37:37 - mmengine - INFO - paramwise_options -- backbone.network.4.13.token_mixer.norm.rbr_skip.bias:weight_decay=0.05
2025/03/03 11:37:37 - mmengine - INFO - paramwise_options -- backbone.network.4.13.token_mixer.norm.rbr_skip.bias:lr_mult=0.1
2025/03/03 11:37:37 - mmengine - INFO - paramwise_options -- backbone.network.4.13.token_mixer.norm.rbr_skip.bias:decay_mult=1.0
2025/03/03 11:37:37 - mmengine - INFO - paramwise_options -- backbone.network.4.13.token_mixer.mixer.rbr_skip.weight:lr=1e-05
2025/03/03 11:37:37 - mmengine - INFO - paramwise_options -- backbone.network.4.13.token_mixer.mixer.rbr_skip.weight:weight_decay=0.05
2025/03/03 11:37:37 - mmengine - INFO - paramwise_options -- backbone.network.4.13.token_mixer.mixer.rbr_skip.weight:lr_mult=0.1
2025/03/03 11:37:37 - mmengine - INFO - paramwise_options -- backbone.network.4.13.token_mixer.mixer.rbr_skip.weight:decay_mult=1.0
2025/03/03 11:37:37 - mmengine - INFO - paramwise_options -- backbone.network.4.13.token_mixer.mixer.rbr_skip.bias:lr=1e-05
2025/03/03 11:37:37 - mmengine - INFO - paramwise_options -- backbone.network.4.13.token_mixer.mixer.rbr_skip.bias:weight_decay=0.05
2025/03/03 11:37:37 - mmengine - INFO - paramwise_options -- backbone.network.4.13.token_mixer.mixer.rbr_skip.bias:lr_mult=0.1
2025/03/03 11:37:37 - mmengine - INFO - paramwise_options -- backbone.network.4.13.token_mixer.mixer.rbr_skip.bias:decay_mult=1.0
2025/03/03 11:37:37 - mmengine - INFO - paramwise_options -- backbone.network.4.13.token_mixer.mixer.rbr_conv.0.conv.weight:lr=1e-05
2025/03/03 11:37:37 - mmengine - INFO - paramwise_options -- backbone.network.4.13.token_mixer.mixer.rbr_conv.0.conv.weight:weight_decay=0.05
2025/03/03 11:37:37 - mmengine - INFO - paramwise_options -- backbone.network.4.13.token_mixer.mixer.rbr_conv.0.conv.weight:lr_mult=0.1
2025/03/03 11:37:37 - mmengine - INFO - paramwise_options -- backbone.network.4.13.token_mixer.mixer.rbr_conv.0.conv.weight:decay_mult=1.0
2025/03/03 11:37:37 - mmengine - INFO - paramwise_options -- backbone.network.4.13.token_mixer.mixer.rbr_conv.0.bn.weight:lr=1e-05
2025/03/03 11:37:37 - mmengine - INFO - paramwise_options -- backbone.network.4.13.token_mixer.mixer.rbr_conv.0.bn.weight:weight_decay=0.05
2025/03/03 11:37:37 - mmengine - INFO - paramwise_options -- backbone.network.4.13.token_mixer.mixer.rbr_conv.0.bn.weight:lr_mult=0.1
2025/03/03 11:37:37 - mmengine - INFO - paramwise_options -- backbone.network.4.13.token_mixer.mixer.rbr_conv.0.bn.weight:decay_mult=1.0
2025/03/03 11:37:37 - mmengine - INFO - paramwise_options -- backbone.network.4.13.token_mixer.mixer.rbr_conv.0.bn.bias:lr=1e-05
2025/03/03 11:37:37 - mmengine - INFO - paramwise_options -- backbone.network.4.13.token_mixer.mixer.rbr_conv.0.bn.bias:weight_decay=0.05
2025/03/03 11:37:37 - mmengine - INFO - paramwise_options -- backbone.network.4.13.token_mixer.mixer.rbr_conv.0.bn.bias:lr_mult=0.1
2025/03/03 11:37:37 - mmengine - INFO - paramwise_options -- backbone.network.4.13.token_mixer.mixer.rbr_conv.0.bn.bias:decay_mult=1.0
2025/03/03 11:37:37 - mmengine - INFO - paramwise_options -- backbone.network.4.13.token_mixer.mixer.rbr_scale.conv.weight:lr=1e-05
2025/03/03 11:37:37 - mmengine - INFO - paramwise_options -- backbone.network.4.13.token_mixer.mixer.rbr_scale.conv.weight:weight_decay=0.05
2025/03/03 11:37:37 - mmengine - INFO - paramwise_options -- backbone.network.4.13.token_mixer.mixer.rbr_scale.conv.weight:lr_mult=0.1
2025/03/03 11:37:37 - mmengine - INFO - paramwise_options -- backbone.network.4.13.token_mixer.mixer.rbr_scale.conv.weight:decay_mult=1.0
2025/03/03 11:37:37 - mmengine - INFO - paramwise_options -- backbone.network.4.13.token_mixer.mixer.rbr_scale.bn.weight:lr=1e-05
2025/03/03 11:37:37 - mmengine - INFO - paramwise_options -- backbone.network.4.13.token_mixer.mixer.rbr_scale.bn.weight:weight_decay=0.05
2025/03/03 11:37:37 - mmengine - INFO - paramwise_options -- backbone.network.4.13.token_mixer.mixer.rbr_scale.bn.weight:lr_mult=0.1
2025/03/03 11:37:37 - mmengine - INFO - paramwise_options -- backbone.network.4.13.token_mixer.mixer.rbr_scale.bn.weight:decay_mult=1.0
2025/03/03 11:37:37 - mmengine - INFO - paramwise_options -- backbone.network.4.13.token_mixer.mixer.rbr_scale.bn.bias:lr=1e-05
2025/03/03 11:37:37 - mmengine - INFO - paramwise_options -- backbone.network.4.13.token_mixer.mixer.rbr_scale.bn.bias:weight_decay=0.05
2025/03/03 11:37:37 - mmengine - INFO - paramwise_options -- backbone.network.4.13.token_mixer.mixer.rbr_scale.bn.bias:lr_mult=0.1
2025/03/03 11:37:37 - mmengine - INFO - paramwise_options -- backbone.network.4.13.token_mixer.mixer.rbr_scale.bn.bias:decay_mult=1.0
2025/03/03 11:37:37 - mmengine - INFO - paramwise_options -- backbone.network.4.13.convffn.conv.conv.weight:lr=1e-05
2025/03/03 11:37:37 - mmengine - INFO - paramwise_options -- backbone.network.4.13.convffn.conv.conv.weight:weight_decay=0.05
2025/03/03 11:37:37 - mmengine - INFO - paramwise_options -- backbone.network.4.13.convffn.conv.conv.weight:lr_mult=0.1
2025/03/03 11:37:37 - mmengine - INFO - paramwise_options -- backbone.network.4.13.convffn.conv.conv.weight:decay_mult=1.0
2025/03/03 11:37:37 - mmengine - INFO - paramwise_options -- backbone.network.4.13.convffn.conv.bn.weight:lr=1e-05
2025/03/03 11:37:37 - mmengine - INFO - paramwise_options -- backbone.network.4.13.convffn.conv.bn.weight:weight_decay=0.05
2025/03/03 11:37:37 - mmengine - INFO - paramwise_options -- backbone.network.4.13.convffn.conv.bn.weight:lr_mult=0.1
2025/03/03 11:37:37 - mmengine - INFO - paramwise_options -- backbone.network.4.13.convffn.conv.bn.weight:decay_mult=1.0
2025/03/03 11:37:37 - mmengine - INFO - paramwise_options -- backbone.network.4.13.convffn.conv.bn.bias:lr=1e-05
2025/03/03 11:37:37 - mmengine - INFO - paramwise_options -- backbone.network.4.13.convffn.conv.bn.bias:weight_decay=0.05
2025/03/03 11:37:37 - mmengine - INFO - paramwise_options -- backbone.network.4.13.convffn.conv.bn.bias:lr_mult=0.1
2025/03/03 11:37:37 - mmengine - INFO - paramwise_options -- backbone.network.4.13.convffn.conv.bn.bias:decay_mult=1.0
2025/03/03 11:37:37 - mmengine - INFO - paramwise_options -- backbone.network.4.13.convffn.fc1.weight:lr=1e-05
2025/03/03 11:37:37 - mmengine - INFO - paramwise_options -- backbone.network.4.13.convffn.fc1.weight:weight_decay=0.05
2025/03/03 11:37:37 - mmengine - INFO - paramwise_options -- backbone.network.4.13.convffn.fc1.weight:lr_mult=0.1
2025/03/03 11:37:37 - mmengine - INFO - paramwise_options -- backbone.network.4.13.convffn.fc1.weight:decay_mult=1.0
2025/03/03 11:37:37 - mmengine - INFO - paramwise_options -- backbone.network.4.13.convffn.fc1.bias:lr=1e-05
2025/03/03 11:37:37 - mmengine - INFO - paramwise_options -- backbone.network.4.13.convffn.fc1.bias:weight_decay=0.05
2025/03/03 11:37:37 - mmengine - INFO - paramwise_options -- backbone.network.4.13.convffn.fc1.bias:lr_mult=0.1
2025/03/03 11:37:37 - mmengine - INFO - paramwise_options -- backbone.network.4.13.convffn.fc1.bias:decay_mult=1.0
2025/03/03 11:37:37 - mmengine - INFO - paramwise_options -- backbone.network.4.13.convffn.fc2.weight:lr=1e-05
2025/03/03 11:37:37 - mmengine - INFO - paramwise_options -- backbone.network.4.13.convffn.fc2.weight:weight_decay=0.05
2025/03/03 11:37:37 - mmengine - INFO - paramwise_options -- backbone.network.4.13.convffn.fc2.weight:lr_mult=0.1
2025/03/03 11:37:37 - mmengine - INFO - paramwise_options -- backbone.network.4.13.convffn.fc2.weight:decay_mult=1.0
2025/03/03 11:37:37 - mmengine - INFO - paramwise_options -- backbone.network.4.13.convffn.fc2.bias:lr=1e-05
2025/03/03 11:37:37 - mmengine - INFO - paramwise_options -- backbone.network.4.13.convffn.fc2.bias:weight_decay=0.05
2025/03/03 11:37:37 - mmengine - INFO - paramwise_options -- backbone.network.4.13.convffn.fc2.bias:lr_mult=0.1
2025/03/03 11:37:37 - mmengine - INFO - paramwise_options -- backbone.network.4.13.convffn.fc2.bias:decay_mult=1.0
2025/03/03 11:37:37 - mmengine - INFO - paramwise_options -- backbone.network.4.14.layer_scale:lr=1e-05
2025/03/03 11:37:37 - mmengine - INFO - paramwise_options -- backbone.network.4.14.layer_scale:weight_decay=0.05
2025/03/03 11:37:37 - mmengine - INFO - paramwise_options -- backbone.network.4.14.layer_scale:lr_mult=0.1
2025/03/03 11:37:37 - mmengine - INFO - paramwise_options -- backbone.network.4.14.layer_scale:decay_mult=1.0
2025/03/03 11:37:37 - mmengine - INFO - paramwise_options -- backbone.network.4.14.token_mixer.layer_scale:lr=1e-05
2025/03/03 11:37:37 - mmengine - INFO - paramwise_options -- backbone.network.4.14.token_mixer.layer_scale:weight_decay=0.05
2025/03/03 11:37:37 - mmengine - INFO - paramwise_options -- backbone.network.4.14.token_mixer.layer_scale:lr_mult=0.1
2025/03/03 11:37:37 - mmengine - INFO - paramwise_options -- backbone.network.4.14.token_mixer.layer_scale:decay_mult=1.0
2025/03/03 11:37:37 - mmengine - INFO - paramwise_options -- backbone.network.4.14.token_mixer.norm.rbr_skip.weight:lr=1e-05
2025/03/03 11:37:37 - mmengine - INFO - paramwise_options -- backbone.network.4.14.token_mixer.norm.rbr_skip.weight:weight_decay=0.05
2025/03/03 11:37:37 - mmengine - INFO - paramwise_options -- backbone.network.4.14.token_mixer.norm.rbr_skip.weight:lr_mult=0.1
2025/03/03 11:37:37 - mmengine - INFO - paramwise_options -- backbone.network.4.14.token_mixer.norm.rbr_skip.weight:decay_mult=1.0
2025/03/03 11:37:37 - mmengine - INFO - paramwise_options -- backbone.network.4.14.token_mixer.norm.rbr_skip.bias:lr=1e-05
2025/03/03 11:37:37 - mmengine - INFO - paramwise_options -- backbone.network.4.14.token_mixer.norm.rbr_skip.bias:weight_decay=0.05
2025/03/03 11:37:37 - mmengine - INFO - paramwise_options -- backbone.network.4.14.token_mixer.norm.rbr_skip.bias:lr_mult=0.1
2025/03/03 11:37:37 - mmengine - INFO - paramwise_options -- backbone.network.4.14.token_mixer.norm.rbr_skip.bias:decay_mult=1.0
2025/03/03 11:37:37 - mmengine - INFO - paramwise_options -- backbone.network.4.14.token_mixer.mixer.rbr_skip.weight:lr=1e-05
2025/03/03 11:37:37 - mmengine - INFO - paramwise_options -- backbone.network.4.14.token_mixer.mixer.rbr_skip.weight:weight_decay=0.05
2025/03/03 11:37:37 - mmengine - INFO - paramwise_options -- backbone.network.4.14.token_mixer.mixer.rbr_skip.weight:lr_mult=0.1
2025/03/03 11:37:37 - mmengine - INFO - paramwise_options -- backbone.network.4.14.token_mixer.mixer.rbr_skip.weight:decay_mult=1.0
2025/03/03 11:37:37 - mmengine - INFO - paramwise_options -- backbone.network.4.14.token_mixer.mixer.rbr_skip.bias:lr=1e-05
2025/03/03 11:37:37 - mmengine - INFO - paramwise_options -- backbone.network.4.14.token_mixer.mixer.rbr_skip.bias:weight_decay=0.05
2025/03/03 11:37:37 - mmengine - INFO - paramwise_options -- backbone.network.4.14.token_mixer.mixer.rbr_skip.bias:lr_mult=0.1
2025/03/03 11:37:37 - mmengine - INFO - paramwise_options -- backbone.network.4.14.token_mixer.mixer.rbr_skip.bias:decay_mult=1.0
2025/03/03 11:37:37 - mmengine - INFO - paramwise_options -- backbone.network.4.14.token_mixer.mixer.rbr_conv.0.conv.weight:lr=1e-05
2025/03/03 11:37:37 - mmengine - INFO - paramwise_options -- backbone.network.4.14.token_mixer.mixer.rbr_conv.0.conv.weight:weight_decay=0.05
2025/03/03 11:37:37 - mmengine - INFO - paramwise_options -- backbone.network.4.14.token_mixer.mixer.rbr_conv.0.conv.weight:lr_mult=0.1
2025/03/03 11:37:37 - mmengine - INFO - paramwise_options -- backbone.network.4.14.token_mixer.mixer.rbr_conv.0.conv.weight:decay_mult=1.0
2025/03/03 11:37:37 - mmengine - INFO - paramwise_options -- backbone.network.4.14.token_mixer.mixer.rbr_conv.0.bn.weight:lr=1e-05
2025/03/03 11:37:37 - mmengine - INFO - paramwise_options -- backbone.network.4.14.token_mixer.mixer.rbr_conv.0.bn.weight:weight_decay=0.05
2025/03/03 11:37:37 - mmengine - INFO - paramwise_options -- backbone.network.4.14.token_mixer.mixer.rbr_conv.0.bn.weight:lr_mult=0.1
2025/03/03 11:37:37 - mmengine - INFO - paramwise_options -- backbone.network.4.14.token_mixer.mixer.rbr_conv.0.bn.weight:decay_mult=1.0
2025/03/03 11:37:37 - mmengine - INFO - paramwise_options -- backbone.network.4.14.token_mixer.mixer.rbr_conv.0.bn.bias:lr=1e-05
2025/03/03 11:37:37 - mmengine - INFO - paramwise_options -- backbone.network.4.14.token_mixer.mixer.rbr_conv.0.bn.bias:weight_decay=0.05
2025/03/03 11:37:37 - mmengine - INFO - paramwise_options -- backbone.network.4.14.token_mixer.mixer.rbr_conv.0.bn.bias:lr_mult=0.1
2025/03/03 11:37:37 - mmengine - INFO - paramwise_options -- backbone.network.4.14.token_mixer.mixer.rbr_conv.0.bn.bias:decay_mult=1.0
2025/03/03 11:37:37 - mmengine - INFO - paramwise_options -- backbone.network.4.14.token_mixer.mixer.rbr_scale.conv.weight:lr=1e-05
2025/03/03 11:37:37 - mmengine - INFO - paramwise_options -- backbone.network.4.14.token_mixer.mixer.rbr_scale.conv.weight:weight_decay=0.05
2025/03/03 11:37:37 - mmengine - INFO - paramwise_options -- backbone.network.4.14.token_mixer.mixer.rbr_scale.conv.weight:lr_mult=0.1
2025/03/03 11:37:37 - mmengine - INFO - paramwise_options -- backbone.network.4.14.token_mixer.mixer.rbr_scale.conv.weight:decay_mult=1.0
2025/03/03 11:37:37 - mmengine - INFO - paramwise_options -- backbone.network.4.14.token_mixer.mixer.rbr_scale.bn.weight:lr=1e-05
2025/03/03 11:37:37 - mmengine - INFO - paramwise_options -- backbone.network.4.14.token_mixer.mixer.rbr_scale.bn.weight:weight_decay=0.05
2025/03/03 11:37:37 - mmengine - INFO - paramwise_options -- backbone.network.4.14.token_mixer.mixer.rbr_scale.bn.weight:lr_mult=0.1
2025/03/03 11:37:37 - mmengine - INFO - paramwise_options -- backbone.network.4.14.token_mixer.mixer.rbr_scale.bn.weight:decay_mult=1.0
2025/03/03 11:37:37 - mmengine - INFO - paramwise_options -- backbone.network.4.14.token_mixer.mixer.rbr_scale.bn.bias:lr=1e-05
2025/03/03 11:37:37 - mmengine - INFO - paramwise_options -- backbone.network.4.14.token_mixer.mixer.rbr_scale.bn.bias:weight_decay=0.05
2025/03/03 11:37:37 - mmengine - INFO - paramwise_options -- backbone.network.4.14.token_mixer.mixer.rbr_scale.bn.bias:lr_mult=0.1
2025/03/03 11:37:37 - mmengine - INFO - paramwise_options -- backbone.network.4.14.token_mixer.mixer.rbr_scale.bn.bias:decay_mult=1.0
2025/03/03 11:37:37 - mmengine - INFO - paramwise_options -- backbone.network.4.14.convffn.conv.conv.weight:lr=1e-05
2025/03/03 11:37:37 - mmengine - INFO - paramwise_options -- backbone.network.4.14.convffn.conv.conv.weight:weight_decay=0.05
2025/03/03 11:37:37 - mmengine - INFO - paramwise_options -- backbone.network.4.14.convffn.conv.conv.weight:lr_mult=0.1
2025/03/03 11:37:37 - mmengine - INFO - paramwise_options -- backbone.network.4.14.convffn.conv.conv.weight:decay_mult=1.0
2025/03/03 11:37:37 - mmengine - INFO - paramwise_options -- backbone.network.4.14.convffn.conv.bn.weight:lr=1e-05
2025/03/03 11:37:37 - mmengine - INFO - paramwise_options -- backbone.network.4.14.convffn.conv.bn.weight:weight_decay=0.05
2025/03/03 11:37:37 - mmengine - INFO - paramwise_options -- backbone.network.4.14.convffn.conv.bn.weight:lr_mult=0.1
2025/03/03 11:37:37 - mmengine - INFO - paramwise_options -- backbone.network.4.14.convffn.conv.bn.weight:decay_mult=1.0
2025/03/03 11:37:37 - mmengine - INFO - paramwise_options -- backbone.network.4.14.convffn.conv.bn.bias:lr=1e-05
2025/03/03 11:37:37 - mmengine - INFO - paramwise_options -- backbone.network.4.14.convffn.conv.bn.bias:weight_decay=0.05
2025/03/03 11:37:37 - mmengine - INFO - paramwise_options -- backbone.network.4.14.convffn.conv.bn.bias:lr_mult=0.1
2025/03/03 11:37:37 - mmengine - INFO - paramwise_options -- backbone.network.4.14.convffn.conv.bn.bias:decay_mult=1.0
2025/03/03 11:37:37 - mmengine - INFO - paramwise_options -- backbone.network.4.14.convffn.fc1.weight:lr=1e-05
2025/03/03 11:37:37 - mmengine - INFO - paramwise_options -- backbone.network.4.14.convffn.fc1.weight:weight_decay=0.05
2025/03/03 11:37:37 - mmengine - INFO - paramwise_options -- backbone.network.4.14.convffn.fc1.weight:lr_mult=0.1
2025/03/03 11:37:37 - mmengine - INFO - paramwise_options -- backbone.network.4.14.convffn.fc1.weight:decay_mult=1.0
2025/03/03 11:37:37 - mmengine - INFO - paramwise_options -- backbone.network.4.14.convffn.fc1.bias:lr=1e-05
2025/03/03 11:37:37 - mmengine - INFO - paramwise_options -- backbone.network.4.14.convffn.fc1.bias:weight_decay=0.05
2025/03/03 11:37:37 - mmengine - INFO - paramwise_options -- backbone.network.4.14.convffn.fc1.bias:lr_mult=0.1
2025/03/03 11:37:37 - mmengine - INFO - paramwise_options -- backbone.network.4.14.convffn.fc1.bias:decay_mult=1.0
2025/03/03 11:37:37 - mmengine - INFO - paramwise_options -- backbone.network.4.14.convffn.fc2.weight:lr=1e-05
2025/03/03 11:37:37 - mmengine - INFO - paramwise_options -- backbone.network.4.14.convffn.fc2.weight:weight_decay=0.05
2025/03/03 11:37:37 - mmengine - INFO - paramwise_options -- backbone.network.4.14.convffn.fc2.weight:lr_mult=0.1
2025/03/03 11:37:37 - mmengine - INFO - paramwise_options -- backbone.network.4.14.convffn.fc2.weight:decay_mult=1.0
2025/03/03 11:37:37 - mmengine - INFO - paramwise_options -- backbone.network.4.14.convffn.fc2.bias:lr=1e-05
2025/03/03 11:37:37 - mmengine - INFO - paramwise_options -- backbone.network.4.14.convffn.fc2.bias:weight_decay=0.05
2025/03/03 11:37:37 - mmengine - INFO - paramwise_options -- backbone.network.4.14.convffn.fc2.bias:lr_mult=0.1
2025/03/03 11:37:37 - mmengine - INFO - paramwise_options -- backbone.network.4.14.convffn.fc2.bias:decay_mult=1.0
2025/03/03 11:37:37 - mmengine - INFO - paramwise_options -- backbone.network.4.15.layer_scale:lr=1e-05
2025/03/03 11:37:37 - mmengine - INFO - paramwise_options -- backbone.network.4.15.layer_scale:weight_decay=0.05
2025/03/03 11:37:37 - mmengine - INFO - paramwise_options -- backbone.network.4.15.layer_scale:lr_mult=0.1
2025/03/03 11:37:37 - mmengine - INFO - paramwise_options -- backbone.network.4.15.layer_scale:decay_mult=1.0
2025/03/03 11:37:37 - mmengine - INFO - paramwise_options -- backbone.network.4.15.token_mixer.layer_scale:lr=1e-05
2025/03/03 11:37:37 - mmengine - INFO - paramwise_options -- backbone.network.4.15.token_mixer.layer_scale:weight_decay=0.05
2025/03/03 11:37:37 - mmengine - INFO - paramwise_options -- backbone.network.4.15.token_mixer.layer_scale:lr_mult=0.1
2025/03/03 11:37:37 - mmengine - INFO - paramwise_options -- backbone.network.4.15.token_mixer.layer_scale:decay_mult=1.0
2025/03/03 11:37:37 - mmengine - INFO - paramwise_options -- backbone.network.4.15.token_mixer.norm.rbr_skip.weight:lr=1e-05
2025/03/03 11:37:37 - mmengine - INFO - paramwise_options -- backbone.network.4.15.token_mixer.norm.rbr_skip.weight:weight_decay=0.05
2025/03/03 11:37:37 - mmengine - INFO - paramwise_options -- backbone.network.4.15.token_mixer.norm.rbr_skip.weight:lr_mult=0.1
2025/03/03 11:37:37 - mmengine - INFO - paramwise_options -- backbone.network.4.15.token_mixer.norm.rbr_skip.weight:decay_mult=1.0
2025/03/03 11:37:37 - mmengine - INFO - paramwise_options -- backbone.network.4.15.token_mixer.norm.rbr_skip.bias:lr=1e-05
2025/03/03 11:37:37 - mmengine - INFO - paramwise_options -- backbone.network.4.15.token_mixer.norm.rbr_skip.bias:weight_decay=0.05
2025/03/03 11:37:37 - mmengine - INFO - paramwise_options -- backbone.network.4.15.token_mixer.norm.rbr_skip.bias:lr_mult=0.1
2025/03/03 11:37:37 - mmengine - INFO - paramwise_options -- backbone.network.4.15.token_mixer.norm.rbr_skip.bias:decay_mult=1.0
2025/03/03 11:37:37 - mmengine - INFO - paramwise_options -- backbone.network.4.15.token_mixer.mixer.rbr_skip.weight:lr=1e-05
2025/03/03 11:37:37 - mmengine - INFO - paramwise_options -- backbone.network.4.15.token_mixer.mixer.rbr_skip.weight:weight_decay=0.05
2025/03/03 11:37:37 - mmengine - INFO - paramwise_options -- backbone.network.4.15.token_mixer.mixer.rbr_skip.weight:lr_mult=0.1
2025/03/03 11:37:37 - mmengine - INFO - paramwise_options -- backbone.network.4.15.token_mixer.mixer.rbr_skip.weight:decay_mult=1.0
2025/03/03 11:37:37 - mmengine - INFO - paramwise_options -- backbone.network.4.15.token_mixer.mixer.rbr_skip.bias:lr=1e-05
2025/03/03 11:37:37 - mmengine - INFO - paramwise_options -- backbone.network.4.15.token_mixer.mixer.rbr_skip.bias:weight_decay=0.05
2025/03/03 11:37:37 - mmengine - INFO - paramwise_options -- backbone.network.4.15.token_mixer.mixer.rbr_skip.bias:lr_mult=0.1
2025/03/03 11:37:37 - mmengine - INFO - paramwise_options -- backbone.network.4.15.token_mixer.mixer.rbr_skip.bias:decay_mult=1.0
2025/03/03 11:37:37 - mmengine - INFO - paramwise_options -- backbone.network.4.15.token_mixer.mixer.rbr_conv.0.conv.weight:lr=1e-05
2025/03/03 11:37:37 - mmengine - INFO - paramwise_options -- backbone.network.4.15.token_mixer.mixer.rbr_conv.0.conv.weight:weight_decay=0.05
2025/03/03 11:37:37 - mmengine - INFO - paramwise_options -- backbone.network.4.15.token_mixer.mixer.rbr_conv.0.conv.weight:lr_mult=0.1
2025/03/03 11:37:37 - mmengine - INFO - paramwise_options -- backbone.network.4.15.token_mixer.mixer.rbr_conv.0.conv.weight:decay_mult=1.0
2025/03/03 11:37:37 - mmengine - INFO - paramwise_options -- backbone.network.4.15.token_mixer.mixer.rbr_conv.0.bn.weight:lr=1e-05
2025/03/03 11:37:37 - mmengine - INFO - paramwise_options -- backbone.network.4.15.token_mixer.mixer.rbr_conv.0.bn.weight:weight_decay=0.05
2025/03/03 11:37:37 - mmengine - INFO - paramwise_options -- backbone.network.4.15.token_mixer.mixer.rbr_conv.0.bn.weight:lr_mult=0.1
2025/03/03 11:37:37 - mmengine - INFO - paramwise_options -- backbone.network.4.15.token_mixer.mixer.rbr_conv.0.bn.weight:decay_mult=1.0
2025/03/03 11:37:37 - mmengine - INFO - paramwise_options -- backbone.network.4.15.token_mixer.mixer.rbr_conv.0.bn.bias:lr=1e-05
2025/03/03 11:37:37 - mmengine - INFO - paramwise_options -- backbone.network.4.15.token_mixer.mixer.rbr_conv.0.bn.bias:weight_decay=0.05
2025/03/03 11:37:37 - mmengine - INFO - paramwise_options -- backbone.network.4.15.token_mixer.mixer.rbr_conv.0.bn.bias:lr_mult=0.1
2025/03/03 11:37:37 - mmengine - INFO - paramwise_options -- backbone.network.4.15.token_mixer.mixer.rbr_conv.0.bn.bias:decay_mult=1.0
2025/03/03 11:37:37 - mmengine - INFO - paramwise_options -- backbone.network.4.15.token_mixer.mixer.rbr_scale.conv.weight:lr=1e-05
2025/03/03 11:37:37 - mmengine - INFO - paramwise_options -- backbone.network.4.15.token_mixer.mixer.rbr_scale.conv.weight:weight_decay=0.05
2025/03/03 11:37:37 - mmengine - INFO - paramwise_options -- backbone.network.4.15.token_mixer.mixer.rbr_scale.conv.weight:lr_mult=0.1
2025/03/03 11:37:37 - mmengine - INFO - paramwise_options -- backbone.network.4.15.token_mixer.mixer.rbr_scale.conv.weight:decay_mult=1.0
2025/03/03 11:37:37 - mmengine - INFO - paramwise_options -- backbone.network.4.15.token_mixer.mixer.rbr_scale.bn.weight:lr=1e-05
2025/03/03 11:37:37 - mmengine - INFO - paramwise_options -- backbone.network.4.15.token_mixer.mixer.rbr_scale.bn.weight:weight_decay=0.05
2025/03/03 11:37:37 - mmengine - INFO - paramwise_options -- backbone.network.4.15.token_mixer.mixer.rbr_scale.bn.weight:lr_mult=0.1
2025/03/03 11:37:37 - mmengine - INFO - paramwise_options -- backbone.network.4.15.token_mixer.mixer.rbr_scale.bn.weight:decay_mult=1.0
2025/03/03 11:37:37 - mmengine - INFO - paramwise_options -- backbone.network.4.15.token_mixer.mixer.rbr_scale.bn.bias:lr=1e-05
2025/03/03 11:37:37 - mmengine - INFO - paramwise_options -- backbone.network.4.15.token_mixer.mixer.rbr_scale.bn.bias:weight_decay=0.05
2025/03/03 11:37:37 - mmengine - INFO - paramwise_options -- backbone.network.4.15.token_mixer.mixer.rbr_scale.bn.bias:lr_mult=0.1
2025/03/03 11:37:37 - mmengine - INFO - paramwise_options -- backbone.network.4.15.token_mixer.mixer.rbr_scale.bn.bias:decay_mult=1.0
2025/03/03 11:37:37 - mmengine - INFO - paramwise_options -- backbone.network.4.15.convffn.conv.conv.weight:lr=1e-05
2025/03/03 11:37:37 - mmengine - INFO - paramwise_options -- backbone.network.4.15.convffn.conv.conv.weight:weight_decay=0.05
2025/03/03 11:37:37 - mmengine - INFO - paramwise_options -- backbone.network.4.15.convffn.conv.conv.weight:lr_mult=0.1
2025/03/03 11:37:37 - mmengine - INFO - paramwise_options -- backbone.network.4.15.convffn.conv.conv.weight:decay_mult=1.0
2025/03/03 11:37:37 - mmengine - INFO - paramwise_options -- backbone.network.4.15.convffn.conv.bn.weight:lr=1e-05
2025/03/03 11:37:37 - mmengine - INFO - paramwise_options -- backbone.network.4.15.convffn.conv.bn.weight:weight_decay=0.05
2025/03/03 11:37:37 - mmengine - INFO - paramwise_options -- backbone.network.4.15.convffn.conv.bn.weight:lr_mult=0.1
2025/03/03 11:37:37 - mmengine - INFO - paramwise_options -- backbone.network.4.15.convffn.conv.bn.weight:decay_mult=1.0
2025/03/03 11:37:37 - mmengine - INFO - paramwise_options -- backbone.network.4.15.convffn.conv.bn.bias:lr=1e-05
2025/03/03 11:37:37 - mmengine - INFO - paramwise_options -- backbone.network.4.15.convffn.conv.bn.bias:weight_decay=0.05
2025/03/03 11:37:37 - mmengine - INFO - paramwise_options -- backbone.network.4.15.convffn.conv.bn.bias:lr_mult=0.1
2025/03/03 11:37:37 - mmengine - INFO - paramwise_options -- backbone.network.4.15.convffn.conv.bn.bias:decay_mult=1.0
2025/03/03 11:37:37 - mmengine - INFO - paramwise_options -- backbone.network.4.15.convffn.fc1.weight:lr=1e-05
2025/03/03 11:37:37 - mmengine - INFO - paramwise_options -- backbone.network.4.15.convffn.fc1.weight:weight_decay=0.05
2025/03/03 11:37:37 - mmengine - INFO - paramwise_options -- backbone.network.4.15.convffn.fc1.weight:lr_mult=0.1
2025/03/03 11:37:37 - mmengine - INFO - paramwise_options -- backbone.network.4.15.convffn.fc1.weight:decay_mult=1.0
2025/03/03 11:37:37 - mmengine - INFO - paramwise_options -- backbone.network.4.15.convffn.fc1.bias:lr=1e-05
2025/03/03 11:37:37 - mmengine - INFO - paramwise_options -- backbone.network.4.15.convffn.fc1.bias:weight_decay=0.05
2025/03/03 11:37:37 - mmengine - INFO - paramwise_options -- backbone.network.4.15.convffn.fc1.bias:lr_mult=0.1
2025/03/03 11:37:37 - mmengine - INFO - paramwise_options -- backbone.network.4.15.convffn.fc1.bias:decay_mult=1.0
2025/03/03 11:37:37 - mmengine - INFO - paramwise_options -- backbone.network.4.15.convffn.fc2.weight:lr=1e-05
2025/03/03 11:37:37 - mmengine - INFO - paramwise_options -- backbone.network.4.15.convffn.fc2.weight:weight_decay=0.05
2025/03/03 11:37:37 - mmengine - INFO - paramwise_options -- backbone.network.4.15.convffn.fc2.weight:lr_mult=0.1
2025/03/03 11:37:37 - mmengine - INFO - paramwise_options -- backbone.network.4.15.convffn.fc2.weight:decay_mult=1.0
2025/03/03 11:37:37 - mmengine - INFO - paramwise_options -- backbone.network.4.15.convffn.fc2.bias:lr=1e-05
2025/03/03 11:37:37 - mmengine - INFO - paramwise_options -- backbone.network.4.15.convffn.fc2.bias:weight_decay=0.05
2025/03/03 11:37:37 - mmengine - INFO - paramwise_options -- backbone.network.4.15.convffn.fc2.bias:lr_mult=0.1
2025/03/03 11:37:37 - mmengine - INFO - paramwise_options -- backbone.network.4.15.convffn.fc2.bias:decay_mult=1.0
2025/03/03 11:37:37 - mmengine - INFO - paramwise_options -- backbone.network.4.16.layer_scale:lr=1e-05
2025/03/03 11:37:37 - mmengine - INFO - paramwise_options -- backbone.network.4.16.layer_scale:weight_decay=0.05
2025/03/03 11:37:37 - mmengine - INFO - paramwise_options -- backbone.network.4.16.layer_scale:lr_mult=0.1
2025/03/03 11:37:37 - mmengine - INFO - paramwise_options -- backbone.network.4.16.layer_scale:decay_mult=1.0
2025/03/03 11:37:37 - mmengine - INFO - paramwise_options -- backbone.network.4.16.token_mixer.layer_scale:lr=1e-05
2025/03/03 11:37:37 - mmengine - INFO - paramwise_options -- backbone.network.4.16.token_mixer.layer_scale:weight_decay=0.05
2025/03/03 11:37:37 - mmengine - INFO - paramwise_options -- backbone.network.4.16.token_mixer.layer_scale:lr_mult=0.1
2025/03/03 11:37:37 - mmengine - INFO - paramwise_options -- backbone.network.4.16.token_mixer.layer_scale:decay_mult=1.0
2025/03/03 11:37:37 - mmengine - INFO - paramwise_options -- backbone.network.4.16.token_mixer.norm.rbr_skip.weight:lr=1e-05
2025/03/03 11:37:37 - mmengine - INFO - paramwise_options -- backbone.network.4.16.token_mixer.norm.rbr_skip.weight:weight_decay=0.05
2025/03/03 11:37:37 - mmengine - INFO - paramwise_options -- backbone.network.4.16.token_mixer.norm.rbr_skip.weight:lr_mult=0.1
2025/03/03 11:37:37 - mmengine - INFO - paramwise_options -- backbone.network.4.16.token_mixer.norm.rbr_skip.weight:decay_mult=1.0
2025/03/03 11:37:37 - mmengine - INFO - paramwise_options -- backbone.network.4.16.token_mixer.norm.rbr_skip.bias:lr=1e-05
2025/03/03 11:37:37 - mmengine - INFO - paramwise_options -- backbone.network.4.16.token_mixer.norm.rbr_skip.bias:weight_decay=0.05
2025/03/03 11:37:37 - mmengine - INFO - paramwise_options -- backbone.network.4.16.token_mixer.norm.rbr_skip.bias:lr_mult=0.1
2025/03/03 11:37:37 - mmengine - INFO - paramwise_options -- backbone.network.4.16.token_mixer.norm.rbr_skip.bias:decay_mult=1.0
2025/03/03 11:37:37 - mmengine - INFO - paramwise_options -- backbone.network.4.16.token_mixer.mixer.rbr_skip.weight:lr=1e-05
2025/03/03 11:37:37 - mmengine - INFO - paramwise_options -- backbone.network.4.16.token_mixer.mixer.rbr_skip.weight:weight_decay=0.05
2025/03/03 11:37:37 - mmengine - INFO - paramwise_options -- backbone.network.4.16.token_mixer.mixer.rbr_skip.weight:lr_mult=0.1
2025/03/03 11:37:37 - mmengine - INFO - paramwise_options -- backbone.network.4.16.token_mixer.mixer.rbr_skip.weight:decay_mult=1.0
2025/03/03 11:37:37 - mmengine - INFO - paramwise_options -- backbone.network.4.16.token_mixer.mixer.rbr_skip.bias:lr=1e-05
2025/03/03 11:37:37 - mmengine - INFO - paramwise_options -- backbone.network.4.16.token_mixer.mixer.rbr_skip.bias:weight_decay=0.05
2025/03/03 11:37:37 - mmengine - INFO - paramwise_options -- backbone.network.4.16.token_mixer.mixer.rbr_skip.bias:lr_mult=0.1
2025/03/03 11:37:37 - mmengine - INFO - paramwise_options -- backbone.network.4.16.token_mixer.mixer.rbr_skip.bias:decay_mult=1.0
2025/03/03 11:37:37 - mmengine - INFO - paramwise_options -- backbone.network.4.16.token_mixer.mixer.rbr_conv.0.conv.weight:lr=1e-05
2025/03/03 11:37:37 - mmengine - INFO - paramwise_options -- backbone.network.4.16.token_mixer.mixer.rbr_conv.0.conv.weight:weight_decay=0.05
2025/03/03 11:37:37 - mmengine - INFO - paramwise_options -- backbone.network.4.16.token_mixer.mixer.rbr_conv.0.conv.weight:lr_mult=0.1
2025/03/03 11:37:37 - mmengine - INFO - paramwise_options -- backbone.network.4.16.token_mixer.mixer.rbr_conv.0.conv.weight:decay_mult=1.0
2025/03/03 11:37:37 - mmengine - INFO - paramwise_options -- backbone.network.4.16.token_mixer.mixer.rbr_conv.0.bn.weight:lr=1e-05
2025/03/03 11:37:37 - mmengine - INFO - paramwise_options -- backbone.network.4.16.token_mixer.mixer.rbr_conv.0.bn.weight:weight_decay=0.05
2025/03/03 11:37:37 - mmengine - INFO - paramwise_options -- backbone.network.4.16.token_mixer.mixer.rbr_conv.0.bn.weight:lr_mult=0.1
2025/03/03 11:37:37 - mmengine - INFO - paramwise_options -- backbone.network.4.16.token_mixer.mixer.rbr_conv.0.bn.weight:decay_mult=1.0
2025/03/03 11:37:37 - mmengine - INFO - paramwise_options -- backbone.network.4.16.token_mixer.mixer.rbr_conv.0.bn.bias:lr=1e-05
2025/03/03 11:37:37 - mmengine - INFO - paramwise_options -- backbone.network.4.16.token_mixer.mixer.rbr_conv.0.bn.bias:weight_decay=0.05
2025/03/03 11:37:37 - mmengine - INFO - paramwise_options -- backbone.network.4.16.token_mixer.mixer.rbr_conv.0.bn.bias:lr_mult=0.1
2025/03/03 11:37:37 - mmengine - INFO - paramwise_options -- backbone.network.4.16.token_mixer.mixer.rbr_conv.0.bn.bias:decay_mult=1.0
2025/03/03 11:37:37 - mmengine - INFO - paramwise_options -- backbone.network.4.16.token_mixer.mixer.rbr_scale.conv.weight:lr=1e-05
2025/03/03 11:37:37 - mmengine - INFO - paramwise_options -- backbone.network.4.16.token_mixer.mixer.rbr_scale.conv.weight:weight_decay=0.05
2025/03/03 11:37:37 - mmengine - INFO - paramwise_options -- backbone.network.4.16.token_mixer.mixer.rbr_scale.conv.weight:lr_mult=0.1
2025/03/03 11:37:37 - mmengine - INFO - paramwise_options -- backbone.network.4.16.token_mixer.mixer.rbr_scale.conv.weight:decay_mult=1.0
2025/03/03 11:37:37 - mmengine - INFO - paramwise_options -- backbone.network.4.16.token_mixer.mixer.rbr_scale.bn.weight:lr=1e-05
2025/03/03 11:37:37 - mmengine - INFO - paramwise_options -- backbone.network.4.16.token_mixer.mixer.rbr_scale.bn.weight:weight_decay=0.05
2025/03/03 11:37:37 - mmengine - INFO - paramwise_options -- backbone.network.4.16.token_mixer.mixer.rbr_scale.bn.weight:lr_mult=0.1
2025/03/03 11:37:37 - mmengine - INFO - paramwise_options -- backbone.network.4.16.token_mixer.mixer.rbr_scale.bn.weight:decay_mult=1.0
2025/03/03 11:37:37 - mmengine - INFO - paramwise_options -- backbone.network.4.16.token_mixer.mixer.rbr_scale.bn.bias:lr=1e-05
2025/03/03 11:37:37 - mmengine - INFO - paramwise_options -- backbone.network.4.16.token_mixer.mixer.rbr_scale.bn.bias:weight_decay=0.05
2025/03/03 11:37:37 - mmengine - INFO - paramwise_options -- backbone.network.4.16.token_mixer.mixer.rbr_scale.bn.bias:lr_mult=0.1
2025/03/03 11:37:37 - mmengine - INFO - paramwise_options -- backbone.network.4.16.token_mixer.mixer.rbr_scale.bn.bias:decay_mult=1.0
2025/03/03 11:37:37 - mmengine - INFO - paramwise_options -- backbone.network.4.16.convffn.conv.conv.weight:lr=1e-05
2025/03/03 11:37:37 - mmengine - INFO - paramwise_options -- backbone.network.4.16.convffn.conv.conv.weight:weight_decay=0.05
2025/03/03 11:37:37 - mmengine - INFO - paramwise_options -- backbone.network.4.16.convffn.conv.conv.weight:lr_mult=0.1
2025/03/03 11:37:37 - mmengine - INFO - paramwise_options -- backbone.network.4.16.convffn.conv.conv.weight:decay_mult=1.0
2025/03/03 11:37:37 - mmengine - INFO - paramwise_options -- backbone.network.4.16.convffn.conv.bn.weight:lr=1e-05
2025/03/03 11:37:37 - mmengine - INFO - paramwise_options -- backbone.network.4.16.convffn.conv.bn.weight:weight_decay=0.05
2025/03/03 11:37:37 - mmengine - INFO - paramwise_options -- backbone.network.4.16.convffn.conv.bn.weight:lr_mult=0.1
2025/03/03 11:37:37 - mmengine - INFO - paramwise_options -- backbone.network.4.16.convffn.conv.bn.weight:decay_mult=1.0
2025/03/03 11:37:37 - mmengine - INFO - paramwise_options -- backbone.network.4.16.convffn.conv.bn.bias:lr=1e-05
2025/03/03 11:37:37 - mmengine - INFO - paramwise_options -- backbone.network.4.16.convffn.conv.bn.bias:weight_decay=0.05
2025/03/03 11:37:37 - mmengine - INFO - paramwise_options -- backbone.network.4.16.convffn.conv.bn.bias:lr_mult=0.1
2025/03/03 11:37:37 - mmengine - INFO - paramwise_options -- backbone.network.4.16.convffn.conv.bn.bias:decay_mult=1.0
2025/03/03 11:37:37 - mmengine - INFO - paramwise_options -- backbone.network.4.16.convffn.fc1.weight:lr=1e-05
2025/03/03 11:37:37 - mmengine - INFO - paramwise_options -- backbone.network.4.16.convffn.fc1.weight:weight_decay=0.05
2025/03/03 11:37:37 - mmengine - INFO - paramwise_options -- backbone.network.4.16.convffn.fc1.weight:lr_mult=0.1
2025/03/03 11:37:37 - mmengine - INFO - paramwise_options -- backbone.network.4.16.convffn.fc1.weight:decay_mult=1.0
2025/03/03 11:37:37 - mmengine - INFO - paramwise_options -- backbone.network.4.16.convffn.fc1.bias:lr=1e-05
2025/03/03 11:37:37 - mmengine - INFO - paramwise_options -- backbone.network.4.16.convffn.fc1.bias:weight_decay=0.05
2025/03/03 11:37:37 - mmengine - INFO - paramwise_options -- backbone.network.4.16.convffn.fc1.bias:lr_mult=0.1
2025/03/03 11:37:37 - mmengine - INFO - paramwise_options -- backbone.network.4.16.convffn.fc1.bias:decay_mult=1.0
2025/03/03 11:37:37 - mmengine - INFO - paramwise_options -- backbone.network.4.16.convffn.fc2.weight:lr=1e-05
2025/03/03 11:37:37 - mmengine - INFO - paramwise_options -- backbone.network.4.16.convffn.fc2.weight:weight_decay=0.05
2025/03/03 11:37:37 - mmengine - INFO - paramwise_options -- backbone.network.4.16.convffn.fc2.weight:lr_mult=0.1
2025/03/03 11:37:37 - mmengine - INFO - paramwise_options -- backbone.network.4.16.convffn.fc2.weight:decay_mult=1.0
2025/03/03 11:37:37 - mmengine - INFO - paramwise_options -- backbone.network.4.16.convffn.fc2.bias:lr=1e-05
2025/03/03 11:37:37 - mmengine - INFO - paramwise_options -- backbone.network.4.16.convffn.fc2.bias:weight_decay=0.05
2025/03/03 11:37:37 - mmengine - INFO - paramwise_options -- backbone.network.4.16.convffn.fc2.bias:lr_mult=0.1
2025/03/03 11:37:37 - mmengine - INFO - paramwise_options -- backbone.network.4.16.convffn.fc2.bias:decay_mult=1.0
2025/03/03 11:37:37 - mmengine - INFO - paramwise_options -- backbone.network.4.17.layer_scale:lr=1e-05
2025/03/03 11:37:37 - mmengine - INFO - paramwise_options -- backbone.network.4.17.layer_scale:weight_decay=0.05
2025/03/03 11:37:37 - mmengine - INFO - paramwise_options -- backbone.network.4.17.layer_scale:lr_mult=0.1
2025/03/03 11:37:37 - mmengine - INFO - paramwise_options -- backbone.network.4.17.layer_scale:decay_mult=1.0
2025/03/03 11:37:37 - mmengine - INFO - paramwise_options -- backbone.network.4.17.token_mixer.layer_scale:lr=1e-05
2025/03/03 11:37:37 - mmengine - INFO - paramwise_options -- backbone.network.4.17.token_mixer.layer_scale:weight_decay=0.05
2025/03/03 11:37:37 - mmengine - INFO - paramwise_options -- backbone.network.4.17.token_mixer.layer_scale:lr_mult=0.1
2025/03/03 11:37:37 - mmengine - INFO - paramwise_options -- backbone.network.4.17.token_mixer.layer_scale:decay_mult=1.0
2025/03/03 11:37:37 - mmengine - INFO - paramwise_options -- backbone.network.4.17.token_mixer.norm.rbr_skip.weight:lr=1e-05
2025/03/03 11:37:37 - mmengine - INFO - paramwise_options -- backbone.network.4.17.token_mixer.norm.rbr_skip.weight:weight_decay=0.05
2025/03/03 11:37:37 - mmengine - INFO - paramwise_options -- backbone.network.4.17.token_mixer.norm.rbr_skip.weight:lr_mult=0.1
2025/03/03 11:37:37 - mmengine - INFO - paramwise_options -- backbone.network.4.17.token_mixer.norm.rbr_skip.weight:decay_mult=1.0
2025/03/03 11:37:37 - mmengine - INFO - paramwise_options -- backbone.network.4.17.token_mixer.norm.rbr_skip.bias:lr=1e-05
2025/03/03 11:37:37 - mmengine - INFO - paramwise_options -- backbone.network.4.17.token_mixer.norm.rbr_skip.bias:weight_decay=0.05
2025/03/03 11:37:37 - mmengine - INFO - paramwise_options -- backbone.network.4.17.token_mixer.norm.rbr_skip.bias:lr_mult=0.1
2025/03/03 11:37:37 - mmengine - INFO - paramwise_options -- backbone.network.4.17.token_mixer.norm.rbr_skip.bias:decay_mult=1.0
2025/03/03 11:37:37 - mmengine - INFO - paramwise_options -- backbone.network.4.17.token_mixer.mixer.rbr_skip.weight:lr=1e-05
2025/03/03 11:37:37 - mmengine - INFO - paramwise_options -- backbone.network.4.17.token_mixer.mixer.rbr_skip.weight:weight_decay=0.05
2025/03/03 11:37:37 - mmengine - INFO - paramwise_options -- backbone.network.4.17.token_mixer.mixer.rbr_skip.weight:lr_mult=0.1
2025/03/03 11:37:37 - mmengine - INFO - paramwise_options -- backbone.network.4.17.token_mixer.mixer.rbr_skip.weight:decay_mult=1.0
2025/03/03 11:37:37 - mmengine - INFO - paramwise_options -- backbone.network.4.17.token_mixer.mixer.rbr_skip.bias:lr=1e-05
2025/03/03 11:37:37 - mmengine - INFO - paramwise_options -- backbone.network.4.17.token_mixer.mixer.rbr_skip.bias:weight_decay=0.05
2025/03/03 11:37:37 - mmengine - INFO - paramwise_options -- backbone.network.4.17.token_mixer.mixer.rbr_skip.bias:lr_mult=0.1
2025/03/03 11:37:37 - mmengine - INFO - paramwise_options -- backbone.network.4.17.token_mixer.mixer.rbr_skip.bias:decay_mult=1.0
2025/03/03 11:37:37 - mmengine - INFO - paramwise_options -- backbone.network.4.17.token_mixer.mixer.rbr_conv.0.conv.weight:lr=1e-05
2025/03/03 11:37:37 - mmengine - INFO - paramwise_options -- backbone.network.4.17.token_mixer.mixer.rbr_conv.0.conv.weight:weight_decay=0.05
2025/03/03 11:37:37 - mmengine - INFO - paramwise_options -- backbone.network.4.17.token_mixer.mixer.rbr_conv.0.conv.weight:lr_mult=0.1
2025/03/03 11:37:37 - mmengine - INFO - paramwise_options -- backbone.network.4.17.token_mixer.mixer.rbr_conv.0.conv.weight:decay_mult=1.0
2025/03/03 11:37:37 - mmengine - INFO - paramwise_options -- backbone.network.4.17.token_mixer.mixer.rbr_conv.0.bn.weight:lr=1e-05
2025/03/03 11:37:37 - mmengine - INFO - paramwise_options -- backbone.network.4.17.token_mixer.mixer.rbr_conv.0.bn.weight:weight_decay=0.05
2025/03/03 11:37:37 - mmengine - INFO - paramwise_options -- backbone.network.4.17.token_mixer.mixer.rbr_conv.0.bn.weight:lr_mult=0.1
2025/03/03 11:37:37 - mmengine - INFO - paramwise_options -- backbone.network.4.17.token_mixer.mixer.rbr_conv.0.bn.weight:decay_mult=1.0
2025/03/03 11:37:37 - mmengine - INFO - paramwise_options -- backbone.network.4.17.token_mixer.mixer.rbr_conv.0.bn.bias:lr=1e-05
2025/03/03 11:37:37 - mmengine - INFO - paramwise_options -- backbone.network.4.17.token_mixer.mixer.rbr_conv.0.bn.bias:weight_decay=0.05
2025/03/03 11:37:37 - mmengine - INFO - paramwise_options -- backbone.network.4.17.token_mixer.mixer.rbr_conv.0.bn.bias:lr_mult=0.1
2025/03/03 11:37:37 - mmengine - INFO - paramwise_options -- backbone.network.4.17.token_mixer.mixer.rbr_conv.0.bn.bias:decay_mult=1.0
2025/03/03 11:37:37 - mmengine - INFO - paramwise_options -- backbone.network.4.17.token_mixer.mixer.rbr_scale.conv.weight:lr=1e-05
2025/03/03 11:37:37 - mmengine - INFO - paramwise_options -- backbone.network.4.17.token_mixer.mixer.rbr_scale.conv.weight:weight_decay=0.05
2025/03/03 11:37:37 - mmengine - INFO - paramwise_options -- backbone.network.4.17.token_mixer.mixer.rbr_scale.conv.weight:lr_mult=0.1
2025/03/03 11:37:37 - mmengine - INFO - paramwise_options -- backbone.network.4.17.token_mixer.mixer.rbr_scale.conv.weight:decay_mult=1.0
2025/03/03 11:37:37 - mmengine - INFO - paramwise_options -- backbone.network.4.17.token_mixer.mixer.rbr_scale.bn.weight:lr=1e-05
2025/03/03 11:37:37 - mmengine - INFO - paramwise_options -- backbone.network.4.17.token_mixer.mixer.rbr_scale.bn.weight:weight_decay=0.05
2025/03/03 11:37:37 - mmengine - INFO - paramwise_options -- backbone.network.4.17.token_mixer.mixer.rbr_scale.bn.weight:lr_mult=0.1
2025/03/03 11:37:37 - mmengine - INFO - paramwise_options -- backbone.network.4.17.token_mixer.mixer.rbr_scale.bn.weight:decay_mult=1.0
2025/03/03 11:37:37 - mmengine - INFO - paramwise_options -- backbone.network.4.17.token_mixer.mixer.rbr_scale.bn.bias:lr=1e-05
2025/03/03 11:37:37 - mmengine - INFO - paramwise_options -- backbone.network.4.17.token_mixer.mixer.rbr_scale.bn.bias:weight_decay=0.05
2025/03/03 11:37:37 - mmengine - INFO - paramwise_options -- backbone.network.4.17.token_mixer.mixer.rbr_scale.bn.bias:lr_mult=0.1
2025/03/03 11:37:37 - mmengine - INFO - paramwise_options -- backbone.network.4.17.token_mixer.mixer.rbr_scale.bn.bias:decay_mult=1.0
2025/03/03 11:37:37 - mmengine - INFO - paramwise_options -- backbone.network.4.17.convffn.conv.conv.weight:lr=1e-05
2025/03/03 11:37:37 - mmengine - INFO - paramwise_options -- backbone.network.4.17.convffn.conv.conv.weight:weight_decay=0.05
2025/03/03 11:37:37 - mmengine - INFO - paramwise_options -- backbone.network.4.17.convffn.conv.conv.weight:lr_mult=0.1
2025/03/03 11:37:37 - mmengine - INFO - paramwise_options -- backbone.network.4.17.convffn.conv.conv.weight:decay_mult=1.0
2025/03/03 11:37:37 - mmengine - INFO - paramwise_options -- backbone.network.4.17.convffn.conv.bn.weight:lr=1e-05
2025/03/03 11:37:37 - mmengine - INFO - paramwise_options -- backbone.network.4.17.convffn.conv.bn.weight:weight_decay=0.05
2025/03/03 11:37:37 - mmengine - INFO - paramwise_options -- backbone.network.4.17.convffn.conv.bn.weight:lr_mult=0.1
2025/03/03 11:37:37 - mmengine - INFO - paramwise_options -- backbone.network.4.17.convffn.conv.bn.weight:decay_mult=1.0
2025/03/03 11:37:37 - mmengine - INFO - paramwise_options -- backbone.network.4.17.convffn.conv.bn.bias:lr=1e-05
2025/03/03 11:37:37 - mmengine - INFO - paramwise_options -- backbone.network.4.17.convffn.conv.bn.bias:weight_decay=0.05
2025/03/03 11:37:37 - mmengine - INFO - paramwise_options -- backbone.network.4.17.convffn.conv.bn.bias:lr_mult=0.1
2025/03/03 11:37:37 - mmengine - INFO - paramwise_options -- backbone.network.4.17.convffn.conv.bn.bias:decay_mult=1.0
2025/03/03 11:37:37 - mmengine - INFO - paramwise_options -- backbone.network.4.17.convffn.fc1.weight:lr=1e-05
2025/03/03 11:37:37 - mmengine - INFO - paramwise_options -- backbone.network.4.17.convffn.fc1.weight:weight_decay=0.05
2025/03/03 11:37:37 - mmengine - INFO - paramwise_options -- backbone.network.4.17.convffn.fc1.weight:lr_mult=0.1
2025/03/03 11:37:37 - mmengine - INFO - paramwise_options -- backbone.network.4.17.convffn.fc1.weight:decay_mult=1.0
2025/03/03 11:37:37 - mmengine - INFO - paramwise_options -- backbone.network.4.17.convffn.fc1.bias:lr=1e-05
2025/03/03 11:37:37 - mmengine - INFO - paramwise_options -- backbone.network.4.17.convffn.fc1.bias:weight_decay=0.05
2025/03/03 11:37:37 - mmengine - INFO - paramwise_options -- backbone.network.4.17.convffn.fc1.bias:lr_mult=0.1
2025/03/03 11:37:37 - mmengine - INFO - paramwise_options -- backbone.network.4.17.convffn.fc1.bias:decay_mult=1.0
2025/03/03 11:37:37 - mmengine - INFO - paramwise_options -- backbone.network.4.17.convffn.fc2.weight:lr=1e-05
2025/03/03 11:37:37 - mmengine - INFO - paramwise_options -- backbone.network.4.17.convffn.fc2.weight:weight_decay=0.05
2025/03/03 11:37:37 - mmengine - INFO - paramwise_options -- backbone.network.4.17.convffn.fc2.weight:lr_mult=0.1
2025/03/03 11:37:37 - mmengine - INFO - paramwise_options -- backbone.network.4.17.convffn.fc2.weight:decay_mult=1.0
2025/03/03 11:37:37 - mmengine - INFO - paramwise_options -- backbone.network.4.17.convffn.fc2.bias:lr=1e-05
2025/03/03 11:37:37 - mmengine - INFO - paramwise_options -- backbone.network.4.17.convffn.fc2.bias:weight_decay=0.05
2025/03/03 11:37:37 - mmengine - INFO - paramwise_options -- backbone.network.4.17.convffn.fc2.bias:lr_mult=0.1
2025/03/03 11:37:37 - mmengine - INFO - paramwise_options -- backbone.network.4.17.convffn.fc2.bias:decay_mult=1.0
2025/03/03 11:37:37 - mmengine - INFO - paramwise_options -- backbone.network.5.proj.0.lkb_origin.conv.weight:lr=1e-05
2025/03/03 11:37:37 - mmengine - INFO - paramwise_options -- backbone.network.5.proj.0.lkb_origin.conv.weight:weight_decay=0.05
2025/03/03 11:37:37 - mmengine - INFO - paramwise_options -- backbone.network.5.proj.0.lkb_origin.conv.weight:lr_mult=0.1
2025/03/03 11:37:37 - mmengine - INFO - paramwise_options -- backbone.network.5.proj.0.lkb_origin.conv.weight:decay_mult=1.0
2025/03/03 11:37:37 - mmengine - INFO - paramwise_options -- backbone.network.5.proj.0.lkb_origin.bn.weight:lr=1e-05
2025/03/03 11:37:37 - mmengine - INFO - paramwise_options -- backbone.network.5.proj.0.lkb_origin.bn.weight:weight_decay=0.05
2025/03/03 11:37:37 - mmengine - INFO - paramwise_options -- backbone.network.5.proj.0.lkb_origin.bn.weight:lr_mult=0.1
2025/03/03 11:37:37 - mmengine - INFO - paramwise_options -- backbone.network.5.proj.0.lkb_origin.bn.weight:decay_mult=1.0
2025/03/03 11:37:37 - mmengine - INFO - paramwise_options -- backbone.network.5.proj.0.lkb_origin.bn.bias:lr=1e-05
2025/03/03 11:37:37 - mmengine - INFO - paramwise_options -- backbone.network.5.proj.0.lkb_origin.bn.bias:weight_decay=0.05
2025/03/03 11:37:37 - mmengine - INFO - paramwise_options -- backbone.network.5.proj.0.lkb_origin.bn.bias:lr_mult=0.1
2025/03/03 11:37:37 - mmengine - INFO - paramwise_options -- backbone.network.5.proj.0.lkb_origin.bn.bias:decay_mult=1.0
2025/03/03 11:37:37 - mmengine - INFO - paramwise_options -- backbone.network.5.proj.0.small_conv.conv.weight:lr=1e-05
2025/03/03 11:37:37 - mmengine - INFO - paramwise_options -- backbone.network.5.proj.0.small_conv.conv.weight:weight_decay=0.05
2025/03/03 11:37:37 - mmengine - INFO - paramwise_options -- backbone.network.5.proj.0.small_conv.conv.weight:lr_mult=0.1
2025/03/03 11:37:37 - mmengine - INFO - paramwise_options -- backbone.network.5.proj.0.small_conv.conv.weight:decay_mult=1.0
2025/03/03 11:37:37 - mmengine - INFO - paramwise_options -- backbone.network.5.proj.0.small_conv.bn.weight:lr=1e-05
2025/03/03 11:37:37 - mmengine - INFO - paramwise_options -- backbone.network.5.proj.0.small_conv.bn.weight:weight_decay=0.05
2025/03/03 11:37:37 - mmengine - INFO - paramwise_options -- backbone.network.5.proj.0.small_conv.bn.weight:lr_mult=0.1
2025/03/03 11:37:37 - mmengine - INFO - paramwise_options -- backbone.network.5.proj.0.small_conv.bn.weight:decay_mult=1.0
2025/03/03 11:37:37 - mmengine - INFO - paramwise_options -- backbone.network.5.proj.0.small_conv.bn.bias:lr=1e-05
2025/03/03 11:37:37 - mmengine - INFO - paramwise_options -- backbone.network.5.proj.0.small_conv.bn.bias:weight_decay=0.05
2025/03/03 11:37:37 - mmengine - INFO - paramwise_options -- backbone.network.5.proj.0.small_conv.bn.bias:lr_mult=0.1
2025/03/03 11:37:37 - mmengine - INFO - paramwise_options -- backbone.network.5.proj.0.small_conv.bn.bias:decay_mult=1.0
2025/03/03 11:37:37 - mmengine - INFO - paramwise_options -- backbone.network.5.proj.1.rbr_skip.weight:lr=1e-05
2025/03/03 11:37:37 - mmengine - INFO - paramwise_options -- backbone.network.5.proj.1.rbr_skip.weight:weight_decay=0.05
2025/03/03 11:37:37 - mmengine - INFO - paramwise_options -- backbone.network.5.proj.1.rbr_skip.weight:lr_mult=0.1
2025/03/03 11:37:37 - mmengine - INFO - paramwise_options -- backbone.network.5.proj.1.rbr_skip.weight:decay_mult=1.0
2025/03/03 11:37:37 - mmengine - INFO - paramwise_options -- backbone.network.5.proj.1.rbr_skip.bias:lr=1e-05
2025/03/03 11:37:37 - mmengine - INFO - paramwise_options -- backbone.network.5.proj.1.rbr_skip.bias:weight_decay=0.05
2025/03/03 11:37:37 - mmengine - INFO - paramwise_options -- backbone.network.5.proj.1.rbr_skip.bias:lr_mult=0.1
2025/03/03 11:37:37 - mmengine - INFO - paramwise_options -- backbone.network.5.proj.1.rbr_skip.bias:decay_mult=1.0
2025/03/03 11:37:37 - mmengine - INFO - paramwise_options -- backbone.network.5.proj.1.rbr_conv.0.conv.weight:lr=1e-05
2025/03/03 11:37:37 - mmengine - INFO - paramwise_options -- backbone.network.5.proj.1.rbr_conv.0.conv.weight:weight_decay=0.05
2025/03/03 11:37:37 - mmengine - INFO - paramwise_options -- backbone.network.5.proj.1.rbr_conv.0.conv.weight:lr_mult=0.1
2025/03/03 11:37:37 - mmengine - INFO - paramwise_options -- backbone.network.5.proj.1.rbr_conv.0.conv.weight:decay_mult=1.0
2025/03/03 11:37:37 - mmengine - INFO - paramwise_options -- backbone.network.5.proj.1.rbr_conv.0.bn.weight:lr=1e-05
2025/03/03 11:37:37 - mmengine - INFO - paramwise_options -- backbone.network.5.proj.1.rbr_conv.0.bn.weight:weight_decay=0.05
2025/03/03 11:37:37 - mmengine - INFO - paramwise_options -- backbone.network.5.proj.1.rbr_conv.0.bn.weight:lr_mult=0.1
2025/03/03 11:37:37 - mmengine - INFO - paramwise_options -- backbone.network.5.proj.1.rbr_conv.0.bn.weight:decay_mult=1.0
2025/03/03 11:37:37 - mmengine - INFO - paramwise_options -- backbone.network.5.proj.1.rbr_conv.0.bn.bias:lr=1e-05
2025/03/03 11:37:37 - mmengine - INFO - paramwise_options -- backbone.network.5.proj.1.rbr_conv.0.bn.bias:weight_decay=0.05
2025/03/03 11:37:37 - mmengine - INFO - paramwise_options -- backbone.network.5.proj.1.rbr_conv.0.bn.bias:lr_mult=0.1
2025/03/03 11:37:37 - mmengine - INFO - paramwise_options -- backbone.network.5.proj.1.rbr_conv.0.bn.bias:decay_mult=1.0
2025/03/03 11:37:37 - mmengine - INFO - paramwise_options -- backbone.network.6.pe.weight:lr=1e-05
2025/03/03 11:37:37 - mmengine - INFO - paramwise_options -- backbone.network.6.pe.weight:weight_decay=0.05
2025/03/03 11:37:37 - mmengine - INFO - paramwise_options -- backbone.network.6.pe.weight:lr_mult=0.1
2025/03/03 11:37:37 - mmengine - INFO - paramwise_options -- backbone.network.6.pe.weight:decay_mult=1.0
2025/03/03 11:37:37 - mmengine - INFO - paramwise_options -- backbone.network.6.pe.bias:lr=1e-05
2025/03/03 11:37:37 - mmengine - INFO - paramwise_options -- backbone.network.6.pe.bias:weight_decay=0.05
2025/03/03 11:37:37 - mmengine - INFO - paramwise_options -- backbone.network.6.pe.bias:lr_mult=0.1
2025/03/03 11:37:37 - mmengine - INFO - paramwise_options -- backbone.network.6.pe.bias:decay_mult=1.0
2025/03/03 11:37:37 - mmengine - INFO - paramwise_options -- backbone.network.7.0.layer_scale_1:lr=1e-05
2025/03/03 11:37:37 - mmengine - INFO - paramwise_options -- backbone.network.7.0.layer_scale_1:weight_decay=0.05
2025/03/03 11:37:37 - mmengine - INFO - paramwise_options -- backbone.network.7.0.layer_scale_1:lr_mult=0.1
2025/03/03 11:37:37 - mmengine - INFO - paramwise_options -- backbone.network.7.0.layer_scale_1:decay_mult=1.0
2025/03/03 11:37:37 - mmengine - INFO - paramwise_options -- backbone.network.7.0.layer_scale_2:lr=1e-05
2025/03/03 11:37:37 - mmengine - INFO - paramwise_options -- backbone.network.7.0.layer_scale_2:weight_decay=0.05
2025/03/03 11:37:37 - mmengine - INFO - paramwise_options -- backbone.network.7.0.layer_scale_2:lr_mult=0.1
2025/03/03 11:37:37 - mmengine - INFO - paramwise_options -- backbone.network.7.0.layer_scale_2:decay_mult=1.0
2025/03/03 11:37:37 - mmengine - INFO - paramwise_options -- backbone.network.7.0.norm.weight:lr=1e-05
2025/03/03 11:37:37 - mmengine - INFO - paramwise_options -- backbone.network.7.0.norm.weight:weight_decay=0.05
2025/03/03 11:37:37 - mmengine - INFO - paramwise_options -- backbone.network.7.0.norm.weight:lr_mult=0.1
2025/03/03 11:37:37 - mmengine - INFO - paramwise_options -- backbone.network.7.0.norm.weight:decay_mult=1.0
2025/03/03 11:37:37 - mmengine - INFO - paramwise_options -- backbone.network.7.0.norm.bias:lr=1e-05
2025/03/03 11:37:37 - mmengine - INFO - paramwise_options -- backbone.network.7.0.norm.bias:weight_decay=0.05
2025/03/03 11:37:37 - mmengine - INFO - paramwise_options -- backbone.network.7.0.norm.bias:lr_mult=0.1
2025/03/03 11:37:37 - mmengine - INFO - paramwise_options -- backbone.network.7.0.norm.bias:decay_mult=1.0
2025/03/03 11:37:37 - mmengine - INFO - paramwise_options -- backbone.network.7.0.token_mixer.qkv.weight:lr=1e-05
2025/03/03 11:37:37 - mmengine - INFO - paramwise_options -- backbone.network.7.0.token_mixer.qkv.weight:weight_decay=0.05
2025/03/03 11:37:37 - mmengine - INFO - paramwise_options -- backbone.network.7.0.token_mixer.qkv.weight:lr_mult=0.1
2025/03/03 11:37:37 - mmengine - INFO - paramwise_options -- backbone.network.7.0.token_mixer.qkv.weight:decay_mult=1.0
2025/03/03 11:37:37 - mmengine - INFO - paramwise_options -- backbone.network.7.0.token_mixer.proj.weight:lr=1e-05
2025/03/03 11:37:37 - mmengine - INFO - paramwise_options -- backbone.network.7.0.token_mixer.proj.weight:weight_decay=0.05
2025/03/03 11:37:37 - mmengine - INFO - paramwise_options -- backbone.network.7.0.token_mixer.proj.weight:lr_mult=0.1
2025/03/03 11:37:37 - mmengine - INFO - paramwise_options -- backbone.network.7.0.token_mixer.proj.weight:decay_mult=1.0
2025/03/03 11:37:37 - mmengine - INFO - paramwise_options -- backbone.network.7.0.token_mixer.proj.bias:lr=1e-05
2025/03/03 11:37:37 - mmengine - INFO - paramwise_options -- backbone.network.7.0.token_mixer.proj.bias:weight_decay=0.05
2025/03/03 11:37:37 - mmengine - INFO - paramwise_options -- backbone.network.7.0.token_mixer.proj.bias:lr_mult=0.1
2025/03/03 11:37:37 - mmengine - INFO - paramwise_options -- backbone.network.7.0.token_mixer.proj.bias:decay_mult=1.0
2025/03/03 11:37:37 - mmengine - INFO - paramwise_options -- backbone.network.7.0.convffn.conv.conv.weight:lr=1e-05
2025/03/03 11:37:37 - mmengine - INFO - paramwise_options -- backbone.network.7.0.convffn.conv.conv.weight:weight_decay=0.05
2025/03/03 11:37:37 - mmengine - INFO - paramwise_options -- backbone.network.7.0.convffn.conv.conv.weight:lr_mult=0.1
2025/03/03 11:37:37 - mmengine - INFO - paramwise_options -- backbone.network.7.0.convffn.conv.conv.weight:decay_mult=1.0
2025/03/03 11:37:37 - mmengine - INFO - paramwise_options -- backbone.network.7.0.convffn.conv.bn.weight:lr=1e-05
2025/03/03 11:37:37 - mmengine - INFO - paramwise_options -- backbone.network.7.0.convffn.conv.bn.weight:weight_decay=0.05
2025/03/03 11:37:37 - mmengine - INFO - paramwise_options -- backbone.network.7.0.convffn.conv.bn.weight:lr_mult=0.1
2025/03/03 11:37:37 - mmengine - INFO - paramwise_options -- backbone.network.7.0.convffn.conv.bn.weight:decay_mult=1.0
2025/03/03 11:37:37 - mmengine - INFO - paramwise_options -- backbone.network.7.0.convffn.conv.bn.bias:lr=1e-05
2025/03/03 11:37:37 - mmengine - INFO - paramwise_options -- backbone.network.7.0.convffn.conv.bn.bias:weight_decay=0.05
2025/03/03 11:37:37 - mmengine - INFO - paramwise_options -- backbone.network.7.0.convffn.conv.bn.bias:lr_mult=0.1
2025/03/03 11:37:38 - mmengine - INFO - paramwise_options -- backbone.network.7.0.convffn.conv.bn.bias:decay_mult=1.0
2025/03/03 11:37:38 - mmengine - INFO - paramwise_options -- backbone.network.7.0.convffn.fc1.weight:lr=1e-05
2025/03/03 11:37:38 - mmengine - INFO - paramwise_options -- backbone.network.7.0.convffn.fc1.weight:weight_decay=0.05
2025/03/03 11:37:38 - mmengine - INFO - paramwise_options -- backbone.network.7.0.convffn.fc1.weight:lr_mult=0.1
2025/03/03 11:37:38 - mmengine - INFO - paramwise_options -- backbone.network.7.0.convffn.fc1.weight:decay_mult=1.0
2025/03/03 11:37:38 - mmengine - INFO - paramwise_options -- backbone.network.7.0.convffn.fc1.bias:lr=1e-05
2025/03/03 11:37:38 - mmengine - INFO - paramwise_options -- backbone.network.7.0.convffn.fc1.bias:weight_decay=0.05
2025/03/03 11:37:38 - mmengine - INFO - paramwise_options -- backbone.network.7.0.convffn.fc1.bias:lr_mult=0.1
2025/03/03 11:37:38 - mmengine - INFO - paramwise_options -- backbone.network.7.0.convffn.fc1.bias:decay_mult=1.0
2025/03/03 11:37:38 - mmengine - INFO - paramwise_options -- backbone.network.7.0.convffn.fc2.weight:lr=1e-05
2025/03/03 11:37:38 - mmengine - INFO - paramwise_options -- backbone.network.7.0.convffn.fc2.weight:weight_decay=0.05
2025/03/03 11:37:38 - mmengine - INFO - paramwise_options -- backbone.network.7.0.convffn.fc2.weight:lr_mult=0.1
2025/03/03 11:37:38 - mmengine - INFO - paramwise_options -- backbone.network.7.0.convffn.fc2.weight:decay_mult=1.0
2025/03/03 11:37:38 - mmengine - INFO - paramwise_options -- backbone.network.7.0.convffn.fc2.bias:lr=1e-05
2025/03/03 11:37:38 - mmengine - INFO - paramwise_options -- backbone.network.7.0.convffn.fc2.bias:weight_decay=0.05
2025/03/03 11:37:38 - mmengine - INFO - paramwise_options -- backbone.network.7.0.convffn.fc2.bias:lr_mult=0.1
2025/03/03 11:37:38 - mmengine - INFO - paramwise_options -- backbone.network.7.0.convffn.fc2.bias:decay_mult=1.0
2025/03/03 11:37:38 - mmengine - INFO - paramwise_options -- backbone.network.7.1.layer_scale_1:lr=1e-05
2025/03/03 11:37:38 - mmengine - INFO - paramwise_options -- backbone.network.7.1.layer_scale_1:weight_decay=0.05
2025/03/03 11:37:38 - mmengine - INFO - paramwise_options -- backbone.network.7.1.layer_scale_1:lr_mult=0.1
2025/03/03 11:37:38 - mmengine - INFO - paramwise_options -- backbone.network.7.1.layer_scale_1:decay_mult=1.0
2025/03/03 11:37:38 - mmengine - INFO - paramwise_options -- backbone.network.7.1.layer_scale_2:lr=1e-05
2025/03/03 11:37:38 - mmengine - INFO - paramwise_options -- backbone.network.7.1.layer_scale_2:weight_decay=0.05
2025/03/03 11:37:38 - mmengine - INFO - paramwise_options -- backbone.network.7.1.layer_scale_2:lr_mult=0.1
2025/03/03 11:37:38 - mmengine - INFO - paramwise_options -- backbone.network.7.1.layer_scale_2:decay_mult=1.0
2025/03/03 11:37:38 - mmengine - INFO - paramwise_options -- backbone.network.7.1.norm.weight:lr=1e-05
2025/03/03 11:37:38 - mmengine - INFO - paramwise_options -- backbone.network.7.1.norm.weight:weight_decay=0.05
2025/03/03 11:37:38 - mmengine - INFO - paramwise_options -- backbone.network.7.1.norm.weight:lr_mult=0.1
2025/03/03 11:37:38 - mmengine - INFO - paramwise_options -- backbone.network.7.1.norm.weight:decay_mult=1.0
2025/03/03 11:37:38 - mmengine - INFO - paramwise_options -- backbone.network.7.1.norm.bias:lr=1e-05
2025/03/03 11:37:38 - mmengine - INFO - paramwise_options -- backbone.network.7.1.norm.bias:weight_decay=0.05
2025/03/03 11:37:38 - mmengine - INFO - paramwise_options -- backbone.network.7.1.norm.bias:lr_mult=0.1
2025/03/03 11:37:38 - mmengine - INFO - paramwise_options -- backbone.network.7.1.norm.bias:decay_mult=1.0
2025/03/03 11:37:38 - mmengine - INFO - paramwise_options -- backbone.network.7.1.token_mixer.qkv.weight:lr=1e-05
2025/03/03 11:37:38 - mmengine - INFO - paramwise_options -- backbone.network.7.1.token_mixer.qkv.weight:weight_decay=0.05
2025/03/03 11:37:38 - mmengine - INFO - paramwise_options -- backbone.network.7.1.token_mixer.qkv.weight:lr_mult=0.1
2025/03/03 11:37:38 - mmengine - INFO - paramwise_options -- backbone.network.7.1.token_mixer.qkv.weight:decay_mult=1.0
2025/03/03 11:37:38 - mmengine - INFO - paramwise_options -- backbone.network.7.1.token_mixer.proj.weight:lr=1e-05
2025/03/03 11:37:38 - mmengine - INFO - paramwise_options -- backbone.network.7.1.token_mixer.proj.weight:weight_decay=0.05
2025/03/03 11:37:38 - mmengine - INFO - paramwise_options -- backbone.network.7.1.token_mixer.proj.weight:lr_mult=0.1
2025/03/03 11:37:38 - mmengine - INFO - paramwise_options -- backbone.network.7.1.token_mixer.proj.weight:decay_mult=1.0
2025/03/03 11:37:38 - mmengine - INFO - paramwise_options -- backbone.network.7.1.token_mixer.proj.bias:lr=1e-05
2025/03/03 11:37:38 - mmengine - INFO - paramwise_options -- backbone.network.7.1.token_mixer.proj.bias:weight_decay=0.05
2025/03/03 11:37:38 - mmengine - INFO - paramwise_options -- backbone.network.7.1.token_mixer.proj.bias:lr_mult=0.1
2025/03/03 11:37:38 - mmengine - INFO - paramwise_options -- backbone.network.7.1.token_mixer.proj.bias:decay_mult=1.0
2025/03/03 11:37:38 - mmengine - INFO - paramwise_options -- backbone.network.7.1.convffn.conv.conv.weight:lr=1e-05
2025/03/03 11:37:38 - mmengine - INFO - paramwise_options -- backbone.network.7.1.convffn.conv.conv.weight:weight_decay=0.05
2025/03/03 11:37:38 - mmengine - INFO - paramwise_options -- backbone.network.7.1.convffn.conv.conv.weight:lr_mult=0.1
2025/03/03 11:37:38 - mmengine - INFO - paramwise_options -- backbone.network.7.1.convffn.conv.conv.weight:decay_mult=1.0
2025/03/03 11:37:38 - mmengine - INFO - paramwise_options -- backbone.network.7.1.convffn.conv.bn.weight:lr=1e-05
2025/03/03 11:37:38 - mmengine - INFO - paramwise_options -- backbone.network.7.1.convffn.conv.bn.weight:weight_decay=0.05
2025/03/03 11:37:38 - mmengine - INFO - paramwise_options -- backbone.network.7.1.convffn.conv.bn.weight:lr_mult=0.1
2025/03/03 11:37:38 - mmengine - INFO - paramwise_options -- backbone.network.7.1.convffn.conv.bn.weight:decay_mult=1.0
2025/03/03 11:37:38 - mmengine - INFO - paramwise_options -- backbone.network.7.1.convffn.conv.bn.bias:lr=1e-05
2025/03/03 11:37:38 - mmengine - INFO - paramwise_options -- backbone.network.7.1.convffn.conv.bn.bias:weight_decay=0.05
2025/03/03 11:37:38 - mmengine - INFO - paramwise_options -- backbone.network.7.1.convffn.conv.bn.bias:lr_mult=0.1
2025/03/03 11:37:38 - mmengine - INFO - paramwise_options -- backbone.network.7.1.convffn.conv.bn.bias:decay_mult=1.0
2025/03/03 11:37:38 - mmengine - INFO - paramwise_options -- backbone.network.7.1.convffn.fc1.weight:lr=1e-05
2025/03/03 11:37:38 - mmengine - INFO - paramwise_options -- backbone.network.7.1.convffn.fc1.weight:weight_decay=0.05
2025/03/03 11:37:38 - mmengine - INFO - paramwise_options -- backbone.network.7.1.convffn.fc1.weight:lr_mult=0.1
2025/03/03 11:37:38 - mmengine - INFO - paramwise_options -- backbone.network.7.1.convffn.fc1.weight:decay_mult=1.0
2025/03/03 11:37:38 - mmengine - INFO - paramwise_options -- backbone.network.7.1.convffn.fc1.bias:lr=1e-05
2025/03/03 11:37:38 - mmengine - INFO - paramwise_options -- backbone.network.7.1.convffn.fc1.bias:weight_decay=0.05
2025/03/03 11:37:38 - mmengine - INFO - paramwise_options -- backbone.network.7.1.convffn.fc1.bias:lr_mult=0.1
2025/03/03 11:37:38 - mmengine - INFO - paramwise_options -- backbone.network.7.1.convffn.fc1.bias:decay_mult=1.0
2025/03/03 11:37:38 - mmengine - INFO - paramwise_options -- backbone.network.7.1.convffn.fc2.weight:lr=1e-05
2025/03/03 11:37:38 - mmengine - INFO - paramwise_options -- backbone.network.7.1.convffn.fc2.weight:weight_decay=0.05
2025/03/03 11:37:38 - mmengine - INFO - paramwise_options -- backbone.network.7.1.convffn.fc2.weight:lr_mult=0.1
2025/03/03 11:37:38 - mmengine - INFO - paramwise_options -- backbone.network.7.1.convffn.fc2.weight:decay_mult=1.0
2025/03/03 11:37:38 - mmengine - INFO - paramwise_options -- backbone.network.7.1.convffn.fc2.bias:lr=1e-05
2025/03/03 11:37:38 - mmengine - INFO - paramwise_options -- backbone.network.7.1.convffn.fc2.bias:weight_decay=0.05
2025/03/03 11:37:38 - mmengine - INFO - paramwise_options -- backbone.network.7.1.convffn.fc2.bias:lr_mult=0.1
2025/03/03 11:37:38 - mmengine - INFO - paramwise_options -- backbone.network.7.1.convffn.fc2.bias:decay_mult=1.0
2025/03/03 11:37:38 - mmengine - INFO - paramwise_options -- backbone.network.7.2.layer_scale_1:lr=1e-05
2025/03/03 11:37:38 - mmengine - INFO - paramwise_options -- backbone.network.7.2.layer_scale_1:weight_decay=0.05
2025/03/03 11:37:38 - mmengine - INFO - paramwise_options -- backbone.network.7.2.layer_scale_1:lr_mult=0.1
2025/03/03 11:37:38 - mmengine - INFO - paramwise_options -- backbone.network.7.2.layer_scale_1:decay_mult=1.0
2025/03/03 11:37:38 - mmengine - INFO - paramwise_options -- backbone.network.7.2.layer_scale_2:lr=1e-05
2025/03/03 11:37:38 - mmengine - INFO - paramwise_options -- backbone.network.7.2.layer_scale_2:weight_decay=0.05
2025/03/03 11:37:38 - mmengine - INFO - paramwise_options -- backbone.network.7.2.layer_scale_2:lr_mult=0.1
2025/03/03 11:37:38 - mmengine - INFO - paramwise_options -- backbone.network.7.2.layer_scale_2:decay_mult=1.0
2025/03/03 11:37:38 - mmengine - INFO - paramwise_options -- backbone.network.7.2.norm.weight:lr=1e-05
2025/03/03 11:37:38 - mmengine - INFO - paramwise_options -- backbone.network.7.2.norm.weight:weight_decay=0.05
2025/03/03 11:37:38 - mmengine - INFO - paramwise_options -- backbone.network.7.2.norm.weight:lr_mult=0.1
2025/03/03 11:37:38 - mmengine - INFO - paramwise_options -- backbone.network.7.2.norm.weight:decay_mult=1.0
2025/03/03 11:37:38 - mmengine - INFO - paramwise_options -- backbone.network.7.2.norm.bias:lr=1e-05
2025/03/03 11:37:38 - mmengine - INFO - paramwise_options -- backbone.network.7.2.norm.bias:weight_decay=0.05
2025/03/03 11:37:38 - mmengine - INFO - paramwise_options -- backbone.network.7.2.norm.bias:lr_mult=0.1
2025/03/03 11:37:38 - mmengine - INFO - paramwise_options -- backbone.network.7.2.norm.bias:decay_mult=1.0
2025/03/03 11:37:38 - mmengine - INFO - paramwise_options -- backbone.network.7.2.token_mixer.qkv.weight:lr=1e-05
2025/03/03 11:37:38 - mmengine - INFO - paramwise_options -- backbone.network.7.2.token_mixer.qkv.weight:weight_decay=0.05
2025/03/03 11:37:38 - mmengine - INFO - paramwise_options -- backbone.network.7.2.token_mixer.qkv.weight:lr_mult=0.1
2025/03/03 11:37:38 - mmengine - INFO - paramwise_options -- backbone.network.7.2.token_mixer.qkv.weight:decay_mult=1.0
2025/03/03 11:37:38 - mmengine - INFO - paramwise_options -- backbone.network.7.2.token_mixer.proj.weight:lr=1e-05
2025/03/03 11:37:38 - mmengine - INFO - paramwise_options -- backbone.network.7.2.token_mixer.proj.weight:weight_decay=0.05
2025/03/03 11:37:38 - mmengine - INFO - paramwise_options -- backbone.network.7.2.token_mixer.proj.weight:lr_mult=0.1
2025/03/03 11:37:38 - mmengine - INFO - paramwise_options -- backbone.network.7.2.token_mixer.proj.weight:decay_mult=1.0
2025/03/03 11:37:38 - mmengine - INFO - paramwise_options -- backbone.network.7.2.token_mixer.proj.bias:lr=1e-05
2025/03/03 11:37:38 - mmengine - INFO - paramwise_options -- backbone.network.7.2.token_mixer.proj.bias:weight_decay=0.05
2025/03/03 11:37:38 - mmengine - INFO - paramwise_options -- backbone.network.7.2.token_mixer.proj.bias:lr_mult=0.1
2025/03/03 11:37:38 - mmengine - INFO - paramwise_options -- backbone.network.7.2.token_mixer.proj.bias:decay_mult=1.0
2025/03/03 11:37:38 - mmengine - INFO - paramwise_options -- backbone.network.7.2.convffn.conv.conv.weight:lr=1e-05
2025/03/03 11:37:38 - mmengine - INFO - paramwise_options -- backbone.network.7.2.convffn.conv.conv.weight:weight_decay=0.05
2025/03/03 11:37:38 - mmengine - INFO - paramwise_options -- backbone.network.7.2.convffn.conv.conv.weight:lr_mult=0.1
2025/03/03 11:37:38 - mmengine - INFO - paramwise_options -- backbone.network.7.2.convffn.conv.conv.weight:decay_mult=1.0
2025/03/03 11:37:38 - mmengine - INFO - paramwise_options -- backbone.network.7.2.convffn.conv.bn.weight:lr=1e-05
2025/03/03 11:37:38 - mmengine - INFO - paramwise_options -- backbone.network.7.2.convffn.conv.bn.weight:weight_decay=0.05
2025/03/03 11:37:38 - mmengine - INFO - paramwise_options -- backbone.network.7.2.convffn.conv.bn.weight:lr_mult=0.1
2025/03/03 11:37:38 - mmengine - INFO - paramwise_options -- backbone.network.7.2.convffn.conv.bn.weight:decay_mult=1.0
2025/03/03 11:37:38 - mmengine - INFO - paramwise_options -- backbone.network.7.2.convffn.conv.bn.bias:lr=1e-05
2025/03/03 11:37:38 - mmengine - INFO - paramwise_options -- backbone.network.7.2.convffn.conv.bn.bias:weight_decay=0.05
2025/03/03 11:37:38 - mmengine - INFO - paramwise_options -- backbone.network.7.2.convffn.conv.bn.bias:lr_mult=0.1
2025/03/03 11:37:38 - mmengine - INFO - paramwise_options -- backbone.network.7.2.convffn.conv.bn.bias:decay_mult=1.0
2025/03/03 11:37:38 - mmengine - INFO - paramwise_options -- backbone.network.7.2.convffn.fc1.weight:lr=1e-05
2025/03/03 11:37:38 - mmengine - INFO - paramwise_options -- backbone.network.7.2.convffn.fc1.weight:weight_decay=0.05
2025/03/03 11:37:38 - mmengine - INFO - paramwise_options -- backbone.network.7.2.convffn.fc1.weight:lr_mult=0.1
2025/03/03 11:37:38 - mmengine - INFO - paramwise_options -- backbone.network.7.2.convffn.fc1.weight:decay_mult=1.0
2025/03/03 11:37:38 - mmengine - INFO - paramwise_options -- backbone.network.7.2.convffn.fc1.bias:lr=1e-05
2025/03/03 11:37:38 - mmengine - INFO - paramwise_options -- backbone.network.7.2.convffn.fc1.bias:weight_decay=0.05
2025/03/03 11:37:38 - mmengine - INFO - paramwise_options -- backbone.network.7.2.convffn.fc1.bias:lr_mult=0.1
2025/03/03 11:37:38 - mmengine - INFO - paramwise_options -- backbone.network.7.2.convffn.fc1.bias:decay_mult=1.0
2025/03/03 11:37:38 - mmengine - INFO - paramwise_options -- backbone.network.7.2.convffn.fc2.weight:lr=1e-05
2025/03/03 11:37:38 - mmengine - INFO - paramwise_options -- backbone.network.7.2.convffn.fc2.weight:weight_decay=0.05
2025/03/03 11:37:38 - mmengine - INFO - paramwise_options -- backbone.network.7.2.convffn.fc2.weight:lr_mult=0.1
2025/03/03 11:37:38 - mmengine - INFO - paramwise_options -- backbone.network.7.2.convffn.fc2.weight:decay_mult=1.0
2025/03/03 11:37:38 - mmengine - INFO - paramwise_options -- backbone.network.7.2.convffn.fc2.bias:lr=1e-05
2025/03/03 11:37:38 - mmengine - INFO - paramwise_options -- backbone.network.7.2.convffn.fc2.bias:weight_decay=0.05
2025/03/03 11:37:38 - mmengine - INFO - paramwise_options -- backbone.network.7.2.convffn.fc2.bias:lr_mult=0.1
2025/03/03 11:37:38 - mmengine - INFO - paramwise_options -- backbone.network.7.2.convffn.fc2.bias:decay_mult=1.0
2025/03/03 11:37:38 - mmengine - INFO - paramwise_options -- backbone.network.7.3.layer_scale_1:lr=1e-05
2025/03/03 11:37:38 - mmengine - INFO - paramwise_options -- backbone.network.7.3.layer_scale_1:weight_decay=0.05
2025/03/03 11:37:38 - mmengine - INFO - paramwise_options -- backbone.network.7.3.layer_scale_1:lr_mult=0.1
2025/03/03 11:37:38 - mmengine - INFO - paramwise_options -- backbone.network.7.3.layer_scale_1:decay_mult=1.0
2025/03/03 11:37:38 - mmengine - INFO - paramwise_options -- backbone.network.7.3.layer_scale_2:lr=1e-05
2025/03/03 11:37:38 - mmengine - INFO - paramwise_options -- backbone.network.7.3.layer_scale_2:weight_decay=0.05
2025/03/03 11:37:38 - mmengine - INFO - paramwise_options -- backbone.network.7.3.layer_scale_2:lr_mult=0.1
2025/03/03 11:37:38 - mmengine - INFO - paramwise_options -- backbone.network.7.3.layer_scale_2:decay_mult=1.0
2025/03/03 11:37:38 - mmengine - INFO - paramwise_options -- backbone.network.7.3.norm.weight:lr=1e-05
2025/03/03 11:37:38 - mmengine - INFO - paramwise_options -- backbone.network.7.3.norm.weight:weight_decay=0.05
2025/03/03 11:37:38 - mmengine - INFO - paramwise_options -- backbone.network.7.3.norm.weight:lr_mult=0.1
2025/03/03 11:37:38 - mmengine - INFO - paramwise_options -- backbone.network.7.3.norm.weight:decay_mult=1.0
2025/03/03 11:37:38 - mmengine - INFO - paramwise_options -- backbone.network.7.3.norm.bias:lr=1e-05
2025/03/03 11:37:38 - mmengine - INFO - paramwise_options -- backbone.network.7.3.norm.bias:weight_decay=0.05
2025/03/03 11:37:38 - mmengine - INFO - paramwise_options -- backbone.network.7.3.norm.bias:lr_mult=0.1
2025/03/03 11:37:38 - mmengine - INFO - paramwise_options -- backbone.network.7.3.norm.bias:decay_mult=1.0
2025/03/03 11:37:38 - mmengine - INFO - paramwise_options -- backbone.network.7.3.token_mixer.qkv.weight:lr=1e-05
2025/03/03 11:37:38 - mmengine - INFO - paramwise_options -- backbone.network.7.3.token_mixer.qkv.weight:weight_decay=0.05
2025/03/03 11:37:38 - mmengine - INFO - paramwise_options -- backbone.network.7.3.token_mixer.qkv.weight:lr_mult=0.1
2025/03/03 11:37:38 - mmengine - INFO - paramwise_options -- backbone.network.7.3.token_mixer.qkv.weight:decay_mult=1.0
2025/03/03 11:37:38 - mmengine - INFO - paramwise_options -- backbone.network.7.3.token_mixer.proj.weight:lr=1e-05
2025/03/03 11:37:38 - mmengine - INFO - paramwise_options -- backbone.network.7.3.token_mixer.proj.weight:weight_decay=0.05
2025/03/03 11:37:38 - mmengine - INFO - paramwise_options -- backbone.network.7.3.token_mixer.proj.weight:lr_mult=0.1
2025/03/03 11:37:38 - mmengine - INFO - paramwise_options -- backbone.network.7.3.token_mixer.proj.weight:decay_mult=1.0
2025/03/03 11:37:38 - mmengine - INFO - paramwise_options -- backbone.network.7.3.token_mixer.proj.bias:lr=1e-05
2025/03/03 11:37:38 - mmengine - INFO - paramwise_options -- backbone.network.7.3.token_mixer.proj.bias:weight_decay=0.05
2025/03/03 11:37:38 - mmengine - INFO - paramwise_options -- backbone.network.7.3.token_mixer.proj.bias:lr_mult=0.1
2025/03/03 11:37:38 - mmengine - INFO - paramwise_options -- backbone.network.7.3.token_mixer.proj.bias:decay_mult=1.0
2025/03/03 11:37:38 - mmengine - INFO - paramwise_options -- backbone.network.7.3.convffn.conv.conv.weight:lr=1e-05
2025/03/03 11:37:38 - mmengine - INFO - paramwise_options -- backbone.network.7.3.convffn.conv.conv.weight:weight_decay=0.05
2025/03/03 11:37:38 - mmengine - INFO - paramwise_options -- backbone.network.7.3.convffn.conv.conv.weight:lr_mult=0.1
2025/03/03 11:37:38 - mmengine - INFO - paramwise_options -- backbone.network.7.3.convffn.conv.conv.weight:decay_mult=1.0
2025/03/03 11:37:38 - mmengine - INFO - paramwise_options -- backbone.network.7.3.convffn.conv.bn.weight:lr=1e-05
2025/03/03 11:37:38 - mmengine - INFO - paramwise_options -- backbone.network.7.3.convffn.conv.bn.weight:weight_decay=0.05
2025/03/03 11:37:38 - mmengine - INFO - paramwise_options -- backbone.network.7.3.convffn.conv.bn.weight:lr_mult=0.1
2025/03/03 11:37:38 - mmengine - INFO - paramwise_options -- backbone.network.7.3.convffn.conv.bn.weight:decay_mult=1.0
2025/03/03 11:37:38 - mmengine - INFO - paramwise_options -- backbone.network.7.3.convffn.conv.bn.bias:lr=1e-05
2025/03/03 11:37:38 - mmengine - INFO - paramwise_options -- backbone.network.7.3.convffn.conv.bn.bias:weight_decay=0.05
2025/03/03 11:37:38 - mmengine - INFO - paramwise_options -- backbone.network.7.3.convffn.conv.bn.bias:lr_mult=0.1
2025/03/03 11:37:38 - mmengine - INFO - paramwise_options -- backbone.network.7.3.convffn.conv.bn.bias:decay_mult=1.0
2025/03/03 11:37:38 - mmengine - INFO - paramwise_options -- backbone.network.7.3.convffn.fc1.weight:lr=1e-05
2025/03/03 11:37:38 - mmengine - INFO - paramwise_options -- backbone.network.7.3.convffn.fc1.weight:weight_decay=0.05
2025/03/03 11:37:38 - mmengine - INFO - paramwise_options -- backbone.network.7.3.convffn.fc1.weight:lr_mult=0.1
2025/03/03 11:37:38 - mmengine - INFO - paramwise_options -- backbone.network.7.3.convffn.fc1.weight:decay_mult=1.0
2025/03/03 11:37:38 - mmengine - INFO - paramwise_options -- backbone.network.7.3.convffn.fc1.bias:lr=1e-05
2025/03/03 11:37:38 - mmengine - INFO - paramwise_options -- backbone.network.7.3.convffn.fc1.bias:weight_decay=0.05
2025/03/03 11:37:38 - mmengine - INFO - paramwise_options -- backbone.network.7.3.convffn.fc1.bias:lr_mult=0.1
2025/03/03 11:37:38 - mmengine - INFO - paramwise_options -- backbone.network.7.3.convffn.fc1.bias:decay_mult=1.0
2025/03/03 11:37:38 - mmengine - INFO - paramwise_options -- backbone.network.7.3.convffn.fc2.weight:lr=1e-05
2025/03/03 11:37:38 - mmengine - INFO - paramwise_options -- backbone.network.7.3.convffn.fc2.weight:weight_decay=0.05
2025/03/03 11:37:38 - mmengine - INFO - paramwise_options -- backbone.network.7.3.convffn.fc2.weight:lr_mult=0.1
2025/03/03 11:37:38 - mmengine - INFO - paramwise_options -- backbone.network.7.3.convffn.fc2.weight:decay_mult=1.0
2025/03/03 11:37:38 - mmengine - INFO - paramwise_options -- backbone.network.7.3.convffn.fc2.bias:lr=1e-05
2025/03/03 11:37:38 - mmengine - INFO - paramwise_options -- backbone.network.7.3.convffn.fc2.bias:weight_decay=0.05
2025/03/03 11:37:38 - mmengine - INFO - paramwise_options -- backbone.network.7.3.convffn.fc2.bias:lr_mult=0.1
2025/03/03 11:37:38 - mmengine - INFO - paramwise_options -- backbone.network.7.3.convffn.fc2.bias:decay_mult=1.0
2025/03/03 11:37:38 - mmengine - INFO - paramwise_options -- backbone.network.7.4.layer_scale_1:lr=1e-05
2025/03/03 11:37:38 - mmengine - INFO - paramwise_options -- backbone.network.7.4.layer_scale_1:weight_decay=0.05
2025/03/03 11:37:38 - mmengine - INFO - paramwise_options -- backbone.network.7.4.layer_scale_1:lr_mult=0.1
2025/03/03 11:37:38 - mmengine - INFO - paramwise_options -- backbone.network.7.4.layer_scale_1:decay_mult=1.0
2025/03/03 11:37:38 - mmengine - INFO - paramwise_options -- backbone.network.7.4.layer_scale_2:lr=1e-05
2025/03/03 11:37:38 - mmengine - INFO - paramwise_options -- backbone.network.7.4.layer_scale_2:weight_decay=0.05
2025/03/03 11:37:38 - mmengine - INFO - paramwise_options -- backbone.network.7.4.layer_scale_2:lr_mult=0.1
2025/03/03 11:37:38 - mmengine - INFO - paramwise_options -- backbone.network.7.4.layer_scale_2:decay_mult=1.0
2025/03/03 11:37:38 - mmengine - INFO - paramwise_options -- backbone.network.7.4.norm.weight:lr=1e-05
2025/03/03 11:37:38 - mmengine - INFO - paramwise_options -- backbone.network.7.4.norm.weight:weight_decay=0.05
2025/03/03 11:37:38 - mmengine - INFO - paramwise_options -- backbone.network.7.4.norm.weight:lr_mult=0.1
2025/03/03 11:37:38 - mmengine - INFO - paramwise_options -- backbone.network.7.4.norm.weight:decay_mult=1.0
2025/03/03 11:37:38 - mmengine - INFO - paramwise_options -- backbone.network.7.4.norm.bias:lr=1e-05
2025/03/03 11:37:38 - mmengine - INFO - paramwise_options -- backbone.network.7.4.norm.bias:weight_decay=0.05
2025/03/03 11:37:38 - mmengine - INFO - paramwise_options -- backbone.network.7.4.norm.bias:lr_mult=0.1
2025/03/03 11:37:38 - mmengine - INFO - paramwise_options -- backbone.network.7.4.norm.bias:decay_mult=1.0
2025/03/03 11:37:38 - mmengine - INFO - paramwise_options -- backbone.network.7.4.token_mixer.qkv.weight:lr=1e-05
2025/03/03 11:37:38 - mmengine - INFO - paramwise_options -- backbone.network.7.4.token_mixer.qkv.weight:weight_decay=0.05
2025/03/03 11:37:38 - mmengine - INFO - paramwise_options -- backbone.network.7.4.token_mixer.qkv.weight:lr_mult=0.1
2025/03/03 11:37:38 - mmengine - INFO - paramwise_options -- backbone.network.7.4.token_mixer.qkv.weight:decay_mult=1.0
2025/03/03 11:37:38 - mmengine - INFO - paramwise_options -- backbone.network.7.4.token_mixer.proj.weight:lr=1e-05
2025/03/03 11:37:38 - mmengine - INFO - paramwise_options -- backbone.network.7.4.token_mixer.proj.weight:weight_decay=0.05
2025/03/03 11:37:38 - mmengine - INFO - paramwise_options -- backbone.network.7.4.token_mixer.proj.weight:lr_mult=0.1
2025/03/03 11:37:38 - mmengine - INFO - paramwise_options -- backbone.network.7.4.token_mixer.proj.weight:decay_mult=1.0
2025/03/03 11:37:38 - mmengine - INFO - paramwise_options -- backbone.network.7.4.token_mixer.proj.bias:lr=1e-05
2025/03/03 11:37:38 - mmengine - INFO - paramwise_options -- backbone.network.7.4.token_mixer.proj.bias:weight_decay=0.05
2025/03/03 11:37:38 - mmengine - INFO - paramwise_options -- backbone.network.7.4.token_mixer.proj.bias:lr_mult=0.1
2025/03/03 11:37:38 - mmengine - INFO - paramwise_options -- backbone.network.7.4.token_mixer.proj.bias:decay_mult=1.0
2025/03/03 11:37:38 - mmengine - INFO - paramwise_options -- backbone.network.7.4.convffn.conv.conv.weight:lr=1e-05
2025/03/03 11:37:38 - mmengine - INFO - paramwise_options -- backbone.network.7.4.convffn.conv.conv.weight:weight_decay=0.05
2025/03/03 11:37:38 - mmengine - INFO - paramwise_options -- backbone.network.7.4.convffn.conv.conv.weight:lr_mult=0.1
2025/03/03 11:37:38 - mmengine - INFO - paramwise_options -- backbone.network.7.4.convffn.conv.conv.weight:decay_mult=1.0
2025/03/03 11:37:38 - mmengine - INFO - paramwise_options -- backbone.network.7.4.convffn.conv.bn.weight:lr=1e-05
2025/03/03 11:37:38 - mmengine - INFO - paramwise_options -- backbone.network.7.4.convffn.conv.bn.weight:weight_decay=0.05
2025/03/03 11:37:38 - mmengine - INFO - paramwise_options -- backbone.network.7.4.convffn.conv.bn.weight:lr_mult=0.1
2025/03/03 11:37:38 - mmengine - INFO - paramwise_options -- backbone.network.7.4.convffn.conv.bn.weight:decay_mult=1.0
2025/03/03 11:37:38 - mmengine - INFO - paramwise_options -- backbone.network.7.4.convffn.conv.bn.bias:lr=1e-05
2025/03/03 11:37:38 - mmengine - INFO - paramwise_options -- backbone.network.7.4.convffn.conv.bn.bias:weight_decay=0.05
2025/03/03 11:37:38 - mmengine - INFO - paramwise_options -- backbone.network.7.4.convffn.conv.bn.bias:lr_mult=0.1
2025/03/03 11:37:38 - mmengine - INFO - paramwise_options -- backbone.network.7.4.convffn.conv.bn.bias:decay_mult=1.0
2025/03/03 11:37:38 - mmengine - INFO - paramwise_options -- backbone.network.7.4.convffn.fc1.weight:lr=1e-05
2025/03/03 11:37:38 - mmengine - INFO - paramwise_options -- backbone.network.7.4.convffn.fc1.weight:weight_decay=0.05
2025/03/03 11:37:38 - mmengine - INFO - paramwise_options -- backbone.network.7.4.convffn.fc1.weight:lr_mult=0.1
2025/03/03 11:37:38 - mmengine - INFO - paramwise_options -- backbone.network.7.4.convffn.fc1.weight:decay_mult=1.0
2025/03/03 11:37:38 - mmengine - INFO - paramwise_options -- backbone.network.7.4.convffn.fc1.bias:lr=1e-05
2025/03/03 11:37:38 - mmengine - INFO - paramwise_options -- backbone.network.7.4.convffn.fc1.bias:weight_decay=0.05
2025/03/03 11:37:38 - mmengine - INFO - paramwise_options -- backbone.network.7.4.convffn.fc1.bias:lr_mult=0.1
2025/03/03 11:37:38 - mmengine - INFO - paramwise_options -- backbone.network.7.4.convffn.fc1.bias:decay_mult=1.0
2025/03/03 11:37:38 - mmengine - INFO - paramwise_options -- backbone.network.7.4.convffn.fc2.weight:lr=1e-05
2025/03/03 11:37:38 - mmengine - INFO - paramwise_options -- backbone.network.7.4.convffn.fc2.weight:weight_decay=0.05
2025/03/03 11:37:38 - mmengine - INFO - paramwise_options -- backbone.network.7.4.convffn.fc2.weight:lr_mult=0.1
2025/03/03 11:37:38 - mmengine - INFO - paramwise_options -- backbone.network.7.4.convffn.fc2.weight:decay_mult=1.0
2025/03/03 11:37:38 - mmengine - INFO - paramwise_options -- backbone.network.7.4.convffn.fc2.bias:lr=1e-05
2025/03/03 11:37:38 - mmengine - INFO - paramwise_options -- backbone.network.7.4.convffn.fc2.bias:weight_decay=0.05
2025/03/03 11:37:38 - mmengine - INFO - paramwise_options -- backbone.network.7.4.convffn.fc2.bias:lr_mult=0.1
2025/03/03 11:37:38 - mmengine - INFO - paramwise_options -- backbone.network.7.4.convffn.fc2.bias:decay_mult=1.0
2025/03/03 11:37:38 - mmengine - INFO - paramwise_options -- backbone.network.7.5.layer_scale_1:lr=1e-05
2025/03/03 11:37:38 - mmengine - INFO - paramwise_options -- backbone.network.7.5.layer_scale_1:weight_decay=0.05
2025/03/03 11:37:38 - mmengine - INFO - paramwise_options -- backbone.network.7.5.layer_scale_1:lr_mult=0.1
2025/03/03 11:37:38 - mmengine - INFO - paramwise_options -- backbone.network.7.5.layer_scale_1:decay_mult=1.0
2025/03/03 11:37:38 - mmengine - INFO - paramwise_options -- backbone.network.7.5.layer_scale_2:lr=1e-05
2025/03/03 11:37:38 - mmengine - INFO - paramwise_options -- backbone.network.7.5.layer_scale_2:weight_decay=0.05
2025/03/03 11:37:38 - mmengine - INFO - paramwise_options -- backbone.network.7.5.layer_scale_2:lr_mult=0.1
2025/03/03 11:37:38 - mmengine - INFO - paramwise_options -- backbone.network.7.5.layer_scale_2:decay_mult=1.0
2025/03/03 11:37:38 - mmengine - INFO - paramwise_options -- backbone.network.7.5.norm.weight:lr=1e-05
2025/03/03 11:37:38 - mmengine - INFO - paramwise_options -- backbone.network.7.5.norm.weight:weight_decay=0.05
2025/03/03 11:37:38 - mmengine - INFO - paramwise_options -- backbone.network.7.5.norm.weight:lr_mult=0.1
2025/03/03 11:37:38 - mmengine - INFO - paramwise_options -- backbone.network.7.5.norm.weight:decay_mult=1.0
2025/03/03 11:37:38 - mmengine - INFO - paramwise_options -- backbone.network.7.5.norm.bias:lr=1e-05
2025/03/03 11:37:38 - mmengine - INFO - paramwise_options -- backbone.network.7.5.norm.bias:weight_decay=0.05
2025/03/03 11:37:38 - mmengine - INFO - paramwise_options -- backbone.network.7.5.norm.bias:lr_mult=0.1
2025/03/03 11:37:38 - mmengine - INFO - paramwise_options -- backbone.network.7.5.norm.bias:decay_mult=1.0
2025/03/03 11:37:38 - mmengine - INFO - paramwise_options -- backbone.network.7.5.token_mixer.qkv.weight:lr=1e-05
2025/03/03 11:37:38 - mmengine - INFO - paramwise_options -- backbone.network.7.5.token_mixer.qkv.weight:weight_decay=0.05
2025/03/03 11:37:38 - mmengine - INFO - paramwise_options -- backbone.network.7.5.token_mixer.qkv.weight:lr_mult=0.1
2025/03/03 11:37:38 - mmengine - INFO - paramwise_options -- backbone.network.7.5.token_mixer.qkv.weight:decay_mult=1.0
2025/03/03 11:37:38 - mmengine - INFO - paramwise_options -- backbone.network.7.5.token_mixer.proj.weight:lr=1e-05
2025/03/03 11:37:38 - mmengine - INFO - paramwise_options -- backbone.network.7.5.token_mixer.proj.weight:weight_decay=0.05
2025/03/03 11:37:38 - mmengine - INFO - paramwise_options -- backbone.network.7.5.token_mixer.proj.weight:lr_mult=0.1
2025/03/03 11:37:38 - mmengine - INFO - paramwise_options -- backbone.network.7.5.token_mixer.proj.weight:decay_mult=1.0
2025/03/03 11:37:38 - mmengine - INFO - paramwise_options -- backbone.network.7.5.token_mixer.proj.bias:lr=1e-05
2025/03/03 11:37:38 - mmengine - INFO - paramwise_options -- backbone.network.7.5.token_mixer.proj.bias:weight_decay=0.05
2025/03/03 11:37:38 - mmengine - INFO - paramwise_options -- backbone.network.7.5.token_mixer.proj.bias:lr_mult=0.1
2025/03/03 11:37:38 - mmengine - INFO - paramwise_options -- backbone.network.7.5.token_mixer.proj.bias:decay_mult=1.0
2025/03/03 11:37:38 - mmengine - INFO - paramwise_options -- backbone.network.7.5.convffn.conv.conv.weight:lr=1e-05
2025/03/03 11:37:38 - mmengine - INFO - paramwise_options -- backbone.network.7.5.convffn.conv.conv.weight:weight_decay=0.05
2025/03/03 11:37:38 - mmengine - INFO - paramwise_options -- backbone.network.7.5.convffn.conv.conv.weight:lr_mult=0.1
2025/03/03 11:37:38 - mmengine - INFO - paramwise_options -- backbone.network.7.5.convffn.conv.conv.weight:decay_mult=1.0
2025/03/03 11:37:38 - mmengine - INFO - paramwise_options -- backbone.network.7.5.convffn.conv.bn.weight:lr=1e-05
2025/03/03 11:37:38 - mmengine - INFO - paramwise_options -- backbone.network.7.5.convffn.conv.bn.weight:weight_decay=0.05
2025/03/03 11:37:38 - mmengine - INFO - paramwise_options -- backbone.network.7.5.convffn.conv.bn.weight:lr_mult=0.1
2025/03/03 11:37:38 - mmengine - INFO - paramwise_options -- backbone.network.7.5.convffn.conv.bn.weight:decay_mult=1.0
2025/03/03 11:37:38 - mmengine - INFO - paramwise_options -- backbone.network.7.5.convffn.conv.bn.bias:lr=1e-05
2025/03/03 11:37:38 - mmengine - INFO - paramwise_options -- backbone.network.7.5.convffn.conv.bn.bias:weight_decay=0.05
2025/03/03 11:37:38 - mmengine - INFO - paramwise_options -- backbone.network.7.5.convffn.conv.bn.bias:lr_mult=0.1
2025/03/03 11:37:38 - mmengine - INFO - paramwise_options -- backbone.network.7.5.convffn.conv.bn.bias:decay_mult=1.0
2025/03/03 11:37:38 - mmengine - INFO - paramwise_options -- backbone.network.7.5.convffn.fc1.weight:lr=1e-05
2025/03/03 11:37:38 - mmengine - INFO - paramwise_options -- backbone.network.7.5.convffn.fc1.weight:weight_decay=0.05
2025/03/03 11:37:38 - mmengine - INFO - paramwise_options -- backbone.network.7.5.convffn.fc1.weight:lr_mult=0.1
2025/03/03 11:37:38 - mmengine - INFO - paramwise_options -- backbone.network.7.5.convffn.fc1.weight:decay_mult=1.0
2025/03/03 11:37:38 - mmengine - INFO - paramwise_options -- backbone.network.7.5.convffn.fc1.bias:lr=1e-05
2025/03/03 11:37:38 - mmengine - INFO - paramwise_options -- backbone.network.7.5.convffn.fc1.bias:weight_decay=0.05
2025/03/03 11:37:38 - mmengine - INFO - paramwise_options -- backbone.network.7.5.convffn.fc1.bias:lr_mult=0.1
2025/03/03 11:37:38 - mmengine - INFO - paramwise_options -- backbone.network.7.5.convffn.fc1.bias:decay_mult=1.0
2025/03/03 11:37:38 - mmengine - INFO - paramwise_options -- backbone.network.7.5.convffn.fc2.weight:lr=1e-05
2025/03/03 11:37:38 - mmengine - INFO - paramwise_options -- backbone.network.7.5.convffn.fc2.weight:weight_decay=0.05
2025/03/03 11:37:38 - mmengine - INFO - paramwise_options -- backbone.network.7.5.convffn.fc2.weight:lr_mult=0.1
2025/03/03 11:37:38 - mmengine - INFO - paramwise_options -- backbone.network.7.5.convffn.fc2.weight:decay_mult=1.0
2025/03/03 11:37:38 - mmengine - INFO - paramwise_options -- backbone.network.7.5.convffn.fc2.bias:lr=1e-05
2025/03/03 11:37:38 - mmengine - INFO - paramwise_options -- backbone.network.7.5.convffn.fc2.bias:weight_decay=0.05
2025/03/03 11:37:38 - mmengine - INFO - paramwise_options -- backbone.network.7.5.convffn.fc2.bias:lr_mult=0.1
2025/03/03 11:37:38 - mmengine - INFO - paramwise_options -- backbone.network.7.5.convffn.fc2.bias:decay_mult=1.0
2025/03/03 11:37:38 - mmengine - INFO - paramwise_options -- backbone.norm0.weight:lr=1e-05
2025/03/03 11:37:38 - mmengine - INFO - paramwise_options -- backbone.norm0.weight:weight_decay=0.0
2025/03/03 11:37:38 - mmengine - INFO - paramwise_options -- backbone.norm0.weight:lr_mult=0.1
2025/03/03 11:37:38 - mmengine - INFO - paramwise_options -- backbone.norm0.weight:decay_mult=0.0
2025/03/03 11:37:38 - mmengine - INFO - paramwise_options -- backbone.norm0.bias:lr=1e-05
2025/03/03 11:37:38 - mmengine - INFO - paramwise_options -- backbone.norm0.bias:weight_decay=0.0
2025/03/03 11:37:38 - mmengine - INFO - paramwise_options -- backbone.norm0.bias:lr_mult=0.1
2025/03/03 11:37:38 - mmengine - INFO - paramwise_options -- backbone.norm0.bias:decay_mult=0.0
2025/03/03 11:37:38 - mmengine - INFO - paramwise_options -- backbone.norm2.weight:lr=1e-05
2025/03/03 11:37:38 - mmengine - INFO - paramwise_options -- backbone.norm2.weight:weight_decay=0.0
2025/03/03 11:37:38 - mmengine - INFO - paramwise_options -- backbone.norm2.weight:lr_mult=0.1
2025/03/03 11:37:38 - mmengine - INFO - paramwise_options -- backbone.norm2.weight:decay_mult=0.0
2025/03/03 11:37:38 - mmengine - INFO - paramwise_options -- backbone.norm2.bias:lr=1e-05
2025/03/03 11:37:38 - mmengine - INFO - paramwise_options -- backbone.norm2.bias:weight_decay=0.0
2025/03/03 11:37:38 - mmengine - INFO - paramwise_options -- backbone.norm2.bias:lr_mult=0.1
2025/03/03 11:37:38 - mmengine - INFO - paramwise_options -- backbone.norm2.bias:decay_mult=0.0
2025/03/03 11:37:38 - mmengine - INFO - paramwise_options -- backbone.norm4.weight:lr=1e-05
2025/03/03 11:37:38 - mmengine - INFO - paramwise_options -- backbone.norm4.weight:weight_decay=0.0
2025/03/03 11:37:38 - mmengine - INFO - paramwise_options -- backbone.norm4.weight:lr_mult=0.1
2025/03/03 11:37:38 - mmengine - INFO - paramwise_options -- backbone.norm4.weight:decay_mult=0.0
2025/03/03 11:37:38 - mmengine - INFO - paramwise_options -- backbone.norm4.bias:lr=1e-05
2025/03/03 11:37:38 - mmengine - INFO - paramwise_options -- backbone.norm4.bias:weight_decay=0.0
2025/03/03 11:37:38 - mmengine - INFO - paramwise_options -- backbone.norm4.bias:lr_mult=0.1
2025/03/03 11:37:38 - mmengine - INFO - paramwise_options -- backbone.norm4.bias:decay_mult=0.0
2025/03/03 11:37:38 - mmengine - INFO - paramwise_options -- backbone.norm6.weight:lr=1e-05
2025/03/03 11:37:38 - mmengine - INFO - paramwise_options -- backbone.norm6.weight:weight_decay=0.0
2025/03/03 11:37:38 - mmengine - INFO - paramwise_options -- backbone.norm6.weight:lr_mult=0.1
2025/03/03 11:37:38 - mmengine - INFO - paramwise_options -- backbone.norm6.weight:decay_mult=0.0
2025/03/03 11:37:38 - mmengine - INFO - paramwise_options -- backbone.norm6.bias:lr=1e-05
2025/03/03 11:37:38 - mmengine - INFO - paramwise_options -- backbone.norm6.bias:weight_decay=0.0
2025/03/03 11:37:38 - mmengine - INFO - paramwise_options -- backbone.norm6.bias:lr_mult=0.1
2025/03/03 11:37:38 - mmengine - INFO - paramwise_options -- backbone.norm6.bias:decay_mult=0.0
2025/03/03 11:37:38 - mmengine - INFO - paramwise_options -- decode_head.pixel_decoder.input_convs.0.gn.weight:weight_decay=0.0
2025/03/03 11:37:38 - mmengine - INFO - paramwise_options -- decode_head.pixel_decoder.input_convs.0.gn.bias:weight_decay=0.0
2025/03/03 11:37:38 - mmengine - INFO - paramwise_options -- decode_head.pixel_decoder.input_convs.1.gn.weight:weight_decay=0.0
2025/03/03 11:37:38 - mmengine - INFO - paramwise_options -- decode_head.pixel_decoder.input_convs.1.gn.bias:weight_decay=0.0
2025/03/03 11:37:38 - mmengine - INFO - paramwise_options -- decode_head.pixel_decoder.input_convs.2.gn.weight:weight_decay=0.0
2025/03/03 11:37:38 - mmengine - INFO - paramwise_options -- decode_head.pixel_decoder.input_convs.2.gn.bias:weight_decay=0.0
2025/03/03 11:37:38 - mmengine - INFO - paramwise_options -- decode_head.pixel_decoder.encoder.layers.0.norms.0.weight:weight_decay=0.0
2025/03/03 11:37:38 - mmengine - INFO - paramwise_options -- decode_head.pixel_decoder.encoder.layers.0.norms.0.bias:weight_decay=0.0
2025/03/03 11:37:38 - mmengine - INFO - paramwise_options -- decode_head.pixel_decoder.encoder.layers.0.norms.1.weight:weight_decay=0.0
2025/03/03 11:37:38 - mmengine - INFO - paramwise_options -- decode_head.pixel_decoder.encoder.layers.0.norms.1.bias:weight_decay=0.0
2025/03/03 11:37:38 - mmengine - INFO - paramwise_options -- decode_head.pixel_decoder.encoder.layers.1.norms.0.weight:weight_decay=0.0
2025/03/03 11:37:38 - mmengine - INFO - paramwise_options -- decode_head.pixel_decoder.encoder.layers.1.norms.0.bias:weight_decay=0.0
2025/03/03 11:37:38 - mmengine - INFO - paramwise_options -- decode_head.pixel_decoder.encoder.layers.1.norms.1.weight:weight_decay=0.0
2025/03/03 11:37:38 - mmengine - INFO - paramwise_options -- decode_head.pixel_decoder.encoder.layers.1.norms.1.bias:weight_decay=0.0
2025/03/03 11:37:38 - mmengine - INFO - paramwise_options -- decode_head.pixel_decoder.encoder.layers.2.norms.0.weight:weight_decay=0.0
2025/03/03 11:37:38 - mmengine - INFO - paramwise_options -- decode_head.pixel_decoder.encoder.layers.2.norms.0.bias:weight_decay=0.0
2025/03/03 11:37:38 - mmengine - INFO - paramwise_options -- decode_head.pixel_decoder.encoder.layers.2.norms.1.weight:weight_decay=0.0
2025/03/03 11:37:38 - mmengine - INFO - paramwise_options -- decode_head.pixel_decoder.encoder.layers.2.norms.1.bias:weight_decay=0.0
2025/03/03 11:37:38 - mmengine - INFO - paramwise_options -- decode_head.pixel_decoder.encoder.layers.3.norms.0.weight:weight_decay=0.0
2025/03/03 11:37:38 - mmengine - INFO - paramwise_options -- decode_head.pixel_decoder.encoder.layers.3.norms.0.bias:weight_decay=0.0
2025/03/03 11:37:38 - mmengine - INFO - paramwise_options -- decode_head.pixel_decoder.encoder.layers.3.norms.1.weight:weight_decay=0.0
2025/03/03 11:37:38 - mmengine - INFO - paramwise_options -- decode_head.pixel_decoder.encoder.layers.3.norms.1.bias:weight_decay=0.0
2025/03/03 11:37:38 - mmengine - INFO - paramwise_options -- decode_head.pixel_decoder.encoder.layers.4.norms.0.weight:weight_decay=0.0
2025/03/03 11:37:38 - mmengine - INFO - paramwise_options -- decode_head.pixel_decoder.encoder.layers.4.norms.0.bias:weight_decay=0.0
2025/03/03 11:37:38 - mmengine - INFO - paramwise_options -- decode_head.pixel_decoder.encoder.layers.4.norms.1.weight:weight_decay=0.0
2025/03/03 11:37:38 - mmengine - INFO - paramwise_options -- decode_head.pixel_decoder.encoder.layers.4.norms.1.bias:weight_decay=0.0
2025/03/03 11:37:38 - mmengine - INFO - paramwise_options -- decode_head.pixel_decoder.encoder.layers.5.norms.0.weight:weight_decay=0.0
2025/03/03 11:37:38 - mmengine - INFO - paramwise_options -- decode_head.pixel_decoder.encoder.layers.5.norms.0.bias:weight_decay=0.0
2025/03/03 11:37:38 - mmengine - INFO - paramwise_options -- decode_head.pixel_decoder.encoder.layers.5.norms.1.weight:weight_decay=0.0
2025/03/03 11:37:38 - mmengine - INFO - paramwise_options -- decode_head.pixel_decoder.encoder.layers.5.norms.1.bias:weight_decay=0.0
2025/03/03 11:37:38 - mmengine - INFO - paramwise_options -- decode_head.pixel_decoder.lateral_convs.0.gn.weight:weight_decay=0.0
2025/03/03 11:37:38 - mmengine - INFO - paramwise_options -- decode_head.pixel_decoder.lateral_convs.0.gn.bias:weight_decay=0.0
2025/03/03 11:37:38 - mmengine - INFO - paramwise_options -- decode_head.pixel_decoder.output_convs.0.gn.weight:weight_decay=0.0
2025/03/03 11:37:38 - mmengine - INFO - paramwise_options -- decode_head.pixel_decoder.output_convs.0.gn.bias:weight_decay=0.0
2025/03/03 11:37:38 - mmengine - INFO - paramwise_options -- decode_head.transformer_decoder.layers.0.norms.0.weight:weight_decay=0.0
2025/03/03 11:37:38 - mmengine - INFO - paramwise_options -- decode_head.transformer_decoder.layers.0.norms.0.bias:weight_decay=0.0
2025/03/03 11:37:38 - mmengine - INFO - paramwise_options -- decode_head.transformer_decoder.layers.0.norms.1.weight:weight_decay=0.0
2025/03/03 11:37:38 - mmengine - INFO - paramwise_options -- decode_head.transformer_decoder.layers.0.norms.1.bias:weight_decay=0.0
2025/03/03 11:37:38 - mmengine - INFO - paramwise_options -- decode_head.transformer_decoder.layers.0.norms.2.weight:weight_decay=0.0
2025/03/03 11:37:38 - mmengine - INFO - paramwise_options -- decode_head.transformer_decoder.layers.0.norms.2.bias:weight_decay=0.0
2025/03/03 11:37:38 - mmengine - INFO - paramwise_options -- decode_head.transformer_decoder.layers.1.norms.0.weight:weight_decay=0.0
2025/03/03 11:37:38 - mmengine - INFO - paramwise_options -- decode_head.transformer_decoder.layers.1.norms.0.bias:weight_decay=0.0
2025/03/03 11:37:38 - mmengine - INFO - paramwise_options -- decode_head.transformer_decoder.layers.1.norms.1.weight:weight_decay=0.0
2025/03/03 11:37:38 - mmengine - INFO - paramwise_options -- decode_head.transformer_decoder.layers.1.norms.1.bias:weight_decay=0.0
2025/03/03 11:37:38 - mmengine - INFO - paramwise_options -- decode_head.transformer_decoder.layers.1.norms.2.weight:weight_decay=0.0
2025/03/03 11:37:38 - mmengine - INFO - paramwise_options -- decode_head.transformer_decoder.layers.1.norms.2.bias:weight_decay=0.0
2025/03/03 11:37:38 - mmengine - INFO - paramwise_options -- decode_head.transformer_decoder.layers.2.norms.0.weight:weight_decay=0.0
2025/03/03 11:37:38 - mmengine - INFO - paramwise_options -- decode_head.transformer_decoder.layers.2.norms.0.bias:weight_decay=0.0
2025/03/03 11:37:38 - mmengine - INFO - paramwise_options -- decode_head.transformer_decoder.layers.2.norms.1.weight:weight_decay=0.0
2025/03/03 11:37:38 - mmengine - INFO - paramwise_options -- decode_head.transformer_decoder.layers.2.norms.1.bias:weight_decay=0.0
2025/03/03 11:37:38 - mmengine - INFO - paramwise_options -- decode_head.transformer_decoder.layers.2.norms.2.weight:weight_decay=0.0
2025/03/03 11:37:38 - mmengine - INFO - paramwise_options -- decode_head.transformer_decoder.layers.2.norms.2.bias:weight_decay=0.0
2025/03/03 11:37:38 - mmengine - INFO - paramwise_options -- decode_head.transformer_decoder.layers.3.norms.0.weight:weight_decay=0.0
2025/03/03 11:37:38 - mmengine - INFO - paramwise_options -- decode_head.transformer_decoder.layers.3.norms.0.bias:weight_decay=0.0
2025/03/03 11:37:38 - mmengine - INFO - paramwise_options -- decode_head.transformer_decoder.layers.3.norms.1.weight:weight_decay=0.0
2025/03/03 11:37:38 - mmengine - INFO - paramwise_options -- decode_head.transformer_decoder.layers.3.norms.1.bias:weight_decay=0.0
2025/03/03 11:37:38 - mmengine - INFO - paramwise_options -- decode_head.transformer_decoder.layers.3.norms.2.weight:weight_decay=0.0
2025/03/03 11:37:38 - mmengine - INFO - paramwise_options -- decode_head.transformer_decoder.layers.3.norms.2.bias:weight_decay=0.0
2025/03/03 11:37:38 - mmengine - INFO - paramwise_options -- decode_head.transformer_decoder.layers.4.norms.0.weight:weight_decay=0.0
2025/03/03 11:37:38 - mmengine - INFO - paramwise_options -- decode_head.transformer_decoder.layers.4.norms.0.bias:weight_decay=0.0
2025/03/03 11:37:38 - mmengine - INFO - paramwise_options -- decode_head.transformer_decoder.layers.4.norms.1.weight:weight_decay=0.0
2025/03/03 11:37:38 - mmengine - INFO - paramwise_options -- decode_head.transformer_decoder.layers.4.norms.1.bias:weight_decay=0.0
2025/03/03 11:37:38 - mmengine - INFO - paramwise_options -- decode_head.transformer_decoder.layers.4.norms.2.weight:weight_decay=0.0
2025/03/03 11:37:38 - mmengine - INFO - paramwise_options -- decode_head.transformer_decoder.layers.4.norms.2.bias:weight_decay=0.0
2025/03/03 11:37:38 - mmengine - INFO - paramwise_options -- decode_head.transformer_decoder.layers.5.norms.0.weight:weight_decay=0.0
2025/03/03 11:37:38 - mmengine - INFO - paramwise_options -- decode_head.transformer_decoder.layers.5.norms.0.bias:weight_decay=0.0
2025/03/03 11:37:38 - mmengine - INFO - paramwise_options -- decode_head.transformer_decoder.layers.5.norms.1.weight:weight_decay=0.0
2025/03/03 11:37:38 - mmengine - INFO - paramwise_options -- decode_head.transformer_decoder.layers.5.norms.1.bias:weight_decay=0.0
2025/03/03 11:37:38 - mmengine - INFO - paramwise_options -- decode_head.transformer_decoder.layers.5.norms.2.weight:weight_decay=0.0
2025/03/03 11:37:38 - mmengine - INFO - paramwise_options -- decode_head.transformer_decoder.layers.5.norms.2.bias:weight_decay=0.0
2025/03/03 11:37:38 - mmengine - INFO - paramwise_options -- decode_head.transformer_decoder.layers.6.norms.0.weight:weight_decay=0.0
2025/03/03 11:37:38 - mmengine - INFO - paramwise_options -- decode_head.transformer_decoder.layers.6.norms.0.bias:weight_decay=0.0
2025/03/03 11:37:38 - mmengine - INFO - paramwise_options -- decode_head.transformer_decoder.layers.6.norms.1.weight:weight_decay=0.0
2025/03/03 11:37:38 - mmengine - INFO - paramwise_options -- decode_head.transformer_decoder.layers.6.norms.1.bias:weight_decay=0.0
2025/03/03 11:37:38 - mmengine - INFO - paramwise_options -- decode_head.transformer_decoder.layers.6.norms.2.weight:weight_decay=0.0
2025/03/03 11:37:38 - mmengine - INFO - paramwise_options -- decode_head.transformer_decoder.layers.6.norms.2.bias:weight_decay=0.0
2025/03/03 11:37:38 - mmengine - INFO - paramwise_options -- decode_head.transformer_decoder.layers.7.norms.0.weight:weight_decay=0.0
2025/03/03 11:37:38 - mmengine - INFO - paramwise_options -- decode_head.transformer_decoder.layers.7.norms.0.bias:weight_decay=0.0
2025/03/03 11:37:38 - mmengine - INFO - paramwise_options -- decode_head.transformer_decoder.layers.7.norms.1.weight:weight_decay=0.0
2025/03/03 11:37:38 - mmengine - INFO - paramwise_options -- decode_head.transformer_decoder.layers.7.norms.1.bias:weight_decay=0.0
2025/03/03 11:37:38 - mmengine - INFO - paramwise_options -- decode_head.transformer_decoder.layers.7.norms.2.weight:weight_decay=0.0
2025/03/03 11:37:38 - mmengine - INFO - paramwise_options -- decode_head.transformer_decoder.layers.7.norms.2.bias:weight_decay=0.0
2025/03/03 11:37:38 - mmengine - INFO - paramwise_options -- decode_head.transformer_decoder.layers.8.norms.0.weight:weight_decay=0.0
2025/03/03 11:37:38 - mmengine - INFO - paramwise_options -- decode_head.transformer_decoder.layers.8.norms.0.bias:weight_decay=0.0
2025/03/03 11:37:38 - mmengine - INFO - paramwise_options -- decode_head.transformer_decoder.layers.8.norms.1.weight:weight_decay=0.0
2025/03/03 11:37:38 - mmengine - INFO - paramwise_options -- decode_head.transformer_decoder.layers.8.norms.1.bias:weight_decay=0.0
2025/03/03 11:37:38 - mmengine - INFO - paramwise_options -- decode_head.transformer_decoder.layers.8.norms.2.weight:weight_decay=0.0
2025/03/03 11:37:38 - mmengine - INFO - paramwise_options -- decode_head.transformer_decoder.layers.8.norms.2.bias:weight_decay=0.0
2025/03/03 11:37:38 - mmengine - INFO - paramwise_options -- decode_head.transformer_decoder.post_norm.weight:weight_decay=0.0
2025/03/03 11:37:38 - mmengine - INFO - paramwise_options -- decode_head.transformer_decoder.post_norm.bias:weight_decay=0.0
2025/03/03 11:37:38 - mmengine - INFO - paramwise_options -- decode_head.query_embed.weight:lr=0.0001
2025/03/03 11:37:38 - mmengine - INFO - paramwise_options -- decode_head.query_embed.weight:weight_decay=0.0
2025/03/03 11:37:38 - mmengine - INFO - paramwise_options -- decode_head.query_embed.weight:lr_mult=1.0
2025/03/03 11:37:38 - mmengine - INFO - paramwise_options -- decode_head.query_embed.weight:decay_mult=0.0
2025/03/03 11:37:38 - mmengine - INFO - paramwise_options -- decode_head.query_feat.weight:lr=0.0001
2025/03/03 11:37:38 - mmengine - INFO - paramwise_options -- decode_head.query_feat.weight:weight_decay=0.0
2025/03/03 11:37:38 - mmengine - INFO - paramwise_options -- decode_head.query_feat.weight:lr_mult=1.0
2025/03/03 11:37:38 - mmengine - INFO - paramwise_options -- decode_head.query_feat.weight:decay_mult=0.0
2025/03/03 11:37:38 - mmengine - INFO - paramwise_options -- decode_head.level_embed.weight:lr=0.0001
2025/03/03 11:37:38 - mmengine - INFO - paramwise_options -- decode_head.level_embed.weight:weight_decay=0.0
2025/03/03 11:37:38 - mmengine - INFO - paramwise_options -- decode_head.level_embed.weight:lr_mult=1.0
2025/03/03 11:37:38 - mmengine - INFO - paramwise_options -- decode_head.level_embed.weight:decay_mult=0.0
2025/03/03 11:37:39 - mmengine - WARNING - The prefix is not set in metric class IoUMetric.
2025/03/03 11:37:43 - mmengine - WARNING - No pre-trained weights for fastvit_small, training start from scratch
Name of parameter - Initialization information

backbone.patch_embed.0.rbr_conv.0.conv.weight - torch.Size([76, 3, 3, 3]): 
The value is the same before and after calling `init_weights` of EncoderDecoder  

backbone.patch_embed.0.rbr_conv.0.bn.weight - torch.Size([76]): 
The value is the same before and after calling `init_weights` of EncoderDecoder  

backbone.patch_embed.0.rbr_conv.0.bn.bias - torch.Size([76]): 
The value is the same before and after calling `init_weights` of EncoderDecoder  

backbone.patch_embed.0.rbr_scale.conv.weight - torch.Size([76, 3, 1, 1]): 
The value is the same before and after calling `init_weights` of EncoderDecoder  

backbone.patch_embed.0.rbr_scale.bn.weight - torch.Size([76]): 
The value is the same before and after calling `init_weights` of EncoderDecoder  

backbone.patch_embed.0.rbr_scale.bn.bias - torch.Size([76]): 
The value is the same before and after calling `init_weights` of EncoderDecoder  

backbone.patch_embed.1.rbr_conv.0.conv.weight - torch.Size([76, 1, 3, 3]): 
The value is the same before and after calling `init_weights` of EncoderDecoder  

backbone.patch_embed.1.rbr_conv.0.bn.weight - torch.Size([76]): 
The value is the same before and after calling `init_weights` of EncoderDecoder  

backbone.patch_embed.1.rbr_conv.0.bn.bias - torch.Size([76]): 
The value is the same before and after calling `init_weights` of EncoderDecoder  

backbone.patch_embed.1.rbr_scale.conv.weight - torch.Size([76, 1, 1, 1]): 
The value is the same before and after calling `init_weights` of EncoderDecoder  

backbone.patch_embed.1.rbr_scale.bn.weight - torch.Size([76]): 
The value is the same before and after calling `init_weights` of EncoderDecoder  

backbone.patch_embed.1.rbr_scale.bn.bias - torch.Size([76]): 
The value is the same before and after calling `init_weights` of EncoderDecoder  

backbone.patch_embed.2.rbr_skip.weight - torch.Size([76]): 
The value is the same before and after calling `init_weights` of EncoderDecoder  

backbone.patch_embed.2.rbr_skip.bias - torch.Size([76]): 
The value is the same before and after calling `init_weights` of EncoderDecoder  

backbone.patch_embed.2.rbr_conv.0.conv.weight - torch.Size([76, 76, 1, 1]): 
The value is the same before and after calling `init_weights` of EncoderDecoder  

backbone.patch_embed.2.rbr_conv.0.bn.weight - torch.Size([76]): 
The value is the same before and after calling `init_weights` of EncoderDecoder  

backbone.patch_embed.2.rbr_conv.0.bn.bias - torch.Size([76]): 
The value is the same before and after calling `init_weights` of EncoderDecoder  

backbone.network.0.0.layer_scale - torch.Size([76, 1, 1]): 
The value is the same before and after calling `init_weights` of EncoderDecoder  

backbone.network.0.0.token_mixer.layer_scale - torch.Size([76, 1, 1]): 
The value is the same before and after calling `init_weights` of EncoderDecoder  

backbone.network.0.0.token_mixer.norm.rbr_skip.weight - torch.Size([76]): 
The value is the same before and after calling `init_weights` of EncoderDecoder  

backbone.network.0.0.token_mixer.norm.rbr_skip.bias - torch.Size([76]): 
The value is the same before and after calling `init_weights` of EncoderDecoder  

backbone.network.0.0.token_mixer.mixer.rbr_skip.weight - torch.Size([76]): 
The value is the same before and after calling `init_weights` of EncoderDecoder  

backbone.network.0.0.token_mixer.mixer.rbr_skip.bias - torch.Size([76]): 
The value is the same before and after calling `init_weights` of EncoderDecoder  

backbone.network.0.0.token_mixer.mixer.rbr_conv.0.conv.weight - torch.Size([76, 1, 3, 3]): 
The value is the same before and after calling `init_weights` of EncoderDecoder  

backbone.network.0.0.token_mixer.mixer.rbr_conv.0.bn.weight - torch.Size([76]): 
The value is the same before and after calling `init_weights` of EncoderDecoder  

backbone.network.0.0.token_mixer.mixer.rbr_conv.0.bn.bias - torch.Size([76]): 
The value is the same before and after calling `init_weights` of EncoderDecoder  

backbone.network.0.0.token_mixer.mixer.rbr_scale.conv.weight - torch.Size([76, 1, 1, 1]): 
The value is the same before and after calling `init_weights` of EncoderDecoder  

backbone.network.0.0.token_mixer.mixer.rbr_scale.bn.weight - torch.Size([76]): 
The value is the same before and after calling `init_weights` of EncoderDecoder  

backbone.network.0.0.token_mixer.mixer.rbr_scale.bn.bias - torch.Size([76]): 
The value is the same before and after calling `init_weights` of EncoderDecoder  

backbone.network.0.0.convffn.conv.conv.weight - torch.Size([76, 1, 7, 7]): 
The value is the same before and after calling `init_weights` of EncoderDecoder  

backbone.network.0.0.convffn.conv.bn.weight - torch.Size([76]): 
The value is the same before and after calling `init_weights` of EncoderDecoder  

backbone.network.0.0.convffn.conv.bn.bias - torch.Size([76]): 
The value is the same before and after calling `init_weights` of EncoderDecoder  

backbone.network.0.0.convffn.fc1.weight - torch.Size([304, 76, 1, 1]): 
The value is the same before and after calling `init_weights` of EncoderDecoder  

backbone.network.0.0.convffn.fc1.bias - torch.Size([304]): 
The value is the same before and after calling `init_weights` of EncoderDecoder  

backbone.network.0.0.convffn.fc2.weight - torch.Size([76, 304, 1, 1]): 
The value is the same before and after calling `init_weights` of EncoderDecoder  

backbone.network.0.0.convffn.fc2.bias - torch.Size([76]): 
The value is the same before and after calling `init_weights` of EncoderDecoder  

backbone.network.0.1.layer_scale - torch.Size([76, 1, 1]): 
The value is the same before and after calling `init_weights` of EncoderDecoder  

backbone.network.0.1.token_mixer.layer_scale - torch.Size([76, 1, 1]): 
The value is the same before and after calling `init_weights` of EncoderDecoder  

backbone.network.0.1.token_mixer.norm.rbr_skip.weight - torch.Size([76]): 
The value is the same before and after calling `init_weights` of EncoderDecoder  

backbone.network.0.1.token_mixer.norm.rbr_skip.bias - torch.Size([76]): 
The value is the same before and after calling `init_weights` of EncoderDecoder  

backbone.network.0.1.token_mixer.mixer.rbr_skip.weight - torch.Size([76]): 
The value is the same before and after calling `init_weights` of EncoderDecoder  

backbone.network.0.1.token_mixer.mixer.rbr_skip.bias - torch.Size([76]): 
The value is the same before and after calling `init_weights` of EncoderDecoder  

backbone.network.0.1.token_mixer.mixer.rbr_conv.0.conv.weight - torch.Size([76, 1, 3, 3]): 
The value is the same before and after calling `init_weights` of EncoderDecoder  

backbone.network.0.1.token_mixer.mixer.rbr_conv.0.bn.weight - torch.Size([76]): 
The value is the same before and after calling `init_weights` of EncoderDecoder  

backbone.network.0.1.token_mixer.mixer.rbr_conv.0.bn.bias - torch.Size([76]): 
The value is the same before and after calling `init_weights` of EncoderDecoder  

backbone.network.0.1.token_mixer.mixer.rbr_scale.conv.weight - torch.Size([76, 1, 1, 1]): 
The value is the same before and after calling `init_weights` of EncoderDecoder  

backbone.network.0.1.token_mixer.mixer.rbr_scale.bn.weight - torch.Size([76]): 
The value is the same before and after calling `init_weights` of EncoderDecoder  

backbone.network.0.1.token_mixer.mixer.rbr_scale.bn.bias - torch.Size([76]): 
The value is the same before and after calling `init_weights` of EncoderDecoder  

backbone.network.0.1.convffn.conv.conv.weight - torch.Size([76, 1, 7, 7]): 
The value is the same before and after calling `init_weights` of EncoderDecoder  

backbone.network.0.1.convffn.conv.bn.weight - torch.Size([76]): 
The value is the same before and after calling `init_weights` of EncoderDecoder  

backbone.network.0.1.convffn.conv.bn.bias - torch.Size([76]): 
The value is the same before and after calling `init_weights` of EncoderDecoder  

backbone.network.0.1.convffn.fc1.weight - torch.Size([304, 76, 1, 1]): 
The value is the same before and after calling `init_weights` of EncoderDecoder  

backbone.network.0.1.convffn.fc1.bias - torch.Size([304]): 
The value is the same before and after calling `init_weights` of EncoderDecoder  

backbone.network.0.1.convffn.fc2.weight - torch.Size([76, 304, 1, 1]): 
The value is the same before and after calling `init_weights` of EncoderDecoder  

backbone.network.0.1.convffn.fc2.bias - torch.Size([76]): 
The value is the same before and after calling `init_weights` of EncoderDecoder  

backbone.network.0.2.layer_scale - torch.Size([76, 1, 1]): 
The value is the same before and after calling `init_weights` of EncoderDecoder  

backbone.network.0.2.token_mixer.layer_scale - torch.Size([76, 1, 1]): 
The value is the same before and after calling `init_weights` of EncoderDecoder  

backbone.network.0.2.token_mixer.norm.rbr_skip.weight - torch.Size([76]): 
The value is the same before and after calling `init_weights` of EncoderDecoder  

backbone.network.0.2.token_mixer.norm.rbr_skip.bias - torch.Size([76]): 
The value is the same before and after calling `init_weights` of EncoderDecoder  

backbone.network.0.2.token_mixer.mixer.rbr_skip.weight - torch.Size([76]): 
The value is the same before and after calling `init_weights` of EncoderDecoder  

backbone.network.0.2.token_mixer.mixer.rbr_skip.bias - torch.Size([76]): 
The value is the same before and after calling `init_weights` of EncoderDecoder  

backbone.network.0.2.token_mixer.mixer.rbr_conv.0.conv.weight - torch.Size([76, 1, 3, 3]): 
The value is the same before and after calling `init_weights` of EncoderDecoder  

backbone.network.0.2.token_mixer.mixer.rbr_conv.0.bn.weight - torch.Size([76]): 
The value is the same before and after calling `init_weights` of EncoderDecoder  

backbone.network.0.2.token_mixer.mixer.rbr_conv.0.bn.bias - torch.Size([76]): 
The value is the same before and after calling `init_weights` of EncoderDecoder  

backbone.network.0.2.token_mixer.mixer.rbr_scale.conv.weight - torch.Size([76, 1, 1, 1]): 
The value is the same before and after calling `init_weights` of EncoderDecoder  

backbone.network.0.2.token_mixer.mixer.rbr_scale.bn.weight - torch.Size([76]): 
The value is the same before and after calling `init_weights` of EncoderDecoder  

backbone.network.0.2.token_mixer.mixer.rbr_scale.bn.bias - torch.Size([76]): 
The value is the same before and after calling `init_weights` of EncoderDecoder  

backbone.network.0.2.convffn.conv.conv.weight - torch.Size([76, 1, 7, 7]): 
The value is the same before and after calling `init_weights` of EncoderDecoder  

backbone.network.0.2.convffn.conv.bn.weight - torch.Size([76]): 
The value is the same before and after calling `init_weights` of EncoderDecoder  

backbone.network.0.2.convffn.conv.bn.bias - torch.Size([76]): 
The value is the same before and after calling `init_weights` of EncoderDecoder  

backbone.network.0.2.convffn.fc1.weight - torch.Size([304, 76, 1, 1]): 
The value is the same before and after calling `init_weights` of EncoderDecoder  

backbone.network.0.2.convffn.fc1.bias - torch.Size([304]): 
The value is the same before and after calling `init_weights` of EncoderDecoder  

backbone.network.0.2.convffn.fc2.weight - torch.Size([76, 304, 1, 1]): 
The value is the same before and after calling `init_weights` of EncoderDecoder  

backbone.network.0.2.convffn.fc2.bias - torch.Size([76]): 
The value is the same before and after calling `init_weights` of EncoderDecoder  

backbone.network.0.3.layer_scale - torch.Size([76, 1, 1]): 
The value is the same before and after calling `init_weights` of EncoderDecoder  

backbone.network.0.3.token_mixer.layer_scale - torch.Size([76, 1, 1]): 
The value is the same before and after calling `init_weights` of EncoderDecoder  

backbone.network.0.3.token_mixer.norm.rbr_skip.weight - torch.Size([76]): 
The value is the same before and after calling `init_weights` of EncoderDecoder  

backbone.network.0.3.token_mixer.norm.rbr_skip.bias - torch.Size([76]): 
The value is the same before and after calling `init_weights` of EncoderDecoder  

backbone.network.0.3.token_mixer.mixer.rbr_skip.weight - torch.Size([76]): 
The value is the same before and after calling `init_weights` of EncoderDecoder  

backbone.network.0.3.token_mixer.mixer.rbr_skip.bias - torch.Size([76]): 
The value is the same before and after calling `init_weights` of EncoderDecoder  

backbone.network.0.3.token_mixer.mixer.rbr_conv.0.conv.weight - torch.Size([76, 1, 3, 3]): 
The value is the same before and after calling `init_weights` of EncoderDecoder  

backbone.network.0.3.token_mixer.mixer.rbr_conv.0.bn.weight - torch.Size([76]): 
The value is the same before and after calling `init_weights` of EncoderDecoder  

backbone.network.0.3.token_mixer.mixer.rbr_conv.0.bn.bias - torch.Size([76]): 
The value is the same before and after calling `init_weights` of EncoderDecoder  

backbone.network.0.3.token_mixer.mixer.rbr_scale.conv.weight - torch.Size([76, 1, 1, 1]): 
The value is the same before and after calling `init_weights` of EncoderDecoder  

backbone.network.0.3.token_mixer.mixer.rbr_scale.bn.weight - torch.Size([76]): 
The value is the same before and after calling `init_weights` of EncoderDecoder  

backbone.network.0.3.token_mixer.mixer.rbr_scale.bn.bias - torch.Size([76]): 
The value is the same before and after calling `init_weights` of EncoderDecoder  

backbone.network.0.3.convffn.conv.conv.weight - torch.Size([76, 1, 7, 7]): 
The value is the same before and after calling `init_weights` of EncoderDecoder  

backbone.network.0.3.convffn.conv.bn.weight - torch.Size([76]): 
The value is the same before and after calling `init_weights` of EncoderDecoder  

backbone.network.0.3.convffn.conv.bn.bias - torch.Size([76]): 
The value is the same before and after calling `init_weights` of EncoderDecoder  

backbone.network.0.3.convffn.fc1.weight - torch.Size([304, 76, 1, 1]): 
The value is the same before and after calling `init_weights` of EncoderDecoder  

backbone.network.0.3.convffn.fc1.bias - torch.Size([304]): 
The value is the same before and after calling `init_weights` of EncoderDecoder  

backbone.network.0.3.convffn.fc2.weight - torch.Size([76, 304, 1, 1]): 
The value is the same before and after calling `init_weights` of EncoderDecoder  

backbone.network.0.3.convffn.fc2.bias - torch.Size([76]): 
The value is the same before and after calling `init_weights` of EncoderDecoder  

backbone.network.0.4.layer_scale - torch.Size([76, 1, 1]): 
The value is the same before and after calling `init_weights` of EncoderDecoder  

backbone.network.0.4.token_mixer.layer_scale - torch.Size([76, 1, 1]): 
The value is the same before and after calling `init_weights` of EncoderDecoder  

backbone.network.0.4.token_mixer.norm.rbr_skip.weight - torch.Size([76]): 
The value is the same before and after calling `init_weights` of EncoderDecoder  

backbone.network.0.4.token_mixer.norm.rbr_skip.bias - torch.Size([76]): 
The value is the same before and after calling `init_weights` of EncoderDecoder  

backbone.network.0.4.token_mixer.mixer.rbr_skip.weight - torch.Size([76]): 
The value is the same before and after calling `init_weights` of EncoderDecoder  

backbone.network.0.4.token_mixer.mixer.rbr_skip.bias - torch.Size([76]): 
The value is the same before and after calling `init_weights` of EncoderDecoder  

backbone.network.0.4.token_mixer.mixer.rbr_conv.0.conv.weight - torch.Size([76, 1, 3, 3]): 
The value is the same before and after calling `init_weights` of EncoderDecoder  

backbone.network.0.4.token_mixer.mixer.rbr_conv.0.bn.weight - torch.Size([76]): 
The value is the same before and after calling `init_weights` of EncoderDecoder  

backbone.network.0.4.token_mixer.mixer.rbr_conv.0.bn.bias - torch.Size([76]): 
The value is the same before and after calling `init_weights` of EncoderDecoder  

backbone.network.0.4.token_mixer.mixer.rbr_scale.conv.weight - torch.Size([76, 1, 1, 1]): 
The value is the same before and after calling `init_weights` of EncoderDecoder  

backbone.network.0.4.token_mixer.mixer.rbr_scale.bn.weight - torch.Size([76]): 
The value is the same before and after calling `init_weights` of EncoderDecoder  

backbone.network.0.4.token_mixer.mixer.rbr_scale.bn.bias - torch.Size([76]): 
The value is the same before and after calling `init_weights` of EncoderDecoder  

backbone.network.0.4.convffn.conv.conv.weight - torch.Size([76, 1, 7, 7]): 
The value is the same before and after calling `init_weights` of EncoderDecoder  

backbone.network.0.4.convffn.conv.bn.weight - torch.Size([76]): 
The value is the same before and after calling `init_weights` of EncoderDecoder  

backbone.network.0.4.convffn.conv.bn.bias - torch.Size([76]): 
The value is the same before and after calling `init_weights` of EncoderDecoder  

backbone.network.0.4.convffn.fc1.weight - torch.Size([304, 76, 1, 1]): 
The value is the same before and after calling `init_weights` of EncoderDecoder  

backbone.network.0.4.convffn.fc1.bias - torch.Size([304]): 
The value is the same before and after calling `init_weights` of EncoderDecoder  

backbone.network.0.4.convffn.fc2.weight - torch.Size([76, 304, 1, 1]): 
The value is the same before and after calling `init_weights` of EncoderDecoder  

backbone.network.0.4.convffn.fc2.bias - torch.Size([76]): 
The value is the same before and after calling `init_weights` of EncoderDecoder  

backbone.network.0.5.layer_scale - torch.Size([76, 1, 1]): 
The value is the same before and after calling `init_weights` of EncoderDecoder  

backbone.network.0.5.token_mixer.layer_scale - torch.Size([76, 1, 1]): 
The value is the same before and after calling `init_weights` of EncoderDecoder  

backbone.network.0.5.token_mixer.norm.rbr_skip.weight - torch.Size([76]): 
The value is the same before and after calling `init_weights` of EncoderDecoder  

backbone.network.0.5.token_mixer.norm.rbr_skip.bias - torch.Size([76]): 
The value is the same before and after calling `init_weights` of EncoderDecoder  

backbone.network.0.5.token_mixer.mixer.rbr_skip.weight - torch.Size([76]): 
The value is the same before and after calling `init_weights` of EncoderDecoder  

backbone.network.0.5.token_mixer.mixer.rbr_skip.bias - torch.Size([76]): 
The value is the same before and after calling `init_weights` of EncoderDecoder  

backbone.network.0.5.token_mixer.mixer.rbr_conv.0.conv.weight - torch.Size([76, 1, 3, 3]): 
The value is the same before and after calling `init_weights` of EncoderDecoder  

backbone.network.0.5.token_mixer.mixer.rbr_conv.0.bn.weight - torch.Size([76]): 
The value is the same before and after calling `init_weights` of EncoderDecoder  

backbone.network.0.5.token_mixer.mixer.rbr_conv.0.bn.bias - torch.Size([76]): 
The value is the same before and after calling `init_weights` of EncoderDecoder  

backbone.network.0.5.token_mixer.mixer.rbr_scale.conv.weight - torch.Size([76, 1, 1, 1]): 
The value is the same before and after calling `init_weights` of EncoderDecoder  

backbone.network.0.5.token_mixer.mixer.rbr_scale.bn.weight - torch.Size([76]): 
The value is the same before and after calling `init_weights` of EncoderDecoder  

backbone.network.0.5.token_mixer.mixer.rbr_scale.bn.bias - torch.Size([76]): 
The value is the same before and after calling `init_weights` of EncoderDecoder  

backbone.network.0.5.convffn.conv.conv.weight - torch.Size([76, 1, 7, 7]): 
The value is the same before and after calling `init_weights` of EncoderDecoder  

backbone.network.0.5.convffn.conv.bn.weight - torch.Size([76]): 
The value is the same before and after calling `init_weights` of EncoderDecoder  

backbone.network.0.5.convffn.conv.bn.bias - torch.Size([76]): 
The value is the same before and after calling `init_weights` of EncoderDecoder  

backbone.network.0.5.convffn.fc1.weight - torch.Size([304, 76, 1, 1]): 
The value is the same before and after calling `init_weights` of EncoderDecoder  

backbone.network.0.5.convffn.fc1.bias - torch.Size([304]): 
The value is the same before and after calling `init_weights` of EncoderDecoder  

backbone.network.0.5.convffn.fc2.weight - torch.Size([76, 304, 1, 1]): 
The value is the same before and after calling `init_weights` of EncoderDecoder  

backbone.network.0.5.convffn.fc2.bias - torch.Size([76]): 
The value is the same before and after calling `init_weights` of EncoderDecoder  

backbone.network.1.proj.0.lkb_origin.conv.weight - torch.Size([152, 1, 7, 7]): 
The value is the same before and after calling `init_weights` of EncoderDecoder  

backbone.network.1.proj.0.lkb_origin.bn.weight - torch.Size([152]): 
The value is the same before and after calling `init_weights` of EncoderDecoder  

backbone.network.1.proj.0.lkb_origin.bn.bias - torch.Size([152]): 
The value is the same before and after calling `init_weights` of EncoderDecoder  

backbone.network.1.proj.0.small_conv.conv.weight - torch.Size([152, 1, 3, 3]): 
The value is the same before and after calling `init_weights` of EncoderDecoder  

backbone.network.1.proj.0.small_conv.bn.weight - torch.Size([152]): 
The value is the same before and after calling `init_weights` of EncoderDecoder  

backbone.network.1.proj.0.small_conv.bn.bias - torch.Size([152]): 
The value is the same before and after calling `init_weights` of EncoderDecoder  

backbone.network.1.proj.1.rbr_skip.weight - torch.Size([152]): 
The value is the same before and after calling `init_weights` of EncoderDecoder  

backbone.network.1.proj.1.rbr_skip.bias - torch.Size([152]): 
The value is the same before and after calling `init_weights` of EncoderDecoder  

backbone.network.1.proj.1.rbr_conv.0.conv.weight - torch.Size([152, 152, 1, 1]): 
The value is the same before and after calling `init_weights` of EncoderDecoder  

backbone.network.1.proj.1.rbr_conv.0.bn.weight - torch.Size([152]): 
The value is the same before and after calling `init_weights` of EncoderDecoder  

backbone.network.1.proj.1.rbr_conv.0.bn.bias - torch.Size([152]): 
The value is the same before and after calling `init_weights` of EncoderDecoder  

backbone.network.2.0.layer_scale - torch.Size([152, 1, 1]): 
The value is the same before and after calling `init_weights` of EncoderDecoder  

backbone.network.2.0.token_mixer.layer_scale - torch.Size([152, 1, 1]): 
The value is the same before and after calling `init_weights` of EncoderDecoder  

backbone.network.2.0.token_mixer.norm.rbr_skip.weight - torch.Size([152]): 
The value is the same before and after calling `init_weights` of EncoderDecoder  

backbone.network.2.0.token_mixer.norm.rbr_skip.bias - torch.Size([152]): 
The value is the same before and after calling `init_weights` of EncoderDecoder  

backbone.network.2.0.token_mixer.mixer.rbr_skip.weight - torch.Size([152]): 
The value is the same before and after calling `init_weights` of EncoderDecoder  

backbone.network.2.0.token_mixer.mixer.rbr_skip.bias - torch.Size([152]): 
The value is the same before and after calling `init_weights` of EncoderDecoder  

backbone.network.2.0.token_mixer.mixer.rbr_conv.0.conv.weight - torch.Size([152, 1, 3, 3]): 
The value is the same before and after calling `init_weights` of EncoderDecoder  

backbone.network.2.0.token_mixer.mixer.rbr_conv.0.bn.weight - torch.Size([152]): 
The value is the same before and after calling `init_weights` of EncoderDecoder  

backbone.network.2.0.token_mixer.mixer.rbr_conv.0.bn.bias - torch.Size([152]): 
The value is the same before and after calling `init_weights` of EncoderDecoder  

backbone.network.2.0.token_mixer.mixer.rbr_scale.conv.weight - torch.Size([152, 1, 1, 1]): 
The value is the same before and after calling `init_weights` of EncoderDecoder  

backbone.network.2.0.token_mixer.mixer.rbr_scale.bn.weight - torch.Size([152]): 
The value is the same before and after calling `init_weights` of EncoderDecoder  

backbone.network.2.0.token_mixer.mixer.rbr_scale.bn.bias - torch.Size([152]): 
The value is the same before and after calling `init_weights` of EncoderDecoder  

backbone.network.2.0.convffn.conv.conv.weight - torch.Size([152, 1, 7, 7]): 
The value is the same before and after calling `init_weights` of EncoderDecoder  

backbone.network.2.0.convffn.conv.bn.weight - torch.Size([152]): 
The value is the same before and after calling `init_weights` of EncoderDecoder  

backbone.network.2.0.convffn.conv.bn.bias - torch.Size([152]): 
The value is the same before and after calling `init_weights` of EncoderDecoder  

backbone.network.2.0.convffn.fc1.weight - torch.Size([608, 152, 1, 1]): 
The value is the same before and after calling `init_weights` of EncoderDecoder  

backbone.network.2.0.convffn.fc1.bias - torch.Size([608]): 
The value is the same before and after calling `init_weights` of EncoderDecoder  

backbone.network.2.0.convffn.fc2.weight - torch.Size([152, 608, 1, 1]): 
The value is the same before and after calling `init_weights` of EncoderDecoder  

backbone.network.2.0.convffn.fc2.bias - torch.Size([152]): 
The value is the same before and after calling `init_weights` of EncoderDecoder  

backbone.network.2.1.layer_scale - torch.Size([152, 1, 1]): 
The value is the same before and after calling `init_weights` of EncoderDecoder  

backbone.network.2.1.token_mixer.layer_scale - torch.Size([152, 1, 1]): 
The value is the same before and after calling `init_weights` of EncoderDecoder  

backbone.network.2.1.token_mixer.norm.rbr_skip.weight - torch.Size([152]): 
The value is the same before and after calling `init_weights` of EncoderDecoder  

backbone.network.2.1.token_mixer.norm.rbr_skip.bias - torch.Size([152]): 
The value is the same before and after calling `init_weights` of EncoderDecoder  

backbone.network.2.1.token_mixer.mixer.rbr_skip.weight - torch.Size([152]): 
The value is the same before and after calling `init_weights` of EncoderDecoder  

backbone.network.2.1.token_mixer.mixer.rbr_skip.bias - torch.Size([152]): 
The value is the same before and after calling `init_weights` of EncoderDecoder  

backbone.network.2.1.token_mixer.mixer.rbr_conv.0.conv.weight - torch.Size([152, 1, 3, 3]): 
The value is the same before and after calling `init_weights` of EncoderDecoder  

backbone.network.2.1.token_mixer.mixer.rbr_conv.0.bn.weight - torch.Size([152]): 
The value is the same before and after calling `init_weights` of EncoderDecoder  

backbone.network.2.1.token_mixer.mixer.rbr_conv.0.bn.bias - torch.Size([152]): 
The value is the same before and after calling `init_weights` of EncoderDecoder  

backbone.network.2.1.token_mixer.mixer.rbr_scale.conv.weight - torch.Size([152, 1, 1, 1]): 
The value is the same before and after calling `init_weights` of EncoderDecoder  

backbone.network.2.1.token_mixer.mixer.rbr_scale.bn.weight - torch.Size([152]): 
The value is the same before and after calling `init_weights` of EncoderDecoder  

backbone.network.2.1.token_mixer.mixer.rbr_scale.bn.bias - torch.Size([152]): 
The value is the same before and after calling `init_weights` of EncoderDecoder  

backbone.network.2.1.convffn.conv.conv.weight - torch.Size([152, 1, 7, 7]): 
The value is the same before and after calling `init_weights` of EncoderDecoder  

backbone.network.2.1.convffn.conv.bn.weight - torch.Size([152]): 
The value is the same before and after calling `init_weights` of EncoderDecoder  

backbone.network.2.1.convffn.conv.bn.bias - torch.Size([152]): 
The value is the same before and after calling `init_weights` of EncoderDecoder  

backbone.network.2.1.convffn.fc1.weight - torch.Size([608, 152, 1, 1]): 
The value is the same before and after calling `init_weights` of EncoderDecoder  

backbone.network.2.1.convffn.fc1.bias - torch.Size([608]): 
The value is the same before and after calling `init_weights` of EncoderDecoder  

backbone.network.2.1.convffn.fc2.weight - torch.Size([152, 608, 1, 1]): 
The value is the same before and after calling `init_weights` of EncoderDecoder  

backbone.network.2.1.convffn.fc2.bias - torch.Size([152]): 
The value is the same before and after calling `init_weights` of EncoderDecoder  

backbone.network.2.2.layer_scale - torch.Size([152, 1, 1]): 
The value is the same before and after calling `init_weights` of EncoderDecoder  

backbone.network.2.2.token_mixer.layer_scale - torch.Size([152, 1, 1]): 
The value is the same before and after calling `init_weights` of EncoderDecoder  

backbone.network.2.2.token_mixer.norm.rbr_skip.weight - torch.Size([152]): 
The value is the same before and after calling `init_weights` of EncoderDecoder  

backbone.network.2.2.token_mixer.norm.rbr_skip.bias - torch.Size([152]): 
The value is the same before and after calling `init_weights` of EncoderDecoder  

backbone.network.2.2.token_mixer.mixer.rbr_skip.weight - torch.Size([152]): 
The value is the same before and after calling `init_weights` of EncoderDecoder  

backbone.network.2.2.token_mixer.mixer.rbr_skip.bias - torch.Size([152]): 
The value is the same before and after calling `init_weights` of EncoderDecoder  

backbone.network.2.2.token_mixer.mixer.rbr_conv.0.conv.weight - torch.Size([152, 1, 3, 3]): 
The value is the same before and after calling `init_weights` of EncoderDecoder  

backbone.network.2.2.token_mixer.mixer.rbr_conv.0.bn.weight - torch.Size([152]): 
The value is the same before and after calling `init_weights` of EncoderDecoder  

backbone.network.2.2.token_mixer.mixer.rbr_conv.0.bn.bias - torch.Size([152]): 
The value is the same before and after calling `init_weights` of EncoderDecoder  

backbone.network.2.2.token_mixer.mixer.rbr_scale.conv.weight - torch.Size([152, 1, 1, 1]): 
The value is the same before and after calling `init_weights` of EncoderDecoder  

backbone.network.2.2.token_mixer.mixer.rbr_scale.bn.weight - torch.Size([152]): 
The value is the same before and after calling `init_weights` of EncoderDecoder  

backbone.network.2.2.token_mixer.mixer.rbr_scale.bn.bias - torch.Size([152]): 
The value is the same before and after calling `init_weights` of EncoderDecoder  

backbone.network.2.2.convffn.conv.conv.weight - torch.Size([152, 1, 7, 7]): 
The value is the same before and after calling `init_weights` of EncoderDecoder  

backbone.network.2.2.convffn.conv.bn.weight - torch.Size([152]): 
The value is the same before and after calling `init_weights` of EncoderDecoder  

backbone.network.2.2.convffn.conv.bn.bias - torch.Size([152]): 
The value is the same before and after calling `init_weights` of EncoderDecoder  

backbone.network.2.2.convffn.fc1.weight - torch.Size([608, 152, 1, 1]): 
The value is the same before and after calling `init_weights` of EncoderDecoder  

backbone.network.2.2.convffn.fc1.bias - torch.Size([608]): 
The value is the same before and after calling `init_weights` of EncoderDecoder  

backbone.network.2.2.convffn.fc2.weight - torch.Size([152, 608, 1, 1]): 
The value is the same before and after calling `init_weights` of EncoderDecoder  

backbone.network.2.2.convffn.fc2.bias - torch.Size([152]): 
The value is the same before and after calling `init_weights` of EncoderDecoder  

backbone.network.2.3.layer_scale - torch.Size([152, 1, 1]): 
The value is the same before and after calling `init_weights` of EncoderDecoder  

backbone.network.2.3.token_mixer.layer_scale - torch.Size([152, 1, 1]): 
The value is the same before and after calling `init_weights` of EncoderDecoder  

backbone.network.2.3.token_mixer.norm.rbr_skip.weight - torch.Size([152]): 
The value is the same before and after calling `init_weights` of EncoderDecoder  

backbone.network.2.3.token_mixer.norm.rbr_skip.bias - torch.Size([152]): 
The value is the same before and after calling `init_weights` of EncoderDecoder  

backbone.network.2.3.token_mixer.mixer.rbr_skip.weight - torch.Size([152]): 
The value is the same before and after calling `init_weights` of EncoderDecoder  

backbone.network.2.3.token_mixer.mixer.rbr_skip.bias - torch.Size([152]): 
The value is the same before and after calling `init_weights` of EncoderDecoder  

backbone.network.2.3.token_mixer.mixer.rbr_conv.0.conv.weight - torch.Size([152, 1, 3, 3]): 
The value is the same before and after calling `init_weights` of EncoderDecoder  

backbone.network.2.3.token_mixer.mixer.rbr_conv.0.bn.weight - torch.Size([152]): 
The value is the same before and after calling `init_weights` of EncoderDecoder  

backbone.network.2.3.token_mixer.mixer.rbr_conv.0.bn.bias - torch.Size([152]): 
The value is the same before and after calling `init_weights` of EncoderDecoder  

backbone.network.2.3.token_mixer.mixer.rbr_scale.conv.weight - torch.Size([152, 1, 1, 1]): 
The value is the same before and after calling `init_weights` of EncoderDecoder  

backbone.network.2.3.token_mixer.mixer.rbr_scale.bn.weight - torch.Size([152]): 
The value is the same before and after calling `init_weights` of EncoderDecoder  

backbone.network.2.3.token_mixer.mixer.rbr_scale.bn.bias - torch.Size([152]): 
The value is the same before and after calling `init_weights` of EncoderDecoder  

backbone.network.2.3.convffn.conv.conv.weight - torch.Size([152, 1, 7, 7]): 
The value is the same before and after calling `init_weights` of EncoderDecoder  

backbone.network.2.3.convffn.conv.bn.weight - torch.Size([152]): 
The value is the same before and after calling `init_weights` of EncoderDecoder  

backbone.network.2.3.convffn.conv.bn.bias - torch.Size([152]): 
The value is the same before and after calling `init_weights` of EncoderDecoder  

backbone.network.2.3.convffn.fc1.weight - torch.Size([608, 152, 1, 1]): 
The value is the same before and after calling `init_weights` of EncoderDecoder  

backbone.network.2.3.convffn.fc1.bias - torch.Size([608]): 
The value is the same before and after calling `init_weights` of EncoderDecoder  

backbone.network.2.3.convffn.fc2.weight - torch.Size([152, 608, 1, 1]): 
The value is the same before and after calling `init_weights` of EncoderDecoder  

backbone.network.2.3.convffn.fc2.bias - torch.Size([152]): 
The value is the same before and after calling `init_weights` of EncoderDecoder  

backbone.network.2.4.layer_scale - torch.Size([152, 1, 1]): 
The value is the same before and after calling `init_weights` of EncoderDecoder  

backbone.network.2.4.token_mixer.layer_scale - torch.Size([152, 1, 1]): 
The value is the same before and after calling `init_weights` of EncoderDecoder  

backbone.network.2.4.token_mixer.norm.rbr_skip.weight - torch.Size([152]): 
The value is the same before and after calling `init_weights` of EncoderDecoder  

backbone.network.2.4.token_mixer.norm.rbr_skip.bias - torch.Size([152]): 
The value is the same before and after calling `init_weights` of EncoderDecoder  

backbone.network.2.4.token_mixer.mixer.rbr_skip.weight - torch.Size([152]): 
The value is the same before and after calling `init_weights` of EncoderDecoder  

backbone.network.2.4.token_mixer.mixer.rbr_skip.bias - torch.Size([152]): 
The value is the same before and after calling `init_weights` of EncoderDecoder  

backbone.network.2.4.token_mixer.mixer.rbr_conv.0.conv.weight - torch.Size([152, 1, 3, 3]): 
The value is the same before and after calling `init_weights` of EncoderDecoder  

backbone.network.2.4.token_mixer.mixer.rbr_conv.0.bn.weight - torch.Size([152]): 
The value is the same before and after calling `init_weights` of EncoderDecoder  

backbone.network.2.4.token_mixer.mixer.rbr_conv.0.bn.bias - torch.Size([152]): 
The value is the same before and after calling `init_weights` of EncoderDecoder  

backbone.network.2.4.token_mixer.mixer.rbr_scale.conv.weight - torch.Size([152, 1, 1, 1]): 
The value is the same before and after calling `init_weights` of EncoderDecoder  

backbone.network.2.4.token_mixer.mixer.rbr_scale.bn.weight - torch.Size([152]): 
The value is the same before and after calling `init_weights` of EncoderDecoder  

backbone.network.2.4.token_mixer.mixer.rbr_scale.bn.bias - torch.Size([152]): 
The value is the same before and after calling `init_weights` of EncoderDecoder  

backbone.network.2.4.convffn.conv.conv.weight - torch.Size([152, 1, 7, 7]): 
The value is the same before and after calling `init_weights` of EncoderDecoder  

backbone.network.2.4.convffn.conv.bn.weight - torch.Size([152]): 
The value is the same before and after calling `init_weights` of EncoderDecoder  

backbone.network.2.4.convffn.conv.bn.bias - torch.Size([152]): 
The value is the same before and after calling `init_weights` of EncoderDecoder  

backbone.network.2.4.convffn.fc1.weight - torch.Size([608, 152, 1, 1]): 
The value is the same before and after calling `init_weights` of EncoderDecoder  

backbone.network.2.4.convffn.fc1.bias - torch.Size([608]): 
The value is the same before and after calling `init_weights` of EncoderDecoder  

backbone.network.2.4.convffn.fc2.weight - torch.Size([152, 608, 1, 1]): 
The value is the same before and after calling `init_weights` of EncoderDecoder  

backbone.network.2.4.convffn.fc2.bias - torch.Size([152]): 
The value is the same before and after calling `init_weights` of EncoderDecoder  

backbone.network.2.5.layer_scale - torch.Size([152, 1, 1]): 
The value is the same before and after calling `init_weights` of EncoderDecoder  

backbone.network.2.5.token_mixer.layer_scale - torch.Size([152, 1, 1]): 
The value is the same before and after calling `init_weights` of EncoderDecoder  

backbone.network.2.5.token_mixer.norm.rbr_skip.weight - torch.Size([152]): 
The value is the same before and after calling `init_weights` of EncoderDecoder  

backbone.network.2.5.token_mixer.norm.rbr_skip.bias - torch.Size([152]): 
The value is the same before and after calling `init_weights` of EncoderDecoder  

backbone.network.2.5.token_mixer.mixer.rbr_skip.weight - torch.Size([152]): 
The value is the same before and after calling `init_weights` of EncoderDecoder  

backbone.network.2.5.token_mixer.mixer.rbr_skip.bias - torch.Size([152]): 
The value is the same before and after calling `init_weights` of EncoderDecoder  

backbone.network.2.5.token_mixer.mixer.rbr_conv.0.conv.weight - torch.Size([152, 1, 3, 3]): 
The value is the same before and after calling `init_weights` of EncoderDecoder  

backbone.network.2.5.token_mixer.mixer.rbr_conv.0.bn.weight - torch.Size([152]): 
The value is the same before and after calling `init_weights` of EncoderDecoder  

backbone.network.2.5.token_mixer.mixer.rbr_conv.0.bn.bias - torch.Size([152]): 
The value is the same before and after calling `init_weights` of EncoderDecoder  

backbone.network.2.5.token_mixer.mixer.rbr_scale.conv.weight - torch.Size([152, 1, 1, 1]): 
The value is the same before and after calling `init_weights` of EncoderDecoder  

backbone.network.2.5.token_mixer.mixer.rbr_scale.bn.weight - torch.Size([152]): 
The value is the same before and after calling `init_weights` of EncoderDecoder  

backbone.network.2.5.token_mixer.mixer.rbr_scale.bn.bias - torch.Size([152]): 
The value is the same before and after calling `init_weights` of EncoderDecoder  

backbone.network.2.5.convffn.conv.conv.weight - torch.Size([152, 1, 7, 7]): 
The value is the same before and after calling `init_weights` of EncoderDecoder  

backbone.network.2.5.convffn.conv.bn.weight - torch.Size([152]): 
The value is the same before and after calling `init_weights` of EncoderDecoder  

backbone.network.2.5.convffn.conv.bn.bias - torch.Size([152]): 
The value is the same before and after calling `init_weights` of EncoderDecoder  

backbone.network.2.5.convffn.fc1.weight - torch.Size([608, 152, 1, 1]): 
The value is the same before and after calling `init_weights` of EncoderDecoder  

backbone.network.2.5.convffn.fc1.bias - torch.Size([608]): 
The value is the same before and after calling `init_weights` of EncoderDecoder  

backbone.network.2.5.convffn.fc2.weight - torch.Size([152, 608, 1, 1]): 
The value is the same before and after calling `init_weights` of EncoderDecoder  

backbone.network.2.5.convffn.fc2.bias - torch.Size([152]): 
The value is the same before and after calling `init_weights` of EncoderDecoder  

backbone.network.3.proj.0.lkb_origin.conv.weight - torch.Size([304, 1, 7, 7]): 
The value is the same before and after calling `init_weights` of EncoderDecoder  

backbone.network.3.proj.0.lkb_origin.bn.weight - torch.Size([304]): 
The value is the same before and after calling `init_weights` of EncoderDecoder  

backbone.network.3.proj.0.lkb_origin.bn.bias - torch.Size([304]): 
The value is the same before and after calling `init_weights` of EncoderDecoder  

backbone.network.3.proj.0.small_conv.conv.weight - torch.Size([304, 1, 3, 3]): 
The value is the same before and after calling `init_weights` of EncoderDecoder  

backbone.network.3.proj.0.small_conv.bn.weight - torch.Size([304]): 
The value is the same before and after calling `init_weights` of EncoderDecoder  

backbone.network.3.proj.0.small_conv.bn.bias - torch.Size([304]): 
The value is the same before and after calling `init_weights` of EncoderDecoder  

backbone.network.3.proj.1.rbr_skip.weight - torch.Size([304]): 
The value is the same before and after calling `init_weights` of EncoderDecoder  

backbone.network.3.proj.1.rbr_skip.bias - torch.Size([304]): 
The value is the same before and after calling `init_weights` of EncoderDecoder  

backbone.network.3.proj.1.rbr_conv.0.conv.weight - torch.Size([304, 304, 1, 1]): 
The value is the same before and after calling `init_weights` of EncoderDecoder  

backbone.network.3.proj.1.rbr_conv.0.bn.weight - torch.Size([304]): 
The value is the same before and after calling `init_weights` of EncoderDecoder  

backbone.network.3.proj.1.rbr_conv.0.bn.bias - torch.Size([304]): 
The value is the same before and after calling `init_weights` of EncoderDecoder  

backbone.network.4.0.layer_scale - torch.Size([304, 1, 1]): 
The value is the same before and after calling `init_weights` of EncoderDecoder  

backbone.network.4.0.token_mixer.layer_scale - torch.Size([304, 1, 1]): 
The value is the same before and after calling `init_weights` of EncoderDecoder  

backbone.network.4.0.token_mixer.norm.rbr_skip.weight - torch.Size([304]): 
The value is the same before and after calling `init_weights` of EncoderDecoder  

backbone.network.4.0.token_mixer.norm.rbr_skip.bias - torch.Size([304]): 
The value is the same before and after calling `init_weights` of EncoderDecoder  

backbone.network.4.0.token_mixer.mixer.rbr_skip.weight - torch.Size([304]): 
The value is the same before and after calling `init_weights` of EncoderDecoder  

backbone.network.4.0.token_mixer.mixer.rbr_skip.bias - torch.Size([304]): 
The value is the same before and after calling `init_weights` of EncoderDecoder  

backbone.network.4.0.token_mixer.mixer.rbr_conv.0.conv.weight - torch.Size([304, 1, 3, 3]): 
The value is the same before and after calling `init_weights` of EncoderDecoder  

backbone.network.4.0.token_mixer.mixer.rbr_conv.0.bn.weight - torch.Size([304]): 
The value is the same before and after calling `init_weights` of EncoderDecoder  

backbone.network.4.0.token_mixer.mixer.rbr_conv.0.bn.bias - torch.Size([304]): 
The value is the same before and after calling `init_weights` of EncoderDecoder  

backbone.network.4.0.token_mixer.mixer.rbr_scale.conv.weight - torch.Size([304, 1, 1, 1]): 
The value is the same before and after calling `init_weights` of EncoderDecoder  

backbone.network.4.0.token_mixer.mixer.rbr_scale.bn.weight - torch.Size([304]): 
The value is the same before and after calling `init_weights` of EncoderDecoder  

backbone.network.4.0.token_mixer.mixer.rbr_scale.bn.bias - torch.Size([304]): 
The value is the same before and after calling `init_weights` of EncoderDecoder  

backbone.network.4.0.convffn.conv.conv.weight - torch.Size([304, 1, 7, 7]): 
The value is the same before and after calling `init_weights` of EncoderDecoder  

backbone.network.4.0.convffn.conv.bn.weight - torch.Size([304]): 
The value is the same before and after calling `init_weights` of EncoderDecoder  

backbone.network.4.0.convffn.conv.bn.bias - torch.Size([304]): 
The value is the same before and after calling `init_weights` of EncoderDecoder  

backbone.network.4.0.convffn.fc1.weight - torch.Size([1216, 304, 1, 1]): 
The value is the same before and after calling `init_weights` of EncoderDecoder  

backbone.network.4.0.convffn.fc1.bias - torch.Size([1216]): 
The value is the same before and after calling `init_weights` of EncoderDecoder  

backbone.network.4.0.convffn.fc2.weight - torch.Size([304, 1216, 1, 1]): 
The value is the same before and after calling `init_weights` of EncoderDecoder  

backbone.network.4.0.convffn.fc2.bias - torch.Size([304]): 
The value is the same before and after calling `init_weights` of EncoderDecoder  

backbone.network.4.1.layer_scale - torch.Size([304, 1, 1]): 
The value is the same before and after calling `init_weights` of EncoderDecoder  

backbone.network.4.1.token_mixer.layer_scale - torch.Size([304, 1, 1]): 
The value is the same before and after calling `init_weights` of EncoderDecoder  

backbone.network.4.1.token_mixer.norm.rbr_skip.weight - torch.Size([304]): 
The value is the same before and after calling `init_weights` of EncoderDecoder  

backbone.network.4.1.token_mixer.norm.rbr_skip.bias - torch.Size([304]): 
The value is the same before and after calling `init_weights` of EncoderDecoder  

backbone.network.4.1.token_mixer.mixer.rbr_skip.weight - torch.Size([304]): 
The value is the same before and after calling `init_weights` of EncoderDecoder  

backbone.network.4.1.token_mixer.mixer.rbr_skip.bias - torch.Size([304]): 
The value is the same before and after calling `init_weights` of EncoderDecoder  

backbone.network.4.1.token_mixer.mixer.rbr_conv.0.conv.weight - torch.Size([304, 1, 3, 3]): 
The value is the same before and after calling `init_weights` of EncoderDecoder  

backbone.network.4.1.token_mixer.mixer.rbr_conv.0.bn.weight - torch.Size([304]): 
The value is the same before and after calling `init_weights` of EncoderDecoder  

backbone.network.4.1.token_mixer.mixer.rbr_conv.0.bn.bias - torch.Size([304]): 
The value is the same before and after calling `init_weights` of EncoderDecoder  

backbone.network.4.1.token_mixer.mixer.rbr_scale.conv.weight - torch.Size([304, 1, 1, 1]): 
The value is the same before and after calling `init_weights` of EncoderDecoder  

backbone.network.4.1.token_mixer.mixer.rbr_scale.bn.weight - torch.Size([304]): 
The value is the same before and after calling `init_weights` of EncoderDecoder  

backbone.network.4.1.token_mixer.mixer.rbr_scale.bn.bias - torch.Size([304]): 
The value is the same before and after calling `init_weights` of EncoderDecoder  

backbone.network.4.1.convffn.conv.conv.weight - torch.Size([304, 1, 7, 7]): 
The value is the same before and after calling `init_weights` of EncoderDecoder  

backbone.network.4.1.convffn.conv.bn.weight - torch.Size([304]): 
The value is the same before and after calling `init_weights` of EncoderDecoder  

backbone.network.4.1.convffn.conv.bn.bias - torch.Size([304]): 
The value is the same before and after calling `init_weights` of EncoderDecoder  

backbone.network.4.1.convffn.fc1.weight - torch.Size([1216, 304, 1, 1]): 
The value is the same before and after calling `init_weights` of EncoderDecoder  

backbone.network.4.1.convffn.fc1.bias - torch.Size([1216]): 
The value is the same before and after calling `init_weights` of EncoderDecoder  

backbone.network.4.1.convffn.fc2.weight - torch.Size([304, 1216, 1, 1]): 
The value is the same before and after calling `init_weights` of EncoderDecoder  

backbone.network.4.1.convffn.fc2.bias - torch.Size([304]): 
The value is the same before and after calling `init_weights` of EncoderDecoder  

backbone.network.4.2.layer_scale - torch.Size([304, 1, 1]): 
The value is the same before and after calling `init_weights` of EncoderDecoder  

backbone.network.4.2.token_mixer.layer_scale - torch.Size([304, 1, 1]): 
The value is the same before and after calling `init_weights` of EncoderDecoder  

backbone.network.4.2.token_mixer.norm.rbr_skip.weight - torch.Size([304]): 
The value is the same before and after calling `init_weights` of EncoderDecoder  

backbone.network.4.2.token_mixer.norm.rbr_skip.bias - torch.Size([304]): 
The value is the same before and after calling `init_weights` of EncoderDecoder  

backbone.network.4.2.token_mixer.mixer.rbr_skip.weight - torch.Size([304]): 
The value is the same before and after calling `init_weights` of EncoderDecoder  

backbone.network.4.2.token_mixer.mixer.rbr_skip.bias - torch.Size([304]): 
The value is the same before and after calling `init_weights` of EncoderDecoder  

backbone.network.4.2.token_mixer.mixer.rbr_conv.0.conv.weight - torch.Size([304, 1, 3, 3]): 
The value is the same before and after calling `init_weights` of EncoderDecoder  

backbone.network.4.2.token_mixer.mixer.rbr_conv.0.bn.weight - torch.Size([304]): 
The value is the same before and after calling `init_weights` of EncoderDecoder  

backbone.network.4.2.token_mixer.mixer.rbr_conv.0.bn.bias - torch.Size([304]): 
The value is the same before and after calling `init_weights` of EncoderDecoder  

backbone.network.4.2.token_mixer.mixer.rbr_scale.conv.weight - torch.Size([304, 1, 1, 1]): 
The value is the same before and after calling `init_weights` of EncoderDecoder  

backbone.network.4.2.token_mixer.mixer.rbr_scale.bn.weight - torch.Size([304]): 
The value is the same before and after calling `init_weights` of EncoderDecoder  

backbone.network.4.2.token_mixer.mixer.rbr_scale.bn.bias - torch.Size([304]): 
The value is the same before and after calling `init_weights` of EncoderDecoder  

backbone.network.4.2.convffn.conv.conv.weight - torch.Size([304, 1, 7, 7]): 
The value is the same before and after calling `init_weights` of EncoderDecoder  

backbone.network.4.2.convffn.conv.bn.weight - torch.Size([304]): 
The value is the same before and after calling `init_weights` of EncoderDecoder  

backbone.network.4.2.convffn.conv.bn.bias - torch.Size([304]): 
The value is the same before and after calling `init_weights` of EncoderDecoder  

backbone.network.4.2.convffn.fc1.weight - torch.Size([1216, 304, 1, 1]): 
The value is the same before and after calling `init_weights` of EncoderDecoder  

backbone.network.4.2.convffn.fc1.bias - torch.Size([1216]): 
The value is the same before and after calling `init_weights` of EncoderDecoder  

backbone.network.4.2.convffn.fc2.weight - torch.Size([304, 1216, 1, 1]): 
The value is the same before and after calling `init_weights` of EncoderDecoder  

backbone.network.4.2.convffn.fc2.bias - torch.Size([304]): 
The value is the same before and after calling `init_weights` of EncoderDecoder  

backbone.network.4.3.layer_scale - torch.Size([304, 1, 1]): 
The value is the same before and after calling `init_weights` of EncoderDecoder  

backbone.network.4.3.token_mixer.layer_scale - torch.Size([304, 1, 1]): 
The value is the same before and after calling `init_weights` of EncoderDecoder  

backbone.network.4.3.token_mixer.norm.rbr_skip.weight - torch.Size([304]): 
The value is the same before and after calling `init_weights` of EncoderDecoder  

backbone.network.4.3.token_mixer.norm.rbr_skip.bias - torch.Size([304]): 
The value is the same before and after calling `init_weights` of EncoderDecoder  

backbone.network.4.3.token_mixer.mixer.rbr_skip.weight - torch.Size([304]): 
The value is the same before and after calling `init_weights` of EncoderDecoder  

backbone.network.4.3.token_mixer.mixer.rbr_skip.bias - torch.Size([304]): 
The value is the same before and after calling `init_weights` of EncoderDecoder  

backbone.network.4.3.token_mixer.mixer.rbr_conv.0.conv.weight - torch.Size([304, 1, 3, 3]): 
The value is the same before and after calling `init_weights` of EncoderDecoder  

backbone.network.4.3.token_mixer.mixer.rbr_conv.0.bn.weight - torch.Size([304]): 
The value is the same before and after calling `init_weights` of EncoderDecoder  

backbone.network.4.3.token_mixer.mixer.rbr_conv.0.bn.bias - torch.Size([304]): 
The value is the same before and after calling `init_weights` of EncoderDecoder  

backbone.network.4.3.token_mixer.mixer.rbr_scale.conv.weight - torch.Size([304, 1, 1, 1]): 
The value is the same before and after calling `init_weights` of EncoderDecoder  

backbone.network.4.3.token_mixer.mixer.rbr_scale.bn.weight - torch.Size([304]): 
The value is the same before and after calling `init_weights` of EncoderDecoder  

backbone.network.4.3.token_mixer.mixer.rbr_scale.bn.bias - torch.Size([304]): 
The value is the same before and after calling `init_weights` of EncoderDecoder  

backbone.network.4.3.convffn.conv.conv.weight - torch.Size([304, 1, 7, 7]): 
The value is the same before and after calling `init_weights` of EncoderDecoder  

backbone.network.4.3.convffn.conv.bn.weight - torch.Size([304]): 
The value is the same before and after calling `init_weights` of EncoderDecoder  

backbone.network.4.3.convffn.conv.bn.bias - torch.Size([304]): 
The value is the same before and after calling `init_weights` of EncoderDecoder  

backbone.network.4.3.convffn.fc1.weight - torch.Size([1216, 304, 1, 1]): 
The value is the same before and after calling `init_weights` of EncoderDecoder  

backbone.network.4.3.convffn.fc1.bias - torch.Size([1216]): 
The value is the same before and after calling `init_weights` of EncoderDecoder  

backbone.network.4.3.convffn.fc2.weight - torch.Size([304, 1216, 1, 1]): 
The value is the same before and after calling `init_weights` of EncoderDecoder  

backbone.network.4.3.convffn.fc2.bias - torch.Size([304]): 
The value is the same before and after calling `init_weights` of EncoderDecoder  

backbone.network.4.4.layer_scale - torch.Size([304, 1, 1]): 
The value is the same before and after calling `init_weights` of EncoderDecoder  

backbone.network.4.4.token_mixer.layer_scale - torch.Size([304, 1, 1]): 
The value is the same before and after calling `init_weights` of EncoderDecoder  

backbone.network.4.4.token_mixer.norm.rbr_skip.weight - torch.Size([304]): 
The value is the same before and after calling `init_weights` of EncoderDecoder  

backbone.network.4.4.token_mixer.norm.rbr_skip.bias - torch.Size([304]): 
The value is the same before and after calling `init_weights` of EncoderDecoder  

backbone.network.4.4.token_mixer.mixer.rbr_skip.weight - torch.Size([304]): 
The value is the same before and after calling `init_weights` of EncoderDecoder  

backbone.network.4.4.token_mixer.mixer.rbr_skip.bias - torch.Size([304]): 
The value is the same before and after calling `init_weights` of EncoderDecoder  

backbone.network.4.4.token_mixer.mixer.rbr_conv.0.conv.weight - torch.Size([304, 1, 3, 3]): 
The value is the same before and after calling `init_weights` of EncoderDecoder  

backbone.network.4.4.token_mixer.mixer.rbr_conv.0.bn.weight - torch.Size([304]): 
The value is the same before and after calling `init_weights` of EncoderDecoder  

backbone.network.4.4.token_mixer.mixer.rbr_conv.0.bn.bias - torch.Size([304]): 
The value is the same before and after calling `init_weights` of EncoderDecoder  

backbone.network.4.4.token_mixer.mixer.rbr_scale.conv.weight - torch.Size([304, 1, 1, 1]): 
The value is the same before and after calling `init_weights` of EncoderDecoder  

backbone.network.4.4.token_mixer.mixer.rbr_scale.bn.weight - torch.Size([304]): 
The value is the same before and after calling `init_weights` of EncoderDecoder  

backbone.network.4.4.token_mixer.mixer.rbr_scale.bn.bias - torch.Size([304]): 
The value is the same before and after calling `init_weights` of EncoderDecoder  

backbone.network.4.4.convffn.conv.conv.weight - torch.Size([304, 1, 7, 7]): 
The value is the same before and after calling `init_weights` of EncoderDecoder  

backbone.network.4.4.convffn.conv.bn.weight - torch.Size([304]): 
The value is the same before and after calling `init_weights` of EncoderDecoder  

backbone.network.4.4.convffn.conv.bn.bias - torch.Size([304]): 
The value is the same before and after calling `init_weights` of EncoderDecoder  

backbone.network.4.4.convffn.fc1.weight - torch.Size([1216, 304, 1, 1]): 
The value is the same before and after calling `init_weights` of EncoderDecoder  

backbone.network.4.4.convffn.fc1.bias - torch.Size([1216]): 
The value is the same before and after calling `init_weights` of EncoderDecoder  

backbone.network.4.4.convffn.fc2.weight - torch.Size([304, 1216, 1, 1]): 
The value is the same before and after calling `init_weights` of EncoderDecoder  

backbone.network.4.4.convffn.fc2.bias - torch.Size([304]): 
The value is the same before and after calling `init_weights` of EncoderDecoder  

backbone.network.4.5.layer_scale - torch.Size([304, 1, 1]): 
The value is the same before and after calling `init_weights` of EncoderDecoder  

backbone.network.4.5.token_mixer.layer_scale - torch.Size([304, 1, 1]): 
The value is the same before and after calling `init_weights` of EncoderDecoder  

backbone.network.4.5.token_mixer.norm.rbr_skip.weight - torch.Size([304]): 
The value is the same before and after calling `init_weights` of EncoderDecoder  

backbone.network.4.5.token_mixer.norm.rbr_skip.bias - torch.Size([304]): 
The value is the same before and after calling `init_weights` of EncoderDecoder  

backbone.network.4.5.token_mixer.mixer.rbr_skip.weight - torch.Size([304]): 
The value is the same before and after calling `init_weights` of EncoderDecoder  

backbone.network.4.5.token_mixer.mixer.rbr_skip.bias - torch.Size([304]): 
The value is the same before and after calling `init_weights` of EncoderDecoder  

backbone.network.4.5.token_mixer.mixer.rbr_conv.0.conv.weight - torch.Size([304, 1, 3, 3]): 
The value is the same before and after calling `init_weights` of EncoderDecoder  

backbone.network.4.5.token_mixer.mixer.rbr_conv.0.bn.weight - torch.Size([304]): 
The value is the same before and after calling `init_weights` of EncoderDecoder  

backbone.network.4.5.token_mixer.mixer.rbr_conv.0.bn.bias - torch.Size([304]): 
The value is the same before and after calling `init_weights` of EncoderDecoder  

backbone.network.4.5.token_mixer.mixer.rbr_scale.conv.weight - torch.Size([304, 1, 1, 1]): 
The value is the same before and after calling `init_weights` of EncoderDecoder  

backbone.network.4.5.token_mixer.mixer.rbr_scale.bn.weight - torch.Size([304]): 
The value is the same before and after calling `init_weights` of EncoderDecoder  

backbone.network.4.5.token_mixer.mixer.rbr_scale.bn.bias - torch.Size([304]): 
The value is the same before and after calling `init_weights` of EncoderDecoder  

backbone.network.4.5.convffn.conv.conv.weight - torch.Size([304, 1, 7, 7]): 
The value is the same before and after calling `init_weights` of EncoderDecoder  

backbone.network.4.5.convffn.conv.bn.weight - torch.Size([304]): 
The value is the same before and after calling `init_weights` of EncoderDecoder  

backbone.network.4.5.convffn.conv.bn.bias - torch.Size([304]): 
The value is the same before and after calling `init_weights` of EncoderDecoder  

backbone.network.4.5.convffn.fc1.weight - torch.Size([1216, 304, 1, 1]): 
The value is the same before and after calling `init_weights` of EncoderDecoder  

backbone.network.4.5.convffn.fc1.bias - torch.Size([1216]): 
The value is the same before and after calling `init_weights` of EncoderDecoder  

backbone.network.4.5.convffn.fc2.weight - torch.Size([304, 1216, 1, 1]): 
The value is the same before and after calling `init_weights` of EncoderDecoder  

backbone.network.4.5.convffn.fc2.bias - torch.Size([304]): 
The value is the same before and after calling `init_weights` of EncoderDecoder  

backbone.network.4.6.layer_scale - torch.Size([304, 1, 1]): 
The value is the same before and after calling `init_weights` of EncoderDecoder  

backbone.network.4.6.token_mixer.layer_scale - torch.Size([304, 1, 1]): 
The value is the same before and after calling `init_weights` of EncoderDecoder  

backbone.network.4.6.token_mixer.norm.rbr_skip.weight - torch.Size([304]): 
The value is the same before and after calling `init_weights` of EncoderDecoder  

backbone.network.4.6.token_mixer.norm.rbr_skip.bias - torch.Size([304]): 
The value is the same before and after calling `init_weights` of EncoderDecoder  

backbone.network.4.6.token_mixer.mixer.rbr_skip.weight - torch.Size([304]): 
The value is the same before and after calling `init_weights` of EncoderDecoder  

backbone.network.4.6.token_mixer.mixer.rbr_skip.bias - torch.Size([304]): 
The value is the same before and after calling `init_weights` of EncoderDecoder  

backbone.network.4.6.token_mixer.mixer.rbr_conv.0.conv.weight - torch.Size([304, 1, 3, 3]): 
The value is the same before and after calling `init_weights` of EncoderDecoder  

backbone.network.4.6.token_mixer.mixer.rbr_conv.0.bn.weight - torch.Size([304]): 
The value is the same before and after calling `init_weights` of EncoderDecoder  

backbone.network.4.6.token_mixer.mixer.rbr_conv.0.bn.bias - torch.Size([304]): 
The value is the same before and after calling `init_weights` of EncoderDecoder  

backbone.network.4.6.token_mixer.mixer.rbr_scale.conv.weight - torch.Size([304, 1, 1, 1]): 
The value is the same before and after calling `init_weights` of EncoderDecoder  

backbone.network.4.6.token_mixer.mixer.rbr_scale.bn.weight - torch.Size([304]): 
The value is the same before and after calling `init_weights` of EncoderDecoder  

backbone.network.4.6.token_mixer.mixer.rbr_scale.bn.bias - torch.Size([304]): 
The value is the same before and after calling `init_weights` of EncoderDecoder  

backbone.network.4.6.convffn.conv.conv.weight - torch.Size([304, 1, 7, 7]): 
The value is the same before and after calling `init_weights` of EncoderDecoder  

backbone.network.4.6.convffn.conv.bn.weight - torch.Size([304]): 
The value is the same before and after calling `init_weights` of EncoderDecoder  

backbone.network.4.6.convffn.conv.bn.bias - torch.Size([304]): 
The value is the same before and after calling `init_weights` of EncoderDecoder  

backbone.network.4.6.convffn.fc1.weight - torch.Size([1216, 304, 1, 1]): 
The value is the same before and after calling `init_weights` of EncoderDecoder  

backbone.network.4.6.convffn.fc1.bias - torch.Size([1216]): 
The value is the same before and after calling `init_weights` of EncoderDecoder  

backbone.network.4.6.convffn.fc2.weight - torch.Size([304, 1216, 1, 1]): 
The value is the same before and after calling `init_weights` of EncoderDecoder  

backbone.network.4.6.convffn.fc2.bias - torch.Size([304]): 
The value is the same before and after calling `init_weights` of EncoderDecoder  

backbone.network.4.7.layer_scale - torch.Size([304, 1, 1]): 
The value is the same before and after calling `init_weights` of EncoderDecoder  

backbone.network.4.7.token_mixer.layer_scale - torch.Size([304, 1, 1]): 
The value is the same before and after calling `init_weights` of EncoderDecoder  

backbone.network.4.7.token_mixer.norm.rbr_skip.weight - torch.Size([304]): 
The value is the same before and after calling `init_weights` of EncoderDecoder  

backbone.network.4.7.token_mixer.norm.rbr_skip.bias - torch.Size([304]): 
The value is the same before and after calling `init_weights` of EncoderDecoder  

backbone.network.4.7.token_mixer.mixer.rbr_skip.weight - torch.Size([304]): 
The value is the same before and after calling `init_weights` of EncoderDecoder  

backbone.network.4.7.token_mixer.mixer.rbr_skip.bias - torch.Size([304]): 
The value is the same before and after calling `init_weights` of EncoderDecoder  

backbone.network.4.7.token_mixer.mixer.rbr_conv.0.conv.weight - torch.Size([304, 1, 3, 3]): 
The value is the same before and after calling `init_weights` of EncoderDecoder  

backbone.network.4.7.token_mixer.mixer.rbr_conv.0.bn.weight - torch.Size([304]): 
The value is the same before and after calling `init_weights` of EncoderDecoder  

backbone.network.4.7.token_mixer.mixer.rbr_conv.0.bn.bias - torch.Size([304]): 
The value is the same before and after calling `init_weights` of EncoderDecoder  

backbone.network.4.7.token_mixer.mixer.rbr_scale.conv.weight - torch.Size([304, 1, 1, 1]): 
The value is the same before and after calling `init_weights` of EncoderDecoder  

backbone.network.4.7.token_mixer.mixer.rbr_scale.bn.weight - torch.Size([304]): 
The value is the same before and after calling `init_weights` of EncoderDecoder  

backbone.network.4.7.token_mixer.mixer.rbr_scale.bn.bias - torch.Size([304]): 
The value is the same before and after calling `init_weights` of EncoderDecoder  

backbone.network.4.7.convffn.conv.conv.weight - torch.Size([304, 1, 7, 7]): 
The value is the same before and after calling `init_weights` of EncoderDecoder  

backbone.network.4.7.convffn.conv.bn.weight - torch.Size([304]): 
The value is the same before and after calling `init_weights` of EncoderDecoder  

backbone.network.4.7.convffn.conv.bn.bias - torch.Size([304]): 
The value is the same before and after calling `init_weights` of EncoderDecoder  

backbone.network.4.7.convffn.fc1.weight - torch.Size([1216, 304, 1, 1]): 
The value is the same before and after calling `init_weights` of EncoderDecoder  

backbone.network.4.7.convffn.fc1.bias - torch.Size([1216]): 
The value is the same before and after calling `init_weights` of EncoderDecoder  

backbone.network.4.7.convffn.fc2.weight - torch.Size([304, 1216, 1, 1]): 
The value is the same before and after calling `init_weights` of EncoderDecoder  

backbone.network.4.7.convffn.fc2.bias - torch.Size([304]): 
The value is the same before and after calling `init_weights` of EncoderDecoder  

backbone.network.4.8.layer_scale - torch.Size([304, 1, 1]): 
The value is the same before and after calling `init_weights` of EncoderDecoder  

backbone.network.4.8.token_mixer.layer_scale - torch.Size([304, 1, 1]): 
The value is the same before and after calling `init_weights` of EncoderDecoder  

backbone.network.4.8.token_mixer.norm.rbr_skip.weight - torch.Size([304]): 
The value is the same before and after calling `init_weights` of EncoderDecoder  

backbone.network.4.8.token_mixer.norm.rbr_skip.bias - torch.Size([304]): 
The value is the same before and after calling `init_weights` of EncoderDecoder  

backbone.network.4.8.token_mixer.mixer.rbr_skip.weight - torch.Size([304]): 
The value is the same before and after calling `init_weights` of EncoderDecoder  

backbone.network.4.8.token_mixer.mixer.rbr_skip.bias - torch.Size([304]): 
The value is the same before and after calling `init_weights` of EncoderDecoder  

backbone.network.4.8.token_mixer.mixer.rbr_conv.0.conv.weight - torch.Size([304, 1, 3, 3]): 
The value is the same before and after calling `init_weights` of EncoderDecoder  

backbone.network.4.8.token_mixer.mixer.rbr_conv.0.bn.weight - torch.Size([304]): 
The value is the same before and after calling `init_weights` of EncoderDecoder  

backbone.network.4.8.token_mixer.mixer.rbr_conv.0.bn.bias - torch.Size([304]): 
The value is the same before and after calling `init_weights` of EncoderDecoder  

backbone.network.4.8.token_mixer.mixer.rbr_scale.conv.weight - torch.Size([304, 1, 1, 1]): 
The value is the same before and after calling `init_weights` of EncoderDecoder  

backbone.network.4.8.token_mixer.mixer.rbr_scale.bn.weight - torch.Size([304]): 
The value is the same before and after calling `init_weights` of EncoderDecoder  

backbone.network.4.8.token_mixer.mixer.rbr_scale.bn.bias - torch.Size([304]): 
The value is the same before and after calling `init_weights` of EncoderDecoder  

backbone.network.4.8.convffn.conv.conv.weight - torch.Size([304, 1, 7, 7]): 
The value is the same before and after calling `init_weights` of EncoderDecoder  

backbone.network.4.8.convffn.conv.bn.weight - torch.Size([304]): 
The value is the same before and after calling `init_weights` of EncoderDecoder  

backbone.network.4.8.convffn.conv.bn.bias - torch.Size([304]): 
The value is the same before and after calling `init_weights` of EncoderDecoder  

backbone.network.4.8.convffn.fc1.weight - torch.Size([1216, 304, 1, 1]): 
The value is the same before and after calling `init_weights` of EncoderDecoder  

backbone.network.4.8.convffn.fc1.bias - torch.Size([1216]): 
The value is the same before and after calling `init_weights` of EncoderDecoder  

backbone.network.4.8.convffn.fc2.weight - torch.Size([304, 1216, 1, 1]): 
The value is the same before and after calling `init_weights` of EncoderDecoder  

backbone.network.4.8.convffn.fc2.bias - torch.Size([304]): 
The value is the same before and after calling `init_weights` of EncoderDecoder  

backbone.network.4.9.layer_scale - torch.Size([304, 1, 1]): 
The value is the same before and after calling `init_weights` of EncoderDecoder  

backbone.network.4.9.token_mixer.layer_scale - torch.Size([304, 1, 1]): 
The value is the same before and after calling `init_weights` of EncoderDecoder  

backbone.network.4.9.token_mixer.norm.rbr_skip.weight - torch.Size([304]): 
The value is the same before and after calling `init_weights` of EncoderDecoder  

backbone.network.4.9.token_mixer.norm.rbr_skip.bias - torch.Size([304]): 
The value is the same before and after calling `init_weights` of EncoderDecoder  

backbone.network.4.9.token_mixer.mixer.rbr_skip.weight - torch.Size([304]): 
The value is the same before and after calling `init_weights` of EncoderDecoder  

backbone.network.4.9.token_mixer.mixer.rbr_skip.bias - torch.Size([304]): 
The value is the same before and after calling `init_weights` of EncoderDecoder  

backbone.network.4.9.token_mixer.mixer.rbr_conv.0.conv.weight - torch.Size([304, 1, 3, 3]): 
The value is the same before and after calling `init_weights` of EncoderDecoder  

backbone.network.4.9.token_mixer.mixer.rbr_conv.0.bn.weight - torch.Size([304]): 
The value is the same before and after calling `init_weights` of EncoderDecoder  

backbone.network.4.9.token_mixer.mixer.rbr_conv.0.bn.bias - torch.Size([304]): 
The value is the same before and after calling `init_weights` of EncoderDecoder  

backbone.network.4.9.token_mixer.mixer.rbr_scale.conv.weight - torch.Size([304, 1, 1, 1]): 
The value is the same before and after calling `init_weights` of EncoderDecoder  

backbone.network.4.9.token_mixer.mixer.rbr_scale.bn.weight - torch.Size([304]): 
The value is the same before and after calling `init_weights` of EncoderDecoder  

backbone.network.4.9.token_mixer.mixer.rbr_scale.bn.bias - torch.Size([304]): 
The value is the same before and after calling `init_weights` of EncoderDecoder  

backbone.network.4.9.convffn.conv.conv.weight - torch.Size([304, 1, 7, 7]): 
The value is the same before and after calling `init_weights` of EncoderDecoder  

backbone.network.4.9.convffn.conv.bn.weight - torch.Size([304]): 
The value is the same before and after calling `init_weights` of EncoderDecoder  

backbone.network.4.9.convffn.conv.bn.bias - torch.Size([304]): 
The value is the same before and after calling `init_weights` of EncoderDecoder  

backbone.network.4.9.convffn.fc1.weight - torch.Size([1216, 304, 1, 1]): 
The value is the same before and after calling `init_weights` of EncoderDecoder  

backbone.network.4.9.convffn.fc1.bias - torch.Size([1216]): 
The value is the same before and after calling `init_weights` of EncoderDecoder  

backbone.network.4.9.convffn.fc2.weight - torch.Size([304, 1216, 1, 1]): 
The value is the same before and after calling `init_weights` of EncoderDecoder  

backbone.network.4.9.convffn.fc2.bias - torch.Size([304]): 
The value is the same before and after calling `init_weights` of EncoderDecoder  

backbone.network.4.10.layer_scale - torch.Size([304, 1, 1]): 
The value is the same before and after calling `init_weights` of EncoderDecoder  

backbone.network.4.10.token_mixer.layer_scale - torch.Size([304, 1, 1]): 
The value is the same before and after calling `init_weights` of EncoderDecoder  

backbone.network.4.10.token_mixer.norm.rbr_skip.weight - torch.Size([304]): 
The value is the same before and after calling `init_weights` of EncoderDecoder  

backbone.network.4.10.token_mixer.norm.rbr_skip.bias - torch.Size([304]): 
The value is the same before and after calling `init_weights` of EncoderDecoder  

backbone.network.4.10.token_mixer.mixer.rbr_skip.weight - torch.Size([304]): 
The value is the same before and after calling `init_weights` of EncoderDecoder  

backbone.network.4.10.token_mixer.mixer.rbr_skip.bias - torch.Size([304]): 
The value is the same before and after calling `init_weights` of EncoderDecoder  

backbone.network.4.10.token_mixer.mixer.rbr_conv.0.conv.weight - torch.Size([304, 1, 3, 3]): 
The value is the same before and after calling `init_weights` of EncoderDecoder  

backbone.network.4.10.token_mixer.mixer.rbr_conv.0.bn.weight - torch.Size([304]): 
The value is the same before and after calling `init_weights` of EncoderDecoder  

backbone.network.4.10.token_mixer.mixer.rbr_conv.0.bn.bias - torch.Size([304]): 
The value is the same before and after calling `init_weights` of EncoderDecoder  

backbone.network.4.10.token_mixer.mixer.rbr_scale.conv.weight - torch.Size([304, 1, 1, 1]): 
The value is the same before and after calling `init_weights` of EncoderDecoder  

backbone.network.4.10.token_mixer.mixer.rbr_scale.bn.weight - torch.Size([304]): 
The value is the same before and after calling `init_weights` of EncoderDecoder  

backbone.network.4.10.token_mixer.mixer.rbr_scale.bn.bias - torch.Size([304]): 
The value is the same before and after calling `init_weights` of EncoderDecoder  

backbone.network.4.10.convffn.conv.conv.weight - torch.Size([304, 1, 7, 7]): 
The value is the same before and after calling `init_weights` of EncoderDecoder  

backbone.network.4.10.convffn.conv.bn.weight - torch.Size([304]): 
The value is the same before and after calling `init_weights` of EncoderDecoder  

backbone.network.4.10.convffn.conv.bn.bias - torch.Size([304]): 
The value is the same before and after calling `init_weights` of EncoderDecoder  

backbone.network.4.10.convffn.fc1.weight - torch.Size([1216, 304, 1, 1]): 
The value is the same before and after calling `init_weights` of EncoderDecoder  

backbone.network.4.10.convffn.fc1.bias - torch.Size([1216]): 
The value is the same before and after calling `init_weights` of EncoderDecoder  

backbone.network.4.10.convffn.fc2.weight - torch.Size([304, 1216, 1, 1]): 
The value is the same before and after calling `init_weights` of EncoderDecoder  

backbone.network.4.10.convffn.fc2.bias - torch.Size([304]): 
The value is the same before and after calling `init_weights` of EncoderDecoder  

backbone.network.4.11.layer_scale - torch.Size([304, 1, 1]): 
The value is the same before and after calling `init_weights` of EncoderDecoder  

backbone.network.4.11.token_mixer.layer_scale - torch.Size([304, 1, 1]): 
The value is the same before and after calling `init_weights` of EncoderDecoder  

backbone.network.4.11.token_mixer.norm.rbr_skip.weight - torch.Size([304]): 
The value is the same before and after calling `init_weights` of EncoderDecoder  

backbone.network.4.11.token_mixer.norm.rbr_skip.bias - torch.Size([304]): 
The value is the same before and after calling `init_weights` of EncoderDecoder  

backbone.network.4.11.token_mixer.mixer.rbr_skip.weight - torch.Size([304]): 
The value is the same before and after calling `init_weights` of EncoderDecoder  

backbone.network.4.11.token_mixer.mixer.rbr_skip.bias - torch.Size([304]): 
The value is the same before and after calling `init_weights` of EncoderDecoder  

backbone.network.4.11.token_mixer.mixer.rbr_conv.0.conv.weight - torch.Size([304, 1, 3, 3]): 
The value is the same before and after calling `init_weights` of EncoderDecoder  

backbone.network.4.11.token_mixer.mixer.rbr_conv.0.bn.weight - torch.Size([304]): 
The value is the same before and after calling `init_weights` of EncoderDecoder  

backbone.network.4.11.token_mixer.mixer.rbr_conv.0.bn.bias - torch.Size([304]): 
The value is the same before and after calling `init_weights` of EncoderDecoder  

backbone.network.4.11.token_mixer.mixer.rbr_scale.conv.weight - torch.Size([304, 1, 1, 1]): 
The value is the same before and after calling `init_weights` of EncoderDecoder  

backbone.network.4.11.token_mixer.mixer.rbr_scale.bn.weight - torch.Size([304]): 
The value is the same before and after calling `init_weights` of EncoderDecoder  

backbone.network.4.11.token_mixer.mixer.rbr_scale.bn.bias - torch.Size([304]): 
The value is the same before and after calling `init_weights` of EncoderDecoder  

backbone.network.4.11.convffn.conv.conv.weight - torch.Size([304, 1, 7, 7]): 
The value is the same before and after calling `init_weights` of EncoderDecoder  

backbone.network.4.11.convffn.conv.bn.weight - torch.Size([304]): 
The value is the same before and after calling `init_weights` of EncoderDecoder  

backbone.network.4.11.convffn.conv.bn.bias - torch.Size([304]): 
The value is the same before and after calling `init_weights` of EncoderDecoder  

backbone.network.4.11.convffn.fc1.weight - torch.Size([1216, 304, 1, 1]): 
The value is the same before and after calling `init_weights` of EncoderDecoder  

backbone.network.4.11.convffn.fc1.bias - torch.Size([1216]): 
The value is the same before and after calling `init_weights` of EncoderDecoder  

backbone.network.4.11.convffn.fc2.weight - torch.Size([304, 1216, 1, 1]): 
The value is the same before and after calling `init_weights` of EncoderDecoder  

backbone.network.4.11.convffn.fc2.bias - torch.Size([304]): 
The value is the same before and after calling `init_weights` of EncoderDecoder  

backbone.network.4.12.layer_scale - torch.Size([304, 1, 1]): 
The value is the same before and after calling `init_weights` of EncoderDecoder  

backbone.network.4.12.token_mixer.layer_scale - torch.Size([304, 1, 1]): 
The value is the same before and after calling `init_weights` of EncoderDecoder  

backbone.network.4.12.token_mixer.norm.rbr_skip.weight - torch.Size([304]): 
The value is the same before and after calling `init_weights` of EncoderDecoder  

backbone.network.4.12.token_mixer.norm.rbr_skip.bias - torch.Size([304]): 
The value is the same before and after calling `init_weights` of EncoderDecoder  

backbone.network.4.12.token_mixer.mixer.rbr_skip.weight - torch.Size([304]): 
The value is the same before and after calling `init_weights` of EncoderDecoder  

backbone.network.4.12.token_mixer.mixer.rbr_skip.bias - torch.Size([304]): 
The value is the same before and after calling `init_weights` of EncoderDecoder  

backbone.network.4.12.token_mixer.mixer.rbr_conv.0.conv.weight - torch.Size([304, 1, 3, 3]): 
The value is the same before and after calling `init_weights` of EncoderDecoder  

backbone.network.4.12.token_mixer.mixer.rbr_conv.0.bn.weight - torch.Size([304]): 
The value is the same before and after calling `init_weights` of EncoderDecoder  

backbone.network.4.12.token_mixer.mixer.rbr_conv.0.bn.bias - torch.Size([304]): 
The value is the same before and after calling `init_weights` of EncoderDecoder  

backbone.network.4.12.token_mixer.mixer.rbr_scale.conv.weight - torch.Size([304, 1, 1, 1]): 
The value is the same before and after calling `init_weights` of EncoderDecoder  

backbone.network.4.12.token_mixer.mixer.rbr_scale.bn.weight - torch.Size([304]): 
The value is the same before and after calling `init_weights` of EncoderDecoder  

backbone.network.4.12.token_mixer.mixer.rbr_scale.bn.bias - torch.Size([304]): 
The value is the same before and after calling `init_weights` of EncoderDecoder  

backbone.network.4.12.convffn.conv.conv.weight - torch.Size([304, 1, 7, 7]): 
The value is the same before and after calling `init_weights` of EncoderDecoder  

backbone.network.4.12.convffn.conv.bn.weight - torch.Size([304]): 
The value is the same before and after calling `init_weights` of EncoderDecoder  

backbone.network.4.12.convffn.conv.bn.bias - torch.Size([304]): 
The value is the same before and after calling `init_weights` of EncoderDecoder  

backbone.network.4.12.convffn.fc1.weight - torch.Size([1216, 304, 1, 1]): 
The value is the same before and after calling `init_weights` of EncoderDecoder  

backbone.network.4.12.convffn.fc1.bias - torch.Size([1216]): 
The value is the same before and after calling `init_weights` of EncoderDecoder  

backbone.network.4.12.convffn.fc2.weight - torch.Size([304, 1216, 1, 1]): 
The value is the same before and after calling `init_weights` of EncoderDecoder  

backbone.network.4.12.convffn.fc2.bias - torch.Size([304]): 
The value is the same before and after calling `init_weights` of EncoderDecoder  

backbone.network.4.13.layer_scale - torch.Size([304, 1, 1]): 
The value is the same before and after calling `init_weights` of EncoderDecoder  

backbone.network.4.13.token_mixer.layer_scale - torch.Size([304, 1, 1]): 
The value is the same before and after calling `init_weights` of EncoderDecoder  

backbone.network.4.13.token_mixer.norm.rbr_skip.weight - torch.Size([304]): 
The value is the same before and after calling `init_weights` of EncoderDecoder  

backbone.network.4.13.token_mixer.norm.rbr_skip.bias - torch.Size([304]): 
The value is the same before and after calling `init_weights` of EncoderDecoder  

backbone.network.4.13.token_mixer.mixer.rbr_skip.weight - torch.Size([304]): 
The value is the same before and after calling `init_weights` of EncoderDecoder  

backbone.network.4.13.token_mixer.mixer.rbr_skip.bias - torch.Size([304]): 
The value is the same before and after calling `init_weights` of EncoderDecoder  

backbone.network.4.13.token_mixer.mixer.rbr_conv.0.conv.weight - torch.Size([304, 1, 3, 3]): 
The value is the same before and after calling `init_weights` of EncoderDecoder  

backbone.network.4.13.token_mixer.mixer.rbr_conv.0.bn.weight - torch.Size([304]): 
The value is the same before and after calling `init_weights` of EncoderDecoder  

backbone.network.4.13.token_mixer.mixer.rbr_conv.0.bn.bias - torch.Size([304]): 
The value is the same before and after calling `init_weights` of EncoderDecoder  

backbone.network.4.13.token_mixer.mixer.rbr_scale.conv.weight - torch.Size([304, 1, 1, 1]): 
The value is the same before and after calling `init_weights` of EncoderDecoder  

backbone.network.4.13.token_mixer.mixer.rbr_scale.bn.weight - torch.Size([304]): 
The value is the same before and after calling `init_weights` of EncoderDecoder  

backbone.network.4.13.token_mixer.mixer.rbr_scale.bn.bias - torch.Size([304]): 
The value is the same before and after calling `init_weights` of EncoderDecoder  

backbone.network.4.13.convffn.conv.conv.weight - torch.Size([304, 1, 7, 7]): 
The value is the same before and after calling `init_weights` of EncoderDecoder  

backbone.network.4.13.convffn.conv.bn.weight - torch.Size([304]): 
The value is the same before and after calling `init_weights` of EncoderDecoder  

backbone.network.4.13.convffn.conv.bn.bias - torch.Size([304]): 
The value is the same before and after calling `init_weights` of EncoderDecoder  

backbone.network.4.13.convffn.fc1.weight - torch.Size([1216, 304, 1, 1]): 
The value is the same before and after calling `init_weights` of EncoderDecoder  

backbone.network.4.13.convffn.fc1.bias - torch.Size([1216]): 
The value is the same before and after calling `init_weights` of EncoderDecoder  

backbone.network.4.13.convffn.fc2.weight - torch.Size([304, 1216, 1, 1]): 
The value is the same before and after calling `init_weights` of EncoderDecoder  

backbone.network.4.13.convffn.fc2.bias - torch.Size([304]): 
The value is the same before and after calling `init_weights` of EncoderDecoder  

backbone.network.4.14.layer_scale - torch.Size([304, 1, 1]): 
The value is the same before and after calling `init_weights` of EncoderDecoder  

backbone.network.4.14.token_mixer.layer_scale - torch.Size([304, 1, 1]): 
The value is the same before and after calling `init_weights` of EncoderDecoder  

backbone.network.4.14.token_mixer.norm.rbr_skip.weight - torch.Size([304]): 
The value is the same before and after calling `init_weights` of EncoderDecoder  

backbone.network.4.14.token_mixer.norm.rbr_skip.bias - torch.Size([304]): 
The value is the same before and after calling `init_weights` of EncoderDecoder  

backbone.network.4.14.token_mixer.mixer.rbr_skip.weight - torch.Size([304]): 
The value is the same before and after calling `init_weights` of EncoderDecoder  

backbone.network.4.14.token_mixer.mixer.rbr_skip.bias - torch.Size([304]): 
The value is the same before and after calling `init_weights` of EncoderDecoder  

backbone.network.4.14.token_mixer.mixer.rbr_conv.0.conv.weight - torch.Size([304, 1, 3, 3]): 
The value is the same before and after calling `init_weights` of EncoderDecoder  

backbone.network.4.14.token_mixer.mixer.rbr_conv.0.bn.weight - torch.Size([304]): 
The value is the same before and after calling `init_weights` of EncoderDecoder  

backbone.network.4.14.token_mixer.mixer.rbr_conv.0.bn.bias - torch.Size([304]): 
The value is the same before and after calling `init_weights` of EncoderDecoder  

backbone.network.4.14.token_mixer.mixer.rbr_scale.conv.weight - torch.Size([304, 1, 1, 1]): 
The value is the same before and after calling `init_weights` of EncoderDecoder  

backbone.network.4.14.token_mixer.mixer.rbr_scale.bn.weight - torch.Size([304]): 
The value is the same before and after calling `init_weights` of EncoderDecoder  

backbone.network.4.14.token_mixer.mixer.rbr_scale.bn.bias - torch.Size([304]): 
The value is the same before and after calling `init_weights` of EncoderDecoder  

backbone.network.4.14.convffn.conv.conv.weight - torch.Size([304, 1, 7, 7]): 
The value is the same before and after calling `init_weights` of EncoderDecoder  

backbone.network.4.14.convffn.conv.bn.weight - torch.Size([304]): 
The value is the same before and after calling `init_weights` of EncoderDecoder  

backbone.network.4.14.convffn.conv.bn.bias - torch.Size([304]): 
The value is the same before and after calling `init_weights` of EncoderDecoder  

backbone.network.4.14.convffn.fc1.weight - torch.Size([1216, 304, 1, 1]): 
The value is the same before and after calling `init_weights` of EncoderDecoder  

backbone.network.4.14.convffn.fc1.bias - torch.Size([1216]): 
The value is the same before and after calling `init_weights` of EncoderDecoder  

backbone.network.4.14.convffn.fc2.weight - torch.Size([304, 1216, 1, 1]): 
The value is the same before and after calling `init_weights` of EncoderDecoder  

backbone.network.4.14.convffn.fc2.bias - torch.Size([304]): 
The value is the same before and after calling `init_weights` of EncoderDecoder  

backbone.network.4.15.layer_scale - torch.Size([304, 1, 1]): 
The value is the same before and after calling `init_weights` of EncoderDecoder  

backbone.network.4.15.token_mixer.layer_scale - torch.Size([304, 1, 1]): 
The value is the same before and after calling `init_weights` of EncoderDecoder  

backbone.network.4.15.token_mixer.norm.rbr_skip.weight - torch.Size([304]): 
The value is the same before and after calling `init_weights` of EncoderDecoder  

backbone.network.4.15.token_mixer.norm.rbr_skip.bias - torch.Size([304]): 
The value is the same before and after calling `init_weights` of EncoderDecoder  

backbone.network.4.15.token_mixer.mixer.rbr_skip.weight - torch.Size([304]): 
The value is the same before and after calling `init_weights` of EncoderDecoder  

backbone.network.4.15.token_mixer.mixer.rbr_skip.bias - torch.Size([304]): 
The value is the same before and after calling `init_weights` of EncoderDecoder  

backbone.network.4.15.token_mixer.mixer.rbr_conv.0.conv.weight - torch.Size([304, 1, 3, 3]): 
The value is the same before and after calling `init_weights` of EncoderDecoder  

backbone.network.4.15.token_mixer.mixer.rbr_conv.0.bn.weight - torch.Size([304]): 
The value is the same before and after calling `init_weights` of EncoderDecoder  

backbone.network.4.15.token_mixer.mixer.rbr_conv.0.bn.bias - torch.Size([304]): 
The value is the same before and after calling `init_weights` of EncoderDecoder  

backbone.network.4.15.token_mixer.mixer.rbr_scale.conv.weight - torch.Size([304, 1, 1, 1]): 
The value is the same before and after calling `init_weights` of EncoderDecoder  

backbone.network.4.15.token_mixer.mixer.rbr_scale.bn.weight - torch.Size([304]): 
The value is the same before and after calling `init_weights` of EncoderDecoder  

backbone.network.4.15.token_mixer.mixer.rbr_scale.bn.bias - torch.Size([304]): 
The value is the same before and after calling `init_weights` of EncoderDecoder  

backbone.network.4.15.convffn.conv.conv.weight - torch.Size([304, 1, 7, 7]): 
The value is the same before and after calling `init_weights` of EncoderDecoder  

backbone.network.4.15.convffn.conv.bn.weight - torch.Size([304]): 
The value is the same before and after calling `init_weights` of EncoderDecoder  

backbone.network.4.15.convffn.conv.bn.bias - torch.Size([304]): 
The value is the same before and after calling `init_weights` of EncoderDecoder  

backbone.network.4.15.convffn.fc1.weight - torch.Size([1216, 304, 1, 1]): 
The value is the same before and after calling `init_weights` of EncoderDecoder  

backbone.network.4.15.convffn.fc1.bias - torch.Size([1216]): 
The value is the same before and after calling `init_weights` of EncoderDecoder  

backbone.network.4.15.convffn.fc2.weight - torch.Size([304, 1216, 1, 1]): 
The value is the same before and after calling `init_weights` of EncoderDecoder  

backbone.network.4.15.convffn.fc2.bias - torch.Size([304]): 
The value is the same before and after calling `init_weights` of EncoderDecoder  

backbone.network.4.16.layer_scale - torch.Size([304, 1, 1]): 
The value is the same before and after calling `init_weights` of EncoderDecoder  

backbone.network.4.16.token_mixer.layer_scale - torch.Size([304, 1, 1]): 
The value is the same before and after calling `init_weights` of EncoderDecoder  

backbone.network.4.16.token_mixer.norm.rbr_skip.weight - torch.Size([304]): 
The value is the same before and after calling `init_weights` of EncoderDecoder  

backbone.network.4.16.token_mixer.norm.rbr_skip.bias - torch.Size([304]): 
The value is the same before and after calling `init_weights` of EncoderDecoder  

backbone.network.4.16.token_mixer.mixer.rbr_skip.weight - torch.Size([304]): 
The value is the same before and after calling `init_weights` of EncoderDecoder  

backbone.network.4.16.token_mixer.mixer.rbr_skip.bias - torch.Size([304]): 
The value is the same before and after calling `init_weights` of EncoderDecoder  

backbone.network.4.16.token_mixer.mixer.rbr_conv.0.conv.weight - torch.Size([304, 1, 3, 3]): 
The value is the same before and after calling `init_weights` of EncoderDecoder  

backbone.network.4.16.token_mixer.mixer.rbr_conv.0.bn.weight - torch.Size([304]): 
The value is the same before and after calling `init_weights` of EncoderDecoder  

backbone.network.4.16.token_mixer.mixer.rbr_conv.0.bn.bias - torch.Size([304]): 
The value is the same before and after calling `init_weights` of EncoderDecoder  

backbone.network.4.16.token_mixer.mixer.rbr_scale.conv.weight - torch.Size([304, 1, 1, 1]): 
The value is the same before and after calling `init_weights` of EncoderDecoder  

backbone.network.4.16.token_mixer.mixer.rbr_scale.bn.weight - torch.Size([304]): 
The value is the same before and after calling `init_weights` of EncoderDecoder  

backbone.network.4.16.token_mixer.mixer.rbr_scale.bn.bias - torch.Size([304]): 
The value is the same before and after calling `init_weights` of EncoderDecoder  

backbone.network.4.16.convffn.conv.conv.weight - torch.Size([304, 1, 7, 7]): 
The value is the same before and after calling `init_weights` of EncoderDecoder  

backbone.network.4.16.convffn.conv.bn.weight - torch.Size([304]): 
The value is the same before and after calling `init_weights` of EncoderDecoder  

backbone.network.4.16.convffn.conv.bn.bias - torch.Size([304]): 
The value is the same before and after calling `init_weights` of EncoderDecoder  

backbone.network.4.16.convffn.fc1.weight - torch.Size([1216, 304, 1, 1]): 
The value is the same before and after calling `init_weights` of EncoderDecoder  

backbone.network.4.16.convffn.fc1.bias - torch.Size([1216]): 
The value is the same before and after calling `init_weights` of EncoderDecoder  

backbone.network.4.16.convffn.fc2.weight - torch.Size([304, 1216, 1, 1]): 
The value is the same before and after calling `init_weights` of EncoderDecoder  

backbone.network.4.16.convffn.fc2.bias - torch.Size([304]): 
The value is the same before and after calling `init_weights` of EncoderDecoder  

backbone.network.4.17.layer_scale - torch.Size([304, 1, 1]): 
The value is the same before and after calling `init_weights` of EncoderDecoder  

backbone.network.4.17.token_mixer.layer_scale - torch.Size([304, 1, 1]): 
The value is the same before and after calling `init_weights` of EncoderDecoder  

backbone.network.4.17.token_mixer.norm.rbr_skip.weight - torch.Size([304]): 
The value is the same before and after calling `init_weights` of EncoderDecoder  

backbone.network.4.17.token_mixer.norm.rbr_skip.bias - torch.Size([304]): 
The value is the same before and after calling `init_weights` of EncoderDecoder  

backbone.network.4.17.token_mixer.mixer.rbr_skip.weight - torch.Size([304]): 
The value is the same before and after calling `init_weights` of EncoderDecoder  

backbone.network.4.17.token_mixer.mixer.rbr_skip.bias - torch.Size([304]): 
The value is the same before and after calling `init_weights` of EncoderDecoder  

backbone.network.4.17.token_mixer.mixer.rbr_conv.0.conv.weight - torch.Size([304, 1, 3, 3]): 
The value is the same before and after calling `init_weights` of EncoderDecoder  

backbone.network.4.17.token_mixer.mixer.rbr_conv.0.bn.weight - torch.Size([304]): 
The value is the same before and after calling `init_weights` of EncoderDecoder  

backbone.network.4.17.token_mixer.mixer.rbr_conv.0.bn.bias - torch.Size([304]): 
The value is the same before and after calling `init_weights` of EncoderDecoder  

backbone.network.4.17.token_mixer.mixer.rbr_scale.conv.weight - torch.Size([304, 1, 1, 1]): 
The value is the same before and after calling `init_weights` of EncoderDecoder  

backbone.network.4.17.token_mixer.mixer.rbr_scale.bn.weight - torch.Size([304]): 
The value is the same before and after calling `init_weights` of EncoderDecoder  

backbone.network.4.17.token_mixer.mixer.rbr_scale.bn.bias - torch.Size([304]): 
The value is the same before and after calling `init_weights` of EncoderDecoder  

backbone.network.4.17.convffn.conv.conv.weight - torch.Size([304, 1, 7, 7]): 
The value is the same before and after calling `init_weights` of EncoderDecoder  

backbone.network.4.17.convffn.conv.bn.weight - torch.Size([304]): 
The value is the same before and after calling `init_weights` of EncoderDecoder  

backbone.network.4.17.convffn.conv.bn.bias - torch.Size([304]): 
The value is the same before and after calling `init_weights` of EncoderDecoder  

backbone.network.4.17.convffn.fc1.weight - torch.Size([1216, 304, 1, 1]): 
The value is the same before and after calling `init_weights` of EncoderDecoder  

backbone.network.4.17.convffn.fc1.bias - torch.Size([1216]): 
The value is the same before and after calling `init_weights` of EncoderDecoder  

backbone.network.4.17.convffn.fc2.weight - torch.Size([304, 1216, 1, 1]): 
The value is the same before and after calling `init_weights` of EncoderDecoder  

backbone.network.4.17.convffn.fc2.bias - torch.Size([304]): 
The value is the same before and after calling `init_weights` of EncoderDecoder  

backbone.network.5.proj.0.lkb_origin.conv.weight - torch.Size([608, 1, 7, 7]): 
The value is the same before and after calling `init_weights` of EncoderDecoder  

backbone.network.5.proj.0.lkb_origin.bn.weight - torch.Size([608]): 
The value is the same before and after calling `init_weights` of EncoderDecoder  

backbone.network.5.proj.0.lkb_origin.bn.bias - torch.Size([608]): 
The value is the same before and after calling `init_weights` of EncoderDecoder  

backbone.network.5.proj.0.small_conv.conv.weight - torch.Size([608, 1, 3, 3]): 
The value is the same before and after calling `init_weights` of EncoderDecoder  

backbone.network.5.proj.0.small_conv.bn.weight - torch.Size([608]): 
The value is the same before and after calling `init_weights` of EncoderDecoder  

backbone.network.5.proj.0.small_conv.bn.bias - torch.Size([608]): 
The value is the same before and after calling `init_weights` of EncoderDecoder  

backbone.network.5.proj.1.rbr_skip.weight - torch.Size([608]): 
The value is the same before and after calling `init_weights` of EncoderDecoder  

backbone.network.5.proj.1.rbr_skip.bias - torch.Size([608]): 
The value is the same before and after calling `init_weights` of EncoderDecoder  

backbone.network.5.proj.1.rbr_conv.0.conv.weight - torch.Size([608, 608, 1, 1]): 
The value is the same before and after calling `init_weights` of EncoderDecoder  

backbone.network.5.proj.1.rbr_conv.0.bn.weight - torch.Size([608]): 
The value is the same before and after calling `init_weights` of EncoderDecoder  

backbone.network.5.proj.1.rbr_conv.0.bn.bias - torch.Size([608]): 
The value is the same before and after calling `init_weights` of EncoderDecoder  

backbone.network.6.pe.weight - torch.Size([608, 1, 7, 7]): 
The value is the same before and after calling `init_weights` of EncoderDecoder  

backbone.network.6.pe.bias - torch.Size([608]): 
The value is the same before and after calling `init_weights` of EncoderDecoder  

backbone.network.7.0.layer_scale_1 - torch.Size([608, 1, 1]): 
The value is the same before and after calling `init_weights` of EncoderDecoder  

backbone.network.7.0.layer_scale_2 - torch.Size([608, 1, 1]): 
The value is the same before and after calling `init_weights` of EncoderDecoder  

backbone.network.7.0.norm.weight - torch.Size([608]): 
The value is the same before and after calling `init_weights` of EncoderDecoder  

backbone.network.7.0.norm.bias - torch.Size([608]): 
The value is the same before and after calling `init_weights` of EncoderDecoder  

backbone.network.7.0.token_mixer.qkv.weight - torch.Size([1824, 608]): 
The value is the same before and after calling `init_weights` of EncoderDecoder  

backbone.network.7.0.token_mixer.proj.weight - torch.Size([608, 608]): 
The value is the same before and after calling `init_weights` of EncoderDecoder  

backbone.network.7.0.token_mixer.proj.bias - torch.Size([608]): 
The value is the same before and after calling `init_weights` of EncoderDecoder  

backbone.network.7.0.convffn.conv.conv.weight - torch.Size([608, 1, 7, 7]): 
The value is the same before and after calling `init_weights` of EncoderDecoder  

backbone.network.7.0.convffn.conv.bn.weight - torch.Size([608]): 
The value is the same before and after calling `init_weights` of EncoderDecoder  

backbone.network.7.0.convffn.conv.bn.bias - torch.Size([608]): 
The value is the same before and after calling `init_weights` of EncoderDecoder  

backbone.network.7.0.convffn.fc1.weight - torch.Size([2432, 608, 1, 1]): 
The value is the same before and after calling `init_weights` of EncoderDecoder  

backbone.network.7.0.convffn.fc1.bias - torch.Size([2432]): 
The value is the same before and after calling `init_weights` of EncoderDecoder  

backbone.network.7.0.convffn.fc2.weight - torch.Size([608, 2432, 1, 1]): 
The value is the same before and after calling `init_weights` of EncoderDecoder  

backbone.network.7.0.convffn.fc2.bias - torch.Size([608]): 
The value is the same before and after calling `init_weights` of EncoderDecoder  

backbone.network.7.1.layer_scale_1 - torch.Size([608, 1, 1]): 
The value is the same before and after calling `init_weights` of EncoderDecoder  

backbone.network.7.1.layer_scale_2 - torch.Size([608, 1, 1]): 
The value is the same before and after calling `init_weights` of EncoderDecoder  

backbone.network.7.1.norm.weight - torch.Size([608]): 
The value is the same before and after calling `init_weights` of EncoderDecoder  

backbone.network.7.1.norm.bias - torch.Size([608]): 
The value is the same before and after calling `init_weights` of EncoderDecoder  

backbone.network.7.1.token_mixer.qkv.weight - torch.Size([1824, 608]): 
The value is the same before and after calling `init_weights` of EncoderDecoder  

backbone.network.7.1.token_mixer.proj.weight - torch.Size([608, 608]): 
The value is the same before and after calling `init_weights` of EncoderDecoder  

backbone.network.7.1.token_mixer.proj.bias - torch.Size([608]): 
The value is the same before and after calling `init_weights` of EncoderDecoder  

backbone.network.7.1.convffn.conv.conv.weight - torch.Size([608, 1, 7, 7]): 
The value is the same before and after calling `init_weights` of EncoderDecoder  

backbone.network.7.1.convffn.conv.bn.weight - torch.Size([608]): 
The value is the same before and after calling `init_weights` of EncoderDecoder  

backbone.network.7.1.convffn.conv.bn.bias - torch.Size([608]): 
The value is the same before and after calling `init_weights` of EncoderDecoder  

backbone.network.7.1.convffn.fc1.weight - torch.Size([2432, 608, 1, 1]): 
The value is the same before and after calling `init_weights` of EncoderDecoder  

backbone.network.7.1.convffn.fc1.bias - torch.Size([2432]): 
The value is the same before and after calling `init_weights` of EncoderDecoder  

backbone.network.7.1.convffn.fc2.weight - torch.Size([608, 2432, 1, 1]): 
The value is the same before and after calling `init_weights` of EncoderDecoder  

backbone.network.7.1.convffn.fc2.bias - torch.Size([608]): 
The value is the same before and after calling `init_weights` of EncoderDecoder  

backbone.network.7.2.layer_scale_1 - torch.Size([608, 1, 1]): 
The value is the same before and after calling `init_weights` of EncoderDecoder  

backbone.network.7.2.layer_scale_2 - torch.Size([608, 1, 1]): 
The value is the same before and after calling `init_weights` of EncoderDecoder  

backbone.network.7.2.norm.weight - torch.Size([608]): 
The value is the same before and after calling `init_weights` of EncoderDecoder  

backbone.network.7.2.norm.bias - torch.Size([608]): 
The value is the same before and after calling `init_weights` of EncoderDecoder  

backbone.network.7.2.token_mixer.qkv.weight - torch.Size([1824, 608]): 
The value is the same before and after calling `init_weights` of EncoderDecoder  

backbone.network.7.2.token_mixer.proj.weight - torch.Size([608, 608]): 
The value is the same before and after calling `init_weights` of EncoderDecoder  

backbone.network.7.2.token_mixer.proj.bias - torch.Size([608]): 
The value is the same before and after calling `init_weights` of EncoderDecoder  

backbone.network.7.2.convffn.conv.conv.weight - torch.Size([608, 1, 7, 7]): 
The value is the same before and after calling `init_weights` of EncoderDecoder  

backbone.network.7.2.convffn.conv.bn.weight - torch.Size([608]): 
The value is the same before and after calling `init_weights` of EncoderDecoder  

backbone.network.7.2.convffn.conv.bn.bias - torch.Size([608]): 
The value is the same before and after calling `init_weights` of EncoderDecoder  

backbone.network.7.2.convffn.fc1.weight - torch.Size([2432, 608, 1, 1]): 
The value is the same before and after calling `init_weights` of EncoderDecoder  

backbone.network.7.2.convffn.fc1.bias - torch.Size([2432]): 
The value is the same before and after calling `init_weights` of EncoderDecoder  

backbone.network.7.2.convffn.fc2.weight - torch.Size([608, 2432, 1, 1]): 
The value is the same before and after calling `init_weights` of EncoderDecoder  

backbone.network.7.2.convffn.fc2.bias - torch.Size([608]): 
The value is the same before and after calling `init_weights` of EncoderDecoder  

backbone.network.7.3.layer_scale_1 - torch.Size([608, 1, 1]): 
The value is the same before and after calling `init_weights` of EncoderDecoder  

backbone.network.7.3.layer_scale_2 - torch.Size([608, 1, 1]): 
The value is the same before and after calling `init_weights` of EncoderDecoder  

backbone.network.7.3.norm.weight - torch.Size([608]): 
The value is the same before and after calling `init_weights` of EncoderDecoder  

backbone.network.7.3.norm.bias - torch.Size([608]): 
The value is the same before and after calling `init_weights` of EncoderDecoder  

backbone.network.7.3.token_mixer.qkv.weight - torch.Size([1824, 608]): 
The value is the same before and after calling `init_weights` of EncoderDecoder  

backbone.network.7.3.token_mixer.proj.weight - torch.Size([608, 608]): 
The value is the same before and after calling `init_weights` of EncoderDecoder  

backbone.network.7.3.token_mixer.proj.bias - torch.Size([608]): 
The value is the same before and after calling `init_weights` of EncoderDecoder  

backbone.network.7.3.convffn.conv.conv.weight - torch.Size([608, 1, 7, 7]): 
The value is the same before and after calling `init_weights` of EncoderDecoder  

backbone.network.7.3.convffn.conv.bn.weight - torch.Size([608]): 
The value is the same before and after calling `init_weights` of EncoderDecoder  

backbone.network.7.3.convffn.conv.bn.bias - torch.Size([608]): 
The value is the same before and after calling `init_weights` of EncoderDecoder  

backbone.network.7.3.convffn.fc1.weight - torch.Size([2432, 608, 1, 1]): 
The value is the same before and after calling `init_weights` of EncoderDecoder  

backbone.network.7.3.convffn.fc1.bias - torch.Size([2432]): 
The value is the same before and after calling `init_weights` of EncoderDecoder  

backbone.network.7.3.convffn.fc2.weight - torch.Size([608, 2432, 1, 1]): 
The value is the same before and after calling `init_weights` of EncoderDecoder  

backbone.network.7.3.convffn.fc2.bias - torch.Size([608]): 
The value is the same before and after calling `init_weights` of EncoderDecoder  

backbone.network.7.4.layer_scale_1 - torch.Size([608, 1, 1]): 
The value is the same before and after calling `init_weights` of EncoderDecoder  

backbone.network.7.4.layer_scale_2 - torch.Size([608, 1, 1]): 
The value is the same before and after calling `init_weights` of EncoderDecoder  

backbone.network.7.4.norm.weight - torch.Size([608]): 
The value is the same before and after calling `init_weights` of EncoderDecoder  

backbone.network.7.4.norm.bias - torch.Size([608]): 
The value is the same before and after calling `init_weights` of EncoderDecoder  

backbone.network.7.4.token_mixer.qkv.weight - torch.Size([1824, 608]): 
The value is the same before and after calling `init_weights` of EncoderDecoder  

backbone.network.7.4.token_mixer.proj.weight - torch.Size([608, 608]): 
The value is the same before and after calling `init_weights` of EncoderDecoder  

backbone.network.7.4.token_mixer.proj.bias - torch.Size([608]): 
The value is the same before and after calling `init_weights` of EncoderDecoder  

backbone.network.7.4.convffn.conv.conv.weight - torch.Size([608, 1, 7, 7]): 
The value is the same before and after calling `init_weights` of EncoderDecoder  

backbone.network.7.4.convffn.conv.bn.weight - torch.Size([608]): 
The value is the same before and after calling `init_weights` of EncoderDecoder  

backbone.network.7.4.convffn.conv.bn.bias - torch.Size([608]): 
The value is the same before and after calling `init_weights` of EncoderDecoder  

backbone.network.7.4.convffn.fc1.weight - torch.Size([2432, 608, 1, 1]): 
The value is the same before and after calling `init_weights` of EncoderDecoder  

backbone.network.7.4.convffn.fc1.bias - torch.Size([2432]): 
The value is the same before and after calling `init_weights` of EncoderDecoder  

backbone.network.7.4.convffn.fc2.weight - torch.Size([608, 2432, 1, 1]): 
The value is the same before and after calling `init_weights` of EncoderDecoder  

backbone.network.7.4.convffn.fc2.bias - torch.Size([608]): 
The value is the same before and after calling `init_weights` of EncoderDecoder  

backbone.network.7.5.layer_scale_1 - torch.Size([608, 1, 1]): 
The value is the same before and after calling `init_weights` of EncoderDecoder  

backbone.network.7.5.layer_scale_2 - torch.Size([608, 1, 1]): 
The value is the same before and after calling `init_weights` of EncoderDecoder  

backbone.network.7.5.norm.weight - torch.Size([608]): 
The value is the same before and after calling `init_weights` of EncoderDecoder  

backbone.network.7.5.norm.bias - torch.Size([608]): 
The value is the same before and after calling `init_weights` of EncoderDecoder  

backbone.network.7.5.token_mixer.qkv.weight - torch.Size([1824, 608]): 
The value is the same before and after calling `init_weights` of EncoderDecoder  

backbone.network.7.5.token_mixer.proj.weight - torch.Size([608, 608]): 
The value is the same before and after calling `init_weights` of EncoderDecoder  

backbone.network.7.5.token_mixer.proj.bias - torch.Size([608]): 
The value is the same before and after calling `init_weights` of EncoderDecoder  

backbone.network.7.5.convffn.conv.conv.weight - torch.Size([608, 1, 7, 7]): 
The value is the same before and after calling `init_weights` of EncoderDecoder  

backbone.network.7.5.convffn.conv.bn.weight - torch.Size([608]): 
The value is the same before and after calling `init_weights` of EncoderDecoder  

backbone.network.7.5.convffn.conv.bn.bias - torch.Size([608]): 
The value is the same before and after calling `init_weights` of EncoderDecoder  

backbone.network.7.5.convffn.fc1.weight - torch.Size([2432, 608, 1, 1]): 
The value is the same before and after calling `init_weights` of EncoderDecoder  

backbone.network.7.5.convffn.fc1.bias - torch.Size([2432]): 
The value is the same before and after calling `init_weights` of EncoderDecoder  

backbone.network.7.5.convffn.fc2.weight - torch.Size([608, 2432, 1, 1]): 
The value is the same before and after calling `init_weights` of EncoderDecoder  

backbone.network.7.5.convffn.fc2.bias - torch.Size([608]): 
The value is the same before and after calling `init_weights` of EncoderDecoder  

backbone.norm0.weight - torch.Size([76]): 
The value is the same before and after calling `init_weights` of EncoderDecoder  

backbone.norm0.bias - torch.Size([76]): 
The value is the same before and after calling `init_weights` of EncoderDecoder  

backbone.norm2.weight - torch.Size([152]): 
The value is the same before and after calling `init_weights` of EncoderDecoder  

backbone.norm2.bias - torch.Size([152]): 
The value is the same before and after calling `init_weights` of EncoderDecoder  

backbone.norm4.weight - torch.Size([304]): 
The value is the same before and after calling `init_weights` of EncoderDecoder  

backbone.norm4.bias - torch.Size([304]): 
The value is the same before and after calling `init_weights` of EncoderDecoder  

backbone.norm6.weight - torch.Size([608]): 
The value is the same before and after calling `init_weights` of EncoderDecoder  

backbone.norm6.bias - torch.Size([608]): 
The value is the same before and after calling `init_weights` of EncoderDecoder  

decode_head.pixel_decoder.input_convs.0.conv.weight - torch.Size([256, 608, 1, 1]): 
Initialized by user-defined `init_weights` in Mask2FormerHead  

decode_head.pixel_decoder.input_convs.0.conv.bias - torch.Size([256]): 
The value is the same before and after calling `init_weights` of EncoderDecoder  

decode_head.pixel_decoder.input_convs.0.gn.weight - torch.Size([256]): 
The value is the same before and after calling `init_weights` of EncoderDecoder  

decode_head.pixel_decoder.input_convs.0.gn.bias - torch.Size([256]): 
The value is the same before and after calling `init_weights` of EncoderDecoder  

decode_head.pixel_decoder.input_convs.1.conv.weight - torch.Size([256, 304, 1, 1]): 
Initialized by user-defined `init_weights` in Mask2FormerHead  

decode_head.pixel_decoder.input_convs.1.conv.bias - torch.Size([256]): 
The value is the same before and after calling `init_weights` of EncoderDecoder  

decode_head.pixel_decoder.input_convs.1.gn.weight - torch.Size([256]): 
The value is the same before and after calling `init_weights` of EncoderDecoder  

decode_head.pixel_decoder.input_convs.1.gn.bias - torch.Size([256]): 
The value is the same before and after calling `init_weights` of EncoderDecoder  

decode_head.pixel_decoder.input_convs.2.conv.weight - torch.Size([256, 152, 1, 1]): 
Initialized by user-defined `init_weights` in Mask2FormerHead  

decode_head.pixel_decoder.input_convs.2.conv.bias - torch.Size([256]): 
The value is the same before and after calling `init_weights` of EncoderDecoder  

decode_head.pixel_decoder.input_convs.2.gn.weight - torch.Size([256]): 
The value is the same before and after calling `init_weights` of EncoderDecoder  

decode_head.pixel_decoder.input_convs.2.gn.bias - torch.Size([256]): 
The value is the same before and after calling `init_weights` of EncoderDecoder  

decode_head.pixel_decoder.encoder.layers.0.self_attn.sampling_offsets.weight - torch.Size([192, 256]): 
The value is the same before and after calling `init_weights` of EncoderDecoder  

decode_head.pixel_decoder.encoder.layers.0.self_attn.sampling_offsets.bias - torch.Size([192]): 
The value is the same before and after calling `init_weights` of EncoderDecoder  

decode_head.pixel_decoder.encoder.layers.0.self_attn.attention_weights.weight - torch.Size([96, 256]): 
The value is the same before and after calling `init_weights` of EncoderDecoder  

decode_head.pixel_decoder.encoder.layers.0.self_attn.attention_weights.bias - torch.Size([96]): 
The value is the same before and after calling `init_weights` of EncoderDecoder  

decode_head.pixel_decoder.encoder.layers.0.self_attn.value_proj.weight - torch.Size([256, 256]): 
Initialized by user-defined `init_weights` in Mask2FormerHead  

decode_head.pixel_decoder.encoder.layers.0.self_attn.value_proj.bias - torch.Size([256]): 
The value is the same before and after calling `init_weights` of EncoderDecoder  

decode_head.pixel_decoder.encoder.layers.0.self_attn.output_proj.weight - torch.Size([256, 256]): 
Initialized by user-defined `init_weights` in Mask2FormerHead  

decode_head.pixel_decoder.encoder.layers.0.self_attn.output_proj.bias - torch.Size([256]): 
The value is the same before and after calling `init_weights` of EncoderDecoder  

decode_head.pixel_decoder.encoder.layers.0.ffn.layers.0.0.weight - torch.Size([1024, 256]): 
Initialized by user-defined `init_weights` in Mask2FormerHead  

decode_head.pixel_decoder.encoder.layers.0.ffn.layers.0.0.bias - torch.Size([1024]): 
The value is the same before and after calling `init_weights` of EncoderDecoder  

decode_head.pixel_decoder.encoder.layers.0.ffn.layers.1.weight - torch.Size([256, 1024]): 
Initialized by user-defined `init_weights` in Mask2FormerHead  

decode_head.pixel_decoder.encoder.layers.0.ffn.layers.1.bias - torch.Size([256]): 
The value is the same before and after calling `init_weights` of EncoderDecoder  

decode_head.pixel_decoder.encoder.layers.0.norms.0.weight - torch.Size([256]): 
The value is the same before and after calling `init_weights` of EncoderDecoder  

decode_head.pixel_decoder.encoder.layers.0.norms.0.bias - torch.Size([256]): 
The value is the same before and after calling `init_weights` of EncoderDecoder  

decode_head.pixel_decoder.encoder.layers.0.norms.1.weight - torch.Size([256]): 
The value is the same before and after calling `init_weights` of EncoderDecoder  

decode_head.pixel_decoder.encoder.layers.0.norms.1.bias - torch.Size([256]): 
The value is the same before and after calling `init_weights` of EncoderDecoder  

decode_head.pixel_decoder.encoder.layers.1.self_attn.sampling_offsets.weight - torch.Size([192, 256]): 
The value is the same before and after calling `init_weights` of EncoderDecoder  

decode_head.pixel_decoder.encoder.layers.1.self_attn.sampling_offsets.bias - torch.Size([192]): 
The value is the same before and after calling `init_weights` of EncoderDecoder  

decode_head.pixel_decoder.encoder.layers.1.self_attn.attention_weights.weight - torch.Size([96, 256]): 
The value is the same before and after calling `init_weights` of EncoderDecoder  

decode_head.pixel_decoder.encoder.layers.1.self_attn.attention_weights.bias - torch.Size([96]): 
The value is the same before and after calling `init_weights` of EncoderDecoder  

decode_head.pixel_decoder.encoder.layers.1.self_attn.value_proj.weight - torch.Size([256, 256]): 
Initialized by user-defined `init_weights` in Mask2FormerHead  

decode_head.pixel_decoder.encoder.layers.1.self_attn.value_proj.bias - torch.Size([256]): 
The value is the same before and after calling `init_weights` of EncoderDecoder  

decode_head.pixel_decoder.encoder.layers.1.self_attn.output_proj.weight - torch.Size([256, 256]): 
Initialized by user-defined `init_weights` in Mask2FormerHead  

decode_head.pixel_decoder.encoder.layers.1.self_attn.output_proj.bias - torch.Size([256]): 
The value is the same before and after calling `init_weights` of EncoderDecoder  

decode_head.pixel_decoder.encoder.layers.1.ffn.layers.0.0.weight - torch.Size([1024, 256]): 
Initialized by user-defined `init_weights` in Mask2FormerHead  

decode_head.pixel_decoder.encoder.layers.1.ffn.layers.0.0.bias - torch.Size([1024]): 
The value is the same before and after calling `init_weights` of EncoderDecoder  

decode_head.pixel_decoder.encoder.layers.1.ffn.layers.1.weight - torch.Size([256, 1024]): 
Initialized by user-defined `init_weights` in Mask2FormerHead  

decode_head.pixel_decoder.encoder.layers.1.ffn.layers.1.bias - torch.Size([256]): 
The value is the same before and after calling `init_weights` of EncoderDecoder  

decode_head.pixel_decoder.encoder.layers.1.norms.0.weight - torch.Size([256]): 
The value is the same before and after calling `init_weights` of EncoderDecoder  

decode_head.pixel_decoder.encoder.layers.1.norms.0.bias - torch.Size([256]): 
The value is the same before and after calling `init_weights` of EncoderDecoder  

decode_head.pixel_decoder.encoder.layers.1.norms.1.weight - torch.Size([256]): 
The value is the same before and after calling `init_weights` of EncoderDecoder  

decode_head.pixel_decoder.encoder.layers.1.norms.1.bias - torch.Size([256]): 
The value is the same before and after calling `init_weights` of EncoderDecoder  

decode_head.pixel_decoder.encoder.layers.2.self_attn.sampling_offsets.weight - torch.Size([192, 256]): 
The value is the same before and after calling `init_weights` of EncoderDecoder  

decode_head.pixel_decoder.encoder.layers.2.self_attn.sampling_offsets.bias - torch.Size([192]): 
The value is the same before and after calling `init_weights` of EncoderDecoder  

decode_head.pixel_decoder.encoder.layers.2.self_attn.attention_weights.weight - torch.Size([96, 256]): 
The value is the same before and after calling `init_weights` of EncoderDecoder  

decode_head.pixel_decoder.encoder.layers.2.self_attn.attention_weights.bias - torch.Size([96]): 
The value is the same before and after calling `init_weights` of EncoderDecoder  

decode_head.pixel_decoder.encoder.layers.2.self_attn.value_proj.weight - torch.Size([256, 256]): 
Initialized by user-defined `init_weights` in Mask2FormerHead  

decode_head.pixel_decoder.encoder.layers.2.self_attn.value_proj.bias - torch.Size([256]): 
The value is the same before and after calling `init_weights` of EncoderDecoder  

decode_head.pixel_decoder.encoder.layers.2.self_attn.output_proj.weight - torch.Size([256, 256]): 
Initialized by user-defined `init_weights` in Mask2FormerHead  

decode_head.pixel_decoder.encoder.layers.2.self_attn.output_proj.bias - torch.Size([256]): 
The value is the same before and after calling `init_weights` of EncoderDecoder  

decode_head.pixel_decoder.encoder.layers.2.ffn.layers.0.0.weight - torch.Size([1024, 256]): 
Initialized by user-defined `init_weights` in Mask2FormerHead  

decode_head.pixel_decoder.encoder.layers.2.ffn.layers.0.0.bias - torch.Size([1024]): 
The value is the same before and after calling `init_weights` of EncoderDecoder  

decode_head.pixel_decoder.encoder.layers.2.ffn.layers.1.weight - torch.Size([256, 1024]): 
Initialized by user-defined `init_weights` in Mask2FormerHead  

decode_head.pixel_decoder.encoder.layers.2.ffn.layers.1.bias - torch.Size([256]): 
The value is the same before and after calling `init_weights` of EncoderDecoder  

decode_head.pixel_decoder.encoder.layers.2.norms.0.weight - torch.Size([256]): 
The value is the same before and after calling `init_weights` of EncoderDecoder  

decode_head.pixel_decoder.encoder.layers.2.norms.0.bias - torch.Size([256]): 
The value is the same before and after calling `init_weights` of EncoderDecoder  

decode_head.pixel_decoder.encoder.layers.2.norms.1.weight - torch.Size([256]): 
The value is the same before and after calling `init_weights` of EncoderDecoder  

decode_head.pixel_decoder.encoder.layers.2.norms.1.bias - torch.Size([256]): 
The value is the same before and after calling `init_weights` of EncoderDecoder  

decode_head.pixel_decoder.encoder.layers.3.self_attn.sampling_offsets.weight - torch.Size([192, 256]): 
The value is the same before and after calling `init_weights` of EncoderDecoder  

decode_head.pixel_decoder.encoder.layers.3.self_attn.sampling_offsets.bias - torch.Size([192]): 
The value is the same before and after calling `init_weights` of EncoderDecoder  

decode_head.pixel_decoder.encoder.layers.3.self_attn.attention_weights.weight - torch.Size([96, 256]): 
The value is the same before and after calling `init_weights` of EncoderDecoder  

decode_head.pixel_decoder.encoder.layers.3.self_attn.attention_weights.bias - torch.Size([96]): 
The value is the same before and after calling `init_weights` of EncoderDecoder  

decode_head.pixel_decoder.encoder.layers.3.self_attn.value_proj.weight - torch.Size([256, 256]): 
Initialized by user-defined `init_weights` in Mask2FormerHead  

decode_head.pixel_decoder.encoder.layers.3.self_attn.value_proj.bias - torch.Size([256]): 
The value is the same before and after calling `init_weights` of EncoderDecoder  

decode_head.pixel_decoder.encoder.layers.3.self_attn.output_proj.weight - torch.Size([256, 256]): 
Initialized by user-defined `init_weights` in Mask2FormerHead  

decode_head.pixel_decoder.encoder.layers.3.self_attn.output_proj.bias - torch.Size([256]): 
The value is the same before and after calling `init_weights` of EncoderDecoder  

decode_head.pixel_decoder.encoder.layers.3.ffn.layers.0.0.weight - torch.Size([1024, 256]): 
Initialized by user-defined `init_weights` in Mask2FormerHead  

decode_head.pixel_decoder.encoder.layers.3.ffn.layers.0.0.bias - torch.Size([1024]): 
The value is the same before and after calling `init_weights` of EncoderDecoder  

decode_head.pixel_decoder.encoder.layers.3.ffn.layers.1.weight - torch.Size([256, 1024]): 
Initialized by user-defined `init_weights` in Mask2FormerHead  

decode_head.pixel_decoder.encoder.layers.3.ffn.layers.1.bias - torch.Size([256]): 
The value is the same before and after calling `init_weights` of EncoderDecoder  

decode_head.pixel_decoder.encoder.layers.3.norms.0.weight - torch.Size([256]): 
The value is the same before and after calling `init_weights` of EncoderDecoder  

decode_head.pixel_decoder.encoder.layers.3.norms.0.bias - torch.Size([256]): 
The value is the same before and after calling `init_weights` of EncoderDecoder  

decode_head.pixel_decoder.encoder.layers.3.norms.1.weight - torch.Size([256]): 
The value is the same before and after calling `init_weights` of EncoderDecoder  

decode_head.pixel_decoder.encoder.layers.3.norms.1.bias - torch.Size([256]): 
The value is the same before and after calling `init_weights` of EncoderDecoder  

decode_head.pixel_decoder.encoder.layers.4.self_attn.sampling_offsets.weight - torch.Size([192, 256]): 
The value is the same before and after calling `init_weights` of EncoderDecoder  

decode_head.pixel_decoder.encoder.layers.4.self_attn.sampling_offsets.bias - torch.Size([192]): 
The value is the same before and after calling `init_weights` of EncoderDecoder  

decode_head.pixel_decoder.encoder.layers.4.self_attn.attention_weights.weight - torch.Size([96, 256]): 
The value is the same before and after calling `init_weights` of EncoderDecoder  

decode_head.pixel_decoder.encoder.layers.4.self_attn.attention_weights.bias - torch.Size([96]): 
The value is the same before and after calling `init_weights` of EncoderDecoder  

decode_head.pixel_decoder.encoder.layers.4.self_attn.value_proj.weight - torch.Size([256, 256]): 
Initialized by user-defined `init_weights` in Mask2FormerHead  

decode_head.pixel_decoder.encoder.layers.4.self_attn.value_proj.bias - torch.Size([256]): 
The value is the same before and after calling `init_weights` of EncoderDecoder  

decode_head.pixel_decoder.encoder.layers.4.self_attn.output_proj.weight - torch.Size([256, 256]): 
Initialized by user-defined `init_weights` in Mask2FormerHead  

decode_head.pixel_decoder.encoder.layers.4.self_attn.output_proj.bias - torch.Size([256]): 
The value is the same before and after calling `init_weights` of EncoderDecoder  

decode_head.pixel_decoder.encoder.layers.4.ffn.layers.0.0.weight - torch.Size([1024, 256]): 
Initialized by user-defined `init_weights` in Mask2FormerHead  

decode_head.pixel_decoder.encoder.layers.4.ffn.layers.0.0.bias - torch.Size([1024]): 
The value is the same before and after calling `init_weights` of EncoderDecoder  

decode_head.pixel_decoder.encoder.layers.4.ffn.layers.1.weight - torch.Size([256, 1024]): 
Initialized by user-defined `init_weights` in Mask2FormerHead  

decode_head.pixel_decoder.encoder.layers.4.ffn.layers.1.bias - torch.Size([256]): 
The value is the same before and after calling `init_weights` of EncoderDecoder  

decode_head.pixel_decoder.encoder.layers.4.norms.0.weight - torch.Size([256]): 
The value is the same before and after calling `init_weights` of EncoderDecoder  

decode_head.pixel_decoder.encoder.layers.4.norms.0.bias - torch.Size([256]): 
The value is the same before and after calling `init_weights` of EncoderDecoder  

decode_head.pixel_decoder.encoder.layers.4.norms.1.weight - torch.Size([256]): 
The value is the same before and after calling `init_weights` of EncoderDecoder  

decode_head.pixel_decoder.encoder.layers.4.norms.1.bias - torch.Size([256]): 
The value is the same before and after calling `init_weights` of EncoderDecoder  

decode_head.pixel_decoder.encoder.layers.5.self_attn.sampling_offsets.weight - torch.Size([192, 256]): 
The value is the same before and after calling `init_weights` of EncoderDecoder  

decode_head.pixel_decoder.encoder.layers.5.self_attn.sampling_offsets.bias - torch.Size([192]): 
The value is the same before and after calling `init_weights` of EncoderDecoder  

decode_head.pixel_decoder.encoder.layers.5.self_attn.attention_weights.weight - torch.Size([96, 256]): 
The value is the same before and after calling `init_weights` of EncoderDecoder  

decode_head.pixel_decoder.encoder.layers.5.self_attn.attention_weights.bias - torch.Size([96]): 
The value is the same before and after calling `init_weights` of EncoderDecoder  

decode_head.pixel_decoder.encoder.layers.5.self_attn.value_proj.weight - torch.Size([256, 256]): 
Initialized by user-defined `init_weights` in Mask2FormerHead  

decode_head.pixel_decoder.encoder.layers.5.self_attn.value_proj.bias - torch.Size([256]): 
The value is the same before and after calling `init_weights` of EncoderDecoder  

decode_head.pixel_decoder.encoder.layers.5.self_attn.output_proj.weight - torch.Size([256, 256]): 
Initialized by user-defined `init_weights` in Mask2FormerHead  

decode_head.pixel_decoder.encoder.layers.5.self_attn.output_proj.bias - torch.Size([256]): 
The value is the same before and after calling `init_weights` of EncoderDecoder  

decode_head.pixel_decoder.encoder.layers.5.ffn.layers.0.0.weight - torch.Size([1024, 256]): 
Initialized by user-defined `init_weights` in Mask2FormerHead  

decode_head.pixel_decoder.encoder.layers.5.ffn.layers.0.0.bias - torch.Size([1024]): 
The value is the same before and after calling `init_weights` of EncoderDecoder  

decode_head.pixel_decoder.encoder.layers.5.ffn.layers.1.weight - torch.Size([256, 1024]): 
Initialized by user-defined `init_weights` in Mask2FormerHead  

decode_head.pixel_decoder.encoder.layers.5.ffn.layers.1.bias - torch.Size([256]): 
The value is the same before and after calling `init_weights` of EncoderDecoder  

decode_head.pixel_decoder.encoder.layers.5.norms.0.weight - torch.Size([256]): 
The value is the same before and after calling `init_weights` of EncoderDecoder  

decode_head.pixel_decoder.encoder.layers.5.norms.0.bias - torch.Size([256]): 
The value is the same before and after calling `init_weights` of EncoderDecoder  

decode_head.pixel_decoder.encoder.layers.5.norms.1.weight - torch.Size([256]): 
The value is the same before and after calling `init_weights` of EncoderDecoder  

decode_head.pixel_decoder.encoder.layers.5.norms.1.bias - torch.Size([256]): 
The value is the same before and after calling `init_weights` of EncoderDecoder  

decode_head.pixel_decoder.level_encoding.weight - torch.Size([3, 256]): 
Initialized by user-defined `init_weights` in Mask2FormerHead  

decode_head.pixel_decoder.lateral_convs.0.conv.weight - torch.Size([256, 76, 1, 1]): 
Initialized by user-defined `init_weights` in Mask2FormerHead  

decode_head.pixel_decoder.lateral_convs.0.gn.weight - torch.Size([256]): 
The value is the same before and after calling `init_weights` of EncoderDecoder  

decode_head.pixel_decoder.lateral_convs.0.gn.bias - torch.Size([256]): 
The value is the same before and after calling `init_weights` of EncoderDecoder  

decode_head.pixel_decoder.output_convs.0.conv.weight - torch.Size([256, 256, 3, 3]): 
Initialized by user-defined `init_weights` in Mask2FormerHead  

decode_head.pixel_decoder.output_convs.0.gn.weight - torch.Size([256]): 
The value is the same before and after calling `init_weights` of EncoderDecoder  

decode_head.pixel_decoder.output_convs.0.gn.bias - torch.Size([256]): 
The value is the same before and after calling `init_weights` of EncoderDecoder  

decode_head.pixel_decoder.mask_feature.weight - torch.Size([256, 256, 1, 1]): 
Initialized by user-defined `init_weights` in Mask2FormerHead  

decode_head.pixel_decoder.mask_feature.bias - torch.Size([256]): 
Initialized by user-defined `init_weights` in Mask2FormerHead  

decode_head.transformer_decoder.layers.0.self_attn.attn.in_proj_weight - torch.Size([768, 256]): 
Initialized by user-defined `init_weights` in Mask2FormerHead  

decode_head.transformer_decoder.layers.0.self_attn.attn.in_proj_bias - torch.Size([768]): 
The value is the same before and after calling `init_weights` of EncoderDecoder  

decode_head.transformer_decoder.layers.0.self_attn.attn.out_proj.weight - torch.Size([256, 256]): 
Initialized by user-defined `init_weights` in Mask2FormerHead  

decode_head.transformer_decoder.layers.0.self_attn.attn.out_proj.bias - torch.Size([256]): 
The value is the same before and after calling `init_weights` of EncoderDecoder  

decode_head.transformer_decoder.layers.0.cross_attn.attn.in_proj_weight - torch.Size([768, 256]): 
Initialized by user-defined `init_weights` in Mask2FormerHead  

decode_head.transformer_decoder.layers.0.cross_attn.attn.in_proj_bias - torch.Size([768]): 
The value is the same before and after calling `init_weights` of EncoderDecoder  

decode_head.transformer_decoder.layers.0.cross_attn.attn.out_proj.weight - torch.Size([256, 256]): 
Initialized by user-defined `init_weights` in Mask2FormerHead  

decode_head.transformer_decoder.layers.0.cross_attn.attn.out_proj.bias - torch.Size([256]): 
The value is the same before and after calling `init_weights` of EncoderDecoder  

decode_head.transformer_decoder.layers.0.ffn.layers.0.0.weight - torch.Size([2048, 256]): 
Initialized by user-defined `init_weights` in Mask2FormerHead  

decode_head.transformer_decoder.layers.0.ffn.layers.0.0.bias - torch.Size([2048]): 
The value is the same before and after calling `init_weights` of EncoderDecoder  

decode_head.transformer_decoder.layers.0.ffn.layers.1.weight - torch.Size([256, 2048]): 
Initialized by user-defined `init_weights` in Mask2FormerHead  

decode_head.transformer_decoder.layers.0.ffn.layers.1.bias - torch.Size([256]): 
The value is the same before and after calling `init_weights` of EncoderDecoder  

decode_head.transformer_decoder.layers.0.norms.0.weight - torch.Size([256]): 
The value is the same before and after calling `init_weights` of EncoderDecoder  

decode_head.transformer_decoder.layers.0.norms.0.bias - torch.Size([256]): 
The value is the same before and after calling `init_weights` of EncoderDecoder  

decode_head.transformer_decoder.layers.0.norms.1.weight - torch.Size([256]): 
The value is the same before and after calling `init_weights` of EncoderDecoder  

decode_head.transformer_decoder.layers.0.norms.1.bias - torch.Size([256]): 
The value is the same before and after calling `init_weights` of EncoderDecoder  

decode_head.transformer_decoder.layers.0.norms.2.weight - torch.Size([256]): 
The value is the same before and after calling `init_weights` of EncoderDecoder  

decode_head.transformer_decoder.layers.0.norms.2.bias - torch.Size([256]): 
The value is the same before and after calling `init_weights` of EncoderDecoder  

decode_head.transformer_decoder.layers.1.self_attn.attn.in_proj_weight - torch.Size([768, 256]): 
Initialized by user-defined `init_weights` in Mask2FormerHead  

decode_head.transformer_decoder.layers.1.self_attn.attn.in_proj_bias - torch.Size([768]): 
The value is the same before and after calling `init_weights` of EncoderDecoder  

decode_head.transformer_decoder.layers.1.self_attn.attn.out_proj.weight - torch.Size([256, 256]): 
Initialized by user-defined `init_weights` in Mask2FormerHead  

decode_head.transformer_decoder.layers.1.self_attn.attn.out_proj.bias - torch.Size([256]): 
The value is the same before and after calling `init_weights` of EncoderDecoder  

decode_head.transformer_decoder.layers.1.cross_attn.attn.in_proj_weight - torch.Size([768, 256]): 
Initialized by user-defined `init_weights` in Mask2FormerHead  

decode_head.transformer_decoder.layers.1.cross_attn.attn.in_proj_bias - torch.Size([768]): 
The value is the same before and after calling `init_weights` of EncoderDecoder  

decode_head.transformer_decoder.layers.1.cross_attn.attn.out_proj.weight - torch.Size([256, 256]): 
Initialized by user-defined `init_weights` in Mask2FormerHead  

decode_head.transformer_decoder.layers.1.cross_attn.attn.out_proj.bias - torch.Size([256]): 
The value is the same before and after calling `init_weights` of EncoderDecoder  

decode_head.transformer_decoder.layers.1.ffn.layers.0.0.weight - torch.Size([2048, 256]): 
Initialized by user-defined `init_weights` in Mask2FormerHead  

decode_head.transformer_decoder.layers.1.ffn.layers.0.0.bias - torch.Size([2048]): 
The value is the same before and after calling `init_weights` of EncoderDecoder  

decode_head.transformer_decoder.layers.1.ffn.layers.1.weight - torch.Size([256, 2048]): 
Initialized by user-defined `init_weights` in Mask2FormerHead  

decode_head.transformer_decoder.layers.1.ffn.layers.1.bias - torch.Size([256]): 
The value is the same before and after calling `init_weights` of EncoderDecoder  

decode_head.transformer_decoder.layers.1.norms.0.weight - torch.Size([256]): 
The value is the same before and after calling `init_weights` of EncoderDecoder  

decode_head.transformer_decoder.layers.1.norms.0.bias - torch.Size([256]): 
The value is the same before and after calling `init_weights` of EncoderDecoder  

decode_head.transformer_decoder.layers.1.norms.1.weight - torch.Size([256]): 
The value is the same before and after calling `init_weights` of EncoderDecoder  

decode_head.transformer_decoder.layers.1.norms.1.bias - torch.Size([256]): 
The value is the same before and after calling `init_weights` of EncoderDecoder  

decode_head.transformer_decoder.layers.1.norms.2.weight - torch.Size([256]): 
The value is the same before and after calling `init_weights` of EncoderDecoder  

decode_head.transformer_decoder.layers.1.norms.2.bias - torch.Size([256]): 
The value is the same before and after calling `init_weights` of EncoderDecoder  

decode_head.transformer_decoder.layers.2.self_attn.attn.in_proj_weight - torch.Size([768, 256]): 
Initialized by user-defined `init_weights` in Mask2FormerHead  

decode_head.transformer_decoder.layers.2.self_attn.attn.in_proj_bias - torch.Size([768]): 
The value is the same before and after calling `init_weights` of EncoderDecoder  

decode_head.transformer_decoder.layers.2.self_attn.attn.out_proj.weight - torch.Size([256, 256]): 
Initialized by user-defined `init_weights` in Mask2FormerHead  

decode_head.transformer_decoder.layers.2.self_attn.attn.out_proj.bias - torch.Size([256]): 
The value is the same before and after calling `init_weights` of EncoderDecoder  

decode_head.transformer_decoder.layers.2.cross_attn.attn.in_proj_weight - torch.Size([768, 256]): 
Initialized by user-defined `init_weights` in Mask2FormerHead  

decode_head.transformer_decoder.layers.2.cross_attn.attn.in_proj_bias - torch.Size([768]): 
The value is the same before and after calling `init_weights` of EncoderDecoder  

decode_head.transformer_decoder.layers.2.cross_attn.attn.out_proj.weight - torch.Size([256, 256]): 
Initialized by user-defined `init_weights` in Mask2FormerHead  

decode_head.transformer_decoder.layers.2.cross_attn.attn.out_proj.bias - torch.Size([256]): 
The value is the same before and after calling `init_weights` of EncoderDecoder  

decode_head.transformer_decoder.layers.2.ffn.layers.0.0.weight - torch.Size([2048, 256]): 
Initialized by user-defined `init_weights` in Mask2FormerHead  

decode_head.transformer_decoder.layers.2.ffn.layers.0.0.bias - torch.Size([2048]): 
The value is the same before and after calling `init_weights` of EncoderDecoder  

decode_head.transformer_decoder.layers.2.ffn.layers.1.weight - torch.Size([256, 2048]): 
Initialized by user-defined `init_weights` in Mask2FormerHead  

decode_head.transformer_decoder.layers.2.ffn.layers.1.bias - torch.Size([256]): 
The value is the same before and after calling `init_weights` of EncoderDecoder  

decode_head.transformer_decoder.layers.2.norms.0.weight - torch.Size([256]): 
The value is the same before and after calling `init_weights` of EncoderDecoder  

decode_head.transformer_decoder.layers.2.norms.0.bias - torch.Size([256]): 
The value is the same before and after calling `init_weights` of EncoderDecoder  

decode_head.transformer_decoder.layers.2.norms.1.weight - torch.Size([256]): 
The value is the same before and after calling `init_weights` of EncoderDecoder  

decode_head.transformer_decoder.layers.2.norms.1.bias - torch.Size([256]): 
The value is the same before and after calling `init_weights` of EncoderDecoder  

decode_head.transformer_decoder.layers.2.norms.2.weight - torch.Size([256]): 
The value is the same before and after calling `init_weights` of EncoderDecoder  

decode_head.transformer_decoder.layers.2.norms.2.bias - torch.Size([256]): 
The value is the same before and after calling `init_weights` of EncoderDecoder  

decode_head.transformer_decoder.layers.3.self_attn.attn.in_proj_weight - torch.Size([768, 256]): 
Initialized by user-defined `init_weights` in Mask2FormerHead  

decode_head.transformer_decoder.layers.3.self_attn.attn.in_proj_bias - torch.Size([768]): 
The value is the same before and after calling `init_weights` of EncoderDecoder  

decode_head.transformer_decoder.layers.3.self_attn.attn.out_proj.weight - torch.Size([256, 256]): 
Initialized by user-defined `init_weights` in Mask2FormerHead  

decode_head.transformer_decoder.layers.3.self_attn.attn.out_proj.bias - torch.Size([256]): 
The value is the same before and after calling `init_weights` of EncoderDecoder  

decode_head.transformer_decoder.layers.3.cross_attn.attn.in_proj_weight - torch.Size([768, 256]): 
Initialized by user-defined `init_weights` in Mask2FormerHead  

decode_head.transformer_decoder.layers.3.cross_attn.attn.in_proj_bias - torch.Size([768]): 
The value is the same before and after calling `init_weights` of EncoderDecoder  

decode_head.transformer_decoder.layers.3.cross_attn.attn.out_proj.weight - torch.Size([256, 256]): 
Initialized by user-defined `init_weights` in Mask2FormerHead  

decode_head.transformer_decoder.layers.3.cross_attn.attn.out_proj.bias - torch.Size([256]): 
The value is the same before and after calling `init_weights` of EncoderDecoder  

decode_head.transformer_decoder.layers.3.ffn.layers.0.0.weight - torch.Size([2048, 256]): 
Initialized by user-defined `init_weights` in Mask2FormerHead  

decode_head.transformer_decoder.layers.3.ffn.layers.0.0.bias - torch.Size([2048]): 
The value is the same before and after calling `init_weights` of EncoderDecoder  

decode_head.transformer_decoder.layers.3.ffn.layers.1.weight - torch.Size([256, 2048]): 
Initialized by user-defined `init_weights` in Mask2FormerHead  

decode_head.transformer_decoder.layers.3.ffn.layers.1.bias - torch.Size([256]): 
The value is the same before and after calling `init_weights` of EncoderDecoder  

decode_head.transformer_decoder.layers.3.norms.0.weight - torch.Size([256]): 
The value is the same before and after calling `init_weights` of EncoderDecoder  

decode_head.transformer_decoder.layers.3.norms.0.bias - torch.Size([256]): 
The value is the same before and after calling `init_weights` of EncoderDecoder  

decode_head.transformer_decoder.layers.3.norms.1.weight - torch.Size([256]): 
The value is the same before and after calling `init_weights` of EncoderDecoder  

decode_head.transformer_decoder.layers.3.norms.1.bias - torch.Size([256]): 
The value is the same before and after calling `init_weights` of EncoderDecoder  

decode_head.transformer_decoder.layers.3.norms.2.weight - torch.Size([256]): 
The value is the same before and after calling `init_weights` of EncoderDecoder  

decode_head.transformer_decoder.layers.3.norms.2.bias - torch.Size([256]): 
The value is the same before and after calling `init_weights` of EncoderDecoder  

decode_head.transformer_decoder.layers.4.self_attn.attn.in_proj_weight - torch.Size([768, 256]): 
Initialized by user-defined `init_weights` in Mask2FormerHead  

decode_head.transformer_decoder.layers.4.self_attn.attn.in_proj_bias - torch.Size([768]): 
The value is the same before and after calling `init_weights` of EncoderDecoder  

decode_head.transformer_decoder.layers.4.self_attn.attn.out_proj.weight - torch.Size([256, 256]): 
Initialized by user-defined `init_weights` in Mask2FormerHead  

decode_head.transformer_decoder.layers.4.self_attn.attn.out_proj.bias - torch.Size([256]): 
The value is the same before and after calling `init_weights` of EncoderDecoder  

decode_head.transformer_decoder.layers.4.cross_attn.attn.in_proj_weight - torch.Size([768, 256]): 
Initialized by user-defined `init_weights` in Mask2FormerHead  

decode_head.transformer_decoder.layers.4.cross_attn.attn.in_proj_bias - torch.Size([768]): 
The value is the same before and after calling `init_weights` of EncoderDecoder  

decode_head.transformer_decoder.layers.4.cross_attn.attn.out_proj.weight - torch.Size([256, 256]): 
Initialized by user-defined `init_weights` in Mask2FormerHead  

decode_head.transformer_decoder.layers.4.cross_attn.attn.out_proj.bias - torch.Size([256]): 
The value is the same before and after calling `init_weights` of EncoderDecoder  

decode_head.transformer_decoder.layers.4.ffn.layers.0.0.weight - torch.Size([2048, 256]): 
Initialized by user-defined `init_weights` in Mask2FormerHead  

decode_head.transformer_decoder.layers.4.ffn.layers.0.0.bias - torch.Size([2048]): 
The value is the same before and after calling `init_weights` of EncoderDecoder  

decode_head.transformer_decoder.layers.4.ffn.layers.1.weight - torch.Size([256, 2048]): 
Initialized by user-defined `init_weights` in Mask2FormerHead  

decode_head.transformer_decoder.layers.4.ffn.layers.1.bias - torch.Size([256]): 
The value is the same before and after calling `init_weights` of EncoderDecoder  

decode_head.transformer_decoder.layers.4.norms.0.weight - torch.Size([256]): 
The value is the same before and after calling `init_weights` of EncoderDecoder  

decode_head.transformer_decoder.layers.4.norms.0.bias - torch.Size([256]): 
The value is the same before and after calling `init_weights` of EncoderDecoder  

decode_head.transformer_decoder.layers.4.norms.1.weight - torch.Size([256]): 
The value is the same before and after calling `init_weights` of EncoderDecoder  

decode_head.transformer_decoder.layers.4.norms.1.bias - torch.Size([256]): 
The value is the same before and after calling `init_weights` of EncoderDecoder  

decode_head.transformer_decoder.layers.4.norms.2.weight - torch.Size([256]): 
The value is the same before and after calling `init_weights` of EncoderDecoder  

decode_head.transformer_decoder.layers.4.norms.2.bias - torch.Size([256]): 
The value is the same before and after calling `init_weights` of EncoderDecoder  

decode_head.transformer_decoder.layers.5.self_attn.attn.in_proj_weight - torch.Size([768, 256]): 
Initialized by user-defined `init_weights` in Mask2FormerHead  

decode_head.transformer_decoder.layers.5.self_attn.attn.in_proj_bias - torch.Size([768]): 
The value is the same before and after calling `init_weights` of EncoderDecoder  

decode_head.transformer_decoder.layers.5.self_attn.attn.out_proj.weight - torch.Size([256, 256]): 
Initialized by user-defined `init_weights` in Mask2FormerHead  

decode_head.transformer_decoder.layers.5.self_attn.attn.out_proj.bias - torch.Size([256]): 
The value is the same before and after calling `init_weights` of EncoderDecoder  

decode_head.transformer_decoder.layers.5.cross_attn.attn.in_proj_weight - torch.Size([768, 256]): 
Initialized by user-defined `init_weights` in Mask2FormerHead  

decode_head.transformer_decoder.layers.5.cross_attn.attn.in_proj_bias - torch.Size([768]): 
The value is the same before and after calling `init_weights` of EncoderDecoder  

decode_head.transformer_decoder.layers.5.cross_attn.attn.out_proj.weight - torch.Size([256, 256]): 
Initialized by user-defined `init_weights` in Mask2FormerHead  

decode_head.transformer_decoder.layers.5.cross_attn.attn.out_proj.bias - torch.Size([256]): 
The value is the same before and after calling `init_weights` of EncoderDecoder  

decode_head.transformer_decoder.layers.5.ffn.layers.0.0.weight - torch.Size([2048, 256]): 
Initialized by user-defined `init_weights` in Mask2FormerHead  

decode_head.transformer_decoder.layers.5.ffn.layers.0.0.bias - torch.Size([2048]): 
The value is the same before and after calling `init_weights` of EncoderDecoder  

decode_head.transformer_decoder.layers.5.ffn.layers.1.weight - torch.Size([256, 2048]): 
Initialized by user-defined `init_weights` in Mask2FormerHead  

decode_head.transformer_decoder.layers.5.ffn.layers.1.bias - torch.Size([256]): 
The value is the same before and after calling `init_weights` of EncoderDecoder  

decode_head.transformer_decoder.layers.5.norms.0.weight - torch.Size([256]): 
The value is the same before and after calling `init_weights` of EncoderDecoder  

decode_head.transformer_decoder.layers.5.norms.0.bias - torch.Size([256]): 
The value is the same before and after calling `init_weights` of EncoderDecoder  

decode_head.transformer_decoder.layers.5.norms.1.weight - torch.Size([256]): 
The value is the same before and after calling `init_weights` of EncoderDecoder  

decode_head.transformer_decoder.layers.5.norms.1.bias - torch.Size([256]): 
The value is the same before and after calling `init_weights` of EncoderDecoder  

decode_head.transformer_decoder.layers.5.norms.2.weight - torch.Size([256]): 
The value is the same before and after calling `init_weights` of EncoderDecoder  

decode_head.transformer_decoder.layers.5.norms.2.bias - torch.Size([256]): 
The value is the same before and after calling `init_weights` of EncoderDecoder  

decode_head.transformer_decoder.layers.6.self_attn.attn.in_proj_weight - torch.Size([768, 256]): 
Initialized by user-defined `init_weights` in Mask2FormerHead  

decode_head.transformer_decoder.layers.6.self_attn.attn.in_proj_bias - torch.Size([768]): 
The value is the same before and after calling `init_weights` of EncoderDecoder  

decode_head.transformer_decoder.layers.6.self_attn.attn.out_proj.weight - torch.Size([256, 256]): 
Initialized by user-defined `init_weights` in Mask2FormerHead  

decode_head.transformer_decoder.layers.6.self_attn.attn.out_proj.bias - torch.Size([256]): 
The value is the same before and after calling `init_weights` of EncoderDecoder  

decode_head.transformer_decoder.layers.6.cross_attn.attn.in_proj_weight - torch.Size([768, 256]): 
Initialized by user-defined `init_weights` in Mask2FormerHead  

decode_head.transformer_decoder.layers.6.cross_attn.attn.in_proj_bias - torch.Size([768]): 
The value is the same before and after calling `init_weights` of EncoderDecoder  

decode_head.transformer_decoder.layers.6.cross_attn.attn.out_proj.weight - torch.Size([256, 256]): 
Initialized by user-defined `init_weights` in Mask2FormerHead  

decode_head.transformer_decoder.layers.6.cross_attn.attn.out_proj.bias - torch.Size([256]): 
The value is the same before and after calling `init_weights` of EncoderDecoder  

decode_head.transformer_decoder.layers.6.ffn.layers.0.0.weight - torch.Size([2048, 256]): 
Initialized by user-defined `init_weights` in Mask2FormerHead  

decode_head.transformer_decoder.layers.6.ffn.layers.0.0.bias - torch.Size([2048]): 
The value is the same before and after calling `init_weights` of EncoderDecoder  

decode_head.transformer_decoder.layers.6.ffn.layers.1.weight - torch.Size([256, 2048]): 
Initialized by user-defined `init_weights` in Mask2FormerHead  

decode_head.transformer_decoder.layers.6.ffn.layers.1.bias - torch.Size([256]): 
The value is the same before and after calling `init_weights` of EncoderDecoder  

decode_head.transformer_decoder.layers.6.norms.0.weight - torch.Size([256]): 
The value is the same before and after calling `init_weights` of EncoderDecoder  

decode_head.transformer_decoder.layers.6.norms.0.bias - torch.Size([256]): 
The value is the same before and after calling `init_weights` of EncoderDecoder  

decode_head.transformer_decoder.layers.6.norms.1.weight - torch.Size([256]): 
The value is the same before and after calling `init_weights` of EncoderDecoder  

decode_head.transformer_decoder.layers.6.norms.1.bias - torch.Size([256]): 
The value is the same before and after calling `init_weights` of EncoderDecoder  

decode_head.transformer_decoder.layers.6.norms.2.weight - torch.Size([256]): 
The value is the same before and after calling `init_weights` of EncoderDecoder  

decode_head.transformer_decoder.layers.6.norms.2.bias - torch.Size([256]): 
The value is the same before and after calling `init_weights` of EncoderDecoder  

decode_head.transformer_decoder.layers.7.self_attn.attn.in_proj_weight - torch.Size([768, 256]): 
Initialized by user-defined `init_weights` in Mask2FormerHead  

decode_head.transformer_decoder.layers.7.self_attn.attn.in_proj_bias - torch.Size([768]): 
The value is the same before and after calling `init_weights` of EncoderDecoder  

decode_head.transformer_decoder.layers.7.self_attn.attn.out_proj.weight - torch.Size([256, 256]): 
Initialized by user-defined `init_weights` in Mask2FormerHead  

decode_head.transformer_decoder.layers.7.self_attn.attn.out_proj.bias - torch.Size([256]): 
The value is the same before and after calling `init_weights` of EncoderDecoder  

decode_head.transformer_decoder.layers.7.cross_attn.attn.in_proj_weight - torch.Size([768, 256]): 
Initialized by user-defined `init_weights` in Mask2FormerHead  

decode_head.transformer_decoder.layers.7.cross_attn.attn.in_proj_bias - torch.Size([768]): 
The value is the same before and after calling `init_weights` of EncoderDecoder  

decode_head.transformer_decoder.layers.7.cross_attn.attn.out_proj.weight - torch.Size([256, 256]): 
Initialized by user-defined `init_weights` in Mask2FormerHead  

decode_head.transformer_decoder.layers.7.cross_attn.attn.out_proj.bias - torch.Size([256]): 
The value is the same before and after calling `init_weights` of EncoderDecoder  

decode_head.transformer_decoder.layers.7.ffn.layers.0.0.weight - torch.Size([2048, 256]): 
Initialized by user-defined `init_weights` in Mask2FormerHead  

decode_head.transformer_decoder.layers.7.ffn.layers.0.0.bias - torch.Size([2048]): 
The value is the same before and after calling `init_weights` of EncoderDecoder  

decode_head.transformer_decoder.layers.7.ffn.layers.1.weight - torch.Size([256, 2048]): 
Initialized by user-defined `init_weights` in Mask2FormerHead  

decode_head.transformer_decoder.layers.7.ffn.layers.1.bias - torch.Size([256]): 
The value is the same before and after calling `init_weights` of EncoderDecoder  

decode_head.transformer_decoder.layers.7.norms.0.weight - torch.Size([256]): 
The value is the same before and after calling `init_weights` of EncoderDecoder  

decode_head.transformer_decoder.layers.7.norms.0.bias - torch.Size([256]): 
The value is the same before and after calling `init_weights` of EncoderDecoder  

decode_head.transformer_decoder.layers.7.norms.1.weight - torch.Size([256]): 
The value is the same before and after calling `init_weights` of EncoderDecoder  

decode_head.transformer_decoder.layers.7.norms.1.bias - torch.Size([256]): 
The value is the same before and after calling `init_weights` of EncoderDecoder  

decode_head.transformer_decoder.layers.7.norms.2.weight - torch.Size([256]): 
The value is the same before and after calling `init_weights` of EncoderDecoder  

decode_head.transformer_decoder.layers.7.norms.2.bias - torch.Size([256]): 
The value is the same before and after calling `init_weights` of EncoderDecoder  

decode_head.transformer_decoder.layers.8.self_attn.attn.in_proj_weight - torch.Size([768, 256]): 
Initialized by user-defined `init_weights` in Mask2FormerHead  

decode_head.transformer_decoder.layers.8.self_attn.attn.in_proj_bias - torch.Size([768]): 
The value is the same before and after calling `init_weights` of EncoderDecoder  

decode_head.transformer_decoder.layers.8.self_attn.attn.out_proj.weight - torch.Size([256, 256]): 
Initialized by user-defined `init_weights` in Mask2FormerHead  

decode_head.transformer_decoder.layers.8.self_attn.attn.out_proj.bias - torch.Size([256]): 
The value is the same before and after calling `init_weights` of EncoderDecoder  

decode_head.transformer_decoder.layers.8.cross_attn.attn.in_proj_weight - torch.Size([768, 256]): 
Initialized by user-defined `init_weights` in Mask2FormerHead  

decode_head.transformer_decoder.layers.8.cross_attn.attn.in_proj_bias - torch.Size([768]): 
The value is the same before and after calling `init_weights` of EncoderDecoder  

decode_head.transformer_decoder.layers.8.cross_attn.attn.out_proj.weight - torch.Size([256, 256]): 
Initialized by user-defined `init_weights` in Mask2FormerHead  

decode_head.transformer_decoder.layers.8.cross_attn.attn.out_proj.bias - torch.Size([256]): 
The value is the same before and after calling `init_weights` of EncoderDecoder  

decode_head.transformer_decoder.layers.8.ffn.layers.0.0.weight - torch.Size([2048, 256]): 
Initialized by user-defined `init_weights` in Mask2FormerHead  

decode_head.transformer_decoder.layers.8.ffn.layers.0.0.bias - torch.Size([2048]): 
The value is the same before and after calling `init_weights` of EncoderDecoder  

decode_head.transformer_decoder.layers.8.ffn.layers.1.weight - torch.Size([256, 2048]): 
Initialized by user-defined `init_weights` in Mask2FormerHead  

decode_head.transformer_decoder.layers.8.ffn.layers.1.bias - torch.Size([256]): 
The value is the same before and after calling `init_weights` of EncoderDecoder  

decode_head.transformer_decoder.layers.8.norms.0.weight - torch.Size([256]): 
The value is the same before and after calling `init_weights` of EncoderDecoder  

decode_head.transformer_decoder.layers.8.norms.0.bias - torch.Size([256]): 
The value is the same before and after calling `init_weights` of EncoderDecoder  

decode_head.transformer_decoder.layers.8.norms.1.weight - torch.Size([256]): 
The value is the same before and after calling `init_weights` of EncoderDecoder  

decode_head.transformer_decoder.layers.8.norms.1.bias - torch.Size([256]): 
The value is the same before and after calling `init_weights` of EncoderDecoder  

decode_head.transformer_decoder.layers.8.norms.2.weight - torch.Size([256]): 
The value is the same before and after calling `init_weights` of EncoderDecoder  

decode_head.transformer_decoder.layers.8.norms.2.bias - torch.Size([256]): 
The value is the same before and after calling `init_weights` of EncoderDecoder  

decode_head.transformer_decoder.post_norm.weight - torch.Size([256]): 
The value is the same before and after calling `init_weights` of EncoderDecoder  

decode_head.transformer_decoder.post_norm.bias - torch.Size([256]): 
The value is the same before and after calling `init_weights` of EncoderDecoder  

decode_head.query_embed.weight - torch.Size([100, 256]): 
The value is the same before and after calling `init_weights` of EncoderDecoder  

decode_head.query_feat.weight - torch.Size([100, 256]): 
The value is the same before and after calling `init_weights` of EncoderDecoder  

decode_head.level_embed.weight - torch.Size([3, 256]): 
The value is the same before and after calling `init_weights` of EncoderDecoder  

decode_head.cls_embed.weight - torch.Size([3, 256]): 
The value is the same before and after calling `init_weights` of EncoderDecoder  

decode_head.cls_embed.bias - torch.Size([3]): 
The value is the same before and after calling `init_weights` of EncoderDecoder  

decode_head.mask_embed.0.weight - torch.Size([256, 256]): 
The value is the same before and after calling `init_weights` of EncoderDecoder  

decode_head.mask_embed.0.bias - torch.Size([256]): 
The value is the same before and after calling `init_weights` of EncoderDecoder  

decode_head.mask_embed.2.weight - torch.Size([256, 256]): 
The value is the same before and after calling `init_weights` of EncoderDecoder  

decode_head.mask_embed.2.bias - torch.Size([256]): 
The value is the same before and after calling `init_weights` of EncoderDecoder  

decode_head.mask_embed.4.weight - torch.Size([256, 256]): 
The value is the same before and after calling `init_weights` of EncoderDecoder  

decode_head.mask_embed.4.bias - torch.Size([256]): 
The value is the same before and after calling `init_weights` of EncoderDecoder  
2025/03/03 11:37:47 - mmengine - INFO - Load checkpoint from G:\experiments\mmsegmentation\work_dirs\mask2former_swin-t_8xb2-160k_ade20k-512x512fast_all_data\best_mIoU_iter_3500.pth
2025/03/03 11:37:47 - mmengine - WARNING - "FileClient" will be deprecated in future. Please use io functions in https://mmengine.readthedocs.io/en/latest/api/fileio.html#file-io
2025/03/03 11:37:47 - mmengine - WARNING - "HardDiskBackend" is the alias of "LocalBackend" and the former will be deprecated in future.
2025/03/03 11:37:47 - mmengine - INFO - Checkpoints will be saved to G:\experiments\mmsegmentation\work_dirs\mask2former_swin-t_8xb2-160k_ade20k-512x512fast_all_data.
2025/03/03 11:41:43 - mmengine - INFO - Iter(val) [ 50/869]    eta: 0:10:29  time: 0.1732  data_time: 0.0028  memory: 18995  
2025/03/03 11:41:53 - mmengine - INFO - Iter(val) [100/869]    eta: 0:06:04  time: 0.1728  data_time: 0.0026  memory: 1771  
2025/03/03 11:42:01 - mmengine - INFO - Iter(val) [150/869]    eta: 0:04:30  time: 0.1837  data_time: 0.0025  memory: 1771  
2025/03/03 11:42:10 - mmengine - INFO - Iter(val) [200/869]    eta: 0:03:38  time: 0.1901  data_time: 0.0028  memory: 1771  
2025/03/03 11:42:20 - mmengine - INFO - Iter(val) [250/869]    eta: 0:03:05  time: 0.1952  data_time: 0.0026  memory: 1771  
2025/03/03 11:42:29 - mmengine - INFO - Iter(val) [300/869]    eta: 0:02:39  time: 0.1808  data_time: 0.0027  memory: 1771  
2025/03/03 11:42:38 - mmengine - INFO - Iter(val) [350/869]    eta: 0:02:17  time: 0.1798  data_time: 0.0027  memory: 1771  
2025/03/03 11:42:47 - mmengine - INFO - Iter(val) [400/869]    eta: 0:01:59  time: 0.1780  data_time: 0.0029  memory: 1771  
2025/03/03 11:42:56 - mmengine - INFO - Iter(val) [450/869]    eta: 0:01:43  time: 0.1844  data_time: 0.0026  memory: 1771  
2025/03/03 11:43:05 - mmengine - INFO - Iter(val) [500/869]    eta: 0:01:28  time: 0.1821  data_time: 0.0027  memory: 1771  
2025/03/03 11:43:14 - mmengine - INFO - Iter(val) [550/869]    eta: 0:01:14  time: 0.1819  data_time: 0.0024  memory: 1771  
2025/03/03 11:43:23 - mmengine - INFO - Iter(val) [600/869]    eta: 0:01:01  time: 0.1856  data_time: 0.0027  memory: 1771  
2025/03/03 11:43:32 - mmengine - INFO - Iter(val) [650/869]    eta: 0:00:49  time: 0.1787  data_time: 0.0026  memory: 1771  
2025/03/03 11:43:42 - mmengine - INFO - Iter(val) [700/869]    eta: 0:00:37  time: 0.1844  data_time: 0.0026  memory: 1771  
2025/03/03 11:43:51 - mmengine - INFO - Iter(val) [750/869]    eta: 0:00:26  time: 0.1793  data_time: 0.0029  memory: 1771  
2025/03/03 11:44:00 - mmengine - INFO - Iter(val) [800/869]    eta: 0:00:15  time: 0.1887  data_time: 0.0029  memory: 1771  
2025/03/03 11:44:09 - mmengine - INFO - Iter(val) [850/869]    eta: 0:00:04  time: 0.1805  data_time: 0.0029  memory: 1771  
2025/03/03 11:44:13 - mmengine - INFO - per class results:
2025/03/03 11:44:13 - mmengine - INFO - 
+------------+-------+-------+
|   Class    |  IoU  |  Acc  |
+------------+-------+-------+
| background | 97.97 | 98.88 |
|    ghaf    | 66.45 | 81.41 |
+------------+-------+-------+
2025/03/03 11:44:13 - mmengine - INFO - Iter(val) [869/869]    aAcc: 98.0500  mIoU: 82.2100  mAcc: 90.1500  data_time: 0.0360  time: 0.2156
2025/03/03 11:44:16 - mmengine - INFO - The best checkpoint with 82.2100 mIoU at 3 iter is saved to best_mIoU_iter_3.pth.
2025/03/03 11:44:29 - mmengine - INFO - Iter(val) [ 50/869]    eta: 0:02:31  time: 0.1798  data_time: 0.0025  memory: 16120  
2025/03/03 11:44:38 - mmengine - INFO - Iter(val) [100/869]    eta: 0:02:19  time: 0.1775  data_time: 0.0027  memory: 1771  
2025/03/03 11:44:48 - mmengine - INFO - Iter(val) [150/869]    eta: 0:02:11  time: 0.1914  data_time: 0.0027  memory: 1771  
2025/03/03 11:44:57 - mmengine - INFO - Iter(val) [200/869]    eta: 0:02:02  time: 0.1791  data_time: 0.0029  memory: 1771  
2025/03/03 11:45:06 - mmengine - INFO - Iter(val) [250/869]    eta: 0:01:52  time: 0.1778  data_time: 0.0027  memory: 1771  
2025/03/03 11:45:15 - mmengine - INFO - Iter(val) [300/869]    eta: 0:01:43  time: 0.1847  data_time: 0.0028  memory: 1771  
2025/03/03 11:45:24 - mmengine - INFO - Iter(val) [350/869]    eta: 0:01:33  time: 0.1791  data_time: 0.0026  memory: 1771  
2025/03/03 11:45:32 - mmengine - INFO - Iter(val) [400/869]    eta: 0:01:24  time: 0.1786  data_time: 0.0031  memory: 1771  
2025/03/03 11:45:41 - mmengine - INFO - Iter(val) [450/869]    eta: 0:01:15  time: 0.1838  data_time: 0.0026  memory: 1771  
2025/03/03 11:45:50 - mmengine - INFO - Iter(val) [500/869]    eta: 0:01:06  time: 0.1827  data_time: 0.0028  memory: 1771  
2025/03/03 11:45:59 - mmengine - INFO - Iter(val) [550/869]    eta: 0:00:57  time: 0.1759  data_time: 0.0026  memory: 1771  
2025/03/03 11:46:08 - mmengine - INFO - Iter(val) [600/869]    eta: 0:00:48  time: 0.1731  data_time: 0.0028  memory: 1771  
2025/03/03 11:46:18 - mmengine - INFO - Iter(val) [650/869]    eta: 0:00:39  time: 0.1884  data_time: 0.0030  memory: 1771  
2025/03/03 11:46:27 - mmengine - INFO - Iter(val) [700/869]    eta: 0:00:30  time: 0.1758  data_time: 0.0025  memory: 1771  
2025/03/03 11:46:36 - mmengine - INFO - Iter(val) [750/869]    eta: 0:00:21  time: 0.1776  data_time: 0.0026  memory: 1771  
2025/03/03 11:46:45 - mmengine - INFO - Iter(val) [800/869]    eta: 0:00:12  time: 0.1794  data_time: 0.0028  memory: 1771  
2025/03/03 11:46:54 - mmengine - INFO - Iter(val) [850/869]    eta: 0:00:03  time: 0.1798  data_time: 0.0031  memory: 1771  
2025/03/03 11:46:57 - mmengine - INFO - per class results:
2025/03/03 11:46:57 - mmengine - INFO - 
+------------+-------+-------+
|   Class    |  IoU  |  Acc  |
+------------+-------+-------+
| background | 97.58 | 98.22 |
|    ghaf    | 63.97 | 86.83 |
+------------+-------+-------+
2025/03/03 11:46:57 - mmengine - INFO - Iter(val) [869/869]    aAcc: 97.6800  mIoU: 80.7800  mAcc: 92.5200  data_time: 0.0028  time: 0.1804
2025/03/03 11:47:10 - mmengine - INFO - Iter(val) [ 50/869]    eta: 0:02:28  time: 0.1758  data_time: 0.0026  memory: 16120  
2025/03/03 11:47:18 - mmengine - INFO - Iter(val) [100/869]    eta: 0:02:17  time: 0.1731  data_time: 0.0030  memory: 1771  
2025/03/03 11:47:28 - mmengine - INFO - Iter(val) [150/869]    eta: 0:02:09  time: 0.1850  data_time: 0.0028  memory: 1771  
2025/03/03 11:47:36 - mmengine - INFO - Iter(val) [200/869]    eta: 0:02:00  time: 0.1805  data_time: 0.0027  memory: 1771  
2025/03/03 11:47:46 - mmengine - INFO - Iter(val) [250/869]    eta: 0:01:52  time: 0.1904  data_time: 0.0026  memory: 1771  
2025/03/03 11:47:55 - mmengine - INFO - Iter(val) [300/869]    eta: 0:01:43  time: 0.1897  data_time: 0.0024  memory: 1771  
2025/03/03 11:48:05 - mmengine - INFO - Iter(val) [350/869]    eta: 0:01:34  time: 0.1927  data_time: 0.0026  memory: 1771  
2025/03/03 11:48:14 - mmengine - INFO - Iter(val) [400/869]    eta: 0:01:26  time: 0.1917  data_time: 0.0027  memory: 1771  
2025/03/03 11:48:23 - mmengine - INFO - Iter(val) [450/869]    eta: 0:01:17  time: 0.1893  data_time: 0.0032  memory: 1771  
2025/03/03 11:48:32 - mmengine - INFO - Iter(val) [500/869]    eta: 0:01:07  time: 0.1808  data_time: 0.0024  memory: 1771  
2025/03/03 11:48:41 - mmengine - INFO - Iter(val) [550/869]    eta: 0:00:58  time: 0.1826  data_time: 0.0050  memory: 1771  
2025/03/03 11:48:51 - mmengine - INFO - Iter(val) [600/869]    eta: 0:00:49  time: 0.1917  data_time: 0.0025  memory: 1771  
2025/03/03 11:49:00 - mmengine - INFO - Iter(val) [650/869]    eta: 0:00:40  time: 0.1889  data_time: 0.0024  memory: 1771  
2025/03/03 11:49:09 - mmengine - INFO - Iter(val) [700/869]    eta: 0:00:31  time: 0.1865  data_time: 0.0030  memory: 1771  
2025/03/03 11:49:18 - mmengine - INFO - Iter(val) [750/869]    eta: 0:00:21  time: 0.1848  data_time: 0.0028  memory: 1771  
2025/03/03 11:49:28 - mmengine - INFO - Iter(val) [800/869]    eta: 0:00:12  time: 0.1903  data_time: 0.0025  memory: 1771  
2025/03/03 11:49:37 - mmengine - INFO - Iter(val) [850/869]    eta: 0:00:03  time: 0.1833  data_time: 0.0029  memory: 1771  
2025/03/03 11:49:40 - mmengine - INFO - per class results:
2025/03/03 11:49:40 - mmengine - INFO - 
+------------+-------+-------+
|   Class    |  IoU  |  Acc  |
+------------+-------+-------+
| background | 97.33 | 97.91 |
|    ghaf    | 62.02 | 87.98 |
+------------+-------+-------+
2025/03/03 11:49:40 - mmengine - INFO - Iter(val) [869/869]    aAcc: 97.4400  mIoU: 79.6700  mAcc: 92.9500  data_time: 0.0029  time: 0.1838
2025/03/03 11:49:53 - mmengine - INFO - Iter(val) [ 50/869]    eta: 0:02:26  time: 0.1809  data_time: 0.0026  memory: 16120  
2025/03/03 11:50:02 - mmengine - INFO - Iter(val) [100/869]    eta: 0:02:19  time: 0.1785  data_time: 0.0027  memory: 1771  
2025/03/03 11:50:11 - mmengine - INFO - Iter(val) [150/869]    eta: 0:02:09  time: 0.1795  data_time: 0.0027  memory: 1771  
2025/03/03 11:50:20 - mmengine - INFO - Iter(val) [200/869]    eta: 0:02:00  time: 0.1724  data_time: 0.0027  memory: 1771  
2025/03/03 11:50:29 - mmengine - INFO - Iter(val) [250/869]    eta: 0:01:51  time: 0.1732  data_time: 0.0021  memory: 1771  
2025/03/03 11:50:37 - mmengine - INFO - Iter(val) [300/869]    eta: 0:01:41  time: 0.1698  data_time: 0.0024  memory: 1771  
2025/03/03 11:50:46 - mmengine - INFO - Iter(val) [350/869]    eta: 0:01:32  time: 0.1684  data_time: 0.0022  memory: 1771  
2025/03/03 11:50:55 - mmengine - INFO - Iter(val) [400/869]    eta: 0:01:23  time: 0.1675  data_time: 0.0026  memory: 1771  
2025/03/03 11:51:04 - mmengine - INFO - Iter(val) [450/869]    eta: 0:01:14  time: 0.1747  data_time: 0.0027  memory: 1771  
2025/03/03 11:51:12 - mmengine - INFO - Iter(val) [500/869]    eta: 0:01:05  time: 0.1674  data_time: 0.0023  memory: 1771  
2025/03/03 11:51:21 - mmengine - INFO - Iter(val) [550/869]    eta: 0:00:56  time: 0.1799  data_time: 0.0027  memory: 1771  
2025/03/03 11:51:30 - mmengine - INFO - Iter(val) [600/869]    eta: 0:00:47  time: 0.1670  data_time: 0.0025  memory: 1771  
2025/03/03 11:51:39 - mmengine - INFO - Iter(val) [650/869]    eta: 0:00:38  time: 0.1748  data_time: 0.0023  memory: 1771  
2025/03/03 11:51:48 - mmengine - INFO - Iter(val) [700/869]    eta: 0:00:29  time: 0.1818  data_time: 0.0026  memory: 1771  
2025/03/03 11:51:57 - mmengine - INFO - Iter(val) [750/869]    eta: 0:00:21  time: 0.1768  data_time: 0.0028  memory: 1771  
2025/03/03 11:52:06 - mmengine - INFO - Iter(val) [800/869]    eta: 0:00:12  time: 0.1801  data_time: 0.0029  memory: 1771  
2025/03/03 11:52:16 - mmengine - INFO - Iter(val) [850/869]    eta: 0:00:03  time: 0.1941  data_time: 0.0030  memory: 1771  
2025/03/03 11:52:19 - mmengine - INFO - per class results:
2025/03/03 11:52:19 - mmengine - INFO - 
+------------+-------+-------+
|   Class    |  IoU  |  Acc  |
+------------+-------+-------+
| background | 97.34 | 97.91 |
|    ghaf    | 62.13 | 88.17 |
+------------+-------+-------+
2025/03/03 11:52:19 - mmengine - INFO - Iter(val) [869/869]    aAcc: 97.4500  mIoU: 79.7400  mAcc: 93.0400  data_time: 0.0028  time: 0.1789
2025/03/03 11:52:33 - mmengine - INFO - Iter(val) [ 50/869]    eta: 0:02:32  time: 0.1836  data_time: 0.0028  memory: 16120  
2025/03/03 11:52:42 - mmengine - INFO - Iter(val) [100/869]    eta: 0:02:23  time: 0.1852  data_time: 0.0032  memory: 1771  
2025/03/03 11:52:51 - mmengine - INFO - Iter(val) [150/869]    eta: 0:02:13  time: 0.1860  data_time: 0.0028  memory: 1771  
2025/03/03 11:53:00 - mmengine - INFO - Iter(val) [200/869]    eta: 0:02:03  time: 0.1814  data_time: 0.0031  memory: 1771  
2025/03/03 11:53:09 - mmengine - INFO - Iter(val) [250/869]    eta: 0:01:54  time: 0.1819  data_time: 0.0030  memory: 1771  
2025/03/03 11:53:19 - mmengine - INFO - Iter(val) [300/869]    eta: 0:01:44  time: 0.1814  data_time: 0.0022  memory: 1771  
2025/03/03 11:53:28 - mmengine - INFO - Iter(val) [350/869]    eta: 0:01:35  time: 0.1815  data_time: 0.0025  memory: 1771  
2025/03/03 11:53:37 - mmengine - INFO - Iter(val) [400/869]    eta: 0:01:26  time: 0.1812  data_time: 0.0022  memory: 1771  
2025/03/03 11:53:46 - mmengine - INFO - Iter(val) [450/869]    eta: 0:01:16  time: 0.1803  data_time: 0.0023  memory: 1771  
2025/03/03 11:53:55 - mmengine - INFO - Iter(val) [500/869]    eta: 0:01:07  time: 0.1773  data_time: 0.0026  memory: 1771  
2025/03/03 11:54:04 - mmengine - INFO - Iter(val) [550/869]    eta: 0:00:58  time: 0.1805  data_time: 0.0027  memory: 1771  
2025/03/03 11:54:13 - mmengine - INFO - Iter(val) [600/869]    eta: 0:00:49  time: 0.1837  data_time: 0.0028  memory: 1771  
2025/03/03 11:54:22 - mmengine - INFO - Iter(val) [650/869]    eta: 0:00:39  time: 0.1823  data_time: 0.0040  memory: 1771  
2025/03/03 11:54:31 - mmengine - INFO - Iter(val) [700/869]    eta: 0:00:30  time: 0.1839  data_time: 0.0026  memory: 1771  
