2025/03/09 14:03:50 - mmengine - INFO - 
------------------------------------------------------------
System environment:
    sys.platform: win32
    Python: 3.8.20 (default, Oct  3 2024, 15:19:54) [MSC v.1929 64 bit (AMD64)]
    CUDA available: True
    MUSA available: False
    numpy_random_seed: 1807058728
    GPU 0: NVIDIA RTX A5000
    CUDA_HOME: C:\Program Files\NVIDIA GPU Computing Toolkit\CUDA\v11.3
    NVCC: Cuda compilation tools, release 11.3, V11.3.58
    MSVC: Microsoft (R) C/C++ Optimizing Compiler Version 19.29.30158 for x64
    GCC: n/a
    PyTorch: 1.10.0
    PyTorch compiling details: PyTorch built with:
  - C++ Version: 199711
  - MSVC 192829337
  - Intel(R) Math Kernel Library Version 2020.0.2 Product Build 20200624 for Intel(R) 64 architecture applications
  - Intel(R) MKL-DNN v2.2.3 (Git Hash 7336ca9f055cf1bfa13efb658fe15dc9b41f0740)
  - OpenMP 2019
  - LAPACK is enabled (usually provided by MKL)
  - CPU capability usage: AVX2
  - CUDA Runtime 11.3
  - NVCC architecture flags: -gencode;arch=compute_37,code=sm_37;-gencode;arch=compute_50,code=sm_50;-gencode;arch=compute_60,code=sm_60;-gencode;arch=compute_61,code=sm_61;-gencode;arch=compute_70,code=sm_70;-gencode;arch=compute_75,code=sm_75;-gencode;arch=compute_80,code=sm_80;-gencode;arch=compute_86,code=sm_86;-gencode;arch=compute_37,code=compute_37
  - CuDNN 8.2
  - Magma 2.5.4
  - Build settings: BLAS_INFO=mkl, BUILD_TYPE=Release, CUDA_VERSION=11.3, CUDNN_VERSION=8.2.0, CXX_COMPILER=C:/cb/pytorch_1000000000000/work/tmp_bin/sccache-cl.exe, CXX_FLAGS=/DWIN32 /D_WINDOWS /GR /EHsc /w /bigobj -DUSE_PTHREADPOOL -openmp:experimental -IC:/cb/pytorch_1000000000000/work/mkl/include -DNDEBUG -DUSE_KINETO -DLIBKINETO_NOCUPTI -DUSE_FBGEMM -DUSE_XNNPACK -DSYMBOLICATE_MOBILE_DEBUG_HANDLE -DEDGE_PROFILER_USE_KINETO, LAPACK_INFO=mkl, PERF_WITH_AVX=1, PERF_WITH_AVX2=1, PERF_WITH_AVX512=1, TORCH_VERSION=1.10.0, USE_CUDA=ON, USE_CUDNN=ON, USE_EXCEPTION_PTR=1, USE_GFLAGS=OFF, USE_GLOG=OFF, USE_MKL=ON, USE_MKLDNN=ON, USE_MPI=OFF, USE_NCCL=OFF, USE_NNPACK=OFF, USE_OPENMP=ON, 

    TorchVision: 0.11.0
    OpenCV: 4.11.0
    MMEngine: 0.10.6

Runtime environment:
    cudnn_benchmark: True
    mp_cfg: {'mp_start_method': 'fork', 'opencv_num_threads': 0}
    dist_cfg: {'backend': 'nccl'}
    seed: 1807058728
    Distributed launcher: none
    Distributed training: False
    GPU number: 1
------------------------------------------------------------

2025/03/09 14:03:50 - mmengine - INFO - Config:
batch_augments = [
    dict(size=(
        1024,
        1024,
    ), type='BatchFixedSizePad'),
]
checkpoint = 'https://download.openmmlab.com/mmclassification/v0/efficientnet/efficientnet-b3_3rdparty_8xb32-aa_in1k_20220119-5b4887a0.pth'
crop_size = (
    1024,
    1024,
)
custom_imports = dict(
    allow_failed_imports=False, imports=[
        'mmpretrain.models',
    ])
data_preprocessor = dict(
    bgr_to_rgb=True,
    mean=[
        123.675,
        116.28,
        103.53,
    ],
    pad_val=0,
    seg_pad_val=255,
    size=(
        1024,
        1024,
    ),
    std=[
        58.395,
        57.12,
        57.375,
    ],
    test_cfg=dict(size_divisor=32),
    type='SegDataPreProcessor')
data_root = 'C:\\ghaf'
dataset_type = 'ADE20KDataset'
default_hooks = dict(
    checkpoint=dict(by_epoch=False, interval=3400, type='CheckpointHook'),
    logger=dict(interval=50, log_metric_by_epoch=False, type='LoggerHook'),
    param_scheduler=dict(type='ParamSchedulerHook'),
    sampler_seed=dict(type='DistSamplerSeedHook'),
    timer=dict(type='IterTimerHook'),
    visualization=dict(type='SegVisualizationHook'))
default_scope = 'mmseg'
env_cfg = dict(
    cudnn_benchmark=True,
    dist_cfg=dict(backend='nccl'),
    mp_cfg=dict(mp_start_method='fork', opencv_num_threads=0))
image_size = (
    1024,
    1024,
)
img_ratios = [
    0.5,
    0.75,
    1.0,
    1.25,
    1.5,
    1.75,
]
launcher = 'none'
load_from = None
log_level = 'INFO'
log_processor = dict(by_epoch=False)
model = dict(
    backbone=dict(
        arch='b3',
        drop_path_rate=0.2,
        frozen_stages=0,
        init_cfg=dict(
            checkpoint=
            'https://download.openmmlab.com/mmclassification/v0/efficientnet/efficientnet-b3_3rdparty_8xb32-aa_in1k_20220119-5b4887a0.pth',
            prefix='backbone',
            type='Pretrained'),
        norm_cfg=dict(
            eps=0.001, momentum=0.01, requires_grad=True, type='SyncBN'),
        norm_eval=False,
        out_indices=(
            3,
            4,
            5,
        ),
        type='mmpretrain.EfficientNet'),
    data_preprocessor=dict(
        bgr_to_rgb=True,
        mean=[
            123.675,
            116.28,
            103.53,
        ],
        pad_val=0,
        seg_pad_val=255,
        size=(
            1024,
            1024,
        ),
        std=[
            58.395,
            57.12,
            57.375,
        ],
        test_cfg=dict(size_divisor=32),
        type='SegDataPreProcessor'),
    decode_head=dict(
        align_corners=False,
        channels=128,
        dropout_ratio=0.1,
        feature_strides=[
            4,
            8,
            16,
        ],
        in_channels=[
            256,
            256,
            256,
        ],
        in_index=[
            0,
            1,
            2,
        ],
        loss_decode=dict(
            loss_weight=1.0, type='CrossEntropyLoss', use_sigmoid=False),
        norm_cfg=dict(requires_grad=True, type='BN'),
        num_classes=2,
        type='FPNHead'),
    neck=dict(
        in_channels=[
            48,
            136,
            384,
        ], num_outs=4, out_channels=256, type='FPN'),
    test_cfg=dict(mode='whole'),
    train_cfg=dict(),
    type='EncoderDecoder')
norm_cfg = dict(requires_grad=True, type='BN')
optim_wrapper = dict(
    clip_grad=None,
    optimizer=dict(lr=0.01, momentum=0.9, type='SGD', weight_decay=0.0005),
    type='OptimWrapper')
optimizer = dict(lr=0.01, momentum=0.9, type='SGD', weight_decay=0.0005)
param_scheduler = [
    dict(
        begin=0,
        by_epoch=False,
        end=40000,
        eta_min=0.0001,
        power=0.9,
        type='PolyLR'),
]
resume = False
test_cfg = dict(type='TestLoop')
test_dataloader = dict(
    batch_size=1,
    dataset=dict(
        data_prefix=dict(
            img_path='validation/images', seg_map_path='validation/masks'),
        data_root='C:\\ghaf',
        pipeline=[
            dict(type='LoadImageFromFile'),
            dict(reduce_zero_label=False, type='LoadAnnotations'),
            dict(type='PackSegInputs'),
        ],
        type='ADE20KDataset'),
    num_workers=2,
    persistent_workers=True,
    sampler=dict(shuffle=False, type='DefaultSampler'))
test_evaluator = dict(
    iou_metrics=[
        'mIoU',
        'mFscore',
    ], type='IoUMetric')
test_pipeline = [
    dict(type='LoadImageFromFile'),
    dict(reduce_zero_label=False, type='LoadAnnotations'),
    dict(type='PackSegInputs'),
]
train_cfg = dict(
    max_iters=160000, type='IterBasedTrainLoop', val_interval=3500)
train_dataloader = dict(
    batch_size=2,
    dataset=dict(
        data_prefix=dict(
            img_path='training/images', seg_map_path='training/masks'),
        data_root='C:\\ghaf',
        pipeline=[
            dict(type='LoadImageFromFile'),
            dict(reduce_zero_label=False, type='LoadAnnotations'),
            dict(prob=0.5, type='RandomFlip'),
            dict(type='PackSegInputs'),
        ],
        type='ADE20KDataset'),
    num_workers=2,
    persistent_workers=True,
    sampler=dict(shuffle=True, type='InfiniteSampler'))
train_pipeline = [
    dict(type='LoadImageFromFile'),
    dict(reduce_zero_label=False, type='LoadAnnotations'),
    dict(prob=0.5, type='RandomFlip'),
    dict(type='PackSegInputs'),
]
tta_model = dict(type='SegTTAModel')
val_cfg = dict(type='ValLoop')
val_dataloader = dict(
    batch_size=1,
    dataset=dict(
        data_prefix=dict(
            img_path='validation/images', seg_map_path='validation/masks'),
        data_root='C:\\ghaf',
        pipeline=[
            dict(type='LoadImageFromFile'),
            dict(reduce_zero_label=False, type='LoadAnnotations'),
            dict(type='PackSegInputs'),
        ],
        type='ADE20KDataset'),
    num_workers=2,
    persistent_workers=True,
    sampler=dict(shuffle=False, type='DefaultSampler'))
val_evaluator = dict(
    iou_metrics=[
        'mIoU',
        'mFscore',
    ], type='IoUMetric')
vis_backends = [
    dict(type='LocalVisBackend'),
]
visualizer = dict(
    name='visualizer',
    type='SegLocalVisualizer',
    vis_backends=[
        dict(type='LocalVisBackend'),
    ])
work_dir = './work_dirs\\efficientefficient'

2025/03/09 14:03:51 - mmengine - INFO - Distributed training is not used, all SyncBatchNorm (SyncBN) layers in the model will be automatically reverted to BatchNormXd layers if they are used.
2025/03/09 14:03:51 - mmengine - INFO - Hooks will be executed in the following order:
before_run:
(VERY_HIGH   ) RuntimeInfoHook                    
(BELOW_NORMAL) LoggerHook                         
 -------------------- 
before_train:
(VERY_HIGH   ) RuntimeInfoHook                    
(NORMAL      ) IterTimerHook                      
(VERY_LOW    ) CheckpointHook                     
 -------------------- 
before_train_epoch:
(VERY_HIGH   ) RuntimeInfoHook                    
(NORMAL      ) IterTimerHook                      
(NORMAL      ) DistSamplerSeedHook                
 -------------------- 
before_train_iter:
(VERY_HIGH   ) RuntimeInfoHook                    
(NORMAL      ) IterTimerHook                      
 -------------------- 
after_train_iter:
(VERY_HIGH   ) RuntimeInfoHook                    
(NORMAL      ) IterTimerHook                      
(BELOW_NORMAL) LoggerHook                         
(LOW         ) ParamSchedulerHook                 
(VERY_LOW    ) CheckpointHook                     
 -------------------- 
after_train_epoch:
(NORMAL      ) IterTimerHook                      
(LOW         ) ParamSchedulerHook                 
(VERY_LOW    ) CheckpointHook                     
 -------------------- 
before_val:
(VERY_HIGH   ) RuntimeInfoHook                    
 -------------------- 
before_val_epoch:
(NORMAL      ) IterTimerHook                      
 -------------------- 
before_val_iter:
(NORMAL      ) IterTimerHook                      
 -------------------- 
after_val_iter:
(NORMAL      ) IterTimerHook                      
(NORMAL      ) SegVisualizationHook               
(BELOW_NORMAL) LoggerHook                         
 -------------------- 
after_val_epoch:
(VERY_HIGH   ) RuntimeInfoHook                    
(NORMAL      ) IterTimerHook                      
(BELOW_NORMAL) LoggerHook                         
(LOW         ) ParamSchedulerHook                 
(VERY_LOW    ) CheckpointHook                     
 -------------------- 
after_val:
(VERY_HIGH   ) RuntimeInfoHook                    
 -------------------- 
after_train:
(VERY_HIGH   ) RuntimeInfoHook                    
(VERY_LOW    ) CheckpointHook                     
 -------------------- 
before_test:
(VERY_HIGH   ) RuntimeInfoHook                    
 -------------------- 
before_test_epoch:
(NORMAL      ) IterTimerHook                      
 -------------------- 
before_test_iter:
(NORMAL      ) IterTimerHook                      
 -------------------- 
after_test_iter:
(NORMAL      ) IterTimerHook                      
(NORMAL      ) SegVisualizationHook               
(BELOW_NORMAL) LoggerHook                         
 -------------------- 
after_test_epoch:
(VERY_HIGH   ) RuntimeInfoHook                    
(NORMAL      ) IterTimerHook                      
(BELOW_NORMAL) LoggerHook                         
 -------------------- 
after_test:
(VERY_HIGH   ) RuntimeInfoHook                    
 -------------------- 
after_run:
(BELOW_NORMAL) LoggerHook                         
 -------------------- 
2025/03/09 14:04:07 - mmengine - WARNING - The prefix is not set in metric class IoUMetric.
2025/03/09 14:04:09 - mmengine - INFO - load backbone in model from: https://download.openmmlab.com/mmclassification/v0/efficientnet/efficientnet-b3_3rdparty_8xb32-aa_in1k_20220119-5b4887a0.pth
Name of parameter - Initialization information

backbone.layers.0.conv.weight - torch.Size([40, 3, 3, 3]): 
PretrainedInit: load from https://download.openmmlab.com/mmclassification/v0/efficientnet/efficientnet-b3_3rdparty_8xb32-aa_in1k_20220119-5b4887a0.pth 

backbone.layers.0.bn.weight - torch.Size([40]): 
PretrainedInit: load from https://download.openmmlab.com/mmclassification/v0/efficientnet/efficientnet-b3_3rdparty_8xb32-aa_in1k_20220119-5b4887a0.pth 

backbone.layers.0.bn.bias - torch.Size([40]): 
PretrainedInit: load from https://download.openmmlab.com/mmclassification/v0/efficientnet/efficientnet-b3_3rdparty_8xb32-aa_in1k_20220119-5b4887a0.pth 

backbone.layers.1.0.depthwise_conv.conv.weight - torch.Size([40, 1, 3, 3]): 
PretrainedInit: load from https://download.openmmlab.com/mmclassification/v0/efficientnet/efficientnet-b3_3rdparty_8xb32-aa_in1k_20220119-5b4887a0.pth 

backbone.layers.1.0.depthwise_conv.bn.weight - torch.Size([40]): 
PretrainedInit: load from https://download.openmmlab.com/mmclassification/v0/efficientnet/efficientnet-b3_3rdparty_8xb32-aa_in1k_20220119-5b4887a0.pth 

backbone.layers.1.0.depthwise_conv.bn.bias - torch.Size([40]): 
PretrainedInit: load from https://download.openmmlab.com/mmclassification/v0/efficientnet/efficientnet-b3_3rdparty_8xb32-aa_in1k_20220119-5b4887a0.pth 

backbone.layers.1.0.se.conv1.conv.weight - torch.Size([10, 40, 1, 1]): 
PretrainedInit: load from https://download.openmmlab.com/mmclassification/v0/efficientnet/efficientnet-b3_3rdparty_8xb32-aa_in1k_20220119-5b4887a0.pth 

backbone.layers.1.0.se.conv1.conv.bias - torch.Size([10]): 
PretrainedInit: load from https://download.openmmlab.com/mmclassification/v0/efficientnet/efficientnet-b3_3rdparty_8xb32-aa_in1k_20220119-5b4887a0.pth 

backbone.layers.1.0.se.conv2.conv.weight - torch.Size([40, 10, 1, 1]): 
PretrainedInit: load from https://download.openmmlab.com/mmclassification/v0/efficientnet/efficientnet-b3_3rdparty_8xb32-aa_in1k_20220119-5b4887a0.pth 

backbone.layers.1.0.se.conv2.conv.bias - torch.Size([40]): 
PretrainedInit: load from https://download.openmmlab.com/mmclassification/v0/efficientnet/efficientnet-b3_3rdparty_8xb32-aa_in1k_20220119-5b4887a0.pth 

backbone.layers.1.0.linear_conv.conv.weight - torch.Size([24, 40, 1, 1]): 
PretrainedInit: load from https://download.openmmlab.com/mmclassification/v0/efficientnet/efficientnet-b3_3rdparty_8xb32-aa_in1k_20220119-5b4887a0.pth 

backbone.layers.1.0.linear_conv.bn.weight - torch.Size([24]): 
PretrainedInit: load from https://download.openmmlab.com/mmclassification/v0/efficientnet/efficientnet-b3_3rdparty_8xb32-aa_in1k_20220119-5b4887a0.pth 

backbone.layers.1.0.linear_conv.bn.bias - torch.Size([24]): 
PretrainedInit: load from https://download.openmmlab.com/mmclassification/v0/efficientnet/efficientnet-b3_3rdparty_8xb32-aa_in1k_20220119-5b4887a0.pth 

backbone.layers.1.1.depthwise_conv.conv.weight - torch.Size([24, 1, 3, 3]): 
PretrainedInit: load from https://download.openmmlab.com/mmclassification/v0/efficientnet/efficientnet-b3_3rdparty_8xb32-aa_in1k_20220119-5b4887a0.pth 

backbone.layers.1.1.depthwise_conv.bn.weight - torch.Size([24]): 
PretrainedInit: load from https://download.openmmlab.com/mmclassification/v0/efficientnet/efficientnet-b3_3rdparty_8xb32-aa_in1k_20220119-5b4887a0.pth 

backbone.layers.1.1.depthwise_conv.bn.bias - torch.Size([24]): 
PretrainedInit: load from https://download.openmmlab.com/mmclassification/v0/efficientnet/efficientnet-b3_3rdparty_8xb32-aa_in1k_20220119-5b4887a0.pth 

backbone.layers.1.1.se.conv1.conv.weight - torch.Size([6, 24, 1, 1]): 
PretrainedInit: load from https://download.openmmlab.com/mmclassification/v0/efficientnet/efficientnet-b3_3rdparty_8xb32-aa_in1k_20220119-5b4887a0.pth 

backbone.layers.1.1.se.conv1.conv.bias - torch.Size([6]): 
PretrainedInit: load from https://download.openmmlab.com/mmclassification/v0/efficientnet/efficientnet-b3_3rdparty_8xb32-aa_in1k_20220119-5b4887a0.pth 

backbone.layers.1.1.se.conv2.conv.weight - torch.Size([24, 6, 1, 1]): 
PretrainedInit: load from https://download.openmmlab.com/mmclassification/v0/efficientnet/efficientnet-b3_3rdparty_8xb32-aa_in1k_20220119-5b4887a0.pth 

backbone.layers.1.1.se.conv2.conv.bias - torch.Size([24]): 
PretrainedInit: load from https://download.openmmlab.com/mmclassification/v0/efficientnet/efficientnet-b3_3rdparty_8xb32-aa_in1k_20220119-5b4887a0.pth 

backbone.layers.1.1.linear_conv.conv.weight - torch.Size([24, 24, 1, 1]): 
PretrainedInit: load from https://download.openmmlab.com/mmclassification/v0/efficientnet/efficientnet-b3_3rdparty_8xb32-aa_in1k_20220119-5b4887a0.pth 

backbone.layers.1.1.linear_conv.bn.weight - torch.Size([24]): 
PretrainedInit: load from https://download.openmmlab.com/mmclassification/v0/efficientnet/efficientnet-b3_3rdparty_8xb32-aa_in1k_20220119-5b4887a0.pth 

backbone.layers.1.1.linear_conv.bn.bias - torch.Size([24]): 
PretrainedInit: load from https://download.openmmlab.com/mmclassification/v0/efficientnet/efficientnet-b3_3rdparty_8xb32-aa_in1k_20220119-5b4887a0.pth 

backbone.layers.2.0.expand_conv.conv.weight - torch.Size([144, 24, 1, 1]): 
PretrainedInit: load from https://download.openmmlab.com/mmclassification/v0/efficientnet/efficientnet-b3_3rdparty_8xb32-aa_in1k_20220119-5b4887a0.pth 

backbone.layers.2.0.expand_conv.bn.weight - torch.Size([144]): 
PretrainedInit: load from https://download.openmmlab.com/mmclassification/v0/efficientnet/efficientnet-b3_3rdparty_8xb32-aa_in1k_20220119-5b4887a0.pth 

backbone.layers.2.0.expand_conv.bn.bias - torch.Size([144]): 
PretrainedInit: load from https://download.openmmlab.com/mmclassification/v0/efficientnet/efficientnet-b3_3rdparty_8xb32-aa_in1k_20220119-5b4887a0.pth 

backbone.layers.2.0.depthwise_conv.conv.weight - torch.Size([144, 1, 3, 3]): 
PretrainedInit: load from https://download.openmmlab.com/mmclassification/v0/efficientnet/efficientnet-b3_3rdparty_8xb32-aa_in1k_20220119-5b4887a0.pth 

backbone.layers.2.0.depthwise_conv.bn.weight - torch.Size([144]): 
PretrainedInit: load from https://download.openmmlab.com/mmclassification/v0/efficientnet/efficientnet-b3_3rdparty_8xb32-aa_in1k_20220119-5b4887a0.pth 

backbone.layers.2.0.depthwise_conv.bn.bias - torch.Size([144]): 
PretrainedInit: load from https://download.openmmlab.com/mmclassification/v0/efficientnet/efficientnet-b3_3rdparty_8xb32-aa_in1k_20220119-5b4887a0.pth 

backbone.layers.2.0.se.conv1.conv.weight - torch.Size([6, 144, 1, 1]): 
PretrainedInit: load from https://download.openmmlab.com/mmclassification/v0/efficientnet/efficientnet-b3_3rdparty_8xb32-aa_in1k_20220119-5b4887a0.pth 

backbone.layers.2.0.se.conv1.conv.bias - torch.Size([6]): 
PretrainedInit: load from https://download.openmmlab.com/mmclassification/v0/efficientnet/efficientnet-b3_3rdparty_8xb32-aa_in1k_20220119-5b4887a0.pth 

backbone.layers.2.0.se.conv2.conv.weight - torch.Size([144, 6, 1, 1]): 
PretrainedInit: load from https://download.openmmlab.com/mmclassification/v0/efficientnet/efficientnet-b3_3rdparty_8xb32-aa_in1k_20220119-5b4887a0.pth 

backbone.layers.2.0.se.conv2.conv.bias - torch.Size([144]): 
PretrainedInit: load from https://download.openmmlab.com/mmclassification/v0/efficientnet/efficientnet-b3_3rdparty_8xb32-aa_in1k_20220119-5b4887a0.pth 

backbone.layers.2.0.linear_conv.conv.weight - torch.Size([32, 144, 1, 1]): 
PretrainedInit: load from https://download.openmmlab.com/mmclassification/v0/efficientnet/efficientnet-b3_3rdparty_8xb32-aa_in1k_20220119-5b4887a0.pth 

backbone.layers.2.0.linear_conv.bn.weight - torch.Size([32]): 
PretrainedInit: load from https://download.openmmlab.com/mmclassification/v0/efficientnet/efficientnet-b3_3rdparty_8xb32-aa_in1k_20220119-5b4887a0.pth 

backbone.layers.2.0.linear_conv.bn.bias - torch.Size([32]): 
PretrainedInit: load from https://download.openmmlab.com/mmclassification/v0/efficientnet/efficientnet-b3_3rdparty_8xb32-aa_in1k_20220119-5b4887a0.pth 

backbone.layers.2.1.expand_conv.conv.weight - torch.Size([192, 32, 1, 1]): 
PretrainedInit: load from https://download.openmmlab.com/mmclassification/v0/efficientnet/efficientnet-b3_3rdparty_8xb32-aa_in1k_20220119-5b4887a0.pth 

backbone.layers.2.1.expand_conv.bn.weight - torch.Size([192]): 
PretrainedInit: load from https://download.openmmlab.com/mmclassification/v0/efficientnet/efficientnet-b3_3rdparty_8xb32-aa_in1k_20220119-5b4887a0.pth 

backbone.layers.2.1.expand_conv.bn.bias - torch.Size([192]): 
PretrainedInit: load from https://download.openmmlab.com/mmclassification/v0/efficientnet/efficientnet-b3_3rdparty_8xb32-aa_in1k_20220119-5b4887a0.pth 

backbone.layers.2.1.depthwise_conv.conv.weight - torch.Size([192, 1, 3, 3]): 
PretrainedInit: load from https://download.openmmlab.com/mmclassification/v0/efficientnet/efficientnet-b3_3rdparty_8xb32-aa_in1k_20220119-5b4887a0.pth 

backbone.layers.2.1.depthwise_conv.bn.weight - torch.Size([192]): 
PretrainedInit: load from https://download.openmmlab.com/mmclassification/v0/efficientnet/efficientnet-b3_3rdparty_8xb32-aa_in1k_20220119-5b4887a0.pth 

backbone.layers.2.1.depthwise_conv.bn.bias - torch.Size([192]): 
PretrainedInit: load from https://download.openmmlab.com/mmclassification/v0/efficientnet/efficientnet-b3_3rdparty_8xb32-aa_in1k_20220119-5b4887a0.pth 

backbone.layers.2.1.se.conv1.conv.weight - torch.Size([8, 192, 1, 1]): 
PretrainedInit: load from https://download.openmmlab.com/mmclassification/v0/efficientnet/efficientnet-b3_3rdparty_8xb32-aa_in1k_20220119-5b4887a0.pth 

backbone.layers.2.1.se.conv1.conv.bias - torch.Size([8]): 
PretrainedInit: load from https://download.openmmlab.com/mmclassification/v0/efficientnet/efficientnet-b3_3rdparty_8xb32-aa_in1k_20220119-5b4887a0.pth 

backbone.layers.2.1.se.conv2.conv.weight - torch.Size([192, 8, 1, 1]): 
PretrainedInit: load from https://download.openmmlab.com/mmclassification/v0/efficientnet/efficientnet-b3_3rdparty_8xb32-aa_in1k_20220119-5b4887a0.pth 

backbone.layers.2.1.se.conv2.conv.bias - torch.Size([192]): 
PretrainedInit: load from https://download.openmmlab.com/mmclassification/v0/efficientnet/efficientnet-b3_3rdparty_8xb32-aa_in1k_20220119-5b4887a0.pth 

backbone.layers.2.1.linear_conv.conv.weight - torch.Size([32, 192, 1, 1]): 
PretrainedInit: load from https://download.openmmlab.com/mmclassification/v0/efficientnet/efficientnet-b3_3rdparty_8xb32-aa_in1k_20220119-5b4887a0.pth 

backbone.layers.2.1.linear_conv.bn.weight - torch.Size([32]): 
PretrainedInit: load from https://download.openmmlab.com/mmclassification/v0/efficientnet/efficientnet-b3_3rdparty_8xb32-aa_in1k_20220119-5b4887a0.pth 

backbone.layers.2.1.linear_conv.bn.bias - torch.Size([32]): 
PretrainedInit: load from https://download.openmmlab.com/mmclassification/v0/efficientnet/efficientnet-b3_3rdparty_8xb32-aa_in1k_20220119-5b4887a0.pth 

backbone.layers.2.2.expand_conv.conv.weight - torch.Size([192, 32, 1, 1]): 
PretrainedInit: load from https://download.openmmlab.com/mmclassification/v0/efficientnet/efficientnet-b3_3rdparty_8xb32-aa_in1k_20220119-5b4887a0.pth 

backbone.layers.2.2.expand_conv.bn.weight - torch.Size([192]): 
PretrainedInit: load from https://download.openmmlab.com/mmclassification/v0/efficientnet/efficientnet-b3_3rdparty_8xb32-aa_in1k_20220119-5b4887a0.pth 

backbone.layers.2.2.expand_conv.bn.bias - torch.Size([192]): 
PretrainedInit: load from https://download.openmmlab.com/mmclassification/v0/efficientnet/efficientnet-b3_3rdparty_8xb32-aa_in1k_20220119-5b4887a0.pth 

backbone.layers.2.2.depthwise_conv.conv.weight - torch.Size([192, 1, 3, 3]): 
PretrainedInit: load from https://download.openmmlab.com/mmclassification/v0/efficientnet/efficientnet-b3_3rdparty_8xb32-aa_in1k_20220119-5b4887a0.pth 

backbone.layers.2.2.depthwise_conv.bn.weight - torch.Size([192]): 
PretrainedInit: load from https://download.openmmlab.com/mmclassification/v0/efficientnet/efficientnet-b3_3rdparty_8xb32-aa_in1k_20220119-5b4887a0.pth 

backbone.layers.2.2.depthwise_conv.bn.bias - torch.Size([192]): 
PretrainedInit: load from https://download.openmmlab.com/mmclassification/v0/efficientnet/efficientnet-b3_3rdparty_8xb32-aa_in1k_20220119-5b4887a0.pth 

backbone.layers.2.2.se.conv1.conv.weight - torch.Size([8, 192, 1, 1]): 
PretrainedInit: load from https://download.openmmlab.com/mmclassification/v0/efficientnet/efficientnet-b3_3rdparty_8xb32-aa_in1k_20220119-5b4887a0.pth 

backbone.layers.2.2.se.conv1.conv.bias - torch.Size([8]): 
PretrainedInit: load from https://download.openmmlab.com/mmclassification/v0/efficientnet/efficientnet-b3_3rdparty_8xb32-aa_in1k_20220119-5b4887a0.pth 

backbone.layers.2.2.se.conv2.conv.weight - torch.Size([192, 8, 1, 1]): 
PretrainedInit: load from https://download.openmmlab.com/mmclassification/v0/efficientnet/efficientnet-b3_3rdparty_8xb32-aa_in1k_20220119-5b4887a0.pth 

backbone.layers.2.2.se.conv2.conv.bias - torch.Size([192]): 
PretrainedInit: load from https://download.openmmlab.com/mmclassification/v0/efficientnet/efficientnet-b3_3rdparty_8xb32-aa_in1k_20220119-5b4887a0.pth 

backbone.layers.2.2.linear_conv.conv.weight - torch.Size([32, 192, 1, 1]): 
PretrainedInit: load from https://download.openmmlab.com/mmclassification/v0/efficientnet/efficientnet-b3_3rdparty_8xb32-aa_in1k_20220119-5b4887a0.pth 

backbone.layers.2.2.linear_conv.bn.weight - torch.Size([32]): 
PretrainedInit: load from https://download.openmmlab.com/mmclassification/v0/efficientnet/efficientnet-b3_3rdparty_8xb32-aa_in1k_20220119-5b4887a0.pth 

backbone.layers.2.2.linear_conv.bn.bias - torch.Size([32]): 
PretrainedInit: load from https://download.openmmlab.com/mmclassification/v0/efficientnet/efficientnet-b3_3rdparty_8xb32-aa_in1k_20220119-5b4887a0.pth 

backbone.layers.3.0.expand_conv.conv.weight - torch.Size([192, 32, 1, 1]): 
PretrainedInit: load from https://download.openmmlab.com/mmclassification/v0/efficientnet/efficientnet-b3_3rdparty_8xb32-aa_in1k_20220119-5b4887a0.pth 

backbone.layers.3.0.expand_conv.bn.weight - torch.Size([192]): 
PretrainedInit: load from https://download.openmmlab.com/mmclassification/v0/efficientnet/efficientnet-b3_3rdparty_8xb32-aa_in1k_20220119-5b4887a0.pth 

backbone.layers.3.0.expand_conv.bn.bias - torch.Size([192]): 
PretrainedInit: load from https://download.openmmlab.com/mmclassification/v0/efficientnet/efficientnet-b3_3rdparty_8xb32-aa_in1k_20220119-5b4887a0.pth 

backbone.layers.3.0.depthwise_conv.conv.weight - torch.Size([192, 1, 5, 5]): 
PretrainedInit: load from https://download.openmmlab.com/mmclassification/v0/efficientnet/efficientnet-b3_3rdparty_8xb32-aa_in1k_20220119-5b4887a0.pth 

backbone.layers.3.0.depthwise_conv.bn.weight - torch.Size([192]): 
PretrainedInit: load from https://download.openmmlab.com/mmclassification/v0/efficientnet/efficientnet-b3_3rdparty_8xb32-aa_in1k_20220119-5b4887a0.pth 

backbone.layers.3.0.depthwise_conv.bn.bias - torch.Size([192]): 
PretrainedInit: load from https://download.openmmlab.com/mmclassification/v0/efficientnet/efficientnet-b3_3rdparty_8xb32-aa_in1k_20220119-5b4887a0.pth 

backbone.layers.3.0.se.conv1.conv.weight - torch.Size([8, 192, 1, 1]): 
PretrainedInit: load from https://download.openmmlab.com/mmclassification/v0/efficientnet/efficientnet-b3_3rdparty_8xb32-aa_in1k_20220119-5b4887a0.pth 

backbone.layers.3.0.se.conv1.conv.bias - torch.Size([8]): 
PretrainedInit: load from https://download.openmmlab.com/mmclassification/v0/efficientnet/efficientnet-b3_3rdparty_8xb32-aa_in1k_20220119-5b4887a0.pth 

backbone.layers.3.0.se.conv2.conv.weight - torch.Size([192, 8, 1, 1]): 
PretrainedInit: load from https://download.openmmlab.com/mmclassification/v0/efficientnet/efficientnet-b3_3rdparty_8xb32-aa_in1k_20220119-5b4887a0.pth 

backbone.layers.3.0.se.conv2.conv.bias - torch.Size([192]): 
PretrainedInit: load from https://download.openmmlab.com/mmclassification/v0/efficientnet/efficientnet-b3_3rdparty_8xb32-aa_in1k_20220119-5b4887a0.pth 

backbone.layers.3.0.linear_conv.conv.weight - torch.Size([48, 192, 1, 1]): 
PretrainedInit: load from https://download.openmmlab.com/mmclassification/v0/efficientnet/efficientnet-b3_3rdparty_8xb32-aa_in1k_20220119-5b4887a0.pth 

backbone.layers.3.0.linear_conv.bn.weight - torch.Size([48]): 
PretrainedInit: load from https://download.openmmlab.com/mmclassification/v0/efficientnet/efficientnet-b3_3rdparty_8xb32-aa_in1k_20220119-5b4887a0.pth 

backbone.layers.3.0.linear_conv.bn.bias - torch.Size([48]): 
PretrainedInit: load from https://download.openmmlab.com/mmclassification/v0/efficientnet/efficientnet-b3_3rdparty_8xb32-aa_in1k_20220119-5b4887a0.pth 

backbone.layers.3.1.expand_conv.conv.weight - torch.Size([288, 48, 1, 1]): 
PretrainedInit: load from https://download.openmmlab.com/mmclassification/v0/efficientnet/efficientnet-b3_3rdparty_8xb32-aa_in1k_20220119-5b4887a0.pth 

backbone.layers.3.1.expand_conv.bn.weight - torch.Size([288]): 
PretrainedInit: load from https://download.openmmlab.com/mmclassification/v0/efficientnet/efficientnet-b3_3rdparty_8xb32-aa_in1k_20220119-5b4887a0.pth 

backbone.layers.3.1.expand_conv.bn.bias - torch.Size([288]): 
PretrainedInit: load from https://download.openmmlab.com/mmclassification/v0/efficientnet/efficientnet-b3_3rdparty_8xb32-aa_in1k_20220119-5b4887a0.pth 

backbone.layers.3.1.depthwise_conv.conv.weight - torch.Size([288, 1, 5, 5]): 
PretrainedInit: load from https://download.openmmlab.com/mmclassification/v0/efficientnet/efficientnet-b3_3rdparty_8xb32-aa_in1k_20220119-5b4887a0.pth 

backbone.layers.3.1.depthwise_conv.bn.weight - torch.Size([288]): 
PretrainedInit: load from https://download.openmmlab.com/mmclassification/v0/efficientnet/efficientnet-b3_3rdparty_8xb32-aa_in1k_20220119-5b4887a0.pth 

backbone.layers.3.1.depthwise_conv.bn.bias - torch.Size([288]): 
PretrainedInit: load from https://download.openmmlab.com/mmclassification/v0/efficientnet/efficientnet-b3_3rdparty_8xb32-aa_in1k_20220119-5b4887a0.pth 

backbone.layers.3.1.se.conv1.conv.weight - torch.Size([12, 288, 1, 1]): 
PretrainedInit: load from https://download.openmmlab.com/mmclassification/v0/efficientnet/efficientnet-b3_3rdparty_8xb32-aa_in1k_20220119-5b4887a0.pth 

backbone.layers.3.1.se.conv1.conv.bias - torch.Size([12]): 
PretrainedInit: load from https://download.openmmlab.com/mmclassification/v0/efficientnet/efficientnet-b3_3rdparty_8xb32-aa_in1k_20220119-5b4887a0.pth 

backbone.layers.3.1.se.conv2.conv.weight - torch.Size([288, 12, 1, 1]): 
PretrainedInit: load from https://download.openmmlab.com/mmclassification/v0/efficientnet/efficientnet-b3_3rdparty_8xb32-aa_in1k_20220119-5b4887a0.pth 

backbone.layers.3.1.se.conv2.conv.bias - torch.Size([288]): 
PretrainedInit: load from https://download.openmmlab.com/mmclassification/v0/efficientnet/efficientnet-b3_3rdparty_8xb32-aa_in1k_20220119-5b4887a0.pth 

backbone.layers.3.1.linear_conv.conv.weight - torch.Size([48, 288, 1, 1]): 
PretrainedInit: load from https://download.openmmlab.com/mmclassification/v0/efficientnet/efficientnet-b3_3rdparty_8xb32-aa_in1k_20220119-5b4887a0.pth 

backbone.layers.3.1.linear_conv.bn.weight - torch.Size([48]): 
PretrainedInit: load from https://download.openmmlab.com/mmclassification/v0/efficientnet/efficientnet-b3_3rdparty_8xb32-aa_in1k_20220119-5b4887a0.pth 

backbone.layers.3.1.linear_conv.bn.bias - torch.Size([48]): 
PretrainedInit: load from https://download.openmmlab.com/mmclassification/v0/efficientnet/efficientnet-b3_3rdparty_8xb32-aa_in1k_20220119-5b4887a0.pth 

backbone.layers.3.2.expand_conv.conv.weight - torch.Size([288, 48, 1, 1]): 
PretrainedInit: load from https://download.openmmlab.com/mmclassification/v0/efficientnet/efficientnet-b3_3rdparty_8xb32-aa_in1k_20220119-5b4887a0.pth 

backbone.layers.3.2.expand_conv.bn.weight - torch.Size([288]): 
PretrainedInit: load from https://download.openmmlab.com/mmclassification/v0/efficientnet/efficientnet-b3_3rdparty_8xb32-aa_in1k_20220119-5b4887a0.pth 

backbone.layers.3.2.expand_conv.bn.bias - torch.Size([288]): 
PretrainedInit: load from https://download.openmmlab.com/mmclassification/v0/efficientnet/efficientnet-b3_3rdparty_8xb32-aa_in1k_20220119-5b4887a0.pth 

backbone.layers.3.2.depthwise_conv.conv.weight - torch.Size([288, 1, 5, 5]): 
PretrainedInit: load from https://download.openmmlab.com/mmclassification/v0/efficientnet/efficientnet-b3_3rdparty_8xb32-aa_in1k_20220119-5b4887a0.pth 

backbone.layers.3.2.depthwise_conv.bn.weight - torch.Size([288]): 
PretrainedInit: load from https://download.openmmlab.com/mmclassification/v0/efficientnet/efficientnet-b3_3rdparty_8xb32-aa_in1k_20220119-5b4887a0.pth 

backbone.layers.3.2.depthwise_conv.bn.bias - torch.Size([288]): 
PretrainedInit: load from https://download.openmmlab.com/mmclassification/v0/efficientnet/efficientnet-b3_3rdparty_8xb32-aa_in1k_20220119-5b4887a0.pth 

backbone.layers.3.2.se.conv1.conv.weight - torch.Size([12, 288, 1, 1]): 
PretrainedInit: load from https://download.openmmlab.com/mmclassification/v0/efficientnet/efficientnet-b3_3rdparty_8xb32-aa_in1k_20220119-5b4887a0.pth 

backbone.layers.3.2.se.conv1.conv.bias - torch.Size([12]): 
PretrainedInit: load from https://download.openmmlab.com/mmclassification/v0/efficientnet/efficientnet-b3_3rdparty_8xb32-aa_in1k_20220119-5b4887a0.pth 

backbone.layers.3.2.se.conv2.conv.weight - torch.Size([288, 12, 1, 1]): 
PretrainedInit: load from https://download.openmmlab.com/mmclassification/v0/efficientnet/efficientnet-b3_3rdparty_8xb32-aa_in1k_20220119-5b4887a0.pth 

backbone.layers.3.2.se.conv2.conv.bias - torch.Size([288]): 
PretrainedInit: load from https://download.openmmlab.com/mmclassification/v0/efficientnet/efficientnet-b3_3rdparty_8xb32-aa_in1k_20220119-5b4887a0.pth 

backbone.layers.3.2.linear_conv.conv.weight - torch.Size([48, 288, 1, 1]): 
PretrainedInit: load from https://download.openmmlab.com/mmclassification/v0/efficientnet/efficientnet-b3_3rdparty_8xb32-aa_in1k_20220119-5b4887a0.pth 

backbone.layers.3.2.linear_conv.bn.weight - torch.Size([48]): 
PretrainedInit: load from https://download.openmmlab.com/mmclassification/v0/efficientnet/efficientnet-b3_3rdparty_8xb32-aa_in1k_20220119-5b4887a0.pth 

backbone.layers.3.2.linear_conv.bn.bias - torch.Size([48]): 
PretrainedInit: load from https://download.openmmlab.com/mmclassification/v0/efficientnet/efficientnet-b3_3rdparty_8xb32-aa_in1k_20220119-5b4887a0.pth 

backbone.layers.4.0.expand_conv.conv.weight - torch.Size([288, 48, 1, 1]): 
PretrainedInit: load from https://download.openmmlab.com/mmclassification/v0/efficientnet/efficientnet-b3_3rdparty_8xb32-aa_in1k_20220119-5b4887a0.pth 

backbone.layers.4.0.expand_conv.bn.weight - torch.Size([288]): 
PretrainedInit: load from https://download.openmmlab.com/mmclassification/v0/efficientnet/efficientnet-b3_3rdparty_8xb32-aa_in1k_20220119-5b4887a0.pth 

backbone.layers.4.0.expand_conv.bn.bias - torch.Size([288]): 
PretrainedInit: load from https://download.openmmlab.com/mmclassification/v0/efficientnet/efficientnet-b3_3rdparty_8xb32-aa_in1k_20220119-5b4887a0.pth 

backbone.layers.4.0.depthwise_conv.conv.weight - torch.Size([288, 1, 3, 3]): 
PretrainedInit: load from https://download.openmmlab.com/mmclassification/v0/efficientnet/efficientnet-b3_3rdparty_8xb32-aa_in1k_20220119-5b4887a0.pth 

backbone.layers.4.0.depthwise_conv.bn.weight - torch.Size([288]): 
PretrainedInit: load from https://download.openmmlab.com/mmclassification/v0/efficientnet/efficientnet-b3_3rdparty_8xb32-aa_in1k_20220119-5b4887a0.pth 

backbone.layers.4.0.depthwise_conv.bn.bias - torch.Size([288]): 
PretrainedInit: load from https://download.openmmlab.com/mmclassification/v0/efficientnet/efficientnet-b3_3rdparty_8xb32-aa_in1k_20220119-5b4887a0.pth 

backbone.layers.4.0.se.conv1.conv.weight - torch.Size([12, 288, 1, 1]): 
PretrainedInit: load from https://download.openmmlab.com/mmclassification/v0/efficientnet/efficientnet-b3_3rdparty_8xb32-aa_in1k_20220119-5b4887a0.pth 

backbone.layers.4.0.se.conv1.conv.bias - torch.Size([12]): 
PretrainedInit: load from https://download.openmmlab.com/mmclassification/v0/efficientnet/efficientnet-b3_3rdparty_8xb32-aa_in1k_20220119-5b4887a0.pth 

backbone.layers.4.0.se.conv2.conv.weight - torch.Size([288, 12, 1, 1]): 
PretrainedInit: load from https://download.openmmlab.com/mmclassification/v0/efficientnet/efficientnet-b3_3rdparty_8xb32-aa_in1k_20220119-5b4887a0.pth 

backbone.layers.4.0.se.conv2.conv.bias - torch.Size([288]): 
PretrainedInit: load from https://download.openmmlab.com/mmclassification/v0/efficientnet/efficientnet-b3_3rdparty_8xb32-aa_in1k_20220119-5b4887a0.pth 

backbone.layers.4.0.linear_conv.conv.weight - torch.Size([96, 288, 1, 1]): 
PretrainedInit: load from https://download.openmmlab.com/mmclassification/v0/efficientnet/efficientnet-b3_3rdparty_8xb32-aa_in1k_20220119-5b4887a0.pth 

backbone.layers.4.0.linear_conv.bn.weight - torch.Size([96]): 
PretrainedInit: load from https://download.openmmlab.com/mmclassification/v0/efficientnet/efficientnet-b3_3rdparty_8xb32-aa_in1k_20220119-5b4887a0.pth 

backbone.layers.4.0.linear_conv.bn.bias - torch.Size([96]): 
PretrainedInit: load from https://download.openmmlab.com/mmclassification/v0/efficientnet/efficientnet-b3_3rdparty_8xb32-aa_in1k_20220119-5b4887a0.pth 

backbone.layers.4.1.expand_conv.conv.weight - torch.Size([576, 96, 1, 1]): 
PretrainedInit: load from https://download.openmmlab.com/mmclassification/v0/efficientnet/efficientnet-b3_3rdparty_8xb32-aa_in1k_20220119-5b4887a0.pth 

backbone.layers.4.1.expand_conv.bn.weight - torch.Size([576]): 
PretrainedInit: load from https://download.openmmlab.com/mmclassification/v0/efficientnet/efficientnet-b3_3rdparty_8xb32-aa_in1k_20220119-5b4887a0.pth 

backbone.layers.4.1.expand_conv.bn.bias - torch.Size([576]): 
PretrainedInit: load from https://download.openmmlab.com/mmclassification/v0/efficientnet/efficientnet-b3_3rdparty_8xb32-aa_in1k_20220119-5b4887a0.pth 

backbone.layers.4.1.depthwise_conv.conv.weight - torch.Size([576, 1, 3, 3]): 
PretrainedInit: load from https://download.openmmlab.com/mmclassification/v0/efficientnet/efficientnet-b3_3rdparty_8xb32-aa_in1k_20220119-5b4887a0.pth 

backbone.layers.4.1.depthwise_conv.bn.weight - torch.Size([576]): 
PretrainedInit: load from https://download.openmmlab.com/mmclassification/v0/efficientnet/efficientnet-b3_3rdparty_8xb32-aa_in1k_20220119-5b4887a0.pth 

backbone.layers.4.1.depthwise_conv.bn.bias - torch.Size([576]): 
PretrainedInit: load from https://download.openmmlab.com/mmclassification/v0/efficientnet/efficientnet-b3_3rdparty_8xb32-aa_in1k_20220119-5b4887a0.pth 

backbone.layers.4.1.se.conv1.conv.weight - torch.Size([24, 576, 1, 1]): 
PretrainedInit: load from https://download.openmmlab.com/mmclassification/v0/efficientnet/efficientnet-b3_3rdparty_8xb32-aa_in1k_20220119-5b4887a0.pth 

backbone.layers.4.1.se.conv1.conv.bias - torch.Size([24]): 
PretrainedInit: load from https://download.openmmlab.com/mmclassification/v0/efficientnet/efficientnet-b3_3rdparty_8xb32-aa_in1k_20220119-5b4887a0.pth 

backbone.layers.4.1.se.conv2.conv.weight - torch.Size([576, 24, 1, 1]): 
PretrainedInit: load from https://download.openmmlab.com/mmclassification/v0/efficientnet/efficientnet-b3_3rdparty_8xb32-aa_in1k_20220119-5b4887a0.pth 

backbone.layers.4.1.se.conv2.conv.bias - torch.Size([576]): 
PretrainedInit: load from https://download.openmmlab.com/mmclassification/v0/efficientnet/efficientnet-b3_3rdparty_8xb32-aa_in1k_20220119-5b4887a0.pth 

backbone.layers.4.1.linear_conv.conv.weight - torch.Size([96, 576, 1, 1]): 
PretrainedInit: load from https://download.openmmlab.com/mmclassification/v0/efficientnet/efficientnet-b3_3rdparty_8xb32-aa_in1k_20220119-5b4887a0.pth 

backbone.layers.4.1.linear_conv.bn.weight - torch.Size([96]): 
PretrainedInit: load from https://download.openmmlab.com/mmclassification/v0/efficientnet/efficientnet-b3_3rdparty_8xb32-aa_in1k_20220119-5b4887a0.pth 

backbone.layers.4.1.linear_conv.bn.bias - torch.Size([96]): 
PretrainedInit: load from https://download.openmmlab.com/mmclassification/v0/efficientnet/efficientnet-b3_3rdparty_8xb32-aa_in1k_20220119-5b4887a0.pth 

backbone.layers.4.2.expand_conv.conv.weight - torch.Size([576, 96, 1, 1]): 
PretrainedInit: load from https://download.openmmlab.com/mmclassification/v0/efficientnet/efficientnet-b3_3rdparty_8xb32-aa_in1k_20220119-5b4887a0.pth 

backbone.layers.4.2.expand_conv.bn.weight - torch.Size([576]): 
PretrainedInit: load from https://download.openmmlab.com/mmclassification/v0/efficientnet/efficientnet-b3_3rdparty_8xb32-aa_in1k_20220119-5b4887a0.pth 

backbone.layers.4.2.expand_conv.bn.bias - torch.Size([576]): 
PretrainedInit: load from https://download.openmmlab.com/mmclassification/v0/efficientnet/efficientnet-b3_3rdparty_8xb32-aa_in1k_20220119-5b4887a0.pth 

backbone.layers.4.2.depthwise_conv.conv.weight - torch.Size([576, 1, 3, 3]): 
PretrainedInit: load from https://download.openmmlab.com/mmclassification/v0/efficientnet/efficientnet-b3_3rdparty_8xb32-aa_in1k_20220119-5b4887a0.pth 

backbone.layers.4.2.depthwise_conv.bn.weight - torch.Size([576]): 
PretrainedInit: load from https://download.openmmlab.com/mmclassification/v0/efficientnet/efficientnet-b3_3rdparty_8xb32-aa_in1k_20220119-5b4887a0.pth 

backbone.layers.4.2.depthwise_conv.bn.bias - torch.Size([576]): 
PretrainedInit: load from https://download.openmmlab.com/mmclassification/v0/efficientnet/efficientnet-b3_3rdparty_8xb32-aa_in1k_20220119-5b4887a0.pth 

backbone.layers.4.2.se.conv1.conv.weight - torch.Size([24, 576, 1, 1]): 
PretrainedInit: load from https://download.openmmlab.com/mmclassification/v0/efficientnet/efficientnet-b3_3rdparty_8xb32-aa_in1k_20220119-5b4887a0.pth 

backbone.layers.4.2.se.conv1.conv.bias - torch.Size([24]): 
PretrainedInit: load from https://download.openmmlab.com/mmclassification/v0/efficientnet/efficientnet-b3_3rdparty_8xb32-aa_in1k_20220119-5b4887a0.pth 

backbone.layers.4.2.se.conv2.conv.weight - torch.Size([576, 24, 1, 1]): 
PretrainedInit: load from https://download.openmmlab.com/mmclassification/v0/efficientnet/efficientnet-b3_3rdparty_8xb32-aa_in1k_20220119-5b4887a0.pth 

backbone.layers.4.2.se.conv2.conv.bias - torch.Size([576]): 
PretrainedInit: load from https://download.openmmlab.com/mmclassification/v0/efficientnet/efficientnet-b3_3rdparty_8xb32-aa_in1k_20220119-5b4887a0.pth 

backbone.layers.4.2.linear_conv.conv.weight - torch.Size([96, 576, 1, 1]): 
PretrainedInit: load from https://download.openmmlab.com/mmclassification/v0/efficientnet/efficientnet-b3_3rdparty_8xb32-aa_in1k_20220119-5b4887a0.pth 

backbone.layers.4.2.linear_conv.bn.weight - torch.Size([96]): 
PretrainedInit: load from https://download.openmmlab.com/mmclassification/v0/efficientnet/efficientnet-b3_3rdparty_8xb32-aa_in1k_20220119-5b4887a0.pth 

backbone.layers.4.2.linear_conv.bn.bias - torch.Size([96]): 
PretrainedInit: load from https://download.openmmlab.com/mmclassification/v0/efficientnet/efficientnet-b3_3rdparty_8xb32-aa_in1k_20220119-5b4887a0.pth 

backbone.layers.4.3.expand_conv.conv.weight - torch.Size([576, 96, 1, 1]): 
PretrainedInit: load from https://download.openmmlab.com/mmclassification/v0/efficientnet/efficientnet-b3_3rdparty_8xb32-aa_in1k_20220119-5b4887a0.pth 

backbone.layers.4.3.expand_conv.bn.weight - torch.Size([576]): 
PretrainedInit: load from https://download.openmmlab.com/mmclassification/v0/efficientnet/efficientnet-b3_3rdparty_8xb32-aa_in1k_20220119-5b4887a0.pth 

backbone.layers.4.3.expand_conv.bn.bias - torch.Size([576]): 
PretrainedInit: load from https://download.openmmlab.com/mmclassification/v0/efficientnet/efficientnet-b3_3rdparty_8xb32-aa_in1k_20220119-5b4887a0.pth 

backbone.layers.4.3.depthwise_conv.conv.weight - torch.Size([576, 1, 3, 3]): 
PretrainedInit: load from https://download.openmmlab.com/mmclassification/v0/efficientnet/efficientnet-b3_3rdparty_8xb32-aa_in1k_20220119-5b4887a0.pth 

backbone.layers.4.3.depthwise_conv.bn.weight - torch.Size([576]): 
PretrainedInit: load from https://download.openmmlab.com/mmclassification/v0/efficientnet/efficientnet-b3_3rdparty_8xb32-aa_in1k_20220119-5b4887a0.pth 

backbone.layers.4.3.depthwise_conv.bn.bias - torch.Size([576]): 
PretrainedInit: load from https://download.openmmlab.com/mmclassification/v0/efficientnet/efficientnet-b3_3rdparty_8xb32-aa_in1k_20220119-5b4887a0.pth 

backbone.layers.4.3.se.conv1.conv.weight - torch.Size([24, 576, 1, 1]): 
PretrainedInit: load from https://download.openmmlab.com/mmclassification/v0/efficientnet/efficientnet-b3_3rdparty_8xb32-aa_in1k_20220119-5b4887a0.pth 

backbone.layers.4.3.se.conv1.conv.bias - torch.Size([24]): 
PretrainedInit: load from https://download.openmmlab.com/mmclassification/v0/efficientnet/efficientnet-b3_3rdparty_8xb32-aa_in1k_20220119-5b4887a0.pth 

backbone.layers.4.3.se.conv2.conv.weight - torch.Size([576, 24, 1, 1]): 
PretrainedInit: load from https://download.openmmlab.com/mmclassification/v0/efficientnet/efficientnet-b3_3rdparty_8xb32-aa_in1k_20220119-5b4887a0.pth 

backbone.layers.4.3.se.conv2.conv.bias - torch.Size([576]): 
PretrainedInit: load from https://download.openmmlab.com/mmclassification/v0/efficientnet/efficientnet-b3_3rdparty_8xb32-aa_in1k_20220119-5b4887a0.pth 

backbone.layers.4.3.linear_conv.conv.weight - torch.Size([96, 576, 1, 1]): 
PretrainedInit: load from https://download.openmmlab.com/mmclassification/v0/efficientnet/efficientnet-b3_3rdparty_8xb32-aa_in1k_20220119-5b4887a0.pth 

backbone.layers.4.3.linear_conv.bn.weight - torch.Size([96]): 
PretrainedInit: load from https://download.openmmlab.com/mmclassification/v0/efficientnet/efficientnet-b3_3rdparty_8xb32-aa_in1k_20220119-5b4887a0.pth 

backbone.layers.4.3.linear_conv.bn.bias - torch.Size([96]): 
PretrainedInit: load from https://download.openmmlab.com/mmclassification/v0/efficientnet/efficientnet-b3_3rdparty_8xb32-aa_in1k_20220119-5b4887a0.pth 

backbone.layers.4.4.expand_conv.conv.weight - torch.Size([576, 96, 1, 1]): 
PretrainedInit: load from https://download.openmmlab.com/mmclassification/v0/efficientnet/efficientnet-b3_3rdparty_8xb32-aa_in1k_20220119-5b4887a0.pth 

backbone.layers.4.4.expand_conv.bn.weight - torch.Size([576]): 
PretrainedInit: load from https://download.openmmlab.com/mmclassification/v0/efficientnet/efficientnet-b3_3rdparty_8xb32-aa_in1k_20220119-5b4887a0.pth 

backbone.layers.4.4.expand_conv.bn.bias - torch.Size([576]): 
PretrainedInit: load from https://download.openmmlab.com/mmclassification/v0/efficientnet/efficientnet-b3_3rdparty_8xb32-aa_in1k_20220119-5b4887a0.pth 

backbone.layers.4.4.depthwise_conv.conv.weight - torch.Size([576, 1, 3, 3]): 
PretrainedInit: load from https://download.openmmlab.com/mmclassification/v0/efficientnet/efficientnet-b3_3rdparty_8xb32-aa_in1k_20220119-5b4887a0.pth 

backbone.layers.4.4.depthwise_conv.bn.weight - torch.Size([576]): 
PretrainedInit: load from https://download.openmmlab.com/mmclassification/v0/efficientnet/efficientnet-b3_3rdparty_8xb32-aa_in1k_20220119-5b4887a0.pth 

backbone.layers.4.4.depthwise_conv.bn.bias - torch.Size([576]): 
PretrainedInit: load from https://download.openmmlab.com/mmclassification/v0/efficientnet/efficientnet-b3_3rdparty_8xb32-aa_in1k_20220119-5b4887a0.pth 

backbone.layers.4.4.se.conv1.conv.weight - torch.Size([24, 576, 1, 1]): 
PretrainedInit: load from https://download.openmmlab.com/mmclassification/v0/efficientnet/efficientnet-b3_3rdparty_8xb32-aa_in1k_20220119-5b4887a0.pth 

backbone.layers.4.4.se.conv1.conv.bias - torch.Size([24]): 
PretrainedInit: load from https://download.openmmlab.com/mmclassification/v0/efficientnet/efficientnet-b3_3rdparty_8xb32-aa_in1k_20220119-5b4887a0.pth 

backbone.layers.4.4.se.conv2.conv.weight - torch.Size([576, 24, 1, 1]): 
PretrainedInit: load from https://download.openmmlab.com/mmclassification/v0/efficientnet/efficientnet-b3_3rdparty_8xb32-aa_in1k_20220119-5b4887a0.pth 

backbone.layers.4.4.se.conv2.conv.bias - torch.Size([576]): 
PretrainedInit: load from https://download.openmmlab.com/mmclassification/v0/efficientnet/efficientnet-b3_3rdparty_8xb32-aa_in1k_20220119-5b4887a0.pth 

backbone.layers.4.4.linear_conv.conv.weight - torch.Size([96, 576, 1, 1]): 
PretrainedInit: load from https://download.openmmlab.com/mmclassification/v0/efficientnet/efficientnet-b3_3rdparty_8xb32-aa_in1k_20220119-5b4887a0.pth 

backbone.layers.4.4.linear_conv.bn.weight - torch.Size([96]): 
PretrainedInit: load from https://download.openmmlab.com/mmclassification/v0/efficientnet/efficientnet-b3_3rdparty_8xb32-aa_in1k_20220119-5b4887a0.pth 

backbone.layers.4.4.linear_conv.bn.bias - torch.Size([96]): 
PretrainedInit: load from https://download.openmmlab.com/mmclassification/v0/efficientnet/efficientnet-b3_3rdparty_8xb32-aa_in1k_20220119-5b4887a0.pth 

backbone.layers.4.5.expand_conv.conv.weight - torch.Size([576, 96, 1, 1]): 
PretrainedInit: load from https://download.openmmlab.com/mmclassification/v0/efficientnet/efficientnet-b3_3rdparty_8xb32-aa_in1k_20220119-5b4887a0.pth 

backbone.layers.4.5.expand_conv.bn.weight - torch.Size([576]): 
PretrainedInit: load from https://download.openmmlab.com/mmclassification/v0/efficientnet/efficientnet-b3_3rdparty_8xb32-aa_in1k_20220119-5b4887a0.pth 

backbone.layers.4.5.expand_conv.bn.bias - torch.Size([576]): 
PretrainedInit: load from https://download.openmmlab.com/mmclassification/v0/efficientnet/efficientnet-b3_3rdparty_8xb32-aa_in1k_20220119-5b4887a0.pth 

backbone.layers.4.5.depthwise_conv.conv.weight - torch.Size([576, 1, 5, 5]): 
PretrainedInit: load from https://download.openmmlab.com/mmclassification/v0/efficientnet/efficientnet-b3_3rdparty_8xb32-aa_in1k_20220119-5b4887a0.pth 

backbone.layers.4.5.depthwise_conv.bn.weight - torch.Size([576]): 
PretrainedInit: load from https://download.openmmlab.com/mmclassification/v0/efficientnet/efficientnet-b3_3rdparty_8xb32-aa_in1k_20220119-5b4887a0.pth 

backbone.layers.4.5.depthwise_conv.bn.bias - torch.Size([576]): 
PretrainedInit: load from https://download.openmmlab.com/mmclassification/v0/efficientnet/efficientnet-b3_3rdparty_8xb32-aa_in1k_20220119-5b4887a0.pth 

backbone.layers.4.5.se.conv1.conv.weight - torch.Size([24, 576, 1, 1]): 
PretrainedInit: load from https://download.openmmlab.com/mmclassification/v0/efficientnet/efficientnet-b3_3rdparty_8xb32-aa_in1k_20220119-5b4887a0.pth 

backbone.layers.4.5.se.conv1.conv.bias - torch.Size([24]): 
PretrainedInit: load from https://download.openmmlab.com/mmclassification/v0/efficientnet/efficientnet-b3_3rdparty_8xb32-aa_in1k_20220119-5b4887a0.pth 

backbone.layers.4.5.se.conv2.conv.weight - torch.Size([576, 24, 1, 1]): 
PretrainedInit: load from https://download.openmmlab.com/mmclassification/v0/efficientnet/efficientnet-b3_3rdparty_8xb32-aa_in1k_20220119-5b4887a0.pth 

backbone.layers.4.5.se.conv2.conv.bias - torch.Size([576]): 
PretrainedInit: load from https://download.openmmlab.com/mmclassification/v0/efficientnet/efficientnet-b3_3rdparty_8xb32-aa_in1k_20220119-5b4887a0.pth 

backbone.layers.4.5.linear_conv.conv.weight - torch.Size([136, 576, 1, 1]): 
PretrainedInit: load from https://download.openmmlab.com/mmclassification/v0/efficientnet/efficientnet-b3_3rdparty_8xb32-aa_in1k_20220119-5b4887a0.pth 

backbone.layers.4.5.linear_conv.bn.weight - torch.Size([136]): 
PretrainedInit: load from https://download.openmmlab.com/mmclassification/v0/efficientnet/efficientnet-b3_3rdparty_8xb32-aa_in1k_20220119-5b4887a0.pth 

backbone.layers.4.5.linear_conv.bn.bias - torch.Size([136]): 
PretrainedInit: load from https://download.openmmlab.com/mmclassification/v0/efficientnet/efficientnet-b3_3rdparty_8xb32-aa_in1k_20220119-5b4887a0.pth 

backbone.layers.4.6.expand_conv.conv.weight - torch.Size([816, 136, 1, 1]): 
PretrainedInit: load from https://download.openmmlab.com/mmclassification/v0/efficientnet/efficientnet-b3_3rdparty_8xb32-aa_in1k_20220119-5b4887a0.pth 

backbone.layers.4.6.expand_conv.bn.weight - torch.Size([816]): 
PretrainedInit: load from https://download.openmmlab.com/mmclassification/v0/efficientnet/efficientnet-b3_3rdparty_8xb32-aa_in1k_20220119-5b4887a0.pth 

backbone.layers.4.6.expand_conv.bn.bias - torch.Size([816]): 
PretrainedInit: load from https://download.openmmlab.com/mmclassification/v0/efficientnet/efficientnet-b3_3rdparty_8xb32-aa_in1k_20220119-5b4887a0.pth 

backbone.layers.4.6.depthwise_conv.conv.weight - torch.Size([816, 1, 5, 5]): 
PretrainedInit: load from https://download.openmmlab.com/mmclassification/v0/efficientnet/efficientnet-b3_3rdparty_8xb32-aa_in1k_20220119-5b4887a0.pth 

backbone.layers.4.6.depthwise_conv.bn.weight - torch.Size([816]): 
PretrainedInit: load from https://download.openmmlab.com/mmclassification/v0/efficientnet/efficientnet-b3_3rdparty_8xb32-aa_in1k_20220119-5b4887a0.pth 

backbone.layers.4.6.depthwise_conv.bn.bias - torch.Size([816]): 
PretrainedInit: load from https://download.openmmlab.com/mmclassification/v0/efficientnet/efficientnet-b3_3rdparty_8xb32-aa_in1k_20220119-5b4887a0.pth 

backbone.layers.4.6.se.conv1.conv.weight - torch.Size([34, 816, 1, 1]): 
PretrainedInit: load from https://download.openmmlab.com/mmclassification/v0/efficientnet/efficientnet-b3_3rdparty_8xb32-aa_in1k_20220119-5b4887a0.pth 

backbone.layers.4.6.se.conv1.conv.bias - torch.Size([34]): 
PretrainedInit: load from https://download.openmmlab.com/mmclassification/v0/efficientnet/efficientnet-b3_3rdparty_8xb32-aa_in1k_20220119-5b4887a0.pth 

backbone.layers.4.6.se.conv2.conv.weight - torch.Size([816, 34, 1, 1]): 
PretrainedInit: load from https://download.openmmlab.com/mmclassification/v0/efficientnet/efficientnet-b3_3rdparty_8xb32-aa_in1k_20220119-5b4887a0.pth 

backbone.layers.4.6.se.conv2.conv.bias - torch.Size([816]): 
PretrainedInit: load from https://download.openmmlab.com/mmclassification/v0/efficientnet/efficientnet-b3_3rdparty_8xb32-aa_in1k_20220119-5b4887a0.pth 

backbone.layers.4.6.linear_conv.conv.weight - torch.Size([136, 816, 1, 1]): 
PretrainedInit: load from https://download.openmmlab.com/mmclassification/v0/efficientnet/efficientnet-b3_3rdparty_8xb32-aa_in1k_20220119-5b4887a0.pth 

backbone.layers.4.6.linear_conv.bn.weight - torch.Size([136]): 
PretrainedInit: load from https://download.openmmlab.com/mmclassification/v0/efficientnet/efficientnet-b3_3rdparty_8xb32-aa_in1k_20220119-5b4887a0.pth 

backbone.layers.4.6.linear_conv.bn.bias - torch.Size([136]): 
PretrainedInit: load from https://download.openmmlab.com/mmclassification/v0/efficientnet/efficientnet-b3_3rdparty_8xb32-aa_in1k_20220119-5b4887a0.pth 

backbone.layers.4.7.expand_conv.conv.weight - torch.Size([816, 136, 1, 1]): 
PretrainedInit: load from https://download.openmmlab.com/mmclassification/v0/efficientnet/efficientnet-b3_3rdparty_8xb32-aa_in1k_20220119-5b4887a0.pth 

backbone.layers.4.7.expand_conv.bn.weight - torch.Size([816]): 
PretrainedInit: load from https://download.openmmlab.com/mmclassification/v0/efficientnet/efficientnet-b3_3rdparty_8xb32-aa_in1k_20220119-5b4887a0.pth 

backbone.layers.4.7.expand_conv.bn.bias - torch.Size([816]): 
PretrainedInit: load from https://download.openmmlab.com/mmclassification/v0/efficientnet/efficientnet-b3_3rdparty_8xb32-aa_in1k_20220119-5b4887a0.pth 

backbone.layers.4.7.depthwise_conv.conv.weight - torch.Size([816, 1, 5, 5]): 
PretrainedInit: load from https://download.openmmlab.com/mmclassification/v0/efficientnet/efficientnet-b3_3rdparty_8xb32-aa_in1k_20220119-5b4887a0.pth 

backbone.layers.4.7.depthwise_conv.bn.weight - torch.Size([816]): 
PretrainedInit: load from https://download.openmmlab.com/mmclassification/v0/efficientnet/efficientnet-b3_3rdparty_8xb32-aa_in1k_20220119-5b4887a0.pth 

backbone.layers.4.7.depthwise_conv.bn.bias - torch.Size([816]): 
PretrainedInit: load from https://download.openmmlab.com/mmclassification/v0/efficientnet/efficientnet-b3_3rdparty_8xb32-aa_in1k_20220119-5b4887a0.pth 

backbone.layers.4.7.se.conv1.conv.weight - torch.Size([34, 816, 1, 1]): 
PretrainedInit: load from https://download.openmmlab.com/mmclassification/v0/efficientnet/efficientnet-b3_3rdparty_8xb32-aa_in1k_20220119-5b4887a0.pth 

backbone.layers.4.7.se.conv1.conv.bias - torch.Size([34]): 
PretrainedInit: load from https://download.openmmlab.com/mmclassification/v0/efficientnet/efficientnet-b3_3rdparty_8xb32-aa_in1k_20220119-5b4887a0.pth 

backbone.layers.4.7.se.conv2.conv.weight - torch.Size([816, 34, 1, 1]): 
PretrainedInit: load from https://download.openmmlab.com/mmclassification/v0/efficientnet/efficientnet-b3_3rdparty_8xb32-aa_in1k_20220119-5b4887a0.pth 

backbone.layers.4.7.se.conv2.conv.bias - torch.Size([816]): 
PretrainedInit: load from https://download.openmmlab.com/mmclassification/v0/efficientnet/efficientnet-b3_3rdparty_8xb32-aa_in1k_20220119-5b4887a0.pth 

backbone.layers.4.7.linear_conv.conv.weight - torch.Size([136, 816, 1, 1]): 
PretrainedInit: load from https://download.openmmlab.com/mmclassification/v0/efficientnet/efficientnet-b3_3rdparty_8xb32-aa_in1k_20220119-5b4887a0.pth 

backbone.layers.4.7.linear_conv.bn.weight - torch.Size([136]): 
PretrainedInit: load from https://download.openmmlab.com/mmclassification/v0/efficientnet/efficientnet-b3_3rdparty_8xb32-aa_in1k_20220119-5b4887a0.pth 

backbone.layers.4.7.linear_conv.bn.bias - torch.Size([136]): 
PretrainedInit: load from https://download.openmmlab.com/mmclassification/v0/efficientnet/efficientnet-b3_3rdparty_8xb32-aa_in1k_20220119-5b4887a0.pth 

backbone.layers.4.8.expand_conv.conv.weight - torch.Size([816, 136, 1, 1]): 
PretrainedInit: load from https://download.openmmlab.com/mmclassification/v0/efficientnet/efficientnet-b3_3rdparty_8xb32-aa_in1k_20220119-5b4887a0.pth 

backbone.layers.4.8.expand_conv.bn.weight - torch.Size([816]): 
PretrainedInit: load from https://download.openmmlab.com/mmclassification/v0/efficientnet/efficientnet-b3_3rdparty_8xb32-aa_in1k_20220119-5b4887a0.pth 

backbone.layers.4.8.expand_conv.bn.bias - torch.Size([816]): 
PretrainedInit: load from https://download.openmmlab.com/mmclassification/v0/efficientnet/efficientnet-b3_3rdparty_8xb32-aa_in1k_20220119-5b4887a0.pth 

backbone.layers.4.8.depthwise_conv.conv.weight - torch.Size([816, 1, 5, 5]): 
PretrainedInit: load from https://download.openmmlab.com/mmclassification/v0/efficientnet/efficientnet-b3_3rdparty_8xb32-aa_in1k_20220119-5b4887a0.pth 

backbone.layers.4.8.depthwise_conv.bn.weight - torch.Size([816]): 
PretrainedInit: load from https://download.openmmlab.com/mmclassification/v0/efficientnet/efficientnet-b3_3rdparty_8xb32-aa_in1k_20220119-5b4887a0.pth 

backbone.layers.4.8.depthwise_conv.bn.bias - torch.Size([816]): 
PretrainedInit: load from https://download.openmmlab.com/mmclassification/v0/efficientnet/efficientnet-b3_3rdparty_8xb32-aa_in1k_20220119-5b4887a0.pth 

backbone.layers.4.8.se.conv1.conv.weight - torch.Size([34, 816, 1, 1]): 
PretrainedInit: load from https://download.openmmlab.com/mmclassification/v0/efficientnet/efficientnet-b3_3rdparty_8xb32-aa_in1k_20220119-5b4887a0.pth 

backbone.layers.4.8.se.conv1.conv.bias - torch.Size([34]): 
PretrainedInit: load from https://download.openmmlab.com/mmclassification/v0/efficientnet/efficientnet-b3_3rdparty_8xb32-aa_in1k_20220119-5b4887a0.pth 

backbone.layers.4.8.se.conv2.conv.weight - torch.Size([816, 34, 1, 1]): 
PretrainedInit: load from https://download.openmmlab.com/mmclassification/v0/efficientnet/efficientnet-b3_3rdparty_8xb32-aa_in1k_20220119-5b4887a0.pth 

backbone.layers.4.8.se.conv2.conv.bias - torch.Size([816]): 
PretrainedInit: load from https://download.openmmlab.com/mmclassification/v0/efficientnet/efficientnet-b3_3rdparty_8xb32-aa_in1k_20220119-5b4887a0.pth 

backbone.layers.4.8.linear_conv.conv.weight - torch.Size([136, 816, 1, 1]): 
PretrainedInit: load from https://download.openmmlab.com/mmclassification/v0/efficientnet/efficientnet-b3_3rdparty_8xb32-aa_in1k_20220119-5b4887a0.pth 

backbone.layers.4.8.linear_conv.bn.weight - torch.Size([136]): 
PretrainedInit: load from https://download.openmmlab.com/mmclassification/v0/efficientnet/efficientnet-b3_3rdparty_8xb32-aa_in1k_20220119-5b4887a0.pth 

backbone.layers.4.8.linear_conv.bn.bias - torch.Size([136]): 
PretrainedInit: load from https://download.openmmlab.com/mmclassification/v0/efficientnet/efficientnet-b3_3rdparty_8xb32-aa_in1k_20220119-5b4887a0.pth 

backbone.layers.4.9.expand_conv.conv.weight - torch.Size([816, 136, 1, 1]): 
PretrainedInit: load from https://download.openmmlab.com/mmclassification/v0/efficientnet/efficientnet-b3_3rdparty_8xb32-aa_in1k_20220119-5b4887a0.pth 

backbone.layers.4.9.expand_conv.bn.weight - torch.Size([816]): 
PretrainedInit: load from https://download.openmmlab.com/mmclassification/v0/efficientnet/efficientnet-b3_3rdparty_8xb32-aa_in1k_20220119-5b4887a0.pth 

backbone.layers.4.9.expand_conv.bn.bias - torch.Size([816]): 
PretrainedInit: load from https://download.openmmlab.com/mmclassification/v0/efficientnet/efficientnet-b3_3rdparty_8xb32-aa_in1k_20220119-5b4887a0.pth 

backbone.layers.4.9.depthwise_conv.conv.weight - torch.Size([816, 1, 5, 5]): 
PretrainedInit: load from https://download.openmmlab.com/mmclassification/v0/efficientnet/efficientnet-b3_3rdparty_8xb32-aa_in1k_20220119-5b4887a0.pth 

backbone.layers.4.9.depthwise_conv.bn.weight - torch.Size([816]): 
PretrainedInit: load from https://download.openmmlab.com/mmclassification/v0/efficientnet/efficientnet-b3_3rdparty_8xb32-aa_in1k_20220119-5b4887a0.pth 

backbone.layers.4.9.depthwise_conv.bn.bias - torch.Size([816]): 
PretrainedInit: load from https://download.openmmlab.com/mmclassification/v0/efficientnet/efficientnet-b3_3rdparty_8xb32-aa_in1k_20220119-5b4887a0.pth 

backbone.layers.4.9.se.conv1.conv.weight - torch.Size([34, 816, 1, 1]): 
PretrainedInit: load from https://download.openmmlab.com/mmclassification/v0/efficientnet/efficientnet-b3_3rdparty_8xb32-aa_in1k_20220119-5b4887a0.pth 

backbone.layers.4.9.se.conv1.conv.bias - torch.Size([34]): 
PretrainedInit: load from https://download.openmmlab.com/mmclassification/v0/efficientnet/efficientnet-b3_3rdparty_8xb32-aa_in1k_20220119-5b4887a0.pth 

backbone.layers.4.9.se.conv2.conv.weight - torch.Size([816, 34, 1, 1]): 
PretrainedInit: load from https://download.openmmlab.com/mmclassification/v0/efficientnet/efficientnet-b3_3rdparty_8xb32-aa_in1k_20220119-5b4887a0.pth 

backbone.layers.4.9.se.conv2.conv.bias - torch.Size([816]): 
PretrainedInit: load from https://download.openmmlab.com/mmclassification/v0/efficientnet/efficientnet-b3_3rdparty_8xb32-aa_in1k_20220119-5b4887a0.pth 

backbone.layers.4.9.linear_conv.conv.weight - torch.Size([136, 816, 1, 1]): 
PretrainedInit: load from https://download.openmmlab.com/mmclassification/v0/efficientnet/efficientnet-b3_3rdparty_8xb32-aa_in1k_20220119-5b4887a0.pth 

backbone.layers.4.9.linear_conv.bn.weight - torch.Size([136]): 
PretrainedInit: load from https://download.openmmlab.com/mmclassification/v0/efficientnet/efficientnet-b3_3rdparty_8xb32-aa_in1k_20220119-5b4887a0.pth 

backbone.layers.4.9.linear_conv.bn.bias - torch.Size([136]): 
PretrainedInit: load from https://download.openmmlab.com/mmclassification/v0/efficientnet/efficientnet-b3_3rdparty_8xb32-aa_in1k_20220119-5b4887a0.pth 

backbone.layers.5.0.expand_conv.conv.weight - torch.Size([816, 136, 1, 1]): 
PretrainedInit: load from https://download.openmmlab.com/mmclassification/v0/efficientnet/efficientnet-b3_3rdparty_8xb32-aa_in1k_20220119-5b4887a0.pth 

backbone.layers.5.0.expand_conv.bn.weight - torch.Size([816]): 
PretrainedInit: load from https://download.openmmlab.com/mmclassification/v0/efficientnet/efficientnet-b3_3rdparty_8xb32-aa_in1k_20220119-5b4887a0.pth 

backbone.layers.5.0.expand_conv.bn.bias - torch.Size([816]): 
PretrainedInit: load from https://download.openmmlab.com/mmclassification/v0/efficientnet/efficientnet-b3_3rdparty_8xb32-aa_in1k_20220119-5b4887a0.pth 

backbone.layers.5.0.depthwise_conv.conv.weight - torch.Size([816, 1, 5, 5]): 
PretrainedInit: load from https://download.openmmlab.com/mmclassification/v0/efficientnet/efficientnet-b3_3rdparty_8xb32-aa_in1k_20220119-5b4887a0.pth 

backbone.layers.5.0.depthwise_conv.bn.weight - torch.Size([816]): 
PretrainedInit: load from https://download.openmmlab.com/mmclassification/v0/efficientnet/efficientnet-b3_3rdparty_8xb32-aa_in1k_20220119-5b4887a0.pth 

backbone.layers.5.0.depthwise_conv.bn.bias - torch.Size([816]): 
PretrainedInit: load from https://download.openmmlab.com/mmclassification/v0/efficientnet/efficientnet-b3_3rdparty_8xb32-aa_in1k_20220119-5b4887a0.pth 

backbone.layers.5.0.se.conv1.conv.weight - torch.Size([34, 816, 1, 1]): 
PretrainedInit: load from https://download.openmmlab.com/mmclassification/v0/efficientnet/efficientnet-b3_3rdparty_8xb32-aa_in1k_20220119-5b4887a0.pth 

backbone.layers.5.0.se.conv1.conv.bias - torch.Size([34]): 
PretrainedInit: load from https://download.openmmlab.com/mmclassification/v0/efficientnet/efficientnet-b3_3rdparty_8xb32-aa_in1k_20220119-5b4887a0.pth 

backbone.layers.5.0.se.conv2.conv.weight - torch.Size([816, 34, 1, 1]): 
PretrainedInit: load from https://download.openmmlab.com/mmclassification/v0/efficientnet/efficientnet-b3_3rdparty_8xb32-aa_in1k_20220119-5b4887a0.pth 

backbone.layers.5.0.se.conv2.conv.bias - torch.Size([816]): 
PretrainedInit: load from https://download.openmmlab.com/mmclassification/v0/efficientnet/efficientnet-b3_3rdparty_8xb32-aa_in1k_20220119-5b4887a0.pth 

backbone.layers.5.0.linear_conv.conv.weight - torch.Size([232, 816, 1, 1]): 
PretrainedInit: load from https://download.openmmlab.com/mmclassification/v0/efficientnet/efficientnet-b3_3rdparty_8xb32-aa_in1k_20220119-5b4887a0.pth 

backbone.layers.5.0.linear_conv.bn.weight - torch.Size([232]): 
PretrainedInit: load from https://download.openmmlab.com/mmclassification/v0/efficientnet/efficientnet-b3_3rdparty_8xb32-aa_in1k_20220119-5b4887a0.pth 

backbone.layers.5.0.linear_conv.bn.bias - torch.Size([232]): 
PretrainedInit: load from https://download.openmmlab.com/mmclassification/v0/efficientnet/efficientnet-b3_3rdparty_8xb32-aa_in1k_20220119-5b4887a0.pth 

backbone.layers.5.1.expand_conv.conv.weight - torch.Size([1392, 232, 1, 1]): 
PretrainedInit: load from https://download.openmmlab.com/mmclassification/v0/efficientnet/efficientnet-b3_3rdparty_8xb32-aa_in1k_20220119-5b4887a0.pth 

backbone.layers.5.1.expand_conv.bn.weight - torch.Size([1392]): 
PretrainedInit: load from https://download.openmmlab.com/mmclassification/v0/efficientnet/efficientnet-b3_3rdparty_8xb32-aa_in1k_20220119-5b4887a0.pth 

backbone.layers.5.1.expand_conv.bn.bias - torch.Size([1392]): 
PretrainedInit: load from https://download.openmmlab.com/mmclassification/v0/efficientnet/efficientnet-b3_3rdparty_8xb32-aa_in1k_20220119-5b4887a0.pth 

backbone.layers.5.1.depthwise_conv.conv.weight - torch.Size([1392, 1, 5, 5]): 
PretrainedInit: load from https://download.openmmlab.com/mmclassification/v0/efficientnet/efficientnet-b3_3rdparty_8xb32-aa_in1k_20220119-5b4887a0.pth 

backbone.layers.5.1.depthwise_conv.bn.weight - torch.Size([1392]): 
PretrainedInit: load from https://download.openmmlab.com/mmclassification/v0/efficientnet/efficientnet-b3_3rdparty_8xb32-aa_in1k_20220119-5b4887a0.pth 

backbone.layers.5.1.depthwise_conv.bn.bias - torch.Size([1392]): 
PretrainedInit: load from https://download.openmmlab.com/mmclassification/v0/efficientnet/efficientnet-b3_3rdparty_8xb32-aa_in1k_20220119-5b4887a0.pth 

backbone.layers.5.1.se.conv1.conv.weight - torch.Size([58, 1392, 1, 1]): 
PretrainedInit: load from https://download.openmmlab.com/mmclassification/v0/efficientnet/efficientnet-b3_3rdparty_8xb32-aa_in1k_20220119-5b4887a0.pth 

backbone.layers.5.1.se.conv1.conv.bias - torch.Size([58]): 
PretrainedInit: load from https://download.openmmlab.com/mmclassification/v0/efficientnet/efficientnet-b3_3rdparty_8xb32-aa_in1k_20220119-5b4887a0.pth 

backbone.layers.5.1.se.conv2.conv.weight - torch.Size([1392, 58, 1, 1]): 
PretrainedInit: load from https://download.openmmlab.com/mmclassification/v0/efficientnet/efficientnet-b3_3rdparty_8xb32-aa_in1k_20220119-5b4887a0.pth 

backbone.layers.5.1.se.conv2.conv.bias - torch.Size([1392]): 
PretrainedInit: load from https://download.openmmlab.com/mmclassification/v0/efficientnet/efficientnet-b3_3rdparty_8xb32-aa_in1k_20220119-5b4887a0.pth 

backbone.layers.5.1.linear_conv.conv.weight - torch.Size([232, 1392, 1, 1]): 
PretrainedInit: load from https://download.openmmlab.com/mmclassification/v0/efficientnet/efficientnet-b3_3rdparty_8xb32-aa_in1k_20220119-5b4887a0.pth 

backbone.layers.5.1.linear_conv.bn.weight - torch.Size([232]): 
PretrainedInit: load from https://download.openmmlab.com/mmclassification/v0/efficientnet/efficientnet-b3_3rdparty_8xb32-aa_in1k_20220119-5b4887a0.pth 

backbone.layers.5.1.linear_conv.bn.bias - torch.Size([232]): 
PretrainedInit: load from https://download.openmmlab.com/mmclassification/v0/efficientnet/efficientnet-b3_3rdparty_8xb32-aa_in1k_20220119-5b4887a0.pth 

backbone.layers.5.2.expand_conv.conv.weight - torch.Size([1392, 232, 1, 1]): 
PretrainedInit: load from https://download.openmmlab.com/mmclassification/v0/efficientnet/efficientnet-b3_3rdparty_8xb32-aa_in1k_20220119-5b4887a0.pth 

backbone.layers.5.2.expand_conv.bn.weight - torch.Size([1392]): 
PretrainedInit: load from https://download.openmmlab.com/mmclassification/v0/efficientnet/efficientnet-b3_3rdparty_8xb32-aa_in1k_20220119-5b4887a0.pth 

backbone.layers.5.2.expand_conv.bn.bias - torch.Size([1392]): 
PretrainedInit: load from https://download.openmmlab.com/mmclassification/v0/efficientnet/efficientnet-b3_3rdparty_8xb32-aa_in1k_20220119-5b4887a0.pth 

backbone.layers.5.2.depthwise_conv.conv.weight - torch.Size([1392, 1, 5, 5]): 
PretrainedInit: load from https://download.openmmlab.com/mmclassification/v0/efficientnet/efficientnet-b3_3rdparty_8xb32-aa_in1k_20220119-5b4887a0.pth 

backbone.layers.5.2.depthwise_conv.bn.weight - torch.Size([1392]): 
PretrainedInit: load from https://download.openmmlab.com/mmclassification/v0/efficientnet/efficientnet-b3_3rdparty_8xb32-aa_in1k_20220119-5b4887a0.pth 

backbone.layers.5.2.depthwise_conv.bn.bias - torch.Size([1392]): 
PretrainedInit: load from https://download.openmmlab.com/mmclassification/v0/efficientnet/efficientnet-b3_3rdparty_8xb32-aa_in1k_20220119-5b4887a0.pth 

backbone.layers.5.2.se.conv1.conv.weight - torch.Size([58, 1392, 1, 1]): 
PretrainedInit: load from https://download.openmmlab.com/mmclassification/v0/efficientnet/efficientnet-b3_3rdparty_8xb32-aa_in1k_20220119-5b4887a0.pth 

backbone.layers.5.2.se.conv1.conv.bias - torch.Size([58]): 
PretrainedInit: load from https://download.openmmlab.com/mmclassification/v0/efficientnet/efficientnet-b3_3rdparty_8xb32-aa_in1k_20220119-5b4887a0.pth 

backbone.layers.5.2.se.conv2.conv.weight - torch.Size([1392, 58, 1, 1]): 
PretrainedInit: load from https://download.openmmlab.com/mmclassification/v0/efficientnet/efficientnet-b3_3rdparty_8xb32-aa_in1k_20220119-5b4887a0.pth 

backbone.layers.5.2.se.conv2.conv.bias - torch.Size([1392]): 
PretrainedInit: load from https://download.openmmlab.com/mmclassification/v0/efficientnet/efficientnet-b3_3rdparty_8xb32-aa_in1k_20220119-5b4887a0.pth 

backbone.layers.5.2.linear_conv.conv.weight - torch.Size([232, 1392, 1, 1]): 
PretrainedInit: load from https://download.openmmlab.com/mmclassification/v0/efficientnet/efficientnet-b3_3rdparty_8xb32-aa_in1k_20220119-5b4887a0.pth 

backbone.layers.5.2.linear_conv.bn.weight - torch.Size([232]): 
PretrainedInit: load from https://download.openmmlab.com/mmclassification/v0/efficientnet/efficientnet-b3_3rdparty_8xb32-aa_in1k_20220119-5b4887a0.pth 

backbone.layers.5.2.linear_conv.bn.bias - torch.Size([232]): 
PretrainedInit: load from https://download.openmmlab.com/mmclassification/v0/efficientnet/efficientnet-b3_3rdparty_8xb32-aa_in1k_20220119-5b4887a0.pth 

backbone.layers.5.3.expand_conv.conv.weight - torch.Size([1392, 232, 1, 1]): 
PretrainedInit: load from https://download.openmmlab.com/mmclassification/v0/efficientnet/efficientnet-b3_3rdparty_8xb32-aa_in1k_20220119-5b4887a0.pth 

backbone.layers.5.3.expand_conv.bn.weight - torch.Size([1392]): 
PretrainedInit: load from https://download.openmmlab.com/mmclassification/v0/efficientnet/efficientnet-b3_3rdparty_8xb32-aa_in1k_20220119-5b4887a0.pth 

backbone.layers.5.3.expand_conv.bn.bias - torch.Size([1392]): 
PretrainedInit: load from https://download.openmmlab.com/mmclassification/v0/efficientnet/efficientnet-b3_3rdparty_8xb32-aa_in1k_20220119-5b4887a0.pth 

backbone.layers.5.3.depthwise_conv.conv.weight - torch.Size([1392, 1, 5, 5]): 
PretrainedInit: load from https://download.openmmlab.com/mmclassification/v0/efficientnet/efficientnet-b3_3rdparty_8xb32-aa_in1k_20220119-5b4887a0.pth 

backbone.layers.5.3.depthwise_conv.bn.weight - torch.Size([1392]): 
PretrainedInit: load from https://download.openmmlab.com/mmclassification/v0/efficientnet/efficientnet-b3_3rdparty_8xb32-aa_in1k_20220119-5b4887a0.pth 

backbone.layers.5.3.depthwise_conv.bn.bias - torch.Size([1392]): 
PretrainedInit: load from https://download.openmmlab.com/mmclassification/v0/efficientnet/efficientnet-b3_3rdparty_8xb32-aa_in1k_20220119-5b4887a0.pth 

backbone.layers.5.3.se.conv1.conv.weight - torch.Size([58, 1392, 1, 1]): 
PretrainedInit: load from https://download.openmmlab.com/mmclassification/v0/efficientnet/efficientnet-b3_3rdparty_8xb32-aa_in1k_20220119-5b4887a0.pth 

backbone.layers.5.3.se.conv1.conv.bias - torch.Size([58]): 
PretrainedInit: load from https://download.openmmlab.com/mmclassification/v0/efficientnet/efficientnet-b3_3rdparty_8xb32-aa_in1k_20220119-5b4887a0.pth 

backbone.layers.5.3.se.conv2.conv.weight - torch.Size([1392, 58, 1, 1]): 
PretrainedInit: load from https://download.openmmlab.com/mmclassification/v0/efficientnet/efficientnet-b3_3rdparty_8xb32-aa_in1k_20220119-5b4887a0.pth 

backbone.layers.5.3.se.conv2.conv.bias - torch.Size([1392]): 
PretrainedInit: load from https://download.openmmlab.com/mmclassification/v0/efficientnet/efficientnet-b3_3rdparty_8xb32-aa_in1k_20220119-5b4887a0.pth 

backbone.layers.5.3.linear_conv.conv.weight - torch.Size([232, 1392, 1, 1]): 
PretrainedInit: load from https://download.openmmlab.com/mmclassification/v0/efficientnet/efficientnet-b3_3rdparty_8xb32-aa_in1k_20220119-5b4887a0.pth 

backbone.layers.5.3.linear_conv.bn.weight - torch.Size([232]): 
PretrainedInit: load from https://download.openmmlab.com/mmclassification/v0/efficientnet/efficientnet-b3_3rdparty_8xb32-aa_in1k_20220119-5b4887a0.pth 

backbone.layers.5.3.linear_conv.bn.bias - torch.Size([232]): 
PretrainedInit: load from https://download.openmmlab.com/mmclassification/v0/efficientnet/efficientnet-b3_3rdparty_8xb32-aa_in1k_20220119-5b4887a0.pth 

backbone.layers.5.4.expand_conv.conv.weight - torch.Size([1392, 232, 1, 1]): 
PretrainedInit: load from https://download.openmmlab.com/mmclassification/v0/efficientnet/efficientnet-b3_3rdparty_8xb32-aa_in1k_20220119-5b4887a0.pth 

backbone.layers.5.4.expand_conv.bn.weight - torch.Size([1392]): 
PretrainedInit: load from https://download.openmmlab.com/mmclassification/v0/efficientnet/efficientnet-b3_3rdparty_8xb32-aa_in1k_20220119-5b4887a0.pth 

backbone.layers.5.4.expand_conv.bn.bias - torch.Size([1392]): 
PretrainedInit: load from https://download.openmmlab.com/mmclassification/v0/efficientnet/efficientnet-b3_3rdparty_8xb32-aa_in1k_20220119-5b4887a0.pth 

backbone.layers.5.4.depthwise_conv.conv.weight - torch.Size([1392, 1, 5, 5]): 
PretrainedInit: load from https://download.openmmlab.com/mmclassification/v0/efficientnet/efficientnet-b3_3rdparty_8xb32-aa_in1k_20220119-5b4887a0.pth 

backbone.layers.5.4.depthwise_conv.bn.weight - torch.Size([1392]): 
PretrainedInit: load from https://download.openmmlab.com/mmclassification/v0/efficientnet/efficientnet-b3_3rdparty_8xb32-aa_in1k_20220119-5b4887a0.pth 

backbone.layers.5.4.depthwise_conv.bn.bias - torch.Size([1392]): 
PretrainedInit: load from https://download.openmmlab.com/mmclassification/v0/efficientnet/efficientnet-b3_3rdparty_8xb32-aa_in1k_20220119-5b4887a0.pth 

backbone.layers.5.4.se.conv1.conv.weight - torch.Size([58, 1392, 1, 1]): 
PretrainedInit: load from https://download.openmmlab.com/mmclassification/v0/efficientnet/efficientnet-b3_3rdparty_8xb32-aa_in1k_20220119-5b4887a0.pth 

backbone.layers.5.4.se.conv1.conv.bias - torch.Size([58]): 
PretrainedInit: load from https://download.openmmlab.com/mmclassification/v0/efficientnet/efficientnet-b3_3rdparty_8xb32-aa_in1k_20220119-5b4887a0.pth 

backbone.layers.5.4.se.conv2.conv.weight - torch.Size([1392, 58, 1, 1]): 
PretrainedInit: load from https://download.openmmlab.com/mmclassification/v0/efficientnet/efficientnet-b3_3rdparty_8xb32-aa_in1k_20220119-5b4887a0.pth 

backbone.layers.5.4.se.conv2.conv.bias - torch.Size([1392]): 
PretrainedInit: load from https://download.openmmlab.com/mmclassification/v0/efficientnet/efficientnet-b3_3rdparty_8xb32-aa_in1k_20220119-5b4887a0.pth 

backbone.layers.5.4.linear_conv.conv.weight - torch.Size([232, 1392, 1, 1]): 
PretrainedInit: load from https://download.openmmlab.com/mmclassification/v0/efficientnet/efficientnet-b3_3rdparty_8xb32-aa_in1k_20220119-5b4887a0.pth 

backbone.layers.5.4.linear_conv.bn.weight - torch.Size([232]): 
PretrainedInit: load from https://download.openmmlab.com/mmclassification/v0/efficientnet/efficientnet-b3_3rdparty_8xb32-aa_in1k_20220119-5b4887a0.pth 

backbone.layers.5.4.linear_conv.bn.bias - torch.Size([232]): 
PretrainedInit: load from https://download.openmmlab.com/mmclassification/v0/efficientnet/efficientnet-b3_3rdparty_8xb32-aa_in1k_20220119-5b4887a0.pth 

backbone.layers.5.5.expand_conv.conv.weight - torch.Size([1392, 232, 1, 1]): 
PretrainedInit: load from https://download.openmmlab.com/mmclassification/v0/efficientnet/efficientnet-b3_3rdparty_8xb32-aa_in1k_20220119-5b4887a0.pth 

backbone.layers.5.5.expand_conv.bn.weight - torch.Size([1392]): 
PretrainedInit: load from https://download.openmmlab.com/mmclassification/v0/efficientnet/efficientnet-b3_3rdparty_8xb32-aa_in1k_20220119-5b4887a0.pth 

backbone.layers.5.5.expand_conv.bn.bias - torch.Size([1392]): 
PretrainedInit: load from https://download.openmmlab.com/mmclassification/v0/efficientnet/efficientnet-b3_3rdparty_8xb32-aa_in1k_20220119-5b4887a0.pth 

backbone.layers.5.5.depthwise_conv.conv.weight - torch.Size([1392, 1, 5, 5]): 
PretrainedInit: load from https://download.openmmlab.com/mmclassification/v0/efficientnet/efficientnet-b3_3rdparty_8xb32-aa_in1k_20220119-5b4887a0.pth 

backbone.layers.5.5.depthwise_conv.bn.weight - torch.Size([1392]): 
PretrainedInit: load from https://download.openmmlab.com/mmclassification/v0/efficientnet/efficientnet-b3_3rdparty_8xb32-aa_in1k_20220119-5b4887a0.pth 

backbone.layers.5.5.depthwise_conv.bn.bias - torch.Size([1392]): 
PretrainedInit: load from https://download.openmmlab.com/mmclassification/v0/efficientnet/efficientnet-b3_3rdparty_8xb32-aa_in1k_20220119-5b4887a0.pth 

backbone.layers.5.5.se.conv1.conv.weight - torch.Size([58, 1392, 1, 1]): 
PretrainedInit: load from https://download.openmmlab.com/mmclassification/v0/efficientnet/efficientnet-b3_3rdparty_8xb32-aa_in1k_20220119-5b4887a0.pth 

backbone.layers.5.5.se.conv1.conv.bias - torch.Size([58]): 
PretrainedInit: load from https://download.openmmlab.com/mmclassification/v0/efficientnet/efficientnet-b3_3rdparty_8xb32-aa_in1k_20220119-5b4887a0.pth 

backbone.layers.5.5.se.conv2.conv.weight - torch.Size([1392, 58, 1, 1]): 
PretrainedInit: load from https://download.openmmlab.com/mmclassification/v0/efficientnet/efficientnet-b3_3rdparty_8xb32-aa_in1k_20220119-5b4887a0.pth 

backbone.layers.5.5.se.conv2.conv.bias - torch.Size([1392]): 
PretrainedInit: load from https://download.openmmlab.com/mmclassification/v0/efficientnet/efficientnet-b3_3rdparty_8xb32-aa_in1k_20220119-5b4887a0.pth 

backbone.layers.5.5.linear_conv.conv.weight - torch.Size([232, 1392, 1, 1]): 
PretrainedInit: load from https://download.openmmlab.com/mmclassification/v0/efficientnet/efficientnet-b3_3rdparty_8xb32-aa_in1k_20220119-5b4887a0.pth 

backbone.layers.5.5.linear_conv.bn.weight - torch.Size([232]): 
PretrainedInit: load from https://download.openmmlab.com/mmclassification/v0/efficientnet/efficientnet-b3_3rdparty_8xb32-aa_in1k_20220119-5b4887a0.pth 

backbone.layers.5.5.linear_conv.bn.bias - torch.Size([232]): 
PretrainedInit: load from https://download.openmmlab.com/mmclassification/v0/efficientnet/efficientnet-b3_3rdparty_8xb32-aa_in1k_20220119-5b4887a0.pth 

backbone.layers.5.6.expand_conv.conv.weight - torch.Size([1392, 232, 1, 1]): 
PretrainedInit: load from https://download.openmmlab.com/mmclassification/v0/efficientnet/efficientnet-b3_3rdparty_8xb32-aa_in1k_20220119-5b4887a0.pth 

backbone.layers.5.6.expand_conv.bn.weight - torch.Size([1392]): 
PretrainedInit: load from https://download.openmmlab.com/mmclassification/v0/efficientnet/efficientnet-b3_3rdparty_8xb32-aa_in1k_20220119-5b4887a0.pth 

backbone.layers.5.6.expand_conv.bn.bias - torch.Size([1392]): 
PretrainedInit: load from https://download.openmmlab.com/mmclassification/v0/efficientnet/efficientnet-b3_3rdparty_8xb32-aa_in1k_20220119-5b4887a0.pth 

backbone.layers.5.6.depthwise_conv.conv.weight - torch.Size([1392, 1, 3, 3]): 
PretrainedInit: load from https://download.openmmlab.com/mmclassification/v0/efficientnet/efficientnet-b3_3rdparty_8xb32-aa_in1k_20220119-5b4887a0.pth 

backbone.layers.5.6.depthwise_conv.bn.weight - torch.Size([1392]): 
PretrainedInit: load from https://download.openmmlab.com/mmclassification/v0/efficientnet/efficientnet-b3_3rdparty_8xb32-aa_in1k_20220119-5b4887a0.pth 

backbone.layers.5.6.depthwise_conv.bn.bias - torch.Size([1392]): 
PretrainedInit: load from https://download.openmmlab.com/mmclassification/v0/efficientnet/efficientnet-b3_3rdparty_8xb32-aa_in1k_20220119-5b4887a0.pth 

backbone.layers.5.6.se.conv1.conv.weight - torch.Size([58, 1392, 1, 1]): 
PretrainedInit: load from https://download.openmmlab.com/mmclassification/v0/efficientnet/efficientnet-b3_3rdparty_8xb32-aa_in1k_20220119-5b4887a0.pth 

backbone.layers.5.6.se.conv1.conv.bias - torch.Size([58]): 
PretrainedInit: load from https://download.openmmlab.com/mmclassification/v0/efficientnet/efficientnet-b3_3rdparty_8xb32-aa_in1k_20220119-5b4887a0.pth 

backbone.layers.5.6.se.conv2.conv.weight - torch.Size([1392, 58, 1, 1]): 
PretrainedInit: load from https://download.openmmlab.com/mmclassification/v0/efficientnet/efficientnet-b3_3rdparty_8xb32-aa_in1k_20220119-5b4887a0.pth 

backbone.layers.5.6.se.conv2.conv.bias - torch.Size([1392]): 
PretrainedInit: load from https://download.openmmlab.com/mmclassification/v0/efficientnet/efficientnet-b3_3rdparty_8xb32-aa_in1k_20220119-5b4887a0.pth 

backbone.layers.5.6.linear_conv.conv.weight - torch.Size([384, 1392, 1, 1]): 
PretrainedInit: load from https://download.openmmlab.com/mmclassification/v0/efficientnet/efficientnet-b3_3rdparty_8xb32-aa_in1k_20220119-5b4887a0.pth 

backbone.layers.5.6.linear_conv.bn.weight - torch.Size([384]): 
PretrainedInit: load from https://download.openmmlab.com/mmclassification/v0/efficientnet/efficientnet-b3_3rdparty_8xb32-aa_in1k_20220119-5b4887a0.pth 

backbone.layers.5.6.linear_conv.bn.bias - torch.Size([384]): 
PretrainedInit: load from https://download.openmmlab.com/mmclassification/v0/efficientnet/efficientnet-b3_3rdparty_8xb32-aa_in1k_20220119-5b4887a0.pth 

backbone.layers.5.7.expand_conv.conv.weight - torch.Size([2304, 384, 1, 1]): 
PretrainedInit: load from https://download.openmmlab.com/mmclassification/v0/efficientnet/efficientnet-b3_3rdparty_8xb32-aa_in1k_20220119-5b4887a0.pth 

backbone.layers.5.7.expand_conv.bn.weight - torch.Size([2304]): 
PretrainedInit: load from https://download.openmmlab.com/mmclassification/v0/efficientnet/efficientnet-b3_3rdparty_8xb32-aa_in1k_20220119-5b4887a0.pth 

backbone.layers.5.7.expand_conv.bn.bias - torch.Size([2304]): 
PretrainedInit: load from https://download.openmmlab.com/mmclassification/v0/efficientnet/efficientnet-b3_3rdparty_8xb32-aa_in1k_20220119-5b4887a0.pth 

backbone.layers.5.7.depthwise_conv.conv.weight - torch.Size([2304, 1, 3, 3]): 
PretrainedInit: load from https://download.openmmlab.com/mmclassification/v0/efficientnet/efficientnet-b3_3rdparty_8xb32-aa_in1k_20220119-5b4887a0.pth 

backbone.layers.5.7.depthwise_conv.bn.weight - torch.Size([2304]): 
PretrainedInit: load from https://download.openmmlab.com/mmclassification/v0/efficientnet/efficientnet-b3_3rdparty_8xb32-aa_in1k_20220119-5b4887a0.pth 

backbone.layers.5.7.depthwise_conv.bn.bias - torch.Size([2304]): 
PretrainedInit: load from https://download.openmmlab.com/mmclassification/v0/efficientnet/efficientnet-b3_3rdparty_8xb32-aa_in1k_20220119-5b4887a0.pth 

backbone.layers.5.7.se.conv1.conv.weight - torch.Size([96, 2304, 1, 1]): 
PretrainedInit: load from https://download.openmmlab.com/mmclassification/v0/efficientnet/efficientnet-b3_3rdparty_8xb32-aa_in1k_20220119-5b4887a0.pth 

backbone.layers.5.7.se.conv1.conv.bias - torch.Size([96]): 
PretrainedInit: load from https://download.openmmlab.com/mmclassification/v0/efficientnet/efficientnet-b3_3rdparty_8xb32-aa_in1k_20220119-5b4887a0.pth 

backbone.layers.5.7.se.conv2.conv.weight - torch.Size([2304, 96, 1, 1]): 
PretrainedInit: load from https://download.openmmlab.com/mmclassification/v0/efficientnet/efficientnet-b3_3rdparty_8xb32-aa_in1k_20220119-5b4887a0.pth 

backbone.layers.5.7.se.conv2.conv.bias - torch.Size([2304]): 
PretrainedInit: load from https://download.openmmlab.com/mmclassification/v0/efficientnet/efficientnet-b3_3rdparty_8xb32-aa_in1k_20220119-5b4887a0.pth 

backbone.layers.5.7.linear_conv.conv.weight - torch.Size([384, 2304, 1, 1]): 
PretrainedInit: load from https://download.openmmlab.com/mmclassification/v0/efficientnet/efficientnet-b3_3rdparty_8xb32-aa_in1k_20220119-5b4887a0.pth 

backbone.layers.5.7.linear_conv.bn.weight - torch.Size([384]): 
PretrainedInit: load from https://download.openmmlab.com/mmclassification/v0/efficientnet/efficientnet-b3_3rdparty_8xb32-aa_in1k_20220119-5b4887a0.pth 

backbone.layers.5.7.linear_conv.bn.bias - torch.Size([384]): 
PretrainedInit: load from https://download.openmmlab.com/mmclassification/v0/efficientnet/efficientnet-b3_3rdparty_8xb32-aa_in1k_20220119-5b4887a0.pth 

backbone.layers.6.conv.weight - torch.Size([1536, 384, 1, 1]): 
PretrainedInit: load from https://download.openmmlab.com/mmclassification/v0/efficientnet/efficientnet-b3_3rdparty_8xb32-aa_in1k_20220119-5b4887a0.pth 

backbone.layers.6.bn.weight - torch.Size([1536]): 
PretrainedInit: load from https://download.openmmlab.com/mmclassification/v0/efficientnet/efficientnet-b3_3rdparty_8xb32-aa_in1k_20220119-5b4887a0.pth 

backbone.layers.6.bn.bias - torch.Size([1536]): 
PretrainedInit: load from https://download.openmmlab.com/mmclassification/v0/efficientnet/efficientnet-b3_3rdparty_8xb32-aa_in1k_20220119-5b4887a0.pth 

neck.lateral_convs.0.conv.weight - torch.Size([256, 48, 1, 1]): 
XavierInit: gain=1, distribution=uniform, bias=0 

neck.lateral_convs.0.conv.bias - torch.Size([256]): 
The value is the same before and after calling `init_weights` of EncoderDecoder  

neck.lateral_convs.1.conv.weight - torch.Size([256, 136, 1, 1]): 
XavierInit: gain=1, distribution=uniform, bias=0 

neck.lateral_convs.1.conv.bias - torch.Size([256]): 
The value is the same before and after calling `init_weights` of EncoderDecoder  

neck.lateral_convs.2.conv.weight - torch.Size([256, 384, 1, 1]): 
XavierInit: gain=1, distribution=uniform, bias=0 

neck.lateral_convs.2.conv.bias - torch.Size([256]): 
The value is the same before and after calling `init_weights` of EncoderDecoder  

neck.fpn_convs.0.conv.weight - torch.Size([256, 256, 3, 3]): 
XavierInit: gain=1, distribution=uniform, bias=0 

neck.fpn_convs.0.conv.bias - torch.Size([256]): 
The value is the same before and after calling `init_weights` of EncoderDecoder  

neck.fpn_convs.1.conv.weight - torch.Size([256, 256, 3, 3]): 
XavierInit: gain=1, distribution=uniform, bias=0 

neck.fpn_convs.1.conv.bias - torch.Size([256]): 
The value is the same before and after calling `init_weights` of EncoderDecoder  

neck.fpn_convs.2.conv.weight - torch.Size([256, 256, 3, 3]): 
XavierInit: gain=1, distribution=uniform, bias=0 

neck.fpn_convs.2.conv.bias - torch.Size([256]): 
The value is the same before and after calling `init_weights` of EncoderDecoder  

decode_head.conv_seg.weight - torch.Size([2, 128, 1, 1]): 
NormalInit: mean=0, std=0.01, bias=0 

decode_head.conv_seg.bias - torch.Size([2]): 
NormalInit: mean=0, std=0.01, bias=0 

decode_head.scale_heads.0.0.conv.weight - torch.Size([128, 256, 3, 3]): 
The value is the same before and after calling `init_weights` of EncoderDecoder  

decode_head.scale_heads.0.0.bn.weight - torch.Size([128]): 
The value is the same before and after calling `init_weights` of EncoderDecoder  

decode_head.scale_heads.0.0.bn.bias - torch.Size([128]): 
The value is the same before and after calling `init_weights` of EncoderDecoder  

decode_head.scale_heads.1.0.conv.weight - torch.Size([128, 256, 3, 3]): 
The value is the same before and after calling `init_weights` of EncoderDecoder  

decode_head.scale_heads.1.0.bn.weight - torch.Size([128]): 
The value is the same before and after calling `init_weights` of EncoderDecoder  

decode_head.scale_heads.1.0.bn.bias - torch.Size([128]): 
The value is the same before and after calling `init_weights` of EncoderDecoder  

decode_head.scale_heads.2.0.conv.weight - torch.Size([128, 256, 3, 3]): 
The value is the same before and after calling `init_weights` of EncoderDecoder  

decode_head.scale_heads.2.0.bn.weight - torch.Size([128]): 
The value is the same before and after calling `init_weights` of EncoderDecoder  

decode_head.scale_heads.2.0.bn.bias - torch.Size([128]): 
The value is the same before and after calling `init_weights` of EncoderDecoder  

decode_head.scale_heads.2.2.conv.weight - torch.Size([128, 128, 3, 3]): 
The value is the same before and after calling `init_weights` of EncoderDecoder  

decode_head.scale_heads.2.2.bn.weight - torch.Size([128]): 
The value is the same before and after calling `init_weights` of EncoderDecoder  

decode_head.scale_heads.2.2.bn.bias - torch.Size([128]): 
The value is the same before and after calling `init_weights` of EncoderDecoder  
2025/03/09 14:04:10 - mmengine - WARNING - "FileClient" will be deprecated in future. Please use io functions in https://mmengine.readthedocs.io/en/latest/api/fileio.html#file-io
2025/03/09 14:04:10 - mmengine - WARNING - "HardDiskBackend" is the alias of "LocalBackend" and the former will be deprecated in future.
2025/03/09 14:04:10 - mmengine - INFO - Checkpoints will be saved to G:\experiments\mmsegmentation\work_dirs\efficientefficient.
2025/03/09 14:04:32 - mmengine - INFO - Iter(train) [    50/160000]  lr: 9.9891e-03  eta: 19:32:53  time: 0.2481  data_time: 0.0074  memory: 15960  loss: 0.2275  decode.loss_ce: 0.2275  decode.acc_seg: 94.1573
2025/03/09 14:04:44 - mmengine - INFO - Iter(train) [   100/160000]  lr: 9.9779e-03  eta: 15:16:00  time: 0.2477  data_time: 0.0074  memory: 9163  loss: 0.0977  decode.loss_ce: 0.0977  decode.acc_seg: 96.6679
2025/03/09 14:04:57 - mmengine - INFO - Iter(train) [   150/160000]  lr: 9.9668e-03  eta: 13:50:28  time: 0.2484  data_time: 0.0074  memory: 9163  loss: 0.1031  decode.loss_ce: 0.1031  decode.acc_seg: 97.9783
2025/03/09 14:05:09 - mmengine - INFO - Iter(train) [   200/160000]  lr: 9.9557e-03  eta: 13:07:42  time: 0.2473  data_time: 0.0074  memory: 9163  loss: 0.1008  decode.loss_ce: 0.1008  decode.acc_seg: 90.5830
2025/03/09 14:05:22 - mmengine - INFO - Iter(train) [   250/160000]  lr: 9.9445e-03  eta: 12:42:45  time: 0.2506  data_time: 0.0074  memory: 9163  loss: 0.0882  decode.loss_ce: 0.0882  decode.acc_seg: 98.2046
2025/03/09 14:05:34 - mmengine - INFO - Iter(train) [   300/160000]  lr: 9.9334e-03  eta: 12:26:32  time: 0.2502  data_time: 0.0072  memory: 9163  loss: 0.1150  decode.loss_ce: 0.1150  decode.acc_seg: 99.1593
2025/03/09 14:05:47 - mmengine - INFO - Iter(train) [   350/160000]  lr: 9.9222e-03  eta: 12:15:29  time: 0.2500  data_time: 0.0074  memory: 9163  loss: 0.0658  decode.loss_ce: 0.0658  decode.acc_seg: 99.3451
2025/03/09 14:05:59 - mmengine - INFO - Iter(train) [   400/160000]  lr: 9.9111e-03  eta: 12:06:42  time: 0.2499  data_time: 0.0072  memory: 9163  loss: 0.0802  decode.loss_ce: 0.0802  decode.acc_seg: 98.7584
2025/03/09 14:06:12 - mmengine - INFO - Iter(train) [   450/160000]  lr: 9.8999e-03  eta: 11:59:57  time: 0.2503  data_time: 0.0074  memory: 9163  loss: 0.0631  decode.loss_ce: 0.0631  decode.acc_seg: 98.0831
2025/03/09 14:06:24 - mmengine - INFO - Iter(train) [   500/160000]  lr: 9.8888e-03  eta: 11:54:36  time: 0.2550  data_time: 0.0073  memory: 9163  loss: 0.0668  decode.loss_ce: 0.0668  decode.acc_seg: 97.8526
2025/03/09 14:06:37 - mmengine - INFO - Iter(train) [   550/160000]  lr: 9.8776e-03  eta: 11:50:26  time: 0.2529  data_time: 0.0075  memory: 9163  loss: 0.0631  decode.loss_ce: 0.0631  decode.acc_seg: 98.8978
2025/03/09 14:06:50 - mmengine - INFO - Iter(train) [   600/160000]  lr: 9.8665e-03  eta: 11:46:57  time: 0.2533  data_time: 0.0074  memory: 9163  loss: 0.1111  decode.loss_ce: 0.1111  decode.acc_seg: 99.1504
2025/03/09 14:07:02 - mmengine - INFO - Iter(train) [   650/160000]  lr: 9.8553e-03  eta: 11:43:53  time: 0.2498  data_time: 0.0076  memory: 9163  loss: 0.0457  decode.loss_ce: 0.0457  decode.acc_seg: 99.8319
2025/03/09 14:07:15 - mmengine - INFO - Iter(train) [   700/160000]  lr: 9.8442e-03  eta: 11:41:23  time: 0.2522  data_time: 0.0071  memory: 9163  loss: 0.0975  decode.loss_ce: 0.0975  decode.acc_seg: 99.7267
2025/03/09 14:07:28 - mmengine - INFO - Iter(train) [   750/160000]  lr: 9.8330e-03  eta: 11:39:24  time: 0.2541  data_time: 0.0076  memory: 9163  loss: 0.0498  decode.loss_ce: 0.0498  decode.acc_seg: 98.1326
2025/03/09 14:07:40 - mmengine - INFO - Iter(train) [   800/160000]  lr: 9.8218e-03  eta: 11:37:23  time: 0.2519  data_time: 0.0077  memory: 9163  loss: 0.0677  decode.loss_ce: 0.0677  decode.acc_seg: 97.3369
2025/03/09 14:07:53 - mmengine - INFO - Iter(train) [   850/160000]  lr: 9.8107e-03  eta: 11:35:48  time: 0.2530  data_time: 0.0071  memory: 9163  loss: 0.1241  decode.loss_ce: 0.1241  decode.acc_seg: 98.6979
2025/03/09 14:08:06 - mmengine - INFO - Iter(train) [   900/160000]  lr: 9.7995e-03  eta: 11:34:08  time: 0.2533  data_time: 0.0073  memory: 9163  loss: 0.0520  decode.loss_ce: 0.0520  decode.acc_seg: 97.4171
2025/03/09 14:08:18 - mmengine - INFO - Iter(train) [   950/160000]  lr: 9.7884e-03  eta: 11:32:42  time: 0.2514  data_time: 0.0075  memory: 9163  loss: 0.0744  decode.loss_ce: 0.0744  decode.acc_seg: 99.2897
2025/03/09 14:08:31 - mmengine - INFO - Exp name: efficient_20250309_140341
2025/03/09 14:08:31 - mmengine - INFO - Iter(train) [  1000/160000]  lr: 9.7772e-03  eta: 11:30:59  time: 0.2515  data_time: 0.0076  memory: 9163  loss: 0.1119  decode.loss_ce: 0.1119  decode.acc_seg: 95.2094
2025/03/09 14:08:43 - mmengine - INFO - Iter(train) [  1050/160000]  lr: 9.7660e-03  eta: 11:29:49  time: 0.2525  data_time: 0.0074  memory: 9163  loss: 0.0859  decode.loss_ce: 0.0859  decode.acc_seg: 96.7997
2025/03/09 14:08:56 - mmengine - INFO - Iter(train) [  1100/160000]  lr: 9.7549e-03  eta: 11:28:52  time: 0.2547  data_time: 0.0076  memory: 9163  loss: 0.0904  decode.loss_ce: 0.0904  decode.acc_seg: 97.7750
2025/03/09 14:09:09 - mmengine - INFO - Iter(train) [  1150/160000]  lr: 9.7437e-03  eta: 11:27:49  time: 0.2505  data_time: 0.0073  memory: 9163  loss: 0.1343  decode.loss_ce: 0.1343  decode.acc_seg: 97.1019
2025/03/09 14:09:21 - mmengine - INFO - Iter(train) [  1200/160000]  lr: 9.7325e-03  eta: 11:26:58  time: 0.2516  data_time: 0.0075  memory: 9163  loss: 0.0501  decode.loss_ce: 0.0501  decode.acc_seg: 96.5126
2025/03/09 14:09:34 - mmengine - INFO - Iter(train) [  1250/160000]  lr: 9.7213e-03  eta: 11:26:17  time: 0.2552  data_time: 0.0071  memory: 9163  loss: 0.0756  decode.loss_ce: 0.0756  decode.acc_seg: 98.5606
2025/03/09 14:09:47 - mmengine - INFO - Iter(train) [  1300/160000]  lr: 9.7102e-03  eta: 11:25:23  time: 0.2529  data_time: 0.0073  memory: 9163  loss: 0.0628  decode.loss_ce: 0.0628  decode.acc_seg: 99.4558
2025/03/09 14:10:00 - mmengine - INFO - Iter(train) [  1350/160000]  lr: 9.6990e-03  eta: 11:24:41  time: 0.2545  data_time: 0.0077  memory: 9163  loss: 0.0485  decode.loss_ce: 0.0485  decode.acc_seg: 99.4068
2025/03/09 14:10:12 - mmengine - INFO - Iter(train) [  1400/160000]  lr: 9.6878e-03  eta: 11:24:00  time: 0.2527  data_time: 0.0073  memory: 9163  loss: 0.0438  decode.loss_ce: 0.0438  decode.acc_seg: 98.8817
2025/03/09 14:10:25 - mmengine - INFO - Iter(train) [  1450/160000]  lr: 9.6766e-03  eta: 11:23:22  time: 0.2517  data_time: 0.0072  memory: 9163  loss: 0.0613  decode.loss_ce: 0.0613  decode.acc_seg: 98.0901
2025/03/09 14:10:38 - mmengine - INFO - Iter(train) [  1500/160000]  lr: 9.6655e-03  eta: 11:22:37  time: 0.2544  data_time: 0.0076  memory: 9163  loss: 0.0294  decode.loss_ce: 0.0294  decode.acc_seg: 99.0501
2025/03/09 14:10:50 - mmengine - INFO - Iter(train) [  1550/160000]  lr: 9.6543e-03  eta: 11:22:01  time: 0.2548  data_time: 0.0075  memory: 9163  loss: 0.0520  decode.loss_ce: 0.0520  decode.acc_seg: 97.5510
2025/03/09 14:11:03 - mmengine - INFO - Iter(train) [  1600/160000]  lr: 9.6431e-03  eta: 11:21:26  time: 0.2537  data_time: 0.0076  memory: 9163  loss: 0.0497  decode.loss_ce: 0.0497  decode.acc_seg: 95.6262
2025/03/09 14:11:16 - mmengine - INFO - Iter(train) [  1650/160000]  lr: 9.6319e-03  eta: 11:20:55  time: 0.2527  data_time: 0.0073  memory: 9163  loss: 0.0631  decode.loss_ce: 0.0631  decode.acc_seg: 98.9633
2025/03/09 14:11:28 - mmengine - INFO - Iter(train) [  1700/160000]  lr: 9.6207e-03  eta: 11:20:23  time: 0.2545  data_time: 0.0080  memory: 9163  loss: 0.0655  decode.loss_ce: 0.0655  decode.acc_seg: 95.7294
2025/03/09 14:11:41 - mmengine - INFO - Iter(train) [  1750/160000]  lr: 9.6095e-03  eta: 11:19:55  time: 0.2538  data_time: 0.0075  memory: 9163  loss: 0.0623  decode.loss_ce: 0.0623  decode.acc_seg: 98.7691
2025/03/09 14:11:54 - mmengine - INFO - Iter(train) [  1800/160000]  lr: 9.5983e-03  eta: 11:19:26  time: 0.2533  data_time: 0.0077  memory: 9163  loss: 0.0633  decode.loss_ce: 0.0633  decode.acc_seg: 98.7950
2025/03/09 14:12:07 - mmengine - INFO - Iter(train) [  1850/160000]  lr: 9.5872e-03  eta: 11:18:58  time: 0.2550  data_time: 0.0075  memory: 9163  loss: 0.0573  decode.loss_ce: 0.0573  decode.acc_seg: 97.8158
2025/03/09 14:12:19 - mmengine - INFO - Iter(train) [  1900/160000]  lr: 9.5760e-03  eta: 11:18:27  time: 0.2515  data_time: 0.0074  memory: 9163  loss: 0.0409  decode.loss_ce: 0.0409  decode.acc_seg: 97.2908
2025/03/09 14:12:32 - mmengine - INFO - Iter(train) [  1950/160000]  lr: 9.5648e-03  eta: 11:18:02  time: 0.2565  data_time: 0.0079  memory: 9163  loss: 0.0730  decode.loss_ce: 0.0730  decode.acc_seg: 93.9095
2025/03/09 14:12:45 - mmengine - INFO - Exp name: efficient_20250309_140341
2025/03/09 14:12:45 - mmengine - INFO - Iter(train) [  2000/160000]  lr: 9.5536e-03  eta: 11:17:35  time: 0.2549  data_time: 0.0072  memory: 9163  loss: 0.0574  decode.loss_ce: 0.0574  decode.acc_seg: 96.3137
2025/03/09 14:12:57 - mmengine - INFO - Iter(train) [  2050/160000]  lr: 9.5424e-03  eta: 11:17:08  time: 0.2550  data_time: 0.0075  memory: 9163  loss: 0.0424  decode.loss_ce: 0.0424  decode.acc_seg: 97.7524
2025/03/09 14:13:10 - mmengine - INFO - Iter(train) [  2100/160000]  lr: 9.5312e-03  eta: 11:16:39  time: 0.2506  data_time: 0.0074  memory: 9163  loss: 0.0572  decode.loss_ce: 0.0572  decode.acc_seg: 99.2321
2025/03/09 14:13:23 - mmengine - INFO - Iter(train) [  2150/160000]  lr: 9.5200e-03  eta: 11:16:11  time: 0.2521  data_time: 0.0078  memory: 9163  loss: 0.0406  decode.loss_ce: 0.0406  decode.acc_seg: 95.2428
2025/03/09 14:13:35 - mmengine - INFO - Iter(train) [  2200/160000]  lr: 9.5088e-03  eta: 11:15:46  time: 0.2548  data_time: 0.0076  memory: 9163  loss: 0.0720  decode.loss_ce: 0.0720  decode.acc_seg: 98.6002
2025/03/09 14:13:48 - mmengine - INFO - Iter(train) [  2250/160000]  lr: 9.4976e-03  eta: 11:15:20  time: 0.2519  data_time: 0.0074  memory: 9163  loss: 0.0603  decode.loss_ce: 0.0603  decode.acc_seg: 98.3864
2025/03/09 14:14:01 - mmengine - INFO - Iter(train) [  2300/160000]  lr: 9.4864e-03  eta: 11:15:01  time: 0.2549  data_time: 0.0072  memory: 9163  loss: 0.0503  decode.loss_ce: 0.0503  decode.acc_seg: 99.9129
2025/03/09 14:14:13 - mmengine - INFO - Iter(train) [  2350/160000]  lr: 9.4752e-03  eta: 11:14:35  time: 0.2546  data_time: 0.0071  memory: 9163  loss: 0.1066  decode.loss_ce: 0.1066  decode.acc_seg: 98.8835
2025/03/09 14:14:26 - mmengine - INFO - Iter(train) [  2400/160000]  lr: 9.4640e-03  eta: 11:14:17  time: 0.2554  data_time: 0.0075  memory: 9163  loss: 0.0497  decode.loss_ce: 0.0497  decode.acc_seg: 97.7893
2025/03/09 14:14:39 - mmengine - INFO - Iter(train) [  2450/160000]  lr: 9.4528e-03  eta: 11:13:57  time: 0.2554  data_time: 0.0076  memory: 9163  loss: 0.0629  decode.loss_ce: 0.0629  decode.acc_seg: 96.6715
2025/03/09 14:14:52 - mmengine - INFO - Iter(train) [  2500/160000]  lr: 9.4416e-03  eta: 11:13:36  time: 0.2549  data_time: 0.0072  memory: 9163  loss: 0.0370  decode.loss_ce: 0.0370  decode.acc_seg: 98.8812
2025/03/09 14:15:04 - mmengine - INFO - Iter(train) [  2550/160000]  lr: 9.4303e-03  eta: 11:13:13  time: 0.2511  data_time: 0.0070  memory: 9163  loss: 0.0765  decode.loss_ce: 0.0765  decode.acc_seg: 94.2409
2025/03/09 14:15:17 - mmengine - INFO - Iter(train) [  2600/160000]  lr: 9.4191e-03  eta: 11:12:54  time: 0.2550  data_time: 0.0072  memory: 9163  loss: 0.0711  decode.loss_ce: 0.0711  decode.acc_seg: 99.5762
2025/03/09 14:15:30 - mmengine - INFO - Iter(train) [  2650/160000]  lr: 9.4079e-03  eta: 11:12:33  time: 0.2549  data_time: 0.0074  memory: 9163  loss: 0.0477  decode.loss_ce: 0.0477  decode.acc_seg: 98.8451
2025/03/09 14:15:42 - mmengine - INFO - Iter(train) [  2700/160000]  lr: 9.3967e-03  eta: 11:12:10  time: 0.2530  data_time: 0.0075  memory: 9163  loss: 0.0617  decode.loss_ce: 0.0617  decode.acc_seg: 99.0684
2025/03/09 14:15:55 - mmengine - INFO - Iter(train) [  2750/160000]  lr: 9.3855e-03  eta: 11:11:50  time: 0.2519  data_time: 0.0076  memory: 9163  loss: 0.0296  decode.loss_ce: 0.0296  decode.acc_seg: 99.5713
2025/03/09 14:16:08 - mmengine - INFO - Iter(train) [  2800/160000]  lr: 9.3743e-03  eta: 11:11:35  time: 0.2568  data_time: 0.0080  memory: 9163  loss: 0.0514  decode.loss_ce: 0.0514  decode.acc_seg: 99.9697
2025/03/09 14:16:20 - mmengine - INFO - Iter(train) [  2850/160000]  lr: 9.3630e-03  eta: 11:11:15  time: 0.2511  data_time: 0.0075  memory: 9163  loss: 0.0757  decode.loss_ce: 0.0757  decode.acc_seg: 96.2313
2025/03/09 14:16:33 - mmengine - INFO - Iter(train) [  2900/160000]  lr: 9.3518e-03  eta: 11:10:54  time: 0.2516  data_time: 0.0074  memory: 9163  loss: 0.0498  decode.loss_ce: 0.0498  decode.acc_seg: 99.2627
2025/03/09 14:16:46 - mmengine - INFO - Iter(train) [  2950/160000]  lr: 9.3406e-03  eta: 11:10:39  time: 0.2531  data_time: 0.0075  memory: 9163  loss: 0.0684  decode.loss_ce: 0.0684  decode.acc_seg: 98.4711
2025/03/09 14:16:59 - mmengine - INFO - Exp name: efficient_20250309_140341
2025/03/09 14:16:59 - mmengine - INFO - Iter(train) [  3000/160000]  lr: 9.3294e-03  eta: 11:10:21  time: 0.2552  data_time: 0.0083  memory: 9163  loss: 0.0633  decode.loss_ce: 0.0633  decode.acc_seg: 97.3025
2025/03/09 14:17:11 - mmengine - INFO - Iter(train) [  3050/160000]  lr: 9.3182e-03  eta: 11:10:02  time: 0.2545  data_time: 0.0073  memory: 9163  loss: 0.0447  decode.loss_ce: 0.0447  decode.acc_seg: 98.6512
2025/03/09 14:17:24 - mmengine - INFO - Iter(train) [  3100/160000]  lr: 9.3069e-03  eta: 11:09:43  time: 0.2520  data_time: 0.0075  memory: 9163  loss: 0.0998  decode.loss_ce: 0.0998  decode.acc_seg: 96.4471
2025/03/09 14:17:37 - mmengine - INFO - Iter(train) [  3150/160000]  lr: 9.2957e-03  eta: 11:09:26  time: 0.2551  data_time: 0.0076  memory: 9163  loss: 0.0749  decode.loss_ce: 0.0749  decode.acc_seg: 98.9766
2025/03/09 14:17:49 - mmengine - INFO - Iter(train) [  3200/160000]  lr: 9.2845e-03  eta: 11:09:04  time: 0.2514  data_time: 0.0079  memory: 9163  loss: 0.0435  decode.loss_ce: 0.0435  decode.acc_seg: 99.2020
2025/03/09 14:18:02 - mmengine - INFO - Iter(train) [  3250/160000]  lr: 9.2732e-03  eta: 11:08:45  time: 0.2518  data_time: 0.0071  memory: 9163  loss: 0.0507  decode.loss_ce: 0.0507  decode.acc_seg: 99.2250
2025/03/09 14:18:15 - mmengine - INFO - Iter(train) [  3300/160000]  lr: 9.2620e-03  eta: 11:08:25  time: 0.2534  data_time: 0.0074  memory: 9163  loss: 0.0591  decode.loss_ce: 0.0591  decode.acc_seg: 98.5955
2025/03/09 14:18:27 - mmengine - INFO - Iter(train) [  3350/160000]  lr: 9.2508e-03  eta: 11:08:04  time: 0.2506  data_time: 0.0071  memory: 9163  loss: 0.0543  decode.loss_ce: 0.0543  decode.acc_seg: 97.4983
2025/03/09 14:18:40 - mmengine - INFO - Iter(train) [  3400/160000]  lr: 9.2395e-03  eta: 11:07:49  time: 0.2539  data_time: 0.0075  memory: 9163  loss: 0.0591  decode.loss_ce: 0.0591  decode.acc_seg: 98.4326
2025/03/09 14:18:40 - mmengine - INFO - Saving checkpoint at 3400 iterations
2025/03/09 14:18:54 - mmengine - INFO - Iter(train) [  3450/160000]  lr: 9.2283e-03  eta: 11:08:32  time: 0.2520  data_time: 0.0078  memory: 9163  loss: 0.0281  decode.loss_ce: 0.0281  decode.acc_seg: 98.9640
2025/03/09 14:19:07 - mmengine - INFO - Iter(train) [  3500/160000]  lr: 9.2171e-03  eta: 11:08:22  time: 0.2628  data_time: 0.0088  memory: 9163  loss: 0.0627  decode.loss_ce: 0.0627  decode.acc_seg: 99.4977
2025/03/09 14:20:12 - mmengine - INFO - Iter(val) [ 50/869]    eta: 0:05:09  time: 0.0557  data_time: 0.0025  memory: 8583  
2025/03/09 14:20:15 - mmengine - INFO - Iter(val) [100/869]    eta: 0:02:48  time: 0.0607  data_time: 0.0030  memory: 636  
2025/03/09 14:20:18 - mmengine - INFO - Iter(val) [150/869]    eta: 0:01:58  time: 0.0565  data_time: 0.0025  memory: 636  
2025/03/09 14:20:20 - mmengine - INFO - Iter(val) [200/869]    eta: 0:01:32  time: 0.0563  data_time: 0.0028  memory: 636  
2025/03/09 14:20:23 - mmengine - INFO - Iter(val) [250/869]    eta: 0:01:15  time: 0.0562  data_time: 0.0028  memory: 636  
2025/03/09 14:20:26 - mmengine - INFO - Iter(val) [300/869]    eta: 0:01:03  time: 0.0557  data_time: 0.0026  memory: 636  
2025/03/09 14:20:29 - mmengine - INFO - Iter(val) [350/869]    eta: 0:00:53  time: 0.0566  data_time: 0.0028  memory: 636  
2025/03/09 14:20:32 - mmengine - INFO - Iter(val) [400/869]    eta: 0:00:45  time: 0.0567  data_time: 0.0025  memory: 636  
2025/03/09 14:20:35 - mmengine - INFO - Iter(val) [450/869]    eta: 0:00:39  time: 0.0553  data_time: 0.0023  memory: 636  
2025/03/09 14:20:38 - mmengine - INFO - Iter(val) [500/869]    eta: 0:00:32  time: 0.0554  data_time: 0.0028  memory: 636  
2025/03/09 14:20:41 - mmengine - INFO - Iter(val) [550/869]    eta: 0:00:27  time: 0.0609  data_time: 0.0025  memory: 636  
2025/03/09 14:20:44 - mmengine - INFO - Iter(val) [600/869]    eta: 0:00:22  time: 0.0609  data_time: 0.0024  memory: 636  
2025/03/09 14:20:46 - mmengine - INFO - Iter(val) [650/869]    eta: 0:00:18  time: 0.0557  data_time: 0.0027  memory: 636  
2025/03/09 14:20:49 - mmengine - INFO - Iter(val) [700/869]    eta: 0:00:13  time: 0.0565  data_time: 0.0025  memory: 636  
2025/03/09 14:20:52 - mmengine - INFO - Iter(val) [750/869]    eta: 0:00:09  time: 0.0578  data_time: 0.0022  memory: 636  
2025/03/09 14:20:55 - mmengine - INFO - Iter(val) [800/869]    eta: 0:00:05  time: 0.0607  data_time: 0.0025  memory: 636  
2025/03/09 14:20:58 - mmengine - INFO - Iter(val) [850/869]    eta: 0:00:01  time: 0.0600  data_time: 0.0023  memory: 636  
2025/03/09 14:20:59 - mmengine - INFO - per class results:
2025/03/09 14:20:59 - mmengine - INFO - 
+------------+-------+-------+--------+-----------+--------+
|   Class    |  IoU  |  Acc  | Fscore | Precision | Recall |
+------------+-------+-------+--------+-----------+--------+
| background |  96.5 | 97.05 | 98.22  |   99.42   | 97.05  |
|    ghaf    | 51.23 | 86.73 | 67.75  |   55.59   | 86.73  |
+------------+-------+-------+--------+-----------+--------+
2025/03/09 14:20:59 - mmengine - INFO - Iter(val) [869/869]    aAcc: 96.6300  mIoU: 73.8700  mAcc: 91.8900  mFscore: 82.9800  mPrecision: 77.5000  mRecall: 91.8900  data_time: 0.0186  time: 0.0765
2025/03/09 14:21:00 - mmengine - INFO - Exp name: efficient_20250309_140341
2025/03/09 14:21:12 - mmengine - INFO - Iter(train) [  3550/160000]  lr: 9.2058e-03  eta: 11:08:02  time: 0.2520  data_time: 0.0071  memory: 9163  loss: 0.0510  decode.loss_ce: 0.0510  decode.acc_seg: 99.1982
2025/03/09 14:21:25 - mmengine - INFO - Iter(train) [  3600/160000]  lr: 9.1946e-03  eta: 11:07:44  time: 0.2528  data_time: 0.0072  memory: 9163  loss: 0.0571  decode.loss_ce: 0.0571  decode.acc_seg: 97.4732
2025/03/09 14:21:37 - mmengine - INFO - Iter(train) [  3650/160000]  lr: 9.1833e-03  eta: 11:07:26  time: 0.2554  data_time: 0.0074  memory: 9163  loss: 0.0623  decode.loss_ce: 0.0623  decode.acc_seg: 95.8224
2025/03/09 14:21:50 - mmengine - INFO - Iter(train) [  3700/160000]  lr: 9.1721e-03  eta: 11:07:08  time: 0.2518  data_time: 0.0073  memory: 9163  loss: 0.0317  decode.loss_ce: 0.0317  decode.acc_seg: 100.0000
2025/03/09 14:22:03 - mmengine - INFO - Iter(train) [  3750/160000]  lr: 9.1608e-03  eta: 11:06:52  time: 0.2534  data_time: 0.0074  memory: 9163  loss: 0.0378  decode.loss_ce: 0.0378  decode.acc_seg: 99.4639
2025/03/09 14:22:15 - mmengine - INFO - Iter(train) [  3800/160000]  lr: 9.1496e-03  eta: 11:06:33  time: 0.2511  data_time: 0.0072  memory: 9163  loss: 0.0601  decode.loss_ce: 0.0601  decode.acc_seg: 96.9926
2025/03/09 14:22:28 - mmengine - INFO - Iter(train) [  3850/160000]  lr: 9.1383e-03  eta: 11:06:14  time: 0.2584  data_time: 0.0077  memory: 9163  loss: 0.0632  decode.loss_ce: 0.0632  decode.acc_seg: 92.0087
2025/03/09 14:22:41 - mmengine - INFO - Iter(train) [  3900/160000]  lr: 9.1271e-03  eta: 11:05:58  time: 0.2533  data_time: 0.0073  memory: 9163  loss: 0.0549  decode.loss_ce: 0.0549  decode.acc_seg: 98.8624
2025/03/09 14:22:53 - mmengine - INFO - Iter(train) [  3950/160000]  lr: 9.1158e-03  eta: 11:05:41  time: 0.2542  data_time: 0.0078  memory: 9163  loss: 0.0849  decode.loss_ce: 0.0849  decode.acc_seg: 87.3916
2025/03/09 14:23:06 - mmengine - INFO - Exp name: efficient_20250309_140341
2025/03/09 14:23:06 - mmengine - INFO - Iter(train) [  4000/160000]  lr: 9.1046e-03  eta: 11:05:24  time: 0.2530  data_time: 0.0073  memory: 9163  loss: 0.0348  decode.loss_ce: 0.0348  decode.acc_seg: 99.3425
2025/03/09 14:23:19 - mmengine - INFO - Iter(train) [  4050/160000]  lr: 9.0933e-03  eta: 11:05:08  time: 0.2551  data_time: 0.0073  memory: 9163  loss: 0.3983  decode.loss_ce: 0.3983  decode.acc_seg: 93.2442
2025/03/09 14:23:32 - mmengine - INFO - Iter(train) [  4100/160000]  lr: 9.0821e-03  eta: 11:04:50  time: 0.2546  data_time: 0.0071  memory: 9163  loss: 0.0511  decode.loss_ce: 0.0511  decode.acc_seg: 97.3032
2025/03/09 14:23:44 - mmengine - INFO - Iter(train) [  4150/160000]  lr: 9.0708e-03  eta: 11:04:34  time: 0.2544  data_time: 0.0081  memory: 9163  loss: 0.0655  decode.loss_ce: 0.0655  decode.acc_seg: 99.2342
2025/03/09 14:23:57 - mmengine - INFO - Iter(train) [  4200/160000]  lr: 9.0595e-03  eta: 11:04:17  time: 0.2521  data_time: 0.0071  memory: 9163  loss: 0.0657  decode.loss_ce: 0.0657  decode.acc_seg: 97.6777
2025/03/09 14:24:10 - mmengine - INFO - Iter(train) [  4250/160000]  lr: 9.0483e-03  eta: 11:04:02  time: 0.2518  data_time: 0.0074  memory: 9163  loss: 0.0435  decode.loss_ce: 0.0435  decode.acc_seg: 99.3142
2025/03/09 14:24:22 - mmengine - INFO - Iter(train) [  4300/160000]  lr: 9.0370e-03  eta: 11:03:46  time: 0.2534  data_time: 0.0071  memory: 9163  loss: 0.0482  decode.loss_ce: 0.0482  decode.acc_seg: 99.8836
2025/03/09 14:24:35 - mmengine - INFO - Iter(train) [  4350/160000]  lr: 9.0257e-03  eta: 11:03:28  time: 0.2540  data_time: 0.0073  memory: 9163  loss: 0.0341  decode.loss_ce: 0.0341  decode.acc_seg: 99.1134
2025/03/09 14:24:48 - mmengine - INFO - Iter(train) [  4400/160000]  lr: 9.0145e-03  eta: 11:03:13  time: 0.2549  data_time: 0.0078  memory: 9163  loss: 0.0925  decode.loss_ce: 0.0925  decode.acc_seg: 97.6505
2025/03/09 14:25:00 - mmengine - INFO - Iter(train) [  4450/160000]  lr: 9.0032e-03  eta: 11:02:59  time: 0.2553  data_time: 0.0073  memory: 9163  loss: 0.0597  decode.loss_ce: 0.0597  decode.acc_seg: 98.7978
2025/03/09 14:25:13 - mmengine - INFO - Iter(train) [  4500/160000]  lr: 8.9919e-03  eta: 11:02:43  time: 0.2526  data_time: 0.0073  memory: 9163  loss: 0.0551  decode.loss_ce: 0.0551  decode.acc_seg: 98.2161
2025/03/09 14:25:26 - mmengine - INFO - Iter(train) [  4550/160000]  lr: 8.9807e-03  eta: 11:02:27  time: 0.2492  data_time: 0.0069  memory: 9163  loss: 0.0421  decode.loss_ce: 0.0421  decode.acc_seg: 99.9552
2025/03/09 14:25:39 - mmengine - INFO - Iter(train) [  4600/160000]  lr: 8.9694e-03  eta: 11:02:12  time: 0.2550  data_time: 0.0076  memory: 9163  loss: 0.0527  decode.loss_ce: 0.0527  decode.acc_seg: 99.3715
2025/03/09 14:25:51 - mmengine - INFO - Iter(train) [  4650/160000]  lr: 8.9581e-03  eta: 11:01:57  time: 0.2558  data_time: 0.0082  memory: 9163  loss: 0.0603  decode.loss_ce: 0.0603  decode.acc_seg: 99.0294
2025/03/09 14:26:04 - mmengine - INFO - Iter(train) [  4700/160000]  lr: 8.9468e-03  eta: 11:01:42  time: 0.2528  data_time: 0.0070  memory: 9163  loss: 0.0431  decode.loss_ce: 0.0431  decode.acc_seg: 98.8784
2025/03/09 14:26:17 - mmengine - INFO - Iter(train) [  4750/160000]  lr: 8.9356e-03  eta: 11:01:26  time: 0.2552  data_time: 0.0076  memory: 9163  loss: 0.0398  decode.loss_ce: 0.0398  decode.acc_seg: 98.1911
2025/03/09 14:26:29 - mmengine - INFO - Iter(train) [  4800/160000]  lr: 8.9243e-03  eta: 11:01:11  time: 0.2520  data_time: 0.0086  memory: 9163  loss: 0.0462  decode.loss_ce: 0.0462  decode.acc_seg: 97.3001
2025/03/09 14:26:42 - mmengine - INFO - Iter(train) [  4850/160000]  lr: 8.9130e-03  eta: 11:00:56  time: 0.2536  data_time: 0.0074  memory: 9163  loss: 0.0529  decode.loss_ce: 0.0529  decode.acc_seg: 96.5822
2025/03/09 14:26:55 - mmengine - INFO - Iter(train) [  4900/160000]  lr: 8.9017e-03  eta: 11:00:40  time: 0.2521  data_time: 0.0073  memory: 9163  loss: 0.0900  decode.loss_ce: 0.0900  decode.acc_seg: 98.5273
2025/03/09 14:27:08 - mmengine - INFO - Iter(train) [  4950/160000]  lr: 8.8904e-03  eta: 11:00:26  time: 0.2548  data_time: 0.0072  memory: 9163  loss: 0.0887  decode.loss_ce: 0.0887  decode.acc_seg: 92.9349
2025/03/09 14:27:20 - mmengine - INFO - Exp name: efficient_20250309_140341
2025/03/09 14:27:20 - mmengine - INFO - Iter(train) [  5000/160000]  lr: 8.8791e-03  eta: 11:00:11  time: 0.2535  data_time: 0.0074  memory: 9163  loss: 0.0427  decode.loss_ce: 0.0427  decode.acc_seg: 98.7805
2025/03/09 14:27:33 - mmengine - INFO - Iter(train) [  5050/160000]  lr: 8.8679e-03  eta: 10:59:56  time: 0.2542  data_time: 0.0077  memory: 9163  loss: 0.0460  decode.loss_ce: 0.0460  decode.acc_seg: 99.5884
2025/03/09 14:27:46 - mmengine - INFO - Iter(train) [  5100/160000]  lr: 8.8566e-03  eta: 10:59:42  time: 0.2551  data_time: 0.0075  memory: 9163  loss: 0.0560  decode.loss_ce: 0.0560  decode.acc_seg: 99.9067
2025/03/09 14:27:58 - mmengine - INFO - Iter(train) [  5150/160000]  lr: 8.8453e-03  eta: 10:59:27  time: 0.2536  data_time: 0.0078  memory: 9163  loss: 0.0579  decode.loss_ce: 0.0579  decode.acc_seg: 90.6207
2025/03/09 14:28:11 - mmengine - INFO - Iter(train) [  5200/160000]  lr: 8.8340e-03  eta: 10:59:13  time: 0.2535  data_time: 0.0074  memory: 9163  loss: 0.0474  decode.loss_ce: 0.0474  decode.acc_seg: 98.5259
2025/03/09 14:28:24 - mmengine - INFO - Iter(train) [  5250/160000]  lr: 8.8227e-03  eta: 10:58:58  time: 0.2547  data_time: 0.0073  memory: 9163  loss: 0.0352  decode.loss_ce: 0.0352  decode.acc_seg: 97.9763
2025/03/09 14:28:37 - mmengine - INFO - Iter(train) [  5300/160000]  lr: 8.8114e-03  eta: 10:58:44  time: 0.2549  data_time: 0.0073  memory: 9163  loss: 0.0495  decode.loss_ce: 0.0495  decode.acc_seg: 98.8596
2025/03/09 14:28:49 - mmengine - INFO - Iter(train) [  5350/160000]  lr: 8.8001e-03  eta: 10:58:28  time: 0.2535  data_time: 0.0075  memory: 9163  loss: 0.0332  decode.loss_ce: 0.0332  decode.acc_seg: 98.7578
2025/03/09 14:29:02 - mmengine - INFO - Iter(train) [  5400/160000]  lr: 8.7888e-03  eta: 10:58:13  time: 0.2520  data_time: 0.0075  memory: 9163  loss: 0.0380  decode.loss_ce: 0.0380  decode.acc_seg: 98.4598
2025/03/09 14:29:15 - mmengine - INFO - Iter(train) [  5450/160000]  lr: 8.7775e-03  eta: 10:57:58  time: 0.2518  data_time: 0.0074  memory: 9163  loss: 0.0450  decode.loss_ce: 0.0450  decode.acc_seg: 97.3559
2025/03/09 14:29:27 - mmengine - INFO - Iter(train) [  5500/160000]  lr: 8.7662e-03  eta: 10:57:44  time: 0.2550  data_time: 0.0071  memory: 9163  loss: 0.0477  decode.loss_ce: 0.0477  decode.acc_seg: 96.8029
2025/03/09 14:29:40 - mmengine - INFO - Iter(train) [  5550/160000]  lr: 8.7549e-03  eta: 10:57:30  time: 0.2538  data_time: 0.0076  memory: 9163  loss: 0.0331  decode.loss_ce: 0.0331  decode.acc_seg: 99.5705
2025/03/09 14:29:53 - mmengine - INFO - Iter(train) [  5600/160000]  lr: 8.7436e-03  eta: 10:57:15  time: 0.2547  data_time: 0.0073  memory: 9163  loss: 0.0341  decode.loss_ce: 0.0341  decode.acc_seg: 99.4194
2025/03/09 14:30:06 - mmengine - INFO - Iter(train) [  5650/160000]  lr: 8.7323e-03  eta: 10:57:01  time: 0.2553  data_time: 0.0072  memory: 9163  loss: 0.0562  decode.loss_ce: 0.0562  decode.acc_seg: 98.6434
2025/03/09 14:30:18 - mmengine - INFO - Iter(train) [  5700/160000]  lr: 8.7210e-03  eta: 10:56:47  time: 0.2536  data_time: 0.0073  memory: 9163  loss: 0.0416  decode.loss_ce: 0.0416  decode.acc_seg: 97.2425
2025/03/09 14:30:31 - mmengine - INFO - Iter(train) [  5750/160000]  lr: 8.7096e-03  eta: 10:56:32  time: 0.2513  data_time: 0.0074  memory: 9163  loss: 0.0793  decode.loss_ce: 0.0793  decode.acc_seg: 97.7081
2025/03/09 14:30:44 - mmengine - INFO - Iter(train) [  5800/160000]  lr: 8.6983e-03  eta: 10:56:18  time: 0.2512  data_time: 0.0074  memory: 9163  loss: 0.0306  decode.loss_ce: 0.0306  decode.acc_seg: 99.3995
2025/03/09 14:30:56 - mmengine - INFO - Iter(train) [  5850/160000]  lr: 8.6870e-03  eta: 10:56:04  time: 0.2553  data_time: 0.0074  memory: 9163  loss: 0.0392  decode.loss_ce: 0.0392  decode.acc_seg: 98.1290
2025/03/09 14:31:09 - mmengine - INFO - Iter(train) [  5900/160000]  lr: 8.6757e-03  eta: 10:55:48  time: 0.2551  data_time: 0.0074  memory: 9163  loss: 0.0440  decode.loss_ce: 0.0440  decode.acc_seg: 97.8174
2025/03/09 14:31:22 - mmengine - INFO - Iter(train) [  5950/160000]  lr: 8.6644e-03  eta: 10:55:33  time: 0.2526  data_time: 0.0080  memory: 9163  loss: 0.0586  decode.loss_ce: 0.0586  decode.acc_seg: 99.6954
2025/03/09 14:31:34 - mmengine - INFO - Exp name: efficient_20250309_140341
2025/03/09 14:31:34 - mmengine - INFO - Iter(train) [  6000/160000]  lr: 8.6531e-03  eta: 10:55:18  time: 0.2532  data_time: 0.0083  memory: 9163  loss: 0.0220  decode.loss_ce: 0.0220  decode.acc_seg: 99.4926
2025/03/09 14:31:47 - mmengine - INFO - Iter(train) [  6050/160000]  lr: 8.6417e-03  eta: 10:55:02  time: 0.2540  data_time: 0.0081  memory: 9163  loss: 0.0640  decode.loss_ce: 0.0640  decode.acc_seg: 97.4553
2025/03/09 14:32:00 - mmengine - INFO - Iter(train) [  6100/160000]  lr: 8.6304e-03  eta: 10:54:48  time: 0.2523  data_time: 0.0086  memory: 9163  loss: 0.0428  decode.loss_ce: 0.0428  decode.acc_seg: 92.5601
2025/03/09 14:32:12 - mmengine - INFO - Iter(train) [  6150/160000]  lr: 8.6191e-03  eta: 10:54:32  time: 0.2529  data_time: 0.0085  memory: 9163  loss: 0.0728  decode.loss_ce: 0.0728  decode.acc_seg: 97.5852
2025/03/09 14:32:25 - mmengine - INFO - Iter(train) [  6200/160000]  lr: 8.6078e-03  eta: 10:54:15  time: 0.2505  data_time: 0.0081  memory: 9163  loss: 0.0391  decode.loss_ce: 0.0391  decode.acc_seg: 98.7024
2025/03/09 14:32:38 - mmengine - INFO - Iter(train) [  6250/160000]  lr: 8.5964e-03  eta: 10:54:01  time: 0.2524  data_time: 0.0086  memory: 9163  loss: 0.0696  decode.loss_ce: 0.0696  decode.acc_seg: 96.2090
2025/03/09 14:32:50 - mmengine - INFO - Iter(train) [  6300/160000]  lr: 8.5851e-03  eta: 10:53:47  time: 0.2535  data_time: 0.0079  memory: 9163  loss: 0.0544  decode.loss_ce: 0.0544  decode.acc_seg: 98.4078
2025/03/09 14:33:03 - mmengine - INFO - Iter(train) [  6350/160000]  lr: 8.5738e-03  eta: 10:53:35  time: 0.2549  data_time: 0.0078  memory: 9163  loss: 0.0705  decode.loss_ce: 0.0705  decode.acc_seg: 96.0232
2025/03/09 14:33:16 - mmengine - INFO - Iter(train) [  6400/160000]  lr: 8.5625e-03  eta: 10:53:21  time: 0.2550  data_time: 0.0074  memory: 9163  loss: 0.0496  decode.loss_ce: 0.0496  decode.acc_seg: 98.3641
2025/03/09 14:33:29 - mmengine - INFO - Iter(train) [  6450/160000]  lr: 8.5511e-03  eta: 10:53:08  time: 0.2552  data_time: 0.0076  memory: 9163  loss: 0.0567  decode.loss_ce: 0.0567  decode.acc_seg: 99.3270
2025/03/09 14:33:41 - mmengine - INFO - Iter(train) [  6500/160000]  lr: 8.5398e-03  eta: 10:52:54  time: 0.2533  data_time: 0.0077  memory: 9163  loss: 0.0759  decode.loss_ce: 0.0759  decode.acc_seg: 98.5182
2025/03/09 14:33:54 - mmengine - INFO - Iter(train) [  6550/160000]  lr: 8.5284e-03  eta: 10:52:41  time: 0.2572  data_time: 0.0079  memory: 9163  loss: 0.0320  decode.loss_ce: 0.0320  decode.acc_seg: 99.7331
2025/03/09 14:34:07 - mmengine - INFO - Iter(train) [  6600/160000]  lr: 8.5171e-03  eta: 10:52:28  time: 0.2563  data_time: 0.0079  memory: 9163  loss: 0.0480  decode.loss_ce: 0.0480  decode.acc_seg: 97.5950
2025/03/09 14:34:20 - mmengine - INFO - Iter(train) [  6650/160000]  lr: 8.5058e-03  eta: 10:52:15  time: 0.2521  data_time: 0.0076  memory: 9163  loss: 0.0560  decode.loss_ce: 0.0560  decode.acc_seg: 97.7790
2025/03/09 14:34:32 - mmengine - INFO - Iter(train) [  6700/160000]  lr: 8.4944e-03  eta: 10:52:01  time: 0.2560  data_time: 0.0074  memory: 9163  loss: 0.0964  decode.loss_ce: 0.0964  decode.acc_seg: 84.5053
2025/03/09 14:34:45 - mmengine - INFO - Iter(train) [  6750/160000]  lr: 8.4831e-03  eta: 10:51:48  time: 0.2549  data_time: 0.0076  memory: 9163  loss: 0.0340  decode.loss_ce: 0.0340  decode.acc_seg: 98.5425
2025/03/09 14:34:58 - mmengine - INFO - Iter(train) [  6800/160000]  lr: 8.4717e-03  eta: 10:51:35  time: 0.2551  data_time: 0.0073  memory: 9163  loss: 0.0945  decode.loss_ce: 0.0945  decode.acc_seg: 99.3007
2025/03/09 14:34:58 - mmengine - INFO - Saving checkpoint at 6800 iterations
2025/03/09 14:35:12 - mmengine - INFO - Iter(train) [  6850/160000]  lr: 8.4604e-03  eta: 10:51:56  time: 0.2517  data_time: 0.0076  memory: 9163  loss: 0.0368  decode.loss_ce: 0.0368  decode.acc_seg: 99.3202
2025/03/09 14:35:25 - mmengine - INFO - Iter(train) [  6900/160000]  lr: 8.4490e-03  eta: 10:51:41  time: 0.2525  data_time: 0.0074  memory: 9163  loss: 0.0386  decode.loss_ce: 0.0386  decode.acc_seg: 98.8225
2025/03/09 14:35:38 - mmengine - INFO - Iter(train) [  6950/160000]  lr: 8.4377e-03  eta: 10:51:27  time: 0.2533  data_time: 0.0077  memory: 9163  loss: 0.0553  decode.loss_ce: 0.0553  decode.acc_seg: 94.7373
2025/03/09 14:35:50 - mmengine - INFO - Exp name: efficient_20250309_140341
2025/03/09 14:35:50 - mmengine - INFO - Iter(train) [  7000/160000]  lr: 8.4263e-03  eta: 10:51:13  time: 0.2538  data_time: 0.0075  memory: 9163  loss: 0.0276  decode.loss_ce: 0.0276  decode.acc_seg: 98.9152
2025/03/09 14:35:53 - mmengine - INFO - Iter(val) [ 50/869]    eta: 0:00:47  time: 0.0556  data_time: 0.0025  memory: 636  
2025/03/09 14:35:56 - mmengine - INFO - Iter(val) [100/869]    eta: 0:00:43  time: 0.0562  data_time: 0.0026  memory: 636  
2025/03/09 14:35:59 - mmengine - INFO - Iter(val) [150/869]    eta: 0:00:40  time: 0.0571  data_time: 0.0030  memory: 636  
2025/03/09 14:36:02 - mmengine - INFO - Iter(val) [200/869]    eta: 0:00:38  time: 0.0552  data_time: 0.0026  memory: 636  
2025/03/09 14:36:04 - mmengine - INFO - Iter(val) [250/869]    eta: 0:00:35  time: 0.0551  data_time: 0.0025  memory: 636  
2025/03/09 14:36:07 - mmengine - INFO - Iter(val) [300/869]    eta: 0:00:32  time: 0.0548  data_time: 0.0025  memory: 636  
2025/03/09 14:36:10 - mmengine - INFO - Iter(val) [350/869]    eta: 0:00:29  time: 0.0557  data_time: 0.0026  memory: 636  
2025/03/09 14:36:13 - mmengine - INFO - Iter(val) [400/869]    eta: 0:00:26  time: 0.0597  data_time: 0.0028  memory: 636  
2025/03/09 14:36:16 - mmengine - INFO - Iter(val) [450/869]    eta: 0:00:23  time: 0.0561  data_time: 0.0025  memory: 636  
2025/03/09 14:36:19 - mmengine - INFO - Iter(val) [500/869]    eta: 0:00:21  time: 0.0638  data_time: 0.0026  memory: 636  
2025/03/09 14:36:22 - mmengine - INFO - Iter(val) [550/869]    eta: 0:00:18  time: 0.0601  data_time: 0.0029  memory: 636  
2025/03/09 14:36:25 - mmengine - INFO - Iter(val) [600/869]    eta: 0:00:15  time: 0.0557  data_time: 0.0029  memory: 636  
2025/03/09 14:36:28 - mmengine - INFO - Iter(val) [650/869]    eta: 0:00:12  time: 0.0558  data_time: 0.0026  memory: 636  
2025/03/09 14:36:31 - mmengine - INFO - Iter(val) [700/869]    eta: 0:00:09  time: 0.0603  data_time: 0.0025  memory: 636  
2025/03/09 14:36:33 - mmengine - INFO - Iter(val) [750/869]    eta: 0:00:06  time: 0.0548  data_time: 0.0025  memory: 636  
2025/03/09 14:36:36 - mmengine - INFO - Iter(val) [800/869]    eta: 0:00:03  time: 0.0566  data_time: 0.0028  memory: 636  
2025/03/09 14:36:39 - mmengine - INFO - Iter(val) [850/869]    eta: 0:00:01  time: 0.0560  data_time: 0.0027  memory: 636  
2025/03/09 14:36:40 - mmengine - INFO - per class results:
2025/03/09 14:36:40 - mmengine - INFO - 
+------------+-------+-------+--------+-----------+--------+
|   Class    |  IoU  |  Acc  | Fscore | Precision | Recall |
+------------+-------+-------+--------+-----------+--------+
| background | 97.68 | 98.66 | 98.83  |   98.99   | 98.66  |
|    ghaf    | 58.15 | 76.39 | 73.54  |   70.89   | 76.39  |
+------------+-------+-------+--------+-----------+--------+
2025/03/09 14:36:40 - mmengine - INFO - Iter(val) [869/869]    aAcc: 97.7500  mIoU: 77.9200  mAcc: 87.5300  mFscore: 86.1800  mPrecision: 84.9400  mRecall: 87.5300  data_time: 0.0028  time: 0.0574
2025/03/09 14:36:53 - mmengine - INFO - Iter(train) [  7050/160000]  lr: 8.4150e-03  eta: 10:51:08  time: 0.2955  data_time: 0.0079  memory: 9163  loss: 0.0340  decode.loss_ce: 0.0340  decode.acc_seg: 99.6340
2025/03/09 14:37:06 - mmengine - INFO - Iter(train) [  7100/160000]  lr: 8.4036e-03  eta: 10:50:54  time: 0.2546  data_time: 0.0074  memory: 9163  loss: 0.0617  decode.loss_ce: 0.0617  decode.acc_seg: 98.7448
2025/03/09 14:37:19 - mmengine - INFO - Iter(train) [  7150/160000]  lr: 8.3923e-03  eta: 10:50:39  time: 0.2530  data_time: 0.0076  memory: 9163  loss: 0.0379  decode.loss_ce: 0.0379  decode.acc_seg: 99.6775
2025/03/09 14:37:31 - mmengine - INFO - Iter(train) [  7200/160000]  lr: 8.3809e-03  eta: 10:50:25  time: 0.2520  data_time: 0.0075  memory: 9163  loss: 0.0466  decode.loss_ce: 0.0466  decode.acc_seg: 99.0387
2025/03/09 14:37:44 - mmengine - INFO - Iter(train) [  7250/160000]  lr: 8.3695e-03  eta: 10:50:10  time: 0.2551  data_time: 0.0071  memory: 9163  loss: 0.0499  decode.loss_ce: 0.0499  decode.acc_seg: 95.0647
2025/03/09 14:37:57 - mmengine - INFO - Iter(train) [  7300/160000]  lr: 8.3582e-03  eta: 10:49:55  time: 0.2542  data_time: 0.0076  memory: 9163  loss: 0.0347  decode.loss_ce: 0.0347  decode.acc_seg: 97.2406
2025/03/09 14:38:09 - mmengine - INFO - Iter(train) [  7350/160000]  lr: 8.3468e-03  eta: 10:49:40  time: 0.2526  data_time: 0.0073  memory: 9163  loss: 0.0566  decode.loss_ce: 0.0566  decode.acc_seg: 99.3643
2025/03/09 14:38:22 - mmengine - INFO - Iter(train) [  7400/160000]  lr: 8.3354e-03  eta: 10:49:24  time: 0.2501  data_time: 0.0071  memory: 9163  loss: 0.0377  decode.loss_ce: 0.0377  decode.acc_seg: 99.6729
2025/03/09 14:38:35 - mmengine - INFO - Iter(train) [  7450/160000]  lr: 8.3241e-03  eta: 10:49:08  time: 0.2517  data_time: 0.0076  memory: 9163  loss: 0.0225  decode.loss_ce: 0.0225  decode.acc_seg: 99.3182
2025/03/09 14:38:47 - mmengine - INFO - Iter(train) [  7500/160000]  lr: 8.3127e-03  eta: 10:48:53  time: 0.2530  data_time: 0.0074  memory: 9163  loss: 0.0498  decode.loss_ce: 0.0498  decode.acc_seg: 95.6625
2025/03/09 14:39:00 - mmengine - INFO - Iter(train) [  7550/160000]  lr: 8.3013e-03  eta: 10:48:37  time: 0.2488  data_time: 0.0075  memory: 9163  loss: 0.0429  decode.loss_ce: 0.0429  decode.acc_seg: 99.8946
2025/03/09 14:39:13 - mmengine - INFO - Iter(train) [  7600/160000]  lr: 8.2900e-03  eta: 10:48:23  time: 0.2521  data_time: 0.0075  memory: 9163  loss: 0.0344  decode.loss_ce: 0.0344  decode.acc_seg: 99.1141
2025/03/09 14:39:25 - mmengine - INFO - Iter(train) [  7650/160000]  lr: 8.2786e-03  eta: 10:48:08  time: 0.2548  data_time: 0.0079  memory: 9163  loss: 0.0427  decode.loss_ce: 0.0427  decode.acc_seg: 98.6854
2025/03/09 14:39:38 - mmengine - INFO - Iter(train) [  7700/160000]  lr: 8.2672e-03  eta: 10:47:53  time: 0.2516  data_time: 0.0077  memory: 9163  loss: 0.0603  decode.loss_ce: 0.0603  decode.acc_seg: 99.7502
2025/03/09 14:39:51 - mmengine - INFO - Iter(train) [  7750/160000]  lr: 8.2558e-03  eta: 10:47:38  time: 0.2523  data_time: 0.0074  memory: 9163  loss: 0.0498  decode.loss_ce: 0.0498  decode.acc_seg: 99.7839
2025/03/09 14:40:03 - mmengine - INFO - Iter(train) [  7800/160000]  lr: 8.2444e-03  eta: 10:47:24  time: 0.2541  data_time: 0.0076  memory: 9163  loss: 0.0477  decode.loss_ce: 0.0477  decode.acc_seg: 99.6829
2025/03/09 14:40:16 - mmengine - INFO - Iter(train) [  7850/160000]  lr: 8.2331e-03  eta: 10:47:09  time: 0.2519  data_time: 0.0076  memory: 9163  loss: 0.0631  decode.loss_ce: 0.0631  decode.acc_seg: 97.8928
2025/03/09 14:40:29 - mmengine - INFO - Iter(train) [  7900/160000]  lr: 8.2217e-03  eta: 10:46:54  time: 0.2539  data_time: 0.0078  memory: 9163  loss: 0.0424  decode.loss_ce: 0.0424  decode.acc_seg: 98.6295
2025/03/09 14:40:41 - mmengine - INFO - Iter(train) [  7950/160000]  lr: 8.2103e-03  eta: 10:46:40  time: 0.2526  data_time: 0.0075  memory: 9163  loss: 0.0365  decode.loss_ce: 0.0365  decode.acc_seg: 99.8922
2025/03/09 14:40:54 - mmengine - INFO - Exp name: efficient_20250309_140341
2025/03/09 14:40:54 - mmengine - INFO - Iter(train) [  8000/160000]  lr: 8.1989e-03  eta: 10:46:23  time: 0.2512  data_time: 0.0071  memory: 9163  loss: 0.0343  decode.loss_ce: 0.0343  decode.acc_seg: 98.9401
2025/03/09 14:41:06 - mmengine - INFO - Iter(train) [  8050/160000]  lr: 8.1875e-03  eta: 10:46:08  time: 0.2492  data_time: 0.0071  memory: 9163  loss: 0.0351  decode.loss_ce: 0.0351  decode.acc_seg: 98.9934
2025/03/09 14:41:19 - mmengine - INFO - Iter(train) [  8100/160000]  lr: 8.1761e-03  eta: 10:45:52  time: 0.2545  data_time: 0.0075  memory: 9163  loss: 0.0457  decode.loss_ce: 0.0457  decode.acc_seg: 98.4298
2025/03/09 14:41:32 - mmengine - INFO - Iter(train) [  8150/160000]  lr: 8.1647e-03  eta: 10:45:38  time: 0.2507  data_time: 0.0073  memory: 9163  loss: 0.0418  decode.loss_ce: 0.0418  decode.acc_seg: 98.4848
2025/03/09 14:41:44 - mmengine - INFO - Iter(train) [  8200/160000]  lr: 8.1533e-03  eta: 10:45:23  time: 0.2523  data_time: 0.0073  memory: 9163  loss: 0.0355  decode.loss_ce: 0.0355  decode.acc_seg: 99.1279
2025/03/09 14:41:57 - mmengine - INFO - Iter(train) [  8250/160000]  lr: 8.1419e-03  eta: 10:45:08  time: 0.2532  data_time: 0.0078  memory: 9163  loss: 0.0471  decode.loss_ce: 0.0471  decode.acc_seg: 95.2365
2025/03/09 14:42:10 - mmengine - INFO - Iter(train) [  8300/160000]  lr: 8.1305e-03  eta: 10:44:54  time: 0.2549  data_time: 0.0077  memory: 9163  loss: 0.0325  decode.loss_ce: 0.0325  decode.acc_seg: 98.5805
2025/03/09 14:42:22 - mmengine - INFO - Iter(train) [  8350/160000]  lr: 8.1191e-03  eta: 10:44:39  time: 0.2522  data_time: 0.0071  memory: 9163  loss: 0.0353  decode.loss_ce: 0.0353  decode.acc_seg: 98.8987
2025/03/09 14:42:35 - mmengine - INFO - Iter(train) [  8400/160000]  lr: 8.1077e-03  eta: 10:44:23  time: 0.2513  data_time: 0.0076  memory: 9163  loss: 0.0473  decode.loss_ce: 0.0473  decode.acc_seg: 99.5331
2025/03/09 14:42:48 - mmengine - INFO - Iter(train) [  8450/160000]  lr: 8.0963e-03  eta: 10:44:08  time: 0.2496  data_time: 0.0073  memory: 9163  loss: 0.0583  decode.loss_ce: 0.0583  decode.acc_seg: 98.9562
2025/03/09 14:43:00 - mmengine - INFO - Iter(train) [  8500/160000]  lr: 8.0849e-03  eta: 10:43:53  time: 0.2551  data_time: 0.0080  memory: 9163  loss: 0.0360  decode.loss_ce: 0.0360  decode.acc_seg: 97.8905
2025/03/09 14:43:13 - mmengine - INFO - Iter(train) [  8550/160000]  lr: 8.0735e-03  eta: 10:43:40  time: 0.2521  data_time: 0.0075  memory: 9163  loss: 0.0742  decode.loss_ce: 0.0742  decode.acc_seg: 96.5316
2025/03/09 14:43:26 - mmengine - INFO - Iter(train) [  8600/160000]  lr: 8.0621e-03  eta: 10:43:27  time: 0.2528  data_time: 0.0072  memory: 9163  loss: 0.0345  decode.loss_ce: 0.0345  decode.acc_seg: 96.9595
2025/03/09 14:43:38 - mmengine - INFO - Iter(train) [  8650/160000]  lr: 8.0507e-03  eta: 10:43:14  time: 0.2549  data_time: 0.0073  memory: 9163  loss: 0.0285  decode.loss_ce: 0.0285  decode.acc_seg: 98.5891
2025/03/09 14:43:51 - mmengine - INFO - Iter(train) [  8700/160000]  lr: 8.0393e-03  eta: 10:43:01  time: 0.2552  data_time: 0.0081  memory: 9163  loss: 0.0644  decode.loss_ce: 0.0644  decode.acc_seg: 97.4357
2025/03/09 14:44:04 - mmengine - INFO - Iter(train) [  8750/160000]  lr: 8.0279e-03  eta: 10:42:48  time: 0.2549  data_time: 0.0074  memory: 9163  loss: 0.1189  decode.loss_ce: 0.1189  decode.acc_seg: 98.5562
2025/03/09 14:44:17 - mmengine - INFO - Iter(train) [  8800/160000]  lr: 8.0164e-03  eta: 10:42:35  time: 0.2533  data_time: 0.0072  memory: 9163  loss: 0.0471  decode.loss_ce: 0.0471  decode.acc_seg: 99.4789
2025/03/09 14:44:29 - mmengine - INFO - Iter(train) [  8850/160000]  lr: 8.0050e-03  eta: 10:42:22  time: 0.2550  data_time: 0.0072  memory: 9163  loss: 0.0547  decode.loss_ce: 0.0547  decode.acc_seg: 99.8277
2025/03/09 14:44:42 - mmengine - INFO - Iter(train) [  8900/160000]  lr: 7.9936e-03  eta: 10:42:07  time: 0.2516  data_time: 0.0075  memory: 9163  loss: 0.0330  decode.loss_ce: 0.0330  decode.acc_seg: 99.6226
2025/03/09 14:44:55 - mmengine - INFO - Iter(train) [  8950/160000]  lr: 7.9822e-03  eta: 10:41:53  time: 0.2520  data_time: 0.0073  memory: 9163  loss: 0.0234  decode.loss_ce: 0.0234  decode.acc_seg: 99.1981
2025/03/09 14:45:07 - mmengine - INFO - Exp name: efficient_20250309_140341
2025/03/09 14:45:07 - mmengine - INFO - Iter(train) [  9000/160000]  lr: 7.9708e-03  eta: 10:41:39  time: 0.2532  data_time: 0.0074  memory: 9163  loss: 0.0286  decode.loss_ce: 0.0286  decode.acc_seg: 98.3414
2025/03/09 14:45:20 - mmengine - INFO - Iter(train) [  9050/160000]  lr: 7.9593e-03  eta: 10:41:27  time: 0.2550  data_time: 0.0075  memory: 9163  loss: 0.0415  decode.loss_ce: 0.0415  decode.acc_seg: 100.0000
2025/03/09 14:45:33 - mmengine - INFO - Iter(train) [  9100/160000]  lr: 7.9479e-03  eta: 10:41:12  time: 0.2537  data_time: 0.0078  memory: 9163  loss: 0.0519  decode.loss_ce: 0.0519  decode.acc_seg: 99.7795
2025/03/09 14:45:45 - mmengine - INFO - Iter(train) [  9150/160000]  lr: 7.9365e-03  eta: 10:40:59  time: 0.2544  data_time: 0.0079  memory: 9163  loss: 0.0498  decode.loss_ce: 0.0498  decode.acc_seg: 99.7972
2025/03/09 14:45:58 - mmengine - INFO - Iter(train) [  9200/160000]  lr: 7.9250e-03  eta: 10:40:45  time: 0.2554  data_time: 0.0075  memory: 9163  loss: 0.0376  decode.loss_ce: 0.0376  decode.acc_seg: 98.1907
2025/03/09 14:46:11 - mmengine - INFO - Iter(train) [  9250/160000]  lr: 7.9136e-03  eta: 10:40:32  time: 0.2532  data_time: 0.0079  memory: 9163  loss: 0.0412  decode.loss_ce: 0.0412  decode.acc_seg: 98.9227
2025/03/09 14:46:24 - mmengine - INFO - Iter(train) [  9300/160000]  lr: 7.9022e-03  eta: 10:40:19  time: 0.2546  data_time: 0.0077  memory: 9163  loss: 0.0385  decode.loss_ce: 0.0385  decode.acc_seg: 97.9489
2025/03/09 14:46:36 - mmengine - INFO - Iter(train) [  9350/160000]  lr: 7.8907e-03  eta: 10:40:05  time: 0.2549  data_time: 0.0077  memory: 9163  loss: 0.0610  decode.loss_ce: 0.0610  decode.acc_seg: 99.7928
2025/03/09 14:46:49 - mmengine - INFO - Iter(train) [  9400/160000]  lr: 7.8793e-03  eta: 10:39:51  time: 0.2518  data_time: 0.0072  memory: 9163  loss: 0.0384  decode.loss_ce: 0.0384  decode.acc_seg: 99.8426
2025/03/09 14:47:02 - mmengine - INFO - Iter(train) [  9450/160000]  lr: 7.8679e-03  eta: 10:39:37  time: 0.2545  data_time: 0.0075  memory: 9163  loss: 0.0429  decode.loss_ce: 0.0429  decode.acc_seg: 97.8405
2025/03/09 14:47:14 - mmengine - INFO - Iter(train) [  9500/160000]  lr: 7.8564e-03  eta: 10:39:24  time: 0.2553  data_time: 0.0078  memory: 9163  loss: 0.0455  decode.loss_ce: 0.0455  decode.acc_seg: 99.5022
2025/03/09 14:47:27 - mmengine - INFO - Iter(train) [  9550/160000]  lr: 7.8450e-03  eta: 10:39:11  time: 0.2545  data_time: 0.0075  memory: 9163  loss: 0.0576  decode.loss_ce: 0.0576  decode.acc_seg: 99.3334
2025/03/09 14:47:40 - mmengine - INFO - Iter(train) [  9600/160000]  lr: 7.8335e-03  eta: 10:38:56  time: 0.2502  data_time: 0.0077  memory: 9163  loss: 0.0433  decode.loss_ce: 0.0433  decode.acc_seg: 97.6865
2025/03/09 14:47:52 - mmengine - INFO - Iter(train) [  9650/160000]  lr: 7.8221e-03  eta: 10:38:43  time: 0.2561  data_time: 0.0077  memory: 9163  loss: 0.0581  decode.loss_ce: 0.0581  decode.acc_seg: 97.6617
2025/03/09 14:48:05 - mmengine - INFO - Iter(train) [  9700/160000]  lr: 7.8106e-03  eta: 10:38:29  time: 0.2547  data_time: 0.0075  memory: 9163  loss: 0.0510  decode.loss_ce: 0.0510  decode.acc_seg: 98.4381
2025/03/09 14:48:18 - mmengine - INFO - Iter(train) [  9750/160000]  lr: 7.7992e-03  eta: 10:38:15  time: 0.2540  data_time: 0.0071  memory: 9163  loss: 0.0212  decode.loss_ce: 0.0212  decode.acc_seg: 99.8582
2025/03/09 14:48:30 - mmengine - INFO - Iter(train) [  9800/160000]  lr: 7.7877e-03  eta: 10:38:01  time: 0.2544  data_time: 0.0073  memory: 9163  loss: 0.0486  decode.loss_ce: 0.0486  decode.acc_seg: 99.5782
2025/03/09 14:48:43 - mmengine - INFO - Iter(train) [  9850/160000]  lr: 7.7763e-03  eta: 10:37:47  time: 0.2531  data_time: 0.0074  memory: 9163  loss: 0.0703  decode.loss_ce: 0.0703  decode.acc_seg: 99.1014
2025/03/09 14:48:56 - mmengine - INFO - Iter(train) [  9900/160000]  lr: 7.7648e-03  eta: 10:37:33  time: 0.2536  data_time: 0.0079  memory: 9163  loss: 0.0594  decode.loss_ce: 0.0594  decode.acc_seg: 98.1897
2025/03/09 14:49:08 - mmengine - INFO - Iter(train) [  9950/160000]  lr: 7.7533e-03  eta: 10:37:20  time: 0.2522  data_time: 0.0077  memory: 9163  loss: 0.0715  decode.loss_ce: 0.0715  decode.acc_seg: 99.7600
2025/03/09 14:49:21 - mmengine - INFO - Exp name: efficient_20250309_140341
2025/03/09 14:49:21 - mmengine - INFO - Iter(train) [ 10000/160000]  lr: 7.7419e-03  eta: 10:37:07  time: 0.2551  data_time: 0.0072  memory: 9163  loss: 0.0328  decode.loss_ce: 0.0328  decode.acc_seg: 99.5314
2025/03/09 14:49:34 - mmengine - INFO - Iter(train) [ 10050/160000]  lr: 7.7304e-03  eta: 10:36:53  time: 0.2519  data_time: 0.0070  memory: 9163  loss: 0.0391  decode.loss_ce: 0.0391  decode.acc_seg: 97.0840
2025/03/09 14:49:46 - mmengine - INFO - Iter(train) [ 10100/160000]  lr: 7.7189e-03  eta: 10:36:39  time: 0.2520  data_time: 0.0074  memory: 9163  loss: 0.0415  decode.loss_ce: 0.0415  decode.acc_seg: 98.7607
2025/03/09 14:49:59 - mmengine - INFO - Iter(train) [ 10150/160000]  lr: 7.7075e-03  eta: 10:36:27  time: 0.2551  data_time: 0.0073  memory: 9163  loss: 0.0371  decode.loss_ce: 0.0371  decode.acc_seg: 99.1915
2025/03/09 14:50:12 - mmengine - INFO - Iter(train) [ 10200/160000]  lr: 7.6960e-03  eta: 10:36:13  time: 0.2533  data_time: 0.0081  memory: 9163  loss: 0.0442  decode.loss_ce: 0.0442  decode.acc_seg: 98.1285
2025/03/09 14:50:12 - mmengine - INFO - Saving checkpoint at 10200 iterations
2025/03/09 14:50:26 - mmengine - INFO - Iter(train) [ 10250/160000]  lr: 7.6845e-03  eta: 10:36:23  time: 0.2552  data_time: 0.0073  memory: 9163  loss: 0.0326  decode.loss_ce: 0.0326  decode.acc_seg: 99.2344
2025/03/09 14:50:39 - mmengine - INFO - Iter(train) [ 10300/160000]  lr: 7.6731e-03  eta: 10:36:10  time: 0.2554  data_time: 0.0076  memory: 9163  loss: 0.0449  decode.loss_ce: 0.0449  decode.acc_seg: 98.1958
2025/03/09 14:50:52 - mmengine - INFO - Iter(train) [ 10350/160000]  lr: 7.6616e-03  eta: 10:35:56  time: 0.2531  data_time: 0.0077  memory: 9163  loss: 0.0236  decode.loss_ce: 0.0236  decode.acc_seg: 98.7318
2025/03/09 14:51:04 - mmengine - INFO - Iter(train) [ 10400/160000]  lr: 7.6501e-03  eta: 10:35:43  time: 0.2566  data_time: 0.0081  memory: 9163  loss: 0.0212  decode.loss_ce: 0.0212  decode.acc_seg: 99.6983
2025/03/09 14:51:17 - mmengine - INFO - Iter(train) [ 10450/160000]  lr: 7.6386e-03  eta: 10:35:30  time: 0.2530  data_time: 0.0077  memory: 9163  loss: 0.0596  decode.loss_ce: 0.0596  decode.acc_seg: 98.7772
2025/03/09 14:51:30 - mmengine - INFO - Iter(train) [ 10500/160000]  lr: 7.6272e-03  eta: 10:35:16  time: 0.2536  data_time: 0.0072  memory: 9163  loss: 0.0270  decode.loss_ce: 0.0270  decode.acc_seg: 99.4384
2025/03/09 14:51:33 - mmengine - INFO - Iter(val) [ 50/869]    eta: 0:00:47  time: 0.0556  data_time: 0.0024  memory: 636  
2025/03/09 14:51:36 - mmengine - INFO - Iter(val) [100/869]    eta: 0:00:44  time: 0.0568  data_time: 0.0024  memory: 636  
2025/03/09 14:51:38 - mmengine - INFO - Iter(val) [150/869]    eta: 0:00:41  time: 0.0608  data_time: 0.0027  memory: 636  
2025/03/09 14:51:42 - mmengine - INFO - Iter(val) [200/869]    eta: 0:00:39  time: 0.0608  data_time: 0.0027  memory: 636  
2025/03/09 14:51:45 - mmengine - INFO - Iter(val) [250/869]    eta: 0:00:36  time: 0.0609  data_time: 0.0026  memory: 636  
2025/03/09 14:51:48 - mmengine - INFO - Iter(val) [300/869]    eta: 0:00:33  time: 0.0607  data_time: 0.0026  memory: 636  
2025/03/09 14:51:51 - mmengine - INFO - Iter(val) [350/869]    eta: 0:00:30  time: 0.0553  data_time: 0.0026  memory: 636  
2025/03/09 14:51:53 - mmengine - INFO - Iter(val) [400/869]    eta: 0:00:27  time: 0.0557  data_time: 0.0027  memory: 636  
2025/03/09 14:51:56 - mmengine - INFO - Iter(val) [450/869]    eta: 0:00:24  time: 0.0560  data_time: 0.0029  memory: 636  
2025/03/09 14:51:59 - mmengine - INFO - Iter(val) [500/869]    eta: 0:00:21  time: 0.0623  data_time: 0.0027  memory: 636  
2025/03/09 14:52:02 - mmengine - INFO - Iter(val) [550/869]    eta: 0:00:18  time: 0.0552  data_time: 0.0024  memory: 636  
2025/03/09 14:52:05 - mmengine - INFO - Iter(val) [600/869]    eta: 0:00:15  time: 0.0556  data_time: 0.0025  memory: 636  
2025/03/09 14:52:08 - mmengine - INFO - Iter(val) [650/869]    eta: 0:00:12  time: 0.0549  data_time: 0.0028  memory: 636  
2025/03/09 14:52:10 - mmengine - INFO - Iter(val) [700/869]    eta: 0:00:09  time: 0.0551  data_time: 0.0024  memory: 636  
2025/03/09 14:52:13 - mmengine - INFO - Iter(val) [750/869]    eta: 0:00:06  time: 0.0558  data_time: 0.0027  memory: 636  
2025/03/09 14:52:16 - mmengine - INFO - Iter(val) [800/869]    eta: 0:00:03  time: 0.0559  data_time: 0.0025  memory: 636  
2025/03/09 14:52:19 - mmengine - INFO - Iter(val) [850/869]    eta: 0:00:01  time: 0.0562  data_time: 0.0027  memory: 636  
2025/03/09 14:52:20 - mmengine - INFO - per class results:
2025/03/09 14:52:20 - mmengine - INFO - 
+------------+-------+-------+--------+-----------+--------+
|   Class    |  IoU  |  Acc  | Fscore | Precision | Recall |
+------------+-------+-------+--------+-----------+--------+
| background | 97.27 | 98.08 | 98.62  |   99.15   | 98.08  |
|    ghaf    | 55.41 | 80.33 | 71.31  |   64.11   | 80.33  |
+------------+-------+-------+--------+-----------+--------+
2025/03/09 14:52:20 - mmengine - INFO - Iter(val) [869/869]    aAcc: 97.3600  mIoU: 76.3400  mAcc: 89.2000  mFscore: 84.9600  mPrecision: 81.6300  mRecall: 89.2000  data_time: 0.0028  time: 0.0577
2025/03/09 14:52:33 - mmengine - INFO - Iter(train) [ 10550/160000]  lr: 7.6157e-03  eta: 10:35:00  time: 0.2502  data_time: 0.0072  memory: 9163  loss: 0.0755  decode.loss_ce: 0.0755  decode.acc_seg: 88.3044
2025/03/09 14:52:45 - mmengine - INFO - Iter(train) [ 10600/160000]  lr: 7.6042e-03  eta: 10:34:45  time: 0.2532  data_time: 0.0074  memory: 9163  loss: 0.0372  decode.loss_ce: 0.0372  decode.acc_seg: 99.0020
2025/03/09 14:52:58 - mmengine - INFO - Iter(train) [ 10650/160000]  lr: 7.5927e-03  eta: 10:34:29  time: 0.2476  data_time: 0.0072  memory: 9163  loss: 0.0531  decode.loss_ce: 0.0531  decode.acc_seg: 98.3860
2025/03/09 14:53:10 - mmengine - INFO - Iter(train) [ 10700/160000]  lr: 7.5812e-03  eta: 10:34:13  time: 0.2485  data_time: 0.0070  memory: 9163  loss: 0.0377  decode.loss_ce: 0.0377  decode.acc_seg: 99.3486
2025/03/09 14:53:23 - mmengine - INFO - Iter(train) [ 10750/160000]  lr: 7.5697e-03  eta: 10:33:57  time: 0.2530  data_time: 0.0078  memory: 9163  loss: 0.0407  decode.loss_ce: 0.0407  decode.acc_seg: 99.9560
2025/03/09 14:53:35 - mmengine - INFO - Iter(train) [ 10800/160000]  lr: 7.5582e-03  eta: 10:33:41  time: 0.2513  data_time: 0.0073  memory: 9163  loss: 0.0551  decode.loss_ce: 0.0551  decode.acc_seg: 98.3061
2025/03/09 14:53:48 - mmengine - INFO - Iter(train) [ 10850/160000]  lr: 7.5467e-03  eta: 10:33:26  time: 0.2525  data_time: 0.0076  memory: 9163  loss: 0.0308  decode.loss_ce: 0.0308  decode.acc_seg: 99.8685
2025/03/09 14:54:00 - mmengine - INFO - Iter(train) [ 10900/160000]  lr: 7.5352e-03  eta: 10:33:12  time: 0.2516  data_time: 0.0073  memory: 9163  loss: 0.0499  decode.loss_ce: 0.0499  decode.acc_seg: 99.6699
2025/03/09 14:54:13 - mmengine - INFO - Iter(train) [ 10950/160000]  lr: 7.5237e-03  eta: 10:32:58  time: 0.2506  data_time: 0.0076  memory: 9163  loss: 0.0502  decode.loss_ce: 0.0502  decode.acc_seg: 98.7682
2025/03/09 14:54:26 - mmengine - INFO - Exp name: efficient_20250309_140341
2025/03/09 14:54:26 - mmengine - INFO - Iter(train) [ 11000/160000]  lr: 7.5122e-03  eta: 10:32:44  time: 0.2520  data_time: 0.0076  memory: 9163  loss: 0.0369  decode.loss_ce: 0.0369  decode.acc_seg: 99.9109
2025/03/09 14:54:38 - mmengine - INFO - Iter(train) [ 11050/160000]  lr: 7.5007e-03  eta: 10:32:31  time: 0.2546  data_time: 0.0079  memory: 9163  loss: 0.0341  decode.loss_ce: 0.0341  decode.acc_seg: 99.8930
2025/03/09 14:54:51 - mmengine - INFO - Iter(train) [ 11100/160000]  lr: 7.4892e-03  eta: 10:32:18  time: 0.2550  data_time: 0.0084  memory: 9163  loss: 0.1005  decode.loss_ce: 0.1005  decode.acc_seg: 98.4364
2025/03/09 14:55:04 - mmengine - INFO - Iter(train) [ 11150/160000]  lr: 7.4777e-03  eta: 10:32:04  time: 0.2523  data_time: 0.0075  memory: 9163  loss: 0.0373  decode.loss_ce: 0.0373  decode.acc_seg: 99.5903
2025/03/09 14:55:16 - mmengine - INFO - Iter(train) [ 11200/160000]  lr: 7.4662e-03  eta: 10:31:50  time: 0.2540  data_time: 0.0075  memory: 9163  loss: 0.0466  decode.loss_ce: 0.0466  decode.acc_seg: 98.5369
2025/03/09 14:55:29 - mmengine - INFO - Iter(train) [ 11250/160000]  lr: 7.4547e-03  eta: 10:31:36  time: 0.2535  data_time: 0.0074  memory: 9163  loss: 0.0330  decode.loss_ce: 0.0330  decode.acc_seg: 99.4431
2025/03/09 14:55:42 - mmengine - INFO - Iter(train) [ 11300/160000]  lr: 7.4432e-03  eta: 10:31:22  time: 0.2512  data_time: 0.0071  memory: 9163  loss: 0.0230  decode.loss_ce: 0.0230  decode.acc_seg: 98.6269
2025/03/09 14:55:54 - mmengine - INFO - Iter(train) [ 11350/160000]  lr: 7.4317e-03  eta: 10:31:09  time: 0.2525  data_time: 0.0072  memory: 9163  loss: 0.0692  decode.loss_ce: 0.0692  decode.acc_seg: 98.3167
2025/03/09 14:56:07 - mmengine - INFO - Iter(train) [ 11400/160000]  lr: 7.4202e-03  eta: 10:30:54  time: 0.2509  data_time: 0.0071  memory: 9163  loss: 0.0426  decode.loss_ce: 0.0426  decode.acc_seg: 99.2101
2025/03/09 14:56:20 - mmengine - INFO - Iter(train) [ 11450/160000]  lr: 7.4086e-03  eta: 10:30:40  time: 0.2518  data_time: 0.0075  memory: 9163  loss: 0.0462  decode.loss_ce: 0.0462  decode.acc_seg: 99.5909
2025/03/09 14:56:32 - mmengine - INFO - Iter(train) [ 11500/160000]  lr: 7.3971e-03  eta: 10:30:28  time: 0.2549  data_time: 0.0072  memory: 9163  loss: 0.0359  decode.loss_ce: 0.0359  decode.acc_seg: 97.9687
2025/03/09 14:56:45 - mmengine - INFO - Iter(train) [ 11550/160000]  lr: 7.3856e-03  eta: 10:30:14  time: 0.2547  data_time: 0.0075  memory: 9163  loss: 0.0483  decode.loss_ce: 0.0483  decode.acc_seg: 99.1652
2025/03/09 14:56:58 - mmengine - INFO - Iter(train) [ 11600/160000]  lr: 7.3741e-03  eta: 10:30:00  time: 0.2546  data_time: 0.0074  memory: 9163  loss: 0.0291  decode.loss_ce: 0.0291  decode.acc_seg: 99.1772
2025/03/09 14:57:10 - mmengine - INFO - Iter(train) [ 11650/160000]  lr: 7.3625e-03  eta: 10:29:48  time: 0.2549  data_time: 0.0075  memory: 9163  loss: 0.0340  decode.loss_ce: 0.0340  decode.acc_seg: 99.9244
2025/03/09 14:57:23 - mmengine - INFO - Iter(train) [ 11700/160000]  lr: 7.3510e-03  eta: 10:29:33  time: 0.2542  data_time: 0.0081  memory: 9163  loss: 0.0368  decode.loss_ce: 0.0368  decode.acc_seg: 98.7686
2025/03/09 14:57:36 - mmengine - INFO - Iter(train) [ 11750/160000]  lr: 7.3395e-03  eta: 10:29:19  time: 0.2517  data_time: 0.0072  memory: 9163  loss: 0.0811  decode.loss_ce: 0.0811  decode.acc_seg: 99.4183
2025/03/09 14:59:18 - mmengine - INFO - Iter(train) [ 11800/160000]  lr: 7.3280e-03  eta: 10:47:57  time: 0.3209  data_time: 0.0114  memory: 9163  loss: 0.0489  decode.loss_ce: 0.0489  decode.acc_seg: 99.9228
2025/03/09 14:59:32 - mmengine - INFO - Iter(train) [ 11850/160000]  lr: 7.3164e-03  eta: 10:47:54  time: 0.2541  data_time: 0.0090  memory: 9163  loss: 0.0567  decode.loss_ce: 0.0567  decode.acc_seg: 99.0338
2025/03/09 14:59:45 - mmengine - INFO - Iter(train) [ 11900/160000]  lr: 7.3049e-03  eta: 10:47:35  time: 0.2547  data_time: 0.0084  memory: 9163  loss: 0.0415  decode.loss_ce: 0.0415  decode.acc_seg: 99.1811
2025/03/09 14:59:58 - mmengine - INFO - Iter(train) [ 11950/160000]  lr: 7.2933e-03  eta: 10:47:15  time: 0.2461  data_time: 0.0087  memory: 9163  loss: 0.0385  decode.loss_ce: 0.0385  decode.acc_seg: 99.0481
2025/03/09 15:00:10 - mmengine - INFO - Exp name: efficient_20250309_140341
2025/03/09 15:00:10 - mmengine - INFO - Iter(train) [ 12000/160000]  lr: 7.2818e-03  eta: 10:46:52  time: 0.2522  data_time: 0.0085  memory: 9163  loss: 0.0323  decode.loss_ce: 0.0323  decode.acc_seg: 98.9748
2025/03/09 15:00:22 - mmengine - INFO - Iter(train) [ 12050/160000]  lr: 7.2703e-03  eta: 10:46:29  time: 0.2449  data_time: 0.0074  memory: 9163  loss: 0.0297  decode.loss_ce: 0.0297  decode.acc_seg: 99.3531
2025/03/09 15:00:35 - mmengine - INFO - Iter(train) [ 12100/160000]  lr: 7.2587e-03  eta: 10:46:06  time: 0.2461  data_time: 0.0076  memory: 9163  loss: 0.0489  decode.loss_ce: 0.0489  decode.acc_seg: 98.7778
2025/03/09 15:00:47 - mmengine - INFO - Iter(train) [ 12150/160000]  lr: 7.2472e-03  eta: 10:45:43  time: 0.2468  data_time: 0.0076  memory: 9163  loss: 0.0384  decode.loss_ce: 0.0384  decode.acc_seg: 98.8444
2025/03/09 15:01:00 - mmengine - INFO - Iter(train) [ 12200/160000]  lr: 7.2356e-03  eta: 10:45:26  time: 0.2579  data_time: 0.0087  memory: 9163  loss: 0.0285  decode.loss_ce: 0.0285  decode.acc_seg: 98.9396
2025/03/09 15:01:12 - mmengine - INFO - Iter(train) [ 12250/160000]  lr: 7.2241e-03  eta: 10:45:09  time: 0.2541  data_time: 0.0079  memory: 9163  loss: 0.0372  decode.loss_ce: 0.0372  decode.acc_seg: 97.7121
2025/03/09 15:01:25 - mmengine - INFO - Iter(train) [ 12300/160000]  lr: 7.2125e-03  eta: 10:44:52  time: 0.2557  data_time: 0.0088  memory: 9163  loss: 0.0421  decode.loss_ce: 0.0421  decode.acc_seg: 98.7245
2025/03/09 15:01:38 - mmengine - INFO - Iter(train) [ 12350/160000]  lr: 7.2010e-03  eta: 10:44:34  time: 0.2547  data_time: 0.0077  memory: 9163  loss: 0.0338  decode.loss_ce: 0.0338  decode.acc_seg: 98.8170
2025/03/09 15:01:51 - mmengine - INFO - Iter(train) [ 12400/160000]  lr: 7.1894e-03  eta: 10:44:18  time: 0.2547  data_time: 0.0076  memory: 9163  loss: 0.0385  decode.loss_ce: 0.0385  decode.acc_seg: 98.2529
2025/03/09 15:02:04 - mmengine - INFO - Iter(train) [ 12450/160000]  lr: 7.1778e-03  eta: 10:44:01  time: 0.2567  data_time: 0.0082  memory: 9163  loss: 0.0475  decode.loss_ce: 0.0475  decode.acc_seg: 98.3448
2025/03/09 15:02:16 - mmengine - INFO - Iter(train) [ 12500/160000]  lr: 7.1663e-03  eta: 10:43:45  time: 0.2566  data_time: 0.0082  memory: 9163  loss: 0.0464  decode.loss_ce: 0.0464  decode.acc_seg: 99.6944
2025/03/09 15:02:29 - mmengine - INFO - Iter(train) [ 12550/160000]  lr: 7.1547e-03  eta: 10:43:30  time: 0.2571  data_time: 0.0084  memory: 9163  loss: 0.0542  decode.loss_ce: 0.0542  decode.acc_seg: 99.0387
2025/03/09 15:02:42 - mmengine - INFO - Iter(train) [ 12600/160000]  lr: 7.1431e-03  eta: 10:43:14  time: 0.2552  data_time: 0.0086  memory: 9163  loss: 0.0311  decode.loss_ce: 0.0311  decode.acc_seg: 99.2659
2025/03/09 15:02:55 - mmengine - INFO - Iter(train) [ 12650/160000]  lr: 7.1316e-03  eta: 10:42:58  time: 0.2553  data_time: 0.0081  memory: 9163  loss: 0.0379  decode.loss_ce: 0.0379  decode.acc_seg: 97.7925
2025/03/09 15:03:08 - mmengine - INFO - Iter(train) [ 12700/160000]  lr: 7.1200e-03  eta: 10:42:41  time: 0.2539  data_time: 0.0082  memory: 9163  loss: 0.0764  decode.loss_ce: 0.0764  decode.acc_seg: 99.2321
2025/03/09 15:03:21 - mmengine - INFO - Iter(train) [ 12750/160000]  lr: 7.1084e-03  eta: 10:42:26  time: 0.2565  data_time: 0.0089  memory: 9163  loss: 0.0360  decode.loss_ce: 0.0360  decode.acc_seg: 97.6808
2025/03/09 15:03:33 - mmengine - INFO - Iter(train) [ 12800/160000]  lr: 7.0969e-03  eta: 10:42:08  time: 0.2527  data_time: 0.0079  memory: 9163  loss: 0.0468  decode.loss_ce: 0.0468  decode.acc_seg: 98.9165
2025/03/09 15:03:46 - mmengine - INFO - Iter(train) [ 12850/160000]  lr: 7.0853e-03  eta: 10:41:52  time: 0.2559  data_time: 0.0081  memory: 9163  loss: 0.0324  decode.loss_ce: 0.0324  decode.acc_seg: 97.6507
2025/03/09 15:03:59 - mmengine - INFO - Iter(train) [ 12900/160000]  lr: 7.0737e-03  eta: 10:41:36  time: 0.2574  data_time: 0.0082  memory: 9163  loss: 0.0271  decode.loss_ce: 0.0271  decode.acc_seg: 99.1479
2025/03/09 15:04:12 - mmengine - INFO - Iter(train) [ 12950/160000]  lr: 7.0621e-03  eta: 10:41:19  time: 0.2551  data_time: 0.0081  memory: 9163  loss: 0.0589  decode.loss_ce: 0.0589  decode.acc_seg: 96.8442
2025/03/09 15:04:24 - mmengine - INFO - Exp name: efficient_20250309_140341
2025/03/09 15:04:24 - mmengine - INFO - Iter(train) [ 13000/160000]  lr: 7.0505e-03  eta: 10:41:02  time: 0.2552  data_time: 0.0080  memory: 9163  loss: 0.0341  decode.loss_ce: 0.0341  decode.acc_seg: 98.6641
2025/03/09 15:04:37 - mmengine - INFO - Iter(train) [ 13050/160000]  lr: 7.0390e-03  eta: 10:40:46  time: 0.2572  data_time: 0.0080  memory: 9163  loss: 0.0482  decode.loss_ce: 0.0482  decode.acc_seg: 96.4641
2025/03/09 15:04:50 - mmengine - INFO - Iter(train) [ 13100/160000]  lr: 7.0274e-03  eta: 10:40:31  time: 0.2596  data_time: 0.0081  memory: 9163  loss: 0.0657  decode.loss_ce: 0.0657  decode.acc_seg: 95.0062
2025/03/09 15:05:03 - mmengine - INFO - Iter(train) [ 13150/160000]  lr: 7.0158e-03  eta: 10:40:15  time: 0.2550  data_time: 0.0080  memory: 9163  loss: 0.0511  decode.loss_ce: 0.0511  decode.acc_seg: 93.2879
2025/03/09 15:05:16 - mmengine - INFO - Iter(train) [ 13200/160000]  lr: 7.0042e-03  eta: 10:39:59  time: 0.2580  data_time: 0.0088  memory: 9163  loss: 0.1452  decode.loss_ce: 0.1452  decode.acc_seg: 96.9402
2025/03/09 15:05:29 - mmengine - INFO - Iter(train) [ 13250/160000]  lr: 6.9926e-03  eta: 10:39:43  time: 0.2561  data_time: 0.0081  memory: 9163  loss: 0.0325  decode.loss_ce: 0.0325  decode.acc_seg: 99.1518
2025/03/09 15:05:41 - mmengine - INFO - Iter(train) [ 13300/160000]  lr: 6.9810e-03  eta: 10:39:27  time: 0.2536  data_time: 0.0082  memory: 9163  loss: 0.0334  decode.loss_ce: 0.0334  decode.acc_seg: 99.2671
2025/03/09 15:05:54 - mmengine - INFO - Iter(train) [ 13350/160000]  lr: 6.9694e-03  eta: 10:39:10  time: 0.2554  data_time: 0.0085  memory: 9163  loss: 0.0417  decode.loss_ce: 0.0417  decode.acc_seg: 97.6837
2025/03/09 15:06:07 - mmengine - INFO - Iter(train) [ 13400/160000]  lr: 6.9578e-03  eta: 10:38:54  time: 0.2551  data_time: 0.0086  memory: 9163  loss: 0.0652  decode.loss_ce: 0.0652  decode.acc_seg: 99.3373
2025/03/09 15:06:20 - mmengine - INFO - Iter(train) [ 13450/160000]  lr: 6.9462e-03  eta: 10:38:37  time: 0.2556  data_time: 0.0087  memory: 9163  loss: 0.0822  decode.loss_ce: 0.0822  decode.acc_seg: 99.7655
2025/03/09 15:06:33 - mmengine - INFO - Iter(train) [ 13500/160000]  lr: 6.9346e-03  eta: 10:38:21  time: 0.2555  data_time: 0.0077  memory: 9163  loss: 0.0611  decode.loss_ce: 0.0611  decode.acc_seg: 99.0422
2025/03/09 15:06:45 - mmengine - INFO - Iter(train) [ 13550/160000]  lr: 6.9230e-03  eta: 10:38:04  time: 0.2551  data_time: 0.0088  memory: 9163  loss: 0.0439  decode.loss_ce: 0.0439  decode.acc_seg: 97.4567
2025/03/09 15:06:58 - mmengine - INFO - Iter(train) [ 13600/160000]  lr: 6.9114e-03  eta: 10:37:48  time: 0.2553  data_time: 0.0083  memory: 9163  loss: 0.0329  decode.loss_ce: 0.0329  decode.acc_seg: 99.3656
2025/03/09 15:06:58 - mmengine - INFO - Saving checkpoint at 13600 iterations
2025/03/09 15:07:12 - mmengine - INFO - Iter(train) [ 13650/160000]  lr: 6.8998e-03  eta: 10:37:50  time: 0.2554  data_time: 0.0076  memory: 9163  loss: 0.0822  decode.loss_ce: 0.0822  decode.acc_seg: 99.6381
2025/03/09 15:07:25 - mmengine - INFO - Iter(train) [ 13700/160000]  lr: 6.8881e-03  eta: 10:37:34  time: 0.2560  data_time: 0.0083  memory: 9163  loss: 0.0340  decode.loss_ce: 0.0340  decode.acc_seg: 98.3115
2025/03/09 15:07:38 - mmengine - INFO - Iter(train) [ 13750/160000]  lr: 6.8765e-03  eta: 10:37:17  time: 0.2540  data_time: 0.0079  memory: 9163  loss: 0.0254  decode.loss_ce: 0.0254  decode.acc_seg: 96.5406
2025/03/09 15:07:51 - mmengine - INFO - Iter(train) [ 13800/160000]  lr: 6.8649e-03  eta: 10:37:00  time: 0.2562  data_time: 0.0076  memory: 9163  loss: 0.0473  decode.loss_ce: 0.0473  decode.acc_seg: 98.2892
2025/03/09 15:08:04 - mmengine - INFO - Iter(train) [ 13850/160000]  lr: 6.8533e-03  eta: 10:36:44  time: 0.2554  data_time: 0.0080  memory: 9163  loss: 0.0637  decode.loss_ce: 0.0637  decode.acc_seg: 98.6174
2025/03/09 15:08:16 - mmengine - INFO - Iter(train) [ 13900/160000]  lr: 6.8417e-03  eta: 10:36:28  time: 0.2589  data_time: 0.0087  memory: 9163  loss: 0.0512  decode.loss_ce: 0.0512  decode.acc_seg: 97.7259
2025/03/09 15:08:29 - mmengine - INFO - Iter(train) [ 13950/160000]  lr: 6.8300e-03  eta: 10:36:12  time: 0.2541  data_time: 0.0074  memory: 9163  loss: 0.0530  decode.loss_ce: 0.0530  decode.acc_seg: 97.8040
2025/03/09 15:08:42 - mmengine - INFO - Exp name: efficient_20250309_140341
2025/03/09 15:08:42 - mmengine - INFO - Iter(train) [ 14000/160000]  lr: 6.8184e-03  eta: 10:35:56  time: 0.2553  data_time: 0.0076  memory: 9163  loss: 0.0436  decode.loss_ce: 0.0436  decode.acc_seg: 99.2642
2025/03/09 15:08:45 - mmengine - INFO - Iter(val) [ 50/869]    eta: 0:00:49  time: 0.0566  data_time: 0.0025  memory: 636  
2025/03/09 15:08:48 - mmengine - INFO - Iter(val) [100/869]    eta: 0:00:44  time: 0.0548  data_time: 0.0023  memory: 636  
2025/03/09 15:08:51 - mmengine - INFO - Iter(val) [150/869]    eta: 0:00:41  time: 0.0550  data_time: 0.0026  memory: 636  
2025/03/09 15:08:53 - mmengine - INFO - Iter(val) [200/869]    eta: 0:00:38  time: 0.0560  data_time: 0.0025  memory: 636  
2025/03/09 15:08:56 - mmengine - INFO - Iter(val) [250/869]    eta: 0:00:35  time: 0.0563  data_time: 0.0025  memory: 636  
2025/03/09 15:08:59 - mmengine - INFO - Iter(val) [300/869]    eta: 0:00:32  time: 0.0563  data_time: 0.0025  memory: 636  
2025/03/09 15:09:02 - mmengine - INFO - Iter(val) [350/869]    eta: 0:00:29  time: 0.0562  data_time: 0.0026  memory: 636  
2025/03/09 15:09:05 - mmengine - INFO - Iter(val) [400/869]    eta: 0:00:26  time: 0.0595  data_time: 0.0028  memory: 636  
2025/03/09 15:09:07 - mmengine - INFO - Iter(val) [450/869]    eta: 0:00:23  time: 0.0551  data_time: 0.0026  memory: 636  
2025/03/09 15:09:10 - mmengine - INFO - Iter(val) [500/869]    eta: 0:00:20  time: 0.0551  data_time: 0.0023  memory: 636  
2025/03/09 15:09:13 - mmengine - INFO - Iter(val) [550/869]    eta: 0:00:18  time: 0.0582  data_time: 0.0024  memory: 636  
2025/03/09 15:09:16 - mmengine - INFO - Iter(val) [600/869]    eta: 0:00:15  time: 0.0565  data_time: 0.0027  memory: 636  
2025/03/09 15:09:19 - mmengine - INFO - Iter(val) [650/869]    eta: 0:00:12  time: 0.0550  data_time: 0.0026  memory: 636  
2025/03/09 15:09:22 - mmengine - INFO - Iter(val) [700/869]    eta: 0:00:09  time: 0.0553  data_time: 0.0025  memory: 636  
2025/03/09 15:09:24 - mmengine - INFO - Iter(val) [750/869]    eta: 0:00:06  time: 0.0576  data_time: 0.0028  memory: 636  
2025/03/09 15:09:27 - mmengine - INFO - Iter(val) [800/869]    eta: 0:00:03  time: 0.0564  data_time: 0.0027  memory: 636  
2025/03/09 15:09:30 - mmengine - INFO - Iter(val) [850/869]    eta: 0:00:01  time: 0.0565  data_time: 0.0027  memory: 636  
2025/03/09 15:09:31 - mmengine - INFO - per class results:
2025/03/09 15:09:31 - mmengine - INFO - 
+------------+-------+-------+--------+-----------+--------+
|   Class    |  IoU  |  Acc  | Fscore | Precision | Recall |
+------------+-------+-------+--------+-----------+--------+
| background | 97.71 | 99.16 | 98.84  |   98.53   | 99.16  |
|    ghaf    | 54.41 | 65.18 | 70.48  |   76.71   | 65.18  |
+------------+-------+-------+--------+-----------+--------+
2025/03/09 15:09:31 - mmengine - INFO - Iter(val) [869/869]    aAcc: 97.7700  mIoU: 76.0600  mAcc: 82.1700  mFscore: 84.6600  mPrecision: 87.6200  mRecall: 82.1700  data_time: 0.0028  time: 0.0567
2025/03/09 15:09:44 - mmengine - INFO - Iter(train) [ 14050/160000]  lr: 6.8068e-03  eta: 10:35:40  time: 0.2563  data_time: 0.0074  memory: 9163  loss: 0.0881  decode.loss_ce: 0.0881  decode.acc_seg: 98.5737
2025/03/09 15:09:57 - mmengine - INFO - Iter(train) [ 14100/160000]  lr: 6.7952e-03  eta: 10:35:23  time: 0.2552  data_time: 0.0073  memory: 9163  loss: 0.0561  decode.loss_ce: 0.0561  decode.acc_seg: 98.5574
2025/03/09 15:10:09 - mmengine - INFO - Iter(train) [ 14150/160000]  lr: 6.7835e-03  eta: 10:35:06  time: 0.2534  data_time: 0.0072  memory: 9163  loss: 0.0305  decode.loss_ce: 0.0305  decode.acc_seg: 98.5740
2025/03/09 15:10:22 - mmengine - INFO - Iter(train) [ 14200/160000]  lr: 6.7719e-03  eta: 10:34:50  time: 0.2524  data_time: 0.0076  memory: 9163  loss: 0.0304  decode.loss_ce: 0.0304  decode.acc_seg: 98.1916
2025/03/09 15:10:35 - mmengine - INFO - Iter(train) [ 14250/160000]  lr: 6.7602e-03  eta: 10:34:33  time: 0.2489  data_time: 0.0077  memory: 9163  loss: 0.0471  decode.loss_ce: 0.0471  decode.acc_seg: 97.8477
2025/03/09 15:10:48 - mmengine - INFO - Iter(train) [ 14300/160000]  lr: 6.7486e-03  eta: 10:34:16  time: 0.2528  data_time: 0.0078  memory: 9163  loss: 0.0684  decode.loss_ce: 0.0684  decode.acc_seg: 90.4342
2025/03/09 15:11:00 - mmengine - INFO - Iter(train) [ 14350/160000]  lr: 6.7370e-03  eta: 10:33:59  time: 0.2552  data_time: 0.0075  memory: 9163  loss: 0.0343  decode.loss_ce: 0.0343  decode.acc_seg: 99.6191
2025/03/09 15:11:13 - mmengine - INFO - Iter(train) [ 14400/160000]  lr: 6.7253e-03  eta: 10:33:43  time: 0.2535  data_time: 0.0074  memory: 9163  loss: 0.0395  decode.loss_ce: 0.0395  decode.acc_seg: 99.2868
2025/03/09 15:11:26 - mmengine - INFO - Iter(train) [ 14450/160000]  lr: 6.7137e-03  eta: 10:33:26  time: 0.2524  data_time: 0.0074  memory: 9163  loss: 0.0490  decode.loss_ce: 0.0490  decode.acc_seg: 98.8807
2025/03/09 15:11:38 - mmengine - INFO - Iter(train) [ 14500/160000]  lr: 6.7020e-03  eta: 10:33:09  time: 0.2527  data_time: 0.0074  memory: 9163  loss: 0.0411  decode.loss_ce: 0.0411  decode.acc_seg: 96.0078
2025/03/09 15:11:51 - mmengine - INFO - Iter(train) [ 14550/160000]  lr: 6.6904e-03  eta: 10:32:53  time: 0.2521  data_time: 0.0075  memory: 9163  loss: 0.0266  decode.loss_ce: 0.0266  decode.acc_seg: 99.6381
2025/03/09 15:12:04 - mmengine - INFO - Iter(train) [ 14600/160000]  lr: 6.6787e-03  eta: 10:32:36  time: 0.2521  data_time: 0.0074  memory: 9163  loss: 0.0338  decode.loss_ce: 0.0338  decode.acc_seg: 98.4114
2025/03/09 15:12:16 - mmengine - INFO - Iter(train) [ 14650/160000]  lr: 6.6671e-03  eta: 10:32:19  time: 0.2538  data_time: 0.0075  memory: 9163  loss: 0.0341  decode.loss_ce: 0.0341  decode.acc_seg: 98.9415
2025/03/09 15:12:29 - mmengine - INFO - Iter(train) [ 14700/160000]  lr: 6.6554e-03  eta: 10:32:03  time: 0.2537  data_time: 0.0078  memory: 9163  loss: 0.0476  decode.loss_ce: 0.0476  decode.acc_seg: 99.5111
2025/03/09 15:12:42 - mmengine - INFO - Iter(train) [ 14750/160000]  lr: 6.6437e-03  eta: 10:31:47  time: 0.2552  data_time: 0.0075  memory: 9163  loss: 0.0211  decode.loss_ce: 0.0211  decode.acc_seg: 99.9340
2025/03/09 15:12:55 - mmengine - INFO - Iter(train) [ 14800/160000]  lr: 6.6321e-03  eta: 10:31:31  time: 0.2537  data_time: 0.0071  memory: 9163  loss: 0.0381  decode.loss_ce: 0.0381  decode.acc_seg: 99.1979
2025/03/09 15:13:07 - mmengine - INFO - Iter(train) [ 14850/160000]  lr: 6.6204e-03  eta: 10:31:14  time: 0.2549  data_time: 0.0072  memory: 9163  loss: 0.0473  decode.loss_ce: 0.0473  decode.acc_seg: 97.5286
2025/03/09 15:13:20 - mmengine - INFO - Iter(train) [ 14900/160000]  lr: 6.6087e-03  eta: 10:30:58  time: 0.2548  data_time: 0.0073  memory: 9163  loss: 0.0352  decode.loss_ce: 0.0352  decode.acc_seg: 99.6654
2025/03/09 15:13:33 - mmengine - INFO - Iter(train) [ 14950/160000]  lr: 6.5971e-03  eta: 10:30:42  time: 0.2548  data_time: 0.0076  memory: 9163  loss: 0.0399  decode.loss_ce: 0.0399  decode.acc_seg: 97.1724
2025/03/09 15:13:46 - mmengine - INFO - Exp name: efficient_20250309_140341
2025/03/09 15:13:46 - mmengine - INFO - Iter(train) [ 15000/160000]  lr: 6.5854e-03  eta: 10:30:26  time: 0.2547  data_time: 0.0072  memory: 9163  loss: 0.0539  decode.loss_ce: 0.0539  decode.acc_seg: 97.5470
2025/03/09 15:13:58 - mmengine - INFO - Iter(train) [ 15050/160000]  lr: 6.5737e-03  eta: 10:30:10  time: 0.2558  data_time: 0.0076  memory: 9163  loss: 0.0372  decode.loss_ce: 0.0372  decode.acc_seg: 98.3986
2025/03/09 15:14:11 - mmengine - INFO - Iter(train) [ 15100/160000]  lr: 6.5621e-03  eta: 10:29:54  time: 0.2551  data_time: 0.0075  memory: 9163  loss: 0.0458  decode.loss_ce: 0.0458  decode.acc_seg: 97.2878
2025/03/09 15:14:24 - mmengine - INFO - Iter(train) [ 15150/160000]  lr: 6.5504e-03  eta: 10:29:38  time: 0.2547  data_time: 0.0073  memory: 9163  loss: 0.0444  decode.loss_ce: 0.0444  decode.acc_seg: 99.2996
2025/03/09 15:14:36 - mmengine - INFO - Iter(train) [ 15200/160000]  lr: 6.5387e-03  eta: 10:29:22  time: 0.2531  data_time: 0.0078  memory: 9163  loss: 0.0357  decode.loss_ce: 0.0357  decode.acc_seg: 99.2306
2025/03/09 15:14:49 - mmengine - INFO - Iter(train) [ 15250/160000]  lr: 6.5270e-03  eta: 10:29:06  time: 0.2552  data_time: 0.0074  memory: 9163  loss: 0.0300  decode.loss_ce: 0.0300  decode.acc_seg: 99.4027
2025/03/09 15:15:02 - mmengine - INFO - Iter(train) [ 15300/160000]  lr: 6.5153e-03  eta: 10:28:50  time: 0.2547  data_time: 0.0074  memory: 9163  loss: 0.0262  decode.loss_ce: 0.0262  decode.acc_seg: 99.5364
2025/03/09 15:15:15 - mmengine - INFO - Iter(train) [ 15350/160000]  lr: 6.5036e-03  eta: 10:28:35  time: 0.2549  data_time: 0.0072  memory: 9163  loss: 0.0418  decode.loss_ce: 0.0418  decode.acc_seg: 99.7220
2025/03/09 15:15:27 - mmengine - INFO - Iter(train) [ 15400/160000]  lr: 6.4919e-03  eta: 10:28:18  time: 0.2538  data_time: 0.0074  memory: 9163  loss: 0.0394  decode.loss_ce: 0.0394  decode.acc_seg: 95.9124
2025/03/09 15:15:40 - mmengine - INFO - Iter(train) [ 15450/160000]  lr: 6.4802e-03  eta: 10:28:03  time: 0.2567  data_time: 0.0075  memory: 9163  loss: 0.0357  decode.loss_ce: 0.0357  decode.acc_seg: 98.3993
2025/03/09 15:15:53 - mmengine - INFO - Iter(train) [ 15500/160000]  lr: 6.4685e-03  eta: 10:27:47  time: 0.2525  data_time: 0.0074  memory: 9163  loss: 0.0309  decode.loss_ce: 0.0309  decode.acc_seg: 99.6801
2025/03/09 15:16:06 - mmengine - INFO - Iter(train) [ 15550/160000]  lr: 6.4568e-03  eta: 10:27:31  time: 0.2554  data_time: 0.0074  memory: 9163  loss: 0.0485  decode.loss_ce: 0.0485  decode.acc_seg: 98.1727
2025/03/09 15:16:18 - mmengine - INFO - Iter(train) [ 15600/160000]  lr: 6.4451e-03  eta: 10:27:15  time: 0.2550  data_time: 0.0076  memory: 9163  loss: 0.0404  decode.loss_ce: 0.0404  decode.acc_seg: 98.6845
2025/03/09 15:16:31 - mmengine - INFO - Iter(train) [ 15650/160000]  lr: 6.4334e-03  eta: 10:26:59  time: 0.2522  data_time: 0.0076  memory: 9163  loss: 0.0461  decode.loss_ce: 0.0461  decode.acc_seg: 99.9418
2025/03/09 15:16:44 - mmengine - INFO - Iter(train) [ 15700/160000]  lr: 6.4217e-03  eta: 10:26:43  time: 0.2542  data_time: 0.0075  memory: 9163  loss: 0.0441  decode.loss_ce: 0.0441  decode.acc_seg: 98.1760
2025/03/09 15:16:57 - mmengine - INFO - Iter(train) [ 15750/160000]  lr: 6.4100e-03  eta: 10:26:28  time: 0.2524  data_time: 0.0072  memory: 9163  loss: 0.0655  decode.loss_ce: 0.0655  decode.acc_seg: 94.7097
2025/03/09 15:17:09 - mmengine - INFO - Iter(train) [ 15800/160000]  lr: 6.3983e-03  eta: 10:26:11  time: 0.2524  data_time: 0.0074  memory: 9163  loss: 0.0380  decode.loss_ce: 0.0380  decode.acc_seg: 98.3154
2025/03/09 15:17:22 - mmengine - INFO - Iter(train) [ 15850/160000]  lr: 6.3866e-03  eta: 10:25:55  time: 0.2567  data_time: 0.0078  memory: 9163  loss: 0.0304  decode.loss_ce: 0.0304  decode.acc_seg: 98.5254
2025/03/09 15:17:35 - mmengine - INFO - Iter(train) [ 15900/160000]  lr: 6.3749e-03  eta: 10:25:39  time: 0.2537  data_time: 0.0074  memory: 9163  loss: 0.0427  decode.loss_ce: 0.0427  decode.acc_seg: 98.0644
2025/03/09 15:17:47 - mmengine - INFO - Iter(train) [ 15950/160000]  lr: 6.3632e-03  eta: 10:25:24  time: 0.2535  data_time: 0.0078  memory: 9163  loss: 0.0313  decode.loss_ce: 0.0313  decode.acc_seg: 99.2563
2025/03/09 15:18:00 - mmengine - INFO - Exp name: efficient_20250309_140341
2025/03/09 15:18:00 - mmengine - INFO - Iter(train) [ 16000/160000]  lr: 6.3515e-03  eta: 10:25:08  time: 0.2548  data_time: 0.0075  memory: 9163  loss: 0.0475  decode.loss_ce: 0.0475  decode.acc_seg: 99.1040
2025/03/09 15:18:13 - mmengine - INFO - Iter(train) [ 16050/160000]  lr: 6.3397e-03  eta: 10:24:53  time: 0.2548  data_time: 0.0072  memory: 9163  loss: 0.0317  decode.loss_ce: 0.0317  decode.acc_seg: 96.0283
2025/03/09 15:18:26 - mmengine - INFO - Iter(train) [ 16100/160000]  lr: 6.3280e-03  eta: 10:24:37  time: 0.2524  data_time: 0.0069  memory: 9163  loss: 0.0275  decode.loss_ce: 0.0275  decode.acc_seg: 99.1001
2025/03/09 15:18:38 - mmengine - INFO - Iter(train) [ 16150/160000]  lr: 6.3163e-03  eta: 10:24:21  time: 0.2548  data_time: 0.0080  memory: 9163  loss: 0.0570  decode.loss_ce: 0.0570  decode.acc_seg: 99.7432
2025/03/09 15:18:51 - mmengine - INFO - Iter(train) [ 16200/160000]  lr: 6.3045e-03  eta: 10:24:05  time: 0.2543  data_time: 0.0076  memory: 9163  loss: 0.0505  decode.loss_ce: 0.0505  decode.acc_seg: 99.2504
2025/03/09 15:19:04 - mmengine - INFO - Iter(train) [ 16250/160000]  lr: 6.2928e-03  eta: 10:23:50  time: 0.2547  data_time: 0.0072  memory: 9163  loss: 0.0376  decode.loss_ce: 0.0376  decode.acc_seg: 99.3785
2025/03/09 15:19:17 - mmengine - INFO - Iter(train) [ 16300/160000]  lr: 6.2811e-03  eta: 10:23:34  time: 0.2549  data_time: 0.0077  memory: 9163  loss: 0.0218  decode.loss_ce: 0.0218  decode.acc_seg: 99.7322
2025/03/09 15:19:29 - mmengine - INFO - Iter(train) [ 16350/160000]  lr: 6.2693e-03  eta: 10:23:18  time: 0.2543  data_time: 0.0076  memory: 9163  loss: 0.0371  decode.loss_ce: 0.0371  decode.acc_seg: 99.2127
2025/03/09 15:19:42 - mmengine - INFO - Iter(train) [ 16400/160000]  lr: 6.2576e-03  eta: 10:23:03  time: 0.2551  data_time: 0.0076  memory: 9163  loss: 0.0389  decode.loss_ce: 0.0389  decode.acc_seg: 99.6528
2025/03/09 15:19:55 - mmengine - INFO - Iter(train) [ 16450/160000]  lr: 6.2459e-03  eta: 10:22:47  time: 0.2552  data_time: 0.0075  memory: 9163  loss: 0.0375  decode.loss_ce: 0.0375  decode.acc_seg: 98.3304
2025/03/09 15:20:07 - mmengine - INFO - Iter(train) [ 16500/160000]  lr: 6.2341e-03  eta: 10:22:32  time: 0.2534  data_time: 0.0076  memory: 9163  loss: 0.0504  decode.loss_ce: 0.0504  decode.acc_seg: 98.5661
2025/03/09 15:20:20 - mmengine - INFO - Iter(train) [ 16550/160000]  lr: 6.2224e-03  eta: 10:22:16  time: 0.2551  data_time: 0.0075  memory: 9163  loss: 0.0518  decode.loss_ce: 0.0518  decode.acc_seg: 98.8380
2025/03/09 15:20:33 - mmengine - INFO - Iter(train) [ 16600/160000]  lr: 6.2106e-03  eta: 10:22:01  time: 0.2559  data_time: 0.0073  memory: 9163  loss: 0.0499  decode.loss_ce: 0.0499  decode.acc_seg: 99.6639
2025/03/09 15:20:46 - mmengine - INFO - Iter(train) [ 16650/160000]  lr: 6.1989e-03  eta: 10:21:46  time: 0.2546  data_time: 0.0077  memory: 9163  loss: 0.0310  decode.loss_ce: 0.0310  decode.acc_seg: 98.7740
2025/03/09 15:20:58 - mmengine - INFO - Iter(train) [ 16700/160000]  lr: 6.1871e-03  eta: 10:21:31  time: 0.2521  data_time: 0.0075  memory: 9163  loss: 0.0469  decode.loss_ce: 0.0469  decode.acc_seg: 98.4348
2025/03/09 15:21:11 - mmengine - INFO - Iter(train) [ 16750/160000]  lr: 6.1754e-03  eta: 10:21:16  time: 0.2531  data_time: 0.0075  memory: 9163  loss: 0.0356  decode.loss_ce: 0.0356  decode.acc_seg: 97.8561
2025/03/09 15:21:24 - mmengine - INFO - Iter(train) [ 16800/160000]  lr: 6.1636e-03  eta: 10:21:00  time: 0.2553  data_time: 0.0081  memory: 9163  loss: 0.0313  decode.loss_ce: 0.0313  decode.acc_seg: 98.9610
2025/03/09 15:21:37 - mmengine - INFO - Iter(train) [ 16850/160000]  lr: 6.1518e-03  eta: 10:20:45  time: 0.2546  data_time: 0.0082  memory: 9163  loss: 0.0487  decode.loss_ce: 0.0487  decode.acc_seg: 98.7771
2025/03/09 15:21:49 - mmengine - INFO - Iter(train) [ 16900/160000]  lr: 6.1401e-03  eta: 10:20:30  time: 0.2548  data_time: 0.0072  memory: 9163  loss: 0.0351  decode.loss_ce: 0.0351  decode.acc_seg: 99.6095
2025/03/09 15:22:02 - mmengine - INFO - Iter(train) [ 16950/160000]  lr: 6.1283e-03  eta: 10:20:15  time: 0.2550  data_time: 0.0076  memory: 9163  loss: 0.0247  decode.loss_ce: 0.0247  decode.acc_seg: 99.1145
2025/03/09 15:22:15 - mmengine - INFO - Exp name: efficient_20250309_140341
2025/03/09 15:22:15 - mmengine - INFO - Iter(train) [ 17000/160000]  lr: 6.1165e-03  eta: 10:20:00  time: 0.2552  data_time: 0.0071  memory: 9163  loss: 0.0558  decode.loss_ce: 0.0558  decode.acc_seg: 98.6705
2025/03/09 15:22:15 - mmengine - INFO - Saving checkpoint at 17000 iterations
2025/03/09 15:22:30 - mmengine - INFO - Iter(train) [ 17050/160000]  lr: 6.1048e-03  eta: 10:20:02  time: 0.2519  data_time: 0.0074  memory: 9163  loss: 0.0297  decode.loss_ce: 0.0297  decode.acc_seg: 99.4892
2025/03/09 15:22:43 - mmengine - INFO - Iter(train) [ 17100/160000]  lr: 6.0930e-03  eta: 10:19:47  time: 0.2522  data_time: 0.0075  memory: 9163  loss: 0.0432  decode.loss_ce: 0.0432  decode.acc_seg: 98.9000
2025/03/09 15:22:55 - mmengine - INFO - Iter(train) [ 17150/160000]  lr: 6.0812e-03  eta: 10:19:31  time: 0.2546  data_time: 0.0074  memory: 9163  loss: 0.0377  decode.loss_ce: 0.0377  decode.acc_seg: 96.6229
2025/03/09 15:23:08 - mmengine - INFO - Iter(train) [ 17200/160000]  lr: 6.0694e-03  eta: 10:19:16  time: 0.2549  data_time: 0.0076  memory: 9163  loss: 0.0325  decode.loss_ce: 0.0325  decode.acc_seg: 98.7365
2025/03/09 15:23:21 - mmengine - INFO - Iter(train) [ 17250/160000]  lr: 6.0576e-03  eta: 10:19:00  time: 0.2522  data_time: 0.0076  memory: 9163  loss: 0.0339  decode.loss_ce: 0.0339  decode.acc_seg: 98.9687
2025/03/09 15:23:33 - mmengine - INFO - Iter(train) [ 17300/160000]  lr: 6.0459e-03  eta: 10:18:45  time: 0.2522  data_time: 0.0074  memory: 9163  loss: 0.0291  decode.loss_ce: 0.0291  decode.acc_seg: 99.2381
2025/03/09 15:23:46 - mmengine - INFO - Iter(train) [ 17350/160000]  lr: 6.0341e-03  eta: 10:18:29  time: 0.2548  data_time: 0.0073  memory: 9163  loss: 0.0472  decode.loss_ce: 0.0472  decode.acc_seg: 98.0320
2025/03/09 15:23:59 - mmengine - INFO - Iter(train) [ 17400/160000]  lr: 6.0223e-03  eta: 10:18:14  time: 0.2549  data_time: 0.0076  memory: 9163  loss: 0.0353  decode.loss_ce: 0.0353  decode.acc_seg: 97.2326
2025/03/09 15:24:12 - mmengine - INFO - Iter(train) [ 17450/160000]  lr: 6.0105e-03  eta: 10:17:58  time: 0.2552  data_time: 0.0074  memory: 9163  loss: 0.0313  decode.loss_ce: 0.0313  decode.acc_seg: 99.3143
2025/03/09 15:24:24 - mmengine - INFO - Iter(train) [ 17500/160000]  lr: 5.9987e-03  eta: 10:17:43  time: 0.2517  data_time: 0.0072  memory: 9163  loss: 0.0574  decode.loss_ce: 0.0574  decode.acc_seg: 99.1134
2025/03/09 15:24:27 - mmengine - INFO - Iter(val) [ 50/869]    eta: 0:00:49  time: 0.0559  data_time: 0.0027  memory: 636  
2025/03/09 15:24:30 - mmengine - INFO - Iter(val) [100/869]    eta: 0:00:44  time: 0.0559  data_time: 0.0024  memory: 636  
2025/03/09 15:24:33 - mmengine - INFO - Iter(val) [150/869]    eta: 0:00:41  time: 0.0557  data_time: 0.0025  memory: 636  
2025/03/09 15:24:36 - mmengine - INFO - Iter(val) [200/869]    eta: 0:00:38  time: 0.0547  data_time: 0.0026  memory: 636  
2025/03/09 15:24:39 - mmengine - INFO - Iter(val) [250/869]    eta: 0:00:35  time: 0.0557  data_time: 0.0025  memory: 636  
2025/03/09 15:24:41 - mmengine - INFO - Iter(val) [300/869]    eta: 0:00:32  time: 0.0557  data_time: 0.0025  memory: 636  
2025/03/09 15:24:44 - mmengine - INFO - Iter(val) [350/869]    eta: 0:00:29  time: 0.0557  data_time: 0.0026  memory: 636  
2025/03/09 15:24:47 - mmengine - INFO - Iter(val) [400/869]    eta: 0:00:26  time: 0.0604  data_time: 0.0028  memory: 636  
2025/03/09 15:24:50 - mmengine - INFO - Iter(val) [450/869]    eta: 0:00:24  time: 0.0595  data_time: 0.0025  memory: 636  
2025/03/09 15:24:53 - mmengine - INFO - Iter(val) [500/869]    eta: 0:00:21  time: 0.0559  data_time: 0.0024  memory: 636  
2025/03/09 15:24:56 - mmengine - INFO - Iter(val) [550/869]    eta: 0:00:18  time: 0.0559  data_time: 0.0025  memory: 636  
2025/03/09 15:24:59 - mmengine - INFO - Iter(val) [600/869]    eta: 0:00:15  time: 0.0558  data_time: 0.0026  memory: 636  
2025/03/09 15:25:02 - mmengine - INFO - Iter(val) [650/869]    eta: 0:00:12  time: 0.0560  data_time: 0.0027  memory: 636  
2025/03/09 15:25:04 - mmengine - INFO - Iter(val) [700/869]    eta: 0:00:09  time: 0.0559  data_time: 0.0027  memory: 636  
2025/03/09 15:25:07 - mmengine - INFO - Iter(val) [750/869]    eta: 0:00:06  time: 0.0567  data_time: 0.0026  memory: 636  
2025/03/09 15:25:10 - mmengine - INFO - Iter(val) [800/869]    eta: 0:00:03  time: 0.0549  data_time: 0.0024  memory: 636  
2025/03/09 15:25:13 - mmengine - INFO - Iter(val) [850/869]    eta: 0:00:01  time: 0.0559  data_time: 0.0026  memory: 636  
2025/03/09 15:25:14 - mmengine - INFO - per class results:
2025/03/09 15:25:14 - mmengine - INFO - 
+------------+-------+-------+--------+-----------+--------+
|   Class    |  IoU  |  Acc  | Fscore | Precision | Recall |
+------------+-------+-------+--------+-----------+--------+
| background | 96.48 | 97.02 | 98.21  |   99.42   | 97.02  |
|    ghaf    | 51.05 | 86.76 | 67.59  |   55.36   | 86.76  |
+------------+-------+-------+--------+-----------+--------+
2025/03/09 15:25:14 - mmengine - INFO - Iter(val) [869/869]    aAcc: 96.6000  mIoU: 73.7600  mAcc: 91.8900  mFscore: 82.9000  mPrecision: 77.3900  mRecall: 91.8900  data_time: 0.0028  time: 0.0569
2025/03/09 15:25:27 - mmengine - INFO - Iter(train) [ 17550/160000]  lr: 5.9869e-03  eta: 10:17:28  time: 0.2529  data_time: 0.0073  memory: 9163  loss: 0.0221  decode.loss_ce: 0.0221  decode.acc_seg: 99.4644
2025/03/09 15:25:39 - mmengine - INFO - Iter(train) [ 17600/160000]  lr: 5.9751e-03  eta: 10:17:12  time: 0.2515  data_time: 0.0077  memory: 9163  loss: 0.0348  decode.loss_ce: 0.0348  decode.acc_seg: 98.2858
2025/03/09 15:25:52 - mmengine - INFO - Iter(train) [ 17650/160000]  lr: 5.9633e-03  eta: 10:16:56  time: 0.2552  data_time: 0.0078  memory: 9163  loss: 0.0563  decode.loss_ce: 0.0563  decode.acc_seg: 98.3864
2025/03/09 15:26:05 - mmengine - INFO - Iter(train) [ 17700/160000]  lr: 5.9515e-03  eta: 10:16:41  time: 0.2551  data_time: 0.0073  memory: 9163  loss: 0.0457  decode.loss_ce: 0.0457  decode.acc_seg: 98.0765
2025/03/09 15:26:17 - mmengine - INFO - Iter(train) [ 17750/160000]  lr: 5.9397e-03  eta: 10:16:25  time: 0.2508  data_time: 0.0074  memory: 9163  loss: 0.0462  decode.loss_ce: 0.0462  decode.acc_seg: 99.8537
2025/03/09 15:26:30 - mmengine - INFO - Iter(train) [ 17800/160000]  lr: 5.9279e-03  eta: 10:16:09  time: 0.2537  data_time: 0.0074  memory: 9163  loss: 0.0253  decode.loss_ce: 0.0253  decode.acc_seg: 98.2352
2025/03/09 15:26:42 - mmengine - INFO - Iter(train) [ 17850/160000]  lr: 5.9160e-03  eta: 10:15:53  time: 0.2522  data_time: 0.0073  memory: 9163  loss: 0.0460  decode.loss_ce: 0.0460  decode.acc_seg: 99.7940
2025/03/09 15:26:55 - mmengine - INFO - Iter(train) [ 17900/160000]  lr: 5.9042e-03  eta: 10:15:37  time: 0.2531  data_time: 0.0074  memory: 9163  loss: 0.0487  decode.loss_ce: 0.0487  decode.acc_seg: 98.6163
2025/03/09 15:27:08 - mmengine - INFO - Iter(train) [ 17950/160000]  lr: 5.8924e-03  eta: 10:15:22  time: 0.2535  data_time: 0.0076  memory: 9163  loss: 0.0435  decode.loss_ce: 0.0435  decode.acc_seg: 98.1297
2025/03/09 15:27:21 - mmengine - INFO - Exp name: efficient_20250309_140341
2025/03/09 15:27:21 - mmengine - INFO - Iter(train) [ 18000/160000]  lr: 5.8806e-03  eta: 10:15:07  time: 0.2546  data_time: 0.0074  memory: 9163  loss: 0.0438  decode.loss_ce: 0.0438  decode.acc_seg: 98.7774
2025/03/09 15:27:33 - mmengine - INFO - Iter(train) [ 18050/160000]  lr: 5.8688e-03  eta: 10:14:52  time: 0.2545  data_time: 0.0074  memory: 9163  loss: 0.0304  decode.loss_ce: 0.0304  decode.acc_seg: 97.3271
2025/03/09 15:27:46 - mmengine - INFO - Iter(train) [ 18100/160000]  lr: 5.8569e-03  eta: 10:14:36  time: 0.2544  data_time: 0.0078  memory: 9163  loss: 0.0636  decode.loss_ce: 0.0636  decode.acc_seg: 98.6627
2025/03/09 15:27:59 - mmengine - INFO - Iter(train) [ 18150/160000]  lr: 5.8451e-03  eta: 10:14:21  time: 0.2525  data_time: 0.0076  memory: 9163  loss: 0.0116  decode.loss_ce: 0.0116  decode.acc_seg: 99.9702
2025/03/09 15:28:11 - mmengine - INFO - Iter(train) [ 18200/160000]  lr: 5.8333e-03  eta: 10:14:06  time: 0.2541  data_time: 0.0076  memory: 9163  loss: 0.0532  decode.loss_ce: 0.0532  decode.acc_seg: 99.7041
2025/03/09 15:28:24 - mmengine - INFO - Iter(train) [ 18250/160000]  lr: 5.8214e-03  eta: 10:13:50  time: 0.2508  data_time: 0.0069  memory: 9163  loss: 0.0403  decode.loss_ce: 0.0403  decode.acc_seg: 98.5410
2025/03/09 15:28:37 - mmengine - INFO - Iter(train) [ 18300/160000]  lr: 5.8096e-03  eta: 10:13:34  time: 0.2551  data_time: 0.0075  memory: 9163  loss: 0.0360  decode.loss_ce: 0.0360  decode.acc_seg: 97.7762
2025/03/09 15:28:49 - mmengine - INFO - Iter(train) [ 18350/160000]  lr: 5.7977e-03  eta: 10:13:20  time: 0.2565  data_time: 0.0075  memory: 9163  loss: 0.0456  decode.loss_ce: 0.0456  decode.acc_seg: 98.1680
2025/03/09 15:29:02 - mmengine - INFO - Iter(train) [ 18400/160000]  lr: 5.7859e-03  eta: 10:13:04  time: 0.2551  data_time: 0.0074  memory: 9163  loss: 0.0324  decode.loss_ce: 0.0324  decode.acc_seg: 99.3326
2025/03/09 15:29:15 - mmengine - INFO - Iter(train) [ 18450/160000]  lr: 5.7741e-03  eta: 10:12:49  time: 0.2551  data_time: 0.0077  memory: 9163  loss: 0.0237  decode.loss_ce: 0.0237  decode.acc_seg: 99.4370
2025/03/09 15:29:28 - mmengine - INFO - Iter(train) [ 18500/160000]  lr: 5.7622e-03  eta: 10:12:34  time: 0.2533  data_time: 0.0074  memory: 9163  loss: 0.0601  decode.loss_ce: 0.0601  decode.acc_seg: 98.9653
2025/03/09 15:29:40 - mmengine - INFO - Iter(train) [ 18550/160000]  lr: 5.7504e-03  eta: 10:12:19  time: 0.2524  data_time: 0.0079  memory: 9163  loss: 0.0455  decode.loss_ce: 0.0455  decode.acc_seg: 98.6122
2025/03/09 15:31:22 - mmengine - INFO - Iter(train) [ 18600/160000]  lr: 5.7385e-03  eta: 10:23:20  time: 0.2431  data_time: 0.0082  memory: 9163  loss: 0.0508  decode.loss_ce: 0.0508  decode.acc_seg: 96.0091
2025/03/09 15:31:34 - mmengine - INFO - Iter(train) [ 18650/160000]  lr: 5.7266e-03  eta: 10:23:00  time: 0.2495  data_time: 0.0081  memory: 9163  loss: 0.0744  decode.loss_ce: 0.0744  decode.acc_seg: 98.1752
2025/03/09 15:31:47 - mmengine - INFO - Iter(train) [ 18700/160000]  lr: 5.7148e-03  eta: 10:22:42  time: 0.2526  data_time: 0.0075  memory: 9163  loss: 0.0234  decode.loss_ce: 0.0234  decode.acc_seg: 98.5199
2025/03/09 15:31:59 - mmengine - INFO - Iter(train) [ 18750/160000]  lr: 5.7029e-03  eta: 10:22:24  time: 0.2444  data_time: 0.0075  memory: 9163  loss: 0.0271  decode.loss_ce: 0.0271  decode.acc_seg: 99.0900
2025/03/09 15:32:12 - mmengine - INFO - Iter(train) [ 18800/160000]  lr: 5.6910e-03  eta: 10:22:04  time: 0.2458  data_time: 0.0077  memory: 9163  loss: 0.0396  decode.loss_ce: 0.0396  decode.acc_seg: 94.3263
2025/03/09 15:32:24 - mmengine - INFO - Iter(train) [ 18850/160000]  lr: 5.6792e-03  eta: 10:21:43  time: 0.2458  data_time: 0.0075  memory: 9163  loss: 0.0306  decode.loss_ce: 0.0306  decode.acc_seg: 99.8946
2025/03/09 15:32:36 - mmengine - INFO - Iter(train) [ 18900/160000]  lr: 5.6673e-03  eta: 10:21:23  time: 0.2458  data_time: 0.0079  memory: 9163  loss: 0.0393  decode.loss_ce: 0.0393  decode.acc_seg: 97.8364
2025/03/09 15:32:49 - mmengine - INFO - Iter(train) [ 18950/160000]  lr: 5.6554e-03  eta: 10:21:05  time: 0.2579  data_time: 0.0085  memory: 9163  loss: 0.0508  decode.loss_ce: 0.0508  decode.acc_seg: 98.4089
2025/03/09 15:33:02 - mmengine - INFO - Exp name: efficient_20250309_140341
2025/03/09 15:33:02 - mmengine - INFO - Iter(train) [ 19000/160000]  lr: 5.6436e-03  eta: 10:20:48  time: 0.2581  data_time: 0.0090  memory: 9163  loss: 0.0362  decode.loss_ce: 0.0362  decode.acc_seg: 99.5225
2025/03/09 15:33:14 - mmengine - INFO - Iter(train) [ 19050/160000]  lr: 5.6317e-03  eta: 10:20:33  time: 0.2537  data_time: 0.0077  memory: 9163  loss: 0.0357  decode.loss_ce: 0.0357  decode.acc_seg: 98.9565
2025/03/09 15:33:27 - mmengine - INFO - Iter(train) [ 19100/160000]  lr: 5.6198e-03  eta: 10:20:17  time: 0.2558  data_time: 0.0085  memory: 9163  loss: 0.0320  decode.loss_ce: 0.0320  decode.acc_seg: 97.8023
2025/03/09 15:33:40 - mmengine - INFO - Iter(train) [ 19150/160000]  lr: 5.6079e-03  eta: 10:20:01  time: 0.2573  data_time: 0.0077  memory: 9163  loss: 0.0420  decode.loss_ce: 0.0420  decode.acc_seg: 99.4360
2025/03/09 15:33:53 - mmengine - INFO - Iter(train) [ 19200/160000]  lr: 5.5960e-03  eta: 10:19:45  time: 0.2558  data_time: 0.0079  memory: 9163  loss: 0.0288  decode.loss_ce: 0.0288  decode.acc_seg: 99.5633
2025/03/09 15:34:06 - mmengine - INFO - Iter(train) [ 19250/160000]  lr: 5.5841e-03  eta: 10:19:29  time: 0.2548  data_time: 0.0078  memory: 9163  loss: 0.0415  decode.loss_ce: 0.0415  decode.acc_seg: 100.0000
2025/03/09 15:34:19 - mmengine - INFO - Iter(train) [ 19300/160000]  lr: 5.5722e-03  eta: 10:19:14  time: 0.2608  data_time: 0.0096  memory: 9163  loss: 0.0435  decode.loss_ce: 0.0435  decode.acc_seg: 99.2528
2025/03/09 15:34:32 - mmengine - INFO - Iter(train) [ 19350/160000]  lr: 5.5603e-03  eta: 10:18:58  time: 0.2553  data_time: 0.0083  memory: 9163  loss: 0.0325  decode.loss_ce: 0.0325  decode.acc_seg: 97.6235
2025/03/09 15:34:45 - mmengine - INFO - Iter(train) [ 19400/160000]  lr: 5.5484e-03  eta: 10:18:43  time: 0.2593  data_time: 0.0095  memory: 9163  loss: 0.0579  decode.loss_ce: 0.0579  decode.acc_seg: 99.4415
2025/03/09 15:34:57 - mmengine - INFO - Iter(train) [ 19450/160000]  lr: 5.5365e-03  eta: 10:18:27  time: 0.2563  data_time: 0.0087  memory: 9163  loss: 0.0318  decode.loss_ce: 0.0318  decode.acc_seg: 99.9093
2025/03/09 15:35:10 - mmengine - INFO - Iter(train) [ 19500/160000]  lr: 5.5246e-03  eta: 10:18:12  time: 0.2584  data_time: 0.0114  memory: 9163  loss: 0.0397  decode.loss_ce: 0.0397  decode.acc_seg: 99.4718
2025/03/09 15:35:23 - mmengine - INFO - Iter(train) [ 19550/160000]  lr: 5.5127e-03  eta: 10:17:56  time: 0.2543  data_time: 0.0087  memory: 9163  loss: 0.0997  decode.loss_ce: 0.0997  decode.acc_seg: 98.2993
2025/03/09 15:35:37 - mmengine - INFO - Iter(train) [ 19600/160000]  lr: 5.5008e-03  eta: 10:17:45  time: 0.2569  data_time: 0.0085  memory: 9163  loss: 0.0567  decode.loss_ce: 0.0567  decode.acc_seg: 98.0835
2025/03/09 15:35:54 - mmengine - INFO - Iter(train) [ 19650/160000]  lr: 5.4889e-03  eta: 10:18:03  time: 0.2578  data_time: 0.0087  memory: 9163  loss: 0.0351  decode.loss_ce: 0.0351  decode.acc_seg: 99.4090
2025/03/09 15:36:07 - mmengine - INFO - Iter(train) [ 19700/160000]  lr: 5.4770e-03  eta: 10:17:47  time: 0.2554  data_time: 0.0087  memory: 9163  loss: 0.0549  decode.loss_ce: 0.0549  decode.acc_seg: 92.5633
2025/03/09 15:36:20 - mmengine - INFO - Iter(train) [ 19750/160000]  lr: 5.4650e-03  eta: 10:17:31  time: 0.2549  data_time: 0.0077  memory: 9163  loss: 0.0457  decode.loss_ce: 0.0457  decode.acc_seg: 97.7277
2025/03/09 15:36:33 - mmengine - INFO - Iter(train) [ 19800/160000]  lr: 5.4531e-03  eta: 10:17:14  time: 0.2570  data_time: 0.0083  memory: 9163  loss: 0.0496  decode.loss_ce: 0.0496  decode.acc_seg: 91.4656
2025/03/09 15:36:45 - mmengine - INFO - Iter(train) [ 19850/160000]  lr: 5.4412e-03  eta: 10:16:58  time: 0.2561  data_time: 0.0080  memory: 9163  loss: 0.0161  decode.loss_ce: 0.0161  decode.acc_seg: 98.8657
2025/03/09 15:36:58 - mmengine - INFO - Iter(train) [ 19900/160000]  lr: 5.4293e-03  eta: 10:16:42  time: 0.2540  data_time: 0.0083  memory: 9163  loss: 0.0358  decode.loss_ce: 0.0358  decode.acc_seg: 99.0393
2025/03/09 15:37:11 - mmengine - INFO - Iter(train) [ 19950/160000]  lr: 5.4173e-03  eta: 10:16:26  time: 0.2549  data_time: 0.0077  memory: 9163  loss: 0.0463  decode.loss_ce: 0.0463  decode.acc_seg: 97.2682
2025/03/09 15:37:24 - mmengine - INFO - Exp name: efficient_20250309_140341
2025/03/09 15:37:24 - mmengine - INFO - Iter(train) [ 20000/160000]  lr: 5.4054e-03  eta: 10:16:10  time: 0.2553  data_time: 0.0079  memory: 9163  loss: 0.0387  decode.loss_ce: 0.0387  decode.acc_seg: 97.7975
2025/03/09 15:37:37 - mmengine - INFO - Iter(train) [ 20050/160000]  lr: 5.3935e-03  eta: 10:15:54  time: 0.2596  data_time: 0.0085  memory: 9163  loss: 0.0371  decode.loss_ce: 0.0371  decode.acc_seg: 98.7754
2025/03/09 15:37:49 - mmengine - INFO - Iter(train) [ 20100/160000]  lr: 5.3815e-03  eta: 10:15:38  time: 0.2571  data_time: 0.0085  memory: 9163  loss: 0.0205  decode.loss_ce: 0.0205  decode.acc_seg: 99.6236
2025/03/09 15:38:03 - mmengine - INFO - Iter(train) [ 20150/160000]  lr: 5.3696e-03  eta: 10:15:27  time: 0.2555  data_time: 0.0082  memory: 9163  loss: 0.0712  decode.loss_ce: 0.0712  decode.acc_seg: 99.5032
2025/03/09 15:38:16 - mmengine - INFO - Iter(train) [ 20200/160000]  lr: 5.3576e-03  eta: 10:15:11  time: 0.2575  data_time: 0.0083  memory: 9163  loss: 0.0525  decode.loss_ce: 0.0525  decode.acc_seg: 99.3166
2025/03/09 15:38:29 - mmengine - INFO - Iter(train) [ 20250/160000]  lr: 5.3457e-03  eta: 10:14:59  time: 0.2526  data_time: 0.0076  memory: 9163  loss: 0.0205  decode.loss_ce: 0.0205  decode.acc_seg: 99.8208
2025/03/09 15:38:42 - mmengine - INFO - Iter(train) [ 20300/160000]  lr: 5.3337e-03  eta: 10:14:42  time: 0.2547  data_time: 0.0079  memory: 9163  loss: 0.0312  decode.loss_ce: 0.0312  decode.acc_seg: 99.6370
2025/03/09 15:38:55 - mmengine - INFO - Iter(train) [ 20350/160000]  lr: 5.3218e-03  eta: 10:14:26  time: 0.2575  data_time: 0.0083  memory: 9163  loss: 0.0242  decode.loss_ce: 0.0242  decode.acc_seg: 99.4546
2025/03/09 15:39:07 - mmengine - INFO - Iter(train) [ 20400/160000]  lr: 5.3098e-03  eta: 10:14:10  time: 0.2575  data_time: 0.0084  memory: 9163  loss: 0.0397  decode.loss_ce: 0.0397  decode.acc_seg: 99.7236
2025/03/09 15:39:07 - mmengine - INFO - Saving checkpoint at 20400 iterations
2025/03/09 15:39:22 - mmengine - INFO - Iter(train) [ 20450/160000]  lr: 5.2978e-03  eta: 10:14:08  time: 0.2557  data_time: 0.0077  memory: 9163  loss: 0.0285  decode.loss_ce: 0.0285  decode.acc_seg: 98.7391
2025/03/09 15:39:35 - mmengine - INFO - Iter(train) [ 20500/160000]  lr: 5.2859e-03  eta: 10:13:52  time: 0.2553  data_time: 0.0079  memory: 9163  loss: 0.0487  decode.loss_ce: 0.0487  decode.acc_seg: 98.5795
2025/03/09 15:39:48 - mmengine - INFO - Iter(train) [ 20550/160000]  lr: 5.2739e-03  eta: 10:13:36  time: 0.2550  data_time: 0.0082  memory: 9163  loss: 0.0287  decode.loss_ce: 0.0287  decode.acc_seg: 99.2072
2025/03/09 15:40:01 - mmengine - INFO - Iter(train) [ 20600/160000]  lr: 5.2619e-03  eta: 10:13:20  time: 0.2538  data_time: 0.0086  memory: 9163  loss: 0.0376  decode.loss_ce: 0.0376  decode.acc_seg: 99.0089
2025/03/09 15:40:13 - mmengine - INFO - Iter(train) [ 20650/160000]  lr: 5.2500e-03  eta: 10:13:04  time: 0.2555  data_time: 0.0079  memory: 9163  loss: 0.0449  decode.loss_ce: 0.0449  decode.acc_seg: 98.4536
2025/03/09 15:40:26 - mmengine - INFO - Iter(train) [ 20700/160000]  lr: 5.2380e-03  eta: 10:12:48  time: 0.2549  data_time: 0.0079  memory: 9163  loss: 0.0291  decode.loss_ce: 0.0291  decode.acc_seg: 97.8527
2025/03/09 15:40:39 - mmengine - INFO - Iter(train) [ 20750/160000]  lr: 5.2260e-03  eta: 10:12:32  time: 0.2552  data_time: 0.0079  memory: 9163  loss: 0.0508  decode.loss_ce: 0.0508  decode.acc_seg: 99.4130
2025/03/09 15:40:52 - mmengine - INFO - Iter(train) [ 20800/160000]  lr: 5.2140e-03  eta: 10:12:16  time: 0.2552  data_time: 0.0080  memory: 9163  loss: 0.0441  decode.loss_ce: 0.0441  decode.acc_seg: 92.9482
2025/03/09 15:41:04 - mmengine - INFO - Iter(train) [ 20850/160000]  lr: 5.2020e-03  eta: 10:12:00  time: 0.2548  data_time: 0.0075  memory: 9163  loss: 0.0594  decode.loss_ce: 0.0594  decode.acc_seg: 99.8580
2025/03/09 15:41:17 - mmengine - INFO - Iter(train) [ 20900/160000]  lr: 5.1900e-03  eta: 10:11:44  time: 0.2567  data_time: 0.0079  memory: 9163  loss: 0.0388  decode.loss_ce: 0.0388  decode.acc_seg: 99.2232
2025/03/09 15:41:30 - mmengine - INFO - Iter(train) [ 20950/160000]  lr: 5.1780e-03  eta: 10:11:27  time: 0.2550  data_time: 0.0077  memory: 9163  loss: 0.0431  decode.loss_ce: 0.0431  decode.acc_seg: 100.0000
2025/03/09 15:41:43 - mmengine - INFO - Exp name: efficient_20250309_140341
2025/03/09 15:41:43 - mmengine - INFO - Iter(train) [ 21000/160000]  lr: 5.1660e-03  eta: 10:11:12  time: 0.2565  data_time: 0.0078  memory: 9163  loss: 0.0267  decode.loss_ce: 0.0267  decode.acc_seg: 99.0841
2025/03/09 15:41:46 - mmengine - INFO - Iter(val) [ 50/869]    eta: 0:00:48  time: 0.0556  data_time: 0.0027  memory: 636  
2025/03/09 15:41:49 - mmengine - INFO - Iter(val) [100/869]    eta: 0:00:44  time: 0.0566  data_time: 0.0026  memory: 636  
2025/03/09 15:41:51 - mmengine - INFO - Iter(val) [150/869]    eta: 0:00:41  time: 0.0559  data_time: 0.0029  memory: 636  
2025/03/09 15:41:54 - mmengine - INFO - Iter(val) [200/869]    eta: 0:00:38  time: 0.0590  data_time: 0.0030  memory: 636  
2025/03/09 15:41:57 - mmengine - INFO - Iter(val) [250/869]    eta: 0:00:35  time: 0.0549  data_time: 0.0026  memory: 636  
2025/03/09 15:42:00 - mmengine - INFO - Iter(val) [300/869]    eta: 0:00:32  time: 0.0567  data_time: 0.0026  memory: 636  
2025/03/09 15:42:03 - mmengine - INFO - Iter(val) [350/869]    eta: 0:00:29  time: 0.0581  data_time: 0.0024  memory: 636  
2025/03/09 15:42:06 - mmengine - INFO - Iter(val) [400/869]    eta: 0:00:26  time: 0.0570  data_time: 0.0029  memory: 636  
2025/03/09 15:42:08 - mmengine - INFO - Iter(val) [450/869]    eta: 0:00:23  time: 0.0561  data_time: 0.0026  memory: 636  
2025/03/09 15:42:11 - mmengine - INFO - Iter(val) [500/869]    eta: 0:00:20  time: 0.0568  data_time: 0.0026  memory: 636  
2025/03/09 15:42:14 - mmengine - INFO - Iter(val) [550/869]    eta: 0:00:18  time: 0.0566  data_time: 0.0025  memory: 636  
2025/03/09 15:42:17 - mmengine - INFO - Iter(val) [600/869]    eta: 0:00:15  time: 0.0615  data_time: 0.0028  memory: 636  
2025/03/09 15:42:20 - mmengine - INFO - Iter(val) [650/869]    eta: 0:00:12  time: 0.0562  data_time: 0.0028  memory: 636  
2025/03/09 15:42:23 - mmengine - INFO - Iter(val) [700/869]    eta: 0:00:09  time: 0.0563  data_time: 0.0024  memory: 636  
2025/03/09 15:42:26 - mmengine - INFO - Iter(val) [750/869]    eta: 0:00:06  time: 0.0564  data_time: 0.0029  memory: 636  
2025/03/09 15:42:29 - mmengine - INFO - Iter(val) [800/869]    eta: 0:00:03  time: 0.0562  data_time: 0.0026  memory: 636  
2025/03/09 15:42:32 - mmengine - INFO - Iter(val) [850/869]    eta: 0:00:01  time: 0.0566  data_time: 0.0025  memory: 636  
2025/03/09 15:42:33 - mmengine - INFO - per class results:
2025/03/09 15:42:33 - mmengine - INFO - 
+------------+-------+-------+--------+-----------+--------+
|   Class    |  IoU  |  Acc  | Fscore | Precision | Recall |
+------------+-------+-------+--------+-----------+--------+
| background | 97.13 | 97.96 | 98.54  |   99.14   | 97.96  |
|    ghaf    | 54.05 | 79.99 | 70.17  |    62.5   | 79.99  |
+------------+-------+-------+--------+-----------+--------+
2025/03/09 15:42:33 - mmengine - INFO - Iter(val) [869/869]    aAcc: 97.2200  mIoU: 75.5900  mAcc: 88.9700  mFscore: 84.3600  mPrecision: 80.8200  mRecall: 88.9700  data_time: 0.0027  time: 0.0574
2025/03/09 15:42:46 - mmengine - INFO - Iter(train) [ 21050/160000]  lr: 5.1540e-03  eta: 10:10:55  time: 0.2524  data_time: 0.0074  memory: 9163  loss: 0.0616  decode.loss_ce: 0.0616  decode.acc_seg: 98.6531
2025/03/09 15:42:58 - mmengine - INFO - Iter(train) [ 21100/160000]  lr: 5.1420e-03  eta: 10:10:38  time: 0.2517  data_time: 0.0073  memory: 9163  loss: 0.0296  decode.loss_ce: 0.0296  decode.acc_seg: 97.7388
2025/03/09 15:43:11 - mmengine - INFO - Iter(train) [ 21150/160000]  lr: 5.1300e-03  eta: 10:10:22  time: 0.2537  data_time: 0.0077  memory: 9163  loss: 0.0394  decode.loss_ce: 0.0394  decode.acc_seg: 98.6884
2025/03/09 15:43:24 - mmengine - INFO - Iter(train) [ 21200/160000]  lr: 5.1180e-03  eta: 10:10:06  time: 0.2545  data_time: 0.0076  memory: 9163  loss: 0.0319  decode.loss_ce: 0.0319  decode.acc_seg: 98.4943
2025/03/09 15:43:36 - mmengine - INFO - Iter(train) [ 21250/160000]  lr: 5.1060e-03  eta: 10:09:49  time: 0.2548  data_time: 0.0073  memory: 9163  loss: 0.1131  decode.loss_ce: 0.1131  decode.acc_seg: 99.4750
2025/03/09 15:43:49 - mmengine - INFO - Iter(train) [ 21300/160000]  lr: 5.0940e-03  eta: 10:09:33  time: 0.2551  data_time: 0.0079  memory: 9163  loss: 0.0334  decode.loss_ce: 0.0334  decode.acc_seg: 99.5011
2025/03/09 15:44:02 - mmengine - INFO - Iter(train) [ 21350/160000]  lr: 5.0820e-03  eta: 10:09:16  time: 0.2534  data_time: 0.0074  memory: 9163  loss: 0.0399  decode.loss_ce: 0.0399  decode.acc_seg: 98.2028
2025/03/09 15:44:14 - mmengine - INFO - Iter(train) [ 21400/160000]  lr: 5.0700e-03  eta: 10:09:00  time: 0.2542  data_time: 0.0073  memory: 9163  loss: 0.0337  decode.loss_ce: 0.0337  decode.acc_seg: 99.1656
2025/03/09 15:44:27 - mmengine - INFO - Iter(train) [ 21450/160000]  lr: 5.0579e-03  eta: 10:08:44  time: 0.2552  data_time: 0.0074  memory: 9163  loss: 0.0250  decode.loss_ce: 0.0250  decode.acc_seg: 99.7507
2025/03/09 15:44:40 - mmengine - INFO - Iter(train) [ 21500/160000]  lr: 5.0459e-03  eta: 10:08:28  time: 0.2551  data_time: 0.0080  memory: 9163  loss: 0.0572  decode.loss_ce: 0.0572  decode.acc_seg: 96.5337
2025/03/09 15:44:53 - mmengine - INFO - Iter(train) [ 21550/160000]  lr: 5.0339e-03  eta: 10:08:12  time: 0.2549  data_time: 0.0074  memory: 9163  loss: 0.0506  decode.loss_ce: 0.0506  decode.acc_seg: 98.1437
2025/03/09 15:45:05 - mmengine - INFO - Iter(train) [ 21600/160000]  lr: 5.0218e-03  eta: 10:07:56  time: 0.2534  data_time: 0.0074  memory: 9163  loss: 0.0572  decode.loss_ce: 0.0572  decode.acc_seg: 98.9976
2025/03/09 15:45:18 - mmengine - INFO - Iter(train) [ 21650/160000]  lr: 5.0098e-03  eta: 10:07:40  time: 0.2548  data_time: 0.0074  memory: 9163  loss: 0.0395  decode.loss_ce: 0.0395  decode.acc_seg: 98.8969
2025/03/09 15:45:31 - mmengine - INFO - Iter(train) [ 21700/160000]  lr: 4.9978e-03  eta: 10:07:24  time: 0.2548  data_time: 0.0074  memory: 9163  loss: 0.0440  decode.loss_ce: 0.0440  decode.acc_seg: 97.8022
2025/03/09 15:45:43 - mmengine - INFO - Iter(train) [ 21750/160000]  lr: 4.9857e-03  eta: 10:07:08  time: 0.2550  data_time: 0.0075  memory: 9163  loss: 0.0419  decode.loss_ce: 0.0419  decode.acc_seg: 97.9177
2025/03/09 15:45:56 - mmengine - INFO - Iter(train) [ 21800/160000]  lr: 4.9737e-03  eta: 10:06:52  time: 0.2550  data_time: 0.0073  memory: 9163  loss: 0.0153  decode.loss_ce: 0.0153  decode.acc_seg: 99.7601
2025/03/09 15:46:09 - mmengine - INFO - Iter(train) [ 21850/160000]  lr: 4.9616e-03  eta: 10:06:35  time: 0.2550  data_time: 0.0073  memory: 9163  loss: 0.0363  decode.loss_ce: 0.0363  decode.acc_seg: 98.4479
2025/03/09 15:46:22 - mmengine - INFO - Iter(train) [ 21900/160000]  lr: 4.9496e-03  eta: 10:06:20  time: 0.2558  data_time: 0.0076  memory: 9163  loss: 0.0503  decode.loss_ce: 0.0503  decode.acc_seg: 97.4265
2025/03/09 15:46:34 - mmengine - INFO - Iter(train) [ 21950/160000]  lr: 4.9375e-03  eta: 10:06:03  time: 0.2509  data_time: 0.0075  memory: 9163  loss: 0.0339  decode.loss_ce: 0.0339  decode.acc_seg: 98.8484
2025/03/09 15:46:47 - mmengine - INFO - Exp name: efficient_20250309_140341
2025/03/09 15:46:47 - mmengine - INFO - Iter(train) [ 22000/160000]  lr: 4.9254e-03  eta: 10:05:48  time: 0.2531  data_time: 0.0071  memory: 9163  loss: 0.0508  decode.loss_ce: 0.0508  decode.acc_seg: 100.0000
2025/03/09 15:47:00 - mmengine - INFO - Iter(train) [ 22050/160000]  lr: 4.9134e-03  eta: 10:05:32  time: 0.2542  data_time: 0.0075  memory: 9163  loss: 0.0589  decode.loss_ce: 0.0589  decode.acc_seg: 99.3215
2025/03/09 15:47:13 - mmengine - INFO - Iter(train) [ 22100/160000]  lr: 4.9013e-03  eta: 10:05:16  time: 0.2547  data_time: 0.0074  memory: 9163  loss: 0.0431  decode.loss_ce: 0.0431  decode.acc_seg: 99.4212
2025/03/09 15:47:25 - mmengine - INFO - Iter(train) [ 22150/160000]  lr: 4.8892e-03  eta: 10:05:00  time: 0.2535  data_time: 0.0077  memory: 9163  loss: 0.0332  decode.loss_ce: 0.0332  decode.acc_seg: 98.6948
2025/03/09 15:47:38 - mmengine - INFO - Iter(train) [ 22200/160000]  lr: 4.8772e-03  eta: 10:04:44  time: 0.2536  data_time: 0.0075  memory: 9163  loss: 0.0252  decode.loss_ce: 0.0252  decode.acc_seg: 99.0006
2025/03/09 15:47:51 - mmengine - INFO - Iter(train) [ 22250/160000]  lr: 4.8651e-03  eta: 10:04:28  time: 0.2544  data_time: 0.0075  memory: 9163  loss: 0.0467  decode.loss_ce: 0.0467  decode.acc_seg: 98.7356
2025/03/09 15:48:03 - mmengine - INFO - Iter(train) [ 22300/160000]  lr: 4.8530e-03  eta: 10:04:12  time: 0.2543  data_time: 0.0077  memory: 9163  loss: 0.0532  decode.loss_ce: 0.0532  decode.acc_seg: 95.9815
2025/03/09 15:48:16 - mmengine - INFO - Iter(train) [ 22350/160000]  lr: 4.8409e-03  eta: 10:03:56  time: 0.2533  data_time: 0.0073  memory: 9163  loss: 0.0378  decode.loss_ce: 0.0378  decode.acc_seg: 98.2609
2025/03/09 15:48:29 - mmengine - INFO - Iter(train) [ 22400/160000]  lr: 4.8288e-03  eta: 10:03:39  time: 0.2543  data_time: 0.0073  memory: 9163  loss: 0.0333  decode.loss_ce: 0.0333  decode.acc_seg: 99.9306
2025/03/09 15:48:42 - mmengine - INFO - Iter(train) [ 22450/160000]  lr: 4.8167e-03  eta: 10:03:24  time: 0.2551  data_time: 0.0074  memory: 9163  loss: 0.0430  decode.loss_ce: 0.0430  decode.acc_seg: 98.5006
2025/03/09 15:48:54 - mmengine - INFO - Iter(train) [ 22500/160000]  lr: 4.8046e-03  eta: 10:03:08  time: 0.2532  data_time: 0.0074  memory: 9163  loss: 0.0497  decode.loss_ce: 0.0497  decode.acc_seg: 99.5309
2025/03/09 15:49:07 - mmengine - INFO - Iter(train) [ 22550/160000]  lr: 4.7925e-03  eta: 10:02:51  time: 0.2524  data_time: 0.0074  memory: 9163  loss: 0.0534  decode.loss_ce: 0.0534  decode.acc_seg: 91.9603
2025/03/09 15:49:20 - mmengine - INFO - Iter(train) [ 22600/160000]  lr: 4.7804e-03  eta: 10:02:36  time: 0.2557  data_time: 0.0076  memory: 9163  loss: 0.0459  decode.loss_ce: 0.0459  decode.acc_seg: 93.8555
2025/03/09 15:49:32 - mmengine - INFO - Iter(train) [ 22650/160000]  lr: 4.7683e-03  eta: 10:02:20  time: 0.2534  data_time: 0.0073  memory: 9163  loss: 0.0491  decode.loss_ce: 0.0491  decode.acc_seg: 97.3681
2025/03/09 15:49:45 - mmengine - INFO - Iter(train) [ 22700/160000]  lr: 4.7562e-03  eta: 10:02:04  time: 0.2525  data_time: 0.0075  memory: 9163  loss: 0.0418  decode.loss_ce: 0.0418  decode.acc_seg: 99.5946
2025/03/09 15:49:58 - mmengine - INFO - Iter(train) [ 22750/160000]  lr: 4.7441e-03  eta: 10:01:49  time: 0.2550  data_time: 0.0076  memory: 9163  loss: 0.0260  decode.loss_ce: 0.0260  decode.acc_seg: 98.5922
2025/03/09 15:50:11 - mmengine - INFO - Iter(train) [ 22800/160000]  lr: 4.7320e-03  eta: 10:01:33  time: 0.2548  data_time: 0.0072  memory: 9163  loss: 0.0247  decode.loss_ce: 0.0247  decode.acc_seg: 99.7818
2025/03/09 15:50:23 - mmengine - INFO - Iter(train) [ 22850/160000]  lr: 4.7199e-03  eta: 10:01:17  time: 0.2565  data_time: 0.0087  memory: 9163  loss: 0.0316  decode.loss_ce: 0.0316  decode.acc_seg: 99.2523
2025/03/09 15:50:36 - mmengine - INFO - Iter(train) [ 22900/160000]  lr: 4.7077e-03  eta: 10:01:02  time: 0.2542  data_time: 0.0074  memory: 9163  loss: 0.0307  decode.loss_ce: 0.0307  decode.acc_seg: 98.9018
2025/03/09 15:50:49 - mmengine - INFO - Iter(train) [ 22950/160000]  lr: 4.6956e-03  eta: 10:00:46  time: 0.2549  data_time: 0.0074  memory: 9163  loss: 0.0447  decode.loss_ce: 0.0447  decode.acc_seg: 99.2063
2025/03/09 15:51:01 - mmengine - INFO - Exp name: efficient_20250309_140341
2025/03/09 15:51:01 - mmengine - INFO - Iter(train) [ 23000/160000]  lr: 4.6835e-03  eta: 10:00:30  time: 0.2547  data_time: 0.0084  memory: 9163  loss: 0.0318  decode.loss_ce: 0.0318  decode.acc_seg: 97.1251
2025/03/09 15:51:14 - mmengine - INFO - Iter(train) [ 23050/160000]  lr: 4.6713e-03  eta: 10:00:14  time: 0.2545  data_time: 0.0074  memory: 9163  loss: 0.0383  decode.loss_ce: 0.0383  decode.acc_seg: 97.0617
2025/03/09 15:51:27 - mmengine - INFO - Iter(train) [ 23100/160000]  lr: 4.6592e-03  eta: 9:59:59  time: 0.2550  data_time: 0.0075  memory: 9163  loss: 0.0565  decode.loss_ce: 0.0565  decode.acc_seg: 95.1343
2025/03/09 15:51:40 - mmengine - INFO - Iter(train) [ 23150/160000]  lr: 4.6471e-03  eta: 9:59:43  time: 0.2521  data_time: 0.0075  memory: 9163  loss: 0.0370  decode.loss_ce: 0.0370  decode.acc_seg: 98.0677
2025/03/09 15:51:52 - mmengine - INFO - Iter(train) [ 23200/160000]  lr: 4.6349e-03  eta: 9:59:27  time: 0.2524  data_time: 0.0073  memory: 9163  loss: 0.0329  decode.loss_ce: 0.0329  decode.acc_seg: 97.7088
2025/03/09 15:52:05 - mmengine - INFO - Iter(train) [ 23250/160000]  lr: 4.6228e-03  eta: 9:59:11  time: 0.2520  data_time: 0.0074  memory: 9163  loss: 0.0357  decode.loss_ce: 0.0357  decode.acc_seg: 98.6197
2025/03/09 15:52:18 - mmengine - INFO - Iter(train) [ 23300/160000]  lr: 4.6106e-03  eta: 9:58:56  time: 0.2535  data_time: 0.0077  memory: 9163  loss: 0.0273  decode.loss_ce: 0.0273  decode.acc_seg: 99.6070
2025/03/09 15:52:30 - mmengine - INFO - Iter(train) [ 23350/160000]  lr: 4.5985e-03  eta: 9:58:40  time: 0.2544  data_time: 0.0073  memory: 9163  loss: 0.0703  decode.loss_ce: 0.0703  decode.acc_seg: 99.2299
2025/03/09 15:52:43 - mmengine - INFO - Iter(train) [ 23400/160000]  lr: 4.5863e-03  eta: 9:58:24  time: 0.2548  data_time: 0.0076  memory: 9163  loss: 0.0313  decode.loss_ce: 0.0313  decode.acc_seg: 99.3658
2025/03/09 15:52:56 - mmengine - INFO - Iter(train) [ 23450/160000]  lr: 4.5741e-03  eta: 9:58:09  time: 0.2544  data_time: 0.0076  memory: 9163  loss: 0.0448  decode.loss_ce: 0.0448  decode.acc_seg: 98.3675
2025/03/09 15:53:09 - mmengine - INFO - Iter(train) [ 23500/160000]  lr: 4.5620e-03  eta: 9:57:53  time: 0.2532  data_time: 0.0075  memory: 9163  loss: 0.0439  decode.loss_ce: 0.0439  decode.acc_seg: 97.6902
2025/03/09 15:53:21 - mmengine - INFO - Iter(train) [ 23550/160000]  lr: 4.5498e-03  eta: 9:57:38  time: 0.2552  data_time: 0.0078  memory: 9163  loss: 0.0551  decode.loss_ce: 0.0551  decode.acc_seg: 98.1443
2025/03/09 15:53:34 - mmengine - INFO - Iter(train) [ 23600/160000]  lr: 4.5376e-03  eta: 9:57:22  time: 0.2550  data_time: 0.0073  memory: 9163  loss: 0.0234  decode.loss_ce: 0.0234  decode.acc_seg: 99.6301
2025/03/09 15:53:47 - mmengine - INFO - Iter(train) [ 23650/160000]  lr: 4.5254e-03  eta: 9:57:07  time: 0.2538  data_time: 0.0073  memory: 9163  loss: 0.0457  decode.loss_ce: 0.0457  decode.acc_seg: 97.7588
2025/03/09 15:54:00 - mmengine - INFO - Iter(train) [ 23700/160000]  lr: 4.5133e-03  eta: 9:56:51  time: 0.2538  data_time: 0.0075  memory: 9163  loss: 0.0327  decode.loss_ce: 0.0327  decode.acc_seg: 99.9801
2025/03/09 15:54:12 - mmengine - INFO - Iter(train) [ 23750/160000]  lr: 4.5011e-03  eta: 9:56:35  time: 0.2519  data_time: 0.0074  memory: 9163  loss: 0.0302  decode.loss_ce: 0.0302  decode.acc_seg: 98.7378
2025/03/09 15:54:25 - mmengine - INFO - Iter(train) [ 23800/160000]  lr: 4.4889e-03  eta: 9:56:20  time: 0.2549  data_time: 0.0075  memory: 9163  loss: 0.0535  decode.loss_ce: 0.0535  decode.acc_seg: 99.3937
2025/03/09 15:54:25 - mmengine - INFO - Saving checkpoint at 23800 iterations
2025/03/09 15:54:39 - mmengine - INFO - Iter(train) [ 23850/160000]  lr: 4.4767e-03  eta: 9:56:14  time: 0.2543  data_time: 0.0072  memory: 9163  loss: 0.0526  decode.loss_ce: 0.0526  decode.acc_seg: 98.6758
2025/03/09 15:54:52 - mmengine - INFO - Iter(train) [ 23900/160000]  lr: 4.4645e-03  eta: 9:55:58  time: 0.2545  data_time: 0.0076  memory: 9163  loss: 0.0377  decode.loss_ce: 0.0377  decode.acc_seg: 96.5357
2025/03/09 15:55:05 - mmengine - INFO - Iter(train) [ 23950/160000]  lr: 4.4523e-03  eta: 9:55:43  time: 0.2551  data_time: 0.0074  memory: 9163  loss: 0.0472  decode.loss_ce: 0.0472  decode.acc_seg: 97.5548
2025/03/09 15:55:18 - mmengine - INFO - Exp name: efficient_20250309_140341
2025/03/09 15:55:18 - mmengine - INFO - Iter(train) [ 24000/160000]  lr: 4.4401e-03  eta: 9:55:27  time: 0.2550  data_time: 0.0077  memory: 9163  loss: 0.0411  decode.loss_ce: 0.0411  decode.acc_seg: 98.0666
2025/03/09 15:55:30 - mmengine - INFO - Iter(train) [ 24050/160000]  lr: 4.4279e-03  eta: 9:55:12  time: 0.2554  data_time: 0.0082  memory: 9163  loss: 0.0447  decode.loss_ce: 0.0447  decode.acc_seg: 98.5492
2025/03/09 15:55:43 - mmengine - INFO - Iter(train) [ 24100/160000]  lr: 4.4157e-03  eta: 9:54:57  time: 0.2545  data_time: 0.0078  memory: 9163  loss: 0.0416  decode.loss_ce: 0.0416  decode.acc_seg: 96.5362
2025/03/09 15:55:56 - mmengine - INFO - Iter(train) [ 24150/160000]  lr: 4.4035e-03  eta: 9:54:41  time: 0.2553  data_time: 0.0078  memory: 9163  loss: 0.0493  decode.loss_ce: 0.0493  decode.acc_seg: 98.8112
2025/03/09 15:56:09 - mmengine - INFO - Iter(train) [ 24200/160000]  lr: 4.3912e-03  eta: 9:54:26  time: 0.2558  data_time: 0.0079  memory: 9163  loss: 0.0395  decode.loss_ce: 0.0395  decode.acc_seg: 99.9900
2025/03/09 15:56:21 - mmengine - INFO - Iter(train) [ 24250/160000]  lr: 4.3790e-03  eta: 9:54:10  time: 0.2528  data_time: 0.0076  memory: 9163  loss: 0.0378  decode.loss_ce: 0.0378  decode.acc_seg: 99.6546
2025/03/09 15:56:34 - mmengine - INFO - Iter(train) [ 24300/160000]  lr: 4.3668e-03  eta: 9:53:55  time: 0.2550  data_time: 0.0076  memory: 9163  loss: 0.0437  decode.loss_ce: 0.0437  decode.acc_seg: 99.1090
2025/03/09 15:56:47 - mmengine - INFO - Iter(train) [ 24350/160000]  lr: 4.3546e-03  eta: 9:53:39  time: 0.2549  data_time: 0.0076  memory: 9163  loss: 0.0504  decode.loss_ce: 0.0504  decode.acc_seg: 91.9305
2025/03/09 15:56:59 - mmengine - INFO - Iter(train) [ 24400/160000]  lr: 4.3423e-03  eta: 9:53:24  time: 0.2550  data_time: 0.0077  memory: 9163  loss: 0.0769  decode.loss_ce: 0.0769  decode.acc_seg: 92.5853
2025/03/09 15:57:12 - mmengine - INFO - Iter(train) [ 24450/160000]  lr: 4.3301e-03  eta: 9:53:08  time: 0.2521  data_time: 0.0074  memory: 9163  loss: 0.0386  decode.loss_ce: 0.0386  decode.acc_seg: 94.7909
2025/03/09 15:57:25 - mmengine - INFO - Iter(train) [ 24500/160000]  lr: 4.3178e-03  eta: 9:52:53  time: 0.2532  data_time: 0.0075  memory: 9163  loss: 0.0658  decode.loss_ce: 0.0658  decode.acc_seg: 100.0000
2025/03/09 15:57:28 - mmengine - INFO - Iter(val) [ 50/869]    eta: 0:00:49  time: 0.0558  data_time: 0.0025  memory: 636  
2025/03/09 15:57:31 - mmengine - INFO - Iter(val) [100/869]    eta: 0:00:44  time: 0.0568  data_time: 0.0025  memory: 636  
2025/03/09 15:57:33 - mmengine - INFO - Iter(val) [150/869]    eta: 0:00:41  time: 0.0559  data_time: 0.0029  memory: 636  
2025/03/09 15:57:36 - mmengine - INFO - Iter(val) [200/869]    eta: 0:00:38  time: 0.0557  data_time: 0.0026  memory: 636  
2025/03/09 15:57:39 - mmengine - INFO - Iter(val) [250/869]    eta: 0:00:35  time: 0.0561  data_time: 0.0028  memory: 636  
2025/03/09 15:57:42 - mmengine - INFO - Iter(val) [300/869]    eta: 0:00:32  time: 0.0559  data_time: 0.0024  memory: 636  
2025/03/09 15:57:45 - mmengine - INFO - Iter(val) [350/869]    eta: 0:00:29  time: 0.0554  data_time: 0.0024  memory: 636  
2025/03/09 15:57:47 - mmengine - INFO - Iter(val) [400/869]    eta: 0:00:26  time: 0.0557  data_time: 0.0026  memory: 636  
2025/03/09 15:57:50 - mmengine - INFO - Iter(val) [450/869]    eta: 0:00:23  time: 0.0560  data_time: 0.0028  memory: 636  
2025/03/09 15:57:53 - mmengine - INFO - Iter(val) [500/869]    eta: 0:00:20  time: 0.0544  data_time: 0.0024  memory: 636  
2025/03/09 15:57:56 - mmengine - INFO - Iter(val) [550/869]    eta: 0:00:18  time: 0.0558  data_time: 0.0024  memory: 636  
2025/03/09 15:57:59 - mmengine - INFO - Iter(val) [600/869]    eta: 0:00:15  time: 0.0556  data_time: 0.0027  memory: 636  
2025/03/09 15:58:02 - mmengine - INFO - Iter(val) [650/869]    eta: 0:00:12  time: 0.0558  data_time: 0.0025  memory: 636  
2025/03/09 15:58:04 - mmengine - INFO - Iter(val) [700/869]    eta: 0:00:09  time: 0.0558  data_time: 0.0025  memory: 636  
2025/03/09 15:58:07 - mmengine - INFO - Iter(val) [750/869]    eta: 0:00:06  time: 0.0602  data_time: 0.0025  memory: 636  
2025/03/09 15:58:10 - mmengine - INFO - Iter(val) [800/869]    eta: 0:00:03  time: 0.0555  data_time: 0.0026  memory: 636  
2025/03/09 15:58:13 - mmengine - INFO - Iter(val) [850/869]    eta: 0:00:01  time: 0.0560  data_time: 0.0024  memory: 636  
2025/03/09 15:58:14 - mmengine - INFO - per class results:
2025/03/09 15:58:14 - mmengine - INFO - 
+------------+-------+-------+--------+-----------+--------+
|   Class    |  IoU  |  Acc  | Fscore | Precision | Recall |
+------------+-------+-------+--------+-----------+--------+
| background | 97.27 |  98.1 | 98.62  |   99.14   |  98.1  |
|    ghaf    | 55.27 | 79.93 |  71.2  |   64.19   | 79.93  |
+------------+-------+-------+--------+-----------+--------+
2025/03/09 15:58:14 - mmengine - INFO - Iter(val) [869/869]    aAcc: 97.3600  mIoU: 76.2700  mAcc: 89.0100  mFscore: 84.9100  mPrecision: 81.6600  mRecall: 89.0100  data_time: 0.0027  time: 0.0564
2025/03/09 15:58:26 - mmengine - INFO - Iter(train) [ 24550/160000]  lr: 4.3056e-03  eta: 9:52:37  time: 0.2504  data_time: 0.0070  memory: 9163  loss: 0.0315  decode.loss_ce: 0.0315  decode.acc_seg: 96.7154
2025/03/09 15:58:39 - mmengine - INFO - Iter(train) [ 24600/160000]  lr: 4.2933e-03  eta: 9:52:22  time: 0.2548  data_time: 0.0074  memory: 9163  loss: 0.0318  decode.loss_ce: 0.0318  decode.acc_seg: 99.8970
2025/03/09 15:58:52 - mmengine - INFO - Iter(train) [ 24650/160000]  lr: 4.2811e-03  eta: 9:52:06  time: 0.2550  data_time: 0.0078  memory: 9163  loss: 0.0277  decode.loss_ce: 0.0277  decode.acc_seg: 98.7201
2025/03/09 15:59:05 - mmengine - INFO - Iter(train) [ 24700/160000]  lr: 4.2688e-03  eta: 9:51:51  time: 0.2549  data_time: 0.0076  memory: 9163  loss: 0.0497  decode.loss_ce: 0.0497  decode.acc_seg: 95.3813
2025/03/09 15:59:17 - mmengine - INFO - Iter(train) [ 24750/160000]  lr: 4.2566e-03  eta: 9:51:35  time: 0.2518  data_time: 0.0076  memory: 9163  loss: 0.0349  decode.loss_ce: 0.0349  decode.acc_seg: 97.1493
2025/03/09 15:59:30 - mmengine - INFO - Iter(train) [ 24800/160000]  lr: 4.2443e-03  eta: 9:51:20  time: 0.2550  data_time: 0.0075  memory: 9163  loss: 0.0776  decode.loss_ce: 0.0776  decode.acc_seg: 98.7499
2025/03/09 15:59:43 - mmengine - INFO - Iter(train) [ 24850/160000]  lr: 4.2320e-03  eta: 9:51:04  time: 0.2529  data_time: 0.0077  memory: 9163  loss: 0.0502  decode.loss_ce: 0.0502  decode.acc_seg: 98.6586
2025/03/09 15:59:55 - mmengine - INFO - Iter(train) [ 24900/160000]  lr: 4.2197e-03  eta: 9:50:49  time: 0.2547  data_time: 0.0074  memory: 9163  loss: 0.0418  decode.loss_ce: 0.0418  decode.acc_seg: 99.2921
2025/03/09 16:00:08 - mmengine - INFO - Iter(train) [ 24950/160000]  lr: 4.2075e-03  eta: 9:50:34  time: 0.2535  data_time: 0.0075  memory: 9163  loss: 0.0260  decode.loss_ce: 0.0260  decode.acc_seg: 98.1830
2025/03/09 16:00:21 - mmengine - INFO - Exp name: efficient_20250309_140341
2025/03/09 16:00:21 - mmengine - INFO - Iter(train) [ 25000/160000]  lr: 4.1952e-03  eta: 9:50:18  time: 0.2538  data_time: 0.0077  memory: 9163  loss: 0.0289  decode.loss_ce: 0.0289  decode.acc_seg: 99.0482
2025/03/09 16:00:33 - mmengine - INFO - Iter(train) [ 25050/160000]  lr: 4.1829e-03  eta: 9:50:03  time: 0.2519  data_time: 0.0078  memory: 9163  loss: 0.0367  decode.loss_ce: 0.0367  decode.acc_seg: 99.5648
2025/03/09 16:00:46 - mmengine - INFO - Iter(train) [ 25100/160000]  lr: 4.1706e-03  eta: 9:49:47  time: 0.2524  data_time: 0.0074  memory: 9163  loss: 0.0311  decode.loss_ce: 0.0311  decode.acc_seg: 99.2128
2025/03/09 16:00:59 - mmengine - INFO - Iter(train) [ 25150/160000]  lr: 4.1583e-03  eta: 9:49:32  time: 0.2548  data_time: 0.0076  memory: 9163  loss: 0.0276  decode.loss_ce: 0.0276  decode.acc_seg: 99.9680
2025/03/09 16:01:12 - mmengine - INFO - Iter(train) [ 25200/160000]  lr: 4.1460e-03  eta: 9:49:17  time: 0.2546  data_time: 0.0078  memory: 9163  loss: 0.0412  decode.loss_ce: 0.0412  decode.acc_seg: 99.0309
2025/03/09 16:01:24 - mmengine - INFO - Iter(train) [ 25250/160000]  lr: 4.1337e-03  eta: 9:49:01  time: 0.2536  data_time: 0.0074  memory: 9163  loss: 0.0189  decode.loss_ce: 0.0189  decode.acc_seg: 97.9802
2025/03/09 16:01:37 - mmengine - INFO - Iter(train) [ 25300/160000]  lr: 4.1214e-03  eta: 9:48:46  time: 0.2532  data_time: 0.0073  memory: 9163  loss: 0.0180  decode.loss_ce: 0.0180  decode.acc_seg: 99.1943
2025/03/09 16:03:22 - mmengine - INFO - Iter(train) [ 25350/160000]  lr: 4.1091e-03  eta: 9:56:39  time: 0.2841  data_time: 0.0109  memory: 9163  loss: 0.0341  decode.loss_ce: 0.0341  decode.acc_seg: 98.4405
2025/03/09 16:03:34 - mmengine - INFO - Iter(train) [ 25400/160000]  lr: 4.0968e-03  eta: 9:56:21  time: 0.2472  data_time: 0.0086  memory: 9163  loss: 0.0359  decode.loss_ce: 0.0359  decode.acc_seg: 99.6928
2025/03/09 16:03:47 - mmengine - INFO - Iter(train) [ 25450/160000]  lr: 4.0844e-03  eta: 9:56:04  time: 0.2501  data_time: 0.0081  memory: 9163  loss: 0.0323  decode.loss_ce: 0.0323  decode.acc_seg: 99.5508
2025/03/09 16:03:59 - mmengine - INFO - Iter(train) [ 25500/160000]  lr: 4.0721e-03  eta: 9:55:46  time: 0.2473  data_time: 0.0081  memory: 9163  loss: 0.0335  decode.loss_ce: 0.0335  decode.acc_seg: 98.4918
2025/03/09 16:04:11 - mmengine - INFO - Iter(train) [ 25550/160000]  lr: 4.0598e-03  eta: 9:55:28  time: 0.2454  data_time: 0.0077  memory: 9163  loss: 0.0288  decode.loss_ce: 0.0288  decode.acc_seg: 97.7120
2025/03/09 16:04:24 - mmengine - INFO - Iter(train) [ 25600/160000]  lr: 4.0475e-03  eta: 9:55:09  time: 0.2461  data_time: 0.0081  memory: 9163  loss: 0.0549  decode.loss_ce: 0.0549  decode.acc_seg: 97.9595
2025/03/09 16:04:36 - mmengine - INFO - Iter(train) [ 25650/160000]  lr: 4.0351e-03  eta: 9:54:51  time: 0.2457  data_time: 0.0078  memory: 9163  loss: 0.0458  decode.loss_ce: 0.0458  decode.acc_seg: 95.5176
2025/03/09 16:04:48 - mmengine - INFO - Iter(train) [ 25700/160000]  lr: 4.0228e-03  eta: 9:54:32  time: 0.2518  data_time: 0.0075  memory: 9163  loss: 0.0353  decode.loss_ce: 0.0353  decode.acc_seg: 98.5058
2025/03/09 16:05:01 - mmengine - INFO - Iter(train) [ 25750/160000]  lr: 4.0104e-03  eta: 9:54:16  time: 0.2536  data_time: 0.0082  memory: 9163  loss: 0.0321  decode.loss_ce: 0.0321  decode.acc_seg: 98.4364
2025/03/09 16:05:14 - mmengine - INFO - Iter(train) [ 25800/160000]  lr: 3.9981e-03  eta: 9:54:01  time: 0.2610  data_time: 0.0083  memory: 9163  loss: 0.0389  decode.loss_ce: 0.0389  decode.acc_seg: 99.9307
2025/03/09 16:05:27 - mmengine - INFO - Iter(train) [ 25850/160000]  lr: 3.9857e-03  eta: 9:53:46  time: 0.2559  data_time: 0.0080  memory: 9163  loss: 0.0357  decode.loss_ce: 0.0357  decode.acc_seg: 96.8543
2025/03/09 16:05:40 - mmengine - INFO - Iter(train) [ 25900/160000]  lr: 3.9734e-03  eta: 9:53:31  time: 0.2696  data_time: 0.0107  memory: 9163  loss: 0.0436  decode.loss_ce: 0.0436  decode.acc_seg: 98.3970
2025/03/09 16:05:53 - mmengine - INFO - Iter(train) [ 25950/160000]  lr: 3.9610e-03  eta: 9:53:16  time: 0.2581  data_time: 0.0083  memory: 9163  loss: 0.0369  decode.loss_ce: 0.0369  decode.acc_seg: 98.6274
2025/03/09 16:06:06 - mmengine - INFO - Exp name: efficient_20250309_140341
2025/03/09 16:06:06 - mmengine - INFO - Iter(train) [ 26000/160000]  lr: 3.9486e-03  eta: 9:53:01  time: 0.2612  data_time: 0.0089  memory: 9163  loss: 0.0280  decode.loss_ce: 0.0280  decode.acc_seg: 97.9920
2025/03/09 16:06:19 - mmengine - INFO - Iter(train) [ 26050/160000]  lr: 3.9363e-03  eta: 9:52:45  time: 0.2576  data_time: 0.0084  memory: 9163  loss: 0.0412  decode.loss_ce: 0.0412  decode.acc_seg: 97.6236
2025/03/09 16:06:31 - mmengine - INFO - Iter(train) [ 26100/160000]  lr: 3.9239e-03  eta: 9:52:30  time: 0.2579  data_time: 0.0082  memory: 9163  loss: 0.0539  decode.loss_ce: 0.0539  decode.acc_seg: 99.3994
2025/03/09 16:06:44 - mmengine - INFO - Iter(train) [ 26150/160000]  lr: 3.9115e-03  eta: 9:52:15  time: 0.2611  data_time: 0.0082  memory: 9163  loss: 0.0361  decode.loss_ce: 0.0361  decode.acc_seg: 98.1152
2025/03/09 16:06:57 - mmengine - INFO - Iter(train) [ 26200/160000]  lr: 3.8991e-03  eta: 9:51:59  time: 0.2558  data_time: 0.0078  memory: 9163  loss: 0.0376  decode.loss_ce: 0.0376  decode.acc_seg: 98.3925
2025/03/09 16:07:10 - mmengine - INFO - Iter(train) [ 26250/160000]  lr: 3.8867e-03  eta: 9:51:44  time: 0.2569  data_time: 0.0086  memory: 9163  loss: 0.0476  decode.loss_ce: 0.0476  decode.acc_seg: 99.6540
2025/03/09 16:07:23 - mmengine - INFO - Iter(train) [ 26300/160000]  lr: 3.8743e-03  eta: 9:51:29  time: 0.2548  data_time: 0.0084  memory: 9163  loss: 0.0649  decode.loss_ce: 0.0649  decode.acc_seg: 97.9763
2025/03/09 16:07:36 - mmengine - INFO - Iter(train) [ 26350/160000]  lr: 3.8619e-03  eta: 9:51:13  time: 0.2562  data_time: 0.0077  memory: 9163  loss: 0.0364  decode.loss_ce: 0.0364  decode.acc_seg: 97.9822
2025/03/09 16:07:49 - mmengine - INFO - Iter(train) [ 26400/160000]  lr: 3.8495e-03  eta: 9:50:58  time: 0.2582  data_time: 0.0088  memory: 9163  loss: 0.0603  decode.loss_ce: 0.0603  decode.acc_seg: 97.4259
2025/03/09 16:08:02 - mmengine - INFO - Iter(train) [ 26450/160000]  lr: 3.8371e-03  eta: 9:50:43  time: 0.2584  data_time: 0.0084  memory: 9163  loss: 0.0584  decode.loss_ce: 0.0584  decode.acc_seg: 97.4644
2025/03/09 16:08:14 - mmengine - INFO - Iter(train) [ 26500/160000]  lr: 3.8247e-03  eta: 9:50:27  time: 0.2535  data_time: 0.0079  memory: 9163  loss: 0.0636  decode.loss_ce: 0.0636  decode.acc_seg: 98.8847
2025/03/09 16:08:27 - mmengine - INFO - Iter(train) [ 26550/160000]  lr: 3.8123e-03  eta: 9:50:12  time: 0.2571  data_time: 0.0076  memory: 9163  loss: 0.0278  decode.loss_ce: 0.0278  decode.acc_seg: 98.4050
2025/03/09 16:08:40 - mmengine - INFO - Iter(train) [ 26600/160000]  lr: 3.7999e-03  eta: 9:49:56  time: 0.2552  data_time: 0.0079  memory: 9163  loss: 0.0470  decode.loss_ce: 0.0470  decode.acc_seg: 98.9789
2025/03/09 16:08:53 - mmengine - INFO - Iter(train) [ 26650/160000]  lr: 3.7874e-03  eta: 9:49:41  time: 0.2556  data_time: 0.0087  memory: 9163  loss: 0.0340  decode.loss_ce: 0.0340  decode.acc_seg: 98.3994
2025/03/09 16:09:06 - mmengine - INFO - Iter(train) [ 26700/160000]  lr: 3.7750e-03  eta: 9:49:26  time: 0.2572  data_time: 0.0087  memory: 9163  loss: 0.0700  decode.loss_ce: 0.0700  decode.acc_seg: 95.1530
2025/03/09 16:09:19 - mmengine - INFO - Iter(train) [ 26750/160000]  lr: 3.7626e-03  eta: 9:49:11  time: 0.2554  data_time: 0.0082  memory: 9163  loss: 0.0465  decode.loss_ce: 0.0465  decode.acc_seg: 99.5826
2025/03/09 16:09:32 - mmengine - INFO - Iter(train) [ 26800/160000]  lr: 3.7501e-03  eta: 9:48:56  time: 0.2585  data_time: 0.0086  memory: 9163  loss: 0.0381  decode.loss_ce: 0.0381  decode.acc_seg: 99.3357
2025/03/09 16:09:45 - mmengine - INFO - Iter(train) [ 26850/160000]  lr: 3.7377e-03  eta: 9:48:41  time: 0.2545  data_time: 0.0080  memory: 9163  loss: 0.0255  decode.loss_ce: 0.0255  decode.acc_seg: 96.8623
2025/03/09 16:09:57 - mmengine - INFO - Iter(train) [ 26900/160000]  lr: 3.7252e-03  eta: 9:48:26  time: 0.2567  data_time: 0.0080  memory: 9163  loss: 0.0406  decode.loss_ce: 0.0406  decode.acc_seg: 98.6899
2025/03/09 16:10:10 - mmengine - INFO - Iter(train) [ 26950/160000]  lr: 3.7128e-03  eta: 9:48:11  time: 0.2559  data_time: 0.0084  memory: 9163  loss: 0.0302  decode.loss_ce: 0.0302  decode.acc_seg: 96.8646
2025/03/09 16:10:23 - mmengine - INFO - Exp name: efficient_20250309_140341
2025/03/09 16:10:23 - mmengine - INFO - Iter(train) [ 27000/160000]  lr: 3.7003e-03  eta: 9:47:55  time: 0.2519  data_time: 0.0077  memory: 9163  loss: 0.0530  decode.loss_ce: 0.0530  decode.acc_seg: 97.5821
2025/03/09 16:10:36 - mmengine - INFO - Iter(train) [ 27050/160000]  lr: 3.6878e-03  eta: 9:47:40  time: 0.2540  data_time: 0.0081  memory: 9163  loss: 0.0385  decode.loss_ce: 0.0385  decode.acc_seg: 98.8961
2025/03/09 16:10:49 - mmengine - INFO - Iter(train) [ 27100/160000]  lr: 3.6754e-03  eta: 9:47:24  time: 0.2556  data_time: 0.0078  memory: 9163  loss: 0.0396  decode.loss_ce: 0.0396  decode.acc_seg: 99.2456
2025/03/09 16:11:02 - mmengine - INFO - Iter(train) [ 27150/160000]  lr: 3.6629e-03  eta: 9:47:09  time: 0.2547  data_time: 0.0079  memory: 9163  loss: 0.0319  decode.loss_ce: 0.0319  decode.acc_seg: 99.8255
2025/03/09 16:11:14 - mmengine - INFO - Iter(train) [ 27200/160000]  lr: 3.6504e-03  eta: 9:46:53  time: 0.2545  data_time: 0.0081  memory: 9163  loss: 0.0356  decode.loss_ce: 0.0356  decode.acc_seg: 97.9893
2025/03/09 16:11:14 - mmengine - INFO - Saving checkpoint at 27200 iterations
2025/03/09 16:11:29 - mmengine - INFO - Iter(train) [ 27250/160000]  lr: 3.6379e-03  eta: 9:46:44  time: 0.2556  data_time: 0.0078  memory: 9163  loss: 0.0294  decode.loss_ce: 0.0294  decode.acc_seg: 99.2730
2025/03/09 16:11:41 - mmengine - INFO - Iter(train) [ 27300/160000]  lr: 3.6254e-03  eta: 9:46:29  time: 0.2562  data_time: 0.0083  memory: 9163  loss: 0.0286  decode.loss_ce: 0.0286  decode.acc_seg: 100.0000
2025/03/09 16:11:54 - mmengine - INFO - Iter(train) [ 27350/160000]  lr: 3.6130e-03  eta: 9:46:13  time: 0.2546  data_time: 0.0079  memory: 9163  loss: 0.0371  decode.loss_ce: 0.0371  decode.acc_seg: 99.7639
2025/03/09 16:12:07 - mmengine - INFO - Iter(train) [ 27400/160000]  lr: 3.6005e-03  eta: 9:45:57  time: 0.2547  data_time: 0.0072  memory: 9163  loss: 0.0461  decode.loss_ce: 0.0461  decode.acc_seg: 98.4611
2025/03/09 16:12:20 - mmengine - INFO - Iter(train) [ 27450/160000]  lr: 3.5880e-03  eta: 9:45:42  time: 0.2560  data_time: 0.0081  memory: 9163  loss: 0.0621  decode.loss_ce: 0.0621  decode.acc_seg: 99.7849
2025/03/09 16:12:32 - mmengine - INFO - Iter(train) [ 27500/160000]  lr: 3.5754e-03  eta: 9:45:26  time: 0.2547  data_time: 0.0077  memory: 9163  loss: 0.0413  decode.loss_ce: 0.0413  decode.acc_seg: 98.7838
2025/03/09 16:12:45 - mmengine - INFO - Iter(train) [ 27550/160000]  lr: 3.5629e-03  eta: 9:45:10  time: 0.2548  data_time: 0.0080  memory: 9163  loss: 0.0417  decode.loss_ce: 0.0417  decode.acc_seg: 98.2045
2025/03/09 16:12:58 - mmengine - INFO - Iter(train) [ 27600/160000]  lr: 3.5504e-03  eta: 9:44:55  time: 0.2551  data_time: 0.0075  memory: 9163  loss: 0.0252  decode.loss_ce: 0.0252  decode.acc_seg: 99.7351
2025/03/09 16:13:11 - mmengine - INFO - Iter(train) [ 27650/160000]  lr: 3.5379e-03  eta: 9:44:39  time: 0.2582  data_time: 0.0086  memory: 9163  loss: 0.0352  decode.loss_ce: 0.0352  decode.acc_seg: 97.9541
2025/03/09 16:13:24 - mmengine - INFO - Iter(train) [ 27700/160000]  lr: 3.5254e-03  eta: 9:44:24  time: 0.2553  data_time: 0.0079  memory: 9163  loss: 0.0398  decode.loss_ce: 0.0398  decode.acc_seg: 99.6476
2025/03/09 16:13:36 - mmengine - INFO - Iter(train) [ 27750/160000]  lr: 3.5128e-03  eta: 9:44:08  time: 0.2545  data_time: 0.0075  memory: 9163  loss: 0.0446  decode.loss_ce: 0.0446  decode.acc_seg: 99.7240
2025/03/09 16:13:49 - mmengine - INFO - Iter(train) [ 27800/160000]  lr: 3.5003e-03  eta: 9:43:53  time: 0.2549  data_time: 0.0081  memory: 9163  loss: 0.0524  decode.loss_ce: 0.0524  decode.acc_seg: 99.7684
2025/03/09 16:14:02 - mmengine - INFO - Iter(train) [ 27850/160000]  lr: 3.4877e-03  eta: 9:43:37  time: 0.2550  data_time: 0.0083  memory: 9163  loss: 0.0754  decode.loss_ce: 0.0754  decode.acc_seg: 96.4239
2025/03/09 16:14:15 - mmengine - INFO - Iter(train) [ 27900/160000]  lr: 3.4752e-03  eta: 9:43:22  time: 0.2549  data_time: 0.0075  memory: 9163  loss: 0.0435  decode.loss_ce: 0.0435  decode.acc_seg: 99.4153
2025/03/09 16:14:27 - mmengine - INFO - Iter(train) [ 27950/160000]  lr: 3.4626e-03  eta: 9:43:07  time: 0.2538  data_time: 0.0080  memory: 9163  loss: 0.0286  decode.loss_ce: 0.0286  decode.acc_seg: 99.1033
2025/03/09 16:14:40 - mmengine - INFO - Exp name: efficient_20250309_140341
2025/03/09 16:14:40 - mmengine - INFO - Iter(train) [ 28000/160000]  lr: 3.4501e-03  eta: 9:42:51  time: 0.2573  data_time: 0.0086  memory: 9163  loss: 0.0421  decode.loss_ce: 0.0421  decode.acc_seg: 100.0000
2025/03/09 16:14:43 - mmengine - INFO - Iter(val) [ 50/869]    eta: 0:00:50  time: 0.0576  data_time: 0.0026  memory: 636  
2025/03/09 16:14:46 - mmengine - INFO - Iter(val) [100/869]    eta: 0:00:45  time: 0.0565  data_time: 0.0022  memory: 636  
2025/03/09 16:14:49 - mmengine - INFO - Iter(val) [150/869]    eta: 0:00:41  time: 0.0572  data_time: 0.0028  memory: 636  
2025/03/09 16:14:52 - mmengine - INFO - Iter(val) [200/869]    eta: 0:00:38  time: 0.0571  data_time: 0.0026  memory: 636  
2025/03/09 16:14:55 - mmengine - INFO - Iter(val) [250/869]    eta: 0:00:35  time: 0.0589  data_time: 0.0024  memory: 636  
2025/03/09 16:14:58 - mmengine - INFO - Iter(val) [300/869]    eta: 0:00:32  time: 0.0564  data_time: 0.0025  memory: 636  
2025/03/09 16:15:00 - mmengine - INFO - Iter(val) [350/869]    eta: 0:00:29  time: 0.0564  data_time: 0.0025  memory: 636  
2025/03/09 16:15:03 - mmengine - INFO - Iter(val) [400/869]    eta: 0:00:26  time: 0.0568  data_time: 0.0023  memory: 636  
2025/03/09 16:15:06 - mmengine - INFO - Iter(val) [450/869]    eta: 0:00:24  time: 0.0544  data_time: 0.0021  memory: 636  
2025/03/09 16:15:09 - mmengine - INFO - Iter(val) [500/869]    eta: 0:00:21  time: 0.0559  data_time: 0.0025  memory: 636  
2025/03/09 16:15:12 - mmengine - INFO - Iter(val) [550/869]    eta: 0:00:18  time: 0.0586  data_time: 0.0027  memory: 636  
2025/03/09 16:15:15 - mmengine - INFO - Iter(val) [600/869]    eta: 0:00:15  time: 0.0604  data_time: 0.0026  memory: 636  
2025/03/09 16:15:18 - mmengine - INFO - Iter(val) [650/869]    eta: 0:00:12  time: 0.0554  data_time: 0.0023  memory: 636  
2025/03/09 16:15:20 - mmengine - INFO - Iter(val) [700/869]    eta: 0:00:09  time: 0.0552  data_time: 0.0024  memory: 636  
2025/03/09 16:15:23 - mmengine - INFO - Iter(val) [750/869]    eta: 0:00:06  time: 0.0561  data_time: 0.0024  memory: 636  
2025/03/09 16:15:26 - mmengine - INFO - Iter(val) [800/869]    eta: 0:00:03  time: 0.0610  data_time: 0.0024  memory: 636  
2025/03/09 16:15:29 - mmengine - INFO - Iter(val) [850/869]    eta: 0:00:01  time: 0.0555  data_time: 0.0026  memory: 636  
2025/03/09 16:15:30 - mmengine - INFO - per class results:
2025/03/09 16:15:30 - mmengine - INFO - 
+------------+-------+-------+--------+-----------+--------+
|   Class    |  IoU  |  Acc  | Fscore | Precision | Recall |
+------------+-------+-------+--------+-----------+--------+
| background | 97.24 |  98.0 |  98.6  |   99.21   |  98.0  |
|    ghaf    | 55.56 | 81.72 | 71.44  |   63.45   | 81.72  |
+------------+-------+-------+--------+-----------+--------+
2025/03/09 16:15:30 - mmengine - INFO - Iter(val) [869/869]    aAcc: 97.3300  mIoU: 76.4000  mAcc: 89.8600  mFscore: 85.0200  mPrecision: 81.3300  mRecall: 89.8600  data_time: 0.0026  time: 0.0572
2025/03/09 16:15:43 - mmengine - INFO - Iter(train) [ 28050/160000]  lr: 3.4375e-03  eta: 9:42:35  time: 0.2528  data_time: 0.0073  memory: 9163  loss: 0.0319  decode.loss_ce: 0.0319  decode.acc_seg: 99.4751
2025/03/09 16:15:55 - mmengine - INFO - Iter(train) [ 28100/160000]  lr: 3.4249e-03  eta: 9:42:19  time: 0.2518  data_time: 0.0074  memory: 9163  loss: 0.0312  decode.loss_ce: 0.0312  decode.acc_seg: 99.4464
2025/03/09 16:16:08 - mmengine - INFO - Iter(train) [ 28150/160000]  lr: 3.4124e-03  eta: 9:42:02  time: 0.2485  data_time: 0.0072  memory: 9163  loss: 0.0372  decode.loss_ce: 0.0372  decode.acc_seg: 98.5364
2025/03/09 16:16:21 - mmengine - INFO - Iter(train) [ 28200/160000]  lr: 3.3998e-03  eta: 9:41:46  time: 0.2548  data_time: 0.0079  memory: 9163  loss: 0.0517  decode.loss_ce: 0.0517  decode.acc_seg: 98.9816
2025/03/09 16:16:33 - mmengine - INFO - Iter(train) [ 28250/160000]  lr: 3.3872e-03  eta: 9:41:31  time: 0.2557  data_time: 0.0078  memory: 9163  loss: 0.0426  decode.loss_ce: 0.0426  decode.acc_seg: 98.8602
2025/03/09 16:16:46 - mmengine - INFO - Iter(train) [ 28300/160000]  lr: 3.3746e-03  eta: 9:41:15  time: 0.2549  data_time: 0.0075  memory: 9163  loss: 0.0346  decode.loss_ce: 0.0346  decode.acc_seg: 98.7019
2025/03/09 16:16:59 - mmengine - INFO - Iter(train) [ 28350/160000]  lr: 3.3620e-03  eta: 9:41:00  time: 0.2561  data_time: 0.0079  memory: 9163  loss: 0.0337  decode.loss_ce: 0.0337  decode.acc_seg: 99.4381
2025/03/09 16:17:11 - mmengine - INFO - Iter(train) [ 28400/160000]  lr: 3.3494e-03  eta: 9:40:44  time: 0.2549  data_time: 0.0074  memory: 9163  loss: 0.1083  decode.loss_ce: 0.1083  decode.acc_seg: 96.4071
2025/03/09 16:17:24 - mmengine - INFO - Iter(train) [ 28450/160000]  lr: 3.3368e-03  eta: 9:40:28  time: 0.2530  data_time: 0.0079  memory: 9163  loss: 0.0250  decode.loss_ce: 0.0250  decode.acc_seg: 100.0000
2025/03/09 16:17:37 - mmengine - INFO - Iter(train) [ 28500/160000]  lr: 3.3242e-03  eta: 9:40:12  time: 0.2533  data_time: 0.0077  memory: 9163  loss: 0.0360  decode.loss_ce: 0.0360  decode.acc_seg: 97.3402
2025/03/09 16:17:50 - mmengine - INFO - Iter(train) [ 28550/160000]  lr: 3.3116e-03  eta: 9:39:57  time: 0.2548  data_time: 0.0075  memory: 9163  loss: 0.0331  decode.loss_ce: 0.0331  decode.acc_seg: 98.7830
2025/03/09 16:18:02 - mmengine - INFO - Iter(train) [ 28600/160000]  lr: 3.2989e-03  eta: 9:39:41  time: 0.2548  data_time: 0.0078  memory: 9163  loss: 0.0312  decode.loss_ce: 0.0312  decode.acc_seg: 98.5279
2025/03/09 16:18:15 - mmengine - INFO - Iter(train) [ 28650/160000]  lr: 3.2863e-03  eta: 9:39:26  time: 0.2553  data_time: 0.0077  memory: 9163  loss: 0.0408  decode.loss_ce: 0.0408  decode.acc_seg: 98.4194
2025/03/09 16:18:28 - mmengine - INFO - Iter(train) [ 28700/160000]  lr: 3.2737e-03  eta: 9:39:10  time: 0.2540  data_time: 0.0074  memory: 9163  loss: 0.0381  decode.loss_ce: 0.0381  decode.acc_seg: 97.6381
2025/03/09 16:18:40 - mmengine - INFO - Iter(train) [ 28750/160000]  lr: 3.2610e-03  eta: 9:38:54  time: 0.2548  data_time: 0.0075  memory: 9163  loss: 0.0336  decode.loss_ce: 0.0336  decode.acc_seg: 99.8173
2025/03/09 16:18:53 - mmengine - INFO - Iter(train) [ 28800/160000]  lr: 3.2484e-03  eta: 9:38:38  time: 0.2532  data_time: 0.0074  memory: 9163  loss: 0.0195  decode.loss_ce: 0.0195  decode.acc_seg: 100.0000
2025/03/09 16:19:06 - mmengine - INFO - Iter(train) [ 28850/160000]  lr: 3.2357e-03  eta: 9:38:23  time: 0.2550  data_time: 0.0073  memory: 9163  loss: 0.0273  decode.loss_ce: 0.0273  decode.acc_seg: 100.0000
2025/03/09 16:19:19 - mmengine - INFO - Iter(train) [ 28900/160000]  lr: 3.2231e-03  eta: 9:38:07  time: 0.2550  data_time: 0.0077  memory: 9163  loss: 0.0441  decode.loss_ce: 0.0441  decode.acc_seg: 98.4023
2025/03/09 16:19:31 - mmengine - INFO - Iter(train) [ 28950/160000]  lr: 3.2104e-03  eta: 9:37:52  time: 0.2529  data_time: 0.0077  memory: 9163  loss: 0.0402  decode.loss_ce: 0.0402  decode.acc_seg: 97.8008
2025/03/09 16:19:44 - mmengine - INFO - Exp name: efficient_20250309_140341
2025/03/09 16:19:44 - mmengine - INFO - Iter(train) [ 29000/160000]  lr: 3.1977e-03  eta: 9:37:36  time: 0.2549  data_time: 0.0077  memory: 9163  loss: 0.0356  decode.loss_ce: 0.0356  decode.acc_seg: 97.7907
2025/03/09 16:19:57 - mmengine - INFO - Iter(train) [ 29050/160000]  lr: 3.1851e-03  eta: 9:37:21  time: 0.2537  data_time: 0.0082  memory: 9163  loss: 0.0342  decode.loss_ce: 0.0342  decode.acc_seg: 98.3124
2025/03/09 16:20:09 - mmengine - INFO - Iter(train) [ 29100/160000]  lr: 3.1724e-03  eta: 9:37:05  time: 0.2548  data_time: 0.0073  memory: 9163  loss: 0.0618  decode.loss_ce: 0.0618  decode.acc_seg: 95.9947
2025/03/09 16:20:22 - mmengine - INFO - Iter(train) [ 29150/160000]  lr: 3.1597e-03  eta: 9:36:50  time: 0.2549  data_time: 0.0075  memory: 9163  loss: 0.0414  decode.loss_ce: 0.0414  decode.acc_seg: 98.8737
2025/03/09 16:20:35 - mmengine - INFO - Iter(train) [ 29200/160000]  lr: 3.1470e-03  eta: 9:36:35  time: 0.2549  data_time: 0.0076  memory: 9163  loss: 0.0356  decode.loss_ce: 0.0356  decode.acc_seg: 97.0452
2025/03/09 16:20:48 - mmengine - INFO - Iter(train) [ 29250/160000]  lr: 3.1343e-03  eta: 9:36:19  time: 0.2546  data_time: 0.0076  memory: 9163  loss: 0.0482  decode.loss_ce: 0.0482  decode.acc_seg: 96.5098
2025/03/09 16:21:00 - mmengine - INFO - Iter(train) [ 29300/160000]  lr: 3.1216e-03  eta: 9:36:04  time: 0.2551  data_time: 0.0073  memory: 9163  loss: 0.0288  decode.loss_ce: 0.0288  decode.acc_seg: 99.4194
2025/03/09 16:21:13 - mmengine - INFO - Iter(train) [ 29350/160000]  lr: 3.1089e-03  eta: 9:35:48  time: 0.2544  data_time: 0.0076  memory: 9163  loss: 0.0769  decode.loss_ce: 0.0769  decode.acc_seg: 98.3572
2025/03/09 16:21:26 - mmengine - INFO - Iter(train) [ 29400/160000]  lr: 3.0962e-03  eta: 9:35:33  time: 0.2550  data_time: 0.0074  memory: 9163  loss: 0.0613  decode.loss_ce: 0.0613  decode.acc_seg: 99.3623
2025/03/09 16:21:39 - mmengine - INFO - Iter(train) [ 29450/160000]  lr: 3.0834e-03  eta: 9:35:17  time: 0.2549  data_time: 0.0078  memory: 9163  loss: 0.0448  decode.loss_ce: 0.0448  decode.acc_seg: 97.5052
2025/03/09 16:21:51 - mmengine - INFO - Iter(train) [ 29500/160000]  lr: 3.0707e-03  eta: 9:35:02  time: 0.2546  data_time: 0.0076  memory: 9163  loss: 0.0364  decode.loss_ce: 0.0364  decode.acc_seg: 98.1994
2025/03/09 16:22:04 - mmengine - INFO - Iter(train) [ 29550/160000]  lr: 3.0580e-03  eta: 9:34:46  time: 0.2535  data_time: 0.0076  memory: 9163  loss: 0.0346  decode.loss_ce: 0.0346  decode.acc_seg: 94.1719
2025/03/09 16:22:17 - mmengine - INFO - Iter(train) [ 29600/160000]  lr: 3.0452e-03  eta: 9:34:31  time: 0.2552  data_time: 0.0074  memory: 9163  loss: 0.0597  decode.loss_ce: 0.0597  decode.acc_seg: 97.7558
2025/03/09 16:22:29 - mmengine - INFO - Iter(train) [ 29650/160000]  lr: 3.0325e-03  eta: 9:34:16  time: 0.2547  data_time: 0.0076  memory: 9163  loss: 0.0436  decode.loss_ce: 0.0436  decode.acc_seg: 97.3450
2025/03/09 16:22:42 - mmengine - INFO - Iter(train) [ 29700/160000]  lr: 3.0197e-03  eta: 9:34:00  time: 0.2549  data_time: 0.0076  memory: 9163  loss: 0.0510  decode.loss_ce: 0.0510  decode.acc_seg: 99.5281
2025/03/09 16:22:55 - mmengine - INFO - Iter(train) [ 29750/160000]  lr: 3.0070e-03  eta: 9:33:45  time: 0.2534  data_time: 0.0076  memory: 9163  loss: 0.0245  decode.loss_ce: 0.0245  decode.acc_seg: 99.2176
2025/03/09 16:23:08 - mmengine - INFO - Iter(train) [ 29800/160000]  lr: 2.9942e-03  eta: 9:33:29  time: 0.2527  data_time: 0.0072  memory: 9163  loss: 0.0149  decode.loss_ce: 0.0149  decode.acc_seg: 99.2725
2025/03/09 16:23:20 - mmengine - INFO - Iter(train) [ 29850/160000]  lr: 2.9814e-03  eta: 9:33:14  time: 0.2596  data_time: 0.0084  memory: 9163  loss: 0.0387  decode.loss_ce: 0.0387  decode.acc_seg: 98.7740
2025/03/09 16:23:33 - mmengine - INFO - Iter(train) [ 29900/160000]  lr: 2.9687e-03  eta: 9:32:59  time: 0.2547  data_time: 0.0075  memory: 9163  loss: 0.0204  decode.loss_ce: 0.0204  decode.acc_seg: 98.3524
2025/03/09 16:23:46 - mmengine - INFO - Iter(train) [ 29950/160000]  lr: 2.9559e-03  eta: 9:32:43  time: 0.2554  data_time: 0.0077  memory: 9163  loss: 0.0538  decode.loss_ce: 0.0538  decode.acc_seg: 99.8255
2025/03/09 16:23:59 - mmengine - INFO - Exp name: efficient_20250309_140341
2025/03/09 16:23:59 - mmengine - INFO - Iter(train) [ 30000/160000]  lr: 2.9431e-03  eta: 9:32:28  time: 0.2520  data_time: 0.0076  memory: 9163  loss: 0.0269  decode.loss_ce: 0.0269  decode.acc_seg: 99.6877
2025/03/09 16:24:11 - mmengine - INFO - Iter(train) [ 30050/160000]  lr: 2.9303e-03  eta: 9:32:13  time: 0.2549  data_time: 0.0078  memory: 9163  loss: 0.0348  decode.loss_ce: 0.0348  decode.acc_seg: 99.2038
2025/03/09 16:24:24 - mmengine - INFO - Iter(train) [ 30100/160000]  lr: 2.9175e-03  eta: 9:31:57  time: 0.2552  data_time: 0.0079  memory: 9163  loss: 0.0243  decode.loss_ce: 0.0243  decode.acc_seg: 99.3328
2025/03/09 16:24:37 - mmengine - INFO - Iter(train) [ 30150/160000]  lr: 2.9047e-03  eta: 9:31:42  time: 0.2508  data_time: 0.0074  memory: 9163  loss: 0.0465  decode.loss_ce: 0.0465  decode.acc_seg: 97.5247
2025/03/09 16:24:49 - mmengine - INFO - Iter(train) [ 30200/160000]  lr: 2.8919e-03  eta: 9:31:27  time: 0.2551  data_time: 0.0076  memory: 9163  loss: 0.0298  decode.loss_ce: 0.0298  decode.acc_seg: 96.8161
2025/03/09 16:25:02 - mmengine - INFO - Iter(train) [ 30250/160000]  lr: 2.8790e-03  eta: 9:31:11  time: 0.2550  data_time: 0.0075  memory: 9163  loss: 0.0302  decode.loss_ce: 0.0302  decode.acc_seg: 96.9918
2025/03/09 16:25:15 - mmengine - INFO - Iter(train) [ 30300/160000]  lr: 2.8662e-03  eta: 9:30:56  time: 0.2534  data_time: 0.0076  memory: 9163  loss: 0.0420  decode.loss_ce: 0.0420  decode.acc_seg: 98.5240
2025/03/09 16:25:28 - mmengine - INFO - Iter(train) [ 30350/160000]  lr: 2.8534e-03  eta: 9:30:41  time: 0.2525  data_time: 0.0080  memory: 9163  loss: 0.0414  decode.loss_ce: 0.0414  decode.acc_seg: 97.4106
2025/03/09 16:25:40 - mmengine - INFO - Iter(train) [ 30400/160000]  lr: 2.8405e-03  eta: 9:30:25  time: 0.2534  data_time: 0.0077  memory: 9163  loss: 0.0278  decode.loss_ce: 0.0278  decode.acc_seg: 99.8888
2025/03/09 16:25:53 - mmengine - INFO - Iter(train) [ 30450/160000]  lr: 2.8277e-03  eta: 9:30:10  time: 0.2566  data_time: 0.0077  memory: 9163  loss: 0.0408  decode.loss_ce: 0.0408  decode.acc_seg: 98.6109
2025/03/09 16:26:06 - mmengine - INFO - Iter(train) [ 30500/160000]  lr: 2.8148e-03  eta: 9:29:55  time: 0.2531  data_time: 0.0075  memory: 9163  loss: 0.0329  decode.loss_ce: 0.0329  decode.acc_seg: 99.0436
2025/03/09 16:26:18 - mmengine - INFO - Iter(train) [ 30550/160000]  lr: 2.8020e-03  eta: 9:29:40  time: 0.2547  data_time: 0.0073  memory: 9163  loss: 0.0417  decode.loss_ce: 0.0417  decode.acc_seg: 98.1405
2025/03/09 16:26:31 - mmengine - INFO - Iter(train) [ 30600/160000]  lr: 2.7891e-03  eta: 9:29:24  time: 0.2537  data_time: 0.0076  memory: 9163  loss: 0.0339  decode.loss_ce: 0.0339  decode.acc_seg: 98.8695
2025/03/09 16:26:31 - mmengine - INFO - Saving checkpoint at 30600 iterations
2025/03/09 16:26:46 - mmengine - INFO - Iter(train) [ 30650/160000]  lr: 2.7762e-03  eta: 9:29:16  time: 0.2547  data_time: 0.0075  memory: 9163  loss: 0.0527  decode.loss_ce: 0.0527  decode.acc_seg: 94.6584
2025/03/09 16:26:58 - mmengine - INFO - Iter(train) [ 30700/160000]  lr: 2.7633e-03  eta: 9:29:01  time: 0.2547  data_time: 0.0078  memory: 9163  loss: 0.0551  decode.loss_ce: 0.0551  decode.acc_seg: 96.7903
2025/03/09 16:27:11 - mmengine - INFO - Iter(train) [ 30750/160000]  lr: 2.7504e-03  eta: 9:28:46  time: 0.2550  data_time: 0.0080  memory: 9163  loss: 0.0386  decode.loss_ce: 0.0386  decode.acc_seg: 99.1266
2025/03/09 16:27:24 - mmengine - INFO - Iter(train) [ 30800/160000]  lr: 2.7375e-03  eta: 9:28:31  time: 0.2538  data_time: 0.0078  memory: 9163  loss: 0.0463  decode.loss_ce: 0.0463  decode.acc_seg: 98.8170
2025/03/09 16:27:37 - mmengine - INFO - Iter(train) [ 30850/160000]  lr: 2.7246e-03  eta: 9:28:15  time: 0.2545  data_time: 0.0075  memory: 9163  loss: 0.0390  decode.loss_ce: 0.0390  decode.acc_seg: 98.1169
2025/03/09 16:27:49 - mmengine - INFO - Iter(train) [ 30900/160000]  lr: 2.7117e-03  eta: 9:28:00  time: 0.2550  data_time: 0.0073  memory: 9163  loss: 0.0458  decode.loss_ce: 0.0458  decode.acc_seg: 95.2266
2025/03/09 16:28:02 - mmengine - INFO - Iter(train) [ 30950/160000]  lr: 2.6988e-03  eta: 9:27:45  time: 0.2542  data_time: 0.0075  memory: 9163  loss: 0.0294  decode.loss_ce: 0.0294  decode.acc_seg: 98.5653
2025/03/09 16:28:15 - mmengine - INFO - Exp name: efficient_20250309_140341
2025/03/09 16:28:15 - mmengine - INFO - Iter(train) [ 31000/160000]  lr: 2.6859e-03  eta: 9:27:30  time: 0.2548  data_time: 0.0074  memory: 9163  loss: 0.0309  decode.loss_ce: 0.0309  decode.acc_seg: 99.6555
2025/03/09 16:28:27 - mmengine - INFO - Iter(train) [ 31050/160000]  lr: 2.6730e-03  eta: 9:27:15  time: 0.2552  data_time: 0.0082  memory: 9163  loss: 0.0244  decode.loss_ce: 0.0244  decode.acc_seg: 99.3283
2025/03/09 16:28:40 - mmengine - INFO - Iter(train) [ 31100/160000]  lr: 2.6600e-03  eta: 9:27:00  time: 0.2551  data_time: 0.0080  memory: 9163  loss: 0.0309  decode.loss_ce: 0.0309  decode.acc_seg: 98.5840
2025/03/09 16:28:53 - mmengine - INFO - Iter(train) [ 31150/160000]  lr: 2.6471e-03  eta: 9:26:44  time: 0.2521  data_time: 0.0075  memory: 9163  loss: 0.0495  decode.loss_ce: 0.0495  decode.acc_seg: 95.3398
2025/03/09 16:29:06 - mmengine - INFO - Iter(train) [ 31200/160000]  lr: 2.6341e-03  eta: 9:26:29  time: 0.2550  data_time: 0.0076  memory: 9163  loss: 0.0700  decode.loss_ce: 0.0700  decode.acc_seg: 98.4057
2025/03/09 16:29:18 - mmengine - INFO - Iter(train) [ 31250/160000]  lr: 2.6211e-03  eta: 9:26:14  time: 0.2534  data_time: 0.0075  memory: 9163  loss: 0.0326  decode.loss_ce: 0.0326  decode.acc_seg: 99.5811
2025/03/09 16:29:31 - mmengine - INFO - Iter(train) [ 31300/160000]  lr: 2.6082e-03  eta: 9:25:59  time: 0.2538  data_time: 0.0081  memory: 9163  loss: 0.0169  decode.loss_ce: 0.0169  decode.acc_seg: 99.5516
2025/03/09 16:29:44 - mmengine - INFO - Iter(train) [ 31350/160000]  lr: 2.5952e-03  eta: 9:25:44  time: 0.2531  data_time: 0.0076  memory: 9163  loss: 0.0165  decode.loss_ce: 0.0165  decode.acc_seg: 99.5700
2025/03/09 16:29:56 - mmengine - INFO - Iter(train) [ 31400/160000]  lr: 2.5822e-03  eta: 9:25:29  time: 0.2546  data_time: 0.0083  memory: 9163  loss: 0.0356  decode.loss_ce: 0.0356  decode.acc_seg: 99.3062
2025/03/09 16:30:09 - mmengine - INFO - Iter(train) [ 31450/160000]  lr: 2.5692e-03  eta: 9:25:13  time: 0.2550  data_time: 0.0074  memory: 9163  loss: 0.0441  decode.loss_ce: 0.0441  decode.acc_seg: 99.8779
2025/03/09 16:30:22 - mmengine - INFO - Iter(train) [ 31500/160000]  lr: 2.5562e-03  eta: 9:24:58  time: 0.2550  data_time: 0.0077  memory: 9163  loss: 0.0283  decode.loss_ce: 0.0283  decode.acc_seg: 99.7771
2025/03/09 16:30:25 - mmengine - INFO - Iter(val) [ 50/869]    eta: 0:00:48  time: 0.0561  data_time: 0.0026  memory: 636  
2025/03/09 16:30:28 - mmengine - INFO - Iter(val) [100/869]    eta: 0:00:44  time: 0.0565  data_time: 0.0028  memory: 636  
2025/03/09 16:30:31 - mmengine - INFO - Iter(val) [150/869]    eta: 0:00:41  time: 0.0567  data_time: 0.0025  memory: 636  
2025/03/09 16:30:33 - mmengine - INFO - Iter(val) [200/869]    eta: 0:00:38  time: 0.0557  data_time: 0.0025  memory: 636  
2025/03/09 16:30:36 - mmengine - INFO - Iter(val) [250/869]    eta: 0:00:35  time: 0.0558  data_time: 0.0026  memory: 636  
2025/03/09 16:30:39 - mmengine - INFO - Iter(val) [300/869]    eta: 0:00:32  time: 0.0579  data_time: 0.0028  memory: 636  
2025/03/09 16:30:42 - mmengine - INFO - Iter(val) [350/869]    eta: 0:00:29  time: 0.0576  data_time: 0.0024  memory: 636  
2025/03/09 16:30:45 - mmengine - INFO - Iter(val) [400/869]    eta: 0:00:26  time: 0.0562  data_time: 0.0026  memory: 636  
2025/03/09 16:30:48 - mmengine - INFO - Iter(val) [450/869]    eta: 0:00:23  time: 0.0563  data_time: 0.0026  memory: 636  
2025/03/09 16:30:50 - mmengine - INFO - Iter(val) [500/869]    eta: 0:00:20  time: 0.0560  data_time: 0.0023  memory: 636  
2025/03/09 16:30:53 - mmengine - INFO - Iter(val) [550/869]    eta: 0:00:18  time: 0.0556  data_time: 0.0027  memory: 636  
2025/03/09 16:30:56 - mmengine - INFO - Iter(val) [600/869]    eta: 0:00:15  time: 0.0572  data_time: 0.0027  memory: 636  
2025/03/09 16:30:59 - mmengine - INFO - Iter(val) [650/869]    eta: 0:00:12  time: 0.0563  data_time: 0.0026  memory: 636  
2025/03/09 16:31:02 - mmengine - INFO - Iter(val) [700/869]    eta: 0:00:09  time: 0.0552  data_time: 0.0025  memory: 636  
2025/03/09 16:31:04 - mmengine - INFO - Iter(val) [750/869]    eta: 0:00:06  time: 0.0556  data_time: 0.0024  memory: 636  
2025/03/09 16:31:07 - mmengine - INFO - Iter(val) [800/869]    eta: 0:00:03  time: 0.0556  data_time: 0.0027  memory: 636  
2025/03/09 16:31:10 - mmengine - INFO - Iter(val) [850/869]    eta: 0:00:01  time: 0.0565  data_time: 0.0027  memory: 636  
2025/03/09 16:31:11 - mmengine - INFO - per class results:
2025/03/09 16:31:11 - mmengine - INFO - 
+------------+-------+-------+--------+-----------+--------+
|   Class    |  IoU  |  Acc  | Fscore | Precision | Recall |
+------------+-------+-------+--------+-----------+--------+
| background | 97.39 | 98.36 | 98.68  |    99.0   | 98.36  |
|    ghaf    | 55.34 |  76.6 | 71.25  |    66.6   |  76.6  |
+------------+-------+-------+--------+-----------+--------+
2025/03/09 16:31:11 - mmengine - INFO - Iter(val) [869/869]    aAcc: 97.4700  mIoU: 76.3700  mAcc: 87.4800  mFscore: 84.9600  mPrecision: 82.8000  mRecall: 87.4800  data_time: 0.0027  time: 0.0566
2025/03/09 16:31:24 - mmengine - INFO - Iter(train) [ 31550/160000]  lr: 2.5432e-03  eta: 9:24:44  time: 0.2544  data_time: 0.0075  memory: 9163  loss: 0.0220  decode.loss_ce: 0.0220  decode.acc_seg: 99.9853
2025/03/09 16:31:37 - mmengine - INFO - Iter(train) [ 31600/160000]  lr: 2.5302e-03  eta: 9:24:28  time: 0.2528  data_time: 0.0078  memory: 9163  loss: 0.0288  decode.loss_ce: 0.0288  decode.acc_seg: 99.8558
2025/03/09 16:31:49 - mmengine - INFO - Iter(train) [ 31650/160000]  lr: 2.5172e-03  eta: 9:24:13  time: 0.2546  data_time: 0.0081  memory: 9163  loss: 0.0458  decode.loss_ce: 0.0458  decode.acc_seg: 99.8427
2025/03/09 16:32:02 - mmengine - INFO - Iter(train) [ 31700/160000]  lr: 2.5041e-03  eta: 9:23:58  time: 0.2549  data_time: 0.0078  memory: 9163  loss: 0.0553  decode.loss_ce: 0.0553  decode.acc_seg: 98.3314
2025/03/09 16:32:15 - mmengine - INFO - Iter(train) [ 31750/160000]  lr: 2.4911e-03  eta: 9:23:43  time: 0.2530  data_time: 0.0075  memory: 9163  loss: 0.0236  decode.loss_ce: 0.0236  decode.acc_seg: 98.5901
2025/03/09 16:32:27 - mmengine - INFO - Iter(train) [ 31800/160000]  lr: 2.4781e-03  eta: 9:23:28  time: 0.2548  data_time: 0.0075  memory: 9163  loss: 0.0185  decode.loss_ce: 0.0185  decode.acc_seg: 99.8994
2025/03/09 16:32:40 - mmengine - INFO - Iter(train) [ 31850/160000]  lr: 2.4650e-03  eta: 9:23:12  time: 0.2547  data_time: 0.0076  memory: 9163  loss: 0.0306  decode.loss_ce: 0.0306  decode.acc_seg: 99.5847
2025/03/09 16:32:53 - mmengine - INFO - Iter(train) [ 31900/160000]  lr: 2.4519e-03  eta: 9:22:57  time: 0.2552  data_time: 0.0081  memory: 9163  loss: 0.0427  decode.loss_ce: 0.0427  decode.acc_seg: 96.5218
2025/03/09 16:33:06 - mmengine - INFO - Iter(train) [ 31950/160000]  lr: 2.4389e-03  eta: 9:22:42  time: 0.2539  data_time: 0.0080  memory: 9163  loss: 0.0277  decode.loss_ce: 0.0277  decode.acc_seg: 99.0170
2025/03/09 16:33:18 - mmengine - INFO - Exp name: efficient_20250309_140341
2025/03/09 16:33:18 - mmengine - INFO - Iter(train) [ 32000/160000]  lr: 2.4258e-03  eta: 9:22:27  time: 0.2559  data_time: 0.0077  memory: 9163  loss: 0.0260  decode.loss_ce: 0.0260  decode.acc_seg: 99.1457
2025/03/09 16:33:31 - mmengine - INFO - Iter(train) [ 32050/160000]  lr: 2.4127e-03  eta: 9:22:12  time: 0.2498  data_time: 0.0076  memory: 9163  loss: 0.0506  decode.loss_ce: 0.0506  decode.acc_seg: 99.5548
2025/03/09 16:35:26 - mmengine - INFO - Iter(train) [ 32100/160000]  lr: 2.3996e-03  eta: 9:28:46  time: 10.5210  data_time: 0.0100  memory: 9163  loss: 0.0364  decode.loss_ce: 0.0364  decode.acc_seg: 99.2300
2025/03/09 16:35:41 - mmengine - INFO - Iter(train) [ 32150/160000]  lr: 2.3865e-03  eta: 9:28:39  time: 0.2411  data_time: 0.0077  memory: 9163  loss: 0.0287  decode.loss_ce: 0.0287  decode.acc_seg: 98.9943
2025/03/09 16:35:54 - mmengine - INFO - Iter(train) [ 32200/160000]  lr: 2.3734e-03  eta: 9:28:21  time: 0.2431  data_time: 0.0076  memory: 9163  loss: 0.0254  decode.loss_ce: 0.0254  decode.acc_seg: 99.0764
2025/03/09 16:36:06 - mmengine - INFO - Iter(train) [ 32250/160000]  lr: 2.3603e-03  eta: 9:28:03  time: 0.2431  data_time: 0.0073  memory: 9163  loss: 0.0319  decode.loss_ce: 0.0319  decode.acc_seg: 97.1096
2025/03/09 16:36:18 - mmengine - INFO - Iter(train) [ 32300/160000]  lr: 2.3472e-03  eta: 9:27:45  time: 0.2430  data_time: 0.0073  memory: 9163  loss: 0.0143  decode.loss_ce: 0.0143  decode.acc_seg: 99.2670
2025/03/09 16:36:30 - mmengine - INFO - Iter(train) [ 32350/160000]  lr: 2.3340e-03  eta: 9:27:28  time: 0.2441  data_time: 0.0075  memory: 9163  loss: 0.0237  decode.loss_ce: 0.0237  decode.acc_seg: 99.2577
2025/03/09 16:36:42 - mmengine - INFO - Iter(train) [ 32400/160000]  lr: 2.3209e-03  eta: 9:27:10  time: 0.2443  data_time: 0.0077  memory: 9163  loss: 0.0298  decode.loss_ce: 0.0298  decode.acc_seg: 98.4427
2025/03/09 16:36:55 - mmengine - INFO - Iter(train) [ 32450/160000]  lr: 2.3077e-03  eta: 9:26:53  time: 0.2445  data_time: 0.0072  memory: 9163  loss: 0.0408  decode.loss_ce: 0.0408  decode.acc_seg: 99.5379
2025/03/09 16:37:07 - mmengine - INFO - Iter(train) [ 32500/160000]  lr: 2.2946e-03  eta: 9:26:37  time: 0.2558  data_time: 0.0077  memory: 9163  loss: 0.0245  decode.loss_ce: 0.0245  decode.acc_seg: 98.4427
2025/03/09 16:37:20 - mmengine - INFO - Iter(train) [ 32550/160000]  lr: 2.2814e-03  eta: 9:26:21  time: 0.2545  data_time: 0.0077  memory: 9163  loss: 0.0318  decode.loss_ce: 0.0318  decode.acc_seg: 99.0819
2025/03/09 16:37:33 - mmengine - INFO - Iter(train) [ 32600/160000]  lr: 2.2682e-03  eta: 9:26:06  time: 0.2574  data_time: 0.0079  memory: 9163  loss: 0.0192  decode.loss_ce: 0.0192  decode.acc_seg: 99.5780
2025/03/09 16:37:46 - mmengine - INFO - Iter(train) [ 32650/160000]  lr: 2.2550e-03  eta: 9:25:50  time: 0.2552  data_time: 0.0079  memory: 9163  loss: 0.0262  decode.loss_ce: 0.0262  decode.acc_seg: 97.0628
2025/03/09 16:37:58 - mmengine - INFO - Iter(train) [ 32700/160000]  lr: 2.2418e-03  eta: 9:25:34  time: 0.2549  data_time: 0.0078  memory: 9163  loss: 0.0526  decode.loss_ce: 0.0526  decode.acc_seg: 98.1171
2025/03/09 16:38:11 - mmengine - INFO - Iter(train) [ 32750/160000]  lr: 2.2286e-03  eta: 9:25:19  time: 0.2547  data_time: 0.0075  memory: 9163  loss: 0.0451  decode.loss_ce: 0.0451  decode.acc_seg: 99.3999
2025/03/09 16:38:24 - mmengine - INFO - Iter(train) [ 32800/160000]  lr: 2.2154e-03  eta: 9:25:03  time: 0.2531  data_time: 0.0077  memory: 9163  loss: 0.0436  decode.loss_ce: 0.0436  decode.acc_seg: 93.0306
2025/03/09 16:38:37 - mmengine - INFO - Iter(train) [ 32850/160000]  lr: 2.2022e-03  eta: 9:24:48  time: 0.2530  data_time: 0.0073  memory: 9163  loss: 0.0291  decode.loss_ce: 0.0291  decode.acc_seg: 96.2460
2025/03/09 16:38:49 - mmengine - INFO - Iter(train) [ 32900/160000]  lr: 2.1889e-03  eta: 9:24:32  time: 0.2579  data_time: 0.0076  memory: 9163  loss: 0.0423  decode.loss_ce: 0.0423  decode.acc_seg: 99.4954
2025/03/09 16:39:02 - mmengine - INFO - Iter(train) [ 32950/160000]  lr: 2.1757e-03  eta: 9:24:17  time: 0.2555  data_time: 0.0082  memory: 9163  loss: 0.0324  decode.loss_ce: 0.0324  decode.acc_seg: 97.9039
2025/03/09 16:39:15 - mmengine - INFO - Exp name: efficient_20250309_140341
2025/03/09 16:39:15 - mmengine - INFO - Iter(train) [ 33000/160000]  lr: 2.1624e-03  eta: 9:24:01  time: 0.2538  data_time: 0.0075  memory: 9163  loss: 0.0610  decode.loss_ce: 0.0610  decode.acc_seg: 96.3811
2025/03/09 16:39:28 - mmengine - INFO - Iter(train) [ 33050/160000]  lr: 2.1492e-03  eta: 9:23:46  time: 0.2556  data_time: 0.0082  memory: 9163  loss: 0.0421  decode.loss_ce: 0.0421  decode.acc_seg: 98.9712
2025/03/09 16:39:41 - mmengine - INFO - Iter(train) [ 33100/160000]  lr: 2.1359e-03  eta: 9:23:30  time: 0.2552  data_time: 0.0079  memory: 9163  loss: 0.0216  decode.loss_ce: 0.0216  decode.acc_seg: 99.7170
2025/03/09 16:39:53 - mmengine - INFO - Iter(train) [ 33150/160000]  lr: 2.1226e-03  eta: 9:23:15  time: 0.2582  data_time: 0.0079  memory: 9163  loss: 0.0379  decode.loss_ce: 0.0379  decode.acc_seg: 98.4751
2025/03/09 16:40:06 - mmengine - INFO - Iter(train) [ 33200/160000]  lr: 2.1093e-03  eta: 9:23:00  time: 0.2528  data_time: 0.0079  memory: 9163  loss: 0.0307  decode.loss_ce: 0.0307  decode.acc_seg: 99.8478
2025/03/09 16:40:19 - mmengine - INFO - Iter(train) [ 33250/160000]  lr: 2.0960e-03  eta: 9:22:45  time: 0.2541  data_time: 0.0075  memory: 9163  loss: 0.0406  decode.loss_ce: 0.0406  decode.acc_seg: 98.3541
2025/03/09 16:40:32 - mmengine - INFO - Iter(train) [ 33300/160000]  lr: 2.0827e-03  eta: 9:22:29  time: 0.2544  data_time: 0.0078  memory: 9163  loss: 0.0395  decode.loss_ce: 0.0395  decode.acc_seg: 99.3551
2025/03/09 16:40:45 - mmengine - INFO - Iter(train) [ 33350/160000]  lr: 2.0694e-03  eta: 9:22:14  time: 0.2551  data_time: 0.0090  memory: 9163  loss: 0.0387  decode.loss_ce: 0.0387  decode.acc_seg: 96.2546
2025/03/09 16:40:57 - mmengine - INFO - Iter(train) [ 33400/160000]  lr: 2.0561e-03  eta: 9:21:58  time: 0.2560  data_time: 0.0074  memory: 9163  loss: 0.0335  decode.loss_ce: 0.0335  decode.acc_seg: 99.2943
2025/03/09 16:41:10 - mmengine - INFO - Iter(train) [ 33450/160000]  lr: 2.0427e-03  eta: 9:21:43  time: 0.2562  data_time: 0.0076  memory: 9163  loss: 0.0450  decode.loss_ce: 0.0450  decode.acc_seg: 97.2497
2025/03/09 16:41:23 - mmengine - INFO - Iter(train) [ 33500/160000]  lr: 2.0294e-03  eta: 9:21:27  time: 0.2544  data_time: 0.0076  memory: 9163  loss: 0.0229  decode.loss_ce: 0.0229  decode.acc_seg: 99.7643
2025/03/09 16:41:35 - mmengine - INFO - Iter(train) [ 33550/160000]  lr: 2.0160e-03  eta: 9:21:11  time: 0.2548  data_time: 0.0079  memory: 9163  loss: 0.0205  decode.loss_ce: 0.0205  decode.acc_seg: 97.4529
2025/03/09 16:41:48 - mmengine - INFO - Iter(train) [ 33600/160000]  lr: 2.0026e-03  eta: 9:20:56  time: 0.2546  data_time: 0.0075  memory: 9163  loss: 0.0195  decode.loss_ce: 0.0195  decode.acc_seg: 99.8082
2025/03/09 16:42:01 - mmengine - INFO - Iter(train) [ 33650/160000]  lr: 1.9892e-03  eta: 9:20:40  time: 0.2530  data_time: 0.0071  memory: 9163  loss: 0.0319  decode.loss_ce: 0.0319  decode.acc_seg: 97.9866
2025/03/09 16:42:14 - mmengine - INFO - Iter(train) [ 33700/160000]  lr: 1.9758e-03  eta: 9:20:24  time: 0.2542  data_time: 0.0072  memory: 9163  loss: 0.0335  decode.loss_ce: 0.0335  decode.acc_seg: 99.6963
2025/03/09 16:42:26 - mmengine - INFO - Iter(train) [ 33750/160000]  lr: 1.9624e-03  eta: 9:20:09  time: 0.2563  data_time: 0.0086  memory: 9163  loss: 0.0501  decode.loss_ce: 0.0501  decode.acc_seg: 99.2681
2025/03/09 16:42:39 - mmengine - INFO - Iter(train) [ 33800/160000]  lr: 1.9490e-03  eta: 9:19:53  time: 0.2539  data_time: 0.0073  memory: 9163  loss: 0.0289  decode.loss_ce: 0.0289  decode.acc_seg: 99.7822
2025/03/09 16:42:52 - mmengine - INFO - Iter(train) [ 33850/160000]  lr: 1.9356e-03  eta: 9:19:38  time: 0.2542  data_time: 0.0076  memory: 9163  loss: 0.0319  decode.loss_ce: 0.0319  decode.acc_seg: 100.0000
2025/03/09 16:43:04 - mmengine - INFO - Iter(train) [ 33900/160000]  lr: 1.9222e-03  eta: 9:19:22  time: 0.2545  data_time: 0.0078  memory: 9163  loss: 0.0243  decode.loss_ce: 0.0243  decode.acc_seg: 99.6225
2025/03/09 16:43:17 - mmengine - INFO - Iter(train) [ 33950/160000]  lr: 1.9087e-03  eta: 9:19:07  time: 0.2530  data_time: 0.0074  memory: 9163  loss: 0.0542  decode.loss_ce: 0.0542  decode.acc_seg: 98.0582
2025/03/09 16:43:30 - mmengine - INFO - Exp name: efficient_20250309_140341
2025/03/09 16:43:30 - mmengine - INFO - Iter(train) [ 34000/160000]  lr: 1.8953e-03  eta: 9:18:51  time: 0.2546  data_time: 0.0078  memory: 9163  loss: 0.0360  decode.loss_ce: 0.0360  decode.acc_seg: 99.5328
2025/03/09 16:43:30 - mmengine - INFO - Saving checkpoint at 34000 iterations
2025/03/09 16:43:45 - mmengine - INFO - Iter(train) [ 34050/160000]  lr: 1.8818e-03  eta: 9:18:43  time: 0.2533  data_time: 0.0079  memory: 9163  loss: 0.0256  decode.loss_ce: 0.0256  decode.acc_seg: 98.9261
2025/03/09 16:43:57 - mmengine - INFO - Iter(train) [ 34100/160000]  lr: 1.8683e-03  eta: 9:18:28  time: 0.2522  data_time: 0.0076  memory: 9163  loss: 0.0369  decode.loss_ce: 0.0369  decode.acc_seg: 97.9793
2025/03/09 16:44:10 - mmengine - INFO - Iter(train) [ 34150/160000]  lr: 1.8548e-03  eta: 9:18:12  time: 0.2558  data_time: 0.0074  memory: 9163  loss: 0.0250  decode.loss_ce: 0.0250  decode.acc_seg: 99.9912
2025/03/09 16:44:23 - mmengine - INFO - Iter(train) [ 34200/160000]  lr: 1.8413e-03  eta: 9:17:57  time: 0.2545  data_time: 0.0076  memory: 9163  loss: 0.0399  decode.loss_ce: 0.0399  decode.acc_seg: 98.7900
2025/03/09 16:44:35 - mmengine - INFO - Iter(train) [ 34250/160000]  lr: 1.8278e-03  eta: 9:17:41  time: 0.2571  data_time: 0.0078  memory: 9163  loss: 0.0351  decode.loss_ce: 0.0351  decode.acc_seg: 98.0455
2025/03/09 16:44:48 - mmengine - INFO - Iter(train) [ 34300/160000]  lr: 1.8143e-03  eta: 9:17:26  time: 0.2544  data_time: 0.0075  memory: 9163  loss: 0.0430  decode.loss_ce: 0.0430  decode.acc_seg: 94.6937
2025/03/09 16:45:01 - mmengine - INFO - Iter(train) [ 34350/160000]  lr: 1.8007e-03  eta: 9:17:10  time: 0.2526  data_time: 0.0078  memory: 9163  loss: 0.0399  decode.loss_ce: 0.0399  decode.acc_seg: 98.7523
2025/03/09 16:45:14 - mmengine - INFO - Iter(train) [ 34400/160000]  lr: 1.7872e-03  eta: 9:16:55  time: 0.2548  data_time: 0.0075  memory: 9163  loss: 0.0258  decode.loss_ce: 0.0258  decode.acc_seg: 99.2377
2025/03/09 16:45:26 - mmengine - INFO - Iter(train) [ 34450/160000]  lr: 1.7736e-03  eta: 9:16:39  time: 0.2547  data_time: 0.0079  memory: 9163  loss: 0.0616  decode.loss_ce: 0.0616  decode.acc_seg: 98.8290
2025/03/09 16:45:39 - mmengine - INFO - Iter(train) [ 34500/160000]  lr: 1.7600e-03  eta: 9:16:24  time: 0.2542  data_time: 0.0076  memory: 9163  loss: 0.0312  decode.loss_ce: 0.0312  decode.acc_seg: 98.6441
2025/03/09 16:45:52 - mmengine - INFO - Iter(train) [ 34550/160000]  lr: 1.7464e-03  eta: 9:16:09  time: 0.2560  data_time: 0.0077  memory: 9163  loss: 0.0387  decode.loss_ce: 0.0387  decode.acc_seg: 97.7443
2025/03/09 16:46:05 - mmengine - INFO - Iter(train) [ 34600/160000]  lr: 1.7328e-03  eta: 9:15:53  time: 0.2551  data_time: 0.0074  memory: 9163  loss: 0.0381  decode.loss_ce: 0.0381  decode.acc_seg: 98.5497
2025/03/09 16:46:17 - mmengine - INFO - Iter(train) [ 34650/160000]  lr: 1.7192e-03  eta: 9:15:38  time: 0.2559  data_time: 0.0077  memory: 9163  loss: 0.0459  decode.loss_ce: 0.0459  decode.acc_seg: 99.7941
2025/03/09 16:46:30 - mmengine - INFO - Iter(train) [ 34700/160000]  lr: 1.7056e-03  eta: 9:15:23  time: 0.2549  data_time: 0.0079  memory: 9163  loss: 0.0277  decode.loss_ce: 0.0277  decode.acc_seg: 99.8263
2025/03/09 16:46:43 - mmengine - INFO - Iter(train) [ 34750/160000]  lr: 1.6920e-03  eta: 9:15:07  time: 0.2550  data_time: 0.0073  memory: 9163  loss: 0.0453  decode.loss_ce: 0.0453  decode.acc_seg: 99.1778
2025/03/09 16:46:56 - mmengine - INFO - Iter(train) [ 34800/160000]  lr: 1.6783e-03  eta: 9:14:52  time: 0.2551  data_time: 0.0075  memory: 9163  loss: 0.0334  decode.loss_ce: 0.0334  decode.acc_seg: 99.5438
2025/03/09 16:47:08 - mmengine - INFO - Iter(train) [ 34850/160000]  lr: 1.6647e-03  eta: 9:14:37  time: 0.2560  data_time: 0.0079  memory: 9163  loss: 0.0203  decode.loss_ce: 0.0203  decode.acc_seg: 99.4929
2025/03/09 16:47:21 - mmengine - INFO - Iter(train) [ 34900/160000]  lr: 1.6510e-03  eta: 9:14:22  time: 0.2552  data_time: 0.0073  memory: 9163  loss: 0.0291  decode.loss_ce: 0.0291  decode.acc_seg: 99.6644
2025/03/09 16:47:34 - mmengine - INFO - Iter(train) [ 34950/160000]  lr: 1.6373e-03  eta: 9:14:07  time: 0.2550  data_time: 0.0080  memory: 9163  loss: 0.0338  decode.loss_ce: 0.0338  decode.acc_seg: 97.3647
2025/03/09 16:47:47 - mmengine - INFO - Exp name: efficient_20250309_140341
2025/03/09 16:47:47 - mmengine - INFO - Iter(train) [ 35000/160000]  lr: 1.6236e-03  eta: 9:13:51  time: 0.2550  data_time: 0.0081  memory: 9163  loss: 0.0262  decode.loss_ce: 0.0262  decode.acc_seg: 96.6123
2025/03/09 16:47:50 - mmengine - INFO - Iter(val) [ 50/869]    eta: 0:00:47  time: 0.0568  data_time: 0.0024  memory: 636  
2025/03/09 16:47:52 - mmengine - INFO - Iter(val) [100/869]    eta: 0:00:44  time: 0.0577  data_time: 0.0026  memory: 636  
2025/03/09 16:47:55 - mmengine - INFO - Iter(val) [150/869]    eta: 0:00:41  time: 0.0565  data_time: 0.0027  memory: 636  
2025/03/09 16:47:58 - mmengine - INFO - Iter(val) [200/869]    eta: 0:00:38  time: 0.0557  data_time: 0.0027  memory: 636  
2025/03/09 16:48:01 - mmengine - INFO - Iter(val) [250/869]    eta: 0:00:35  time: 0.0554  data_time: 0.0025  memory: 636  
2025/03/09 16:48:04 - mmengine - INFO - Iter(val) [300/869]    eta: 0:00:32  time: 0.0555  data_time: 0.0024  memory: 636  
2025/03/09 16:48:06 - mmengine - INFO - Iter(val) [350/869]    eta: 0:00:29  time: 0.0543  data_time: 0.0025  memory: 636  
2025/03/09 16:48:09 - mmengine - INFO - Iter(val) [400/869]    eta: 0:00:26  time: 0.0556  data_time: 0.0024  memory: 636  
2025/03/09 16:48:12 - mmengine - INFO - Iter(val) [450/869]    eta: 0:00:23  time: 0.0561  data_time: 0.0026  memory: 636  
2025/03/09 16:48:15 - mmengine - INFO - Iter(val) [500/869]    eta: 0:00:20  time: 0.0554  data_time: 0.0027  memory: 636  
2025/03/09 16:48:18 - mmengine - INFO - Iter(val) [550/869]    eta: 0:00:17  time: 0.0555  data_time: 0.0024  memory: 636  
2025/03/09 16:48:20 - mmengine - INFO - Iter(val) [600/869]    eta: 0:00:15  time: 0.0555  data_time: 0.0026  memory: 636  
2025/03/09 16:48:23 - mmengine - INFO - Iter(val) [650/869]    eta: 0:00:12  time: 0.0558  data_time: 0.0027  memory: 636  
2025/03/09 16:48:26 - mmengine - INFO - Iter(val) [700/869]    eta: 0:00:09  time: 0.0556  data_time: 0.0026  memory: 636  
2025/03/09 16:48:29 - mmengine - INFO - Iter(val) [750/869]    eta: 0:00:06  time: 0.0555  data_time: 0.0024  memory: 636  
2025/03/09 16:48:32 - mmengine - INFO - Iter(val) [800/869]    eta: 0:00:03  time: 0.0586  data_time: 0.0028  memory: 636  
2025/03/09 16:48:34 - mmengine - INFO - Iter(val) [850/869]    eta: 0:00:01  time: 0.0553  data_time: 0.0024  memory: 636  
2025/03/09 16:48:35 - mmengine - INFO - per class results:
2025/03/09 16:48:36 - mmengine - INFO - 
+------------+-------+-------+--------+-----------+--------+
|   Class    |  IoU  |  Acc  | Fscore | Precision | Recall |
+------------+-------+-------+--------+-----------+--------+
| background | 97.27 | 98.08 | 98.61  |   99.16   | 98.08  |
|    ghaf    | 55.45 |  80.5 | 71.34  |   64.05   |  80.5  |
+------------+-------+-------+--------+-----------+--------+
2025/03/09 16:48:36 - mmengine - INFO - Iter(val) [869/869]    aAcc: 97.3600  mIoU: 76.3600  mAcc: 89.2900  mFscore: 84.9800  mPrecision: 81.6100  mRecall: 89.2900  data_time: 0.0027  time: 0.0562
2025/03/09 16:48:48 - mmengine - INFO - Iter(train) [ 35050/160000]  lr: 1.6099e-03  eta: 9:13:36  time: 0.2548  data_time: 0.0076  memory: 9163  loss: 0.0197  decode.loss_ce: 0.0197  decode.acc_seg: 98.0244
2025/03/09 16:49:01 - mmengine - INFO - Iter(train) [ 35100/160000]  lr: 1.5961e-03  eta: 9:13:21  time: 0.2547  data_time: 0.0075  memory: 9163  loss: 0.0342  decode.loss_ce: 0.0342  decode.acc_seg: 98.3492
2025/03/09 16:49:14 - mmengine - INFO - Iter(train) [ 35150/160000]  lr: 1.5824e-03  eta: 9:13:05  time: 0.2532  data_time: 0.0076  memory: 9163  loss: 0.0452  decode.loss_ce: 0.0452  decode.acc_seg: 98.0068
2025/03/09 16:49:26 - mmengine - INFO - Iter(train) [ 35200/160000]  lr: 1.5686e-03  eta: 9:12:50  time: 0.2543  data_time: 0.0074  memory: 9163  loss: 0.0356  decode.loss_ce: 0.0356  decode.acc_seg: 98.5874
2025/03/09 16:49:39 - mmengine - INFO - Iter(train) [ 35250/160000]  lr: 1.5548e-03  eta: 9:12:34  time: 0.2524  data_time: 0.0076  memory: 9163  loss: 0.0250  decode.loss_ce: 0.0250  decode.acc_seg: 98.3903
2025/03/09 16:49:52 - mmengine - INFO - Iter(train) [ 35300/160000]  lr: 1.5410e-03  eta: 9:12:18  time: 0.2548  data_time: 0.0075  memory: 9163  loss: 0.0382  decode.loss_ce: 0.0382  decode.acc_seg: 93.5434
2025/03/09 16:50:04 - mmengine - INFO - Iter(train) [ 35350/160000]  lr: 1.5272e-03  eta: 9:12:03  time: 0.2532  data_time: 0.0074  memory: 9163  loss: 0.0262  decode.loss_ce: 0.0262  decode.acc_seg: 99.0168
2025/03/09 16:50:17 - mmengine - INFO - Iter(train) [ 35400/160000]  lr: 1.5134e-03  eta: 9:11:47  time: 0.2538  data_time: 0.0076  memory: 9163  loss: 0.0345  decode.loss_ce: 0.0345  decode.acc_seg: 96.7131
2025/03/09 16:50:30 - mmengine - INFO - Iter(train) [ 35450/160000]  lr: 1.4996e-03  eta: 9:11:32  time: 0.2525  data_time: 0.0075  memory: 9163  loss: 0.0426  decode.loss_ce: 0.0426  decode.acc_seg: 96.3360
2025/03/09 16:50:42 - mmengine - INFO - Iter(train) [ 35500/160000]  lr: 1.4857e-03  eta: 9:11:17  time: 0.2549  data_time: 0.0072  memory: 9163  loss: 0.0432  decode.loss_ce: 0.0432  decode.acc_seg: 98.0109
2025/03/09 16:50:55 - mmengine - INFO - Iter(train) [ 35550/160000]  lr: 1.4719e-03  eta: 9:11:01  time: 0.2518  data_time: 0.0074  memory: 9163  loss: 0.0249  decode.loss_ce: 0.0249  decode.acc_seg: 98.9787
2025/03/09 16:51:08 - mmengine - INFO - Iter(train) [ 35600/160000]  lr: 1.4580e-03  eta: 9:10:46  time: 0.2554  data_time: 0.0080  memory: 9163  loss: 0.0200  decode.loss_ce: 0.0200  decode.acc_seg: 99.4616
2025/03/09 16:51:20 - mmengine - INFO - Iter(train) [ 35650/160000]  lr: 1.4441e-03  eta: 9:10:30  time: 0.2545  data_time: 0.0075  memory: 9163  loss: 0.0649  decode.loss_ce: 0.0649  decode.acc_seg: 94.5549
2025/03/09 16:51:33 - mmengine - INFO - Iter(train) [ 35700/160000]  lr: 1.4302e-03  eta: 9:10:15  time: 0.2549  data_time: 0.0074  memory: 9163  loss: 0.0394  decode.loss_ce: 0.0394  decode.acc_seg: 97.7807
2025/03/09 16:51:46 - mmengine - INFO - Iter(train) [ 35750/160000]  lr: 1.4163e-03  eta: 9:10:00  time: 0.2532  data_time: 0.0075  memory: 9163  loss: 0.0246  decode.loss_ce: 0.0246  decode.acc_seg: 98.9205
2025/03/09 16:51:58 - mmengine - INFO - Iter(train) [ 35800/160000]  lr: 1.4023e-03  eta: 9:09:44  time: 0.2533  data_time: 0.0079  memory: 9163  loss: 0.0380  decode.loss_ce: 0.0380  decode.acc_seg: 99.1321
2025/03/09 16:52:11 - mmengine - INFO - Iter(train) [ 35850/160000]  lr: 1.3884e-03  eta: 9:09:29  time: 0.2521  data_time: 0.0073  memory: 9163  loss: 0.0378  decode.loss_ce: 0.0378  decode.acc_seg: 97.6606
2025/03/09 16:52:24 - mmengine - INFO - Iter(train) [ 35900/160000]  lr: 1.3744e-03  eta: 9:09:14  time: 0.2534  data_time: 0.0075  memory: 9163  loss: 0.0339  decode.loss_ce: 0.0339  decode.acc_seg: 95.6994
2025/03/09 16:52:36 - mmengine - INFO - Iter(train) [ 35950/160000]  lr: 1.3604e-03  eta: 9:08:58  time: 0.2520  data_time: 0.0075  memory: 9163  loss: 0.0144  decode.loss_ce: 0.0144  decode.acc_seg: 99.5048
2025/03/09 16:52:49 - mmengine - INFO - Exp name: efficient_20250309_140341
2025/03/09 16:52:49 - mmengine - INFO - Iter(train) [ 36000/160000]  lr: 1.3464e-03  eta: 9:08:43  time: 0.2518  data_time: 0.0075  memory: 9163  loss: 0.0362  decode.loss_ce: 0.0362  decode.acc_seg: 99.4048
2025/03/09 16:53:02 - mmengine - INFO - Iter(train) [ 36050/160000]  lr: 1.3323e-03  eta: 9:08:28  time: 0.2549  data_time: 0.0075  memory: 9163  loss: 0.0437  decode.loss_ce: 0.0437  decode.acc_seg: 96.6781
2025/03/09 16:53:15 - mmengine - INFO - Iter(train) [ 36100/160000]  lr: 1.3183e-03  eta: 9:08:13  time: 0.2539  data_time: 0.0078  memory: 9163  loss: 0.0550  decode.loss_ce: 0.0550  decode.acc_seg: 97.1020
2025/03/09 16:53:27 - mmengine - INFO - Iter(train) [ 36150/160000]  lr: 1.3042e-03  eta: 9:07:57  time: 0.2548  data_time: 0.0075  memory: 9163  loss: 0.0324  decode.loss_ce: 0.0324  decode.acc_seg: 99.7008
2025/03/09 16:53:40 - mmengine - INFO - Iter(train) [ 36200/160000]  lr: 1.2901e-03  eta: 9:07:42  time: 0.2547  data_time: 0.0076  memory: 9163  loss: 0.0254  decode.loss_ce: 0.0254  decode.acc_seg: 98.3489
2025/03/09 16:53:53 - mmengine - INFO - Iter(train) [ 36250/160000]  lr: 1.2760e-03  eta: 9:07:27  time: 0.2546  data_time: 0.0075  memory: 9163  loss: 0.0226  decode.loss_ce: 0.0226  decode.acc_seg: 98.0835
2025/03/09 16:54:05 - mmengine - INFO - Iter(train) [ 36300/160000]  lr: 1.2619e-03  eta: 9:07:12  time: 0.2547  data_time: 0.0076  memory: 9163  loss: 0.0342  decode.loss_ce: 0.0342  decode.acc_seg: 97.2358
2025/03/09 16:54:18 - mmengine - INFO - Iter(train) [ 36350/160000]  lr: 1.2478e-03  eta: 9:06:56  time: 0.2517  data_time: 0.0074  memory: 9163  loss: 0.0368  decode.loss_ce: 0.0368  decode.acc_seg: 98.8922
2025/03/09 16:54:31 - mmengine - INFO - Iter(train) [ 36400/160000]  lr: 1.2336e-03  eta: 9:06:41  time: 0.2548  data_time: 0.0075  memory: 9163  loss: 0.0391  decode.loss_ce: 0.0391  decode.acc_seg: 97.7333
2025/03/09 16:54:44 - mmengine - INFO - Iter(train) [ 36450/160000]  lr: 1.2194e-03  eta: 9:06:26  time: 0.2546  data_time: 0.0076  memory: 9163  loss: 0.0379  decode.loss_ce: 0.0379  decode.acc_seg: 96.1510
2025/03/09 16:54:56 - mmengine - INFO - Iter(train) [ 36500/160000]  lr: 1.2052e-03  eta: 9:06:11  time: 0.2533  data_time: 0.0074  memory: 9163  loss: 0.0249  decode.loss_ce: 0.0249  decode.acc_seg: 98.3453
2025/03/09 16:55:09 - mmengine - INFO - Iter(train) [ 36550/160000]  lr: 1.1910e-03  eta: 9:05:56  time: 0.2547  data_time: 0.0075  memory: 9163  loss: 0.0340  decode.loss_ce: 0.0340  decode.acc_seg: 98.6945
2025/03/09 16:55:22 - mmengine - INFO - Iter(train) [ 36600/160000]  lr: 1.1768e-03  eta: 9:05:41  time: 0.2549  data_time: 0.0075  memory: 9163  loss: 0.0465  decode.loss_ce: 0.0465  decode.acc_seg: 98.6335
2025/03/09 16:55:34 - mmengine - INFO - Iter(train) [ 36650/160000]  lr: 1.1625e-03  eta: 9:05:26  time: 0.2545  data_time: 0.0078  memory: 9163  loss: 0.0394  decode.loss_ce: 0.0394  decode.acc_seg: 95.9842
2025/03/09 16:55:47 - mmengine - INFO - Iter(train) [ 36700/160000]  lr: 1.1482e-03  eta: 9:05:11  time: 0.2551  data_time: 0.0076  memory: 9163  loss: 0.0299  decode.loss_ce: 0.0299  decode.acc_seg: 99.2113
2025/03/09 16:56:00 - mmengine - INFO - Iter(train) [ 36750/160000]  lr: 1.1339e-03  eta: 9:04:55  time: 0.2533  data_time: 0.0075  memory: 9163  loss: 0.0264  decode.loss_ce: 0.0264  decode.acc_seg: 99.3967
2025/03/09 16:56:13 - mmengine - INFO - Iter(train) [ 36800/160000]  lr: 1.1196e-03  eta: 9:04:40  time: 0.2541  data_time: 0.0076  memory: 9163  loss: 0.0345  decode.loss_ce: 0.0345  decode.acc_seg: 98.5285
2025/03/09 16:56:25 - mmengine - INFO - Iter(train) [ 36850/160000]  lr: 1.1052e-03  eta: 9:04:25  time: 0.2547  data_time: 0.0074  memory: 9163  loss: 0.0815  decode.loss_ce: 0.0815  decode.acc_seg: 98.6857
2025/03/09 16:56:38 - mmengine - INFO - Iter(train) [ 36900/160000]  lr: 1.0909e-03  eta: 9:04:10  time: 0.2554  data_time: 0.0078  memory: 9163  loss: 0.0229  decode.loss_ce: 0.0229  decode.acc_seg: 98.3979
2025/03/09 16:56:51 - mmengine - INFO - Iter(train) [ 36950/160000]  lr: 1.0765e-03  eta: 9:03:55  time: 0.2549  data_time: 0.0075  memory: 9163  loss: 0.0317  decode.loss_ce: 0.0317  decode.acc_seg: 98.7432
2025/03/09 16:57:03 - mmengine - INFO - Exp name: efficient_20250309_140341
2025/03/09 16:57:03 - mmengine - INFO - Iter(train) [ 37000/160000]  lr: 1.0621e-03  eta: 9:03:40  time: 0.2549  data_time: 0.0074  memory: 9163  loss: 0.0398  decode.loss_ce: 0.0398  decode.acc_seg: 99.9568
2025/03/09 16:57:16 - mmengine - INFO - Iter(train) [ 37050/160000]  lr: 1.0476e-03  eta: 9:03:25  time: 0.2532  data_time: 0.0077  memory: 9163  loss: 0.0413  decode.loss_ce: 0.0413  decode.acc_seg: 98.7115
2025/03/09 16:57:29 - mmengine - INFO - Iter(train) [ 37100/160000]  lr: 1.0331e-03  eta: 9:03:09  time: 0.2529  data_time: 0.0074  memory: 9163  loss: 0.0463  decode.loss_ce: 0.0463  decode.acc_seg: 99.0320
2025/03/09 16:57:41 - mmengine - INFO - Iter(train) [ 37150/160000]  lr: 1.0187e-03  eta: 9:02:54  time: 0.2524  data_time: 0.0076  memory: 9163  loss: 0.0226  decode.loss_ce: 0.0226  decode.acc_seg: 99.8502
2025/03/09 16:57:54 - mmengine - INFO - Iter(train) [ 37200/160000]  lr: 1.0041e-03  eta: 9:02:39  time: 0.2534  data_time: 0.0071  memory: 9163  loss: 0.0296  decode.loss_ce: 0.0296  decode.acc_seg: 98.9662
2025/03/09 16:58:07 - mmengine - INFO - Iter(train) [ 37250/160000]  lr: 9.8959e-04  eta: 9:02:24  time: 0.2550  data_time: 0.0077  memory: 9163  loss: 0.0236  decode.loss_ce: 0.0236  decode.acc_seg: 99.3484
2025/03/09 16:58:19 - mmengine - INFO - Iter(train) [ 37300/160000]  lr: 9.7502e-04  eta: 9:02:09  time: 0.2549  data_time: 0.0075  memory: 9163  loss: 0.0373  decode.loss_ce: 0.0373  decode.acc_seg: 98.1642
2025/03/09 16:58:32 - mmengine - INFO - Iter(train) [ 37350/160000]  lr: 9.6042e-04  eta: 9:01:54  time: 0.2524  data_time: 0.0074  memory: 9163  loss: 0.0273  decode.loss_ce: 0.0273  decode.acc_seg: 100.0000
2025/03/09 16:58:45 - mmengine - INFO - Iter(train) [ 37400/160000]  lr: 9.4580e-04  eta: 9:01:39  time: 0.2542  data_time: 0.0079  memory: 9163  loss: 0.0329  decode.loss_ce: 0.0329  decode.acc_seg: 98.9978
2025/03/09 16:58:45 - mmengine - INFO - Saving checkpoint at 37400 iterations
2025/03/09 16:58:59 - mmengine - INFO - Iter(train) [ 37450/160000]  lr: 9.3115e-04  eta: 9:01:28  time: 0.2551  data_time: 0.0074  memory: 9163  loss: 0.0291  decode.loss_ce: 0.0291  decode.acc_seg: 99.9517
2025/03/09 16:59:12 - mmengine - INFO - Iter(train) [ 37500/160000]  lr: 9.1646e-04  eta: 9:01:13  time: 0.2522  data_time: 0.0076  memory: 9163  loss: 0.0245  decode.loss_ce: 0.0245  decode.acc_seg: 99.4218
2025/03/09 16:59:24 - mmengine - INFO - Iter(train) [ 37550/160000]  lr: 9.0175e-04  eta: 9:00:58  time: 0.2553  data_time: 0.0076  memory: 9163  loss: 0.0331  decode.loss_ce: 0.0331  decode.acc_seg: 99.4172
2025/03/09 16:59:37 - mmengine - INFO - Iter(train) [ 37600/160000]  lr: 8.8701e-04  eta: 9:00:43  time: 0.2536  data_time: 0.0075  memory: 9163  loss: 0.0376  decode.loss_ce: 0.0376  decode.acc_seg: 98.1582
2025/03/09 16:59:50 - mmengine - INFO - Iter(train) [ 37650/160000]  lr: 8.7224e-04  eta: 9:00:28  time: 0.2551  data_time: 0.0078  memory: 9163  loss: 0.0641  decode.loss_ce: 0.0641  decode.acc_seg: 99.6434
2025/03/09 17:00:02 - mmengine - INFO - Iter(train) [ 37700/160000]  lr: 8.5744e-04  eta: 9:00:13  time: 0.2548  data_time: 0.0080  memory: 9163  loss: 0.0282  decode.loss_ce: 0.0282  decode.acc_seg: 98.6056
2025/03/09 17:00:15 - mmengine - INFO - Iter(train) [ 37750/160000]  lr: 8.4260e-04  eta: 8:59:58  time: 0.2528  data_time: 0.0083  memory: 9163  loss: 0.0326  decode.loss_ce: 0.0326  decode.acc_seg: 99.7663
2025/03/09 17:00:28 - mmengine - INFO - Iter(train) [ 37800/160000]  lr: 8.2773e-04  eta: 8:59:43  time: 0.2553  data_time: 0.0080  memory: 9163  loss: 0.0354  decode.loss_ce: 0.0354  decode.acc_seg: 99.6082
2025/03/09 17:00:41 - mmengine - INFO - Iter(train) [ 37850/160000]  lr: 8.1283e-04  eta: 8:59:27  time: 0.2548  data_time: 0.0077  memory: 9163  loss: 0.0134  decode.loss_ce: 0.0134  decode.acc_seg: 99.4156
2025/03/09 17:00:53 - mmengine - INFO - Iter(train) [ 37900/160000]  lr: 7.9789e-04  eta: 8:59:12  time: 0.2547  data_time: 0.0073  memory: 9163  loss: 0.0191  decode.loss_ce: 0.0191  decode.acc_seg: 99.9393
2025/03/09 17:01:06 - mmengine - INFO - Iter(train) [ 37950/160000]  lr: 7.8292e-04  eta: 8:58:57  time: 0.2528  data_time: 0.0077  memory: 9163  loss: 0.0356  decode.loss_ce: 0.0356  decode.acc_seg: 99.8279
2025/03/09 17:01:19 - mmengine - INFO - Exp name: efficient_20250309_140341
2025/03/09 17:01:19 - mmengine - INFO - Iter(train) [ 38000/160000]  lr: 7.6791e-04  eta: 8:58:42  time: 0.2527  data_time: 0.0074  memory: 9163  loss: 0.0450  decode.loss_ce: 0.0450  decode.acc_seg: 97.2842
2025/03/09 17:01:31 - mmengine - INFO - Iter(train) [ 38050/160000]  lr: 7.5286e-04  eta: 8:58:27  time: 0.2536  data_time: 0.0076  memory: 9163  loss: 0.0544  decode.loss_ce: 0.0544  decode.acc_seg: 97.8023
2025/03/09 17:01:44 - mmengine - INFO - Iter(train) [ 38100/160000]  lr: 7.3778e-04  eta: 8:58:12  time: 0.2546  data_time: 0.0074  memory: 9163  loss: 0.0359  decode.loss_ce: 0.0359  decode.acc_seg: 98.6506
2025/03/09 17:01:57 - mmengine - INFO - Iter(train) [ 38150/160000]  lr: 7.2265e-04  eta: 8:57:58  time: 0.2546  data_time: 0.0074  memory: 9163  loss: 0.0236  decode.loss_ce: 0.0236  decode.acc_seg: 98.9172
2025/03/09 17:02:09 - mmengine - INFO - Iter(train) [ 38200/160000]  lr: 7.0749e-04  eta: 8:57:43  time: 0.2513  data_time: 0.0075  memory: 9163  loss: 0.0367  decode.loss_ce: 0.0367  decode.acc_seg: 99.8636
2025/03/09 17:02:22 - mmengine - INFO - Iter(train) [ 38250/160000]  lr: 6.9228e-04  eta: 8:57:27  time: 0.2537  data_time: 0.0079  memory: 9163  loss: 0.0511  decode.loss_ce: 0.0511  decode.acc_seg: 96.1790
2025/03/09 17:02:35 - mmengine - INFO - Iter(train) [ 38300/160000]  lr: 6.7703e-04  eta: 8:57:13  time: 0.2555  data_time: 0.0078  memory: 9163  loss: 0.0212  decode.loss_ce: 0.0212  decode.acc_seg: 98.7991
2025/03/09 17:02:48 - mmengine - INFO - Iter(train) [ 38350/160000]  lr: 6.6173e-04  eta: 8:56:58  time: 0.2528  data_time: 0.0071  memory: 9163  loss: 0.0244  decode.loss_ce: 0.0244  decode.acc_seg: 99.7861
2025/03/09 17:03:00 - mmengine - INFO - Iter(train) [ 38400/160000]  lr: 6.4639e-04  eta: 8:56:43  time: 0.2549  data_time: 0.0076  memory: 9163  loss: 0.0279  decode.loss_ce: 0.0279  decode.acc_seg: 99.0273
2025/03/09 17:03:13 - mmengine - INFO - Iter(train) [ 38450/160000]  lr: 6.3099e-04  eta: 8:56:28  time: 0.2550  data_time: 0.0074  memory: 9163  loss: 0.0218  decode.loss_ce: 0.0218  decode.acc_seg: 99.4237
2025/03/09 17:03:26 - mmengine - INFO - Iter(train) [ 38500/160000]  lr: 6.1555e-04  eta: 8:56:13  time: 0.2550  data_time: 0.0079  memory: 9163  loss: 0.0392  decode.loss_ce: 0.0392  decode.acc_seg: 99.2229
2025/03/09 17:03:29 - mmengine - INFO - Iter(val) [ 50/869]    eta: 0:00:48  time: 0.0594  data_time: 0.0026  memory: 636  
2025/03/09 17:03:32 - mmengine - INFO - Iter(val) [100/869]    eta: 0:00:44  time: 0.0555  data_time: 0.0023  memory: 636  
2025/03/09 17:03:34 - mmengine - INFO - Iter(val) [150/869]    eta: 0:00:41  time: 0.0556  data_time: 0.0026  memory: 636  
2025/03/09 17:03:37 - mmengine - INFO - Iter(val) [200/869]    eta: 0:00:38  time: 0.0560  data_time: 0.0027  memory: 636  
2025/03/09 17:03:40 - mmengine - INFO - Iter(val) [250/869]    eta: 0:00:35  time: 0.0560  data_time: 0.0025  memory: 636  
2025/03/09 17:03:43 - mmengine - INFO - Iter(val) [300/869]    eta: 0:00:32  time: 0.0550  data_time: 0.0025  memory: 636  
2025/03/09 17:03:46 - mmengine - INFO - Iter(val) [350/869]    eta: 0:00:29  time: 0.0550  data_time: 0.0025  memory: 636  
2025/03/09 17:03:48 - mmengine - INFO - Iter(val) [400/869]    eta: 0:00:26  time: 0.0555  data_time: 0.0026  memory: 636  
2025/03/09 17:03:51 - mmengine - INFO - Iter(val) [450/869]    eta: 0:00:23  time: 0.0560  data_time: 0.0025  memory: 636  
2025/03/09 17:03:54 - mmengine - INFO - Iter(val) [500/869]    eta: 0:00:20  time: 0.0560  data_time: 0.0027  memory: 636  
2025/03/09 17:03:57 - mmengine - INFO - Iter(val) [550/869]    eta: 0:00:17  time: 0.0557  data_time: 0.0027  memory: 636  
2025/03/09 17:04:00 - mmengine - INFO - Iter(val) [600/869]    eta: 0:00:15  time: 0.0560  data_time: 0.0028  memory: 636  
2025/03/09 17:04:02 - mmengine - INFO - Iter(val) [650/869]    eta: 0:00:12  time: 0.0552  data_time: 0.0022  memory: 636  
2025/03/09 17:04:05 - mmengine - INFO - Iter(val) [700/869]    eta: 0:00:09  time: 0.0559  data_time: 0.0027  memory: 636  
2025/03/09 17:04:08 - mmengine - INFO - Iter(val) [750/869]    eta: 0:00:06  time: 0.0558  data_time: 0.0024  memory: 636  
2025/03/09 17:04:11 - mmengine - INFO - Iter(val) [800/869]    eta: 0:00:03  time: 0.0603  data_time: 0.0026  memory: 636  
2025/03/09 17:04:14 - mmengine - INFO - Iter(val) [850/869]    eta: 0:00:01  time: 0.0559  data_time: 0.0026  memory: 636  
2025/03/09 17:04:15 - mmengine - INFO - per class results:
2025/03/09 17:04:15 - mmengine - INFO - 
+------------+-------+-------+--------+-----------+--------+
|   Class    |  IoU  |  Acc  | Fscore | Precision | Recall |
+------------+-------+-------+--------+-----------+--------+
| background |  97.0 | 97.68 | 98.48  |   99.29   | 97.68  |
|    ghaf    | 54.17 | 83.69 | 70.27  |   60.56   | 83.69  |
+------------+-------+-------+--------+-----------+--------+
2025/03/09 17:04:15 - mmengine - INFO - Iter(val) [869/869]    aAcc: 97.1100  mIoU: 75.5900  mAcc: 90.6900  mFscore: 84.3800  mPrecision: 79.9300  mRecall: 90.6900  data_time: 0.0027  time: 0.0564
2025/03/09 17:04:28 - mmengine - INFO - Iter(train) [ 38550/160000]  lr: 6.0006e-04  eta: 8:55:58  time: 0.2544  data_time: 0.0074  memory: 9163  loss: 0.0490  decode.loss_ce: 0.0490  decode.acc_seg: 99.2596
2025/03/09 17:04:40 - mmengine - INFO - Iter(train) [ 38600/160000]  lr: 5.8451e-04  eta: 8:55:43  time: 0.2548  data_time: 0.0079  memory: 9163  loss: 0.0419  decode.loss_ce: 0.0419  decode.acc_seg: 97.7172
2025/03/09 17:04:53 - mmengine - INFO - Iter(train) [ 38650/160000]  lr: 5.6891e-04  eta: 8:55:28  time: 0.2541  data_time: 0.0076  memory: 9163  loss: 0.0276  decode.loss_ce: 0.0276  decode.acc_seg: 98.5043
2025/03/09 17:05:06 - mmengine - INFO - Iter(train) [ 38700/160000]  lr: 5.5325e-04  eta: 8:55:13  time: 0.2536  data_time: 0.0075  memory: 9163  loss: 0.0254  decode.loss_ce: 0.0254  decode.acc_seg: 99.8903
2025/03/09 17:05:18 - mmengine - INFO - Iter(train) [ 38750/160000]  lr: 5.3753e-04  eta: 8:54:58  time: 0.2555  data_time: 0.0077  memory: 9163  loss: 0.0220  decode.loss_ce: 0.0220  decode.acc_seg: 99.6664
2025/03/09 17:05:31 - mmengine - INFO - Iter(train) [ 38800/160000]  lr: 5.2175e-04  eta: 8:54:43  time: 0.2504  data_time: 0.0075  memory: 9163  loss: 0.0348  decode.loss_ce: 0.0348  decode.acc_seg: 99.7913
2025/03/09 17:07:11 - mmengine - INFO - Iter(train) [ 38850/160000]  lr: 5.0590e-04  eta: 8:58:59  time: 8.9302  data_time: 1.5610  memory: 9163  loss: 0.0224  decode.loss_ce: 0.0224  decode.acc_seg: 99.4518
2025/03/09 17:07:23 - mmengine - INFO - Iter(train) [ 38900/160000]  lr: 4.8998e-04  eta: 8:58:42  time: 0.2412  data_time: 0.0072  memory: 9163  loss: 0.0345  decode.loss_ce: 0.0345  decode.acc_seg: 99.0568
2025/03/09 17:07:35 - mmengine - INFO - Iter(train) [ 38950/160000]  lr: 4.7399e-04  eta: 8:58:25  time: 0.2433  data_time: 0.0078  memory: 9163  loss: 0.0453  decode.loss_ce: 0.0453  decode.acc_seg: 98.5002
2025/03/09 17:07:47 - mmengine - INFO - Exp name: efficient_20250309_140341
2025/03/09 17:07:47 - mmengine - INFO - Iter(train) [ 39000/160000]  lr: 4.5792e-04  eta: 8:58:09  time: 0.2445  data_time: 0.0075  memory: 9163  loss: 0.0231  decode.loss_ce: 0.0231  decode.acc_seg: 98.1158
2025/03/09 17:08:00 - mmengine - INFO - Iter(train) [ 39050/160000]  lr: 4.4178e-04  eta: 8:57:52  time: 0.2450  data_time: 0.0078  memory: 9163  loss: 0.0238  decode.loss_ce: 0.0238  decode.acc_seg: 98.9321
2025/03/09 17:08:12 - mmengine - INFO - Iter(train) [ 39100/160000]  lr: 4.2554e-04  eta: 8:57:35  time: 0.2456  data_time: 0.0080  memory: 9163  loss: 0.0200  decode.loss_ce: 0.0200  decode.acc_seg: 98.3558
2025/03/09 17:08:24 - mmengine - INFO - Iter(train) [ 39150/160000]  lr: 4.0922e-04  eta: 8:57:19  time: 0.2460  data_time: 0.0077  memory: 9163  loss: 0.0211  decode.loss_ce: 0.0211  decode.acc_seg: 98.0852
2025/03/09 17:08:36 - mmengine - INFO - Iter(train) [ 39200/160000]  lr: 3.9280e-04  eta: 8:57:02  time: 0.2454  data_time: 0.0078  memory: 9163  loss: 0.0275  decode.loss_ce: 0.0275  decode.acc_seg: 96.3167
2025/03/09 17:08:49 - mmengine - INFO - Iter(train) [ 39250/160000]  lr: 3.7628e-04  eta: 8:56:47  time: 0.2555  data_time: 0.0076  memory: 9163  loss: 0.0193  decode.loss_ce: 0.0193  decode.acc_seg: 99.9169
2025/03/09 17:09:02 - mmengine - INFO - Iter(train) [ 39300/160000]  lr: 3.5964e-04  eta: 8:56:31  time: 0.2530  data_time: 0.0074  memory: 9163  loss: 0.0293  decode.loss_ce: 0.0293  decode.acc_seg: 99.5626
2025/03/09 17:09:15 - mmengine - INFO - Iter(train) [ 39350/160000]  lr: 3.4289e-04  eta: 8:56:16  time: 0.2578  data_time: 0.0080  memory: 9163  loss: 0.0279  decode.loss_ce: 0.0279  decode.acc_seg: 99.8575
2025/03/09 17:09:27 - mmengine - INFO - Iter(train) [ 39400/160000]  lr: 3.2601e-04  eta: 8:56:02  time: 0.2543  data_time: 0.0075  memory: 9163  loss: 0.0315  decode.loss_ce: 0.0315  decode.acc_seg: 99.6355
2025/03/09 17:09:40 - mmengine - INFO - Iter(train) [ 39450/160000]  lr: 3.0899e-04  eta: 8:55:47  time: 0.2558  data_time: 0.0081  memory: 9163  loss: 0.0243  decode.loss_ce: 0.0243  decode.acc_seg: 99.6779
2025/03/09 17:09:53 - mmengine - INFO - Iter(train) [ 39500/160000]  lr: 2.9181e-04  eta: 8:55:31  time: 0.2552  data_time: 0.0078  memory: 9163  loss: 0.0370  decode.loss_ce: 0.0370  decode.acc_seg: 99.2219
2025/03/09 17:10:06 - mmengine - INFO - Iter(train) [ 39550/160000]  lr: 2.7445e-04  eta: 8:55:16  time: 0.2552  data_time: 0.0086  memory: 9163  loss: 0.0379  decode.loss_ce: 0.0379  decode.acc_seg: 98.7141
2025/03/09 17:10:19 - mmengine - INFO - Iter(train) [ 39600/160000]  lr: 2.5691e-04  eta: 8:55:01  time: 0.2538  data_time: 0.0077  memory: 9163  loss: 0.0473  decode.loss_ce: 0.0473  decode.acc_seg: 99.5189
2025/03/09 17:10:31 - mmengine - INFO - Iter(train) [ 39650/160000]  lr: 2.3914e-04  eta: 8:54:46  time: 0.2523  data_time: 0.0077  memory: 9163  loss: 0.0333  decode.loss_ce: 0.0333  decode.acc_seg: 98.5781
2025/03/09 17:10:44 - mmengine - INFO - Iter(train) [ 39700/160000]  lr: 2.2112e-04  eta: 8:54:31  time: 0.2552  data_time: 0.0083  memory: 9163  loss: 0.0264  decode.loss_ce: 0.0264  decode.acc_seg: 99.7764
2025/03/09 17:10:57 - mmengine - INFO - Iter(train) [ 39750/160000]  lr: 2.0279e-04  eta: 8:54:17  time: 0.2581  data_time: 0.0080  memory: 9163  loss: 0.0406  decode.loss_ce: 0.0406  decode.acc_seg: 98.3882
2025/03/09 17:11:10 - mmengine - INFO - Iter(train) [ 39800/160000]  lr: 1.8408e-04  eta: 8:54:02  time: 0.2550  data_time: 0.0078  memory: 9163  loss: 0.0193  decode.loss_ce: 0.0193  decode.acc_seg: 99.4037
2025/03/09 17:11:23 - mmengine - INFO - Iter(train) [ 39850/160000]  lr: 1.6490e-04  eta: 8:53:47  time: 0.2579  data_time: 0.0084  memory: 9163  loss: 0.0260  decode.loss_ce: 0.0260  decode.acc_seg: 99.4850
2025/03/09 17:11:35 - mmengine - INFO - Iter(train) [ 39900/160000]  lr: 1.4506e-04  eta: 8:53:32  time: 0.2547  data_time: 0.0078  memory: 9163  loss: 0.0233  decode.loss_ce: 0.0233  decode.acc_seg: 99.6747
2025/03/09 17:11:48 - mmengine - INFO - Iter(train) [ 39950/160000]  lr: 1.2415e-04  eta: 8:53:17  time: 0.2549  data_time: 0.0085  memory: 9163  loss: 0.0404  decode.loss_ce: 0.0404  decode.acc_seg: 98.7697
2025/03/09 17:12:01 - mmengine - INFO - Exp name: efficient_20250309_140341
2025/03/09 17:12:01 - mmengine - INFO - Iter(train) [ 40000/160000]  lr: 1.0000e-04  eta: 8:53:02  time: 0.2559  data_time: 0.0078  memory: 9163  loss: 0.0543  decode.loss_ce: 0.0543  decode.acc_seg: 99.0438
2025/03/09 17:12:14 - mmengine - INFO - Iter(train) [ 40050/160000]  lr: 1.0000e-04  eta: 8:52:47  time: 0.2546  data_time: 0.0075  memory: 9163  loss: 0.0128  decode.loss_ce: 0.0128  decode.acc_seg: 99.9054
2025/03/09 17:12:27 - mmengine - INFO - Iter(train) [ 40100/160000]  lr: 1.0000e-04  eta: 8:52:32  time: 0.2552  data_time: 0.0079  memory: 9163  loss: 0.0223  decode.loss_ce: 0.0223  decode.acc_seg: 99.3803
2025/03/09 17:12:39 - mmengine - INFO - Iter(train) [ 40150/160000]  lr: 1.0000e-04  eta: 8:52:17  time: 0.2547  data_time: 0.0075  memory: 9163  loss: 0.0385  decode.loss_ce: 0.0385  decode.acc_seg: 99.8873
2025/03/09 17:12:52 - mmengine - INFO - Iter(train) [ 40200/160000]  lr: 1.0000e-04  eta: 8:52:02  time: 0.2552  data_time: 0.0076  memory: 9163  loss: 0.0299  decode.loss_ce: 0.0299  decode.acc_seg: 98.6884
2025/03/09 17:13:05 - mmengine - INFO - Iter(train) [ 40250/160000]  lr: 1.0000e-04  eta: 8:51:47  time: 0.2553  data_time: 0.0080  memory: 9163  loss: 0.0518  decode.loss_ce: 0.0518  decode.acc_seg: 95.7944
2025/03/09 17:13:18 - mmengine - INFO - Iter(train) [ 40300/160000]  lr: 1.0000e-04  eta: 8:51:32  time: 0.2549  data_time: 0.0075  memory: 9163  loss: 0.0318  decode.loss_ce: 0.0318  decode.acc_seg: 98.7712
2025/03/09 17:13:30 - mmengine - INFO - Iter(train) [ 40350/160000]  lr: 1.0000e-04  eta: 8:51:17  time: 0.2556  data_time: 0.0075  memory: 9163  loss: 0.0259  decode.loss_ce: 0.0259  decode.acc_seg: 99.4779
2025/03/09 17:13:43 - mmengine - INFO - Iter(train) [ 40400/160000]  lr: 1.0000e-04  eta: 8:51:02  time: 0.2569  data_time: 0.0081  memory: 9163  loss: 0.0358  decode.loss_ce: 0.0358  decode.acc_seg: 98.0713
2025/03/09 17:13:56 - mmengine - INFO - Iter(train) [ 40450/160000]  lr: 1.0000e-04  eta: 8:50:47  time: 0.2538  data_time: 0.0073  memory: 9163  loss: 0.0261  decode.loss_ce: 0.0261  decode.acc_seg: 98.5302
2025/03/09 17:14:09 - mmengine - INFO - Iter(train) [ 40500/160000]  lr: 1.0000e-04  eta: 8:50:32  time: 0.2529  data_time: 0.0076  memory: 9163  loss: 0.0210  decode.loss_ce: 0.0210  decode.acc_seg: 99.8953
2025/03/09 17:14:21 - mmengine - INFO - Iter(train) [ 40550/160000]  lr: 1.0000e-04  eta: 8:50:17  time: 0.2546  data_time: 0.0083  memory: 9163  loss: 0.0356  decode.loss_ce: 0.0356  decode.acc_seg: 99.9775
2025/03/09 17:14:34 - mmengine - INFO - Iter(train) [ 40600/160000]  lr: 1.0000e-04  eta: 8:50:02  time: 0.2532  data_time: 0.0079  memory: 9163  loss: 0.0345  decode.loss_ce: 0.0345  decode.acc_seg: 98.9066
2025/03/09 17:14:47 - mmengine - INFO - Iter(train) [ 40650/160000]  lr: 1.0000e-04  eta: 8:49:47  time: 0.2547  data_time: 0.0077  memory: 9163  loss: 0.0371  decode.loss_ce: 0.0371  decode.acc_seg: 99.5177
2025/03/09 17:15:00 - mmengine - INFO - Iter(train) [ 40700/160000]  lr: 1.0000e-04  eta: 8:49:32  time: 0.2543  data_time: 0.0073  memory: 9163  loss: 0.0378  decode.loss_ce: 0.0378  decode.acc_seg: 99.8893
2025/03/09 17:15:12 - mmengine - INFO - Iter(train) [ 40750/160000]  lr: 1.0000e-04  eta: 8:49:17  time: 0.2555  data_time: 0.0081  memory: 9163  loss: 0.0268  decode.loss_ce: 0.0268  decode.acc_seg: 99.6610
2025/03/09 17:15:25 - mmengine - INFO - Iter(train) [ 40800/160000]  lr: 1.0000e-04  eta: 8:49:02  time: 0.2568  data_time: 0.0080  memory: 9163  loss: 0.0507  decode.loss_ce: 0.0507  decode.acc_seg: 99.5548
2025/03/09 17:15:25 - mmengine - INFO - Saving checkpoint at 40800 iterations
2025/03/09 17:15:40 - mmengine - INFO - Iter(train) [ 40850/160000]  lr: 1.0000e-04  eta: 8:48:53  time: 0.2555  data_time: 0.0076  memory: 9163  loss: 0.0288  decode.loss_ce: 0.0288  decode.acc_seg: 97.7753
2025/03/09 17:15:52 - mmengine - INFO - Iter(train) [ 40900/160000]  lr: 1.0000e-04  eta: 8:48:37  time: 0.2565  data_time: 0.0082  memory: 9163  loss: 0.0515  decode.loss_ce: 0.0515  decode.acc_seg: 93.7103
2025/03/09 17:16:05 - mmengine - INFO - Iter(train) [ 40950/160000]  lr: 1.0000e-04  eta: 8:48:23  time: 0.2561  data_time: 0.0076  memory: 9163  loss: 0.0242  decode.loss_ce: 0.0242  decode.acc_seg: 99.5292
2025/03/09 17:16:18 - mmengine - INFO - Exp name: efficient_20250309_140341
2025/03/09 17:16:18 - mmengine - INFO - Iter(train) [ 41000/160000]  lr: 1.0000e-04  eta: 8:48:08  time: 0.2567  data_time: 0.0080  memory: 9163  loss: 0.0241  decode.loss_ce: 0.0241  decode.acc_seg: 98.7254
2025/03/09 17:16:31 - mmengine - INFO - Iter(train) [ 41050/160000]  lr: 1.0000e-04  eta: 8:47:53  time: 0.2556  data_time: 0.0076  memory: 9163  loss: 0.0299  decode.loss_ce: 0.0299  decode.acc_seg: 99.2281
2025/03/09 17:16:44 - mmengine - INFO - Iter(train) [ 41100/160000]  lr: 1.0000e-04  eta: 8:47:38  time: 0.2553  data_time: 0.0083  memory: 9163  loss: 0.0345  decode.loss_ce: 0.0345  decode.acc_seg: 98.1437
2025/03/09 17:16:56 - mmengine - INFO - Iter(train) [ 41150/160000]  lr: 1.0000e-04  eta: 8:47:23  time: 0.2551  data_time: 0.0077  memory: 9163  loss: 0.0427  decode.loss_ce: 0.0427  decode.acc_seg: 97.3177
2025/03/09 17:17:09 - mmengine - INFO - Iter(train) [ 41200/160000]  lr: 1.0000e-04  eta: 8:47:08  time: 0.2551  data_time: 0.0077  memory: 9163  loss: 0.0251  decode.loss_ce: 0.0251  decode.acc_seg: 97.7667
2025/03/09 17:17:22 - mmengine - INFO - Iter(train) [ 41250/160000]  lr: 1.0000e-04  eta: 8:46:53  time: 0.2529  data_time: 0.0077  memory: 9163  loss: 0.0233  decode.loss_ce: 0.0233  decode.acc_seg: 98.8551
2025/03/09 17:17:34 - mmengine - INFO - Iter(train) [ 41300/160000]  lr: 1.0000e-04  eta: 8:46:38  time: 0.2534  data_time: 0.0075  memory: 9163  loss: 0.0329  decode.loss_ce: 0.0329  decode.acc_seg: 100.0000
2025/03/09 17:17:47 - mmengine - INFO - Iter(train) [ 41350/160000]  lr: 1.0000e-04  eta: 8:46:23  time: 0.2538  data_time: 0.0075  memory: 9163  loss: 0.0332  decode.loss_ce: 0.0332  decode.acc_seg: 97.1006
2025/03/09 17:18:00 - mmengine - INFO - Iter(train) [ 41400/160000]  lr: 1.0000e-04  eta: 8:46:08  time: 0.2548  data_time: 0.0076  memory: 9163  loss: 0.0253  decode.loss_ce: 0.0253  decode.acc_seg: 99.0505
2025/03/09 17:18:13 - mmengine - INFO - Iter(train) [ 41450/160000]  lr: 1.0000e-04  eta: 8:45:53  time: 0.2555  data_time: 0.0080  memory: 9163  loss: 0.0277  decode.loss_ce: 0.0277  decode.acc_seg: 97.2172
2025/03/09 17:18:25 - mmengine - INFO - Iter(train) [ 41500/160000]  lr: 1.0000e-04  eta: 8:45:38  time: 0.2537  data_time: 0.0074  memory: 9163  loss: 0.0151  decode.loss_ce: 0.0151  decode.acc_seg: 99.4461
2025/03/09 17:18:38 - mmengine - INFO - Iter(train) [ 41550/160000]  lr: 1.0000e-04  eta: 8:45:23  time: 0.2549  data_time: 0.0072  memory: 9163  loss: 0.0336  decode.loss_ce: 0.0336  decode.acc_seg: 97.3694
2025/03/09 17:18:51 - mmengine - INFO - Iter(train) [ 41600/160000]  lr: 1.0000e-04  eta: 8:45:08  time: 0.2552  data_time: 0.0075  memory: 9163  loss: 0.0245  decode.loss_ce: 0.0245  decode.acc_seg: 98.1906
2025/03/09 17:19:03 - mmengine - INFO - Iter(train) [ 41650/160000]  lr: 1.0000e-04  eta: 8:44:53  time: 0.2545  data_time: 0.0072  memory: 9163  loss: 0.0277  decode.loss_ce: 0.0277  decode.acc_seg: 99.1646
2025/03/09 17:19:16 - mmengine - INFO - Iter(train) [ 41700/160000]  lr: 1.0000e-04  eta: 8:44:37  time: 0.2550  data_time: 0.0078  memory: 9163  loss: 0.0211  decode.loss_ce: 0.0211  decode.acc_seg: 99.0294
2025/03/09 17:19:29 - mmengine - INFO - Iter(train) [ 41750/160000]  lr: 1.0000e-04  eta: 8:44:22  time: 0.2552  data_time: 0.0078  memory: 9163  loss: 0.0218  decode.loss_ce: 0.0218  decode.acc_seg: 98.9932
2025/03/09 17:19:41 - mmengine - INFO - Iter(train) [ 41800/160000]  lr: 1.0000e-04  eta: 8:44:07  time: 0.2544  data_time: 0.0075  memory: 9163  loss: 0.0215  decode.loss_ce: 0.0215  decode.acc_seg: 100.0000
2025/03/09 17:19:54 - mmengine - INFO - Iter(train) [ 41850/160000]  lr: 1.0000e-04  eta: 8:43:52  time: 0.2553  data_time: 0.0076  memory: 9163  loss: 0.0365  decode.loss_ce: 0.0365  decode.acc_seg: 98.9645
2025/03/09 17:20:07 - mmengine - INFO - Iter(train) [ 41900/160000]  lr: 1.0000e-04  eta: 8:43:38  time: 0.2555  data_time: 0.0076  memory: 9163  loss: 0.0259  decode.loss_ce: 0.0259  decode.acc_seg: 99.2976
2025/03/09 17:20:20 - mmengine - INFO - Iter(train) [ 41950/160000]  lr: 1.0000e-04  eta: 8:43:23  time: 0.2545  data_time: 0.0078  memory: 9163  loss: 0.0373  decode.loss_ce: 0.0373  decode.acc_seg: 98.8697
2025/03/09 17:20:32 - mmengine - INFO - Exp name: efficient_20250309_140341
2025/03/09 17:20:32 - mmengine - INFO - Iter(train) [ 42000/160000]  lr: 1.0000e-04  eta: 8:43:08  time: 0.2534  data_time: 0.0078  memory: 9163  loss: 0.0281  decode.loss_ce: 0.0281  decode.acc_seg: 98.8949
2025/03/09 17:20:35 - mmengine - INFO - Iter(val) [ 50/869]    eta: 0:00:48  time: 0.0563  data_time: 0.0025  memory: 636  
2025/03/09 17:20:38 - mmengine - INFO - Iter(val) [100/869]    eta: 0:00:44  time: 0.0564  data_time: 0.0026  memory: 636  
2025/03/09 17:20:41 - mmengine - INFO - Iter(val) [150/869]    eta: 0:00:41  time: 0.0565  data_time: 0.0025  memory: 636  
2025/03/09 17:20:44 - mmengine - INFO - Iter(val) [200/869]    eta: 0:00:38  time: 0.0600  data_time: 0.0026  memory: 636  
2025/03/09 17:20:47 - mmengine - INFO - Iter(val) [250/869]    eta: 0:00:35  time: 0.0561  data_time: 0.0026  memory: 636  
2025/03/09 17:20:50 - mmengine - INFO - Iter(val) [300/869]    eta: 0:00:32  time: 0.0558  data_time: 0.0023  memory: 636  
2025/03/09 17:20:52 - mmengine - INFO - Iter(val) [350/869]    eta: 0:00:29  time: 0.0565  data_time: 0.0024  memory: 636  
2025/03/09 17:20:55 - mmengine - INFO - Iter(val) [400/869]    eta: 0:00:26  time: 0.0566  data_time: 0.0023  memory: 636  
2025/03/09 17:20:58 - mmengine - INFO - Iter(val) [450/869]    eta: 0:00:23  time: 0.0564  data_time: 0.0025  memory: 636  
2025/03/09 17:21:01 - mmengine - INFO - Iter(val) [500/869]    eta: 0:00:21  time: 0.0560  data_time: 0.0027  memory: 636  
2025/03/09 17:21:04 - mmengine - INFO - Iter(val) [550/869]    eta: 0:00:18  time: 0.0560  data_time: 0.0026  memory: 636  
2025/03/09 17:21:07 - mmengine - INFO - Iter(val) [600/869]    eta: 0:00:15  time: 0.0556  data_time: 0.0027  memory: 636  
2025/03/09 17:21:10 - mmengine - INFO - Iter(val) [650/869]    eta: 0:00:12  time: 0.0561  data_time: 0.0027  memory: 636  
2025/03/09 17:21:12 - mmengine - INFO - Iter(val) [700/869]    eta: 0:00:09  time: 0.0559  data_time: 0.0023  memory: 636  
2025/03/09 17:21:15 - mmengine - INFO - Iter(val) [750/869]    eta: 0:00:06  time: 0.0555  data_time: 0.0027  memory: 636  
2025/03/09 17:21:18 - mmengine - INFO - Iter(val) [800/869]    eta: 0:00:03  time: 0.0554  data_time: 0.0026  memory: 636  
2025/03/09 17:21:21 - mmengine - INFO - Iter(val) [850/869]    eta: 0:00:01  time: 0.0554  data_time: 0.0024  memory: 636  
2025/03/09 17:21:22 - mmengine - INFO - per class results:
2025/03/09 17:21:22 - mmengine - INFO - 
+------------+-------+-------+--------+-----------+--------+
|   Class    |  IoU  |  Acc  | Fscore | Precision | Recall |
+------------+-------+-------+--------+-----------+--------+
| background | 97.16 | 97.88 | 98.56  |   99.25   | 97.88  |
|    ghaf    | 55.15 | 82.59 |  71.1  |   62.41   | 82.59  |
+------------+-------+-------+--------+-----------+--------+
2025/03/09 17:21:22 - mmengine - INFO - Iter(val) [869/869]    aAcc: 97.2600  mIoU: 76.1600  mAcc: 90.2400  mFscore: 84.8300  mPrecision: 80.8300  mRecall: 90.2400  data_time: 0.0027  time: 0.0568
2025/03/09 17:21:35 - mmengine - INFO - Iter(train) [ 42050/160000]  lr: 1.0000e-04  eta: 8:42:53  time: 0.2549  data_time: 0.0076  memory: 9163  loss: 0.0234  decode.loss_ce: 0.0234  decode.acc_seg: 97.9754
2025/03/09 17:21:47 - mmengine - INFO - Iter(train) [ 42100/160000]  lr: 1.0000e-04  eta: 8:42:38  time: 0.2550  data_time: 0.0077  memory: 9163  loss: 0.0214  decode.loss_ce: 0.0214  decode.acc_seg: 98.4173
2025/03/09 17:22:00 - mmengine - INFO - Iter(train) [ 42150/160000]  lr: 1.0000e-04  eta: 8:42:23  time: 0.2549  data_time: 0.0073  memory: 9163  loss: 0.0355  decode.loss_ce: 0.0355  decode.acc_seg: 99.8914
2025/03/09 17:22:13 - mmengine - INFO - Iter(train) [ 42200/160000]  lr: 1.0000e-04  eta: 8:42:08  time: 0.2525  data_time: 0.0078  memory: 9163  loss: 0.0431  decode.loss_ce: 0.0431  decode.acc_seg: 99.4237
2025/03/09 17:22:25 - mmengine - INFO - Iter(train) [ 42250/160000]  lr: 1.0000e-04  eta: 8:41:53  time: 0.2514  data_time: 0.0076  memory: 9163  loss: 0.0484  decode.loss_ce: 0.0484  decode.acc_seg: 97.8398
2025/03/09 17:22:38 - mmengine - INFO - Iter(train) [ 42300/160000]  lr: 1.0000e-04  eta: 8:41:38  time: 0.2548  data_time: 0.0073  memory: 9163  loss: 0.0263  decode.loss_ce: 0.0263  decode.acc_seg: 97.5256
2025/03/09 17:22:51 - mmengine - INFO - Iter(train) [ 42350/160000]  lr: 1.0000e-04  eta: 8:41:23  time: 0.2545  data_time: 0.0075  memory: 9163  loss: 0.0390  decode.loss_ce: 0.0390  decode.acc_seg: 98.3346
2025/03/09 17:23:04 - mmengine - INFO - Iter(train) [ 42400/160000]  lr: 1.0000e-04  eta: 8:41:08  time: 0.2550  data_time: 0.0077  memory: 9163  loss: 0.0348  decode.loss_ce: 0.0348  decode.acc_seg: 99.4642
2025/03/09 17:23:16 - mmengine - INFO - Iter(train) [ 42450/160000]  lr: 1.0000e-04  eta: 8:40:53  time: 0.2509  data_time: 0.0075  memory: 9163  loss: 0.0370  decode.loss_ce: 0.0370  decode.acc_seg: 96.5984
2025/03/09 17:23:29 - mmengine - INFO - Iter(train) [ 42500/160000]  lr: 1.0000e-04  eta: 8:40:38  time: 0.2540  data_time: 0.0073  memory: 9163  loss: 0.0190  decode.loss_ce: 0.0190  decode.acc_seg: 99.0533
2025/03/09 17:23:42 - mmengine - INFO - Iter(train) [ 42550/160000]  lr: 1.0000e-04  eta: 8:40:23  time: 0.2547  data_time: 0.0074  memory: 9163  loss: 0.0286  decode.loss_ce: 0.0286  decode.acc_seg: 99.3854
2025/03/09 17:23:54 - mmengine - INFO - Iter(train) [ 42600/160000]  lr: 1.0000e-04  eta: 8:40:08  time: 0.2551  data_time: 0.0078  memory: 9163  loss: 0.0268  decode.loss_ce: 0.0268  decode.acc_seg: 98.1719
2025/03/09 17:24:07 - mmengine - INFO - Iter(train) [ 42650/160000]  lr: 1.0000e-04  eta: 8:39:53  time: 0.2550  data_time: 0.0074  memory: 9163  loss: 0.0266  decode.loss_ce: 0.0266  decode.acc_seg: 99.6703
2025/03/09 17:24:20 - mmengine - INFO - Iter(train) [ 42700/160000]  lr: 1.0000e-04  eta: 8:39:38  time: 0.2520  data_time: 0.0078  memory: 9163  loss: 0.0194  decode.loss_ce: 0.0194  decode.acc_seg: 99.6514
2025/03/09 17:24:32 - mmengine - INFO - Iter(train) [ 42750/160000]  lr: 1.0000e-04  eta: 8:39:23  time: 0.2548  data_time: 0.0072  memory: 9163  loss: 0.0227  decode.loss_ce: 0.0227  decode.acc_seg: 99.1809
2025/03/09 17:24:45 - mmengine - INFO - Iter(train) [ 42800/160000]  lr: 1.0000e-04  eta: 8:39:08  time: 0.2511  data_time: 0.0072  memory: 9163  loss: 0.0343  decode.loss_ce: 0.0343  decode.acc_seg: 97.6700
2025/03/09 17:24:58 - mmengine - INFO - Iter(train) [ 42850/160000]  lr: 1.0000e-04  eta: 8:38:54  time: 0.2547  data_time: 0.0075  memory: 9163  loss: 0.0351  decode.loss_ce: 0.0351  decode.acc_seg: 99.4672
2025/03/09 17:25:11 - mmengine - INFO - Iter(train) [ 42900/160000]  lr: 1.0000e-04  eta: 8:38:39  time: 0.2550  data_time: 0.0077  memory: 9163  loss: 0.0310  decode.loss_ce: 0.0310  decode.acc_seg: 98.8328
2025/03/09 17:25:23 - mmengine - INFO - Iter(train) [ 42950/160000]  lr: 1.0000e-04  eta: 8:38:24  time: 0.2524  data_time: 0.0072  memory: 9163  loss: 0.0181  decode.loss_ce: 0.0181  decode.acc_seg: 99.8773
2025/03/09 17:25:36 - mmengine - INFO - Exp name: efficient_20250309_140341
2025/03/09 17:25:36 - mmengine - INFO - Iter(train) [ 43000/160000]  lr: 1.0000e-04  eta: 8:38:09  time: 0.2519  data_time: 0.0074  memory: 9163  loss: 0.0217  decode.loss_ce: 0.0217  decode.acc_seg: 99.3729
2025/03/09 17:25:49 - mmengine - INFO - Iter(train) [ 43050/160000]  lr: 1.0000e-04  eta: 8:37:54  time: 0.2531  data_time: 0.0075  memory: 9163  loss: 0.0301  decode.loss_ce: 0.0301  decode.acc_seg: 99.3582
2025/03/09 17:26:01 - mmengine - INFO - Iter(train) [ 43100/160000]  lr: 1.0000e-04  eta: 8:37:39  time: 0.2553  data_time: 0.0073  memory: 9163  loss: 0.0178  decode.loss_ce: 0.0178  decode.acc_seg: 99.7757
2025/03/09 17:26:14 - mmengine - INFO - Iter(train) [ 43150/160000]  lr: 1.0000e-04  eta: 8:37:24  time: 0.2521  data_time: 0.0077  memory: 9163  loss: 0.0318  decode.loss_ce: 0.0318  decode.acc_seg: 99.1326
2025/03/09 17:26:27 - mmengine - INFO - Iter(train) [ 43200/160000]  lr: 1.0000e-04  eta: 8:37:09  time: 0.2534  data_time: 0.0074  memory: 9163  loss: 0.0391  decode.loss_ce: 0.0391  decode.acc_seg: 94.5437
2025/03/09 17:26:39 - mmengine - INFO - Iter(train) [ 43250/160000]  lr: 1.0000e-04  eta: 8:36:54  time: 0.2540  data_time: 0.0076  memory: 9163  loss: 0.0335  decode.loss_ce: 0.0335  decode.acc_seg: 99.0325
2025/03/09 17:26:52 - mmengine - INFO - Iter(train) [ 43300/160000]  lr: 1.0000e-04  eta: 8:36:39  time: 0.2510  data_time: 0.0073  memory: 9163  loss: 0.0336  decode.loss_ce: 0.0336  decode.acc_seg: 99.2880
2025/03/09 17:27:05 - mmengine - INFO - Iter(train) [ 43350/160000]  lr: 1.0000e-04  eta: 8:36:24  time: 0.2548  data_time: 0.0074  memory: 9163  loss: 0.0265  decode.loss_ce: 0.0265  decode.acc_seg: 99.4122
2025/03/09 17:27:17 - mmengine - INFO - Iter(train) [ 43400/160000]  lr: 1.0000e-04  eta: 8:36:09  time: 0.2533  data_time: 0.0075  memory: 9163  loss: 0.0335  decode.loss_ce: 0.0335  decode.acc_seg: 99.5308
2025/03/09 17:27:30 - mmengine - INFO - Iter(train) [ 43450/160000]  lr: 1.0000e-04  eta: 8:35:55  time: 0.2547  data_time: 0.0075  memory: 9163  loss: 0.0309  decode.loss_ce: 0.0309  decode.acc_seg: 99.7687
2025/03/09 17:27:43 - mmengine - INFO - Iter(train) [ 43500/160000]  lr: 1.0000e-04  eta: 8:35:40  time: 0.2527  data_time: 0.0073  memory: 9163  loss: 0.0280  decode.loss_ce: 0.0280  decode.acc_seg: 98.8827
2025/03/09 17:27:56 - mmengine - INFO - Iter(train) [ 43550/160000]  lr: 1.0000e-04  eta: 8:35:25  time: 0.2548  data_time: 0.0079  memory: 9163  loss: 0.0207  decode.loss_ce: 0.0207  decode.acc_seg: 99.5487
2025/03/09 17:28:08 - mmengine - INFO - Iter(train) [ 43600/160000]  lr: 1.0000e-04  eta: 8:35:10  time: 0.2515  data_time: 0.0075  memory: 9163  loss: 0.0329  decode.loss_ce: 0.0329  decode.acc_seg: 98.7030
2025/03/09 17:28:21 - mmengine - INFO - Iter(train) [ 43650/160000]  lr: 1.0000e-04  eta: 8:34:55  time: 0.2546  data_time: 0.0075  memory: 9163  loss: 0.0457  decode.loss_ce: 0.0457  decode.acc_seg: 96.5722
2025/03/09 17:28:33 - mmengine - INFO - Iter(train) [ 43700/160000]  lr: 1.0000e-04  eta: 8:34:40  time: 0.2501  data_time: 0.0073  memory: 9163  loss: 0.0288  decode.loss_ce: 0.0288  decode.acc_seg: 99.9059
2025/03/09 17:28:46 - mmengine - INFO - Iter(train) [ 43750/160000]  lr: 1.0000e-04  eta: 8:34:25  time: 0.2523  data_time: 0.0077  memory: 9163  loss: 0.0288  decode.loss_ce: 0.0288  decode.acc_seg: 98.7327
2025/03/09 17:28:59 - mmengine - INFO - Iter(train) [ 43800/160000]  lr: 1.0000e-04  eta: 8:34:10  time: 0.2545  data_time: 0.0077  memory: 9163  loss: 0.0349  decode.loss_ce: 0.0349  decode.acc_seg: 99.7937
2025/03/09 17:29:12 - mmengine - INFO - Iter(train) [ 43850/160000]  lr: 1.0000e-04  eta: 8:33:56  time: 0.2541  data_time: 0.0077  memory: 9163  loss: 0.0222  decode.loss_ce: 0.0222  decode.acc_seg: 99.9530
2025/03/09 17:29:24 - mmengine - INFO - Iter(train) [ 43900/160000]  lr: 1.0000e-04  eta: 8:33:41  time: 0.2508  data_time: 0.0073  memory: 9163  loss: 0.0250  decode.loss_ce: 0.0250  decode.acc_seg: 99.6121
2025/03/09 17:29:37 - mmengine - INFO - Iter(train) [ 43950/160000]  lr: 1.0000e-04  eta: 8:33:26  time: 0.2537  data_time: 0.0077  memory: 9163  loss: 0.0405  decode.loss_ce: 0.0405  decode.acc_seg: 99.7951
2025/03/09 17:29:50 - mmengine - INFO - Exp name: efficient_20250309_140341
2025/03/09 17:29:50 - mmengine - INFO - Iter(train) [ 44000/160000]  lr: 1.0000e-04  eta: 8:33:11  time: 0.2545  data_time: 0.0076  memory: 9163  loss: 0.0290  decode.loss_ce: 0.0290  decode.acc_seg: 99.6487
2025/03/09 17:30:02 - mmengine - INFO - Iter(train) [ 44050/160000]  lr: 1.0000e-04  eta: 8:32:56  time: 0.2544  data_time: 0.0076  memory: 9163  loss: 0.0268  decode.loss_ce: 0.0268  decode.acc_seg: 98.7963
2025/03/09 17:30:15 - mmengine - INFO - Iter(train) [ 44100/160000]  lr: 1.0000e-04  eta: 8:32:41  time: 0.2550  data_time: 0.0078  memory: 9163  loss: 0.0412  decode.loss_ce: 0.0412  decode.acc_seg: 99.5490
2025/03/09 17:30:28 - mmengine - INFO - Iter(train) [ 44150/160000]  lr: 1.0000e-04  eta: 8:32:27  time: 0.2539  data_time: 0.0075  memory: 9163  loss: 0.0181  decode.loss_ce: 0.0181  decode.acc_seg: 98.2644
2025/03/09 17:30:40 - mmengine - INFO - Iter(train) [ 44200/160000]  lr: 1.0000e-04  eta: 8:32:12  time: 0.2546  data_time: 0.0075  memory: 9163  loss: 0.0336  decode.loss_ce: 0.0336  decode.acc_seg: 98.3345
2025/03/09 17:30:40 - mmengine - INFO - Saving checkpoint at 44200 iterations
2025/03/09 17:30:55 - mmengine - INFO - Iter(train) [ 44250/160000]  lr: 1.0000e-04  eta: 8:32:01  time: 0.2534  data_time: 0.0077  memory: 9163  loss: 0.0258  decode.loss_ce: 0.0258  decode.acc_seg: 99.8470
2025/03/09 17:31:07 - mmengine - INFO - Iter(train) [ 44300/160000]  lr: 1.0000e-04  eta: 8:31:46  time: 0.2520  data_time: 0.0073  memory: 9163  loss: 0.0463  decode.loss_ce: 0.0463  decode.acc_seg: 99.1779
2025/03/09 17:31:20 - mmengine - INFO - Iter(train) [ 44350/160000]  lr: 1.0000e-04  eta: 8:31:32  time: 0.2538  data_time: 0.0075  memory: 9163  loss: 0.0171  decode.loss_ce: 0.0171  decode.acc_seg: 99.3970
2025/03/09 17:31:33 - mmengine - INFO - Iter(train) [ 44400/160000]  lr: 1.0000e-04  eta: 8:31:17  time: 0.2522  data_time: 0.0080  memory: 9163  loss: 0.0452  decode.loss_ce: 0.0452  decode.acc_seg: 98.6218
2025/03/09 17:31:45 - mmengine - INFO - Iter(train) [ 44450/160000]  lr: 1.0000e-04  eta: 8:31:02  time: 0.2540  data_time: 0.0076  memory: 9163  loss: 0.0215  decode.loss_ce: 0.0215  decode.acc_seg: 97.4098
2025/03/09 17:31:58 - mmengine - INFO - Iter(train) [ 44500/160000]  lr: 1.0000e-04  eta: 8:30:47  time: 0.2543  data_time: 0.0076  memory: 9163  loss: 0.0365  decode.loss_ce: 0.0365  decode.acc_seg: 98.9075
2025/03/09 17:32:11 - mmengine - INFO - Iter(train) [ 44550/160000]  lr: 1.0000e-04  eta: 8:30:32  time: 0.2549  data_time: 0.0077  memory: 9163  loss: 0.0266  decode.loss_ce: 0.0266  decode.acc_seg: 99.6178
2025/03/09 17:32:23 - mmengine - INFO - Iter(train) [ 44600/160000]  lr: 1.0000e-04  eta: 8:30:17  time: 0.2554  data_time: 0.0077  memory: 9163  loss: 0.0263  decode.loss_ce: 0.0263  decode.acc_seg: 98.5059
2025/03/09 17:32:36 - mmengine - INFO - Iter(train) [ 44650/160000]  lr: 1.0000e-04  eta: 8:30:03  time: 0.2533  data_time: 0.0074  memory: 9163  loss: 0.0386  decode.loss_ce: 0.0386  decode.acc_seg: 98.4787
2025/03/09 17:32:49 - mmengine - INFO - Iter(train) [ 44700/160000]  lr: 1.0000e-04  eta: 8:29:48  time: 0.2532  data_time: 0.0073  memory: 9163  loss: 0.0327  decode.loss_ce: 0.0327  decode.acc_seg: 95.8231
2025/03/09 17:33:01 - mmengine - INFO - Iter(train) [ 44750/160000]  lr: 1.0000e-04  eta: 8:29:33  time: 0.2530  data_time: 0.0076  memory: 9163  loss: 0.0306  decode.loss_ce: 0.0306  decode.acc_seg: 98.7587
2025/03/09 17:33:14 - mmengine - INFO - Iter(train) [ 44800/160000]  lr: 1.0000e-04  eta: 8:29:18  time: 0.2537  data_time: 0.0074  memory: 9163  loss: 0.0174  decode.loss_ce: 0.0174  decode.acc_seg: 98.9235
2025/03/09 17:33:27 - mmengine - INFO - Iter(train) [ 44850/160000]  lr: 1.0000e-04  eta: 8:29:04  time: 0.2536  data_time: 0.0078  memory: 9163  loss: 0.0240  decode.loss_ce: 0.0240  decode.acc_seg: 100.0000
2025/03/09 17:33:40 - mmengine - INFO - Iter(train) [ 44900/160000]  lr: 1.0000e-04  eta: 8:28:49  time: 0.2526  data_time: 0.0074  memory: 9163  loss: 0.0200  decode.loss_ce: 0.0200  decode.acc_seg: 100.0000
2025/03/09 17:33:52 - mmengine - INFO - Iter(train) [ 44950/160000]  lr: 1.0000e-04  eta: 8:28:34  time: 0.2541  data_time: 0.0075  memory: 9163  loss: 0.0289  decode.loss_ce: 0.0289  decode.acc_seg: 98.7778
2025/03/09 17:34:05 - mmengine - INFO - Exp name: efficient_20250309_140341
2025/03/09 17:34:05 - mmengine - INFO - Iter(train) [ 45000/160000]  lr: 1.0000e-04  eta: 8:28:20  time: 0.2535  data_time: 0.0077  memory: 9163  loss: 0.0317  decode.loss_ce: 0.0317  decode.acc_seg: 97.3357
2025/03/09 17:34:18 - mmengine - INFO - Iter(train) [ 45050/160000]  lr: 1.0000e-04  eta: 8:28:05  time: 0.2548  data_time: 0.0073  memory: 9163  loss: 0.0448  decode.loss_ce: 0.0448  decode.acc_seg: 99.2144
2025/03/09 17:34:30 - mmengine - INFO - Iter(train) [ 45100/160000]  lr: 1.0000e-04  eta: 8:27:50  time: 0.2548  data_time: 0.0076  memory: 9163  loss: 0.0367  decode.loss_ce: 0.0367  decode.acc_seg: 99.7468
2025/03/09 17:34:43 - mmengine - INFO - Iter(train) [ 45150/160000]  lr: 1.0000e-04  eta: 8:27:36  time: 0.2520  data_time: 0.0075  memory: 9163  loss: 0.0370  decode.loss_ce: 0.0370  decode.acc_seg: 99.4529
2025/03/09 17:34:56 - mmengine - INFO - Iter(train) [ 45200/160000]  lr: 1.0000e-04  eta: 8:27:21  time: 0.2545  data_time: 0.0077  memory: 9163  loss: 0.0392  decode.loss_ce: 0.0392  decode.acc_seg: 99.4948
2025/03/09 17:35:09 - mmengine - INFO - Iter(train) [ 45250/160000]  lr: 1.0000e-04  eta: 8:27:06  time: 0.2544  data_time: 0.0078  memory: 9163  loss: 0.0428  decode.loss_ce: 0.0428  decode.acc_seg: 97.5276
2025/03/09 17:35:21 - mmengine - INFO - Iter(train) [ 45300/160000]  lr: 1.0000e-04  eta: 8:26:52  time: 0.2554  data_time: 0.0076  memory: 9163  loss: 0.0375  decode.loss_ce: 0.0375  decode.acc_seg: 95.7460
2025/03/09 17:35:34 - mmengine - INFO - Iter(train) [ 45350/160000]  lr: 1.0000e-04  eta: 8:26:37  time: 0.2523  data_time: 0.0077  memory: 9163  loss: 0.0349  decode.loss_ce: 0.0349  decode.acc_seg: 100.0000
2025/03/09 17:35:47 - mmengine - INFO - Iter(train) [ 45400/160000]  lr: 1.0000e-04  eta: 8:26:23  time: 0.2544  data_time: 0.0076  memory: 9163  loss: 0.0267  decode.loss_ce: 0.0267  decode.acc_seg: 99.7001
2025/03/09 17:35:59 - mmengine - INFO - Iter(train) [ 45450/160000]  lr: 1.0000e-04  eta: 8:26:08  time: 0.2547  data_time: 0.0077  memory: 9163  loss: 0.0380  decode.loss_ce: 0.0380  decode.acc_seg: 98.4001
2025/03/09 17:36:12 - mmengine - INFO - Iter(train) [ 45500/160000]  lr: 1.0000e-04  eta: 8:25:53  time: 0.2531  data_time: 0.0076  memory: 9163  loss: 0.0178  decode.loss_ce: 0.0178  decode.acc_seg: 99.8439
2025/03/09 17:36:15 - mmengine - INFO - Iter(val) [ 50/869]    eta: 0:00:47  time: 0.0568  data_time: 0.0028  memory: 636  
2025/03/09 17:36:18 - mmengine - INFO - Iter(val) [100/869]    eta: 0:00:43  time: 0.0555  data_time: 0.0027  memory: 636  
2025/03/09 17:36:21 - mmengine - INFO - Iter(val) [150/869]    eta: 0:00:40  time: 0.0596  data_time: 0.0025  memory: 636  
2025/03/09 17:36:23 - mmengine - INFO - Iter(val) [200/869]    eta: 0:00:38  time: 0.0563  data_time: 0.0027  memory: 636  
2025/03/09 17:36:26 - mmengine - INFO - Iter(val) [250/869]    eta: 0:00:35  time: 0.0587  data_time: 0.0028  memory: 636  
2025/03/09 17:36:29 - mmengine - INFO - Iter(val) [300/869]    eta: 0:00:32  time: 0.0553  data_time: 0.0024  memory: 636  
2025/03/09 17:36:32 - mmengine - INFO - Iter(val) [350/869]    eta: 0:00:29  time: 0.0556  data_time: 0.0024  memory: 636  
2025/03/09 17:36:35 - mmengine - INFO - Iter(val) [400/869]    eta: 0:00:26  time: 0.0590  data_time: 0.0026  memory: 636  
2025/03/09 17:36:38 - mmengine - INFO - Iter(val) [450/869]    eta: 0:00:23  time: 0.0560  data_time: 0.0025  memory: 636  
2025/03/09 17:36:40 - mmengine - INFO - Iter(val) [500/869]    eta: 0:00:20  time: 0.0560  data_time: 0.0027  memory: 636  
2025/03/09 17:36:43 - mmengine - INFO - Iter(val) [550/869]    eta: 0:00:18  time: 0.0636  data_time: 0.0027  memory: 636  
2025/03/09 17:38:23 - mmengine - INFO - Iter(val) [600/869]    eta: 0:00:58  time: 0.0563  data_time: 0.0023  memory: 636  
2025/03/09 17:38:25 - mmengine - INFO - Iter(val) [650/869]    eta: 0:00:44  time: 0.0556  data_time: 0.0025  memory: 636  
2025/03/09 17:38:29 - mmengine - INFO - Iter(val) [700/869]    eta: 0:00:32  time: 0.0595  data_time: 0.0028  memory: 636  
2025/03/09 17:38:31 - mmengine - INFO - Iter(val) [750/869]    eta: 0:00:22  time: 0.0586  data_time: 0.0025  memory: 636  
2025/03/09 17:38:34 - mmengine - INFO - Iter(val) [800/869]    eta: 0:00:12  time: 0.0591  data_time: 0.0024  memory: 636  
2025/03/09 17:38:37 - mmengine - INFO - Iter(val) [850/869]    eta: 0:00:03  time: 0.0594  data_time: 0.0026  memory: 636  
2025/03/09 17:38:38 - mmengine - INFO - per class results:
2025/03/09 17:38:38 - mmengine - INFO - 
+------------+-------+-------+--------+-----------+--------+
|   Class    |  IoU  |  Acc  | Fscore | Precision | Recall |
+------------+-------+-------+--------+-----------+--------+
| background | 97.01 | 97.68 | 98.48  |    99.3   | 97.68  |
|    ghaf    | 54.28 | 83.86 | 70.37  |   60.61   | 83.86  |
+------------+-------+-------+--------+-----------+--------+
2025/03/09 17:38:38 - mmengine - INFO - Iter(val) [869/869]    aAcc: 97.1100  mIoU: 75.6500  mAcc: 90.7700  mFscore: 84.4200  mPrecision: 79.9600  mRecall: 90.7700  data_time: 0.0027  time: 0.1682
2025/03/09 17:38:51 - mmengine - INFO - Iter(train) [ 45550/160000]  lr: 1.0000e-04  eta: 8:25:38  time: 0.2470  data_time: 0.0081  memory: 9163  loss: 0.0235  decode.loss_ce: 0.0235  decode.acc_seg: 99.5671
2025/03/09 17:39:03 - mmengine - INFO - Iter(train) [ 45600/160000]  lr: 1.0000e-04  eta: 8:25:22  time: 0.2440  data_time: 0.0076  memory: 9163  loss: 0.0454  decode.loss_ce: 0.0454  decode.acc_seg: 96.4828
2025/03/09 17:39:15 - mmengine - INFO - Iter(train) [ 45650/160000]  lr: 1.0000e-04  eta: 8:25:06  time: 0.2474  data_time: 0.0080  memory: 9163  loss: 0.0184  decode.loss_ce: 0.0184  decode.acc_seg: 99.5025
2025/03/09 17:39:28 - mmengine - INFO - Iter(train) [ 45700/160000]  lr: 1.0000e-04  eta: 8:24:50  time: 0.2445  data_time: 0.0073  memory: 9163  loss: 0.0256  decode.loss_ce: 0.0256  decode.acc_seg: 99.5460
2025/03/09 17:39:40 - mmengine - INFO - Iter(train) [ 45750/160000]  lr: 1.0000e-04  eta: 8:24:35  time: 0.2454  data_time: 0.0074  memory: 9163  loss: 0.0257  decode.loss_ce: 0.0257  decode.acc_seg: 97.0815
2025/03/09 17:39:52 - mmengine - INFO - Iter(train) [ 45800/160000]  lr: 1.0000e-04  eta: 8:24:19  time: 0.2502  data_time: 0.0074  memory: 9163  loss: 0.0299  decode.loss_ce: 0.0299  decode.acc_seg: 98.4668
2025/03/09 17:40:05 - mmengine - INFO - Iter(train) [ 45850/160000]  lr: 1.0000e-04  eta: 8:24:05  time: 0.2551  data_time: 0.0081  memory: 9163  loss: 0.0271  decode.loss_ce: 0.0271  decode.acc_seg: 99.0634
2025/03/09 17:40:18 - mmengine - INFO - Iter(train) [ 45900/160000]  lr: 1.0000e-04  eta: 8:23:50  time: 0.2543  data_time: 0.0079  memory: 9163  loss: 0.0309  decode.loss_ce: 0.0309  decode.acc_seg: 99.8253
2025/03/09 17:40:31 - mmengine - INFO - Iter(train) [ 45950/160000]  lr: 1.0000e-04  eta: 8:23:36  time: 0.2563  data_time: 0.0083  memory: 9163  loss: 0.0190  decode.loss_ce: 0.0190  decode.acc_seg: 99.6496
2025/03/09 17:40:43 - mmengine - INFO - Exp name: efficient_20250309_140341
2025/03/09 17:40:43 - mmengine - INFO - Iter(train) [ 46000/160000]  lr: 1.0000e-04  eta: 8:23:21  time: 0.2555  data_time: 0.0079  memory: 9163  loss: 0.0331  decode.loss_ce: 0.0331  decode.acc_seg: 97.4712
2025/03/09 17:40:56 - mmengine - INFO - Iter(train) [ 46050/160000]  lr: 1.0000e-04  eta: 8:23:07  time: 0.2549  data_time: 0.0088  memory: 9163  loss: 0.0320  decode.loss_ce: 0.0320  decode.acc_seg: 98.4166
2025/03/09 17:41:09 - mmengine - INFO - Iter(train) [ 46100/160000]  lr: 1.0000e-04  eta: 8:22:52  time: 0.2563  data_time: 0.0079  memory: 9163  loss: 0.0494  decode.loss_ce: 0.0494  decode.acc_seg: 98.4701
2025/03/09 17:41:22 - mmengine - INFO - Iter(train) [ 46150/160000]  lr: 1.0000e-04  eta: 8:22:38  time: 0.2546  data_time: 0.0082  memory: 9163  loss: 0.0294  decode.loss_ce: 0.0294  decode.acc_seg: 99.8896
2025/03/09 17:41:34 - mmengine - INFO - Iter(train) [ 46200/160000]  lr: 1.0000e-04  eta: 8:22:24  time: 0.2547  data_time: 0.0083  memory: 9163  loss: 0.0356  decode.loss_ce: 0.0356  decode.acc_seg: 99.8222
2025/03/09 17:41:47 - mmengine - INFO - Iter(train) [ 46250/160000]  lr: 1.0000e-04  eta: 8:22:09  time: 0.2578  data_time: 0.0088  memory: 9163  loss: 0.0345  decode.loss_ce: 0.0345  decode.acc_seg: 99.7502
2025/03/09 17:42:00 - mmengine - INFO - Iter(train) [ 46300/160000]  lr: 1.0000e-04  eta: 8:21:55  time: 0.2556  data_time: 0.0082  memory: 9163  loss: 0.0351  decode.loss_ce: 0.0351  decode.acc_seg: 98.8704
2025/03/09 17:42:13 - mmengine - INFO - Iter(train) [ 46350/160000]  lr: 1.0000e-04  eta: 8:21:41  time: 0.2569  data_time: 0.0076  memory: 9163  loss: 0.0393  decode.loss_ce: 0.0393  decode.acc_seg: 99.4984
2025/03/09 17:42:26 - mmengine - INFO - Iter(train) [ 46400/160000]  lr: 1.0000e-04  eta: 8:21:26  time: 0.2546  data_time: 0.0081  memory: 9163  loss: 0.0373  decode.loss_ce: 0.0373  decode.acc_seg: 95.7201
2025/03/09 17:42:39 - mmengine - INFO - Iter(train) [ 46450/160000]  lr: 1.0000e-04  eta: 8:21:12  time: 0.2645  data_time: 0.0080  memory: 9163  loss: 0.0252  decode.loss_ce: 0.0252  decode.acc_seg: 99.1275
2025/03/09 17:42:51 - mmengine - INFO - Iter(train) [ 46500/160000]  lr: 1.0000e-04  eta: 8:20:58  time: 0.2561  data_time: 0.0075  memory: 9163  loss: 0.0355  decode.loss_ce: 0.0355  decode.acc_seg: 98.9433
2025/03/09 17:43:04 - mmengine - INFO - Iter(train) [ 46550/160000]  lr: 1.0000e-04  eta: 8:20:44  time: 0.2578  data_time: 0.0079  memory: 9163  loss: 0.0310  decode.loss_ce: 0.0310  decode.acc_seg: 99.8460
2025/03/09 17:43:17 - mmengine - INFO - Iter(train) [ 46600/160000]  lr: 1.0000e-04  eta: 8:20:29  time: 0.2548  data_time: 0.0081  memory: 9163  loss: 0.0381  decode.loss_ce: 0.0381  decode.acc_seg: 99.8554
2025/03/09 17:43:30 - mmengine - INFO - Iter(train) [ 46650/160000]  lr: 1.0000e-04  eta: 8:20:15  time: 0.2550  data_time: 0.0079  memory: 9163  loss: 0.0281  decode.loss_ce: 0.0281  decode.acc_seg: 99.4791
2025/03/09 17:43:43 - mmengine - INFO - Iter(train) [ 46700/160000]  lr: 1.0000e-04  eta: 8:20:01  time: 0.2537  data_time: 0.0077  memory: 9163  loss: 0.0393  decode.loss_ce: 0.0393  decode.acc_seg: 99.4565
2025/03/09 17:43:55 - mmengine - INFO - Iter(train) [ 46750/160000]  lr: 1.0000e-04  eta: 8:19:46  time: 0.2549  data_time: 0.0079  memory: 9163  loss: 0.0439  decode.loss_ce: 0.0439  decode.acc_seg: 98.2751
2025/03/09 17:44:08 - mmengine - INFO - Iter(train) [ 46800/160000]  lr: 1.0000e-04  eta: 8:19:32  time: 0.2597  data_time: 0.0081  memory: 9163  loss: 0.0226  decode.loss_ce: 0.0226  decode.acc_seg: 99.2494
2025/03/09 17:44:21 - mmengine - INFO - Iter(train) [ 46850/160000]  lr: 1.0000e-04  eta: 8:19:18  time: 0.2545  data_time: 0.0076  memory: 9163  loss: 0.0265  decode.loss_ce: 0.0265  decode.acc_seg: 98.6970
2025/03/09 17:44:34 - mmengine - INFO - Iter(train) [ 46900/160000]  lr: 1.0000e-04  eta: 8:19:03  time: 0.2549  data_time: 0.0080  memory: 9163  loss: 0.0235  decode.loss_ce: 0.0235  decode.acc_seg: 99.5248
2025/03/09 17:44:47 - mmengine - INFO - Iter(train) [ 46950/160000]  lr: 1.0000e-04  eta: 8:18:49  time: 0.2545  data_time: 0.0076  memory: 9163  loss: 0.0438  decode.loss_ce: 0.0438  decode.acc_seg: 98.5884
2025/03/09 17:44:59 - mmengine - INFO - Exp name: efficient_20250309_140341
2025/03/09 17:44:59 - mmengine - INFO - Iter(train) [ 47000/160000]  lr: 1.0000e-04  eta: 8:18:35  time: 0.2554  data_time: 0.0082  memory: 9163  loss: 0.0493  decode.loss_ce: 0.0493  decode.acc_seg: 98.7857
2025/03/09 17:45:12 - mmengine - INFO - Iter(train) [ 47050/160000]  lr: 1.0000e-04  eta: 8:18:20  time: 0.2505  data_time: 0.0079  memory: 9163  loss: 0.0399  decode.loss_ce: 0.0399  decode.acc_seg: 96.4967
2025/03/09 17:45:25 - mmengine - INFO - Iter(train) [ 47100/160000]  lr: 1.0000e-04  eta: 8:18:06  time: 0.2546  data_time: 0.0078  memory: 9163  loss: 0.0365  decode.loss_ce: 0.0365  decode.acc_seg: 99.0806
2025/03/09 17:45:37 - mmengine - INFO - Iter(train) [ 47150/160000]  lr: 1.0000e-04  eta: 8:17:51  time: 0.2542  data_time: 0.0076  memory: 9163  loss: 0.0387  decode.loss_ce: 0.0387  decode.acc_seg: 97.4664
2025/03/09 17:45:50 - mmengine - INFO - Iter(train) [ 47200/160000]  lr: 1.0000e-04  eta: 8:17:37  time: 0.2530  data_time: 0.0078  memory: 9163  loss: 0.0300  decode.loss_ce: 0.0300  decode.acc_seg: 98.6806
2025/03/09 17:46:03 - mmengine - INFO - Iter(train) [ 47250/160000]  lr: 1.0000e-04  eta: 8:17:22  time: 0.2532  data_time: 0.0076  memory: 9163  loss: 0.0240  decode.loss_ce: 0.0240  decode.acc_seg: 98.4318
2025/03/09 17:46:16 - mmengine - INFO - Iter(train) [ 47300/160000]  lr: 1.0000e-04  eta: 8:17:08  time: 0.2539  data_time: 0.0074  memory: 9163  loss: 0.0275  decode.loss_ce: 0.0275  decode.acc_seg: 98.4306
2025/03/09 17:46:28 - mmengine - INFO - Iter(train) [ 47350/160000]  lr: 1.0000e-04  eta: 8:16:53  time: 0.2550  data_time: 0.0077  memory: 9163  loss: 0.0288  decode.loss_ce: 0.0288  decode.acc_seg: 99.9261
2025/03/09 17:46:41 - mmengine - INFO - Iter(train) [ 47400/160000]  lr: 1.0000e-04  eta: 8:16:39  time: 0.2531  data_time: 0.0078  memory: 9163  loss: 0.0288  decode.loss_ce: 0.0288  decode.acc_seg: 98.0110
2025/03/09 17:46:54 - mmengine - INFO - Iter(train) [ 47450/160000]  lr: 1.0000e-04  eta: 8:16:24  time: 0.2544  data_time: 0.0076  memory: 9163  loss: 0.0260  decode.loss_ce: 0.0260  decode.acc_seg: 98.7369
2025/03/09 17:47:07 - mmengine - INFO - Iter(train) [ 47500/160000]  lr: 1.0000e-04  eta: 8:16:10  time: 0.2549  data_time: 0.0075  memory: 9163  loss: 0.0273  decode.loss_ce: 0.0273  decode.acc_seg: 99.6948
2025/03/09 17:47:19 - mmengine - INFO - Iter(train) [ 47550/160000]  lr: 1.0000e-04  eta: 8:15:56  time: 0.2532  data_time: 0.0074  memory: 9163  loss: 0.0200  decode.loss_ce: 0.0200  decode.acc_seg: 98.9782
2025/03/09 17:47:32 - mmengine - INFO - Iter(train) [ 47600/160000]  lr: 1.0000e-04  eta: 8:15:41  time: 0.2529  data_time: 0.0077  memory: 9163  loss: 0.0151  decode.loss_ce: 0.0151  decode.acc_seg: 100.0000
2025/03/09 17:47:32 - mmengine - INFO - Saving checkpoint at 47600 iterations
2025/03/09 17:47:46 - mmengine - INFO - Iter(train) [ 47650/160000]  lr: 1.0000e-04  eta: 8:15:31  time: 0.2544  data_time: 0.0077  memory: 9163  loss: 0.0291  decode.loss_ce: 0.0291  decode.acc_seg: 98.4773
2025/03/09 17:47:59 - mmengine - INFO - Iter(train) [ 47700/160000]  lr: 1.0000e-04  eta: 8:15:16  time: 0.2547  data_time: 0.0078  memory: 9163  loss: 0.0336  decode.loss_ce: 0.0336  decode.acc_seg: 99.7810
2025/03/09 17:48:12 - mmengine - INFO - Iter(train) [ 47750/160000]  lr: 1.0000e-04  eta: 8:15:02  time: 0.2543  data_time: 0.0075  memory: 9163  loss: 0.0422  decode.loss_ce: 0.0422  decode.acc_seg: 99.5107
2025/03/09 17:48:25 - mmengine - INFO - Iter(train) [ 47800/160000]  lr: 1.0000e-04  eta: 8:14:47  time: 0.2545  data_time: 0.0080  memory: 9163  loss: 0.0364  decode.loss_ce: 0.0364  decode.acc_seg: 96.8808
2025/03/09 17:48:37 - mmengine - INFO - Iter(train) [ 47850/160000]  lr: 1.0000e-04  eta: 8:14:33  time: 0.2548  data_time: 0.0075  memory: 9163  loss: 0.0258  decode.loss_ce: 0.0258  decode.acc_seg: 98.7704
2025/03/09 17:48:50 - mmengine - INFO - Iter(train) [ 47900/160000]  lr: 1.0000e-04  eta: 8:14:19  time: 0.2540  data_time: 0.0079  memory: 9163  loss: 0.0248  decode.loss_ce: 0.0248  decode.acc_seg: 99.1452
2025/03/09 17:49:03 - mmengine - INFO - Iter(train) [ 47950/160000]  lr: 1.0000e-04  eta: 8:14:04  time: 0.2548  data_time: 0.0079  memory: 9163  loss: 0.0347  decode.loss_ce: 0.0347  decode.acc_seg: 99.5580
2025/03/09 17:49:16 - mmengine - INFO - Exp name: efficient_20250309_140341
2025/03/09 17:49:16 - mmengine - INFO - Iter(train) [ 48000/160000]  lr: 1.0000e-04  eta: 8:13:50  time: 0.2548  data_time: 0.0076  memory: 9163  loss: 0.0301  decode.loss_ce: 0.0301  decode.acc_seg: 99.0273
2025/03/09 17:49:28 - mmengine - INFO - Iter(train) [ 48050/160000]  lr: 1.0000e-04  eta: 8:13:35  time: 0.2559  data_time: 0.0077  memory: 9163  loss: 0.0292  decode.loss_ce: 0.0292  decode.acc_seg: 99.4319
2025/03/09 17:49:41 - mmengine - INFO - Iter(train) [ 48100/160000]  lr: 1.0000e-04  eta: 8:13:21  time: 0.2539  data_time: 0.0074  memory: 9163  loss: 0.0256  decode.loss_ce: 0.0256  decode.acc_seg: 99.2964
2025/03/09 17:49:54 - mmengine - INFO - Iter(train) [ 48150/160000]  lr: 1.0000e-04  eta: 8:13:06  time: 0.2522  data_time: 0.0072  memory: 9163  loss: 0.0325  decode.loss_ce: 0.0325  decode.acc_seg: 98.1700
2025/03/09 17:50:06 - mmengine - INFO - Iter(train) [ 48200/160000]  lr: 1.0000e-04  eta: 8:12:52  time: 0.2549  data_time: 0.0076  memory: 9163  loss: 0.0227  decode.loss_ce: 0.0227  decode.acc_seg: 99.8775
2025/03/09 17:50:19 - mmengine - INFO - Iter(train) [ 48250/160000]  lr: 1.0000e-04  eta: 8:12:38  time: 0.2533  data_time: 0.0076  memory: 9163  loss: 0.0327  decode.loss_ce: 0.0327  decode.acc_seg: 99.5962
2025/03/09 17:50:32 - mmengine - INFO - Iter(train) [ 48300/160000]  lr: 1.0000e-04  eta: 8:12:23  time: 0.2526  data_time: 0.0076  memory: 9163  loss: 0.0251  decode.loss_ce: 0.0251  decode.acc_seg: 99.0399
2025/03/09 17:50:45 - mmengine - INFO - Iter(train) [ 48350/160000]  lr: 1.0000e-04  eta: 8:12:09  time: 0.2548  data_time: 0.0077  memory: 9163  loss: 0.0196  decode.loss_ce: 0.0196  decode.acc_seg: 98.6492
2025/03/09 17:50:57 - mmengine - INFO - Iter(train) [ 48400/160000]  lr: 1.0000e-04  eta: 8:11:54  time: 0.2539  data_time: 0.0079  memory: 9163  loss: 0.0183  decode.loss_ce: 0.0183  decode.acc_seg: 99.7535
2025/03/09 17:51:10 - mmengine - INFO - Iter(train) [ 48450/160000]  lr: 1.0000e-04  eta: 8:11:40  time: 0.2526  data_time: 0.0074  memory: 9163  loss: 0.0372  decode.loss_ce: 0.0372  decode.acc_seg: 99.2547
2025/03/09 17:51:23 - mmengine - INFO - Iter(train) [ 48500/160000]  lr: 1.0000e-04  eta: 8:11:26  time: 0.2544  data_time: 0.0078  memory: 9163  loss: 0.0269  decode.loss_ce: 0.0269  decode.acc_seg: 99.5298
2025/03/09 17:51:35 - mmengine - INFO - Iter(train) [ 48550/160000]  lr: 1.0000e-04  eta: 8:11:11  time: 0.2547  data_time: 0.0077  memory: 9163  loss: 0.0255  decode.loss_ce: 0.0255  decode.acc_seg: 99.5282
2025/03/09 17:51:48 - mmengine - INFO - Iter(train) [ 48600/160000]  lr: 1.0000e-04  eta: 8:10:57  time: 0.2534  data_time: 0.0073  memory: 9163  loss: 0.0170  decode.loss_ce: 0.0170  decode.acc_seg: 99.3546
2025/03/09 17:52:01 - mmengine - INFO - Iter(train) [ 48650/160000]  lr: 1.0000e-04  eta: 8:10:42  time: 0.2539  data_time: 0.0076  memory: 9163  loss: 0.0225  decode.loss_ce: 0.0225  decode.acc_seg: 98.8679
2025/03/09 17:52:14 - mmengine - INFO - Iter(train) [ 48700/160000]  lr: 1.0000e-04  eta: 8:10:28  time: 0.2550  data_time: 0.0075  memory: 9163  loss: 0.0281  decode.loss_ce: 0.0281  decode.acc_seg: 99.3990
2025/03/09 17:52:26 - mmengine - INFO - Iter(train) [ 48750/160000]  lr: 1.0000e-04  eta: 8:10:14  time: 0.2529  data_time: 0.0081  memory: 9163  loss: 0.0374  decode.loss_ce: 0.0374  decode.acc_seg: 99.7520
2025/03/09 17:52:39 - mmengine - INFO - Iter(train) [ 48800/160000]  lr: 1.0000e-04  eta: 8:09:59  time: 0.2513  data_time: 0.0076  memory: 9163  loss: 0.0262  decode.loss_ce: 0.0262  decode.acc_seg: 99.7793
2025/03/09 17:52:52 - mmengine - INFO - Iter(train) [ 48850/160000]  lr: 1.0000e-04  eta: 8:09:45  time: 0.2548  data_time: 0.0075  memory: 9163  loss: 0.0308  decode.loss_ce: 0.0308  decode.acc_seg: 99.3171
2025/03/09 17:53:04 - mmengine - INFO - Iter(train) [ 48900/160000]  lr: 1.0000e-04  eta: 8:09:31  time: 0.2543  data_time: 0.0076  memory: 9163  loss: 0.0426  decode.loss_ce: 0.0426  decode.acc_seg: 98.9792
2025/03/09 17:53:17 - mmengine - INFO - Iter(train) [ 48950/160000]  lr: 1.0000e-04  eta: 8:09:16  time: 0.2547  data_time: 0.0076  memory: 9163  loss: 0.0324  decode.loss_ce: 0.0324  decode.acc_seg: 95.3461
2025/03/09 17:53:30 - mmengine - INFO - Exp name: efficient_20250309_140341
2025/03/09 17:53:30 - mmengine - INFO - Iter(train) [ 49000/160000]  lr: 1.0000e-04  eta: 8:09:02  time: 0.2529  data_time: 0.0083  memory: 9163  loss: 0.0294  decode.loss_ce: 0.0294  decode.acc_seg: 99.7501
2025/03/09 17:53:33 - mmengine - INFO - Iter(val) [ 50/869]    eta: 0:00:48  time: 0.0558  data_time: 0.0026  memory: 636  
2025/03/09 17:53:36 - mmengine - INFO - Iter(val) [100/869]    eta: 0:00:44  time: 0.0559  data_time: 0.0024  memory: 636  
2025/03/09 17:53:39 - mmengine - INFO - Iter(val) [150/869]    eta: 0:00:40  time: 0.0553  data_time: 0.0025  memory: 636  
2025/03/09 17:53:41 - mmengine - INFO - Iter(val) [200/869]    eta: 0:00:37  time: 0.0557  data_time: 0.0024  memory: 636  
2025/03/09 17:53:44 - mmengine - INFO - Iter(val) [250/869]    eta: 0:00:34  time: 0.0577  data_time: 0.0024  memory: 636  
2025/03/09 17:53:47 - mmengine - INFO - Iter(val) [300/869]    eta: 0:00:32  time: 0.0559  data_time: 0.0026  memory: 636  
2025/03/09 17:53:50 - mmengine - INFO - Iter(val) [350/869]    eta: 0:00:29  time: 0.0562  data_time: 0.0026  memory: 636  
2025/03/09 17:53:53 - mmengine - INFO - Iter(val) [400/869]    eta: 0:00:26  time: 0.0554  data_time: 0.0022  memory: 636  
2025/03/09 17:53:55 - mmengine - INFO - Iter(val) [450/869]    eta: 0:00:23  time: 0.0554  data_time: 0.0027  memory: 636  
2025/03/09 17:53:58 - mmengine - INFO - Iter(val) [500/869]    eta: 0:00:20  time: 0.0560  data_time: 0.0025  memory: 636  
2025/03/09 17:54:01 - mmengine - INFO - Iter(val) [550/869]    eta: 0:00:17  time: 0.0556  data_time: 0.0025  memory: 636  
2025/03/09 17:54:04 - mmengine - INFO - Iter(val) [600/869]    eta: 0:00:15  time: 0.0579  data_time: 0.0026  memory: 636  
2025/03/09 17:54:07 - mmengine - INFO - Iter(val) [650/869]    eta: 0:00:12  time: 0.0553  data_time: 0.0026  memory: 636  
2025/03/09 17:54:09 - mmengine - INFO - Iter(val) [700/869]    eta: 0:00:09  time: 0.0560  data_time: 0.0025  memory: 636  
2025/03/09 17:54:12 - mmengine - INFO - Iter(val) [750/869]    eta: 0:00:06  time: 0.0556  data_time: 0.0026  memory: 636  
2025/03/09 17:54:15 - mmengine - INFO - Iter(val) [800/869]    eta: 0:00:03  time: 0.0576  data_time: 0.0027  memory: 636  
2025/03/09 17:54:18 - mmengine - INFO - Iter(val) [850/869]    eta: 0:00:01  time: 0.0561  data_time: 0.0025  memory: 636  
2025/03/09 17:54:19 - mmengine - INFO - per class results:
2025/03/09 17:54:19 - mmengine - INFO - 
+------------+-------+-------+--------+-----------+--------+
|   Class    |  IoU  |  Acc  | Fscore | Precision | Recall |
+------------+-------+-------+--------+-----------+--------+
| background |  97.1 | 97.81 | 98.53  |   99.26   | 97.81  |
|    ghaf    | 54.68 | 82.85 |  70.7  |   61.67   | 82.85  |
+------------+-------+-------+--------+-----------+--------+
2025/03/09 17:54:19 - mmengine - INFO - Iter(val) [869/869]    aAcc: 97.1900  mIoU: 75.8900  mAcc: 90.3300  mFscore: 84.6200  mPrecision: 80.4600  mRecall: 90.3300  data_time: 0.0027  time: 0.0562
2025/03/09 17:54:32 - mmengine - INFO - Iter(train) [ 49050/160000]  lr: 1.0000e-04  eta: 8:08:48  time: 0.2542  data_time: 0.0077  memory: 9163  loss: 0.0266  decode.loss_ce: 0.0266  decode.acc_seg: 97.9096
2025/03/09 17:54:44 - mmengine - INFO - Iter(train) [ 49100/160000]  lr: 1.0000e-04  eta: 8:08:33  time: 0.2549  data_time: 0.0078  memory: 9163  loss: 0.0220  decode.loss_ce: 0.0220  decode.acc_seg: 97.6988
2025/03/09 17:54:57 - mmengine - INFO - Iter(train) [ 49150/160000]  lr: 1.0000e-04  eta: 8:08:19  time: 0.2535  data_time: 0.0079  memory: 9163  loss: 0.0285  decode.loss_ce: 0.0285  decode.acc_seg: 98.0181
2025/03/09 17:55:10 - mmengine - INFO - Iter(train) [ 49200/160000]  lr: 1.0000e-04  eta: 8:08:04  time: 0.2532  data_time: 0.0074  memory: 9163  loss: 0.0311  decode.loss_ce: 0.0311  decode.acc_seg: 98.7751
2025/03/09 17:55:22 - mmengine - INFO - Iter(train) [ 49250/160000]  lr: 1.0000e-04  eta: 8:07:50  time: 0.2514  data_time: 0.0073  memory: 9163  loss: 0.0282  decode.loss_ce: 0.0282  decode.acc_seg: 99.7873
2025/03/09 17:55:35 - mmengine - INFO - Iter(train) [ 49300/160000]  lr: 1.0000e-04  eta: 8:07:36  time: 0.2553  data_time: 0.0078  memory: 9163  loss: 0.0296  decode.loss_ce: 0.0296  decode.acc_seg: 99.1664
2025/03/09 17:55:48 - mmengine - INFO - Iter(train) [ 49350/160000]  lr: 1.0000e-04  eta: 8:07:21  time: 0.2551  data_time: 0.0079  memory: 9163  loss: 0.0300  decode.loss_ce: 0.0300  decode.acc_seg: 98.1610
2025/03/09 17:56:00 - mmengine - INFO - Iter(train) [ 49400/160000]  lr: 1.0000e-04  eta: 8:07:07  time: 0.2531  data_time: 0.0076  memory: 9163  loss: 0.0188  decode.loss_ce: 0.0188  decode.acc_seg: 99.9307
2025/03/09 17:56:13 - mmengine - INFO - Iter(train) [ 49450/160000]  lr: 1.0000e-04  eta: 8:06:53  time: 0.2551  data_time: 0.0074  memory: 9163  loss: 0.0176  decode.loss_ce: 0.0176  decode.acc_seg: 99.8806
2025/03/09 17:56:26 - mmengine - INFO - Iter(train) [ 49500/160000]  lr: 1.0000e-04  eta: 8:06:38  time: 0.2549  data_time: 0.0077  memory: 9163  loss: 0.0274  decode.loss_ce: 0.0274  decode.acc_seg: 98.9761
2025/03/09 17:56:39 - mmengine - INFO - Iter(train) [ 49550/160000]  lr: 1.0000e-04  eta: 8:06:24  time: 0.2563  data_time: 0.0078  memory: 9163  loss: 0.0320  decode.loss_ce: 0.0320  decode.acc_seg: 99.1637
2025/03/09 17:56:51 - mmengine - INFO - Iter(train) [ 49600/160000]  lr: 1.0000e-04  eta: 8:06:10  time: 0.2504  data_time: 0.0076  memory: 9163  loss: 0.0284  decode.loss_ce: 0.0284  decode.acc_seg: 99.8289
2025/03/09 17:57:04 - mmengine - INFO - Iter(train) [ 49650/160000]  lr: 1.0000e-04  eta: 8:05:55  time: 0.2551  data_time: 0.0077  memory: 9163  loss: 0.0451  decode.loss_ce: 0.0451  decode.acc_seg: 97.8038
2025/03/09 17:57:17 - mmengine - INFO - Iter(train) [ 49700/160000]  lr: 1.0000e-04  eta: 8:05:41  time: 0.2547  data_time: 0.0078  memory: 9163  loss: 0.0314  decode.loss_ce: 0.0314  decode.acc_seg: 98.4021
2025/03/09 17:57:30 - mmengine - INFO - Iter(train) [ 49750/160000]  lr: 1.0000e-04  eta: 8:05:27  time: 0.2545  data_time: 0.0076  memory: 9163  loss: 0.0355  decode.loss_ce: 0.0355  decode.acc_seg: 97.3345
2025/03/09 17:57:42 - mmengine - INFO - Iter(train) [ 49800/160000]  lr: 1.0000e-04  eta: 8:05:12  time: 0.2554  data_time: 0.0076  memory: 9163  loss: 0.0206  decode.loss_ce: 0.0206  decode.acc_seg: 99.1444
2025/03/09 17:57:55 - mmengine - INFO - Iter(train) [ 49850/160000]  lr: 1.0000e-04  eta: 8:04:58  time: 0.2538  data_time: 0.0085  memory: 9163  loss: 0.0383  decode.loss_ce: 0.0383  decode.acc_seg: 99.7884
2025/03/09 17:58:08 - mmengine - INFO - Iter(train) [ 49900/160000]  lr: 1.0000e-04  eta: 8:04:44  time: 0.2514  data_time: 0.0074  memory: 9163  loss: 0.0279  decode.loss_ce: 0.0279  decode.acc_seg: 99.3215
2025/03/09 17:58:20 - mmengine - INFO - Iter(train) [ 49950/160000]  lr: 1.0000e-04  eta: 8:04:29  time: 0.2526  data_time: 0.0080  memory: 9163  loss: 0.0214  decode.loss_ce: 0.0214  decode.acc_seg: 99.9570
2025/03/09 17:58:33 - mmengine - INFO - Exp name: efficient_20250309_140341
2025/03/09 17:58:33 - mmengine - INFO - Iter(train) [ 50000/160000]  lr: 1.0000e-04  eta: 8:04:15  time: 0.2546  data_time: 0.0075  memory: 9163  loss: 0.0279  decode.loss_ce: 0.0279  decode.acc_seg: 99.7453
2025/03/09 17:58:46 - mmengine - INFO - Iter(train) [ 50050/160000]  lr: 1.0000e-04  eta: 8:04:01  time: 0.2546  data_time: 0.0080  memory: 9163  loss: 0.0234  decode.loss_ce: 0.0234  decode.acc_seg: 99.5043
2025/03/09 17:58:58 - mmengine - INFO - Iter(train) [ 50100/160000]  lr: 1.0000e-04  eta: 8:03:46  time: 0.2558  data_time: 0.0076  memory: 9163  loss: 0.0190  decode.loss_ce: 0.0190  decode.acc_seg: 99.5762
2025/03/09 17:59:11 - mmengine - INFO - Iter(train) [ 50150/160000]  lr: 1.0000e-04  eta: 8:03:32  time: 0.2518  data_time: 0.0077  memory: 9163  loss: 0.0152  decode.loss_ce: 0.0152  decode.acc_seg: 99.8121
2025/03/09 17:59:24 - mmengine - INFO - Iter(train) [ 50200/160000]  lr: 1.0000e-04  eta: 8:03:18  time: 0.2504  data_time: 0.0074  memory: 9163  loss: 0.0397  decode.loss_ce: 0.0397  decode.acc_seg: 98.8560
2025/03/09 17:59:37 - mmengine - INFO - Iter(train) [ 50250/160000]  lr: 1.0000e-04  eta: 8:03:03  time: 0.2547  data_time: 0.0075  memory: 9163  loss: 0.0348  decode.loss_ce: 0.0348  decode.acc_seg: 99.8420
2025/03/09 17:59:49 - mmengine - INFO - Iter(train) [ 50300/160000]  lr: 1.0000e-04  eta: 8:02:49  time: 0.2535  data_time: 0.0077  memory: 9163  loss: 0.0272  decode.loss_ce: 0.0272  decode.acc_seg: 98.5789
2025/03/09 18:00:02 - mmengine - INFO - Iter(train) [ 50350/160000]  lr: 1.0000e-04  eta: 8:02:35  time: 0.2531  data_time: 0.0077  memory: 9163  loss: 0.0453  decode.loss_ce: 0.0453  decode.acc_seg: 98.0047
2025/03/09 18:00:15 - mmengine - INFO - Iter(train) [ 50400/160000]  lr: 1.0000e-04  eta: 8:02:20  time: 0.2549  data_time: 0.0077  memory: 9163  loss: 0.0306  decode.loss_ce: 0.0306  decode.acc_seg: 99.2957
2025/03/09 18:00:27 - mmengine - INFO - Iter(train) [ 50450/160000]  lr: 1.0000e-04  eta: 8:02:06  time: 0.2532  data_time: 0.0075  memory: 9163  loss: 0.0241  decode.loss_ce: 0.0241  decode.acc_seg: 99.5512
2025/03/09 18:00:40 - mmengine - INFO - Iter(train) [ 50500/160000]  lr: 1.0000e-04  eta: 8:01:52  time: 0.2550  data_time: 0.0075  memory: 9163  loss: 0.0198  decode.loss_ce: 0.0198  decode.acc_seg: 99.5905
2025/03/09 18:00:53 - mmengine - INFO - Iter(train) [ 50550/160000]  lr: 1.0000e-04  eta: 8:01:38  time: 0.2556  data_time: 0.0075  memory: 9163  loss: 0.0392  decode.loss_ce: 0.0392  decode.acc_seg: 98.0113
2025/03/09 18:01:06 - mmengine - INFO - Iter(train) [ 50600/160000]  lr: 1.0000e-04  eta: 8:01:23  time: 0.2536  data_time: 0.0075  memory: 9163  loss: 0.0289  decode.loss_ce: 0.0289  decode.acc_seg: 99.4149
2025/03/09 18:01:18 - mmengine - INFO - Iter(train) [ 50650/160000]  lr: 1.0000e-04  eta: 8:01:09  time: 0.2549  data_time: 0.0080  memory: 9163  loss: 0.0196  decode.loss_ce: 0.0196  decode.acc_seg: 99.4585
2025/03/09 18:01:31 - mmengine - INFO - Iter(train) [ 50700/160000]  lr: 1.0000e-04  eta: 8:00:55  time: 0.2518  data_time: 0.0076  memory: 9163  loss: 0.0325  decode.loss_ce: 0.0325  decode.acc_seg: 99.6592
2025/03/09 18:01:44 - mmengine - INFO - Iter(train) [ 50750/160000]  lr: 1.0000e-04  eta: 8:00:40  time: 0.2545  data_time: 0.0075  memory: 9163  loss: 0.0353  decode.loss_ce: 0.0353  decode.acc_seg: 99.2131
2025/03/09 18:01:56 - mmengine - INFO - Iter(train) [ 50800/160000]  lr: 1.0000e-04  eta: 8:00:26  time: 0.2532  data_time: 0.0074  memory: 9163  loss: 0.0285  decode.loss_ce: 0.0285  decode.acc_seg: 99.0059
2025/03/09 18:02:09 - mmengine - INFO - Iter(train) [ 50850/160000]  lr: 1.0000e-04  eta: 8:00:12  time: 0.2548  data_time: 0.0074  memory: 9163  loss: 0.0195  decode.loss_ce: 0.0195  decode.acc_seg: 99.5659
2025/03/09 18:02:22 - mmengine - INFO - Iter(train) [ 50900/160000]  lr: 1.0000e-04  eta: 7:59:58  time: 0.2551  data_time: 0.0078  memory: 9163  loss: 0.0262  decode.loss_ce: 0.0262  decode.acc_seg: 97.8320
2025/03/09 18:02:35 - mmengine - INFO - Iter(train) [ 50950/160000]  lr: 1.0000e-04  eta: 7:59:43  time: 0.2538  data_time: 0.0079  memory: 9163  loss: 0.0501  decode.loss_ce: 0.0501  decode.acc_seg: 99.8584
2025/03/09 18:02:47 - mmengine - INFO - Exp name: efficient_20250309_140341
2025/03/09 18:02:47 - mmengine - INFO - Iter(train) [ 51000/160000]  lr: 1.0000e-04  eta: 7:59:29  time: 0.2542  data_time: 0.0078  memory: 9163  loss: 0.0390  decode.loss_ce: 0.0390  decode.acc_seg: 98.4816
2025/03/09 18:02:47 - mmengine - INFO - Saving checkpoint at 51000 iterations
2025/03/09 18:03:01 - mmengine - INFO - Iter(train) [ 51050/160000]  lr: 1.0000e-04  eta: 7:59:18  time: 0.2556  data_time: 0.0081  memory: 9163  loss: 0.0285  decode.loss_ce: 0.0285  decode.acc_seg: 99.6695
2025/03/09 18:03:14 - mmengine - INFO - Iter(train) [ 51100/160000]  lr: 1.0000e-04  eta: 7:59:04  time: 0.2552  data_time: 0.0077  memory: 9163  loss: 0.0202  decode.loss_ce: 0.0202  decode.acc_seg: 99.9956
2025/03/09 18:03:27 - mmengine - INFO - Iter(train) [ 51150/160000]  lr: 1.0000e-04  eta: 7:58:49  time: 0.2535  data_time: 0.0077  memory: 9163  loss: 0.0277  decode.loss_ce: 0.0277  decode.acc_seg: 98.6989
2025/03/09 18:03:39 - mmengine - INFO - Iter(train) [ 51200/160000]  lr: 1.0000e-04  eta: 7:58:35  time: 0.2548  data_time: 0.0078  memory: 9163  loss: 0.0224  decode.loss_ce: 0.0224  decode.acc_seg: 99.6306
2025/03/09 18:03:52 - mmengine - INFO - Iter(train) [ 51250/160000]  lr: 1.0000e-04  eta: 7:58:21  time: 0.2547  data_time: 0.0076  memory: 9163  loss: 0.0225  decode.loss_ce: 0.0225  decode.acc_seg: 99.3628
2025/03/09 18:04:05 - mmengine - INFO - Iter(train) [ 51300/160000]  lr: 1.0000e-04  eta: 7:58:07  time: 0.2549  data_time: 0.0078  memory: 9163  loss: 0.0246  decode.loss_ce: 0.0246  decode.acc_seg: 97.1887
2025/03/09 18:04:18 - mmengine - INFO - Iter(train) [ 51350/160000]  lr: 1.0000e-04  eta: 7:57:52  time: 0.2547  data_time: 0.0080  memory: 9163  loss: 0.0280  decode.loss_ce: 0.0280  decode.acc_seg: 99.4505
2025/03/09 18:04:30 - mmengine - INFO - Iter(train) [ 51400/160000]  lr: 1.0000e-04  eta: 7:57:38  time: 0.2550  data_time: 0.0077  memory: 9163  loss: 0.0240  decode.loss_ce: 0.0240  decode.acc_seg: 99.6198
2025/03/09 18:04:43 - mmengine - INFO - Iter(train) [ 51450/160000]  lr: 1.0000e-04  eta: 7:57:24  time: 0.2551  data_time: 0.0076  memory: 9163  loss: 0.0238  decode.loss_ce: 0.0238  decode.acc_seg: 99.5975
2025/03/09 18:04:56 - mmengine - INFO - Iter(train) [ 51500/160000]  lr: 1.0000e-04  eta: 7:57:10  time: 0.2528  data_time: 0.0076  memory: 9163  loss: 0.0291  decode.loss_ce: 0.0291  decode.acc_seg: 98.0422
2025/03/09 18:05:08 - mmengine - INFO - Iter(train) [ 51550/160000]  lr: 1.0000e-04  eta: 7:56:55  time: 0.2547  data_time: 0.0077  memory: 9163  loss: 0.0304  decode.loss_ce: 0.0304  decode.acc_seg: 99.6392
2025/03/09 18:05:21 - mmengine - INFO - Iter(train) [ 51600/160000]  lr: 1.0000e-04  eta: 7:56:41  time: 0.2535  data_time: 0.0079  memory: 9163  loss: 0.0466  decode.loss_ce: 0.0466  decode.acc_seg: 98.7877
2025/03/09 18:05:34 - mmengine - INFO - Iter(train) [ 51650/160000]  lr: 1.0000e-04  eta: 7:56:27  time: 0.2545  data_time: 0.0077  memory: 9163  loss: 0.0337  decode.loss_ce: 0.0337  decode.acc_seg: 99.4536
2025/03/09 18:05:46 - mmengine - INFO - Iter(train) [ 51700/160000]  lr: 1.0000e-04  eta: 7:56:13  time: 0.2549  data_time: 0.0072  memory: 9163  loss: 0.0314  decode.loss_ce: 0.0314  decode.acc_seg: 99.1585
2025/03/09 18:05:59 - mmengine - INFO - Iter(train) [ 51750/160000]  lr: 1.0000e-04  eta: 7:55:58  time: 0.2526  data_time: 0.0074  memory: 9163  loss: 0.0250  decode.loss_ce: 0.0250  decode.acc_seg: 97.9989
2025/03/09 18:06:12 - mmengine - INFO - Iter(train) [ 51800/160000]  lr: 1.0000e-04  eta: 7:55:44  time: 0.2532  data_time: 0.0074  memory: 9163  loss: 0.0244  decode.loss_ce: 0.0244  decode.acc_seg: 99.2086
2025/03/09 18:06:25 - mmengine - INFO - Iter(train) [ 51850/160000]  lr: 1.0000e-04  eta: 7:55:30  time: 0.2549  data_time: 0.0080  memory: 9163  loss: 0.0324  decode.loss_ce: 0.0324  decode.acc_seg: 99.9163
2025/03/09 18:06:37 - mmengine - INFO - Iter(train) [ 51900/160000]  lr: 1.0000e-04  eta: 7:55:16  time: 0.2552  data_time: 0.0081  memory: 9163  loss: 0.0291  decode.loss_ce: 0.0291  decode.acc_seg: 97.9091
2025/03/09 18:06:50 - mmengine - INFO - Iter(train) [ 51950/160000]  lr: 1.0000e-04  eta: 7:55:02  time: 0.2552  data_time: 0.0077  memory: 9163  loss: 0.0302  decode.loss_ce: 0.0302  decode.acc_seg: 98.6646
2025/03/09 18:07:03 - mmengine - INFO - Exp name: efficient_20250309_140341
2025/03/09 18:07:03 - mmengine - INFO - Iter(train) [ 52000/160000]  lr: 1.0000e-04  eta: 7:54:48  time: 0.2512  data_time: 0.0077  memory: 9163  loss: 0.0374  decode.loss_ce: 0.0374  decode.acc_seg: 98.0080
2025/03/09 18:07:15 - mmengine - INFO - Iter(train) [ 52050/160000]  lr: 1.0000e-04  eta: 7:54:33  time: 0.2549  data_time: 0.0076  memory: 9163  loss: 0.0319  decode.loss_ce: 0.0319  decode.acc_seg: 95.7844
2025/03/09 18:07:28 - mmengine - INFO - Iter(train) [ 52100/160000]  lr: 1.0000e-04  eta: 7:54:19  time: 0.2535  data_time: 0.0075  memory: 9163  loss: 0.0181  decode.loss_ce: 0.0181  decode.acc_seg: 99.0663
2025/03/09 18:07:41 - mmengine - INFO - Iter(train) [ 52150/160000]  lr: 1.0000e-04  eta: 7:54:05  time: 0.2550  data_time: 0.0079  memory: 9163  loss: 0.0273  decode.loss_ce: 0.0273  decode.acc_seg: 99.2474
2025/03/09 18:07:54 - mmengine - INFO - Iter(train) [ 52200/160000]  lr: 1.0000e-04  eta: 7:53:51  time: 0.2552  data_time: 0.0081  memory: 9163  loss: 0.0229  decode.loss_ce: 0.0229  decode.acc_seg: 99.8694
2025/03/09 18:08:06 - mmengine - INFO - Iter(train) [ 52250/160000]  lr: 1.0000e-04  eta: 7:53:37  time: 0.2547  data_time: 0.0075  memory: 9163  loss: 0.0364  decode.loss_ce: 0.0364  decode.acc_seg: 99.1193
2025/03/09 18:09:51 - mmengine - INFO - Iter(train) [ 52300/160000]  lr: 1.0000e-04  eta: 7:56:31  time: 0.2435  data_time: 0.0082  memory: 9163  loss: 0.0359  decode.loss_ce: 0.0359  decode.acc_seg: 98.0107
2025/03/09 18:10:03 - mmengine - INFO - Iter(train) [ 52350/160000]  lr: 1.0000e-04  eta: 7:56:15  time: 0.2437  data_time: 0.0081  memory: 9163  loss: 0.0305  decode.loss_ce: 0.0305  decode.acc_seg: 99.2613
2025/03/09 18:10:15 - mmengine - INFO - Iter(train) [ 52400/160000]  lr: 1.0000e-04  eta: 7:56:00  time: 0.2505  data_time: 0.0083  memory: 9163  loss: 0.0323  decode.loss_ce: 0.0323  decode.acc_seg: 98.9571
2025/03/09 18:10:27 - mmengine - INFO - Iter(train) [ 52450/160000]  lr: 1.0000e-04  eta: 7:55:45  time: 0.2455  data_time: 0.0077  memory: 9163  loss: 0.0502  decode.loss_ce: 0.0502  decode.acc_seg: 99.8069
2025/03/09 18:10:40 - mmengine - INFO - Iter(train) [ 52500/160000]  lr: 1.0000e-04  eta: 7:55:29  time: 0.2454  data_time: 0.0075  memory: 9163  loss: 0.0169  decode.loss_ce: 0.0169  decode.acc_seg: 97.5618
2025/03/09 18:10:43 - mmengine - INFO - Iter(val) [ 50/869]    eta: 0:00:51  time: 0.0574  data_time: 0.0027  memory: 636  
2025/03/09 18:10:46 - mmengine - INFO - Iter(val) [100/869]    eta: 0:00:47  time: 0.0635  data_time: 0.0026  memory: 636  
2025/03/09 18:10:49 - mmengine - INFO - Iter(val) [150/869]    eta: 0:00:44  time: 0.0624  data_time: 0.0027  memory: 636  
2025/03/09 18:10:52 - mmengine - INFO - Iter(val) [200/869]    eta: 0:00:41  time: 0.0598  data_time: 0.0028  memory: 636  
2025/03/09 18:10:55 - mmengine - INFO - Iter(val) [250/869]    eta: 0:00:37  time: 0.0589  data_time: 0.0026  memory: 636  
2025/03/09 18:10:58 - mmengine - INFO - Iter(val) [300/869]    eta: 0:00:34  time: 0.0596  data_time: 0.0024  memory: 636  
2025/03/09 18:11:01 - mmengine - INFO - Iter(val) [350/869]    eta: 0:00:31  time: 0.0611  data_time: 0.0025  memory: 636  
2025/03/09 18:11:04 - mmengine - INFO - Iter(val) [400/869]    eta: 0:00:28  time: 0.0584  data_time: 0.0021  memory: 636  
2025/03/09 18:11:07 - mmengine - INFO - Iter(val) [450/869]    eta: 0:00:25  time: 0.0600  data_time: 0.0027  memory: 636  
2025/03/09 18:11:10 - mmengine - INFO - Iter(val) [500/869]    eta: 0:00:22  time: 0.0596  data_time: 0.0027  memory: 636  
2025/03/09 18:11:13 - mmengine - INFO - Iter(val) [550/869]    eta: 0:00:19  time: 0.0599  data_time: 0.0023  memory: 636  
2025/03/09 18:11:16 - mmengine - INFO - Iter(val) [600/869]    eta: 0:00:16  time: 0.0655  data_time: 0.0029  memory: 636  
2025/03/09 18:11:19 - mmengine - INFO - Iter(val) [650/869]    eta: 0:00:13  time: 0.0613  data_time: 0.0027  memory: 636  
2025/03/09 18:11:22 - mmengine - INFO - Iter(val) [700/869]    eta: 0:00:10  time: 0.0601  data_time: 0.0028  memory: 636  
2025/03/09 18:11:25 - mmengine - INFO - Iter(val) [750/869]    eta: 0:00:07  time: 0.0606  data_time: 0.0029  memory: 636  
2025/03/09 18:11:28 - mmengine - INFO - Iter(val) [800/869]    eta: 0:00:04  time: 0.0614  data_time: 0.0029  memory: 636  
2025/03/09 18:11:31 - mmengine - INFO - Iter(val) [850/869]    eta: 0:00:01  time: 0.0592  data_time: 0.0028  memory: 636  
2025/03/09 18:11:32 - mmengine - INFO - per class results:
2025/03/09 18:11:32 - mmengine - INFO - 
+------------+-------+-------+--------+-----------+--------+
|   Class    |  IoU  |  Acc  | Fscore | Precision | Recall |
+------------+-------+-------+--------+-----------+--------+
| background |  97.0 | 97.66 | 98.48  |   99.31   | 97.66  |
|    ghaf    | 54.25 | 84.01 | 70.34  |    60.5   | 84.01  |
+------------+-------+-------+--------+-----------+--------+
2025/03/09 18:11:32 - mmengine - INFO - Iter(val) [869/869]    aAcc: 97.1100  mIoU: 75.6300  mAcc: 90.8400  mFscore: 84.4100  mPrecision: 79.9000  mRecall: 90.8400  data_time: 0.0028  time: 0.0606
2025/03/09 18:11:45 - mmengine - INFO - Iter(train) [ 52550/160000]  lr: 1.0000e-04  eta: 7:55:15  time: 0.2573  data_time: 0.0079  memory: 9163  loss: 0.0513  decode.loss_ce: 0.0513  decode.acc_seg: 99.3467
2025/03/09 18:11:58 - mmengine - INFO - Iter(train) [ 52600/160000]  lr: 1.0000e-04  eta: 7:55:01  time: 0.2560  data_time: 0.0081  memory: 9163  loss: 0.0246  decode.loss_ce: 0.0246  decode.acc_seg: 99.5727
2025/03/09 18:12:11 - mmengine - INFO - Iter(train) [ 52650/160000]  lr: 1.0000e-04  eta: 7:54:47  time: 0.2544  data_time: 0.0083  memory: 9163  loss: 0.0316  decode.loss_ce: 0.0316  decode.acc_seg: 97.6944
2025/03/09 18:12:24 - mmengine - INFO - Iter(train) [ 52700/160000]  lr: 1.0000e-04  eta: 7:54:33  time: 0.2546  data_time: 0.0082  memory: 9163  loss: 0.0209  decode.loss_ce: 0.0209  decode.acc_seg: 98.6687
2025/03/09 18:12:36 - mmengine - INFO - Iter(train) [ 52750/160000]  lr: 1.0000e-04  eta: 7:54:18  time: 0.2542  data_time: 0.0080  memory: 9163  loss: 0.0328  decode.loss_ce: 0.0328  decode.acc_seg: 99.2792
2025/03/09 18:12:49 - mmengine - INFO - Iter(train) [ 52800/160000]  lr: 1.0000e-04  eta: 7:54:04  time: 0.2574  data_time: 0.0081  memory: 9163  loss: 0.0240  decode.loss_ce: 0.0240  decode.acc_seg: 97.8294
2025/03/09 18:13:02 - mmengine - INFO - Iter(train) [ 52850/160000]  lr: 1.0000e-04  eta: 7:53:50  time: 0.2551  data_time: 0.0077  memory: 9163  loss: 0.0354  decode.loss_ce: 0.0354  decode.acc_seg: 97.1673
2025/03/09 18:13:15 - mmengine - INFO - Iter(train) [ 52900/160000]  lr: 1.0000e-04  eta: 7:53:36  time: 0.2534  data_time: 0.0076  memory: 9163  loss: 0.0156  decode.loss_ce: 0.0156  decode.acc_seg: 98.5690
2025/03/09 18:13:28 - mmengine - INFO - Iter(train) [ 52950/160000]  lr: 1.0000e-04  eta: 7:53:22  time: 0.2550  data_time: 0.0079  memory: 9163  loss: 0.0297  decode.loss_ce: 0.0297  decode.acc_seg: 98.7271
2025/03/09 18:13:41 - mmengine - INFO - Exp name: efficient_20250309_140341
2025/03/09 18:13:41 - mmengine - INFO - Iter(train) [ 53000/160000]  lr: 1.0000e-04  eta: 7:53:08  time: 0.2543  data_time: 0.0079  memory: 9163  loss: 0.0201  decode.loss_ce: 0.0201  decode.acc_seg: 99.4968
2025/03/09 18:13:53 - mmengine - INFO - Iter(train) [ 53050/160000]  lr: 1.0000e-04  eta: 7:52:54  time: 0.2551  data_time: 0.0082  memory: 9163  loss: 0.0162  decode.loss_ce: 0.0162  decode.acc_seg: 98.7112
2025/03/09 18:14:06 - mmengine - INFO - Iter(train) [ 53100/160000]  lr: 1.0000e-04  eta: 7:52:39  time: 0.2551  data_time: 0.0078  memory: 9163  loss: 0.0479  decode.loss_ce: 0.0479  decode.acc_seg: 99.0181
2025/03/09 18:14:19 - mmengine - INFO - Iter(train) [ 53150/160000]  lr: 1.0000e-04  eta: 7:52:25  time: 0.2540  data_time: 0.0078  memory: 9163  loss: 0.0223  decode.loss_ce: 0.0223  decode.acc_seg: 98.0025
2025/03/09 18:14:32 - mmengine - INFO - Iter(train) [ 53200/160000]  lr: 1.0000e-04  eta: 7:52:11  time: 0.2532  data_time: 0.0081  memory: 9163  loss: 0.0150  decode.loss_ce: 0.0150  decode.acc_seg: 99.6391
2025/03/09 18:14:45 - mmengine - INFO - Iter(train) [ 53250/160000]  lr: 1.0000e-04  eta: 7:51:57  time: 0.2562  data_time: 0.0080  memory: 9163  loss: 0.0235  decode.loss_ce: 0.0235  decode.acc_seg: 98.3884
2025/03/09 18:14:57 - mmengine - INFO - Iter(train) [ 53300/160000]  lr: 1.0000e-04  eta: 7:51:42  time: 0.2537  data_time: 0.0077  memory: 9163  loss: 0.0433  decode.loss_ce: 0.0433  decode.acc_seg: 98.8257
2025/03/09 18:15:10 - mmengine - INFO - Iter(train) [ 53350/160000]  lr: 1.0000e-04  eta: 7:51:28  time: 0.2545  data_time: 0.0079  memory: 9163  loss: 0.0310  decode.loss_ce: 0.0310  decode.acc_seg: 99.7520
2025/03/09 18:15:23 - mmengine - INFO - Iter(train) [ 53400/160000]  lr: 1.0000e-04  eta: 7:51:14  time: 0.2579  data_time: 0.0081  memory: 9163  loss: 0.0357  decode.loss_ce: 0.0357  decode.acc_seg: 98.9722
2025/03/09 18:15:36 - mmengine - INFO - Iter(train) [ 53450/160000]  lr: 1.0000e-04  eta: 7:51:00  time: 0.2542  data_time: 0.0076  memory: 9163  loss: 0.0252  decode.loss_ce: 0.0252  decode.acc_seg: 98.7032
2025/03/09 18:15:49 - mmengine - INFO - Iter(train) [ 53500/160000]  lr: 1.0000e-04  eta: 7:50:45  time: 0.2549  data_time: 0.0078  memory: 9163  loss: 0.0291  decode.loss_ce: 0.0291  decode.acc_seg: 99.0564
2025/03/09 18:16:01 - mmengine - INFO - Iter(train) [ 53550/160000]  lr: 1.0000e-04  eta: 7:50:31  time: 0.2550  data_time: 0.0078  memory: 9163  loss: 0.0387  decode.loss_ce: 0.0387  decode.acc_seg: 97.3231
2025/03/09 18:16:14 - mmengine - INFO - Iter(train) [ 53600/160000]  lr: 1.0000e-04  eta: 7:50:17  time: 0.2546  data_time: 0.0079  memory: 9163  loss: 0.0352  decode.loss_ce: 0.0352  decode.acc_seg: 98.2309
2025/03/09 18:16:27 - mmengine - INFO - Iter(train) [ 53650/160000]  lr: 1.0000e-04  eta: 7:50:02  time: 0.2551  data_time: 0.0078  memory: 9163  loss: 0.0288  decode.loss_ce: 0.0288  decode.acc_seg: 95.9761
2025/03/09 18:16:40 - mmengine - INFO - Iter(train) [ 53700/160000]  lr: 1.0000e-04  eta: 7:49:48  time: 0.2543  data_time: 0.0077  memory: 9163  loss: 0.0138  decode.loss_ce: 0.0138  decode.acc_seg: 99.4685
2025/03/09 18:16:52 - mmengine - INFO - Iter(train) [ 53750/160000]  lr: 1.0000e-04  eta: 7:49:34  time: 0.2540  data_time: 0.0077  memory: 9163  loss: 0.0290  decode.loss_ce: 0.0290  decode.acc_seg: 98.0955
2025/03/09 18:17:05 - mmengine - INFO - Iter(train) [ 53800/160000]  lr: 1.0000e-04  eta: 7:49:20  time: 0.2550  data_time: 0.0075  memory: 9163  loss: 0.0247  decode.loss_ce: 0.0247  decode.acc_seg: 99.2279
2025/03/09 18:17:18 - mmengine - INFO - Iter(train) [ 53850/160000]  lr: 1.0000e-04  eta: 7:49:05  time: 0.2546  data_time: 0.0077  memory: 9163  loss: 0.0182  decode.loss_ce: 0.0182  decode.acc_seg: 99.9547
2025/03/09 18:17:30 - mmengine - INFO - Iter(train) [ 53900/160000]  lr: 1.0000e-04  eta: 7:48:51  time: 0.2557  data_time: 0.0077  memory: 9163  loss: 0.0532  decode.loss_ce: 0.0532  decode.acc_seg: 99.3738
2025/03/09 18:17:43 - mmengine - INFO - Iter(train) [ 53950/160000]  lr: 1.0000e-04  eta: 7:48:37  time: 0.2535  data_time: 0.0077  memory: 9163  loss: 0.0275  decode.loss_ce: 0.0275  decode.acc_seg: 99.9306
2025/03/09 18:17:56 - mmengine - INFO - Exp name: efficient_20250309_140341
2025/03/09 18:17:56 - mmengine - INFO - Iter(train) [ 54000/160000]  lr: 1.0000e-04  eta: 7:48:22  time: 0.2539  data_time: 0.0085  memory: 9163  loss: 0.0156  decode.loss_ce: 0.0156  decode.acc_seg: 99.8470
2025/03/09 18:18:09 - mmengine - INFO - Iter(train) [ 54050/160000]  lr: 1.0000e-04  eta: 7:48:08  time: 0.2550  data_time: 0.0079  memory: 9163  loss: 0.0260  decode.loss_ce: 0.0260  decode.acc_seg: 97.9142
2025/03/09 18:18:21 - mmengine - INFO - Iter(train) [ 54100/160000]  lr: 1.0000e-04  eta: 7:47:54  time: 0.2556  data_time: 0.0082  memory: 9163  loss: 0.0415  decode.loss_ce: 0.0415  decode.acc_seg: 96.1989
2025/03/09 18:18:34 - mmengine - INFO - Iter(train) [ 54150/160000]  lr: 1.0000e-04  eta: 7:47:40  time: 0.2528  data_time: 0.0074  memory: 9163  loss: 0.0302  decode.loss_ce: 0.0302  decode.acc_seg: 99.1377
2025/03/09 18:18:47 - mmengine - INFO - Iter(train) [ 54200/160000]  lr: 1.0000e-04  eta: 7:47:25  time: 0.2550  data_time: 0.0078  memory: 9163  loss: 0.0319  decode.loss_ce: 0.0319  decode.acc_seg: 99.0456
2025/03/09 18:19:00 - mmengine - INFO - Iter(train) [ 54250/160000]  lr: 1.0000e-04  eta: 7:47:11  time: 0.2543  data_time: 0.0079  memory: 9163  loss: 0.0220  decode.loss_ce: 0.0220  decode.acc_seg: 99.7249
2025/03/09 18:19:12 - mmengine - INFO - Iter(train) [ 54300/160000]  lr: 1.0000e-04  eta: 7:46:57  time: 0.2548  data_time: 0.0078  memory: 9163  loss: 0.0422  decode.loss_ce: 0.0422  decode.acc_seg: 97.8100
2025/03/09 18:19:25 - mmengine - INFO - Iter(train) [ 54350/160000]  lr: 1.0000e-04  eta: 7:46:43  time: 0.2543  data_time: 0.0075  memory: 9163  loss: 0.0340  decode.loss_ce: 0.0340  decode.acc_seg: 98.3956
2025/03/09 18:19:38 - mmengine - INFO - Iter(train) [ 54400/160000]  lr: 1.0000e-04  eta: 7:46:28  time: 0.2539  data_time: 0.0076  memory: 9163  loss: 0.0280  decode.loss_ce: 0.0280  decode.acc_seg: 99.0426
2025/03/09 18:19:38 - mmengine - INFO - Saving checkpoint at 54400 iterations
2025/03/09 18:19:52 - mmengine - INFO - Iter(train) [ 54450/160000]  lr: 1.0000e-04  eta: 7:46:17  time: 0.2545  data_time: 0.0072  memory: 9163  loss: 0.0201  decode.loss_ce: 0.0201  decode.acc_seg: 99.6336
2025/03/09 18:20:05 - mmengine - INFO - Iter(train) [ 54500/160000]  lr: 1.0000e-04  eta: 7:46:03  time: 0.2518  data_time: 0.0075  memory: 9163  loss: 0.0252  decode.loss_ce: 0.0252  decode.acc_seg: 99.1471
2025/03/09 18:20:18 - mmengine - INFO - Iter(train) [ 54550/160000]  lr: 1.0000e-04  eta: 7:45:49  time: 0.2551  data_time: 0.0078  memory: 9163  loss: 0.0235  decode.loss_ce: 0.0235  decode.acc_seg: 97.7388
2025/03/09 18:20:30 - mmengine - INFO - Iter(train) [ 54600/160000]  lr: 1.0000e-04  eta: 7:45:34  time: 0.2556  data_time: 0.0080  memory: 9163  loss: 0.0262  decode.loss_ce: 0.0262  decode.acc_seg: 98.4680
2025/03/09 18:20:43 - mmengine - INFO - Iter(train) [ 54650/160000]  lr: 1.0000e-04  eta: 7:45:20  time: 0.2551  data_time: 0.0079  memory: 9163  loss: 0.0172  decode.loss_ce: 0.0172  decode.acc_seg: 99.8466
2025/03/09 18:20:56 - mmengine - INFO - Iter(train) [ 54700/160000]  lr: 1.0000e-04  eta: 7:45:06  time: 0.2530  data_time: 0.0079  memory: 9163  loss: 0.0284  decode.loss_ce: 0.0284  decode.acc_seg: 98.6582
2025/03/09 18:21:09 - mmengine - INFO - Iter(train) [ 54750/160000]  lr: 1.0000e-04  eta: 7:44:52  time: 0.2546  data_time: 0.0077  memory: 9163  loss: 0.0209  decode.loss_ce: 0.0209  decode.acc_seg: 99.6227
2025/03/09 18:21:21 - mmengine - INFO - Iter(train) [ 54800/160000]  lr: 1.0000e-04  eta: 7:44:37  time: 0.2547  data_time: 0.0080  memory: 9163  loss: 0.0349  decode.loss_ce: 0.0349  decode.acc_seg: 98.6102
2025/03/09 18:21:34 - mmengine - INFO - Iter(train) [ 54850/160000]  lr: 1.0000e-04  eta: 7:44:23  time: 0.2551  data_time: 0.0080  memory: 9163  loss: 0.0216  decode.loss_ce: 0.0216  decode.acc_seg: 99.5433
2025/03/09 18:21:47 - mmengine - INFO - Iter(train) [ 54900/160000]  lr: 1.0000e-04  eta: 7:44:09  time: 0.2544  data_time: 0.0077  memory: 9163  loss: 0.0268  decode.loss_ce: 0.0268  decode.acc_seg: 97.4979
2025/03/09 18:22:00 - mmengine - INFO - Iter(train) [ 54950/160000]  lr: 1.0000e-04  eta: 7:43:55  time: 0.2546  data_time: 0.0078  memory: 9163  loss: 0.0253  decode.loss_ce: 0.0253  decode.acc_seg: 98.1082
2025/03/09 18:22:12 - mmengine - INFO - Exp name: efficient_20250309_140341
2025/03/09 18:22:12 - mmengine - INFO - Iter(train) [ 55000/160000]  lr: 1.0000e-04  eta: 7:43:41  time: 0.2549  data_time: 0.0078  memory: 9163  loss: 0.0365  decode.loss_ce: 0.0365  decode.acc_seg: 98.3785
2025/03/09 18:22:25 - mmengine - INFO - Iter(train) [ 55050/160000]  lr: 1.0000e-04  eta: 7:43:26  time: 0.2537  data_time: 0.0080  memory: 9163  loss: 0.0169  decode.loss_ce: 0.0169  decode.acc_seg: 99.8202
2025/03/09 18:22:38 - mmengine - INFO - Iter(train) [ 55100/160000]  lr: 1.0000e-04  eta: 7:43:12  time: 0.2553  data_time: 0.0079  memory: 9163  loss: 0.0430  decode.loss_ce: 0.0430  decode.acc_seg: 99.0089
2025/03/09 18:22:51 - mmengine - INFO - Iter(train) [ 55150/160000]  lr: 1.0000e-04  eta: 7:42:58  time: 0.2553  data_time: 0.0081  memory: 9163  loss: 0.0203  decode.loss_ce: 0.0203  decode.acc_seg: 99.5841
2025/03/09 18:23:03 - mmengine - INFO - Iter(train) [ 55200/160000]  lr: 1.0000e-04  eta: 7:42:44  time: 0.2559  data_time: 0.0081  memory: 9163  loss: 0.0323  decode.loss_ce: 0.0323  decode.acc_seg: 98.9013
2025/03/09 18:23:16 - mmengine - INFO - Iter(train) [ 55250/160000]  lr: 1.0000e-04  eta: 7:42:29  time: 0.2548  data_time: 0.0077  memory: 9163  loss: 0.0257  decode.loss_ce: 0.0257  decode.acc_seg: 98.1123
2025/03/09 18:23:29 - mmengine - INFO - Iter(train) [ 55300/160000]  lr: 1.0000e-04  eta: 7:42:15  time: 0.2547  data_time: 0.0072  memory: 9163  loss: 0.0191  decode.loss_ce: 0.0191  decode.acc_seg: 99.5173
2025/03/09 18:23:42 - mmengine - INFO - Iter(train) [ 55350/160000]  lr: 1.0000e-04  eta: 7:42:01  time: 0.2551  data_time: 0.0078  memory: 9163  loss: 0.0318  decode.loss_ce: 0.0318  decode.acc_seg: 99.3941
2025/03/09 18:23:54 - mmengine - INFO - Iter(train) [ 55400/160000]  lr: 1.0000e-04  eta: 7:41:47  time: 0.2529  data_time: 0.0077  memory: 9163  loss: 0.0270  decode.loss_ce: 0.0270  decode.acc_seg: 95.2904
2025/03/09 18:24:07 - mmengine - INFO - Iter(train) [ 55450/160000]  lr: 1.0000e-04  eta: 7:41:33  time: 0.2544  data_time: 0.0077  memory: 9163  loss: 0.0270  decode.loss_ce: 0.0270  decode.acc_seg: 99.1986
2025/03/09 18:24:20 - mmengine - INFO - Iter(train) [ 55500/160000]  lr: 1.0000e-04  eta: 7:41:18  time: 0.2524  data_time: 0.0075  memory: 9163  loss: 0.0168  decode.loss_ce: 0.0168  decode.acc_seg: 99.7733
2025/03/09 18:24:33 - mmengine - INFO - Iter(train) [ 55550/160000]  lr: 1.0000e-04  eta: 7:41:04  time: 0.2550  data_time: 0.0076  memory: 9163  loss: 0.0365  decode.loss_ce: 0.0365  decode.acc_seg: 95.6480
2025/03/09 18:24:45 - mmengine - INFO - Iter(train) [ 55600/160000]  lr: 1.0000e-04  eta: 7:40:50  time: 0.2551  data_time: 0.0077  memory: 9163  loss: 0.0383  decode.loss_ce: 0.0383  decode.acc_seg: 95.6723
2025/03/09 18:24:58 - mmengine - INFO - Iter(train) [ 55650/160000]  lr: 1.0000e-04  eta: 7:40:36  time: 0.2550  data_time: 0.0078  memory: 9163  loss: 0.0186  decode.loss_ce: 0.0186  decode.acc_seg: 98.5266
2025/03/09 18:25:11 - mmengine - INFO - Iter(train) [ 55700/160000]  lr: 1.0000e-04  eta: 7:40:21  time: 0.2538  data_time: 0.0079  memory: 9163  loss: 0.0271  decode.loss_ce: 0.0271  decode.acc_seg: 97.9151
2025/03/09 18:25:23 - mmengine - INFO - Iter(train) [ 55750/160000]  lr: 1.0000e-04  eta: 7:40:07  time: 0.2551  data_time: 0.0079  memory: 9163  loss: 0.0327  decode.loss_ce: 0.0327  decode.acc_seg: 99.4801
2025/03/09 18:25:36 - mmengine - INFO - Iter(train) [ 55800/160000]  lr: 1.0000e-04  eta: 7:39:53  time: 0.2545  data_time: 0.0077  memory: 9163  loss: 0.0322  decode.loss_ce: 0.0322  decode.acc_seg: 98.6668
2025/03/09 18:25:49 - mmengine - INFO - Iter(train) [ 55850/160000]  lr: 1.0000e-04  eta: 7:39:39  time: 0.2548  data_time: 0.0079  memory: 9163  loss: 0.0184  decode.loss_ce: 0.0184  decode.acc_seg: 98.1454
2025/03/09 18:26:02 - mmengine - INFO - Iter(train) [ 55900/160000]  lr: 1.0000e-04  eta: 7:39:25  time: 0.2548  data_time: 0.0077  memory: 9163  loss: 0.0351  decode.loss_ce: 0.0351  decode.acc_seg: 99.4439
2025/03/09 18:26:14 - mmengine - INFO - Iter(train) [ 55950/160000]  lr: 1.0000e-04  eta: 7:39:11  time: 0.2548  data_time: 0.0074  memory: 9163  loss: 0.0320  decode.loss_ce: 0.0320  decode.acc_seg: 99.7680
2025/03/09 18:26:27 - mmengine - INFO - Exp name: efficient_20250309_140341
2025/03/09 18:26:27 - mmengine - INFO - Iter(train) [ 56000/160000]  lr: 1.0000e-04  eta: 7:38:56  time: 0.2548  data_time: 0.0078  memory: 9163  loss: 0.0215  decode.loss_ce: 0.0215  decode.acc_seg: 99.2340
2025/03/09 18:26:30 - mmengine - INFO - Iter(val) [ 50/869]    eta: 0:00:47  time: 0.0558  data_time: 0.0025  memory: 636  
2025/03/09 18:26:33 - mmengine - INFO - Iter(val) [100/869]    eta: 0:00:43  time: 0.0556  data_time: 0.0026  memory: 636  
2025/03/09 18:26:36 - mmengine - INFO - Iter(val) [150/869]    eta: 0:00:40  time: 0.0558  data_time: 0.0025  memory: 636  
2025/03/09 18:26:39 - mmengine - INFO - Iter(val) [200/869]    eta: 0:00:37  time: 0.0553  data_time: 0.0026  memory: 636  
2025/03/09 18:26:41 - mmengine - INFO - Iter(val) [250/869]    eta: 0:00:35  time: 0.0553  data_time: 0.0025  memory: 636  
2025/03/09 18:26:44 - mmengine - INFO - Iter(val) [300/869]    eta: 0:00:32  time: 0.0606  data_time: 0.0025  memory: 636  
2025/03/09 18:26:47 - mmengine - INFO - Iter(val) [350/869]    eta: 0:00:29  time: 0.0555  data_time: 0.0025  memory: 636  
2025/03/09 18:26:50 - mmengine - INFO - Iter(val) [400/869]    eta: 0:00:26  time: 0.0557  data_time: 0.0028  memory: 636  
2025/03/09 18:26:53 - mmengine - INFO - Iter(val) [450/869]    eta: 0:00:23  time: 0.0559  data_time: 0.0024  memory: 636  
2025/03/09 18:26:56 - mmengine - INFO - Iter(val) [500/869]    eta: 0:00:20  time: 0.0554  data_time: 0.0026  memory: 636  
2025/03/09 18:26:58 - mmengine - INFO - Iter(val) [550/869]    eta: 0:00:18  time: 0.0555  data_time: 0.0023  memory: 636  
2025/03/09 18:27:01 - mmengine - INFO - Iter(val) [600/869]    eta: 0:00:15  time: 0.0556  data_time: 0.0025  memory: 636  
2025/03/09 18:27:04 - mmengine - INFO - Iter(val) [650/869]    eta: 0:00:12  time: 0.0561  data_time: 0.0026  memory: 636  
2025/03/09 18:27:07 - mmengine - INFO - Iter(val) [700/869]    eta: 0:00:09  time: 0.0556  data_time: 0.0026  memory: 636  
2025/03/09 18:27:10 - mmengine - INFO - Iter(val) [750/869]    eta: 0:00:06  time: 0.0556  data_time: 0.0024  memory: 636  
2025/03/09 18:27:13 - mmengine - INFO - Iter(val) [800/869]    eta: 0:00:03  time: 0.0559  data_time: 0.0026  memory: 636  
2025/03/09 18:27:15 - mmengine - INFO - Iter(val) [850/869]    eta: 0:00:01  time: 0.0554  data_time: 0.0025  memory: 636  
2025/03/09 18:27:16 - mmengine - INFO - per class results:
2025/03/09 18:27:16 - mmengine - INFO - 
+------------+-------+-------+--------+-----------+--------+
|   Class    |  IoU  |  Acc  | Fscore | Precision | Recall |
+------------+-------+-------+--------+-----------+--------+
| background | 97.29 | 98.07 | 98.63  |   99.18   | 98.07  |
|    ghaf    |  55.8 | 81.01 | 71.63  |   64.19   | 81.01  |
+------------+-------+-------+--------+-----------+--------+
2025/03/09 18:27:16 - mmengine - INFO - Iter(val) [869/869]    aAcc: 97.3800  mIoU: 76.5400  mAcc: 89.5400  mFscore: 85.1300  mPrecision: 81.6900  mRecall: 89.5400  data_time: 0.0027  time: 0.0565
2025/03/09 18:27:29 - mmengine - INFO - Iter(train) [ 56050/160000]  lr: 1.0000e-04  eta: 7:38:42  time: 0.2547  data_time: 0.0075  memory: 9163  loss: 0.0200  decode.loss_ce: 0.0200  decode.acc_seg: 98.3336
2025/03/09 18:27:42 - mmengine - INFO - Iter(train) [ 56100/160000]  lr: 1.0000e-04  eta: 7:38:28  time: 0.2511  data_time: 0.0074  memory: 9163  loss: 0.0476  decode.loss_ce: 0.0476  decode.acc_seg: 97.5495
2025/03/09 18:27:55 - mmengine - INFO - Iter(train) [ 56150/160000]  lr: 1.0000e-04  eta: 7:38:14  time: 0.2524  data_time: 0.0078  memory: 9163  loss: 0.0417  decode.loss_ce: 0.0417  decode.acc_seg: 98.3153
2025/03/09 18:28:07 - mmengine - INFO - Iter(train) [ 56200/160000]  lr: 1.0000e-04  eta: 7:38:00  time: 0.2531  data_time: 0.0074  memory: 9163  loss: 0.0348  decode.loss_ce: 0.0348  decode.acc_seg: 99.7965
2025/03/09 18:28:20 - mmengine - INFO - Iter(train) [ 56250/160000]  lr: 1.0000e-04  eta: 7:37:45  time: 0.2510  data_time: 0.0079  memory: 9163  loss: 0.0291  decode.loss_ce: 0.0291  decode.acc_seg: 97.2936
2025/03/09 18:28:33 - mmengine - INFO - Iter(train) [ 56300/160000]  lr: 1.0000e-04  eta: 7:37:31  time: 0.2546  data_time: 0.0074  memory: 9163  loss: 0.0371  decode.loss_ce: 0.0371  decode.acc_seg: 97.0681
2025/03/09 18:28:45 - mmengine - INFO - Iter(train) [ 56350/160000]  lr: 1.0000e-04  eta: 7:37:17  time: 0.2547  data_time: 0.0077  memory: 9163  loss: 0.0310  decode.loss_ce: 0.0310  decode.acc_seg: 97.5076
2025/03/09 18:28:58 - mmengine - INFO - Iter(train) [ 56400/160000]  lr: 1.0000e-04  eta: 7:37:03  time: 0.2534  data_time: 0.0075  memory: 9163  loss: 0.0293  decode.loss_ce: 0.0293  decode.acc_seg: 98.8121
2025/03/09 18:29:11 - mmengine - INFO - Iter(train) [ 56450/160000]  lr: 1.0000e-04  eta: 7:36:48  time: 0.2550  data_time: 0.0076  memory: 9163  loss: 0.0224  decode.loss_ce: 0.0224  decode.acc_seg: 97.7144
2025/03/09 18:29:23 - mmengine - INFO - Iter(train) [ 56500/160000]  lr: 1.0000e-04  eta: 7:36:34  time: 0.2516  data_time: 0.0075  memory: 9163  loss: 0.0308  decode.loss_ce: 0.0308  decode.acc_seg: 98.6045
2025/03/09 18:29:36 - mmengine - INFO - Iter(train) [ 56550/160000]  lr: 1.0000e-04  eta: 7:36:20  time: 0.2532  data_time: 0.0076  memory: 9163  loss: 0.0521  decode.loss_ce: 0.0521  decode.acc_seg: 98.4810
2025/03/09 18:29:49 - mmengine - INFO - Iter(train) [ 56600/160000]  lr: 1.0000e-04  eta: 7:36:06  time: 0.2528  data_time: 0.0075  memory: 9163  loss: 0.0336  decode.loss_ce: 0.0336  decode.acc_seg: 97.6890
2025/03/09 18:30:02 - mmengine - INFO - Iter(train) [ 56650/160000]  lr: 1.0000e-04  eta: 7:35:51  time: 0.2546  data_time: 0.0076  memory: 9163  loss: 0.0328  decode.loss_ce: 0.0328  decode.acc_seg: 98.1564
2025/03/09 18:30:14 - mmengine - INFO - Iter(train) [ 56700/160000]  lr: 1.0000e-04  eta: 7:35:37  time: 0.2549  data_time: 0.0076  memory: 9163  loss: 0.0199  decode.loss_ce: 0.0199  decode.acc_seg: 99.3638
2025/03/09 18:30:27 - mmengine - INFO - Iter(train) [ 56750/160000]  lr: 1.0000e-04  eta: 7:35:23  time: 0.2547  data_time: 0.0074  memory: 9163  loss: 0.0299  decode.loss_ce: 0.0299  decode.acc_seg: 99.4106
2025/03/09 18:30:40 - mmengine - INFO - Iter(train) [ 56800/160000]  lr: 1.0000e-04  eta: 7:35:09  time: 0.2547  data_time: 0.0078  memory: 9163  loss: 0.0271  decode.loss_ce: 0.0271  decode.acc_seg: 99.3231
2025/03/09 18:30:53 - mmengine - INFO - Iter(train) [ 56850/160000]  lr: 1.0000e-04  eta: 7:34:55  time: 0.2549  data_time: 0.0077  memory: 9163  loss: 0.0449  decode.loss_ce: 0.0449  decode.acc_seg: 99.1119
2025/03/09 18:31:05 - mmengine - INFO - Iter(train) [ 56900/160000]  lr: 1.0000e-04  eta: 7:34:41  time: 0.2554  data_time: 0.0077  memory: 9163  loss: 0.0386  decode.loss_ce: 0.0386  decode.acc_seg: 99.3269
2025/03/09 18:31:18 - mmengine - INFO - Iter(train) [ 56950/160000]  lr: 1.0000e-04  eta: 7:34:27  time: 0.2542  data_time: 0.0078  memory: 9163  loss: 0.0300  decode.loss_ce: 0.0300  decode.acc_seg: 98.7334
2025/03/09 18:31:31 - mmengine - INFO - Exp name: efficient_20250309_140341
2025/03/09 18:31:31 - mmengine - INFO - Iter(train) [ 57000/160000]  lr: 1.0000e-04  eta: 7:34:13  time: 0.2544  data_time: 0.0079  memory: 9163  loss: 0.0253  decode.loss_ce: 0.0253  decode.acc_seg: 98.4376
2025/03/09 18:31:43 - mmengine - INFO - Iter(train) [ 57050/160000]  lr: 1.0000e-04  eta: 7:33:58  time: 0.2550  data_time: 0.0078  memory: 9163  loss: 0.0187  decode.loss_ce: 0.0187  decode.acc_seg: 100.0000
2025/03/09 18:31:56 - mmengine - INFO - Iter(train) [ 57100/160000]  lr: 1.0000e-04  eta: 7:33:44  time: 0.2554  data_time: 0.0080  memory: 9163  loss: 0.0306  decode.loss_ce: 0.0306  decode.acc_seg: 99.5539
2025/03/09 18:32:09 - mmengine - INFO - Iter(train) [ 57150/160000]  lr: 1.0000e-04  eta: 7:33:30  time: 0.2526  data_time: 0.0077  memory: 9163  loss: 0.0355  decode.loss_ce: 0.0355  decode.acc_seg: 99.1300
2025/03/09 18:32:22 - mmengine - INFO - Iter(train) [ 57200/160000]  lr: 1.0000e-04  eta: 7:33:16  time: 0.2551  data_time: 0.0078  memory: 9163  loss: 0.0375  decode.loss_ce: 0.0375  decode.acc_seg: 98.9756
2025/03/09 18:32:34 - mmengine - INFO - Iter(train) [ 57250/160000]  lr: 1.0000e-04  eta: 7:33:02  time: 0.2521  data_time: 0.0076  memory: 9163  loss: 0.0324  decode.loss_ce: 0.0324  decode.acc_seg: 99.8937
2025/03/09 18:32:47 - mmengine - INFO - Iter(train) [ 57300/160000]  lr: 1.0000e-04  eta: 7:32:47  time: 0.2545  data_time: 0.0074  memory: 9163  loss: 0.0235  decode.loss_ce: 0.0235  decode.acc_seg: 98.3194
2025/03/09 18:33:00 - mmengine - INFO - Iter(train) [ 57350/160000]  lr: 1.0000e-04  eta: 7:32:33  time: 0.2530  data_time: 0.0078  memory: 9163  loss: 0.0198  decode.loss_ce: 0.0198  decode.acc_seg: 99.6308
2025/03/09 18:33:12 - mmengine - INFO - Iter(train) [ 57400/160000]  lr: 1.0000e-04  eta: 7:32:19  time: 0.2531  data_time: 0.0077  memory: 9163  loss: 0.0253  decode.loss_ce: 0.0253  decode.acc_seg: 99.5327
2025/03/09 18:33:25 - mmengine - INFO - Iter(train) [ 57450/160000]  lr: 1.0000e-04  eta: 7:32:05  time: 0.2507  data_time: 0.0078  memory: 9163  loss: 0.0257  decode.loss_ce: 0.0257  decode.acc_seg: 99.0555
2025/03/09 18:33:38 - mmengine - INFO - Iter(train) [ 57500/160000]  lr: 1.0000e-04  eta: 7:31:51  time: 0.2538  data_time: 0.0076  memory: 9163  loss: 0.0250  decode.loss_ce: 0.0250  decode.acc_seg: 99.1674
2025/03/09 18:33:51 - mmengine - INFO - Iter(train) [ 57550/160000]  lr: 1.0000e-04  eta: 7:31:37  time: 0.2549  data_time: 0.0075  memory: 9163  loss: 0.0279  decode.loss_ce: 0.0279  decode.acc_seg: 98.6371
2025/03/09 18:34:03 - mmengine - INFO - Iter(train) [ 57600/160000]  lr: 1.0000e-04  eta: 7:31:23  time: 0.2548  data_time: 0.0073  memory: 9163  loss: 0.0283  decode.loss_ce: 0.0283  decode.acc_seg: 99.2377
2025/03/09 18:34:16 - mmengine - INFO - Iter(train) [ 57650/160000]  lr: 1.0000e-04  eta: 7:31:08  time: 0.2517  data_time: 0.0077  memory: 9163  loss: 0.0326  decode.loss_ce: 0.0326  decode.acc_seg: 98.4955
2025/03/09 18:34:29 - mmengine - INFO - Iter(train) [ 57700/160000]  lr: 1.0000e-04  eta: 7:30:54  time: 0.2548  data_time: 0.0078  memory: 9163  loss: 0.0215  decode.loss_ce: 0.0215  decode.acc_seg: 99.9950
2025/03/09 18:34:41 - mmengine - INFO - Iter(train) [ 57750/160000]  lr: 1.0000e-04  eta: 7:30:40  time: 0.2554  data_time: 0.0075  memory: 9163  loss: 0.0337  decode.loss_ce: 0.0337  decode.acc_seg: 99.5919
2025/03/09 18:34:54 - mmengine - INFO - Iter(train) [ 57800/160000]  lr: 1.0000e-04  eta: 7:30:26  time: 0.2547  data_time: 0.0075  memory: 9163  loss: 0.0204  decode.loss_ce: 0.0204  decode.acc_seg: 99.7659
2025/03/09 18:34:54 - mmengine - INFO - Saving checkpoint at 57800 iterations
2025/03/09 18:35:08 - mmengine - INFO - Iter(train) [ 57850/160000]  lr: 1.0000e-04  eta: 7:30:15  time: 0.2546  data_time: 0.0077  memory: 9163  loss: 0.0274  decode.loss_ce: 0.0274  decode.acc_seg: 99.9012
2025/03/09 18:35:21 - mmengine - INFO - Iter(train) [ 57900/160000]  lr: 1.0000e-04  eta: 7:30:01  time: 0.2551  data_time: 0.0084  memory: 9163  loss: 0.0188  decode.loss_ce: 0.0188  decode.acc_seg: 99.6878
2025/03/09 18:35:34 - mmengine - INFO - Iter(train) [ 57950/160000]  lr: 1.0000e-04  eta: 7:29:47  time: 0.2551  data_time: 0.0080  memory: 9163  loss: 0.0295  decode.loss_ce: 0.0295  decode.acc_seg: 99.6133
2025/03/09 18:35:47 - mmengine - INFO - Exp name: efficient_20250309_140341
2025/03/09 18:35:47 - mmengine - INFO - Iter(train) [ 58000/160000]  lr: 1.0000e-04  eta: 7:29:33  time: 0.2552  data_time: 0.0083  memory: 9163  loss: 0.0189  decode.loss_ce: 0.0189  decode.acc_seg: 99.3272
2025/03/09 18:35:59 - mmengine - INFO - Iter(train) [ 58050/160000]  lr: 1.0000e-04  eta: 7:29:18  time: 0.2552  data_time: 0.0079  memory: 9163  loss: 0.0283  decode.loss_ce: 0.0283  decode.acc_seg: 98.6638
2025/03/09 18:36:12 - mmengine - INFO - Iter(train) [ 58100/160000]  lr: 1.0000e-04  eta: 7:29:04  time: 0.2554  data_time: 0.0079  memory: 9163  loss: 0.0160  decode.loss_ce: 0.0160  decode.acc_seg: 99.5564
2025/03/09 18:36:25 - mmengine - INFO - Iter(train) [ 58150/160000]  lr: 1.0000e-04  eta: 7:28:50  time: 0.2512  data_time: 0.0079  memory: 9163  loss: 0.0299  decode.loss_ce: 0.0299  decode.acc_seg: 95.5527
2025/03/09 18:36:38 - mmengine - INFO - Iter(train) [ 58200/160000]  lr: 1.0000e-04  eta: 7:28:36  time: 0.2552  data_time: 0.0079  memory: 9163  loss: 0.0220  decode.loss_ce: 0.0220  decode.acc_seg: 99.8873
2025/03/09 18:36:50 - mmengine - INFO - Iter(train) [ 58250/160000]  lr: 1.0000e-04  eta: 7:28:22  time: 0.2557  data_time: 0.0081  memory: 9163  loss: 0.0165  decode.loss_ce: 0.0165  decode.acc_seg: 98.4973
2025/03/09 18:37:03 - mmengine - INFO - Iter(train) [ 58300/160000]  lr: 1.0000e-04  eta: 7:28:08  time: 0.2580  data_time: 0.0087  memory: 9163  loss: 0.0225  decode.loss_ce: 0.0225  decode.acc_seg: 99.8117
2025/03/09 18:37:16 - mmengine - INFO - Iter(train) [ 58350/160000]  lr: 1.0000e-04  eta: 7:27:54  time: 0.2529  data_time: 0.0083  memory: 9163  loss: 0.0195  decode.loss_ce: 0.0195  decode.acc_seg: 99.2549
2025/03/09 18:37:29 - mmengine - INFO - Iter(train) [ 58400/160000]  lr: 1.0000e-04  eta: 7:27:40  time: 0.2562  data_time: 0.0082  memory: 9163  loss: 0.0188  decode.loss_ce: 0.0188  decode.acc_seg: 99.8428
2025/03/09 18:37:41 - mmengine - INFO - Iter(train) [ 58450/160000]  lr: 1.0000e-04  eta: 7:27:26  time: 0.2509  data_time: 0.0082  memory: 9163  loss: 0.0276  decode.loss_ce: 0.0276  decode.acc_seg: 99.5881
2025/03/09 18:37:54 - mmengine - INFO - Iter(train) [ 58500/160000]  lr: 1.0000e-04  eta: 7:27:12  time: 0.2549  data_time: 0.0078  memory: 9163  loss: 0.0325  decode.loss_ce: 0.0325  decode.acc_seg: 97.4744
2025/03/09 18:38:07 - mmengine - INFO - Iter(train) [ 58550/160000]  lr: 1.0000e-04  eta: 7:26:58  time: 0.2544  data_time: 0.0078  memory: 9163  loss: 0.0189  decode.loss_ce: 0.0189  decode.acc_seg: 99.8333
2025/03/09 18:38:19 - mmengine - INFO - Iter(train) [ 58600/160000]  lr: 1.0000e-04  eta: 7:26:44  time: 0.2540  data_time: 0.0079  memory: 9163  loss: 0.0233  decode.loss_ce: 0.0233  decode.acc_seg: 99.2477
2025/03/09 18:38:32 - mmengine - INFO - Iter(train) [ 58650/160000]  lr: 1.0000e-04  eta: 7:26:30  time: 0.2545  data_time: 0.0083  memory: 9163  loss: 0.0327  decode.loss_ce: 0.0327  decode.acc_seg: 99.2235
2025/03/09 18:38:45 - mmengine - INFO - Iter(train) [ 58700/160000]  lr: 1.0000e-04  eta: 7:26:15  time: 0.2550  data_time: 0.0076  memory: 9163  loss: 0.0157  decode.loss_ce: 0.0157  decode.acc_seg: 99.7390
2025/03/09 18:38:58 - mmengine - INFO - Iter(train) [ 58750/160000]  lr: 1.0000e-04  eta: 7:26:01  time: 0.2519  data_time: 0.0079  memory: 9163  loss: 0.0326  decode.loss_ce: 0.0326  decode.acc_seg: 99.8593
2025/03/09 18:39:10 - mmengine - INFO - Iter(train) [ 58800/160000]  lr: 1.0000e-04  eta: 7:25:47  time: 0.2546  data_time: 0.0078  memory: 9163  loss: 0.0320  decode.loss_ce: 0.0320  decode.acc_seg: 99.0132
2025/03/09 18:39:23 - mmengine - INFO - Iter(train) [ 58850/160000]  lr: 1.0000e-04  eta: 7:25:33  time: 0.2549  data_time: 0.0080  memory: 9163  loss: 0.0282  decode.loss_ce: 0.0282  decode.acc_seg: 99.6937
2025/03/09 18:39:36 - mmengine - INFO - Iter(train) [ 58900/160000]  lr: 1.0000e-04  eta: 7:25:19  time: 0.2531  data_time: 0.0079  memory: 9163  loss: 0.0267  decode.loss_ce: 0.0267  decode.acc_seg: 99.2509
2025/03/09 18:41:56 - mmengine - INFO - Iter(train) [ 58950/160000]  lr: 1.0000e-04  eta: 7:28:44  time: 0.2414  data_time: 0.0077  memory: 9163  loss: 0.0184  decode.loss_ce: 0.0184  decode.acc_seg: 99.8912
2025/03/09 18:42:09 - mmengine - INFO - Exp name: efficient_20250309_140341
2025/03/09 18:42:09 - mmengine - INFO - Iter(train) [ 59000/160000]  lr: 1.0000e-04  eta: 7:28:29  time: 0.2440  data_time: 0.0081  memory: 9163  loss: 0.0275  decode.loss_ce: 0.0275  decode.acc_seg: 98.5293
2025/03/09 18:42:21 - mmengine - INFO - Iter(train) [ 59050/160000]  lr: 1.0000e-04  eta: 7:28:14  time: 0.2500  data_time: 0.0082  memory: 9163  loss: 0.0357  decode.loss_ce: 0.0357  decode.acc_seg: 98.0830
2025/03/09 18:42:33 - mmengine - INFO - Iter(train) [ 59100/160000]  lr: 1.0000e-04  eta: 7:27:59  time: 0.2441  data_time: 0.0076  memory: 9163  loss: 0.0187  decode.loss_ce: 0.0187  decode.acc_seg: 98.5546
2025/03/09 18:42:45 - mmengine - INFO - Iter(train) [ 59150/160000]  lr: 1.0000e-04  eta: 7:27:44  time: 0.2449  data_time: 0.0076  memory: 9163  loss: 0.0326  decode.loss_ce: 0.0326  decode.acc_seg: 96.9816
2025/03/09 18:42:58 - mmengine - INFO - Iter(train) [ 59200/160000]  lr: 1.0000e-04  eta: 7:27:28  time: 0.2456  data_time: 0.0077  memory: 9163  loss: 0.0421  decode.loss_ce: 0.0421  decode.acc_seg: 98.5396
2025/03/09 18:43:10 - mmengine - INFO - Iter(train) [ 59250/160000]  lr: 1.0000e-04  eta: 7:27:13  time: 0.2459  data_time: 0.0075  memory: 9163  loss: 0.0279  decode.loss_ce: 0.0279  decode.acc_seg: 99.8395
2025/03/09 18:43:22 - mmengine - INFO - Iter(train) [ 59300/160000]  lr: 1.0000e-04  eta: 7:26:58  time: 0.2514  data_time: 0.0080  memory: 9163  loss: 0.0219  decode.loss_ce: 0.0219  decode.acc_seg: 98.0757
2025/03/09 18:43:35 - mmengine - INFO - Iter(train) [ 59350/160000]  lr: 1.0000e-04  eta: 7:26:44  time: 0.2552  data_time: 0.0082  memory: 9163  loss: 0.0162  decode.loss_ce: 0.0162  decode.acc_seg: 99.6964
2025/03/09 18:43:48 - mmengine - INFO - Iter(train) [ 59400/160000]  lr: 1.0000e-04  eta: 7:26:30  time: 0.2652  data_time: 0.0088  memory: 9163  loss: 0.0246  decode.loss_ce: 0.0246  decode.acc_seg: 99.7920
2025/03/09 18:44:01 - mmengine - INFO - Iter(train) [ 59450/160000]  lr: 1.0000e-04  eta: 7:26:16  time: 0.2580  data_time: 0.0081  memory: 9163  loss: 0.0241  decode.loss_ce: 0.0241  decode.acc_seg: 99.4092
2025/03/09 18:44:14 - mmengine - INFO - Iter(train) [ 59500/160000]  lr: 1.0000e-04  eta: 7:26:02  time: 0.2581  data_time: 0.0082  memory: 9163  loss: 0.0328  decode.loss_ce: 0.0328  decode.acc_seg: 98.6769
2025/03/09 18:44:17 - mmengine - INFO - Iter(val) [ 50/869]    eta: 0:00:53  time: 0.0601  data_time: 0.0028  memory: 636  
2025/03/09 18:44:20 - mmengine - INFO - Iter(val) [100/869]    eta: 0:00:48  time: 0.0599  data_time: 0.0027  memory: 636  
2025/03/09 18:44:23 - mmengine - INFO - Iter(val) [150/869]    eta: 0:00:44  time: 0.0602  data_time: 0.0026  memory: 636  
2025/03/09 18:44:26 - mmengine - INFO - Iter(val) [200/869]    eta: 0:00:41  time: 0.0618  data_time: 0.0029  memory: 636  
2025/03/09 18:44:29 - mmengine - INFO - Iter(val) [250/869]    eta: 0:00:38  time: 0.0615  data_time: 0.0028  memory: 636  
2025/03/09 18:44:32 - mmengine - INFO - Iter(val) [300/869]    eta: 0:00:34  time: 0.0593  data_time: 0.0023  memory: 636  
2025/03/09 18:44:35 - mmengine - INFO - Iter(val) [350/869]    eta: 0:00:31  time: 0.0609  data_time: 0.0029  memory: 636  
2025/03/09 18:44:39 - mmengine - INFO - Iter(val) [400/869]    eta: 0:00:28  time: 0.0644  data_time: 0.0023  memory: 636  
2025/03/09 18:44:42 - mmengine - INFO - Iter(val) [450/869]    eta: 0:00:25  time: 0.0647  data_time: 0.0028  memory: 636  
2025/03/09 18:44:45 - mmengine - INFO - Iter(val) [500/869]    eta: 0:00:22  time: 0.0607  data_time: 0.0028  memory: 636  
2025/03/09 18:44:48 - mmengine - INFO - Iter(val) [550/869]    eta: 0:00:19  time: 0.0604  data_time: 0.0028  memory: 636  
2025/03/09 18:44:51 - mmengine - INFO - Iter(val) [600/869]    eta: 0:00:16  time: 0.0608  data_time: 0.0026  memory: 636  
2025/03/09 18:44:54 - mmengine - INFO - Iter(val) [650/869]    eta: 0:00:13  time: 0.0600  data_time: 0.0028  memory: 636  
2025/03/09 18:44:57 - mmengine - INFO - Iter(val) [700/869]    eta: 0:00:10  time: 0.0600  data_time: 0.0026  memory: 636  
2025/03/09 18:45:00 - mmengine - INFO - Iter(val) [750/869]    eta: 0:00:07  time: 0.0669  data_time: 0.0028  memory: 636  
2025/03/09 18:45:03 - mmengine - INFO - Iter(val) [800/869]    eta: 0:00:04  time: 0.0616  data_time: 0.0028  memory: 636  
2025/03/09 18:45:06 - mmengine - INFO - Iter(val) [850/869]    eta: 0:00:01  time: 0.0604  data_time: 0.0024  memory: 636  
2025/03/09 18:45:08 - mmengine - INFO - per class results:
2025/03/09 18:45:08 - mmengine - INFO - 
+------------+-------+-------+--------+-----------+--------+
|   Class    |  IoU  |  Acc  | Fscore | Precision | Recall |
+------------+-------+-------+--------+-----------+--------+
| background |  97.1 | 97.79 | 98.53  |   99.28   | 97.79  |
|    ghaf    | 54.85 | 83.32 | 70.84  |   61.61   | 83.32  |
+------------+-------+-------+--------+-----------+--------+
2025/03/09 18:45:08 - mmengine - INFO - Iter(val) [869/869]    aAcc: 97.2000  mIoU: 75.9700  mAcc: 90.5600  mFscore: 84.6900  mPrecision: 80.4500  mRecall: 90.5600  data_time: 0.0029  time: 0.0616
2025/03/09 18:45:20 - mmengine - INFO - Iter(train) [ 59550/160000]  lr: 1.0000e-04  eta: 7:25:48  time: 0.2548  data_time: 0.0086  memory: 9163  loss: 0.0296  decode.loss_ce: 0.0296  decode.acc_seg: 99.3202
2025/03/09 18:45:33 - mmengine - INFO - Iter(train) [ 59600/160000]  lr: 1.0000e-04  eta: 7:25:34  time: 0.2543  data_time: 0.0080  memory: 9163  loss: 0.0246  decode.loss_ce: 0.0246  decode.acc_seg: 99.4871
2025/03/09 18:45:46 - mmengine - INFO - Iter(train) [ 59650/160000]  lr: 1.0000e-04  eta: 7:25:19  time: 0.2546  data_time: 0.0083  memory: 9163  loss: 0.0211  decode.loss_ce: 0.0211  decode.acc_seg: 99.4421
2025/03/09 18:45:59 - mmengine - INFO - Iter(train) [ 59700/160000]  lr: 1.0000e-04  eta: 7:25:05  time: 0.2545  data_time: 0.0080  memory: 9163  loss: 0.0241  decode.loss_ce: 0.0241  decode.acc_seg: 98.9196
2025/03/09 18:46:11 - mmengine - INFO - Iter(train) [ 59750/160000]  lr: 1.0000e-04  eta: 7:24:51  time: 0.2552  data_time: 0.0084  memory: 9163  loss: 0.0200  decode.loss_ce: 0.0200  decode.acc_seg: 99.4482
2025/03/09 18:46:24 - mmengine - INFO - Iter(train) [ 59800/160000]  lr: 1.0000e-04  eta: 7:24:37  time: 0.2546  data_time: 0.0083  memory: 9163  loss: 0.0284  decode.loss_ce: 0.0284  decode.acc_seg: 98.8578
2025/03/09 18:46:37 - mmengine - INFO - Iter(train) [ 59850/160000]  lr: 1.0000e-04  eta: 7:24:22  time: 0.2547  data_time: 0.0084  memory: 9163  loss: 0.0250  decode.loss_ce: 0.0250  decode.acc_seg: 98.6124
2025/03/09 18:46:50 - mmengine - INFO - Iter(train) [ 59900/160000]  lr: 1.0000e-04  eta: 7:24:08  time: 0.2539  data_time: 0.0085  memory: 9163  loss: 0.0329  decode.loss_ce: 0.0329  decode.acc_seg: 96.9955
2025/03/09 18:47:02 - mmengine - INFO - Iter(train) [ 59950/160000]  lr: 1.0000e-04  eta: 7:23:54  time: 0.2535  data_time: 0.0081  memory: 9163  loss: 0.0207  decode.loss_ce: 0.0207  decode.acc_seg: 99.9917
2025/03/09 18:47:15 - mmengine - INFO - Exp name: efficient_20250309_140341
2025/03/09 18:47:15 - mmengine - INFO - Iter(train) [ 60000/160000]  lr: 1.0000e-04  eta: 7:23:40  time: 0.2560  data_time: 0.0076  memory: 9163  loss: 0.0351  decode.loss_ce: 0.0351  decode.acc_seg: 99.5915
2025/03/09 18:47:28 - mmengine - INFO - Iter(train) [ 60050/160000]  lr: 1.0000e-04  eta: 7:23:25  time: 0.2561  data_time: 0.0080  memory: 9163  loss: 0.0387  decode.loss_ce: 0.0387  decode.acc_seg: 98.5576
2025/03/09 18:47:41 - mmengine - INFO - Iter(train) [ 60100/160000]  lr: 1.0000e-04  eta: 7:23:11  time: 0.2555  data_time: 0.0082  memory: 9163  loss: 0.0216  decode.loss_ce: 0.0216  decode.acc_seg: 98.7045
2025/03/09 18:47:53 - mmengine - INFO - Iter(train) [ 60150/160000]  lr: 1.0000e-04  eta: 7:22:57  time: 0.2526  data_time: 0.0078  memory: 9163  loss: 0.0309  decode.loss_ce: 0.0309  decode.acc_seg: 99.9535
2025/03/09 18:48:06 - mmengine - INFO - Iter(train) [ 60200/160000]  lr: 1.0000e-04  eta: 7:22:43  time: 0.2569  data_time: 0.0075  memory: 9163  loss: 0.0217  decode.loss_ce: 0.0217  decode.acc_seg: 98.3537
2025/03/09 18:48:19 - mmengine - INFO - Iter(train) [ 60250/160000]  lr: 1.0000e-04  eta: 7:22:29  time: 0.2559  data_time: 0.0079  memory: 9163  loss: 0.0286  decode.loss_ce: 0.0286  decode.acc_seg: 97.8195
2025/03/09 18:48:32 - mmengine - INFO - Iter(train) [ 60300/160000]  lr: 1.0000e-04  eta: 7:22:14  time: 0.2564  data_time: 0.0084  memory: 9163  loss: 0.0508  decode.loss_ce: 0.0508  decode.acc_seg: 98.9773
2025/03/09 18:48:45 - mmengine - INFO - Iter(train) [ 60350/160000]  lr: 1.0000e-04  eta: 7:22:00  time: 0.2559  data_time: 0.0079  memory: 9163  loss: 0.0241  decode.loss_ce: 0.0241  decode.acc_seg: 99.3452
2025/03/09 18:48:57 - mmengine - INFO - Iter(train) [ 60400/160000]  lr: 1.0000e-04  eta: 7:21:46  time: 0.2556  data_time: 0.0083  memory: 9163  loss: 0.0331  decode.loss_ce: 0.0331  decode.acc_seg: 97.7148
2025/03/09 18:49:10 - mmengine - INFO - Iter(train) [ 60450/160000]  lr: 1.0000e-04  eta: 7:21:32  time: 0.2560  data_time: 0.0080  memory: 9163  loss: 0.0273  decode.loss_ce: 0.0273  decode.acc_seg: 99.6246
2025/03/09 18:49:23 - mmengine - INFO - Iter(train) [ 60500/160000]  lr: 1.0000e-04  eta: 7:21:18  time: 0.2563  data_time: 0.0089  memory: 9163  loss: 0.0345  decode.loss_ce: 0.0345  decode.acc_seg: 99.0402
2025/03/09 18:49:36 - mmengine - INFO - Iter(train) [ 60550/160000]  lr: 1.0000e-04  eta: 7:21:04  time: 0.2554  data_time: 0.0078  memory: 9163  loss: 0.0371  decode.loss_ce: 0.0371  decode.acc_seg: 96.3260
2025/03/09 18:49:49 - mmengine - INFO - Iter(train) [ 60600/160000]  lr: 1.0000e-04  eta: 7:20:49  time: 0.2556  data_time: 0.0079  memory: 9163  loss: 0.0342  decode.loss_ce: 0.0342  decode.acc_seg: 98.9175
2025/03/09 18:50:01 - mmengine - INFO - Iter(train) [ 60650/160000]  lr: 1.0000e-04  eta: 7:20:35  time: 0.2546  data_time: 0.0079  memory: 9163  loss: 0.0303  decode.loss_ce: 0.0303  decode.acc_seg: 99.2244
2025/03/09 18:50:14 - mmengine - INFO - Iter(train) [ 60700/160000]  lr: 1.0000e-04  eta: 7:20:21  time: 0.2545  data_time: 0.0077  memory: 9163  loss: 0.0319  decode.loss_ce: 0.0319  decode.acc_seg: 99.9193
2025/03/09 18:50:27 - mmengine - INFO - Iter(train) [ 60750/160000]  lr: 1.0000e-04  eta: 7:20:07  time: 0.2554  data_time: 0.0080  memory: 9163  loss: 0.0284  decode.loss_ce: 0.0284  decode.acc_seg: 99.7155
2025/03/09 18:50:40 - mmengine - INFO - Iter(train) [ 60800/160000]  lr: 1.0000e-04  eta: 7:19:53  time: 0.2565  data_time: 0.0085  memory: 9163  loss: 0.0323  decode.loss_ce: 0.0323  decode.acc_seg: 98.9310
2025/03/09 18:50:52 - mmengine - INFO - Iter(train) [ 60850/160000]  lr: 1.0000e-04  eta: 7:19:38  time: 0.2564  data_time: 0.0082  memory: 9163  loss: 0.0208  decode.loss_ce: 0.0208  decode.acc_seg: 98.5637
2025/03/09 18:51:05 - mmengine - INFO - Iter(train) [ 60900/160000]  lr: 1.0000e-04  eta: 7:19:24  time: 0.2559  data_time: 0.0080  memory: 9163  loss: 0.0216  decode.loss_ce: 0.0216  decode.acc_seg: 99.1127
2025/03/09 18:51:18 - mmengine - INFO - Iter(train) [ 60950/160000]  lr: 1.0000e-04  eta: 7:19:10  time: 0.2560  data_time: 0.0081  memory: 9163  loss: 0.0231  decode.loss_ce: 0.0231  decode.acc_seg: 98.3081
2025/03/09 18:51:31 - mmengine - INFO - Exp name: efficient_20250309_140341
2025/03/09 18:51:31 - mmengine - INFO - Iter(train) [ 61000/160000]  lr: 1.0000e-04  eta: 7:18:56  time: 0.2558  data_time: 0.0080  memory: 9163  loss: 0.0486  decode.loss_ce: 0.0486  decode.acc_seg: 98.8108
2025/03/09 18:51:43 - mmengine - INFO - Iter(train) [ 61050/160000]  lr: 1.0000e-04  eta: 7:18:42  time: 0.2554  data_time: 0.0079  memory: 9163  loss: 0.0302  decode.loss_ce: 0.0302  decode.acc_seg: 98.2827
2025/03/09 18:51:56 - mmengine - INFO - Iter(train) [ 61100/160000]  lr: 1.0000e-04  eta: 7:18:27  time: 0.2541  data_time: 0.0081  memory: 9163  loss: 0.0297  decode.loss_ce: 0.0297  decode.acc_seg: 98.5585
2025/03/09 18:52:09 - mmengine - INFO - Iter(train) [ 61150/160000]  lr: 1.0000e-04  eta: 7:18:13  time: 0.2544  data_time: 0.0079  memory: 9163  loss: 0.0416  decode.loss_ce: 0.0416  decode.acc_seg: 95.7995
2025/03/09 18:52:22 - mmengine - INFO - Iter(train) [ 61200/160000]  lr: 1.0000e-04  eta: 7:17:59  time: 0.2542  data_time: 0.0076  memory: 9163  loss: 0.0317  decode.loss_ce: 0.0317  decode.acc_seg: 94.6254
2025/03/09 18:52:22 - mmengine - INFO - Saving checkpoint at 61200 iterations
2025/03/09 18:52:36 - mmengine - INFO - Iter(train) [ 61250/160000]  lr: 1.0000e-04  eta: 7:17:48  time: 0.2548  data_time: 0.0075  memory: 9163  loss: 0.0156  decode.loss_ce: 0.0156  decode.acc_seg: 99.9753
2025/03/09 18:52:49 - mmengine - INFO - Iter(train) [ 61300/160000]  lr: 1.0000e-04  eta: 7:17:34  time: 0.2547  data_time: 0.0075  memory: 9163  loss: 0.0295  decode.loss_ce: 0.0295  decode.acc_seg: 98.6558
2025/03/09 18:53:02 - mmengine - INFO - Iter(train) [ 61350/160000]  lr: 1.0000e-04  eta: 7:17:19  time: 0.2531  data_time: 0.0072  memory: 9163  loss: 0.0319  decode.loss_ce: 0.0319  decode.acc_seg: 95.9218
2025/03/09 18:53:14 - mmengine - INFO - Iter(train) [ 61400/160000]  lr: 1.0000e-04  eta: 7:17:05  time: 0.2547  data_time: 0.0077  memory: 9163  loss: 0.0368  decode.loss_ce: 0.0368  decode.acc_seg: 98.9535
2025/03/09 18:53:27 - mmengine - INFO - Iter(train) [ 61450/160000]  lr: 1.0000e-04  eta: 7:16:51  time: 0.2554  data_time: 0.0075  memory: 9163  loss: 0.0395  decode.loss_ce: 0.0395  decode.acc_seg: 96.1766
2025/03/09 18:53:40 - mmengine - INFO - Iter(train) [ 61500/160000]  lr: 1.0000e-04  eta: 7:16:37  time: 0.2548  data_time: 0.0077  memory: 9163  loss: 0.0298  decode.loss_ce: 0.0298  decode.acc_seg: 99.2932
2025/03/09 18:53:53 - mmengine - INFO - Iter(train) [ 61550/160000]  lr: 1.0000e-04  eta: 7:16:22  time: 0.2521  data_time: 0.0080  memory: 9163  loss: 0.0296  decode.loss_ce: 0.0296  decode.acc_seg: 98.7264
2025/03/09 18:54:05 - mmengine - INFO - Iter(train) [ 61600/160000]  lr: 1.0000e-04  eta: 7:16:08  time: 0.2535  data_time: 0.0080  memory: 9163  loss: 0.0289  decode.loss_ce: 0.0289  decode.acc_seg: 99.5648
2025/03/09 18:54:18 - mmengine - INFO - Iter(train) [ 61650/160000]  lr: 1.0000e-04  eta: 7:15:54  time: 0.2550  data_time: 0.0074  memory: 9163  loss: 0.0397  decode.loss_ce: 0.0397  decode.acc_seg: 96.7601
2025/03/09 18:54:31 - mmengine - INFO - Iter(train) [ 61700/160000]  lr: 1.0000e-04  eta: 7:15:40  time: 0.2578  data_time: 0.0083  memory: 9163  loss: 0.0313  decode.loss_ce: 0.0313  decode.acc_seg: 99.0554
2025/03/09 18:54:43 - mmengine - INFO - Iter(train) [ 61750/160000]  lr: 1.0000e-04  eta: 7:15:26  time: 0.2544  data_time: 0.0074  memory: 9163  loss: 0.0336  decode.loss_ce: 0.0336  decode.acc_seg: 99.6852
2025/03/09 18:54:56 - mmengine - INFO - Iter(train) [ 61800/160000]  lr: 1.0000e-04  eta: 7:15:11  time: 0.2548  data_time: 0.0076  memory: 9163  loss: 0.0365  decode.loss_ce: 0.0365  decode.acc_seg: 99.5937
2025/03/09 18:55:09 - mmengine - INFO - Iter(train) [ 61850/160000]  lr: 1.0000e-04  eta: 7:14:57  time: 0.2541  data_time: 0.0079  memory: 9163  loss: 0.0234  decode.loss_ce: 0.0234  decode.acc_seg: 99.6249
2025/03/09 18:55:22 - mmengine - INFO - Iter(train) [ 61900/160000]  lr: 1.0000e-04  eta: 7:14:43  time: 0.2536  data_time: 0.0078  memory: 9163  loss: 0.0398  decode.loss_ce: 0.0398  decode.acc_seg: 100.0000
2025/03/09 18:55:34 - mmengine - INFO - Iter(train) [ 61950/160000]  lr: 1.0000e-04  eta: 7:14:29  time: 0.2546  data_time: 0.0076  memory: 9163  loss: 0.0232  decode.loss_ce: 0.0232  decode.acc_seg: 98.7087
2025/03/09 18:55:47 - mmengine - INFO - Exp name: efficient_20250309_140341
2025/03/09 18:55:47 - mmengine - INFO - Iter(train) [ 62000/160000]  lr: 1.0000e-04  eta: 7:14:14  time: 0.2533  data_time: 0.0073  memory: 9163  loss: 0.0265  decode.loss_ce: 0.0265  decode.acc_seg: 99.5719
2025/03/09 18:56:00 - mmengine - INFO - Iter(train) [ 62050/160000]  lr: 1.0000e-04  eta: 7:14:00  time: 0.2548  data_time: 0.0076  memory: 9163  loss: 0.0284  decode.loss_ce: 0.0284  decode.acc_seg: 98.2196
2025/03/09 18:56:13 - mmengine - INFO - Iter(train) [ 62100/160000]  lr: 1.0000e-04  eta: 7:13:46  time: 0.2535  data_time: 0.0076  memory: 9163  loss: 0.0315  decode.loss_ce: 0.0315  decode.acc_seg: 98.9313
2025/03/09 18:56:25 - mmengine - INFO - Iter(train) [ 62150/160000]  lr: 1.0000e-04  eta: 7:13:32  time: 0.2522  data_time: 0.0078  memory: 9163  loss: 0.0204  decode.loss_ce: 0.0204  decode.acc_seg: 99.4436
2025/03/09 18:56:38 - mmengine - INFO - Iter(train) [ 62200/160000]  lr: 1.0000e-04  eta: 7:13:18  time: 0.2493  data_time: 0.0075  memory: 9163  loss: 0.0285  decode.loss_ce: 0.0285  decode.acc_seg: 98.6180
2025/03/09 18:56:51 - mmengine - INFO - Iter(train) [ 62250/160000]  lr: 1.0000e-04  eta: 7:13:03  time: 0.2552  data_time: 0.0079  memory: 9163  loss: 0.0325  decode.loss_ce: 0.0325  decode.acc_seg: 99.3204
2025/03/09 18:57:03 - mmengine - INFO - Iter(train) [ 62300/160000]  lr: 1.0000e-04  eta: 7:12:49  time: 0.2544  data_time: 0.0080  memory: 9163  loss: 0.0314  decode.loss_ce: 0.0314  decode.acc_seg: 98.0039
2025/03/09 18:57:16 - mmengine - INFO - Iter(train) [ 62350/160000]  lr: 1.0000e-04  eta: 7:12:35  time: 0.2546  data_time: 0.0077  memory: 9163  loss: 0.0269  decode.loss_ce: 0.0269  decode.acc_seg: 98.2824
2025/03/09 18:57:29 - mmengine - INFO - Iter(train) [ 62400/160000]  lr: 1.0000e-04  eta: 7:12:21  time: 0.2550  data_time: 0.0078  memory: 9163  loss: 0.0219  decode.loss_ce: 0.0219  decode.acc_seg: 98.7173
2025/03/09 18:57:42 - mmengine - INFO - Iter(train) [ 62450/160000]  lr: 1.0000e-04  eta: 7:12:07  time: 0.2547  data_time: 0.0075  memory: 9163  loss: 0.0432  decode.loss_ce: 0.0432  decode.acc_seg: 96.5881
2025/03/09 18:57:54 - mmengine - INFO - Iter(train) [ 62500/160000]  lr: 1.0000e-04  eta: 7:11:53  time: 0.2542  data_time: 0.0084  memory: 9163  loss: 0.0216  decode.loss_ce: 0.0216  decode.acc_seg: 99.5580
2025/03/09 18:58:07 - mmengine - INFO - Iter(train) [ 62550/160000]  lr: 1.0000e-04  eta: 7:11:38  time: 0.2548  data_time: 0.0083  memory: 9163  loss: 0.0250  decode.loss_ce: 0.0250  decode.acc_seg: 99.6231
2025/03/09 18:58:20 - mmengine - INFO - Iter(train) [ 62600/160000]  lr: 1.0000e-04  eta: 7:11:24  time: 0.2539  data_time: 0.0077  memory: 9163  loss: 0.0214  decode.loss_ce: 0.0214  decode.acc_seg: 99.5088
2025/03/09 18:58:33 - mmengine - INFO - Iter(train) [ 62650/160000]  lr: 1.0000e-04  eta: 7:11:10  time: 0.2524  data_time: 0.0080  memory: 9163  loss: 0.0199  decode.loss_ce: 0.0199  decode.acc_seg: 99.5027
2025/03/09 18:58:45 - mmengine - INFO - Iter(train) [ 62700/160000]  lr: 1.0000e-04  eta: 7:10:56  time: 0.2527  data_time: 0.0076  memory: 9163  loss: 0.0352  decode.loss_ce: 0.0352  decode.acc_seg: 98.5117
2025/03/09 18:58:58 - mmengine - INFO - Iter(train) [ 62750/160000]  lr: 1.0000e-04  eta: 7:10:42  time: 0.2548  data_time: 0.0077  memory: 9163  loss: 0.0436  decode.loss_ce: 0.0436  decode.acc_seg: 99.6428
2025/03/09 18:59:11 - mmengine - INFO - Iter(train) [ 62800/160000]  lr: 1.0000e-04  eta: 7:10:28  time: 0.2579  data_time: 0.0079  memory: 9163  loss: 0.0298  decode.loss_ce: 0.0298  decode.acc_seg: 99.2376
2025/03/09 18:59:24 - mmengine - INFO - Iter(train) [ 62850/160000]  lr: 1.0000e-04  eta: 7:10:13  time: 0.2507  data_time: 0.0075  memory: 9163  loss: 0.0268  decode.loss_ce: 0.0268  decode.acc_seg: 99.8313
2025/03/09 18:59:36 - mmengine - INFO - Iter(train) [ 62900/160000]  lr: 1.0000e-04  eta: 7:09:59  time: 0.2521  data_time: 0.0075  memory: 9163  loss: 0.0250  decode.loss_ce: 0.0250  decode.acc_seg: 99.0050
2025/03/09 18:59:49 - mmengine - INFO - Iter(train) [ 62950/160000]  lr: 1.0000e-04  eta: 7:09:45  time: 0.2542  data_time: 0.0078  memory: 9163  loss: 0.0277  decode.loss_ce: 0.0277  decode.acc_seg: 99.3709
2025/03/09 19:00:02 - mmengine - INFO - Exp name: efficient_20250309_140341
2025/03/09 19:00:02 - mmengine - INFO - Iter(train) [ 63000/160000]  lr: 1.0000e-04  eta: 7:09:31  time: 0.2538  data_time: 0.0079  memory: 9163  loss: 0.0295  decode.loss_ce: 0.0295  decode.acc_seg: 99.0640
2025/03/09 19:00:05 - mmengine - INFO - Iter(val) [ 50/869]    eta: 0:00:48  time: 0.0563  data_time: 0.0029  memory: 636  
2025/03/09 19:00:07 - mmengine - INFO - Iter(val) [100/869]    eta: 0:00:43  time: 0.0559  data_time: 0.0026  memory: 636  
2025/03/09 19:00:10 - mmengine - INFO - Iter(val) [150/869]    eta: 0:00:40  time: 0.0557  data_time: 0.0026  memory: 636  
2025/03/09 19:00:13 - mmengine - INFO - Iter(val) [200/869]    eta: 0:00:37  time: 0.0556  data_time: 0.0024  memory: 636  
2025/03/09 19:00:16 - mmengine - INFO - Iter(val) [250/869]    eta: 0:00:34  time: 0.0553  data_time: 0.0026  memory: 636  
2025/03/09 19:00:19 - mmengine - INFO - Iter(val) [300/869]    eta: 0:00:32  time: 0.0580  data_time: 0.0027  memory: 636  
2025/03/09 19:00:21 - mmengine - INFO - Iter(val) [350/869]    eta: 0:00:29  time: 0.0557  data_time: 0.0024  memory: 636  
2025/03/09 19:00:24 - mmengine - INFO - Iter(val) [400/869]    eta: 0:00:26  time: 0.0559  data_time: 0.0024  memory: 636  
2025/03/09 19:00:27 - mmengine - INFO - Iter(val) [450/869]    eta: 0:00:23  time: 0.0559  data_time: 0.0026  memory: 636  
2025/03/09 19:00:30 - mmengine - INFO - Iter(val) [500/869]    eta: 0:00:20  time: 0.0553  data_time: 0.0024  memory: 636  
2025/03/09 19:00:33 - mmengine - INFO - Iter(val) [550/869]    eta: 0:00:17  time: 0.0563  data_time: 0.0025  memory: 636  
2025/03/09 19:00:35 - mmengine - INFO - Iter(val) [600/869]    eta: 0:00:15  time: 0.0563  data_time: 0.0025  memory: 636  
2025/03/09 19:00:38 - mmengine - INFO - Iter(val) [650/869]    eta: 0:00:12  time: 0.0559  data_time: 0.0022  memory: 636  
2025/03/09 19:00:41 - mmengine - INFO - Iter(val) [700/869]    eta: 0:00:09  time: 0.0551  data_time: 0.0025  memory: 636  
2025/03/09 19:00:44 - mmengine - INFO - Iter(val) [750/869]    eta: 0:00:06  time: 0.0550  data_time: 0.0022  memory: 636  
2025/03/09 19:00:47 - mmengine - INFO - Iter(val) [800/869]    eta: 0:00:03  time: 0.0562  data_time: 0.0031  memory: 636  
2025/03/09 19:00:49 - mmengine - INFO - Iter(val) [850/869]    eta: 0:00:01  time: 0.0558  data_time: 0.0030  memory: 636  
2025/03/09 19:00:51 - mmengine - INFO - per class results:
2025/03/09 19:00:51 - mmengine - INFO - 
+------------+-------+-------+--------+-----------+--------+
|   Class    |  IoU  |  Acc  | Fscore | Precision | Recall |
+------------+-------+-------+--------+-----------+--------+
| background | 97.16 |  97.9 | 98.56  |   99.23   |  97.9  |
|    ghaf    | 55.08 | 82.27 | 71.03  |    62.5   | 82.27  |
+------------+-------+-------+--------+-----------+--------+
2025/03/09 19:00:51 - mmengine - INFO - Iter(val) [869/869]    aAcc: 97.2600  mIoU: 76.1200  mAcc: 90.0800  mFscore: 84.8000  mPrecision: 80.8700  mRecall: 90.0800  data_time: 0.0027  time: 0.0560
2025/03/09 19:01:03 - mmengine - INFO - Iter(train) [ 63050/160000]  lr: 1.0000e-04  eta: 7:09:17  time: 0.2550  data_time: 0.0076  memory: 9163  loss: 0.0352  decode.loss_ce: 0.0352  decode.acc_seg: 94.1509
2025/03/09 19:01:16 - mmengine - INFO - Iter(train) [ 63100/160000]  lr: 1.0000e-04  eta: 7:09:03  time: 0.2525  data_time: 0.0075  memory: 9163  loss: 0.0263  decode.loss_ce: 0.0263  decode.acc_seg: 99.3296
2025/03/09 19:01:29 - mmengine - INFO - Iter(train) [ 63150/160000]  lr: 1.0000e-04  eta: 7:08:49  time: 0.2547  data_time: 0.0075  memory: 9163  loss: 0.0250  decode.loss_ce: 0.0250  decode.acc_seg: 99.8286
2025/03/09 19:01:41 - mmengine - INFO - Iter(train) [ 63200/160000]  lr: 1.0000e-04  eta: 7:08:34  time: 0.2525  data_time: 0.0077  memory: 9163  loss: 0.0475  decode.loss_ce: 0.0475  decode.acc_seg: 99.2873
2025/03/09 19:01:54 - mmengine - INFO - Iter(train) [ 63250/160000]  lr: 1.0000e-04  eta: 7:08:20  time: 0.2566  data_time: 0.0079  memory: 9163  loss: 0.0225  decode.loss_ce: 0.0225  decode.acc_seg: 99.3087
2025/03/09 19:02:07 - mmengine - INFO - Iter(train) [ 63300/160000]  lr: 1.0000e-04  eta: 7:08:06  time: 0.2525  data_time: 0.0077  memory: 9163  loss: 0.0370  decode.loss_ce: 0.0370  decode.acc_seg: 96.9370
2025/03/09 19:02:19 - mmengine - INFO - Iter(train) [ 63350/160000]  lr: 1.0000e-04  eta: 7:07:52  time: 0.2533  data_time: 0.0075  memory: 9163  loss: 0.0405  decode.loss_ce: 0.0405  decode.acc_seg: 99.5522
2025/03/09 19:02:32 - mmengine - INFO - Iter(train) [ 63400/160000]  lr: 1.0000e-04  eta: 7:07:38  time: 0.2547  data_time: 0.0080  memory: 9163  loss: 0.0353  decode.loss_ce: 0.0353  decode.acc_seg: 96.2865
2025/03/09 19:02:45 - mmengine - INFO - Iter(train) [ 63450/160000]  lr: 1.0000e-04  eta: 7:07:23  time: 0.2521  data_time: 0.0072  memory: 9163  loss: 0.0501  decode.loss_ce: 0.0501  decode.acc_seg: 98.2464
2025/03/09 19:02:58 - mmengine - INFO - Iter(train) [ 63500/160000]  lr: 1.0000e-04  eta: 7:07:09  time: 0.2545  data_time: 0.0078  memory: 9163  loss: 0.0195  decode.loss_ce: 0.0195  decode.acc_seg: 99.3982
2025/03/09 19:03:10 - mmengine - INFO - Iter(train) [ 63550/160000]  lr: 1.0000e-04  eta: 7:06:55  time: 0.2546  data_time: 0.0077  memory: 9163  loss: 0.0213  decode.loss_ce: 0.0213  decode.acc_seg: 99.0953
2025/03/09 19:03:23 - mmengine - INFO - Iter(train) [ 63600/160000]  lr: 1.0000e-04  eta: 7:06:41  time: 0.2543  data_time: 0.0077  memory: 9163  loss: 0.0227  decode.loss_ce: 0.0227  decode.acc_seg: 99.8708
2025/03/09 19:03:36 - mmengine - INFO - Iter(train) [ 63650/160000]  lr: 1.0000e-04  eta: 7:06:27  time: 0.2508  data_time: 0.0074  memory: 9163  loss: 0.0238  decode.loss_ce: 0.0238  decode.acc_seg: 99.8500
2025/03/09 19:03:48 - mmengine - INFO - Iter(train) [ 63700/160000]  lr: 1.0000e-04  eta: 7:06:12  time: 0.2549  data_time: 0.0076  memory: 9163  loss: 0.0260  decode.loss_ce: 0.0260  decode.acc_seg: 98.7173
2025/03/09 19:04:01 - mmengine - INFO - Iter(train) [ 63750/160000]  lr: 1.0000e-04  eta: 7:05:58  time: 0.2526  data_time: 0.0076  memory: 9163  loss: 0.0198  decode.loss_ce: 0.0198  decode.acc_seg: 99.3812
2025/03/09 19:04:14 - mmengine - INFO - Iter(train) [ 63800/160000]  lr: 1.0000e-04  eta: 7:05:44  time: 0.2559  data_time: 0.0080  memory: 9163  loss: 0.0303  decode.loss_ce: 0.0303  decode.acc_seg: 98.6363
2025/03/09 19:04:26 - mmengine - INFO - Iter(train) [ 63850/160000]  lr: 1.0000e-04  eta: 7:05:30  time: 0.2532  data_time: 0.0075  memory: 9163  loss: 0.0243  decode.loss_ce: 0.0243  decode.acc_seg: 99.4200
2025/03/09 19:04:39 - mmengine - INFO - Iter(train) [ 63900/160000]  lr: 1.0000e-04  eta: 7:05:16  time: 0.2520  data_time: 0.0078  memory: 9163  loss: 0.0339  decode.loss_ce: 0.0339  decode.acc_seg: 99.3983
2025/03/09 19:04:52 - mmengine - INFO - Iter(train) [ 63950/160000]  lr: 1.0000e-04  eta: 7:05:02  time: 0.2534  data_time: 0.0076  memory: 9163  loss: 0.0260  decode.loss_ce: 0.0260  decode.acc_seg: 98.8847
2025/03/09 19:05:05 - mmengine - INFO - Exp name: efficient_20250309_140341
2025/03/09 19:05:05 - mmengine - INFO - Iter(train) [ 64000/160000]  lr: 1.0000e-04  eta: 7:04:48  time: 0.2545  data_time: 0.0076  memory: 9163  loss: 0.0189  decode.loss_ce: 0.0189  decode.acc_seg: 99.4633
2025/03/09 19:05:17 - mmengine - INFO - Iter(train) [ 64050/160000]  lr: 1.0000e-04  eta: 7:04:34  time: 0.2552  data_time: 0.0076  memory: 9163  loss: 0.0365  decode.loss_ce: 0.0365  decode.acc_seg: 94.1531
2025/03/09 19:05:30 - mmengine - INFO - Iter(train) [ 64100/160000]  lr: 1.0000e-04  eta: 7:04:19  time: 0.2547  data_time: 0.0075  memory: 9163  loss: 0.0331  decode.loss_ce: 0.0331  decode.acc_seg: 99.8360
2025/03/09 19:05:43 - mmengine - INFO - Iter(train) [ 64150/160000]  lr: 1.0000e-04  eta: 7:04:05  time: 0.2536  data_time: 0.0075  memory: 9163  loss: 0.0468  decode.loss_ce: 0.0468  decode.acc_seg: 98.6520
2025/03/09 19:05:55 - mmengine - INFO - Iter(train) [ 64200/160000]  lr: 1.0000e-04  eta: 7:03:51  time: 0.2536  data_time: 0.0078  memory: 9163  loss: 0.0299  decode.loss_ce: 0.0299  decode.acc_seg: 95.1934
2025/03/09 19:06:08 - mmengine - INFO - Iter(train) [ 64250/160000]  lr: 1.0000e-04  eta: 7:03:37  time: 0.2529  data_time: 0.0075  memory: 9163  loss: 0.0461  decode.loss_ce: 0.0461  decode.acc_seg: 96.9776
2025/03/09 19:06:21 - mmengine - INFO - Iter(train) [ 64300/160000]  lr: 1.0000e-04  eta: 7:03:23  time: 0.2536  data_time: 0.0075  memory: 9163  loss: 0.0263  decode.loss_ce: 0.0263  decode.acc_seg: 98.6073
2025/03/09 19:06:33 - mmengine - INFO - Iter(train) [ 64350/160000]  lr: 1.0000e-04  eta: 7:03:09  time: 0.2542  data_time: 0.0075  memory: 9163  loss: 0.0234  decode.loss_ce: 0.0234  decode.acc_seg: 99.7283
2025/03/09 19:06:46 - mmengine - INFO - Iter(train) [ 64400/160000]  lr: 1.0000e-04  eta: 7:02:55  time: 0.2550  data_time: 0.0077  memory: 9163  loss: 0.0505  decode.loss_ce: 0.0505  decode.acc_seg: 99.5927
2025/03/09 19:06:59 - mmengine - INFO - Iter(train) [ 64450/160000]  lr: 1.0000e-04  eta: 7:02:40  time: 0.2537  data_time: 0.0076  memory: 9163  loss: 0.0234  decode.loss_ce: 0.0234  decode.acc_seg: 98.9529
2025/03/09 19:07:12 - mmengine - INFO - Iter(train) [ 64500/160000]  lr: 1.0000e-04  eta: 7:02:26  time: 0.2545  data_time: 0.0076  memory: 9163  loss: 0.0211  decode.loss_ce: 0.0211  decode.acc_seg: 99.7231
2025/03/09 19:07:24 - mmengine - INFO - Iter(train) [ 64550/160000]  lr: 1.0000e-04  eta: 7:02:12  time: 0.2546  data_time: 0.0077  memory: 9163  loss: 0.0426  decode.loss_ce: 0.0426  decode.acc_seg: 98.0032
2025/03/09 19:07:37 - mmengine - INFO - Iter(train) [ 64600/160000]  lr: 1.0000e-04  eta: 7:01:58  time: 0.2548  data_time: 0.0077  memory: 9163  loss: 0.0251  decode.loss_ce: 0.0251  decode.acc_seg: 98.5030
2025/03/09 19:07:37 - mmengine - INFO - Saving checkpoint at 64600 iterations
2025/03/09 19:07:51 - mmengine - INFO - Iter(train) [ 64650/160000]  lr: 1.0000e-04  eta: 7:01:46  time: 0.2547  data_time: 0.0077  memory: 9163  loss: 0.0233  decode.loss_ce: 0.0233  decode.acc_seg: 99.4495
2025/03/09 19:08:04 - mmengine - INFO - Iter(train) [ 64700/160000]  lr: 1.0000e-04  eta: 7:01:32  time: 0.2550  data_time: 0.0074  memory: 9163  loss: 0.0195  decode.loss_ce: 0.0195  decode.acc_seg: 99.3986
2025/03/09 19:08:17 - mmengine - INFO - Iter(train) [ 64750/160000]  lr: 1.0000e-04  eta: 7:01:18  time: 0.2552  data_time: 0.0076  memory: 9163  loss: 0.0197  decode.loss_ce: 0.0197  decode.acc_seg: 99.0326
2025/03/09 19:08:29 - mmengine - INFO - Iter(train) [ 64800/160000]  lr: 1.0000e-04  eta: 7:01:04  time: 0.2523  data_time: 0.0077  memory: 9163  loss: 0.0320  decode.loss_ce: 0.0320  decode.acc_seg: 99.2438
2025/03/09 19:08:42 - mmengine - INFO - Iter(train) [ 64850/160000]  lr: 1.0000e-04  eta: 7:00:50  time: 0.2546  data_time: 0.0079  memory: 9163  loss: 0.0228  decode.loss_ce: 0.0228  decode.acc_seg: 98.8178
2025/03/09 19:08:55 - mmengine - INFO - Iter(train) [ 64900/160000]  lr: 1.0000e-04  eta: 7:00:35  time: 0.2550  data_time: 0.0081  memory: 9163  loss: 0.0453  decode.loss_ce: 0.0453  decode.acc_seg: 99.2588
2025/03/09 19:09:07 - mmengine - INFO - Iter(train) [ 64950/160000]  lr: 1.0000e-04  eta: 7:00:21  time: 0.2548  data_time: 0.0078  memory: 9163  loss: 0.0530  decode.loss_ce: 0.0530  decode.acc_seg: 99.5699
2025/03/09 19:09:20 - mmengine - INFO - Exp name: efficient_20250309_140341
2025/03/09 19:09:20 - mmengine - INFO - Iter(train) [ 65000/160000]  lr: 1.0000e-04  eta: 7:00:07  time: 0.2533  data_time: 0.0075  memory: 9163  loss: 0.0300  decode.loss_ce: 0.0300  decode.acc_seg: 98.2389
2025/03/09 19:09:33 - mmengine - INFO - Iter(train) [ 65050/160000]  lr: 1.0000e-04  eta: 6:59:53  time: 0.2545  data_time: 0.0076  memory: 9163  loss: 0.0364  decode.loss_ce: 0.0364  decode.acc_seg: 98.1072
2025/03/09 19:09:46 - mmengine - INFO - Iter(train) [ 65100/160000]  lr: 1.0000e-04  eta: 6:59:39  time: 0.2549  data_time: 0.0076  memory: 9163  loss: 0.0400  decode.loss_ce: 0.0400  decode.acc_seg: 98.4632
2025/03/09 19:09:58 - mmengine - INFO - Iter(train) [ 65150/160000]  lr: 1.0000e-04  eta: 6:59:25  time: 0.2547  data_time: 0.0077  memory: 9163  loss: 0.0280  decode.loss_ce: 0.0280  decode.acc_seg: 99.8631
2025/03/09 19:10:11 - mmengine - INFO - Iter(train) [ 65200/160000]  lr: 1.0000e-04  eta: 6:59:11  time: 0.2551  data_time: 0.0078  memory: 9163  loss: 0.0401  decode.loss_ce: 0.0401  decode.acc_seg: 97.4058
2025/03/09 19:10:24 - mmengine - INFO - Iter(train) [ 65250/160000]  lr: 1.0000e-04  eta: 6:58:57  time: 0.2552  data_time: 0.0074  memory: 9163  loss: 0.0291  decode.loss_ce: 0.0291  decode.acc_seg: 99.5980
2025/03/09 19:10:37 - mmengine - INFO - Iter(train) [ 65300/160000]  lr: 1.0000e-04  eta: 6:58:43  time: 0.2551  data_time: 0.0075  memory: 9163  loss: 0.0184  decode.loss_ce: 0.0184  decode.acc_seg: 99.8714
2025/03/09 19:10:49 - mmengine - INFO - Iter(train) [ 65350/160000]  lr: 1.0000e-04  eta: 6:58:29  time: 0.2545  data_time: 0.0073  memory: 9163  loss: 0.0193  decode.loss_ce: 0.0193  decode.acc_seg: 98.0153
2025/03/09 19:11:02 - mmengine - INFO - Iter(train) [ 65400/160000]  lr: 1.0000e-04  eta: 6:58:15  time: 0.2550  data_time: 0.0076  memory: 9163  loss: 0.0335  decode.loss_ce: 0.0335  decode.acc_seg: 99.4071
2025/03/09 19:11:15 - mmengine - INFO - Iter(train) [ 65450/160000]  lr: 1.0000e-04  eta: 6:58:01  time: 0.2550  data_time: 0.0076  memory: 9163  loss: 0.0476  decode.loss_ce: 0.0476  decode.acc_seg: 99.2619
2025/03/09 19:13:01 - mmengine - INFO - Iter(train) [ 65500/160000]  lr: 1.0000e-04  eta: 7:00:02  time: 0.2502  data_time: 0.0094  memory: 9163  loss: 0.0235  decode.loss_ce: 0.0235  decode.acc_seg: 99.8107
2025/03/09 19:13:13 - mmengine - INFO - Iter(train) [ 65550/160000]  lr: 1.0000e-04  eta: 6:59:46  time: 0.2434  data_time: 0.0075  memory: 9163  loss: 0.0264  decode.loss_ce: 0.0264  decode.acc_seg: 98.6072
2025/03/09 19:13:25 - mmengine - INFO - Iter(train) [ 65600/160000]  lr: 1.0000e-04  eta: 6:59:31  time: 0.2435  data_time: 0.0075  memory: 9163  loss: 0.0195  decode.loss_ce: 0.0195  decode.acc_seg: 99.6060
2025/03/09 19:13:37 - mmengine - INFO - Iter(train) [ 65650/160000]  lr: 1.0000e-04  eta: 6:59:16  time: 0.2443  data_time: 0.0077  memory: 9163  loss: 0.0241  decode.loss_ce: 0.0241  decode.acc_seg: 98.0629
2025/03/09 19:13:50 - mmengine - INFO - Iter(train) [ 65700/160000]  lr: 1.0000e-04  eta: 6:59:02  time: 0.2465  data_time: 0.0080  memory: 9163  loss: 0.0217  decode.loss_ce: 0.0217  decode.acc_seg: 99.1320
2025/03/09 19:14:02 - mmengine - INFO - Iter(train) [ 65750/160000]  lr: 1.0000e-04  eta: 6:58:47  time: 0.2439  data_time: 0.0073  memory: 9163  loss: 0.0469  decode.loss_ce: 0.0469  decode.acc_seg: 97.6592
2025/03/09 19:14:14 - mmengine - INFO - Iter(train) [ 65800/160000]  lr: 1.0000e-04  eta: 6:58:32  time: 0.2446  data_time: 0.0071  memory: 9163  loss: 0.0618  decode.loss_ce: 0.0618  decode.acc_seg: 98.8852
2025/03/09 19:14:26 - mmengine - INFO - Iter(train) [ 65850/160000]  lr: 1.0000e-04  eta: 6:58:17  time: 0.2449  data_time: 0.0075  memory: 9163  loss: 0.0253  decode.loss_ce: 0.0253  decode.acc_seg: 99.7832
2025/03/09 19:14:39 - mmengine - INFO - Iter(train) [ 65900/160000]  lr: 1.0000e-04  eta: 6:58:03  time: 0.2635  data_time: 0.0095  memory: 9163  loss: 0.0308  decode.loss_ce: 0.0308  decode.acc_seg: 99.8508
2025/03/09 19:14:52 - mmengine - INFO - Iter(train) [ 65950/160000]  lr: 1.0000e-04  eta: 6:57:49  time: 0.2574  data_time: 0.0081  memory: 9163  loss: 0.0130  decode.loss_ce: 0.0130  decode.acc_seg: 99.2343
2025/03/09 19:15:05 - mmengine - INFO - Exp name: efficient_20250309_140341
2025/03/09 19:15:05 - mmengine - INFO - Iter(train) [ 66000/160000]  lr: 1.0000e-04  eta: 6:57:34  time: 0.2541  data_time: 0.0074  memory: 9163  loss: 0.0318  decode.loss_ce: 0.0318  decode.acc_seg: 99.5884
2025/03/09 19:15:17 - mmengine - INFO - Iter(train) [ 66050/160000]  lr: 1.0000e-04  eta: 6:57:20  time: 0.2546  data_time: 0.0076  memory: 9163  loss: 0.0287  decode.loss_ce: 0.0287  decode.acc_seg: 99.7464
2025/03/09 19:15:30 - mmengine - INFO - Iter(train) [ 66100/160000]  lr: 1.0000e-04  eta: 6:57:06  time: 0.2547  data_time: 0.0078  memory: 9163  loss: 0.0279  decode.loss_ce: 0.0279  decode.acc_seg: 98.6928
2025/03/09 19:15:43 - mmengine - INFO - Iter(train) [ 66150/160000]  lr: 1.0000e-04  eta: 6:56:52  time: 0.2561  data_time: 0.0079  memory: 9163  loss: 0.0260  decode.loss_ce: 0.0260  decode.acc_seg: 99.6954
2025/03/09 19:15:56 - mmengine - INFO - Iter(train) [ 66200/160000]  lr: 1.0000e-04  eta: 6:56:38  time: 0.2549  data_time: 0.0074  memory: 9163  loss: 0.0319  decode.loss_ce: 0.0319  decode.acc_seg: 99.3215
2025/03/09 19:16:08 - mmengine - INFO - Iter(train) [ 66250/160000]  lr: 1.0000e-04  eta: 6:56:24  time: 0.2568  data_time: 0.0081  memory: 9163  loss: 0.0205  decode.loss_ce: 0.0205  decode.acc_seg: 96.7642
2025/03/09 19:16:21 - mmengine - INFO - Iter(train) [ 66300/160000]  lr: 1.0000e-04  eta: 6:56:10  time: 0.2568  data_time: 0.0081  memory: 9163  loss: 0.0212  decode.loss_ce: 0.0212  decode.acc_seg: 99.7507
2025/03/09 19:16:34 - mmengine - INFO - Iter(train) [ 66350/160000]  lr: 1.0000e-04  eta: 6:55:56  time: 0.2559  data_time: 0.0078  memory: 9163  loss: 0.0263  decode.loss_ce: 0.0263  decode.acc_seg: 98.4307
2025/03/09 19:16:47 - mmengine - INFO - Iter(train) [ 66400/160000]  lr: 1.0000e-04  eta: 6:55:42  time: 0.2544  data_time: 0.0079  memory: 9163  loss: 0.0235  decode.loss_ce: 0.0235  decode.acc_seg: 99.8567
2025/03/09 19:17:00 - mmengine - INFO - Iter(train) [ 66450/160000]  lr: 1.0000e-04  eta: 6:55:28  time: 0.2558  data_time: 0.0078  memory: 9163  loss: 0.0320  decode.loss_ce: 0.0320  decode.acc_seg: 98.7588
2025/03/09 19:17:12 - mmengine - INFO - Iter(train) [ 66500/160000]  lr: 1.0000e-04  eta: 6:55:13  time: 0.2530  data_time: 0.0075  memory: 9163  loss: 0.0202  decode.loss_ce: 0.0202  decode.acc_seg: 99.9010
2025/03/09 19:17:16 - mmengine - INFO - Iter(val) [ 50/869]    eta: 0:00:52  time: 0.0590  data_time: 0.0021  memory: 636  
2025/03/09 19:17:19 - mmengine - INFO - Iter(val) [100/869]    eta: 0:00:47  time: 0.0592  data_time: 0.0028  memory: 636  
2025/03/09 19:17:21 - mmengine - INFO - Iter(val) [150/869]    eta: 0:00:42  time: 0.0541  data_time: 0.0027  memory: 636  
2025/03/09 19:17:24 - mmengine - INFO - Iter(val) [200/869]    eta: 0:00:39  time: 0.0569  data_time: 0.0027  memory: 636  
2025/03/09 19:17:27 - mmengine - INFO - Iter(val) [250/869]    eta: 0:00:35  time: 0.0564  data_time: 0.0026  memory: 636  
2025/03/09 19:17:30 - mmengine - INFO - Iter(val) [300/869]    eta: 0:00:32  time: 0.0568  data_time: 0.0027  memory: 636  
2025/03/09 19:17:33 - mmengine - INFO - Iter(val) [350/869]    eta: 0:00:29  time: 0.0552  data_time: 0.0024  memory: 636  
2025/03/09 19:17:35 - mmengine - INFO - Iter(val) [400/869]    eta: 0:00:27  time: 0.0550  data_time: 0.0028  memory: 636  
2025/03/09 19:17:38 - mmengine - INFO - Iter(val) [450/869]    eta: 0:00:24  time: 0.0558  data_time: 0.0025  memory: 636  
2025/03/09 19:17:41 - mmengine - INFO - Iter(val) [500/869]    eta: 0:00:21  time: 0.0551  data_time: 0.0029  memory: 636  
2025/03/09 19:17:44 - mmengine - INFO - Iter(val) [550/869]    eta: 0:00:18  time: 0.0609  data_time: 0.0030  memory: 636  
2025/03/09 19:17:47 - mmengine - INFO - Iter(val) [600/869]    eta: 0:00:15  time: 0.0589  data_time: 0.0028  memory: 636  
2025/03/09 19:17:50 - mmengine - INFO - Iter(val) [650/869]    eta: 0:00:12  time: 0.0557  data_time: 0.0026  memory: 636  
2025/03/09 19:17:53 - mmengine - INFO - Iter(val) [700/869]    eta: 0:00:09  time: 0.0561  data_time: 0.0026  memory: 636  
2025/03/09 19:17:55 - mmengine - INFO - Iter(val) [750/869]    eta: 0:00:06  time: 0.0544  data_time: 0.0028  memory: 636  
2025/03/09 19:17:58 - mmengine - INFO - Iter(val) [800/869]    eta: 0:00:03  time: 0.0554  data_time: 0.0024  memory: 636  
2025/03/09 19:18:01 - mmengine - INFO - Iter(val) [850/869]    eta: 0:00:01  time: 0.0581  data_time: 0.0025  memory: 636  
2025/03/09 19:18:02 - mmengine - INFO - per class results:
2025/03/09 19:18:02 - mmengine - INFO - 
+------------+-------+-------+--------+-----------+--------+
|   Class    |  IoU  |  Acc  | Fscore | Precision | Recall |
+------------+-------+-------+--------+-----------+--------+
| background | 97.21 | 97.99 | 98.59  |   99.19   | 97.99  |
|    ghaf    | 55.14 | 81.11 | 71.08  |   63.26   | 81.11  |
+------------+-------+-------+--------+-----------+--------+
2025/03/09 19:18:02 - mmengine - INFO - Iter(val) [869/869]    aAcc: 97.3000  mIoU: 76.1800  mAcc: 89.5500  mFscore: 84.8300  mPrecision: 81.2200  mRecall: 89.5500  data_time: 0.0028  time: 0.0571
2025/03/09 19:18:15 - mmengine - INFO - Iter(train) [ 66550/160000]  lr: 1.0000e-04  eta: 6:54:59  time: 0.2544  data_time: 0.0078  memory: 9163  loss: 0.0383  decode.loss_ce: 0.0383  decode.acc_seg: 97.2671
2025/03/09 19:18:28 - mmengine - INFO - Iter(train) [ 66600/160000]  lr: 1.0000e-04  eta: 6:54:45  time: 0.2517  data_time: 0.0072  memory: 9163  loss: 0.0249  decode.loss_ce: 0.0249  decode.acc_seg: 99.5357
2025/03/09 19:18:40 - mmengine - INFO - Iter(train) [ 66650/160000]  lr: 1.0000e-04  eta: 6:54:31  time: 0.2552  data_time: 0.0080  memory: 9163  loss: 0.0259  decode.loss_ce: 0.0259  decode.acc_seg: 99.6748
2025/03/09 19:18:53 - mmengine - INFO - Iter(train) [ 66700/160000]  lr: 1.0000e-04  eta: 6:54:17  time: 0.2542  data_time: 0.0074  memory: 9163  loss: 0.0176  decode.loss_ce: 0.0176  decode.acc_seg: 98.9059
2025/03/09 19:19:06 - mmengine - INFO - Iter(train) [ 66750/160000]  lr: 1.0000e-04  eta: 6:54:02  time: 0.2527  data_time: 0.0075  memory: 9163  loss: 0.0281  decode.loss_ce: 0.0281  decode.acc_seg: 98.6307
2025/03/09 19:19:18 - mmengine - INFO - Iter(train) [ 66800/160000]  lr: 1.0000e-04  eta: 6:53:48  time: 0.2522  data_time: 0.0078  memory: 9163  loss: 0.0411  decode.loss_ce: 0.0411  decode.acc_seg: 99.6958
2025/03/09 19:19:31 - mmengine - INFO - Iter(train) [ 66850/160000]  lr: 1.0000e-04  eta: 6:53:34  time: 0.2538  data_time: 0.0076  memory: 9163  loss: 0.0303  decode.loss_ce: 0.0303  decode.acc_seg: 97.8540
2025/03/09 19:19:44 - mmengine - INFO - Iter(train) [ 66900/160000]  lr: 1.0000e-04  eta: 6:53:20  time: 0.2528  data_time: 0.0077  memory: 9163  loss: 0.0229  decode.loss_ce: 0.0229  decode.acc_seg: 98.7627
2025/03/09 19:19:56 - mmengine - INFO - Iter(train) [ 66950/160000]  lr: 1.0000e-04  eta: 6:53:05  time: 0.2519  data_time: 0.0075  memory: 9163  loss: 0.0247  decode.loss_ce: 0.0247  decode.acc_seg: 99.8650
2025/03/09 19:20:09 - mmengine - INFO - Exp name: efficient_20250309_140341
2025/03/09 19:20:09 - mmengine - INFO - Iter(train) [ 67000/160000]  lr: 1.0000e-04  eta: 6:52:51  time: 0.2510  data_time: 0.0075  memory: 9163  loss: 0.0252  decode.loss_ce: 0.0252  decode.acc_seg: 99.6999
2025/03/09 19:20:22 - mmengine - INFO - Iter(train) [ 67050/160000]  lr: 1.0000e-04  eta: 6:52:37  time: 0.2547  data_time: 0.0075  memory: 9163  loss: 0.0367  decode.loss_ce: 0.0367  decode.acc_seg: 98.8544
2025/03/09 19:20:34 - mmengine - INFO - Iter(train) [ 67100/160000]  lr: 1.0000e-04  eta: 6:52:23  time: 0.2543  data_time: 0.0077  memory: 9163  loss: 0.0273  decode.loss_ce: 0.0273  decode.acc_seg: 98.5328
2025/03/09 19:20:47 - mmengine - INFO - Iter(train) [ 67150/160000]  lr: 1.0000e-04  eta: 6:52:09  time: 0.2546  data_time: 0.0075  memory: 9163  loss: 0.0405  decode.loss_ce: 0.0405  decode.acc_seg: 99.3796
2025/03/09 19:21:00 - mmengine - INFO - Iter(train) [ 67200/160000]  lr: 1.0000e-04  eta: 6:51:55  time: 0.2553  data_time: 0.0081  memory: 9163  loss: 0.0423  decode.loss_ce: 0.0423  decode.acc_seg: 100.0000
2025/03/09 19:21:13 - mmengine - INFO - Iter(train) [ 67250/160000]  lr: 1.0000e-04  eta: 6:51:40  time: 0.2546  data_time: 0.0073  memory: 9163  loss: 0.0194  decode.loss_ce: 0.0194  decode.acc_seg: 99.9994
2025/03/09 19:21:25 - mmengine - INFO - Iter(train) [ 67300/160000]  lr: 1.0000e-04  eta: 6:51:26  time: 0.2543  data_time: 0.0075  memory: 9163  loss: 0.0244  decode.loss_ce: 0.0244  decode.acc_seg: 99.7654
2025/03/09 19:21:38 - mmengine - INFO - Iter(train) [ 67350/160000]  lr: 1.0000e-04  eta: 6:51:12  time: 0.2500  data_time: 0.0074  memory: 9163  loss: 0.0328  decode.loss_ce: 0.0328  decode.acc_seg: 98.6161
2025/03/09 19:21:51 - mmengine - INFO - Iter(train) [ 67400/160000]  lr: 1.0000e-04  eta: 6:50:58  time: 0.2546  data_time: 0.0076  memory: 9163  loss: 0.0273  decode.loss_ce: 0.0273  decode.acc_seg: 99.4416
2025/03/09 19:22:03 - mmengine - INFO - Iter(train) [ 67450/160000]  lr: 1.0000e-04  eta: 6:50:44  time: 0.2537  data_time: 0.0072  memory: 9163  loss: 0.0294  decode.loss_ce: 0.0294  decode.acc_seg: 98.9110
2025/03/09 19:22:16 - mmengine - INFO - Iter(train) [ 67500/160000]  lr: 1.0000e-04  eta: 6:50:29  time: 0.2505  data_time: 0.0077  memory: 9163  loss: 0.0228  decode.loss_ce: 0.0228  decode.acc_seg: 98.3564
2025/03/09 19:22:29 - mmengine - INFO - Iter(train) [ 67550/160000]  lr: 1.0000e-04  eta: 6:50:15  time: 0.2533  data_time: 0.0078  memory: 9163  loss: 0.0259  decode.loss_ce: 0.0259  decode.acc_seg: 99.7278
2025/03/09 19:22:41 - mmengine - INFO - Iter(train) [ 67600/160000]  lr: 1.0000e-04  eta: 6:50:01  time: 0.2543  data_time: 0.0072  memory: 9163  loss: 0.0377  decode.loss_ce: 0.0377  decode.acc_seg: 97.3602
2025/03/09 19:22:54 - mmengine - INFO - Iter(train) [ 67650/160000]  lr: 1.0000e-04  eta: 6:49:47  time: 0.2533  data_time: 0.0075  memory: 9163  loss: 0.0380  decode.loss_ce: 0.0380  decode.acc_seg: 94.7704
2025/03/09 19:23:07 - mmengine - INFO - Iter(train) [ 67700/160000]  lr: 1.0000e-04  eta: 6:49:33  time: 0.2527  data_time: 0.0081  memory: 9163  loss: 0.0253  decode.loss_ce: 0.0253  decode.acc_seg: 99.2332
2025/03/09 19:23:19 - mmengine - INFO - Iter(train) [ 67750/160000]  lr: 1.0000e-04  eta: 6:49:19  time: 0.2532  data_time: 0.0076  memory: 9163  loss: 0.0334  decode.loss_ce: 0.0334  decode.acc_seg: 98.6416
2025/03/09 19:23:32 - mmengine - INFO - Iter(train) [ 67800/160000]  lr: 1.0000e-04  eta: 6:49:05  time: 0.2528  data_time: 0.0078  memory: 9163  loss: 0.0435  decode.loss_ce: 0.0435  decode.acc_seg: 99.4878
2025/03/09 19:23:45 - mmengine - INFO - Iter(train) [ 67850/160000]  lr: 1.0000e-04  eta: 6:48:50  time: 0.2519  data_time: 0.0075  memory: 9163  loss: 0.0269  decode.loss_ce: 0.0269  decode.acc_seg: 99.6672
2025/03/09 19:23:58 - mmengine - INFO - Iter(train) [ 67900/160000]  lr: 1.0000e-04  eta: 6:48:36  time: 0.2510  data_time: 0.0074  memory: 9163  loss: 0.0255  decode.loss_ce: 0.0255  decode.acc_seg: 99.5903
2025/03/09 19:24:10 - mmengine - INFO - Iter(train) [ 67950/160000]  lr: 1.0000e-04  eta: 6:48:22  time: 0.2538  data_time: 0.0082  memory: 9163  loss: 0.0352  decode.loss_ce: 0.0352  decode.acc_seg: 99.6963
2025/03/09 19:24:23 - mmengine - INFO - Exp name: efficient_20250309_140341
2025/03/09 19:24:23 - mmengine - INFO - Iter(train) [ 68000/160000]  lr: 1.0000e-04  eta: 6:48:08  time: 0.2548  data_time: 0.0074  memory: 9163  loss: 0.0306  decode.loss_ce: 0.0306  decode.acc_seg: 98.5438
2025/03/09 19:24:23 - mmengine - INFO - Saving checkpoint at 68000 iterations
2025/03/09 19:24:37 - mmengine - INFO - Iter(train) [ 68050/160000]  lr: 1.0000e-04  eta: 6:47:56  time: 0.2535  data_time: 0.0074  memory: 9163  loss: 0.0342  decode.loss_ce: 0.0342  decode.acc_seg: 99.4635
2025/03/09 19:24:50 - mmengine - INFO - Iter(train) [ 68100/160000]  lr: 1.0000e-04  eta: 6:47:42  time: 0.2540  data_time: 0.0078  memory: 9163  loss: 0.0236  decode.loss_ce: 0.0236  decode.acc_seg: 99.6503
2025/03/09 19:25:03 - mmengine - INFO - Iter(train) [ 68150/160000]  lr: 1.0000e-04  eta: 6:47:28  time: 0.2525  data_time: 0.0078  memory: 9163  loss: 0.0277  decode.loss_ce: 0.0277  decode.acc_seg: 99.1374
2025/03/09 19:25:15 - mmengine - INFO - Iter(train) [ 68200/160000]  lr: 1.0000e-04  eta: 6:47:14  time: 0.2545  data_time: 0.0075  memory: 9163  loss: 0.0290  decode.loss_ce: 0.0290  decode.acc_seg: 98.7893
2025/03/09 19:25:28 - mmengine - INFO - Iter(train) [ 68250/160000]  lr: 1.0000e-04  eta: 6:46:59  time: 0.2502  data_time: 0.0077  memory: 9163  loss: 0.0232  decode.loss_ce: 0.0232  decode.acc_seg: 99.2787
2025/03/09 19:25:41 - mmengine - INFO - Iter(train) [ 68300/160000]  lr: 1.0000e-04  eta: 6:46:45  time: 0.2534  data_time: 0.0077  memory: 9163  loss: 0.0271  decode.loss_ce: 0.0271  decode.acc_seg: 98.8985
2025/03/09 19:25:54 - mmengine - INFO - Iter(train) [ 68350/160000]  lr: 1.0000e-04  eta: 6:46:31  time: 0.2547  data_time: 0.0078  memory: 9163  loss: 0.0199  decode.loss_ce: 0.0199  decode.acc_seg: 99.9330
2025/03/09 19:26:06 - mmengine - INFO - Iter(train) [ 68400/160000]  lr: 1.0000e-04  eta: 6:46:17  time: 0.2550  data_time: 0.0080  memory: 9163  loss: 0.0259  decode.loss_ce: 0.0259  decode.acc_seg: 99.2870
2025/03/09 19:26:19 - mmengine - INFO - Iter(train) [ 68450/160000]  lr: 1.0000e-04  eta: 6:46:03  time: 0.2523  data_time: 0.0079  memory: 9163  loss: 0.0210  decode.loss_ce: 0.0210  decode.acc_seg: 98.0879
2025/03/09 19:26:32 - mmengine - INFO - Iter(train) [ 68500/160000]  lr: 1.0000e-04  eta: 6:45:49  time: 0.2530  data_time: 0.0073  memory: 9163  loss: 0.0348  decode.loss_ce: 0.0348  decode.acc_seg: 99.2402
2025/03/09 19:26:44 - mmengine - INFO - Iter(train) [ 68550/160000]  lr: 1.0000e-04  eta: 6:45:35  time: 0.2546  data_time: 0.0076  memory: 9163  loss: 0.0224  decode.loss_ce: 0.0224  decode.acc_seg: 98.3217
2025/03/09 19:26:57 - mmengine - INFO - Iter(train) [ 68600/160000]  lr: 1.0000e-04  eta: 6:45:21  time: 0.2519  data_time: 0.0074  memory: 9163  loss: 0.0240  decode.loss_ce: 0.0240  decode.acc_seg: 98.8191
2025/03/09 19:27:10 - mmengine - INFO - Iter(train) [ 68650/160000]  lr: 1.0000e-04  eta: 6:45:06  time: 0.2545  data_time: 0.0078  memory: 9163  loss: 0.0244  decode.loss_ce: 0.0244  decode.acc_seg: 99.7184
2025/03/09 19:27:23 - mmengine - INFO - Iter(train) [ 68700/160000]  lr: 1.0000e-04  eta: 6:44:52  time: 0.2550  data_time: 0.0079  memory: 9163  loss: 0.0266  decode.loss_ce: 0.0266  decode.acc_seg: 99.0036
2025/03/09 19:27:35 - mmengine - INFO - Iter(train) [ 68750/160000]  lr: 1.0000e-04  eta: 6:44:38  time: 0.2546  data_time: 0.0074  memory: 9163  loss: 0.0376  decode.loss_ce: 0.0376  decode.acc_seg: 97.5866
2025/03/09 19:27:48 - mmengine - INFO - Iter(train) [ 68800/160000]  lr: 1.0000e-04  eta: 6:44:24  time: 0.2523  data_time: 0.0076  memory: 9163  loss: 0.0297  decode.loss_ce: 0.0297  decode.acc_seg: 96.8598
2025/03/09 19:28:01 - mmengine - INFO - Iter(train) [ 68850/160000]  lr: 1.0000e-04  eta: 6:44:10  time: 0.2549  data_time: 0.0077  memory: 9163  loss: 0.0338  decode.loss_ce: 0.0338  decode.acc_seg: 98.4372
2025/03/09 19:28:13 - mmengine - INFO - Iter(train) [ 68900/160000]  lr: 1.0000e-04  eta: 6:43:56  time: 0.2545  data_time: 0.0077  memory: 9163  loss: 0.0206  decode.loss_ce: 0.0206  decode.acc_seg: 99.4939
2025/03/09 19:28:26 - mmengine - INFO - Iter(train) [ 68950/160000]  lr: 1.0000e-04  eta: 6:43:42  time: 0.2533  data_time: 0.0076  memory: 9163  loss: 0.0288  decode.loss_ce: 0.0288  decode.acc_seg: 97.9161
2025/03/09 19:28:39 - mmengine - INFO - Exp name: efficient_20250309_140341
2025/03/09 19:28:39 - mmengine - INFO - Iter(train) [ 69000/160000]  lr: 1.0000e-04  eta: 6:43:28  time: 0.2545  data_time: 0.0078  memory: 9163  loss: 0.0250  decode.loss_ce: 0.0250  decode.acc_seg: 97.9071
2025/03/09 19:28:52 - mmengine - INFO - Iter(train) [ 69050/160000]  lr: 1.0000e-04  eta: 6:43:14  time: 0.2541  data_time: 0.0077  memory: 9163  loss: 0.0227  decode.loss_ce: 0.0227  decode.acc_seg: 99.6327
2025/03/09 19:29:04 - mmengine - INFO - Iter(train) [ 69100/160000]  lr: 1.0000e-04  eta: 6:43:00  time: 0.2551  data_time: 0.0081  memory: 9163  loss: 0.0275  decode.loss_ce: 0.0275  decode.acc_seg: 97.9133
2025/03/09 19:29:17 - mmengine - INFO - Iter(train) [ 69150/160000]  lr: 1.0000e-04  eta: 6:42:46  time: 0.2532  data_time: 0.0077  memory: 9163  loss: 0.0277  decode.loss_ce: 0.0277  decode.acc_seg: 99.4982
2025/03/09 19:29:30 - mmengine - INFO - Iter(train) [ 69200/160000]  lr: 1.0000e-04  eta: 6:42:32  time: 0.2556  data_time: 0.0080  memory: 9163  loss: 0.0297  decode.loss_ce: 0.0297  decode.acc_seg: 97.8943
2025/03/09 19:29:42 - mmengine - INFO - Iter(train) [ 69250/160000]  lr: 1.0000e-04  eta: 6:42:17  time: 0.2550  data_time: 0.0076  memory: 9163  loss: 0.0338  decode.loss_ce: 0.0338  decode.acc_seg: 99.5412
2025/03/09 19:29:55 - mmengine - INFO - Iter(train) [ 69300/160000]  lr: 1.0000e-04  eta: 6:42:03  time: 0.2550  data_time: 0.0075  memory: 9163  loss: 0.0321  decode.loss_ce: 0.0321  decode.acc_seg: 98.1911
2025/03/09 19:30:08 - mmengine - INFO - Iter(train) [ 69350/160000]  lr: 1.0000e-04  eta: 6:41:49  time: 0.2527  data_time: 0.0078  memory: 9163  loss: 0.0219  decode.loss_ce: 0.0219  decode.acc_seg: 99.5312
2025/03/09 19:30:21 - mmengine - INFO - Iter(train) [ 69400/160000]  lr: 1.0000e-04  eta: 6:41:35  time: 0.2576  data_time: 0.0080  memory: 9163  loss: 0.0311  decode.loss_ce: 0.0311  decode.acc_seg: 98.5756
2025/03/09 19:30:33 - mmengine - INFO - Iter(train) [ 69450/160000]  lr: 1.0000e-04  eta: 6:41:21  time: 0.2524  data_time: 0.0079  memory: 9163  loss: 0.0351  decode.loss_ce: 0.0351  decode.acc_seg: 99.8068
2025/03/09 19:30:46 - mmengine - INFO - Iter(train) [ 69500/160000]  lr: 1.0000e-04  eta: 6:41:07  time: 0.2535  data_time: 0.0074  memory: 9163  loss: 0.0290  decode.loss_ce: 0.0290  decode.acc_seg: 99.2539
2025/03/09 19:30:59 - mmengine - INFO - Iter(train) [ 69550/160000]  lr: 1.0000e-04  eta: 6:40:53  time: 0.2527  data_time: 0.0076  memory: 9163  loss: 0.0336  decode.loss_ce: 0.0336  decode.acc_seg: 97.6865
2025/03/09 19:31:11 - mmengine - INFO - Iter(train) [ 69600/160000]  lr: 1.0000e-04  eta: 6:40:39  time: 0.2537  data_time: 0.0078  memory: 9163  loss: 0.0260  decode.loss_ce: 0.0260  decode.acc_seg: 99.9072
2025/03/09 19:31:24 - mmengine - INFO - Iter(train) [ 69650/160000]  lr: 1.0000e-04  eta: 6:40:25  time: 0.2544  data_time: 0.0077  memory: 9163  loss: 0.0213  decode.loss_ce: 0.0213  decode.acc_seg: 97.6313
2025/03/09 19:31:37 - mmengine - INFO - Iter(train) [ 69700/160000]  lr: 1.0000e-04  eta: 6:40:11  time: 0.2521  data_time: 0.0074  memory: 9163  loss: 0.0190  decode.loss_ce: 0.0190  decode.acc_seg: 99.7544
2025/03/09 19:31:50 - mmengine - INFO - Iter(train) [ 69750/160000]  lr: 1.0000e-04  eta: 6:39:57  time: 0.2534  data_time: 0.0077  memory: 9163  loss: 0.0213  decode.loss_ce: 0.0213  decode.acc_seg: 98.5151
2025/03/09 19:32:02 - mmengine - INFO - Iter(train) [ 69800/160000]  lr: 1.0000e-04  eta: 6:39:43  time: 0.2546  data_time: 0.0076  memory: 9163  loss: 0.0181  decode.loss_ce: 0.0181  decode.acc_seg: 99.3962
2025/03/09 19:32:15 - mmengine - INFO - Iter(train) [ 69850/160000]  lr: 1.0000e-04  eta: 6:39:29  time: 0.2551  data_time: 0.0078  memory: 9163  loss: 0.0331  decode.loss_ce: 0.0331  decode.acc_seg: 99.0030
2025/03/09 19:32:28 - mmengine - INFO - Iter(train) [ 69900/160000]  lr: 1.0000e-04  eta: 6:39:15  time: 0.2550  data_time: 0.0076  memory: 9163  loss: 0.0251  decode.loss_ce: 0.0251  decode.acc_seg: 99.3443
2025/03/09 19:32:41 - mmengine - INFO - Iter(train) [ 69950/160000]  lr: 1.0000e-04  eta: 6:39:01  time: 0.2548  data_time: 0.0077  memory: 9163  loss: 0.0382  decode.loss_ce: 0.0382  decode.acc_seg: 99.7551
2025/03/09 19:32:53 - mmengine - INFO - Exp name: efficient_20250309_140341
2025/03/09 19:32:53 - mmengine - INFO - Iter(train) [ 70000/160000]  lr: 1.0000e-04  eta: 6:38:47  time: 0.2550  data_time: 0.0075  memory: 9163  loss: 0.0247  decode.loss_ce: 0.0247  decode.acc_seg: 99.3637
2025/03/09 19:32:56 - mmengine - INFO - Iter(val) [ 50/869]    eta: 0:00:48  time: 0.0572  data_time: 0.0024  memory: 636  
2025/03/09 19:32:59 - mmengine - INFO - Iter(val) [100/869]    eta: 0:00:45  time: 0.0604  data_time: 0.0025  memory: 636  
2025/03/09 19:33:02 - mmengine - INFO - Iter(val) [150/869]    eta: 0:00:41  time: 0.0562  data_time: 0.0027  memory: 636  
2025/03/09 19:33:05 - mmengine - INFO - Iter(val) [200/869]    eta: 0:00:38  time: 0.0554  data_time: 0.0025  memory: 636  
2025/03/09 19:33:08 - mmengine - INFO - Iter(val) [250/869]    eta: 0:00:35  time: 0.0559  data_time: 0.0027  memory: 636  
2025/03/09 19:33:11 - mmengine - INFO - Iter(val) [300/869]    eta: 0:00:32  time: 0.0573  data_time: 0.0025  memory: 636  
2025/03/09 19:33:13 - mmengine - INFO - Iter(val) [350/869]    eta: 0:00:29  time: 0.0555  data_time: 0.0022  memory: 636  
2025/03/09 19:33:16 - mmengine - INFO - Iter(val) [400/869]    eta: 0:00:26  time: 0.0564  data_time: 0.0027  memory: 636  
2025/03/09 19:33:19 - mmengine - INFO - Iter(val) [450/869]    eta: 0:00:23  time: 0.0566  data_time: 0.0025  memory: 636  
2025/03/09 19:33:22 - mmengine - INFO - Iter(val) [500/869]    eta: 0:00:20  time: 0.0598  data_time: 0.0028  memory: 636  
2025/03/09 19:33:25 - mmengine - INFO - Iter(val) [550/869]    eta: 0:00:18  time: 0.0555  data_time: 0.0025  memory: 636  
2025/03/09 19:33:28 - mmengine - INFO - Iter(val) [600/869]    eta: 0:00:15  time: 0.0584  data_time: 0.0027  memory: 636  
2025/03/09 19:33:30 - mmengine - INFO - Iter(val) [650/869]    eta: 0:00:12  time: 0.0560  data_time: 0.0025  memory: 636  
2025/03/09 19:33:33 - mmengine - INFO - Iter(val) [700/869]    eta: 0:00:09  time: 0.0558  data_time: 0.0024  memory: 636  
2025/03/09 19:33:36 - mmengine - INFO - Iter(val) [750/869]    eta: 0:00:06  time: 0.0560  data_time: 0.0026  memory: 636  
2025/03/09 19:33:39 - mmengine - INFO - Iter(val) [800/869]    eta: 0:00:03  time: 0.0575  data_time: 0.0025  memory: 636  
2025/03/09 19:33:42 - mmengine - INFO - Iter(val) [850/869]    eta: 0:00:01  time: 0.0567  data_time: 0.0027  memory: 636  
2025/03/09 19:33:43 - mmengine - INFO - per class results:
2025/03/09 19:33:43 - mmengine - INFO - 
+------------+-------+-------+--------+-----------+--------+
|   Class    |  IoU  |  Acc  | Fscore | Precision | Recall |
+------------+-------+-------+--------+-----------+--------+
| background | 97.12 | 97.84 | 98.54  |   99.24   | 97.84  |
|    ghaf    | 54.73 | 82.43 | 70.74  |   61.96   | 82.43  |
+------------+-------+-------+--------+-----------+--------+
2025/03/09 19:33:43 - mmengine - INFO - Iter(val) [869/869]    aAcc: 97.2100  mIoU: 75.9300  mAcc: 90.1400  mFscore: 84.6400  mPrecision: 80.6000  mRecall: 90.1400  data_time: 0.0027  time: 0.0569
2025/03/09 19:33:56 - mmengine - INFO - Iter(train) [ 70050/160000]  lr: 1.0000e-04  eta: 6:38:33  time: 0.2528  data_time: 0.0075  memory: 9163  loss: 0.0339  decode.loss_ce: 0.0339  decode.acc_seg: 98.6877
2025/03/09 19:34:08 - mmengine - INFO - Iter(train) [ 70100/160000]  lr: 1.0000e-04  eta: 6:38:19  time: 0.2557  data_time: 0.0083  memory: 9163  loss: 0.0385  decode.loss_ce: 0.0385  decode.acc_seg: 97.6501
2025/03/09 19:34:21 - mmengine - INFO - Iter(train) [ 70150/160000]  lr: 1.0000e-04  eta: 6:38:05  time: 0.2506  data_time: 0.0081  memory: 9163  loss: 0.0325  decode.loss_ce: 0.0325  decode.acc_seg: 99.0138
2025/03/09 19:34:34 - mmengine - INFO - Iter(train) [ 70200/160000]  lr: 1.0000e-04  eta: 6:37:51  time: 0.2529  data_time: 0.0076  memory: 9163  loss: 0.0359  decode.loss_ce: 0.0359  decode.acc_seg: 99.9707
2025/03/09 19:34:47 - mmengine - INFO - Iter(train) [ 70250/160000]  lr: 1.0000e-04  eta: 6:37:37  time: 0.2533  data_time: 0.0075  memory: 9163  loss: 0.0417  decode.loss_ce: 0.0417  decode.acc_seg: 97.6912
2025/03/09 19:34:59 - mmengine - INFO - Iter(train) [ 70300/160000]  lr: 1.0000e-04  eta: 6:37:23  time: 0.2535  data_time: 0.0078  memory: 9163  loss: 0.0234  decode.loss_ce: 0.0234  decode.acc_seg: 96.9534
2025/03/09 19:35:12 - mmengine - INFO - Iter(train) [ 70350/160000]  lr: 1.0000e-04  eta: 6:37:09  time: 0.2538  data_time: 0.0080  memory: 9163  loss: 0.0233  decode.loss_ce: 0.0233  decode.acc_seg: 99.9085
2025/03/09 19:35:25 - mmengine - INFO - Iter(train) [ 70400/160000]  lr: 1.0000e-04  eta: 6:36:55  time: 0.2546  data_time: 0.0073  memory: 9163  loss: 0.0312  decode.loss_ce: 0.0312  decode.acc_seg: 98.5501
2025/03/09 19:35:37 - mmengine - INFO - Iter(train) [ 70450/160000]  lr: 1.0000e-04  eta: 6:36:41  time: 0.2535  data_time: 0.0078  memory: 9163  loss: 0.0184  decode.loss_ce: 0.0184  decode.acc_seg: 99.3901
2025/03/09 19:35:50 - mmengine - INFO - Iter(train) [ 70500/160000]  lr: 1.0000e-04  eta: 6:36:26  time: 0.2525  data_time: 0.0075  memory: 9163  loss: 0.0171  decode.loss_ce: 0.0171  decode.acc_seg: 99.9107
2025/03/09 19:36:03 - mmengine - INFO - Iter(train) [ 70550/160000]  lr: 1.0000e-04  eta: 6:36:12  time: 0.2548  data_time: 0.0076  memory: 9163  loss: 0.0316  decode.loss_ce: 0.0316  decode.acc_seg: 99.9917
2025/03/09 19:36:16 - mmengine - INFO - Iter(train) [ 70600/160000]  lr: 1.0000e-04  eta: 6:35:58  time: 0.2553  data_time: 0.0073  memory: 9163  loss: 0.0254  decode.loss_ce: 0.0254  decode.acc_seg: 99.7208
2025/03/09 19:36:28 - mmengine - INFO - Iter(train) [ 70650/160000]  lr: 1.0000e-04  eta: 6:35:44  time: 0.2556  data_time: 0.0077  memory: 9163  loss: 0.0318  decode.loss_ce: 0.0318  decode.acc_seg: 99.7762
2025/03/09 19:36:41 - mmengine - INFO - Iter(train) [ 70700/160000]  lr: 1.0000e-04  eta: 6:35:30  time: 0.2551  data_time: 0.0078  memory: 9163  loss: 0.0221  decode.loss_ce: 0.0221  decode.acc_seg: 99.1801
2025/03/09 19:36:54 - mmengine - INFO - Iter(train) [ 70750/160000]  lr: 1.0000e-04  eta: 6:35:16  time: 0.2549  data_time: 0.0075  memory: 9163  loss: 0.0312  decode.loss_ce: 0.0312  decode.acc_seg: 99.8472
2025/03/09 19:37:06 - mmengine - INFO - Iter(train) [ 70800/160000]  lr: 1.0000e-04  eta: 6:35:02  time: 0.2559  data_time: 0.0075  memory: 9163  loss: 0.0257  decode.loss_ce: 0.0257  decode.acc_seg: 99.5849
2025/03/09 19:37:19 - mmengine - INFO - Iter(train) [ 70850/160000]  lr: 1.0000e-04  eta: 6:34:48  time: 0.2540  data_time: 0.0075  memory: 9163  loss: 0.0232  decode.loss_ce: 0.0232  decode.acc_seg: 99.3923
2025/03/09 19:37:32 - mmengine - INFO - Iter(train) [ 70900/160000]  lr: 1.0000e-04  eta: 6:34:34  time: 0.2552  data_time: 0.0079  memory: 9163  loss: 0.0274  decode.loss_ce: 0.0274  decode.acc_seg: 98.3578
2025/03/09 19:37:45 - mmengine - INFO - Iter(train) [ 70950/160000]  lr: 1.0000e-04  eta: 6:34:20  time: 0.2535  data_time: 0.0079  memory: 9163  loss: 0.0197  decode.loss_ce: 0.0197  decode.acc_seg: 98.8195
2025/03/09 19:37:57 - mmengine - INFO - Exp name: efficient_20250309_140341
2025/03/09 19:37:57 - mmengine - INFO - Iter(train) [ 71000/160000]  lr: 1.0000e-04  eta: 6:34:06  time: 0.2553  data_time: 0.0076  memory: 9163  loss: 0.0314  decode.loss_ce: 0.0314  decode.acc_seg: 99.1280
2025/03/09 19:38:10 - mmengine - INFO - Iter(train) [ 71050/160000]  lr: 1.0000e-04  eta: 6:33:52  time: 0.2539  data_time: 0.0080  memory: 9163  loss: 0.0238  decode.loss_ce: 0.0238  decode.acc_seg: 98.6448
2025/03/09 19:38:23 - mmengine - INFO - Iter(train) [ 71100/160000]  lr: 1.0000e-04  eta: 6:33:38  time: 0.2532  data_time: 0.0076  memory: 9163  loss: 0.0162  decode.loss_ce: 0.0162  decode.acc_seg: 99.6261
2025/03/09 19:38:35 - mmengine - INFO - Iter(train) [ 71150/160000]  lr: 1.0000e-04  eta: 6:33:24  time: 0.2531  data_time: 0.0073  memory: 9163  loss: 0.0298  decode.loss_ce: 0.0298  decode.acc_seg: 99.6591
2025/03/09 19:38:48 - mmengine - INFO - Iter(train) [ 71200/160000]  lr: 1.0000e-04  eta: 6:33:10  time: 0.2535  data_time: 0.0076  memory: 9163  loss: 0.0330  decode.loss_ce: 0.0330  decode.acc_seg: 99.8027
2025/03/09 19:39:01 - mmengine - INFO - Iter(train) [ 71250/160000]  lr: 1.0000e-04  eta: 6:32:56  time: 0.2534  data_time: 0.0079  memory: 9163  loss: 0.0164  decode.loss_ce: 0.0164  decode.acc_seg: 99.3694
2025/03/09 19:39:14 - mmengine - INFO - Iter(train) [ 71300/160000]  lr: 1.0000e-04  eta: 6:32:42  time: 0.2546  data_time: 0.0077  memory: 9163  loss: 0.0223  decode.loss_ce: 0.0223  decode.acc_seg: 98.7890
2025/03/09 19:39:26 - mmengine - INFO - Iter(train) [ 71350/160000]  lr: 1.0000e-04  eta: 6:32:28  time: 0.2546  data_time: 0.0079  memory: 9163  loss: 0.0326  decode.loss_ce: 0.0326  decode.acc_seg: 98.0154
2025/03/09 19:39:39 - mmengine - INFO - Iter(train) [ 71400/160000]  lr: 1.0000e-04  eta: 6:32:14  time: 0.2564  data_time: 0.0076  memory: 9163  loss: 0.0314  decode.loss_ce: 0.0314  decode.acc_seg: 98.7121
2025/03/09 19:39:39 - mmengine - INFO - Saving checkpoint at 71400 iterations
2025/03/09 19:39:54 - mmengine - INFO - Iter(train) [ 71450/160000]  lr: 1.0000e-04  eta: 6:32:03  time: 0.2548  data_time: 0.0079  memory: 9163  loss: 0.0287  decode.loss_ce: 0.0287  decode.acc_seg: 98.2187
2025/03/09 19:40:06 - mmengine - INFO - Iter(train) [ 71500/160000]  lr: 1.0000e-04  eta: 6:31:49  time: 0.2547  data_time: 0.0077  memory: 9163  loss: 0.0451  decode.loss_ce: 0.0451  decode.acc_seg: 99.3590
2025/03/09 19:40:19 - mmengine - INFO - Iter(train) [ 71550/160000]  lr: 1.0000e-04  eta: 6:31:35  time: 0.2530  data_time: 0.0079  memory: 9163  loss: 0.0268  decode.loss_ce: 0.0268  decode.acc_seg: 99.6121
2025/03/09 19:40:32 - mmengine - INFO - Iter(train) [ 71600/160000]  lr: 1.0000e-04  eta: 6:31:21  time: 0.2551  data_time: 0.0076  memory: 9163  loss: 0.0224  decode.loss_ce: 0.0224  decode.acc_seg: 99.4280
2025/03/09 19:40:45 - mmengine - INFO - Iter(train) [ 71650/160000]  lr: 1.0000e-04  eta: 6:31:07  time: 0.2551  data_time: 0.0076  memory: 9163  loss: 0.0159  decode.loss_ce: 0.0159  decode.acc_seg: 97.9485
2025/03/09 19:40:57 - mmengine - INFO - Iter(train) [ 71700/160000]  lr: 1.0000e-04  eta: 6:30:53  time: 0.2543  data_time: 0.0079  memory: 9163  loss: 0.0251  decode.loss_ce: 0.0251  decode.acc_seg: 99.2003
2025/03/09 19:41:10 - mmengine - INFO - Iter(train) [ 71750/160000]  lr: 1.0000e-04  eta: 6:30:39  time: 0.2547  data_time: 0.0079  memory: 9163  loss: 0.0255  decode.loss_ce: 0.0255  decode.acc_seg: 99.3392
2025/03/09 19:41:23 - mmengine - INFO - Iter(train) [ 71800/160000]  lr: 1.0000e-04  eta: 6:30:25  time: 0.2552  data_time: 0.0078  memory: 9163  loss: 0.0315  decode.loss_ce: 0.0315  decode.acc_seg: 99.3844
2025/03/09 19:41:35 - mmengine - INFO - Iter(train) [ 71850/160000]  lr: 1.0000e-04  eta: 6:30:11  time: 0.2519  data_time: 0.0077  memory: 9163  loss: 0.0180  decode.loss_ce: 0.0180  decode.acc_seg: 98.9264
2025/03/09 19:41:48 - mmengine - INFO - Iter(train) [ 71900/160000]  lr: 1.0000e-04  eta: 6:29:57  time: 0.2548  data_time: 0.0077  memory: 9163  loss: 0.0262  decode.loss_ce: 0.0262  decode.acc_seg: 99.6780
2025/03/09 19:42:01 - mmengine - INFO - Iter(train) [ 71950/160000]  lr: 1.0000e-04  eta: 6:29:43  time: 0.2570  data_time: 0.0075  memory: 9163  loss: 0.0335  decode.loss_ce: 0.0335  decode.acc_seg: 99.5716
2025/03/09 19:42:14 - mmengine - INFO - Exp name: efficient_20250309_140341
2025/03/09 19:42:14 - mmengine - INFO - Iter(train) [ 72000/160000]  lr: 1.0000e-04  eta: 6:29:29  time: 0.2551  data_time: 0.0076  memory: 9163  loss: 0.0442  decode.loss_ce: 0.0442  decode.acc_seg: 99.8370
2025/03/09 19:42:26 - mmengine - INFO - Iter(train) [ 72050/160000]  lr: 1.0000e-04  eta: 6:29:15  time: 0.2545  data_time: 0.0074  memory: 9163  loss: 0.0101  decode.loss_ce: 0.0101  decode.acc_seg: 99.3711
2025/03/09 19:42:39 - mmengine - INFO - Iter(train) [ 72100/160000]  lr: 1.0000e-04  eta: 6:29:01  time: 0.2546  data_time: 0.0075  memory: 9163  loss: 0.0210  decode.loss_ce: 0.0210  decode.acc_seg: 99.6911
2025/03/09 19:42:52 - mmengine - INFO - Iter(train) [ 72150/160000]  lr: 1.0000e-04  eta: 6:28:47  time: 0.2533  data_time: 0.0075  memory: 9163  loss: 0.0162  decode.loss_ce: 0.0162  decode.acc_seg: 98.6887
2025/03/09 19:44:37 - mmengine - INFO - Iter(train) [ 72200/160000]  lr: 1.0000e-04  eta: 6:30:26  time: 0.2426  data_time: 0.0078  memory: 9163  loss: 0.0339  decode.loss_ce: 0.0339  decode.acc_seg: 98.7314
2025/03/09 19:44:50 - mmengine - INFO - Iter(train) [ 72250/160000]  lr: 1.0000e-04  eta: 6:30:11  time: 0.2449  data_time: 0.0078  memory: 9163  loss: 0.0308  decode.loss_ce: 0.0308  decode.acc_seg: 97.8090
2025/03/09 19:45:02 - mmengine - INFO - Iter(train) [ 72300/160000]  lr: 1.0000e-04  eta: 6:29:57  time: 0.2442  data_time: 0.0075  memory: 9163  loss: 0.0543  decode.loss_ce: 0.0543  decode.acc_seg: 98.4842
2025/03/09 19:45:14 - mmengine - INFO - Iter(train) [ 72350/160000]  lr: 1.0000e-04  eta: 6:29:42  time: 0.2453  data_time: 0.0076  memory: 9163  loss: 0.0362  decode.loss_ce: 0.0362  decode.acc_seg: 97.0694
2025/03/09 19:45:26 - mmengine - INFO - Iter(train) [ 72400/160000]  lr: 1.0000e-04  eta: 6:29:27  time: 0.2461  data_time: 0.0077  memory: 9163  loss: 0.0316  decode.loss_ce: 0.0316  decode.acc_seg: 98.1863
2025/03/09 19:45:39 - mmengine - INFO - Iter(train) [ 72450/160000]  lr: 1.0000e-04  eta: 6:29:13  time: 0.2464  data_time: 0.0079  memory: 9163  loss: 0.0227  decode.loss_ce: 0.0227  decode.acc_seg: 99.7415
2025/03/09 19:45:51 - mmengine - INFO - Iter(train) [ 72500/160000]  lr: 1.0000e-04  eta: 6:28:58  time: 0.2468  data_time: 0.0080  memory: 9163  loss: 0.0298  decode.loss_ce: 0.0298  decode.acc_seg: 99.1897
2025/03/09 19:46:04 - mmengine - INFO - Iter(train) [ 72550/160000]  lr: 1.0000e-04  eta: 6:28:44  time: 0.2550  data_time: 0.0077  memory: 9163  loss: 0.0419  decode.loss_ce: 0.0419  decode.acc_seg: 98.7236
2025/03/09 19:46:17 - mmengine - INFO - Iter(train) [ 72600/160000]  lr: 1.0000e-04  eta: 6:28:30  time: 0.2594  data_time: 0.0083  memory: 9163  loss: 0.0179  decode.loss_ce: 0.0179  decode.acc_seg: 99.3830
2025/03/09 19:46:30 - mmengine - INFO - Iter(train) [ 72650/160000]  lr: 1.0000e-04  eta: 6:28:16  time: 0.2609  data_time: 0.0088  memory: 9163  loss: 0.0359  decode.loss_ce: 0.0359  decode.acc_seg: 96.8432
2025/03/09 19:46:42 - mmengine - INFO - Iter(train) [ 72700/160000]  lr: 1.0000e-04  eta: 6:28:03  time: 0.2557  data_time: 0.0086  memory: 9163  loss: 0.0220  decode.loss_ce: 0.0220  decode.acc_seg: 99.3156
2025/03/09 19:46:55 - mmengine - INFO - Iter(train) [ 72750/160000]  lr: 1.0000e-04  eta: 6:27:49  time: 0.2552  data_time: 0.0081  memory: 9163  loss: 0.0238  decode.loss_ce: 0.0238  decode.acc_seg: 99.2967
2025/03/09 19:47:08 - mmengine - INFO - Iter(train) [ 72800/160000]  lr: 1.0000e-04  eta: 6:27:35  time: 0.2548  data_time: 0.0087  memory: 9163  loss: 0.0323  decode.loss_ce: 0.0323  decode.acc_seg: 96.0258
2025/03/09 19:47:21 - mmengine - INFO - Iter(train) [ 72850/160000]  lr: 1.0000e-04  eta: 6:27:21  time: 0.2543  data_time: 0.0078  memory: 9163  loss: 0.0355  decode.loss_ce: 0.0355  decode.acc_seg: 99.8235
2025/03/09 19:47:34 - mmengine - INFO - Iter(train) [ 72900/160000]  lr: 1.0000e-04  eta: 6:27:07  time: 0.2583  data_time: 0.0083  memory: 9163  loss: 0.0294  decode.loss_ce: 0.0294  decode.acc_seg: 99.0155
2025/03/09 19:47:47 - mmengine - INFO - Iter(train) [ 72950/160000]  lr: 1.0000e-04  eta: 6:26:53  time: 0.2616  data_time: 0.0088  memory: 9163  loss: 0.0223  decode.loss_ce: 0.0223  decode.acc_seg: 97.2494
2025/03/09 19:48:00 - mmengine - INFO - Exp name: efficient_20250309_140341
2025/03/09 19:48:00 - mmengine - INFO - Iter(train) [ 73000/160000]  lr: 1.0000e-04  eta: 6:26:39  time: 0.2582  data_time: 0.0084  memory: 9163  loss: 0.0528  decode.loss_ce: 0.0528  decode.acc_seg: 98.7177
2025/03/09 19:48:13 - mmengine - INFO - Iter(train) [ 73050/160000]  lr: 1.0000e-04  eta: 6:26:25  time: 0.2579  data_time: 0.0080  memory: 9163  loss: 0.0243  decode.loss_ce: 0.0243  decode.acc_seg: 98.9486
2025/03/09 19:48:26 - mmengine - INFO - Iter(train) [ 73100/160000]  lr: 1.0000e-04  eta: 6:26:11  time: 0.2597  data_time: 0.0084  memory: 9163  loss: 0.0275  decode.loss_ce: 0.0275  decode.acc_seg: 98.1062
2025/03/09 19:48:38 - mmengine - INFO - Iter(train) [ 73150/160000]  lr: 1.0000e-04  eta: 6:25:58  time: 0.2580  data_time: 0.0078  memory: 9163  loss: 0.0340  decode.loss_ce: 0.0340  decode.acc_seg: 98.5141
2025/03/09 19:48:51 - mmengine - INFO - Iter(train) [ 73200/160000]  lr: 1.0000e-04  eta: 6:25:44  time: 0.2578  data_time: 0.0085  memory: 9163  loss: 0.0201  decode.loss_ce: 0.0201  decode.acc_seg: 98.9833
2025/03/09 19:49:04 - mmengine - INFO - Iter(train) [ 73250/160000]  lr: 1.0000e-04  eta: 6:25:30  time: 0.2547  data_time: 0.0080  memory: 9163  loss: 0.0174  decode.loss_ce: 0.0174  decode.acc_seg: 99.4043
2025/03/09 19:49:17 - mmengine - INFO - Iter(train) [ 73300/160000]  lr: 1.0000e-04  eta: 6:25:16  time: 0.2566  data_time: 0.0079  memory: 9163  loss: 0.0436  decode.loss_ce: 0.0436  decode.acc_seg: 99.8046
2025/03/09 19:49:30 - mmengine - INFO - Iter(train) [ 73350/160000]  lr: 1.0000e-04  eta: 6:25:02  time: 0.2548  data_time: 0.0082  memory: 9163  loss: 0.0309  decode.loss_ce: 0.0309  decode.acc_seg: 97.7464
2025/03/09 19:49:43 - mmengine - INFO - Iter(train) [ 73400/160000]  lr: 1.0000e-04  eta: 6:24:48  time: 0.2541  data_time: 0.0078  memory: 9163  loss: 0.0317  decode.loss_ce: 0.0317  decode.acc_seg: 98.5716
2025/03/09 19:49:55 - mmengine - INFO - Iter(train) [ 73450/160000]  lr: 1.0000e-04  eta: 6:24:34  time: 0.2547  data_time: 0.0084  memory: 9163  loss: 0.0264  decode.loss_ce: 0.0264  decode.acc_seg: 98.1532
2025/03/09 19:50:08 - mmengine - INFO - Iter(train) [ 73500/160000]  lr: 1.0000e-04  eta: 6:24:20  time: 0.2557  data_time: 0.0081  memory: 9163  loss: 0.0377  decode.loss_ce: 0.0377  decode.acc_seg: 98.3408
2025/03/09 19:50:11 - mmengine - INFO - Iter(val) [ 50/869]    eta: 0:00:47  time: 0.0559  data_time: 0.0025  memory: 636  
2025/03/09 19:50:14 - mmengine - INFO - Iter(val) [100/869]    eta: 0:00:44  time: 0.0546  data_time: 0.0026  memory: 636  
2025/03/09 19:50:17 - mmengine - INFO - Iter(val) [150/869]    eta: 0:00:41  time: 0.0564  data_time: 0.0026  memory: 636  
2025/03/09 19:50:20 - mmengine - INFO - Iter(val) [200/869]    eta: 0:00:38  time: 0.0571  data_time: 0.0028  memory: 636  
2025/03/09 19:50:23 - mmengine - INFO - Iter(val) [250/869]    eta: 0:00:35  time: 0.0566  data_time: 0.0030  memory: 636  
2025/03/09 19:50:25 - mmengine - INFO - Iter(val) [300/869]    eta: 0:00:32  time: 0.0568  data_time: 0.0026  memory: 636  
2025/03/09 19:50:28 - mmengine - INFO - Iter(val) [350/869]    eta: 0:00:29  time: 0.0569  data_time: 0.0027  memory: 636  
2025/03/09 19:50:31 - mmengine - INFO - Iter(val) [400/869]    eta: 0:00:26  time: 0.0552  data_time: 0.0028  memory: 636  
2025/03/09 19:50:34 - mmengine - INFO - Iter(val) [450/869]    eta: 0:00:23  time: 0.0551  data_time: 0.0029  memory: 636  
2025/03/09 19:50:37 - mmengine - INFO - Iter(val) [500/869]    eta: 0:00:20  time: 0.0567  data_time: 0.0025  memory: 636  
2025/03/09 19:50:40 - mmengine - INFO - Iter(val) [550/869]    eta: 0:00:18  time: 0.0594  data_time: 0.0028  memory: 636  
2025/03/09 19:50:42 - mmengine - INFO - Iter(val) [600/869]    eta: 0:00:15  time: 0.0555  data_time: 0.0027  memory: 636  
2025/03/09 19:50:45 - mmengine - INFO - Iter(val) [650/869]    eta: 0:00:12  time: 0.0555  data_time: 0.0025  memory: 636  
2025/03/09 19:50:48 - mmengine - INFO - Iter(val) [700/869]    eta: 0:00:09  time: 0.0546  data_time: 0.0025  memory: 636  
2025/03/09 19:50:51 - mmengine - INFO - Iter(val) [750/869]    eta: 0:00:06  time: 0.0555  data_time: 0.0028  memory: 636  
2025/03/09 19:50:54 - mmengine - INFO - Iter(val) [800/869]    eta: 0:00:03  time: 0.0550  data_time: 0.0025  memory: 636  
2025/03/09 19:50:57 - mmengine - INFO - Iter(val) [850/869]    eta: 0:00:01  time: 0.0565  data_time: 0.0026  memory: 636  
2025/03/09 19:50:58 - mmengine - INFO - per class results:
2025/03/09 19:50:58 - mmengine - INFO - 
+------------+-------+-------+--------+-----------+--------+
|   Class    |  IoU  |  Acc  | Fscore | Precision | Recall |
+------------+-------+-------+--------+-----------+--------+
| background | 97.18 | 97.94 | 98.57  |   99.21   | 97.94  |
|    ghaf    |  55.0 | 81.66 | 70.97  |   62.76   | 81.66  |
+------------+-------+-------+--------+-----------+--------+
2025/03/09 19:50:58 - mmengine - INFO - Iter(val) [869/869]    aAcc: 97.2700  mIoU: 76.0900  mAcc: 89.8000  mFscore: 84.7700  mPrecision: 80.9800  mRecall: 89.8000  data_time: 0.0028  time: 0.0565
2025/03/09 19:51:10 - mmengine - INFO - Iter(train) [ 73550/160000]  lr: 1.0000e-04  eta: 6:24:06  time: 0.2544  data_time: 0.0080  memory: 9163  loss: 0.0269  decode.loss_ce: 0.0269  decode.acc_seg: 99.2908
2025/03/09 19:51:23 - mmengine - INFO - Iter(train) [ 73600/160000]  lr: 1.0000e-04  eta: 6:23:52  time: 0.2514  data_time: 0.0073  memory: 9163  loss: 0.0255  decode.loss_ce: 0.0255  decode.acc_seg: 99.3162
2025/03/09 19:51:36 - mmengine - INFO - Iter(train) [ 73650/160000]  lr: 1.0000e-04  eta: 6:23:38  time: 0.2513  data_time: 0.0072  memory: 9163  loss: 0.0211  decode.loss_ce: 0.0211  decode.acc_seg: 99.1580
2025/03/09 19:51:48 - mmengine - INFO - Iter(train) [ 73700/160000]  lr: 1.0000e-04  eta: 6:23:24  time: 0.2526  data_time: 0.0076  memory: 9163  loss: 0.0178  decode.loss_ce: 0.0178  decode.acc_seg: 99.6635
2025/03/09 19:52:01 - mmengine - INFO - Iter(train) [ 73750/160000]  lr: 1.0000e-04  eta: 6:23:10  time: 0.2542  data_time: 0.0074  memory: 9163  loss: 0.0239  decode.loss_ce: 0.0239  decode.acc_seg: 99.9253
2025/03/09 19:52:14 - mmengine - INFO - Iter(train) [ 73800/160000]  lr: 1.0000e-04  eta: 6:22:56  time: 0.2541  data_time: 0.0074  memory: 9163  loss: 0.0400  decode.loss_ce: 0.0400  decode.acc_seg: 99.7023
2025/03/09 19:52:27 - mmengine - INFO - Iter(train) [ 73850/160000]  lr: 1.0000e-04  eta: 6:22:42  time: 0.2540  data_time: 0.0079  memory: 9163  loss: 0.0317  decode.loss_ce: 0.0317  decode.acc_seg: 99.0764
2025/03/09 19:52:39 - mmengine - INFO - Iter(train) [ 73900/160000]  lr: 1.0000e-04  eta: 6:22:28  time: 0.2547  data_time: 0.0078  memory: 9163  loss: 0.0405  decode.loss_ce: 0.0405  decode.acc_seg: 98.8570
2025/03/09 19:52:52 - mmengine - INFO - Iter(train) [ 73950/160000]  lr: 1.0000e-04  eta: 6:22:14  time: 0.2555  data_time: 0.0083  memory: 9163  loss: 0.0325  decode.loss_ce: 0.0325  decode.acc_seg: 98.4544
2025/03/09 19:53:05 - mmengine - INFO - Exp name: efficient_20250309_140341
2025/03/09 19:53:05 - mmengine - INFO - Iter(train) [ 74000/160000]  lr: 1.0000e-04  eta: 6:22:00  time: 0.2541  data_time: 0.0077  memory: 9163  loss: 0.0304  decode.loss_ce: 0.0304  decode.acc_seg: 98.5078
2025/03/09 19:53:17 - mmengine - INFO - Iter(train) [ 74050/160000]  lr: 1.0000e-04  eta: 6:21:46  time: 0.2544  data_time: 0.0080  memory: 9163  loss: 0.0416  decode.loss_ce: 0.0416  decode.acc_seg: 99.0101
2025/03/09 19:53:30 - mmengine - INFO - Iter(train) [ 74100/160000]  lr: 1.0000e-04  eta: 6:21:32  time: 0.2544  data_time: 0.0079  memory: 9163  loss: 0.0408  decode.loss_ce: 0.0408  decode.acc_seg: 97.9035
2025/03/09 19:53:43 - mmengine - INFO - Iter(train) [ 74150/160000]  lr: 1.0000e-04  eta: 6:21:17  time: 0.2534  data_time: 0.0079  memory: 9163  loss: 0.0238  decode.loss_ce: 0.0238  decode.acc_seg: 98.9261
2025/03/09 19:53:56 - mmengine - INFO - Iter(train) [ 74200/160000]  lr: 1.0000e-04  eta: 6:21:03  time: 0.2541  data_time: 0.0079  memory: 9163  loss: 0.0597  decode.loss_ce: 0.0597  decode.acc_seg: 99.6248
2025/03/09 19:54:08 - mmengine - INFO - Iter(train) [ 74250/160000]  lr: 1.0000e-04  eta: 6:20:49  time: 0.2536  data_time: 0.0078  memory: 9163  loss: 0.0294  decode.loss_ce: 0.0294  decode.acc_seg: 96.6107
2025/03/09 19:54:21 - mmengine - INFO - Iter(train) [ 74300/160000]  lr: 1.0000e-04  eta: 6:20:35  time: 0.2534  data_time: 0.0075  memory: 9163  loss: 0.0289  decode.loss_ce: 0.0289  decode.acc_seg: 97.0207
2025/03/09 19:54:34 - mmengine - INFO - Iter(train) [ 74350/160000]  lr: 1.0000e-04  eta: 6:20:21  time: 0.2556  data_time: 0.0077  memory: 9163  loss: 0.0236  decode.loss_ce: 0.0236  decode.acc_seg: 98.9534
2025/03/09 19:54:46 - mmengine - INFO - Iter(train) [ 74400/160000]  lr: 1.0000e-04  eta: 6:20:07  time: 0.2544  data_time: 0.0077  memory: 9163  loss: 0.0370  decode.loss_ce: 0.0370  decode.acc_seg: 98.7906
2025/03/09 19:54:59 - mmengine - INFO - Iter(train) [ 74450/160000]  lr: 1.0000e-04  eta: 6:19:53  time: 0.2539  data_time: 0.0079  memory: 9163  loss: 0.0274  decode.loss_ce: 0.0274  decode.acc_seg: 99.3212
2025/03/09 19:55:12 - mmengine - INFO - Iter(train) [ 74500/160000]  lr: 1.0000e-04  eta: 6:19:39  time: 0.2549  data_time: 0.0073  memory: 9163  loss: 0.0234  decode.loss_ce: 0.0234  decode.acc_seg: 99.8160
2025/03/09 19:55:25 - mmengine - INFO - Iter(train) [ 74550/160000]  lr: 1.0000e-04  eta: 6:19:25  time: 0.2674  data_time: 0.0093  memory: 9163  loss: 0.0187  decode.loss_ce: 0.0187  decode.acc_seg: 99.3786
2025/03/09 19:55:39 - mmengine - INFO - Iter(train) [ 74600/160000]  lr: 1.0000e-04  eta: 6:19:13  time: 0.2642  data_time: 0.0086  memory: 9163  loss: 0.0132  decode.loss_ce: 0.0132  decode.acc_seg: 99.4311
2025/03/09 19:55:52 - mmengine - INFO - Iter(train) [ 74650/160000]  lr: 1.0000e-04  eta: 6:18:59  time: 0.2601  data_time: 0.0088  memory: 9163  loss: 0.0255  decode.loss_ce: 0.0255  decode.acc_seg: 98.6544
2025/03/09 19:56:45 - mmengine - INFO - Iter(train) [ 74700/160000]  lr: 1.0000e-04  eta: 6:19:32  time: 0.2497  data_time: 0.0076  memory: 9163  loss: 0.0435  decode.loss_ce: 0.0435  decode.acc_seg: 92.7084
2025/03/09 19:56:58 - mmengine - INFO - Iter(train) [ 74750/160000]  lr: 1.0000e-04  eta: 6:19:18  time: 0.2502  data_time: 0.0076  memory: 9163  loss: 0.0229  decode.loss_ce: 0.0229  decode.acc_seg: 99.4323
2025/03/09 19:57:11 - mmengine - INFO - Iter(train) [ 74800/160000]  lr: 1.0000e-04  eta: 6:19:03  time: 0.2530  data_time: 0.0077  memory: 9163  loss: 0.0310  decode.loss_ce: 0.0310  decode.acc_seg: 98.3744
2025/03/09 19:57:11 - mmengine - INFO - Saving checkpoint at 74800 iterations
2025/03/09 19:57:27 - mmengine - INFO - Iter(train) [ 74850/160000]  lr: 1.0000e-04  eta: 6:18:53  time: 0.2552  data_time: 0.0075  memory: 9163  loss: 0.0277  decode.loss_ce: 0.0277  decode.acc_seg: 99.7478
2025/03/09 19:57:39 - mmengine - INFO - Iter(train) [ 74900/160000]  lr: 1.0000e-04  eta: 6:18:39  time: 0.2533  data_time: 0.0079  memory: 9163  loss: 0.0302  decode.loss_ce: 0.0302  decode.acc_seg: 99.3627
2025/03/09 19:57:52 - mmengine - INFO - Iter(train) [ 74950/160000]  lr: 1.0000e-04  eta: 6:18:25  time: 0.2548  data_time: 0.0076  memory: 9163  loss: 0.0306  decode.loss_ce: 0.0306  decode.acc_seg: 98.7772
2025/03/09 19:58:05 - mmengine - INFO - Exp name: efficient_20250309_140341
2025/03/09 19:58:05 - mmengine - INFO - Iter(train) [ 75000/160000]  lr: 1.0000e-04  eta: 6:18:11  time: 0.2543  data_time: 0.0077  memory: 9163  loss: 0.0418  decode.loss_ce: 0.0418  decode.acc_seg: 98.2132
2025/03/09 19:58:17 - mmengine - INFO - Iter(train) [ 75050/160000]  lr: 1.0000e-04  eta: 6:17:57  time: 0.2551  data_time: 0.0078  memory: 9163  loss: 0.0419  decode.loss_ce: 0.0419  decode.acc_seg: 93.7718
2025/03/09 19:58:30 - mmengine - INFO - Iter(train) [ 75100/160000]  lr: 1.0000e-04  eta: 6:17:43  time: 0.2562  data_time: 0.0078  memory: 9163  loss: 0.0169  decode.loss_ce: 0.0169  decode.acc_seg: 98.7382
2025/03/09 19:58:43 - mmengine - INFO - Iter(train) [ 75150/160000]  lr: 1.0000e-04  eta: 6:17:29  time: 0.2550  data_time: 0.0080  memory: 9163  loss: 0.0512  decode.loss_ce: 0.0512  decode.acc_seg: 99.7266
2025/03/09 19:58:56 - mmengine - INFO - Iter(train) [ 75200/160000]  lr: 1.0000e-04  eta: 6:17:15  time: 0.2552  data_time: 0.0082  memory: 9163  loss: 0.0252  decode.loss_ce: 0.0252  decode.acc_seg: 98.4229
2025/03/09 19:59:09 - mmengine - INFO - Iter(train) [ 75250/160000]  lr: 1.0000e-04  eta: 6:17:01  time: 0.2548  data_time: 0.0074  memory: 9163  loss: 0.0306  decode.loss_ce: 0.0306  decode.acc_seg: 99.5036
2025/03/09 19:59:21 - mmengine - INFO - Iter(train) [ 75300/160000]  lr: 1.0000e-04  eta: 6:16:47  time: 0.2550  data_time: 0.0077  memory: 9163  loss: 0.0194  decode.loss_ce: 0.0194  decode.acc_seg: 99.8112
2025/03/09 19:59:34 - mmengine - INFO - Iter(train) [ 75350/160000]  lr: 1.0000e-04  eta: 6:16:33  time: 0.2540  data_time: 0.0083  memory: 9163  loss: 0.0212  decode.loss_ce: 0.0212  decode.acc_seg: 96.7340
2025/03/09 19:59:47 - mmengine - INFO - Iter(train) [ 75400/160000]  lr: 1.0000e-04  eta: 6:16:19  time: 0.2537  data_time: 0.0080  memory: 9163  loss: 0.0266  decode.loss_ce: 0.0266  decode.acc_seg: 98.5638
2025/03/09 20:00:00 - mmengine - INFO - Iter(train) [ 75450/160000]  lr: 1.0000e-04  eta: 6:16:05  time: 0.2551  data_time: 0.0078  memory: 9163  loss: 0.0195  decode.loss_ce: 0.0195  decode.acc_seg: 99.5080
2025/03/09 20:00:12 - mmengine - INFO - Iter(train) [ 75500/160000]  lr: 1.0000e-04  eta: 6:15:51  time: 0.2520  data_time: 0.0076  memory: 9163  loss: 0.0341  decode.loss_ce: 0.0341  decode.acc_seg: 97.2354
2025/03/09 20:00:25 - mmengine - INFO - Iter(train) [ 75550/160000]  lr: 1.0000e-04  eta: 6:15:37  time: 0.2547  data_time: 0.0078  memory: 9163  loss: 0.0345  decode.loss_ce: 0.0345  decode.acc_seg: 97.9575
2025/03/09 20:00:38 - mmengine - INFO - Iter(train) [ 75600/160000]  lr: 1.0000e-04  eta: 6:15:23  time: 0.2547  data_time: 0.0077  memory: 9163  loss: 0.0311  decode.loss_ce: 0.0311  decode.acc_seg: 99.4678
2025/03/09 20:00:50 - mmengine - INFO - Iter(train) [ 75650/160000]  lr: 1.0000e-04  eta: 6:15:09  time: 0.2556  data_time: 0.0080  memory: 9163  loss: 0.0240  decode.loss_ce: 0.0240  decode.acc_seg: 99.7686
2025/03/09 20:01:03 - mmengine - INFO - Iter(train) [ 75700/160000]  lr: 1.0000e-04  eta: 6:14:54  time: 0.2542  data_time: 0.0079  memory: 9163  loss: 0.0249  decode.loss_ce: 0.0249  decode.acc_seg: 96.7253
2025/03/09 20:01:16 - mmengine - INFO - Iter(train) [ 75750/160000]  lr: 1.0000e-04  eta: 6:14:40  time: 0.2544  data_time: 0.0077  memory: 9163  loss: 0.0173  decode.loss_ce: 0.0173  decode.acc_seg: 100.0000
2025/03/09 20:01:29 - mmengine - INFO - Iter(train) [ 75800/160000]  lr: 1.0000e-04  eta: 6:14:26  time: 0.2549  data_time: 0.0077  memory: 9163  loss: 0.0280  decode.loss_ce: 0.0280  decode.acc_seg: 99.6583
2025/03/09 20:01:41 - mmengine - INFO - Iter(train) [ 75850/160000]  lr: 1.0000e-04  eta: 6:14:12  time: 0.2549  data_time: 0.0078  memory: 9163  loss: 0.0211  decode.loss_ce: 0.0211  decode.acc_seg: 99.4194
2025/03/09 20:01:54 - mmengine - INFO - Iter(train) [ 75900/160000]  lr: 1.0000e-04  eta: 6:13:58  time: 0.2519  data_time: 0.0075  memory: 9163  loss: 0.0350  decode.loss_ce: 0.0350  decode.acc_seg: 98.3956
2025/03/09 20:02:07 - mmengine - INFO - Iter(train) [ 75950/160000]  lr: 1.0000e-04  eta: 6:13:44  time: 0.2545  data_time: 0.0077  memory: 9163  loss: 0.0382  decode.loss_ce: 0.0382  decode.acc_seg: 98.1965
2025/03/09 20:02:20 - mmengine - INFO - Exp name: efficient_20250309_140341
2025/03/09 20:02:20 - mmengine - INFO - Iter(train) [ 76000/160000]  lr: 1.0000e-04  eta: 6:13:30  time: 0.2547  data_time: 0.0078  memory: 9163  loss: 0.0261  decode.loss_ce: 0.0261  decode.acc_seg: 99.6809
2025/03/09 20:02:32 - mmengine - INFO - Iter(train) [ 76050/160000]  lr: 1.0000e-04  eta: 6:13:16  time: 0.2532  data_time: 0.0085  memory: 9163  loss: 0.0182  decode.loss_ce: 0.0182  decode.acc_seg: 99.9484
2025/03/09 20:02:45 - mmengine - INFO - Iter(train) [ 76100/160000]  lr: 1.0000e-04  eta: 6:13:02  time: 0.2543  data_time: 0.0077  memory: 9163  loss: 0.0280  decode.loss_ce: 0.0280  decode.acc_seg: 99.0633
2025/03/09 20:02:58 - mmengine - INFO - Iter(train) [ 76150/160000]  lr: 1.0000e-04  eta: 6:12:48  time: 0.2555  data_time: 0.0077  memory: 9163  loss: 0.0355  decode.loss_ce: 0.0355  decode.acc_seg: 98.1817
2025/03/09 20:03:11 - mmengine - INFO - Iter(train) [ 76200/160000]  lr: 1.0000e-04  eta: 6:12:34  time: 0.2532  data_time: 0.0074  memory: 9163  loss: 0.0263  decode.loss_ce: 0.0263  decode.acc_seg: 98.5986
2025/03/09 20:03:23 - mmengine - INFO - Iter(train) [ 76250/160000]  lr: 1.0000e-04  eta: 6:12:20  time: 0.2556  data_time: 0.0078  memory: 9163  loss: 0.0362  decode.loss_ce: 0.0362  decode.acc_seg: 98.1915
2025/03/09 20:03:36 - mmengine - INFO - Iter(train) [ 76300/160000]  lr: 1.0000e-04  eta: 6:12:06  time: 0.2538  data_time: 0.0083  memory: 9163  loss: 0.0288  decode.loss_ce: 0.0288  decode.acc_seg: 99.4904
2025/03/09 20:03:49 - mmengine - INFO - Iter(train) [ 76350/160000]  lr: 1.0000e-04  eta: 6:11:52  time: 0.2547  data_time: 0.0078  memory: 9163  loss: 0.0321  decode.loss_ce: 0.0321  decode.acc_seg: 99.1586
2025/03/09 20:04:02 - mmengine - INFO - Iter(train) [ 76400/160000]  lr: 1.0000e-04  eta: 6:11:38  time: 0.2544  data_time: 0.0077  memory: 9163  loss: 0.0289  decode.loss_ce: 0.0289  decode.acc_seg: 99.7592
2025/03/09 20:04:14 - mmengine - INFO - Iter(train) [ 76450/160000]  lr: 1.0000e-04  eta: 6:11:24  time: 0.2551  data_time: 0.0075  memory: 9163  loss: 0.0517  decode.loss_ce: 0.0517  decode.acc_seg: 97.7173
2025/03/09 20:04:27 - mmengine - INFO - Iter(train) [ 76500/160000]  lr: 1.0000e-04  eta: 6:11:10  time: 0.2529  data_time: 0.0074  memory: 9163  loss: 0.0193  decode.loss_ce: 0.0193  decode.acc_seg: 99.0397
2025/03/09 20:04:40 - mmengine - INFO - Iter(train) [ 76550/160000]  lr: 1.0000e-04  eta: 6:10:56  time: 0.2547  data_time: 0.0079  memory: 9163  loss: 0.0234  decode.loss_ce: 0.0234  decode.acc_seg: 98.2156
2025/03/09 20:04:53 - mmengine - INFO - Iter(train) [ 76600/160000]  lr: 1.0000e-04  eta: 6:10:43  time: 0.2560  data_time: 0.0078  memory: 9163  loss: 0.0277  decode.loss_ce: 0.0277  decode.acc_seg: 99.7127
2025/03/09 20:05:05 - mmengine - INFO - Iter(train) [ 76650/160000]  lr: 1.0000e-04  eta: 6:10:29  time: 0.2553  data_time: 0.0080  memory: 9163  loss: 0.0513  decode.loss_ce: 0.0513  decode.acc_seg: 96.4151
2025/03/09 20:05:18 - mmengine - INFO - Iter(train) [ 76700/160000]  lr: 1.0000e-04  eta: 6:10:15  time: 0.2531  data_time: 0.0081  memory: 9163  loss: 0.0351  decode.loss_ce: 0.0351  decode.acc_seg: 95.3863
2025/03/09 20:05:31 - mmengine - INFO - Iter(train) [ 76750/160000]  lr: 1.0000e-04  eta: 6:10:00  time: 0.2520  data_time: 0.0076  memory: 9163  loss: 0.0302  decode.loss_ce: 0.0302  decode.acc_seg: 99.6851
2025/03/09 20:05:44 - mmengine - INFO - Iter(train) [ 76800/160000]  lr: 1.0000e-04  eta: 6:09:46  time: 0.2549  data_time: 0.0079  memory: 9163  loss: 0.0247  decode.loss_ce: 0.0247  decode.acc_seg: 98.7274
2025/03/09 20:05:56 - mmengine - INFO - Iter(train) [ 76850/160000]  lr: 1.0000e-04  eta: 6:09:33  time: 0.2543  data_time: 0.0086  memory: 9163  loss: 0.0309  decode.loss_ce: 0.0309  decode.acc_seg: 97.0421
2025/03/09 20:06:09 - mmengine - INFO - Iter(train) [ 76900/160000]  lr: 1.0000e-04  eta: 6:09:19  time: 0.2546  data_time: 0.0076  memory: 9163  loss: 0.0240  decode.loss_ce: 0.0240  decode.acc_seg: 99.4154
2025/03/09 20:06:22 - mmengine - INFO - Iter(train) [ 76950/160000]  lr: 1.0000e-04  eta: 6:09:05  time: 0.2535  data_time: 0.0077  memory: 9163  loss: 0.0303  decode.loss_ce: 0.0303  decode.acc_seg: 98.9784
2025/03/09 20:06:35 - mmengine - INFO - Exp name: efficient_20250309_140341
2025/03/09 20:06:35 - mmengine - INFO - Iter(train) [ 77000/160000]  lr: 1.0000e-04  eta: 6:08:51  time: 0.2550  data_time: 0.0079  memory: 9163  loss: 0.0330  decode.loss_ce: 0.0330  decode.acc_seg: 98.5798
2025/03/09 20:06:38 - mmengine - INFO - Iter(val) [ 50/869]    eta: 0:00:49  time: 0.0564  data_time: 0.0029  memory: 636  
2025/03/09 20:06:41 - mmengine - INFO - Iter(val) [100/869]    eta: 0:00:45  time: 0.0605  data_time: 0.0028  memory: 636  
2025/03/09 20:06:43 - mmengine - INFO - Iter(val) [150/869]    eta: 0:00:42  time: 0.0581  data_time: 0.0026  memory: 636  
2025/03/09 20:06:46 - mmengine - INFO - Iter(val) [200/869]    eta: 0:00:38  time: 0.0563  data_time: 0.0026  memory: 636  
2025/03/09 20:06:49 - mmengine - INFO - Iter(val) [250/869]    eta: 0:00:35  time: 0.0588  data_time: 0.0026  memory: 636  
2025/03/09 20:06:52 - mmengine - INFO - Iter(val) [300/869]    eta: 0:00:32  time: 0.0558  data_time: 0.0026  memory: 636  
2025/03/09 20:06:55 - mmengine - INFO - Iter(val) [350/869]    eta: 0:00:29  time: 0.0557  data_time: 0.0026  memory: 636  
2025/03/09 20:06:58 - mmengine - INFO - Iter(val) [400/869]    eta: 0:00:26  time: 0.0557  data_time: 0.0027  memory: 636  
2025/03/09 20:07:00 - mmengine - INFO - Iter(val) [450/869]    eta: 0:00:23  time: 0.0578  data_time: 0.0025  memory: 636  
2025/03/09 20:07:03 - mmengine - INFO - Iter(val) [500/869]    eta: 0:00:21  time: 0.0560  data_time: 0.0025  memory: 636  
2025/03/09 20:07:06 - mmengine - INFO - Iter(val) [550/869]    eta: 0:00:18  time: 0.0573  data_time: 0.0024  memory: 636  
2025/03/09 20:07:09 - mmengine - INFO - Iter(val) [600/869]    eta: 0:00:15  time: 0.0559  data_time: 0.0025  memory: 636  
2025/03/09 20:07:12 - mmengine - INFO - Iter(val) [650/869]    eta: 0:00:12  time: 0.0556  data_time: 0.0024  memory: 636  
2025/03/09 20:07:15 - mmengine - INFO - Iter(val) [700/869]    eta: 0:00:09  time: 0.0558  data_time: 0.0025  memory: 636  
2025/03/09 20:07:17 - mmengine - INFO - Iter(val) [750/869]    eta: 0:00:06  time: 0.0604  data_time: 0.0027  memory: 636  
2025/03/09 20:07:20 - mmengine - INFO - Iter(val) [800/869]    eta: 0:00:03  time: 0.0561  data_time: 0.0027  memory: 636  
2025/03/09 20:07:23 - mmengine - INFO - Iter(val) [850/869]    eta: 0:00:01  time: 0.0560  data_time: 0.0025  memory: 636  
2025/03/09 20:07:24 - mmengine - INFO - per class results:
2025/03/09 20:07:24 - mmengine - INFO - 
+------------+-------+-------+--------+-----------+--------+
|   Class    |  IoU  |  Acc  | Fscore | Precision | Recall |
+------------+-------+-------+--------+-----------+--------+
| background | 97.08 | 97.78 | 98.52  |   99.27   | 97.78  |
|    ghaf    | 54.57 | 83.04 | 70.61  |   61.42   | 83.04  |
+------------+-------+-------+--------+-----------+--------+
2025/03/09 20:07:24 - mmengine - INFO - Iter(val) [869/869]    aAcc: 97.1800  mIoU: 75.8200  mAcc: 90.4100  mFscore: 84.5600  mPrecision: 80.3400  mRecall: 90.4100  data_time: 0.0027  time: 0.0569
2025/03/09 20:07:37 - mmengine - INFO - Iter(train) [ 77050/160000]  lr: 1.0000e-04  eta: 6:08:37  time: 0.2549  data_time: 0.0076  memory: 9163  loss: 0.0213  decode.loss_ce: 0.0213  decode.acc_seg: 99.3481
2025/03/09 20:07:50 - mmengine - INFO - Iter(train) [ 77100/160000]  lr: 1.0000e-04  eta: 6:08:23  time: 0.2547  data_time: 0.0078  memory: 9163  loss: 0.0193  decode.loss_ce: 0.0193  decode.acc_seg: 99.4985
2025/03/09 20:08:02 - mmengine - INFO - Iter(train) [ 77150/160000]  lr: 1.0000e-04  eta: 6:08:09  time: 0.2541  data_time: 0.0078  memory: 9163  loss: 0.0275  decode.loss_ce: 0.0275  decode.acc_seg: 98.5263
2025/03/09 20:08:15 - mmengine - INFO - Iter(train) [ 77200/160000]  lr: 1.0000e-04  eta: 6:07:55  time: 0.2549  data_time: 0.0079  memory: 9163  loss: 0.0348  decode.loss_ce: 0.0348  decode.acc_seg: 99.0898
2025/03/09 20:08:28 - mmengine - INFO - Iter(train) [ 77250/160000]  lr: 1.0000e-04  eta: 6:07:41  time: 0.2547  data_time: 0.0078  memory: 9163  loss: 0.0267  decode.loss_ce: 0.0267  decode.acc_seg: 99.8120
2025/03/09 20:08:40 - mmengine - INFO - Iter(train) [ 77300/160000]  lr: 1.0000e-04  eta: 6:07:27  time: 0.2549  data_time: 0.0082  memory: 9163  loss: 0.0225  decode.loss_ce: 0.0225  decode.acc_seg: 98.1823
2025/03/09 20:08:53 - mmengine - INFO - Iter(train) [ 77350/160000]  lr: 1.0000e-04  eta: 6:07:13  time: 0.2550  data_time: 0.0076  memory: 9163  loss: 0.0379  decode.loss_ce: 0.0379  decode.acc_seg: 98.5974
2025/03/09 20:09:06 - mmengine - INFO - Iter(train) [ 77400/160000]  lr: 1.0000e-04  eta: 6:06:59  time: 0.2549  data_time: 0.0077  memory: 9163  loss: 0.0281  decode.loss_ce: 0.0281  decode.acc_seg: 98.7339
2025/03/09 20:09:19 - mmengine - INFO - Iter(train) [ 77450/160000]  lr: 1.0000e-04  eta: 6:06:45  time: 0.2530  data_time: 0.0074  memory: 9163  loss: 0.0270  decode.loss_ce: 0.0270  decode.acc_seg: 99.7015
2025/03/09 20:09:31 - mmengine - INFO - Iter(train) [ 77500/160000]  lr: 1.0000e-04  eta: 6:06:31  time: 0.2534  data_time: 0.0074  memory: 9163  loss: 0.0366  decode.loss_ce: 0.0366  decode.acc_seg: 99.8590
2025/03/09 20:09:44 - mmengine - INFO - Iter(train) [ 77550/160000]  lr: 1.0000e-04  eta: 6:06:17  time: 0.2550  data_time: 0.0079  memory: 9163  loss: 0.0269  decode.loss_ce: 0.0269  decode.acc_seg: 99.6988
2025/03/09 20:09:57 - mmengine - INFO - Iter(train) [ 77600/160000]  lr: 1.0000e-04  eta: 6:06:03  time: 0.2548  data_time: 0.0077  memory: 9163  loss: 0.0341  decode.loss_ce: 0.0341  decode.acc_seg: 97.6616
2025/03/09 20:10:09 - mmengine - INFO - Iter(train) [ 77650/160000]  lr: 1.0000e-04  eta: 6:05:49  time: 0.2543  data_time: 0.0078  memory: 9163  loss: 0.0320  decode.loss_ce: 0.0320  decode.acc_seg: 99.5632
2025/03/09 20:10:22 - mmengine - INFO - Iter(train) [ 77700/160000]  lr: 1.0000e-04  eta: 6:05:35  time: 0.2520  data_time: 0.0076  memory: 9163  loss: 0.0270  decode.loss_ce: 0.0270  decode.acc_seg: 98.0956
2025/03/09 20:10:35 - mmengine - INFO - Iter(train) [ 77750/160000]  lr: 1.0000e-04  eta: 6:05:21  time: 0.2546  data_time: 0.0078  memory: 9163  loss: 0.0314  decode.loss_ce: 0.0314  decode.acc_seg: 99.4535
2025/03/09 20:10:48 - mmengine - INFO - Iter(train) [ 77800/160000]  lr: 1.0000e-04  eta: 6:05:07  time: 0.2548  data_time: 0.0075  memory: 9163  loss: 0.0272  decode.loss_ce: 0.0272  decode.acc_seg: 99.2167
2025/03/09 20:11:00 - mmengine - INFO - Iter(train) [ 77850/160000]  lr: 1.0000e-04  eta: 6:04:53  time: 0.2564  data_time: 0.0078  memory: 9163  loss: 0.0236  decode.loss_ce: 0.0236  decode.acc_seg: 99.9521
2025/03/09 20:11:13 - mmengine - INFO - Iter(train) [ 77900/160000]  lr: 1.0000e-04  eta: 6:04:39  time: 0.2537  data_time: 0.0077  memory: 9163  loss: 0.0408  decode.loss_ce: 0.0408  decode.acc_seg: 99.2074
2025/03/09 20:11:26 - mmengine - INFO - Iter(train) [ 77950/160000]  lr: 1.0000e-04  eta: 6:04:25  time: 0.2549  data_time: 0.0076  memory: 9163  loss: 0.0272  decode.loss_ce: 0.0272  decode.acc_seg: 99.4551
2025/03/09 20:11:38 - mmengine - INFO - Exp name: efficient_20250309_140341
2025/03/09 20:11:38 - mmengine - INFO - Iter(train) [ 78000/160000]  lr: 1.0000e-04  eta: 6:04:11  time: 0.2519  data_time: 0.0080  memory: 9163  loss: 0.0152  decode.loss_ce: 0.0152  decode.acc_seg: 99.8332
2025/03/09 20:11:51 - mmengine - INFO - Iter(train) [ 78050/160000]  lr: 1.0000e-04  eta: 6:03:57  time: 0.2541  data_time: 0.0078  memory: 9163  loss: 0.0235  decode.loss_ce: 0.0235  decode.acc_seg: 98.6481
2025/03/09 20:12:04 - mmengine - INFO - Iter(train) [ 78100/160000]  lr: 1.0000e-04  eta: 6:03:43  time: 0.2521  data_time: 0.0076  memory: 9163  loss: 0.0495  decode.loss_ce: 0.0495  decode.acc_seg: 96.3440
2025/03/09 20:12:16 - mmengine - INFO - Iter(train) [ 78150/160000]  lr: 1.0000e-04  eta: 6:03:29  time: 0.2538  data_time: 0.0076  memory: 9163  loss: 0.0312  decode.loss_ce: 0.0312  decode.acc_seg: 99.5693
2025/03/09 20:12:29 - mmengine - INFO - Iter(train) [ 78200/160000]  lr: 1.0000e-04  eta: 6:03:15  time: 0.2557  data_time: 0.0082  memory: 9163  loss: 0.0297  decode.loss_ce: 0.0297  decode.acc_seg: 99.2620
2025/03/09 20:12:29 - mmengine - INFO - Saving checkpoint at 78200 iterations
2025/03/09 20:12:44 - mmengine - INFO - Iter(train) [ 78250/160000]  lr: 1.0000e-04  eta: 6:03:03  time: 0.2544  data_time: 0.0077  memory: 9163  loss: 0.0253  decode.loss_ce: 0.0253  decode.acc_seg: 98.9410
2025/03/09 20:12:56 - mmengine - INFO - Iter(train) [ 78300/160000]  lr: 1.0000e-04  eta: 6:02:49  time: 0.2538  data_time: 0.0077  memory: 9163  loss: 0.0372  decode.loss_ce: 0.0372  decode.acc_seg: 98.6253
2025/03/09 20:13:09 - mmengine - INFO - Iter(train) [ 78350/160000]  lr: 1.0000e-04  eta: 6:02:35  time: 0.2525  data_time: 0.0076  memory: 9163  loss: 0.0189  decode.loss_ce: 0.0189  decode.acc_seg: 100.0000
2025/03/09 20:13:22 - mmengine - INFO - Iter(train) [ 78400/160000]  lr: 1.0000e-04  eta: 6:02:21  time: 0.2551  data_time: 0.0078  memory: 9163  loss: 0.0402  decode.loss_ce: 0.0402  decode.acc_seg: 99.8526
2025/03/09 20:13:35 - mmengine - INFO - Iter(train) [ 78450/160000]  lr: 1.0000e-04  eta: 6:02:07  time: 0.2547  data_time: 0.0078  memory: 9163  loss: 0.0227  decode.loss_ce: 0.0227  decode.acc_seg: 98.9822
2025/03/09 20:13:47 - mmengine - INFO - Iter(train) [ 78500/160000]  lr: 1.0000e-04  eta: 6:01:53  time: 0.2549  data_time: 0.0081  memory: 9163  loss: 0.0167  decode.loss_ce: 0.0167  decode.acc_seg: 99.9900
2025/03/09 20:14:00 - mmengine - INFO - Iter(train) [ 78550/160000]  lr: 1.0000e-04  eta: 6:01:39  time: 0.2550  data_time: 0.0082  memory: 9163  loss: 0.0267  decode.loss_ce: 0.0267  decode.acc_seg: 98.4105
2025/03/09 20:14:13 - mmengine - INFO - Iter(train) [ 78600/160000]  lr: 1.0000e-04  eta: 6:01:25  time: 0.2545  data_time: 0.0079  memory: 9163  loss: 0.0469  decode.loss_ce: 0.0469  decode.acc_seg: 99.0399
2025/03/09 20:14:26 - mmengine - INFO - Iter(train) [ 78650/160000]  lr: 1.0000e-04  eta: 6:01:11  time: 0.2552  data_time: 0.0080  memory: 9163  loss: 0.0218  decode.loss_ce: 0.0218  decode.acc_seg: 99.8013
2025/03/09 20:14:38 - mmengine - INFO - Iter(train) [ 78700/160000]  lr: 1.0000e-04  eta: 6:00:57  time: 0.2549  data_time: 0.0082  memory: 9163  loss: 0.0252  decode.loss_ce: 0.0252  decode.acc_seg: 99.0852
2025/03/09 20:14:51 - mmengine - INFO - Iter(train) [ 78750/160000]  lr: 1.0000e-04  eta: 6:00:43  time: 0.2556  data_time: 0.0080  memory: 9163  loss: 0.0337  decode.loss_ce: 0.0337  decode.acc_seg: 99.4184
2025/03/09 20:15:04 - mmengine - INFO - Iter(train) [ 78800/160000]  lr: 1.0000e-04  eta: 6:00:29  time: 0.2551  data_time: 0.0077  memory: 9163  loss: 0.0356  decode.loss_ce: 0.0356  decode.acc_seg: 99.6332
2025/03/09 20:15:16 - mmengine - INFO - Iter(train) [ 78850/160000]  lr: 1.0000e-04  eta: 6:00:15  time: 0.2546  data_time: 0.0077  memory: 9163  loss: 0.0293  decode.loss_ce: 0.0293  decode.acc_seg: 99.2630
2025/03/09 20:15:29 - mmengine - INFO - Iter(train) [ 78900/160000]  lr: 1.0000e-04  eta: 6:00:02  time: 0.2543  data_time: 0.0073  memory: 9163  loss: 0.0271  decode.loss_ce: 0.0271  decode.acc_seg: 99.5563
2025/03/09 20:15:42 - mmengine - INFO - Iter(train) [ 78950/160000]  lr: 1.0000e-04  eta: 5:59:48  time: 0.2541  data_time: 0.0078  memory: 9163  loss: 0.0354  decode.loss_ce: 0.0354  decode.acc_seg: 99.1972
2025/03/09 20:15:55 - mmengine - INFO - Exp name: efficient_20250309_140341
2025/03/09 20:15:55 - mmengine - INFO - Iter(train) [ 79000/160000]  lr: 1.0000e-04  eta: 5:59:34  time: 0.2551  data_time: 0.0075  memory: 9163  loss: 0.0300  decode.loss_ce: 0.0300  decode.acc_seg: 100.0000
2025/03/09 20:16:08 - mmengine - INFO - Iter(train) [ 79050/160000]  lr: 1.0000e-04  eta: 5:59:20  time: 0.2552  data_time: 0.0076  memory: 9163  loss: 0.0199  decode.loss_ce: 0.0199  decode.acc_seg: 99.1350
2025/03/09 20:16:20 - mmengine - INFO - Iter(train) [ 79100/160000]  lr: 1.0000e-04  eta: 5:59:06  time: 0.2538  data_time: 0.0077  memory: 9163  loss: 0.0286  decode.loss_ce: 0.0286  decode.acc_seg: 99.1887
2025/03/09 20:16:33 - mmengine - INFO - Iter(train) [ 79150/160000]  lr: 1.0000e-04  eta: 5:58:52  time: 0.2546  data_time: 0.0075  memory: 9163  loss: 0.0367  decode.loss_ce: 0.0367  decode.acc_seg: 96.6151
2025/03/09 20:16:46 - mmengine - INFO - Iter(train) [ 79200/160000]  lr: 1.0000e-04  eta: 5:58:38  time: 0.2528  data_time: 0.0076  memory: 9163  loss: 0.0184  decode.loss_ce: 0.0184  decode.acc_seg: 99.4164
2025/03/09 20:16:58 - mmengine - INFO - Iter(train) [ 79250/160000]  lr: 1.0000e-04  eta: 5:58:24  time: 0.2551  data_time: 0.0079  memory: 9163  loss: 0.0191  decode.loss_ce: 0.0191  decode.acc_seg: 99.5277
2025/03/09 20:17:11 - mmengine - INFO - Iter(train) [ 79300/160000]  lr: 1.0000e-04  eta: 5:58:10  time: 0.2542  data_time: 0.0080  memory: 9163  loss: 0.0182  decode.loss_ce: 0.0182  decode.acc_seg: 99.9317
2025/03/09 20:17:24 - mmengine - INFO - Iter(train) [ 79350/160000]  lr: 1.0000e-04  eta: 5:57:56  time: 0.2548  data_time: 0.0079  memory: 9163  loss: 0.0186  decode.loss_ce: 0.0186  decode.acc_seg: 98.9445
2025/03/09 20:17:37 - mmengine - INFO - Iter(train) [ 79400/160000]  lr: 1.0000e-04  eta: 5:57:42  time: 0.2550  data_time: 0.0079  memory: 9163  loss: 0.0240  decode.loss_ce: 0.0240  decode.acc_seg: 99.3859
2025/03/09 20:17:49 - mmengine - INFO - Iter(train) [ 79450/160000]  lr: 1.0000e-04  eta: 5:57:28  time: 0.2535  data_time: 0.0074  memory: 9163  loss: 0.0548  decode.loss_ce: 0.0548  decode.acc_seg: 94.6187
2025/03/09 20:18:02 - mmengine - INFO - Iter(train) [ 79500/160000]  lr: 1.0000e-04  eta: 5:57:14  time: 0.2539  data_time: 0.0079  memory: 9163  loss: 0.0269  decode.loss_ce: 0.0269  decode.acc_seg: 98.6099
2025/03/09 20:18:15 - mmengine - INFO - Iter(train) [ 79550/160000]  lr: 1.0000e-04  eta: 5:57:01  time: 0.2550  data_time: 0.0075  memory: 9163  loss: 0.0314  decode.loss_ce: 0.0314  decode.acc_seg: 98.4828
2025/03/09 20:18:27 - mmengine - INFO - Iter(train) [ 79600/160000]  lr: 1.0000e-04  eta: 5:56:47  time: 0.2544  data_time: 0.0086  memory: 9163  loss: 0.0207  decode.loss_ce: 0.0207  decode.acc_seg: 98.4757
2025/03/09 20:18:40 - mmengine - INFO - Iter(train) [ 79650/160000]  lr: 1.0000e-04  eta: 5:56:33  time: 0.2550  data_time: 0.0078  memory: 9163  loss: 0.0374  decode.loss_ce: 0.0374  decode.acc_seg: 96.9098
2025/03/09 20:18:53 - mmengine - INFO - Iter(train) [ 79700/160000]  lr: 1.0000e-04  eta: 5:56:19  time: 0.2547  data_time: 0.0079  memory: 9163  loss: 0.0204  decode.loss_ce: 0.0204  decode.acc_seg: 99.7709
2025/03/09 20:19:06 - mmengine - INFO - Iter(train) [ 79750/160000]  lr: 1.0000e-04  eta: 5:56:05  time: 0.2550  data_time: 0.0081  memory: 9163  loss: 0.0378  decode.loss_ce: 0.0378  decode.acc_seg: 98.4423
2025/03/09 20:19:18 - mmengine - INFO - Iter(train) [ 79800/160000]  lr: 1.0000e-04  eta: 5:55:51  time: 0.2547  data_time: 0.0077  memory: 9163  loss: 0.0202  decode.loss_ce: 0.0202  decode.acc_seg: 99.6106
2025/03/09 20:19:31 - mmengine - INFO - Iter(train) [ 79850/160000]  lr: 1.0000e-04  eta: 5:55:37  time: 0.2550  data_time: 0.0078  memory: 9163  loss: 0.0227  decode.loss_ce: 0.0227  decode.acc_seg: 98.8935
2025/03/09 20:19:44 - mmengine - INFO - Iter(train) [ 79900/160000]  lr: 1.0000e-04  eta: 5:55:23  time: 0.2547  data_time: 0.0076  memory: 9163  loss: 0.0281  decode.loss_ce: 0.0281  decode.acc_seg: 99.0551
2025/03/09 20:19:57 - mmengine - INFO - Iter(train) [ 79950/160000]  lr: 1.0000e-04  eta: 5:55:09  time: 0.2551  data_time: 0.0078  memory: 9163  loss: 0.0423  decode.loss_ce: 0.0423  decode.acc_seg: 97.9975
2025/03/09 20:20:09 - mmengine - INFO - Exp name: efficient_20250309_140341
2025/03/09 20:20:09 - mmengine - INFO - Iter(train) [ 80000/160000]  lr: 1.0000e-04  eta: 5:54:56  time: 0.2543  data_time: 0.0076  memory: 9163  loss: 0.0349  decode.loss_ce: 0.0349  decode.acc_seg: 99.3169
2025/03/09 20:20:22 - mmengine - INFO - Iter(train) [ 80050/160000]  lr: 1.0000e-04  eta: 5:54:42  time: 0.2545  data_time: 0.0075  memory: 9163  loss: 0.0239  decode.loss_ce: 0.0239  decode.acc_seg: 99.3616
2025/03/09 20:20:35 - mmengine - INFO - Iter(train) [ 80100/160000]  lr: 1.0000e-04  eta: 5:54:28  time: 0.2548  data_time: 0.0079  memory: 9163  loss: 0.0250  decode.loss_ce: 0.0250  decode.acc_seg: 99.7669
2025/03/09 20:20:48 - mmengine - INFO - Iter(train) [ 80150/160000]  lr: 1.0000e-04  eta: 5:54:14  time: 0.2548  data_time: 0.0075  memory: 9163  loss: 0.0222  decode.loss_ce: 0.0222  decode.acc_seg: 97.0777
2025/03/09 20:21:00 - mmengine - INFO - Iter(train) [ 80200/160000]  lr: 1.0000e-04  eta: 5:54:00  time: 0.2545  data_time: 0.0075  memory: 9163  loss: 0.0145  decode.loss_ce: 0.0145  decode.acc_seg: 99.7691
2025/03/09 20:21:13 - mmengine - INFO - Iter(train) [ 80250/160000]  lr: 1.0000e-04  eta: 5:53:46  time: 0.2553  data_time: 0.0081  memory: 9163  loss: 0.0174  decode.loss_ce: 0.0174  decode.acc_seg: 99.4374
2025/03/09 20:21:26 - mmengine - INFO - Iter(train) [ 80300/160000]  lr: 1.0000e-04  eta: 5:53:32  time: 0.2546  data_time: 0.0077  memory: 9163  loss: 0.0250  decode.loss_ce: 0.0250  decode.acc_seg: 98.8204
2025/03/09 20:21:39 - mmengine - INFO - Iter(train) [ 80350/160000]  lr: 1.0000e-04  eta: 5:53:18  time: 0.2522  data_time: 0.0074  memory: 9163  loss: 0.0227  decode.loss_ce: 0.0227  decode.acc_seg: 99.7953
2025/03/09 20:21:51 - mmengine - INFO - Iter(train) [ 80400/160000]  lr: 1.0000e-04  eta: 5:53:05  time: 0.2545  data_time: 0.0077  memory: 9163  loss: 0.0588  decode.loss_ce: 0.0588  decode.acc_seg: 100.0000
2025/03/09 20:22:04 - mmengine - INFO - Iter(train) [ 80450/160000]  lr: 1.0000e-04  eta: 5:52:51  time: 0.2548  data_time: 0.0077  memory: 9163  loss: 0.0334  decode.loss_ce: 0.0334  decode.acc_seg: 99.1133
2025/03/09 20:22:17 - mmengine - INFO - Iter(train) [ 80500/160000]  lr: 1.0000e-04  eta: 5:52:37  time: 0.2548  data_time: 0.0077  memory: 9163  loss: 0.0285  decode.loss_ce: 0.0285  decode.acc_seg: 99.8443
2025/03/09 20:22:20 - mmengine - INFO - Iter(val) [ 50/869]    eta: 0:00:48  time: 0.0561  data_time: 0.0027  memory: 636  
2025/03/09 20:22:23 - mmengine - INFO - Iter(val) [100/869]    eta: 0:00:44  time: 0.0560  data_time: 0.0027  memory: 636  
2025/03/09 20:22:26 - mmengine - INFO - Iter(val) [150/869]    eta: 0:00:41  time: 0.0562  data_time: 0.0024  memory: 636  
2025/03/09 20:22:28 - mmengine - INFO - Iter(val) [200/869]    eta: 0:00:38  time: 0.0557  data_time: 0.0024  memory: 636  
2025/03/09 20:22:31 - mmengine - INFO - Iter(val) [250/869]    eta: 0:00:35  time: 0.0590  data_time: 0.0026  memory: 636  
2025/03/09 20:22:34 - mmengine - INFO - Iter(val) [300/869]    eta: 0:00:32  time: 0.0579  data_time: 0.0024  memory: 636  
2025/03/09 20:22:37 - mmengine - INFO - Iter(val) [350/869]    eta: 0:00:29  time: 0.0558  data_time: 0.0026  memory: 636  
2025/03/09 20:22:40 - mmengine - INFO - Iter(val) [400/869]    eta: 0:00:26  time: 0.0561  data_time: 0.0027  memory: 636  
2025/03/09 20:22:43 - mmengine - INFO - Iter(val) [450/869]    eta: 0:00:23  time: 0.0584  data_time: 0.0029  memory: 636  
2025/03/09 20:22:46 - mmengine - INFO - Iter(val) [500/869]    eta: 0:00:21  time: 0.0560  data_time: 0.0029  memory: 636  
2025/03/09 20:22:48 - mmengine - INFO - Iter(val) [550/869]    eta: 0:00:18  time: 0.0559  data_time: 0.0025  memory: 636  
2025/03/09 20:22:51 - mmengine - INFO - Iter(val) [600/869]    eta: 0:00:15  time: 0.0563  data_time: 0.0023  memory: 636  
2025/03/09 20:22:54 - mmengine - INFO - Iter(val) [650/869]    eta: 0:00:12  time: 0.0570  data_time: 0.0026  memory: 636  
2025/03/09 20:22:57 - mmengine - INFO - Iter(val) [700/869]    eta: 0:00:09  time: 0.0554  data_time: 0.0023  memory: 636  
2025/03/09 20:23:00 - mmengine - INFO - Iter(val) [750/869]    eta: 0:00:06  time: 0.0558  data_time: 0.0028  memory: 636  
2025/03/09 20:23:03 - mmengine - INFO - Iter(val) [800/869]    eta: 0:00:03  time: 0.0584  data_time: 0.0028  memory: 636  
2025/03/09 20:23:05 - mmengine - INFO - Iter(val) [850/869]    eta: 0:00:01  time: 0.0558  data_time: 0.0024  memory: 636  
2025/03/09 20:23:06 - mmengine - INFO - per class results:
2025/03/09 20:23:06 - mmengine - INFO - 
+------------+-------+-------+--------+-----------+--------+
|   Class    |  IoU  |  Acc  | Fscore | Precision | Recall |
+------------+-------+-------+--------+-----------+--------+
| background | 97.18 | 97.95 | 98.57  |   99.19   | 97.95  |
|    ghaf    | 54.89 |  81.3 | 70.88  |   62.82   |  81.3  |
+------------+-------+-------+--------+-----------+--------+
2025/03/09 20:23:06 - mmengine - INFO - Iter(val) [869/869]    aAcc: 97.2700  mIoU: 76.0300  mAcc: 89.6300  mFscore: 84.7200  mPrecision: 81.0100  mRecall: 89.6300  data_time: 0.0027  time: 0.0568
2025/03/09 20:23:19 - mmengine - INFO - Iter(train) [ 80550/160000]  lr: 1.0000e-04  eta: 5:52:23  time: 0.2545  data_time: 0.0079  memory: 9163  loss: 0.0265  decode.loss_ce: 0.0265  decode.acc_seg: 99.3797
2025/03/09 20:23:32 - mmengine - INFO - Iter(train) [ 80600/160000]  lr: 1.0000e-04  eta: 5:52:09  time: 0.2547  data_time: 0.0078  memory: 9163  loss: 0.0151  decode.loss_ce: 0.0151  decode.acc_seg: 98.8480
2025/03/09 20:23:45 - mmengine - INFO - Iter(train) [ 80650/160000]  lr: 1.0000e-04  eta: 5:51:55  time: 0.2527  data_time: 0.0073  memory: 9163  loss: 0.0252  decode.loss_ce: 0.0252  decode.acc_seg: 99.9763
2025/03/09 20:23:57 - mmengine - INFO - Iter(train) [ 80700/160000]  lr: 1.0000e-04  eta: 5:51:41  time: 0.2540  data_time: 0.0078  memory: 9163  loss: 0.0254  decode.loss_ce: 0.0254  decode.acc_seg: 99.5784
2025/03/09 20:24:10 - mmengine - INFO - Iter(train) [ 80750/160000]  lr: 1.0000e-04  eta: 5:51:27  time: 0.2544  data_time: 0.0074  memory: 9163  loss: 0.0395  decode.loss_ce: 0.0395  decode.acc_seg: 99.5029
2025/03/09 20:24:23 - mmengine - INFO - Iter(train) [ 80800/160000]  lr: 1.0000e-04  eta: 5:51:13  time: 0.2550  data_time: 0.0080  memory: 9163  loss: 0.0239  decode.loss_ce: 0.0239  decode.acc_seg: 98.9124
2025/03/09 20:24:35 - mmengine - INFO - Iter(train) [ 80850/160000]  lr: 1.0000e-04  eta: 5:50:59  time: 0.2547  data_time: 0.0076  memory: 9163  loss: 0.0251  decode.loss_ce: 0.0251  decode.acc_seg: 99.2906
2025/03/09 20:24:48 - mmengine - INFO - Iter(train) [ 80900/160000]  lr: 1.0000e-04  eta: 5:50:46  time: 0.2506  data_time: 0.0076  memory: 9163  loss: 0.0263  decode.loss_ce: 0.0263  decode.acc_seg: 99.6665
2025/03/09 20:25:01 - mmengine - INFO - Iter(train) [ 80950/160000]  lr: 1.0000e-04  eta: 5:50:32  time: 0.2522  data_time: 0.0079  memory: 9163  loss: 0.0294  decode.loss_ce: 0.0294  decode.acc_seg: 98.9382
2025/03/09 20:25:14 - mmengine - INFO - Exp name: efficient_20250309_140341
2025/03/09 20:25:14 - mmengine - INFO - Iter(train) [ 81000/160000]  lr: 1.0000e-04  eta: 5:50:18  time: 0.2554  data_time: 0.0073  memory: 9163  loss: 0.0475  decode.loss_ce: 0.0475  decode.acc_seg: 98.4062
2025/03/09 20:25:26 - mmengine - INFO - Iter(train) [ 81050/160000]  lr: 1.0000e-04  eta: 5:50:04  time: 0.2547  data_time: 0.0079  memory: 9163  loss: 0.0304  decode.loss_ce: 0.0304  decode.acc_seg: 98.5077
2025/03/09 20:25:39 - mmengine - INFO - Iter(train) [ 81100/160000]  lr: 1.0000e-04  eta: 5:49:50  time: 0.2520  data_time: 0.0074  memory: 9163  loss: 0.0187  decode.loss_ce: 0.0187  decode.acc_seg: 98.8880
2025/03/09 20:25:52 - mmengine - INFO - Iter(train) [ 81150/160000]  lr: 1.0000e-04  eta: 5:49:36  time: 0.2527  data_time: 0.0078  memory: 9163  loss: 0.0252  decode.loss_ce: 0.0252  decode.acc_seg: 98.7886
2025/03/09 20:26:05 - mmengine - INFO - Iter(train) [ 81200/160000]  lr: 1.0000e-04  eta: 5:49:22  time: 0.2550  data_time: 0.0075  memory: 9163  loss: 0.0153  decode.loss_ce: 0.0153  decode.acc_seg: 99.0648
2025/03/09 20:26:17 - mmengine - INFO - Iter(train) [ 81250/160000]  lr: 1.0000e-04  eta: 5:49:09  time: 0.2545  data_time: 0.0077  memory: 9163  loss: 0.0174  decode.loss_ce: 0.0174  decode.acc_seg: 100.0000
2025/03/09 20:26:30 - mmengine - INFO - Iter(train) [ 81300/160000]  lr: 1.0000e-04  eta: 5:48:54  time: 0.2466  data_time: 0.0079  memory: 9163  loss: 0.0306  decode.loss_ce: 0.0306  decode.acc_seg: 98.9280
2025/03/09 20:26:42 - mmengine - INFO - Iter(train) [ 81350/160000]  lr: 1.0000e-04  eta: 5:48:40  time: 0.2479  data_time: 0.0079  memory: 9163  loss: 0.0196  decode.loss_ce: 0.0196  decode.acc_seg: 99.7028
2025/03/09 20:26:54 - mmengine - INFO - Iter(train) [ 81400/160000]  lr: 1.0000e-04  eta: 5:48:26  time: 0.2462  data_time: 0.0076  memory: 9163  loss: 0.0454  decode.loss_ce: 0.0454  decode.acc_seg: 99.7442
2025/03/09 20:27:07 - mmengine - INFO - Iter(train) [ 81450/160000]  lr: 1.0000e-04  eta: 5:48:12  time: 0.2490  data_time: 0.0079  memory: 9163  loss: 0.0386  decode.loss_ce: 0.0386  decode.acc_seg: 98.6925
2025/03/09 20:27:19 - mmengine - INFO - Iter(train) [ 81500/160000]  lr: 1.0000e-04  eta: 5:47:58  time: 0.2453  data_time: 0.0074  memory: 9163  loss: 0.0467  decode.loss_ce: 0.0467  decode.acc_seg: 99.1211
2025/03/09 20:27:32 - mmengine - INFO - Iter(train) [ 81550/160000]  lr: 1.0000e-04  eta: 5:47:43  time: 0.2463  data_time: 0.0076  memory: 9163  loss: 0.0293  decode.loss_ce: 0.0293  decode.acc_seg: 99.4054
2025/03/09 20:27:44 - mmengine - INFO - Iter(train) [ 81600/160000]  lr: 1.0000e-04  eta: 5:47:29  time: 0.2477  data_time: 0.0076  memory: 9163  loss: 0.0241  decode.loss_ce: 0.0241  decode.acc_seg: 98.9485
2025/03/09 20:27:44 - mmengine - INFO - Saving checkpoint at 81600 iterations
2025/03/09 20:27:58 - mmengine - INFO - Iter(train) [ 81650/160000]  lr: 1.0000e-04  eta: 5:47:17  time: 0.2451  data_time: 0.0075  memory: 9163  loss: 0.0329  decode.loss_ce: 0.0329  decode.acc_seg: 98.4379
2025/03/09 20:28:11 - mmengine - INFO - Iter(train) [ 81700/160000]  lr: 1.0000e-04  eta: 5:47:03  time: 0.2452  data_time: 0.0075  memory: 9163  loss: 0.0215  decode.loss_ce: 0.0215  decode.acc_seg: 99.2701
2025/03/09 20:28:23 - mmengine - INFO - Iter(train) [ 81750/160000]  lr: 1.0000e-04  eta: 5:46:48  time: 0.2454  data_time: 0.0075  memory: 9163  loss: 0.0267  decode.loss_ce: 0.0267  decode.acc_seg: 98.4640
2025/03/09 20:28:35 - mmengine - INFO - Iter(train) [ 81800/160000]  lr: 1.0000e-04  eta: 5:46:34  time: 0.2457  data_time: 0.0077  memory: 9163  loss: 0.0236  decode.loss_ce: 0.0236  decode.acc_seg: 99.3164
2025/03/09 20:28:48 - mmengine - INFO - Iter(train) [ 81850/160000]  lr: 1.0000e-04  eta: 5:46:20  time: 0.2479  data_time: 0.0078  memory: 9163  loss: 0.0484  decode.loss_ce: 0.0484  decode.acc_seg: 98.1441
2025/03/09 20:29:00 - mmengine - INFO - Iter(train) [ 81900/160000]  lr: 1.0000e-04  eta: 5:46:06  time: 0.2493  data_time: 0.0079  memory: 9163  loss: 0.0268  decode.loss_ce: 0.0268  decode.acc_seg: 98.7001
2025/03/09 20:29:13 - mmengine - INFO - Iter(train) [ 81950/160000]  lr: 1.0000e-04  eta: 5:45:52  time: 0.2474  data_time: 0.0072  memory: 9163  loss: 0.0236  decode.loss_ce: 0.0236  decode.acc_seg: 97.4345
2025/03/09 20:29:25 - mmengine - INFO - Exp name: efficient_20250309_140341
2025/03/09 20:29:25 - mmengine - INFO - Iter(train) [ 82000/160000]  lr: 1.0000e-04  eta: 5:45:38  time: 0.2478  data_time: 0.0075  memory: 9163  loss: 0.0281  decode.loss_ce: 0.0281  decode.acc_seg: 99.6907
2025/03/09 20:29:37 - mmengine - INFO - Iter(train) [ 82050/160000]  lr: 1.0000e-04  eta: 5:45:23  time: 0.2484  data_time: 0.0076  memory: 9163  loss: 0.0178  decode.loss_ce: 0.0178  decode.acc_seg: 99.6429
2025/03/09 20:29:50 - mmengine - INFO - Iter(train) [ 82100/160000]  lr: 1.0000e-04  eta: 5:45:09  time: 0.2474  data_time: 0.0077  memory: 9163  loss: 0.0297  decode.loss_ce: 0.0297  decode.acc_seg: 99.6368
2025/03/09 20:30:02 - mmengine - INFO - Iter(train) [ 82150/160000]  lr: 1.0000e-04  eta: 5:44:55  time: 0.2476  data_time: 0.0076  memory: 9163  loss: 0.0276  decode.loss_ce: 0.0276  decode.acc_seg: 98.8253
2025/03/09 20:30:14 - mmengine - INFO - Iter(train) [ 82200/160000]  lr: 1.0000e-04  eta: 5:44:41  time: 0.2453  data_time: 0.0074  memory: 9163  loss: 0.0268  decode.loss_ce: 0.0268  decode.acc_seg: 98.1084
2025/03/09 20:30:27 - mmengine - INFO - Iter(train) [ 82250/160000]  lr: 1.0000e-04  eta: 5:44:27  time: 0.2462  data_time: 0.0079  memory: 9163  loss: 0.0217  decode.loss_ce: 0.0217  decode.acc_seg: 99.3519
2025/03/09 20:30:39 - mmengine - INFO - Iter(train) [ 82300/160000]  lr: 1.0000e-04  eta: 5:44:13  time: 0.2466  data_time: 0.0076  memory: 9163  loss: 0.0304  decode.loss_ce: 0.0304  decode.acc_seg: 99.7635
2025/03/09 20:30:52 - mmengine - INFO - Iter(train) [ 82350/160000]  lr: 1.0000e-04  eta: 5:43:59  time: 0.2484  data_time: 0.0078  memory: 9163  loss: 0.0245  decode.loss_ce: 0.0245  decode.acc_seg: 99.8756
2025/03/09 20:31:04 - mmengine - INFO - Iter(train) [ 82400/160000]  lr: 1.0000e-04  eta: 5:43:44  time: 0.2472  data_time: 0.0076  memory: 9163  loss: 0.0223  decode.loss_ce: 0.0223  decode.acc_seg: 98.7153
2025/03/09 20:31:16 - mmengine - INFO - Iter(train) [ 82450/160000]  lr: 1.0000e-04  eta: 5:43:30  time: 0.2472  data_time: 0.0078  memory: 9163  loss: 0.0325  decode.loss_ce: 0.0325  decode.acc_seg: 98.6469
2025/03/09 20:31:29 - mmengine - INFO - Iter(train) [ 82500/160000]  lr: 1.0000e-04  eta: 5:43:16  time: 0.2470  data_time: 0.0075  memory: 9163  loss: 0.0301  decode.loss_ce: 0.0301  decode.acc_seg: 99.4430
2025/03/09 20:31:41 - mmengine - INFO - Iter(train) [ 82550/160000]  lr: 1.0000e-04  eta: 5:43:02  time: 0.2473  data_time: 0.0077  memory: 9163  loss: 0.0274  decode.loss_ce: 0.0274  decode.acc_seg: 97.2620
2025/03/09 20:31:53 - mmengine - INFO - Iter(train) [ 82600/160000]  lr: 1.0000e-04  eta: 5:42:48  time: 0.2457  data_time: 0.0074  memory: 9163  loss: 0.0382  decode.loss_ce: 0.0382  decode.acc_seg: 98.8751
2025/03/09 20:32:06 - mmengine - INFO - Iter(train) [ 82650/160000]  lr: 1.0000e-04  eta: 5:42:34  time: 0.2505  data_time: 0.0079  memory: 9163  loss: 0.0257  decode.loss_ce: 0.0257  decode.acc_seg: 98.8903
2025/03/09 20:32:18 - mmengine - INFO - Iter(train) [ 82700/160000]  lr: 1.0000e-04  eta: 5:42:19  time: 0.2462  data_time: 0.0077  memory: 9163  loss: 0.0378  decode.loss_ce: 0.0378  decode.acc_seg: 99.4353
2025/03/09 20:32:31 - mmengine - INFO - Iter(train) [ 82750/160000]  lr: 1.0000e-04  eta: 5:42:05  time: 0.2486  data_time: 0.0077  memory: 9163  loss: 0.0349  decode.loss_ce: 0.0349  decode.acc_seg: 97.4976
2025/03/09 20:32:43 - mmengine - INFO - Iter(train) [ 82800/160000]  lr: 1.0000e-04  eta: 5:41:51  time: 0.2468  data_time: 0.0072  memory: 9163  loss: 0.0345  decode.loss_ce: 0.0345  decode.acc_seg: 100.0000
2025/03/09 20:32:55 - mmengine - INFO - Iter(train) [ 82850/160000]  lr: 1.0000e-04  eta: 5:41:37  time: 0.2494  data_time: 0.0080  memory: 9163  loss: 0.0291  decode.loss_ce: 0.0291  decode.acc_seg: 99.8655
2025/03/09 20:33:08 - mmengine - INFO - Iter(train) [ 82900/160000]  lr: 1.0000e-04  eta: 5:41:23  time: 0.2467  data_time: 0.0083  memory: 9163  loss: 0.0209  decode.loss_ce: 0.0209  decode.acc_seg: 99.5456
2025/03/09 20:33:20 - mmengine - INFO - Iter(train) [ 82950/160000]  lr: 1.0000e-04  eta: 5:41:09  time: 0.2478  data_time: 0.0075  memory: 9163  loss: 0.0225  decode.loss_ce: 0.0225  decode.acc_seg: 97.5957
2025/03/09 20:33:33 - mmengine - INFO - Exp name: efficient_20250309_140341
2025/03/09 20:33:33 - mmengine - INFO - Iter(train) [ 83000/160000]  lr: 1.0000e-04  eta: 5:40:55  time: 0.2470  data_time: 0.0074  memory: 9163  loss: 0.0207  decode.loss_ce: 0.0207  decode.acc_seg: 99.1714
2025/03/09 20:33:45 - mmengine - INFO - Iter(train) [ 83050/160000]  lr: 1.0000e-04  eta: 5:40:41  time: 0.2502  data_time: 0.0077  memory: 9163  loss: 0.0389  decode.loss_ce: 0.0389  decode.acc_seg: 97.1205
2025/03/09 20:33:57 - mmengine - INFO - Iter(train) [ 83100/160000]  lr: 1.0000e-04  eta: 5:40:26  time: 0.2455  data_time: 0.0074  memory: 9163  loss: 0.0248  decode.loss_ce: 0.0248  decode.acc_seg: 98.9254
2025/03/09 20:34:10 - mmengine - INFO - Iter(train) [ 83150/160000]  lr: 1.0000e-04  eta: 5:40:12  time: 0.2464  data_time: 0.0074  memory: 9163  loss: 0.0328  decode.loss_ce: 0.0328  decode.acc_seg: 98.8860
2025/03/09 20:34:22 - mmengine - INFO - Iter(train) [ 83200/160000]  lr: 1.0000e-04  eta: 5:39:58  time: 0.2457  data_time: 0.0075  memory: 9163  loss: 0.0292  decode.loss_ce: 0.0292  decode.acc_seg: 98.8857
2025/03/09 20:34:34 - mmengine - INFO - Iter(train) [ 83250/160000]  lr: 1.0000e-04  eta: 5:39:44  time: 0.2464  data_time: 0.0078  memory: 9163  loss: 0.0324  decode.loss_ce: 0.0324  decode.acc_seg: 97.9176
2025/03/09 20:34:47 - mmengine - INFO - Iter(train) [ 83300/160000]  lr: 1.0000e-04  eta: 5:39:30  time: 0.2457  data_time: 0.0074  memory: 9163  loss: 0.0242  decode.loss_ce: 0.0242  decode.acc_seg: 98.9640
2025/03/09 20:34:59 - mmengine - INFO - Iter(train) [ 83350/160000]  lr: 1.0000e-04  eta: 5:39:16  time: 0.2465  data_time: 0.0075  memory: 9163  loss: 0.0319  decode.loss_ce: 0.0319  decode.acc_seg: 98.3774
2025/03/09 20:35:11 - mmengine - INFO - Iter(train) [ 83400/160000]  lr: 1.0000e-04  eta: 5:39:02  time: 0.2479  data_time: 0.0077  memory: 9163  loss: 0.0272  decode.loss_ce: 0.0272  decode.acc_seg: 97.9105
2025/03/09 20:35:24 - mmengine - INFO - Iter(train) [ 83450/160000]  lr: 1.0000e-04  eta: 5:38:47  time: 0.2476  data_time: 0.0080  memory: 9163  loss: 0.0509  decode.loss_ce: 0.0509  decode.acc_seg: 99.0478
2025/03/09 20:35:36 - mmengine - INFO - Iter(train) [ 83500/160000]  lr: 1.0000e-04  eta: 5:38:33  time: 0.2480  data_time: 0.0078  memory: 9163  loss: 0.0201  decode.loss_ce: 0.0201  decode.acc_seg: 98.6994
2025/03/09 20:35:49 - mmengine - INFO - Iter(train) [ 83550/160000]  lr: 1.0000e-04  eta: 5:38:19  time: 0.2485  data_time: 0.0079  memory: 9163  loss: 0.0187  decode.loss_ce: 0.0187  decode.acc_seg: 98.2883
2025/03/09 20:36:01 - mmengine - INFO - Iter(train) [ 83600/160000]  lr: 1.0000e-04  eta: 5:38:05  time: 0.2502  data_time: 0.0079  memory: 9163  loss: 0.0157  decode.loss_ce: 0.0157  decode.acc_seg: 99.0749
2025/03/09 20:36:13 - mmengine - INFO - Iter(train) [ 83650/160000]  lr: 1.0000e-04  eta: 5:37:51  time: 0.2469  data_time: 0.0074  memory: 9163  loss: 0.0359  decode.loss_ce: 0.0359  decode.acc_seg: 95.9400
2025/03/09 20:36:26 - mmengine - INFO - Iter(train) [ 83700/160000]  lr: 1.0000e-04  eta: 5:37:37  time: 0.2469  data_time: 0.0078  memory: 9163  loss: 0.0189  decode.loss_ce: 0.0189  decode.acc_seg: 99.4291
2025/03/09 20:36:38 - mmengine - INFO - Iter(train) [ 83750/160000]  lr: 1.0000e-04  eta: 5:37:23  time: 0.2458  data_time: 0.0077  memory: 9163  loss: 0.0236  decode.loss_ce: 0.0236  decode.acc_seg: 97.9202
2025/03/09 20:36:50 - mmengine - INFO - Iter(train) [ 83800/160000]  lr: 1.0000e-04  eta: 5:37:09  time: 0.2466  data_time: 0.0079  memory: 9163  loss: 0.0209  decode.loss_ce: 0.0209  decode.acc_seg: 98.8533
2025/03/09 20:37:03 - mmengine - INFO - Iter(train) [ 83850/160000]  lr: 1.0000e-04  eta: 5:36:55  time: 0.2477  data_time: 0.0076  memory: 9163  loss: 0.0444  decode.loss_ce: 0.0444  decode.acc_seg: 99.4219
2025/03/09 20:37:15 - mmengine - INFO - Iter(train) [ 83900/160000]  lr: 1.0000e-04  eta: 5:36:41  time: 0.2459  data_time: 0.0076  memory: 9163  loss: 0.0241  decode.loss_ce: 0.0241  decode.acc_seg: 99.8293
2025/03/09 20:37:28 - mmengine - INFO - Iter(train) [ 83950/160000]  lr: 1.0000e-04  eta: 5:36:26  time: 0.2468  data_time: 0.0080  memory: 9163  loss: 0.0236  decode.loss_ce: 0.0236  decode.acc_seg: 99.2768
2025/03/09 20:37:40 - mmengine - INFO - Exp name: efficient_20250309_140341
2025/03/09 20:37:40 - mmengine - INFO - Iter(train) [ 84000/160000]  lr: 1.0000e-04  eta: 5:36:12  time: 0.2458  data_time: 0.0075  memory: 9163  loss: 0.0364  decode.loss_ce: 0.0364  decode.acc_seg: 99.3057
2025/03/09 20:37:43 - mmengine - INFO - Iter(val) [ 50/869]    eta: 0:00:49  time: 0.0569  data_time: 0.0023  memory: 636  
2025/03/09 20:37:46 - mmengine - INFO - Iter(val) [100/869]    eta: 0:00:45  time: 0.0570  data_time: 0.0026  memory: 636  
2025/03/09 20:37:49 - mmengine - INFO - Iter(val) [150/869]    eta: 0:00:42  time: 0.0568  data_time: 0.0026  memory: 636  
2025/03/09 20:37:52 - mmengine - INFO - Iter(val) [200/869]    eta: 0:00:39  time: 0.0603  data_time: 0.0023  memory: 636  
2025/03/09 20:37:54 - mmengine - INFO - Iter(val) [250/869]    eta: 0:00:35  time: 0.0565  data_time: 0.0024  memory: 636  
2025/03/09 20:37:57 - mmengine - INFO - Iter(val) [300/869]    eta: 0:00:32  time: 0.0570  data_time: 0.0022  memory: 636  
2025/03/09 20:38:00 - mmengine - INFO - Iter(val) [350/869]    eta: 0:00:29  time: 0.0565  data_time: 0.0025  memory: 636  
2025/03/09 20:38:03 - mmengine - INFO - Iter(val) [400/869]    eta: 0:00:27  time: 0.0568  data_time: 0.0024  memory: 636  
2025/03/09 20:38:06 - mmengine - INFO - Iter(val) [450/869]    eta: 0:00:24  time: 0.0572  data_time: 0.0026  memory: 636  
2025/03/09 20:38:09 - mmengine - INFO - Iter(val) [500/869]    eta: 0:00:21  time: 0.0573  data_time: 0.0024  memory: 636  
2025/03/09 20:38:12 - mmengine - INFO - Iter(val) [550/869]    eta: 0:00:18  time: 0.0564  data_time: 0.0024  memory: 636  
2025/03/09 20:38:14 - mmengine - INFO - Iter(val) [600/869]    eta: 0:00:15  time: 0.0571  data_time: 0.0026  memory: 636  
2025/03/09 20:38:17 - mmengine - INFO - Iter(val) [650/869]    eta: 0:00:12  time: 0.0568  data_time: 0.0022  memory: 636  
2025/03/09 20:38:20 - mmengine - INFO - Iter(val) [700/869]    eta: 0:00:09  time: 0.0566  data_time: 0.0025  memory: 636  
2025/03/09 20:38:23 - mmengine - INFO - Iter(val) [750/869]    eta: 0:00:06  time: 0.0572  data_time: 0.0029  memory: 636  
2025/03/09 20:38:26 - mmengine - INFO - Iter(val) [800/869]    eta: 0:00:03  time: 0.0575  data_time: 0.0026  memory: 636  
2025/03/09 20:38:29 - mmengine - INFO - Iter(val) [850/869]    eta: 0:00:01  time: 0.0573  data_time: 0.0022  memory: 636  
2025/03/09 20:38:30 - mmengine - INFO - per class results:
2025/03/09 20:38:30 - mmengine - INFO - 
+------------+-------+-------+--------+-----------+--------+
|   Class    |  IoU  |  Acc  | Fscore | Precision | Recall |
+------------+-------+-------+--------+-----------+--------+
| background | 97.15 | 97.92 | 98.56  |    99.2   | 97.92  |
|    ghaf    | 54.75 | 81.49 | 70.76  |   62.52   | 81.49  |
+------------+-------+-------+--------+-----------+--------+
2025/03/09 20:38:30 - mmengine - INFO - Iter(val) [869/869]    aAcc: 97.2500  mIoU: 75.9500  mAcc: 89.7100  mFscore: 84.6600  mPrecision: 80.8600  mRecall: 89.7100  data_time: 0.0026  time: 0.0573
2025/03/09 20:38:42 - mmengine - INFO - Iter(train) [ 84050/160000]  lr: 1.0000e-04  eta: 5:35:58  time: 0.2453  data_time: 0.0073  memory: 9163  loss: 0.0268  decode.loss_ce: 0.0268  decode.acc_seg: 99.6138
2025/03/09 20:38:55 - mmengine - INFO - Iter(train) [ 84100/160000]  lr: 1.0000e-04  eta: 5:35:44  time: 0.2499  data_time: 0.0080  memory: 9163  loss: 0.0182  decode.loss_ce: 0.0182  decode.acc_seg: 98.8039
2025/03/09 20:39:07 - mmengine - INFO - Iter(train) [ 84150/160000]  lr: 1.0000e-04  eta: 5:35:30  time: 0.2459  data_time: 0.0074  memory: 9163  loss: 0.0342  decode.loss_ce: 0.0342  decode.acc_seg: 99.3485
2025/03/09 20:39:19 - mmengine - INFO - Iter(train) [ 84200/160000]  lr: 1.0000e-04  eta: 5:35:16  time: 0.2461  data_time: 0.0073  memory: 9163  loss: 0.0315  decode.loss_ce: 0.0315  decode.acc_seg: 93.1826
2025/03/09 20:39:32 - mmengine - INFO - Iter(train) [ 84250/160000]  lr: 1.0000e-04  eta: 5:35:02  time: 0.2508  data_time: 0.0077  memory: 9163  loss: 0.0270  decode.loss_ce: 0.0270  decode.acc_seg: 98.1291
2025/03/09 20:39:44 - mmengine - INFO - Iter(train) [ 84300/160000]  lr: 1.0000e-04  eta: 5:34:48  time: 0.2466  data_time: 0.0074  memory: 9163  loss: 0.0402  decode.loss_ce: 0.0402  decode.acc_seg: 97.8519
2025/03/09 20:39:56 - mmengine - INFO - Iter(train) [ 84350/160000]  lr: 1.0000e-04  eta: 5:34:34  time: 0.2453  data_time: 0.0075  memory: 9163  loss: 0.0228  decode.loss_ce: 0.0228  decode.acc_seg: 98.0614
2025/03/09 20:40:09 - mmengine - INFO - Iter(train) [ 84400/160000]  lr: 1.0000e-04  eta: 5:34:19  time: 0.2452  data_time: 0.0073  memory: 9163  loss: 0.0422  decode.loss_ce: 0.0422  decode.acc_seg: 99.3079
2025/03/09 20:40:21 - mmengine - INFO - Iter(train) [ 84450/160000]  lr: 1.0000e-04  eta: 5:34:05  time: 0.2469  data_time: 0.0080  memory: 9163  loss: 0.0185  decode.loss_ce: 0.0185  decode.acc_seg: 98.7830
2025/03/09 20:40:33 - mmengine - INFO - Iter(train) [ 84500/160000]  lr: 1.0000e-04  eta: 5:33:51  time: 0.2472  data_time: 0.0076  memory: 9163  loss: 0.0332  decode.loss_ce: 0.0332  decode.acc_seg: 98.6334
2025/03/09 20:40:46 - mmengine - INFO - Iter(train) [ 84550/160000]  lr: 1.0000e-04  eta: 5:33:37  time: 0.2458  data_time: 0.0076  memory: 9163  loss: 0.0287  decode.loss_ce: 0.0287  decode.acc_seg: 99.3943
2025/03/09 20:40:58 - mmengine - INFO - Iter(train) [ 84600/160000]  lr: 1.0000e-04  eta: 5:33:23  time: 0.2491  data_time: 0.0075  memory: 9163  loss: 0.0400  decode.loss_ce: 0.0400  decode.acc_seg: 99.3845
2025/03/09 20:41:11 - mmengine - INFO - Iter(train) [ 84650/160000]  lr: 1.0000e-04  eta: 5:33:09  time: 0.2480  data_time: 0.0078  memory: 9163  loss: 0.0195  decode.loss_ce: 0.0195  decode.acc_seg: 97.8286
2025/03/09 20:41:23 - mmengine - INFO - Iter(train) [ 84700/160000]  lr: 1.0000e-04  eta: 5:32:55  time: 0.2464  data_time: 0.0078  memory: 9163  loss: 0.0230  decode.loss_ce: 0.0230  decode.acc_seg: 99.7033
2025/03/09 20:41:35 - mmengine - INFO - Iter(train) [ 84750/160000]  lr: 1.0000e-04  eta: 5:32:41  time: 0.2481  data_time: 0.0081  memory: 9163  loss: 0.0268  decode.loss_ce: 0.0268  decode.acc_seg: 99.5011
2025/03/09 20:41:48 - mmengine - INFO - Iter(train) [ 84800/160000]  lr: 1.0000e-04  eta: 5:32:27  time: 0.2459  data_time: 0.0076  memory: 9163  loss: 0.0274  decode.loss_ce: 0.0274  decode.acc_seg: 99.5325
2025/03/09 20:42:00 - mmengine - INFO - Iter(train) [ 84850/160000]  lr: 1.0000e-04  eta: 5:32:13  time: 0.2463  data_time: 0.0080  memory: 9163  loss: 0.0357  decode.loss_ce: 0.0357  decode.acc_seg: 99.2358
2025/03/09 20:42:12 - mmengine - INFO - Iter(train) [ 84900/160000]  lr: 1.0000e-04  eta: 5:31:59  time: 0.2474  data_time: 0.0078  memory: 9163  loss: 0.0385  decode.loss_ce: 0.0385  decode.acc_seg: 98.0205
2025/03/09 20:42:25 - mmengine - INFO - Iter(train) [ 84950/160000]  lr: 1.0000e-04  eta: 5:31:45  time: 0.2462  data_time: 0.0077  memory: 9163  loss: 0.0345  decode.loss_ce: 0.0345  decode.acc_seg: 98.3297
2025/03/09 20:42:37 - mmengine - INFO - Exp name: efficient_20250309_140341
2025/03/09 20:42:37 - mmengine - INFO - Iter(train) [ 85000/160000]  lr: 1.0000e-04  eta: 5:31:31  time: 0.2482  data_time: 0.0074  memory: 9163  loss: 0.0275  decode.loss_ce: 0.0275  decode.acc_seg: 99.0171
2025/03/09 20:42:37 - mmengine - INFO - Saving checkpoint at 85000 iterations
2025/03/09 20:42:51 - mmengine - INFO - Iter(train) [ 85050/160000]  lr: 1.0000e-04  eta: 5:31:18  time: 0.2473  data_time: 0.0074  memory: 9163  loss: 0.0274  decode.loss_ce: 0.0274  decode.acc_seg: 99.1289
2025/03/09 20:43:04 - mmengine - INFO - Iter(train) [ 85100/160000]  lr: 1.0000e-04  eta: 5:31:04  time: 0.2467  data_time: 0.0076  memory: 9163  loss: 0.0211  decode.loss_ce: 0.0211  decode.acc_seg: 99.8864
2025/03/09 20:43:16 - mmengine - INFO - Iter(train) [ 85150/160000]  lr: 1.0000e-04  eta: 5:30:50  time: 0.2492  data_time: 0.0073  memory: 9163  loss: 0.0359  decode.loss_ce: 0.0359  decode.acc_seg: 99.1897
2025/03/09 20:43:28 - mmengine - INFO - Iter(train) [ 85200/160000]  lr: 1.0000e-04  eta: 5:30:36  time: 0.2463  data_time: 0.0075  memory: 9163  loss: 0.0222  decode.loss_ce: 0.0222  decode.acc_seg: 99.8208
2025/03/09 20:43:41 - mmengine - INFO - Iter(train) [ 85250/160000]  lr: 1.0000e-04  eta: 5:30:22  time: 0.2465  data_time: 0.0078  memory: 9163  loss: 0.0276  decode.loss_ce: 0.0276  decode.acc_seg: 98.8335
2025/03/09 20:43:53 - mmengine - INFO - Iter(train) [ 85300/160000]  lr: 1.0000e-04  eta: 5:30:08  time: 0.2460  data_time: 0.0072  memory: 9163  loss: 0.0134  decode.loss_ce: 0.0134  decode.acc_seg: 99.7320
2025/03/09 20:44:06 - mmengine - INFO - Iter(train) [ 85350/160000]  lr: 1.0000e-04  eta: 5:29:54  time: 0.2485  data_time: 0.0079  memory: 9163  loss: 0.0301  decode.loss_ce: 0.0301  decode.acc_seg: 100.0000
2025/03/09 20:44:18 - mmengine - INFO - Iter(train) [ 85400/160000]  lr: 1.0000e-04  eta: 5:29:40  time: 0.2471  data_time: 0.0077  memory: 9163  loss: 0.0163  decode.loss_ce: 0.0163  decode.acc_seg: 99.8443
2025/03/09 20:44:30 - mmengine - INFO - Iter(train) [ 85450/160000]  lr: 1.0000e-04  eta: 5:29:26  time: 0.2478  data_time: 0.0076  memory: 9163  loss: 0.0165  decode.loss_ce: 0.0165  decode.acc_seg: 99.5447
2025/03/09 20:44:43 - mmengine - INFO - Iter(train) [ 85500/160000]  lr: 1.0000e-04  eta: 5:29:12  time: 0.2464  data_time: 0.0077  memory: 9163  loss: 0.0285  decode.loss_ce: 0.0285  decode.acc_seg: 95.8014
2025/03/09 20:44:55 - mmengine - INFO - Iter(train) [ 85550/160000]  lr: 1.0000e-04  eta: 5:28:58  time: 0.2463  data_time: 0.0079  memory: 9163  loss: 0.0233  decode.loss_ce: 0.0233  decode.acc_seg: 99.7828
2025/03/09 20:45:08 - mmengine - INFO - Iter(train) [ 85600/160000]  lr: 1.0000e-04  eta: 5:28:44  time: 0.2475  data_time: 0.0076  memory: 9163  loss: 0.0279  decode.loss_ce: 0.0279  decode.acc_seg: 99.6526
2025/03/09 20:45:20 - mmengine - INFO - Iter(train) [ 85650/160000]  lr: 1.0000e-04  eta: 5:28:30  time: 0.2467  data_time: 0.0076  memory: 9163  loss: 0.0260  decode.loss_ce: 0.0260  decode.acc_seg: 99.3853
2025/03/09 20:45:32 - mmengine - INFO - Iter(train) [ 85700/160000]  lr: 1.0000e-04  eta: 5:28:16  time: 0.2462  data_time: 0.0075  memory: 9163  loss: 0.0354  decode.loss_ce: 0.0354  decode.acc_seg: 96.5502
2025/03/09 20:45:45 - mmengine - INFO - Iter(train) [ 85750/160000]  lr: 1.0000e-04  eta: 5:28:02  time: 0.2474  data_time: 0.0079  memory: 9163  loss: 0.0279  decode.loss_ce: 0.0279  decode.acc_seg: 99.7302
2025/03/09 20:45:57 - mmengine - INFO - Iter(train) [ 85800/160000]  lr: 1.0000e-04  eta: 5:27:48  time: 0.2476  data_time: 0.0081  memory: 9163  loss: 0.0241  decode.loss_ce: 0.0241  decode.acc_seg: 100.0000
2025/03/09 20:46:09 - mmengine - INFO - Iter(train) [ 85850/160000]  lr: 1.0000e-04  eta: 5:27:34  time: 0.2472  data_time: 0.0079  memory: 9163  loss: 0.0292  decode.loss_ce: 0.0292  decode.acc_seg: 100.0000
2025/03/09 20:46:22 - mmengine - INFO - Iter(train) [ 85900/160000]  lr: 1.0000e-04  eta: 5:27:20  time: 0.2465  data_time: 0.0079  memory: 9163  loss: 0.0301  decode.loss_ce: 0.0301  decode.acc_seg: 99.1409
2025/03/09 20:46:34 - mmengine - INFO - Iter(train) [ 85950/160000]  lr: 1.0000e-04  eta: 5:27:06  time: 0.2490  data_time: 0.0077  memory: 9163  loss: 0.0238  decode.loss_ce: 0.0238  decode.acc_seg: 99.6738
2025/03/09 20:46:47 - mmengine - INFO - Exp name: efficient_20250309_140341
2025/03/09 20:46:47 - mmengine - INFO - Iter(train) [ 86000/160000]  lr: 1.0000e-04  eta: 5:26:52  time: 0.2480  data_time: 0.0075  memory: 9163  loss: 0.0284  decode.loss_ce: 0.0284  decode.acc_seg: 98.2027
2025/03/09 20:46:59 - mmengine - INFO - Iter(train) [ 86050/160000]  lr: 1.0000e-04  eta: 5:26:38  time: 0.2475  data_time: 0.0074  memory: 9163  loss: 0.0463  decode.loss_ce: 0.0463  decode.acc_seg: 99.2664
2025/03/09 20:47:11 - mmengine - INFO - Iter(train) [ 86100/160000]  lr: 1.0000e-04  eta: 5:26:24  time: 0.2473  data_time: 0.0081  memory: 9163  loss: 0.0239  decode.loss_ce: 0.0239  decode.acc_seg: 97.9053
2025/03/09 20:47:24 - mmengine - INFO - Iter(train) [ 86150/160000]  lr: 1.0000e-04  eta: 5:26:10  time: 0.2463  data_time: 0.0077  memory: 9163  loss: 0.0181  decode.loss_ce: 0.0181  decode.acc_seg: 99.4594
2025/03/09 20:47:36 - mmengine - INFO - Iter(train) [ 86200/160000]  lr: 1.0000e-04  eta: 5:25:56  time: 0.2477  data_time: 0.0075  memory: 9163  loss: 0.0442  decode.loss_ce: 0.0442  decode.acc_seg: 94.5622
2025/03/09 20:47:49 - mmengine - INFO - Iter(train) [ 86250/160000]  lr: 1.0000e-04  eta: 5:25:42  time: 0.2457  data_time: 0.0076  memory: 9163  loss: 0.0308  decode.loss_ce: 0.0308  decode.acc_seg: 99.3680
2025/03/09 20:48:01 - mmengine - INFO - Iter(train) [ 86300/160000]  lr: 1.0000e-04  eta: 5:25:28  time: 0.2463  data_time: 0.0076  memory: 9163  loss: 0.0224  decode.loss_ce: 0.0224  decode.acc_seg: 98.3704
2025/03/09 20:48:13 - mmengine - INFO - Iter(train) [ 86350/160000]  lr: 1.0000e-04  eta: 5:25:14  time: 0.2492  data_time: 0.0074  memory: 9163  loss: 0.0198  decode.loss_ce: 0.0198  decode.acc_seg: 100.0000
2025/03/09 20:48:26 - mmengine - INFO - Iter(train) [ 86400/160000]  lr: 1.0000e-04  eta: 5:25:00  time: 0.2461  data_time: 0.0075  memory: 9163  loss: 0.0322  decode.loss_ce: 0.0322  decode.acc_seg: 99.5800
2025/03/09 20:48:38 - mmengine - INFO - Iter(train) [ 86450/160000]  lr: 1.0000e-04  eta: 5:24:46  time: 0.2477  data_time: 0.0077  memory: 9163  loss: 0.0501  decode.loss_ce: 0.0501  decode.acc_seg: 97.0244
2025/03/09 20:48:50 - mmengine - INFO - Iter(train) [ 86500/160000]  lr: 1.0000e-04  eta: 5:24:32  time: 0.2474  data_time: 0.0074  memory: 9163  loss: 0.0217  decode.loss_ce: 0.0217  decode.acc_seg: 99.8391
2025/03/09 20:49:03 - mmengine - INFO - Iter(train) [ 86550/160000]  lr: 1.0000e-04  eta: 5:24:18  time: 0.2477  data_time: 0.0077  memory: 9163  loss: 0.0288  decode.loss_ce: 0.0288  decode.acc_seg: 98.4364
2025/03/09 20:49:15 - mmengine - INFO - Iter(train) [ 86600/160000]  lr: 1.0000e-04  eta: 5:24:04  time: 0.2465  data_time: 0.0074  memory: 9163  loss: 0.0152  decode.loss_ce: 0.0152  decode.acc_seg: 98.9861
2025/03/09 20:49:28 - mmengine - INFO - Iter(train) [ 86650/160000]  lr: 1.0000e-04  eta: 5:23:50  time: 0.2483  data_time: 0.0079  memory: 9163  loss: 0.0167  decode.loss_ce: 0.0167  decode.acc_seg: 99.8447
2025/03/09 20:49:40 - mmengine - INFO - Iter(train) [ 86700/160000]  lr: 1.0000e-04  eta: 5:23:36  time: 0.2495  data_time: 0.0085  memory: 9163  loss: 0.0198  decode.loss_ce: 0.0198  decode.acc_seg: 99.8748
2025/03/09 20:49:53 - mmengine - INFO - Iter(train) [ 86750/160000]  lr: 1.0000e-04  eta: 5:23:22  time: 0.2484  data_time: 0.0079  memory: 9163  loss: 0.0332  decode.loss_ce: 0.0332  decode.acc_seg: 99.7908
2025/03/09 20:50:05 - mmengine - INFO - Iter(train) [ 86800/160000]  lr: 1.0000e-04  eta: 5:23:08  time: 0.2467  data_time: 0.0077  memory: 9163  loss: 0.0206  decode.loss_ce: 0.0206  decode.acc_seg: 99.8465
2025/03/09 20:50:17 - mmengine - INFO - Iter(train) [ 86850/160000]  lr: 1.0000e-04  eta: 5:22:54  time: 0.2461  data_time: 0.0073  memory: 9163  loss: 0.0270  decode.loss_ce: 0.0270  decode.acc_seg: 98.0226
2025/03/09 20:50:30 - mmengine - INFO - Iter(train) [ 86900/160000]  lr: 1.0000e-04  eta: 5:22:40  time: 0.2466  data_time: 0.0075  memory: 9163  loss: 0.0294  decode.loss_ce: 0.0294  decode.acc_seg: 96.8487
2025/03/09 20:50:42 - mmengine - INFO - Iter(train) [ 86950/160000]  lr: 1.0000e-04  eta: 5:22:26  time: 0.2470  data_time: 0.0076  memory: 9163  loss: 0.0371  decode.loss_ce: 0.0371  decode.acc_seg: 98.7246
2025/03/09 20:50:55 - mmengine - INFO - Exp name: efficient_20250309_140341
2025/03/09 20:50:55 - mmengine - INFO - Iter(train) [ 87000/160000]  lr: 1.0000e-04  eta: 5:22:12  time: 0.2473  data_time: 0.0079  memory: 9163  loss: 0.0262  decode.loss_ce: 0.0262  decode.acc_seg: 98.8277
2025/03/09 20:51:07 - mmengine - INFO - Iter(train) [ 87050/160000]  lr: 1.0000e-04  eta: 5:21:58  time: 0.2495  data_time: 0.0076  memory: 9163  loss: 0.0179  decode.loss_ce: 0.0179  decode.acc_seg: 99.2984
2025/03/09 20:51:19 - mmengine - INFO - Iter(train) [ 87100/160000]  lr: 1.0000e-04  eta: 5:21:44  time: 0.2490  data_time: 0.0079  memory: 9163  loss: 0.0348  decode.loss_ce: 0.0348  decode.acc_seg: 99.2740
2025/03/09 20:51:32 - mmengine - INFO - Iter(train) [ 87150/160000]  lr: 1.0000e-04  eta: 5:21:30  time: 0.2468  data_time: 0.0078  memory: 9163  loss: 0.0144  decode.loss_ce: 0.0144  decode.acc_seg: 99.5787
2025/03/09 20:51:44 - mmengine - INFO - Iter(train) [ 87200/160000]  lr: 1.0000e-04  eta: 5:21:16  time: 0.2500  data_time: 0.0076  memory: 9163  loss: 0.0436  decode.loss_ce: 0.0436  decode.acc_seg: 95.9426
2025/03/09 20:51:57 - mmengine - INFO - Iter(train) [ 87250/160000]  lr: 1.0000e-04  eta: 5:21:02  time: 0.2484  data_time: 0.0080  memory: 9163  loss: 0.0396  decode.loss_ce: 0.0396  decode.acc_seg: 99.4671
2025/03/09 20:52:09 - mmengine - INFO - Iter(train) [ 87300/160000]  lr: 1.0000e-04  eta: 5:20:49  time: 0.2466  data_time: 0.0075  memory: 9163  loss: 0.0280  decode.loss_ce: 0.0280  decode.acc_seg: 98.8969
2025/03/09 20:52:21 - mmengine - INFO - Iter(train) [ 87350/160000]  lr: 1.0000e-04  eta: 5:20:35  time: 0.2467  data_time: 0.0076  memory: 9163  loss: 0.0234  decode.loss_ce: 0.0234  decode.acc_seg: 99.3548
2025/03/09 20:52:34 - mmengine - INFO - Iter(train) [ 87400/160000]  lr: 1.0000e-04  eta: 5:20:21  time: 0.2462  data_time: 0.0075  memory: 9163  loss: 0.0288  decode.loss_ce: 0.0288  decode.acc_seg: 99.8633
2025/03/09 20:52:46 - mmengine - INFO - Iter(train) [ 87450/160000]  lr: 1.0000e-04  eta: 5:20:07  time: 0.2465  data_time: 0.0076  memory: 9163  loss: 0.0225  decode.loss_ce: 0.0225  decode.acc_seg: 99.8929
2025/03/09 20:52:58 - mmengine - INFO - Iter(train) [ 87500/160000]  lr: 1.0000e-04  eta: 5:19:53  time: 0.2490  data_time: 0.0076  memory: 9163  loss: 0.0222  decode.loss_ce: 0.0222  decode.acc_seg: 99.8406
2025/03/09 20:53:01 - mmengine - INFO - Iter(val) [ 50/869]    eta: 0:00:47  time: 0.0559  data_time: 0.0022  memory: 636  
2025/03/09 20:53:04 - mmengine - INFO - Iter(val) [100/869]    eta: 0:00:43  time: 0.0559  data_time: 0.0023  memory: 636  
2025/03/09 20:53:07 - mmengine - INFO - Iter(val) [150/869]    eta: 0:00:40  time: 0.0571  data_time: 0.0024  memory: 636  
2025/03/09 20:53:10 - mmengine - INFO - Iter(val) [200/869]    eta: 0:00:37  time: 0.0570  data_time: 0.0025  memory: 636  
2025/03/09 20:53:13 - mmengine - INFO - Iter(val) [250/869]    eta: 0:00:35  time: 0.0572  data_time: 0.0026  memory: 636  
2025/03/09 20:53:16 - mmengine - INFO - Iter(val) [300/869]    eta: 0:00:32  time: 0.0596  data_time: 0.0025  memory: 636  
2025/03/09 20:53:19 - mmengine - INFO - Iter(val) [350/869]    eta: 0:00:29  time: 0.0571  data_time: 0.0026  memory: 636  
2025/03/09 20:53:21 - mmengine - INFO - Iter(val) [400/869]    eta: 0:00:26  time: 0.0568  data_time: 0.0027  memory: 636  
2025/03/09 20:53:24 - mmengine - INFO - Iter(val) [450/869]    eta: 0:00:23  time: 0.0560  data_time: 0.0023  memory: 636  
2025/03/09 20:53:27 - mmengine - INFO - Iter(val) [500/869]    eta: 0:00:21  time: 0.0562  data_time: 0.0023  memory: 636  
2025/03/09 20:53:30 - mmengine - INFO - Iter(val) [550/869]    eta: 0:00:18  time: 0.0569  data_time: 0.0025  memory: 636  
2025/03/09 20:53:33 - mmengine - INFO - Iter(val) [600/869]    eta: 0:00:15  time: 0.0594  data_time: 0.0024  memory: 636  
2025/03/09 20:53:36 - mmengine - INFO - Iter(val) [650/869]    eta: 0:00:12  time: 0.0560  data_time: 0.0025  memory: 636  
2025/03/09 20:53:38 - mmengine - INFO - Iter(val) [700/869]    eta: 0:00:09  time: 0.0570  data_time: 0.0024  memory: 636  
2025/03/09 20:53:41 - mmengine - INFO - Iter(val) [750/869]    eta: 0:00:06  time: 0.0565  data_time: 0.0026  memory: 636  
2025/03/09 20:53:44 - mmengine - INFO - Iter(val) [800/869]    eta: 0:00:03  time: 0.0571  data_time: 0.0025  memory: 636  
2025/03/09 20:53:47 - mmengine - INFO - Iter(val) [850/869]    eta: 0:00:01  time: 0.0563  data_time: 0.0026  memory: 636  
2025/03/09 20:53:48 - mmengine - INFO - per class results:
2025/03/09 20:53:48 - mmengine - INFO - 
+------------+-------+-------+--------+-----------+--------+
|   Class    |  IoU  |  Acc  | Fscore | Precision | Recall |
+------------+-------+-------+--------+-----------+--------+
| background | 97.29 | 98.15 | 98.63  |   99.11   | 98.15  |
|    ghaf    | 55.31 |  79.3 | 71.23  |   64.65   |  79.3  |
+------------+-------+-------+--------+-----------+--------+
2025/03/09 20:53:48 - mmengine - INFO - Iter(val) [869/869]    aAcc: 97.3800  mIoU: 76.3000  mAcc: 88.7300  mFscore: 84.9300  mPrecision: 81.8800  mRecall: 88.7300  data_time: 0.0026  time: 0.0571
2025/03/09 20:54:01 - mmengine - INFO - Iter(train) [ 87550/160000]  lr: 1.0000e-04  eta: 5:19:39  time: 0.2465  data_time: 0.0074  memory: 9163  loss: 0.0305  decode.loss_ce: 0.0305  decode.acc_seg: 96.5933
2025/03/09 20:54:13 - mmengine - INFO - Iter(train) [ 87600/160000]  lr: 1.0000e-04  eta: 5:19:25  time: 0.2517  data_time: 0.0079  memory: 9163  loss: 0.0241  decode.loss_ce: 0.0241  decode.acc_seg: 99.8175
2025/03/09 20:54:25 - mmengine - INFO - Iter(train) [ 87650/160000]  lr: 1.0000e-04  eta: 5:19:11  time: 0.2460  data_time: 0.0079  memory: 9163  loss: 0.0342  decode.loss_ce: 0.0342  decode.acc_seg: 98.6156
2025/03/09 20:54:38 - mmengine - INFO - Iter(train) [ 87700/160000]  lr: 1.0000e-04  eta: 5:18:57  time: 0.2468  data_time: 0.0076  memory: 9163  loss: 0.0216  decode.loss_ce: 0.0216  decode.acc_seg: 99.7381
2025/03/09 20:54:50 - mmengine - INFO - Iter(train) [ 87750/160000]  lr: 1.0000e-04  eta: 5:18:43  time: 0.2471  data_time: 0.0082  memory: 9163  loss: 0.0211  decode.loss_ce: 0.0211  decode.acc_seg: 99.4954
2025/03/09 20:55:03 - mmengine - INFO - Iter(train) [ 87800/160000]  lr: 1.0000e-04  eta: 5:18:29  time: 0.2497  data_time: 0.0076  memory: 9163  loss: 0.0374  decode.loss_ce: 0.0374  decode.acc_seg: 97.7265
2025/03/09 20:55:15 - mmengine - INFO - Iter(train) [ 87850/160000]  lr: 1.0000e-04  eta: 5:18:15  time: 0.2476  data_time: 0.0076  memory: 9163  loss: 0.0166  decode.loss_ce: 0.0166  decode.acc_seg: 99.6901
2025/03/09 20:55:27 - mmengine - INFO - Iter(train) [ 87900/160000]  lr: 1.0000e-04  eta: 5:18:01  time: 0.2472  data_time: 0.0080  memory: 9163  loss: 0.0354  decode.loss_ce: 0.0354  decode.acc_seg: 98.6381
2025/03/09 20:55:40 - mmengine - INFO - Iter(train) [ 87950/160000]  lr: 1.0000e-04  eta: 5:17:47  time: 0.2482  data_time: 0.0074  memory: 9163  loss: 0.0256  decode.loss_ce: 0.0256  decode.acc_seg: 99.5210
2025/03/09 20:55:52 - mmengine - INFO - Exp name: efficient_20250309_140341
2025/03/09 20:55:52 - mmengine - INFO - Iter(train) [ 88000/160000]  lr: 1.0000e-04  eta: 5:17:33  time: 0.2489  data_time: 0.0080  memory: 9163  loss: 0.0332  decode.loss_ce: 0.0332  decode.acc_seg: 98.7363
2025/03/09 20:56:04 - mmengine - INFO - Iter(train) [ 88050/160000]  lr: 1.0000e-04  eta: 5:17:19  time: 0.2471  data_time: 0.0076  memory: 9163  loss: 0.0348  decode.loss_ce: 0.0348  decode.acc_seg: 97.0464
2025/03/09 20:56:17 - mmengine - INFO - Iter(train) [ 88100/160000]  lr: 1.0000e-04  eta: 5:17:05  time: 0.2462  data_time: 0.0074  memory: 9163  loss: 0.0218  decode.loss_ce: 0.0218  decode.acc_seg: 98.3940
2025/03/09 20:56:30 - mmengine - INFO - Iter(train) [ 88150/160000]  lr: 1.0000e-04  eta: 5:16:52  time: 0.2698  data_time: 0.0087  memory: 9163  loss: 0.0397  decode.loss_ce: 0.0397  decode.acc_seg: 96.8813
2025/03/09 20:56:43 - mmengine - INFO - Iter(train) [ 88200/160000]  lr: 1.0000e-04  eta: 5:16:39  time: 0.2542  data_time: 0.0073  memory: 9163  loss: 0.0454  decode.loss_ce: 0.0454  decode.acc_seg: 99.1705
2025/03/09 20:56:56 - mmengine - INFO - Iter(train) [ 88250/160000]  lr: 1.0000e-04  eta: 5:16:25  time: 0.2550  data_time: 0.0080  memory: 9163  loss: 0.0286  decode.loss_ce: 0.0286  decode.acc_seg: 98.5923
2025/03/09 20:57:08 - mmengine - INFO - Iter(train) [ 88300/160000]  lr: 1.0000e-04  eta: 5:16:11  time: 0.2518  data_time: 0.0071  memory: 9163  loss: 0.0284  decode.loss_ce: 0.0284  decode.acc_seg: 99.3903
2025/03/09 20:57:21 - mmengine - INFO - Iter(train) [ 88350/160000]  lr: 1.0000e-04  eta: 5:15:58  time: 0.2556  data_time: 0.0078  memory: 9163  loss: 0.0218  decode.loss_ce: 0.0218  decode.acc_seg: 98.1970
2025/03/09 20:57:34 - mmengine - INFO - Iter(train) [ 88400/160000]  lr: 1.0000e-04  eta: 5:15:44  time: 0.2529  data_time: 0.0080  memory: 9163  loss: 0.0336  decode.loss_ce: 0.0336  decode.acc_seg: 99.1103
2025/03/09 20:57:34 - mmengine - INFO - Saving checkpoint at 88400 iterations
2025/03/09 20:57:49 - mmengine - INFO - Iter(train) [ 88450/160000]  lr: 1.0000e-04  eta: 5:15:33  time: 0.2556  data_time: 0.0080  memory: 9163  loss: 0.0323  decode.loss_ce: 0.0323  decode.acc_seg: 99.7434
2025/03/09 20:58:02 - mmengine - INFO - Iter(train) [ 88500/160000]  lr: 1.0000e-04  eta: 5:15:19  time: 0.2559  data_time: 0.0085  memory: 9163  loss: 0.0329  decode.loss_ce: 0.0329  decode.acc_seg: 98.0495
2025/03/09 20:58:15 - mmengine - INFO - Iter(train) [ 88550/160000]  lr: 1.0000e-04  eta: 5:15:05  time: 0.2548  data_time: 0.0080  memory: 9163  loss: 0.0144  decode.loss_ce: 0.0144  decode.acc_seg: 99.6524
2025/03/09 20:59:54 - mmengine - INFO - Iter(train) [ 88600/160000]  lr: 1.0000e-04  eta: 5:16:01  time: 0.2480  data_time: 0.0089  memory: 9163  loss: 0.0375  decode.loss_ce: 0.0375  decode.acc_seg: 99.8199
2025/03/09 21:00:06 - mmengine - INFO - Iter(train) [ 88650/160000]  lr: 1.0000e-04  eta: 5:15:47  time: 0.2435  data_time: 0.0073  memory: 9163  loss: 0.0258  decode.loss_ce: 0.0258  decode.acc_seg: 98.6573
2025/03/09 21:00:18 - mmengine - INFO - Iter(train) [ 88700/160000]  lr: 1.0000e-04  eta: 5:15:33  time: 0.2446  data_time: 0.0079  memory: 9163  loss: 0.0323  decode.loss_ce: 0.0323  decode.acc_seg: 98.2323
2025/03/09 21:00:31 - mmengine - INFO - Iter(train) [ 88750/160000]  lr: 1.0000e-04  eta: 5:15:19  time: 0.2449  data_time: 0.0074  memory: 9163  loss: 0.0648  decode.loss_ce: 0.0648  decode.acc_seg: 97.2793
2025/03/09 21:00:43 - mmengine - INFO - Iter(train) [ 88800/160000]  lr: 1.0000e-04  eta: 5:15:05  time: 0.2450  data_time: 0.0071  memory: 9163  loss: 0.0329  decode.loss_ce: 0.0329  decode.acc_seg: 98.7126
2025/03/09 21:00:55 - mmengine - INFO - Iter(train) [ 88850/160000]  lr: 1.0000e-04  eta: 5:14:51  time: 0.2455  data_time: 0.0076  memory: 9163  loss: 0.0271  decode.loss_ce: 0.0271  decode.acc_seg: 99.5940
2025/03/09 21:01:08 - mmengine - INFO - Iter(train) [ 88900/160000]  lr: 1.0000e-04  eta: 5:14:37  time: 0.2573  data_time: 0.0080  memory: 9163  loss: 0.0295  decode.loss_ce: 0.0295  decode.acc_seg: 97.2376
2025/03/09 21:01:20 - mmengine - INFO - Iter(train) [ 88950/160000]  lr: 1.0000e-04  eta: 5:14:23  time: 0.2567  data_time: 0.0076  memory: 9163  loss: 0.0313  decode.loss_ce: 0.0313  decode.acc_seg: 99.4455
2025/03/09 21:01:33 - mmengine - INFO - Exp name: efficient_20250309_140341
2025/03/09 21:01:33 - mmengine - INFO - Iter(train) [ 89000/160000]  lr: 1.0000e-04  eta: 5:14:10  time: 0.2590  data_time: 0.0079  memory: 9163  loss: 0.0262  decode.loss_ce: 0.0262  decode.acc_seg: 98.8791
2025/03/09 21:01:46 - mmengine - INFO - Iter(train) [ 89050/160000]  lr: 1.0000e-04  eta: 5:13:56  time: 0.2549  data_time: 0.0079  memory: 9163  loss: 0.0457  decode.loss_ce: 0.0457  decode.acc_seg: 99.7019
2025/03/09 21:01:59 - mmengine - INFO - Iter(train) [ 89100/160000]  lr: 1.0000e-04  eta: 5:13:42  time: 0.2568  data_time: 0.0078  memory: 9163  loss: 0.0203  decode.loss_ce: 0.0203  decode.acc_seg: 99.2270
2025/03/09 21:02:12 - mmengine - INFO - Iter(train) [ 89150/160000]  lr: 1.0000e-04  eta: 5:13:29  time: 0.2569  data_time: 0.0075  memory: 9163  loss: 0.0285  decode.loss_ce: 0.0285  decode.acc_seg: 99.9918
2025/03/09 21:02:24 - mmengine - INFO - Iter(train) [ 89200/160000]  lr: 1.0000e-04  eta: 5:13:15  time: 0.2554  data_time: 0.0076  memory: 9163  loss: 0.0254  decode.loss_ce: 0.0254  decode.acc_seg: 99.3622
2025/03/09 21:02:37 - mmengine - INFO - Iter(train) [ 89250/160000]  lr: 1.0000e-04  eta: 5:13:01  time: 0.2563  data_time: 0.0081  memory: 9163  loss: 0.0264  decode.loss_ce: 0.0264  decode.acc_seg: 99.8746
2025/03/09 21:02:50 - mmengine - INFO - Iter(train) [ 89300/160000]  lr: 1.0000e-04  eta: 5:12:48  time: 0.2576  data_time: 0.0079  memory: 9163  loss: 0.0323  decode.loss_ce: 0.0323  decode.acc_seg: 99.1134
2025/03/09 21:03:03 - mmengine - INFO - Iter(train) [ 89350/160000]  lr: 1.0000e-04  eta: 5:12:34  time: 0.2562  data_time: 0.0079  memory: 9163  loss: 0.0205  decode.loss_ce: 0.0205  decode.acc_seg: 99.3796
2025/03/09 21:03:16 - mmengine - INFO - Iter(train) [ 89400/160000]  lr: 1.0000e-04  eta: 5:12:20  time: 0.2567  data_time: 0.0073  memory: 9163  loss: 0.0275  decode.loss_ce: 0.0275  decode.acc_seg: 97.8275
2025/03/09 21:03:29 - mmengine - INFO - Iter(train) [ 89450/160000]  lr: 1.0000e-04  eta: 5:12:07  time: 0.2548  data_time: 0.0077  memory: 9163  loss: 0.0333  decode.loss_ce: 0.0333  decode.acc_seg: 99.6315
2025/03/09 21:03:41 - mmengine - INFO - Iter(train) [ 89500/160000]  lr: 1.0000e-04  eta: 5:11:53  time: 0.2554  data_time: 0.0077  memory: 9163  loss: 0.0242  decode.loss_ce: 0.0242  decode.acc_seg: 99.6453
2025/03/09 21:03:54 - mmengine - INFO - Iter(train) [ 89550/160000]  lr: 1.0000e-04  eta: 5:11:40  time: 0.2561  data_time: 0.0078  memory: 9163  loss: 0.0296  decode.loss_ce: 0.0296  decode.acc_seg: 98.9568
2025/03/09 21:04:07 - mmengine - INFO - Iter(train) [ 89600/160000]  lr: 1.0000e-04  eta: 5:11:26  time: 0.2577  data_time: 0.0082  memory: 9163  loss: 0.0351  decode.loss_ce: 0.0351  decode.acc_seg: 97.0038
2025/03/09 21:04:20 - mmengine - INFO - Iter(train) [ 89650/160000]  lr: 1.0000e-04  eta: 5:11:12  time: 0.2550  data_time: 0.0077  memory: 9163  loss: 0.0329  decode.loss_ce: 0.0329  decode.acc_seg: 97.9408
2025/03/09 21:04:33 - mmengine - INFO - Iter(train) [ 89700/160000]  lr: 1.0000e-04  eta: 5:10:59  time: 0.2586  data_time: 0.0083  memory: 9163  loss: 0.0230  decode.loss_ce: 0.0230  decode.acc_seg: 99.4503
2025/03/09 21:04:46 - mmengine - INFO - Iter(train) [ 89750/160000]  lr: 1.0000e-04  eta: 5:10:45  time: 0.2596  data_time: 0.0078  memory: 9163  loss: 0.0208  decode.loss_ce: 0.0208  decode.acc_seg: 99.3009
2025/03/09 21:04:59 - mmengine - INFO - Iter(train) [ 89800/160000]  lr: 1.0000e-04  eta: 5:10:32  time: 0.2550  data_time: 0.0079  memory: 9163  loss: 0.0326  decode.loss_ce: 0.0326  decode.acc_seg: 99.4638
2025/03/09 21:05:11 - mmengine - INFO - Iter(train) [ 89850/160000]  lr: 1.0000e-04  eta: 5:10:18  time: 0.2569  data_time: 0.0077  memory: 9163  loss: 0.0257  decode.loss_ce: 0.0257  decode.acc_seg: 99.7594
2025/03/09 21:05:24 - mmengine - INFO - Iter(train) [ 89900/160000]  lr: 1.0000e-04  eta: 5:10:04  time: 0.2577  data_time: 0.0081  memory: 9163  loss: 0.0257  decode.loss_ce: 0.0257  decode.acc_seg: 99.5887
2025/03/09 21:05:37 - mmengine - INFO - Iter(train) [ 89950/160000]  lr: 1.0000e-04  eta: 5:09:51  time: 0.2553  data_time: 0.0080  memory: 9163  loss: 0.0223  decode.loss_ce: 0.0223  decode.acc_seg: 99.4600
2025/03/09 21:05:50 - mmengine - INFO - Exp name: efficient_20250309_140341
2025/03/09 21:05:50 - mmengine - INFO - Iter(train) [ 90000/160000]  lr: 1.0000e-04  eta: 5:09:37  time: 0.2553  data_time: 0.0083  memory: 9163  loss: 0.0518  decode.loss_ce: 0.0518  decode.acc_seg: 98.2323
2025/03/09 21:06:03 - mmengine - INFO - Iter(train) [ 90050/160000]  lr: 1.0000e-04  eta: 5:09:23  time: 0.2554  data_time: 0.0077  memory: 9163  loss: 0.0296  decode.loss_ce: 0.0296  decode.acc_seg: 98.2089
2025/03/09 21:06:15 - mmengine - INFO - Iter(train) [ 90100/160000]  lr: 1.0000e-04  eta: 5:09:10  time: 0.2543  data_time: 0.0076  memory: 9163  loss: 0.0316  decode.loss_ce: 0.0316  decode.acc_seg: 99.6280
2025/03/09 21:06:28 - mmengine - INFO - Iter(train) [ 90150/160000]  lr: 1.0000e-04  eta: 5:08:56  time: 0.2547  data_time: 0.0074  memory: 9163  loss: 0.0242  decode.loss_ce: 0.0242  decode.acc_seg: 98.8909
2025/03/09 21:06:41 - mmengine - INFO - Iter(train) [ 90200/160000]  lr: 1.0000e-04  eta: 5:08:42  time: 0.2551  data_time: 0.0077  memory: 9163  loss: 0.0329  decode.loss_ce: 0.0329  decode.acc_seg: 99.2592
2025/03/09 21:06:54 - mmengine - INFO - Iter(train) [ 90250/160000]  lr: 1.0000e-04  eta: 5:08:29  time: 0.2546  data_time: 0.0077  memory: 9163  loss: 0.0246  decode.loss_ce: 0.0246  decode.acc_seg: 99.8060
2025/03/09 21:07:06 - mmengine - INFO - Iter(train) [ 90300/160000]  lr: 1.0000e-04  eta: 5:08:15  time: 0.2537  data_time: 0.0076  memory: 9163  loss: 0.0409  decode.loss_ce: 0.0409  decode.acc_seg: 99.6472
2025/03/09 21:07:19 - mmengine - INFO - Iter(train) [ 90350/160000]  lr: 1.0000e-04  eta: 5:08:01  time: 0.2544  data_time: 0.0075  memory: 9163  loss: 0.0389  decode.loss_ce: 0.0389  decode.acc_seg: 98.5748
2025/03/09 21:07:32 - mmengine - INFO - Iter(train) [ 90400/160000]  lr: 1.0000e-04  eta: 5:07:48  time: 0.2542  data_time: 0.0080  memory: 9163  loss: 0.0220  decode.loss_ce: 0.0220  decode.acc_seg: 100.0000
2025/03/09 21:07:45 - mmengine - INFO - Iter(train) [ 90450/160000]  lr: 1.0000e-04  eta: 5:07:34  time: 0.2544  data_time: 0.0078  memory: 9163  loss: 0.0398  decode.loss_ce: 0.0398  decode.acc_seg: 98.4285
2025/03/09 21:07:57 - mmengine - INFO - Iter(train) [ 90500/160000]  lr: 1.0000e-04  eta: 5:07:20  time: 0.2546  data_time: 0.0076  memory: 9163  loss: 0.0171  decode.loss_ce: 0.0171  decode.acc_seg: 98.7341
2025/03/09 21:08:10 - mmengine - INFO - Iter(train) [ 90550/160000]  lr: 1.0000e-04  eta: 5:07:07  time: 0.2558  data_time: 0.0083  memory: 9163  loss: 0.0232  decode.loss_ce: 0.0232  decode.acc_seg: 99.7968
2025/03/09 21:08:23 - mmengine - INFO - Iter(train) [ 90600/160000]  lr: 1.0000e-04  eta: 5:06:53  time: 0.2547  data_time: 0.0077  memory: 9163  loss: 0.0438  decode.loss_ce: 0.0438  decode.acc_seg: 98.6376
2025/03/09 21:08:36 - mmengine - INFO - Iter(train) [ 90650/160000]  lr: 1.0000e-04  eta: 5:06:39  time: 0.2541  data_time: 0.0074  memory: 9163  loss: 0.0519  decode.loss_ce: 0.0519  decode.acc_seg: 99.6058
2025/03/09 21:08:48 - mmengine - INFO - Iter(train) [ 90700/160000]  lr: 1.0000e-04  eta: 5:06:26  time: 0.2547  data_time: 0.0076  memory: 9163  loss: 0.0214  decode.loss_ce: 0.0214  decode.acc_seg: 99.3757
2025/03/09 21:09:01 - mmengine - INFO - Iter(train) [ 90750/160000]  lr: 1.0000e-04  eta: 5:06:12  time: 0.2546  data_time: 0.0074  memory: 9163  loss: 0.0258  decode.loss_ce: 0.0258  decode.acc_seg: 99.6827
2025/03/09 21:09:14 - mmengine - INFO - Iter(train) [ 90800/160000]  lr: 1.0000e-04  eta: 5:05:58  time: 0.2548  data_time: 0.0078  memory: 9163  loss: 0.0254  decode.loss_ce: 0.0254  decode.acc_seg: 98.8762
2025/03/09 21:09:27 - mmengine - INFO - Iter(train) [ 90850/160000]  lr: 1.0000e-04  eta: 5:05:45  time: 0.2547  data_time: 0.0078  memory: 9163  loss: 0.0233  decode.loss_ce: 0.0233  decode.acc_seg: 99.9989
2025/03/09 21:09:39 - mmengine - INFO - Iter(train) [ 90900/160000]  lr: 1.0000e-04  eta: 5:05:31  time: 0.2538  data_time: 0.0075  memory: 9163  loss: 0.0459  decode.loss_ce: 0.0459  decode.acc_seg: 95.7333
2025/03/09 21:09:52 - mmengine - INFO - Iter(train) [ 90950/160000]  lr: 1.0000e-04  eta: 5:05:17  time: 0.2547  data_time: 0.0076  memory: 9163  loss: 0.0242  decode.loss_ce: 0.0242  decode.acc_seg: 98.9343
2025/03/09 21:10:05 - mmengine - INFO - Exp name: efficient_20250309_140341
2025/03/09 21:10:05 - mmengine - INFO - Iter(train) [ 91000/160000]  lr: 1.0000e-04  eta: 5:05:04  time: 0.2554  data_time: 0.0083  memory: 9163  loss: 0.0180  decode.loss_ce: 0.0180  decode.acc_seg: 99.2376
2025/03/09 21:10:08 - mmengine - INFO - Iter(val) [ 50/869]    eta: 0:00:49  time: 0.0594  data_time: 0.0025  memory: 636  
2025/03/09 21:10:11 - mmengine - INFO - Iter(val) [100/869]    eta: 0:00:44  time: 0.0594  data_time: 0.0023  memory: 636  
2025/03/09 21:10:14 - mmengine - INFO - Iter(val) [150/869]    eta: 0:00:41  time: 0.0553  data_time: 0.0026  memory: 636  
2025/03/09 21:10:16 - mmengine - INFO - Iter(val) [200/869]    eta: 0:00:38  time: 0.0567  data_time: 0.0022  memory: 636  
2025/03/09 21:10:19 - mmengine - INFO - Iter(val) [250/869]    eta: 0:00:35  time: 0.0541  data_time: 0.0025  memory: 636  
2025/03/09 21:10:22 - mmengine - INFO - Iter(val) [300/869]    eta: 0:00:32  time: 0.0545  data_time: 0.0025  memory: 636  
2025/03/09 21:10:25 - mmengine - INFO - Iter(val) [350/869]    eta: 0:00:29  time: 0.0594  data_time: 0.0026  memory: 636  
2025/03/09 21:10:28 - mmengine - INFO - Iter(val) [400/869]    eta: 0:00:26  time: 0.0542  data_time: 0.0025  memory: 636  
2025/03/09 21:10:30 - mmengine - INFO - Iter(val) [450/869]    eta: 0:00:23  time: 0.0538  data_time: 0.0027  memory: 636  
2025/03/09 21:10:33 - mmengine - INFO - Iter(val) [500/869]    eta: 0:00:20  time: 0.0566  data_time: 0.0023  memory: 636  
2025/03/09 21:10:36 - mmengine - INFO - Iter(val) [550/869]    eta: 0:00:17  time: 0.0539  data_time: 0.0023  memory: 636  
2025/03/09 21:10:39 - mmengine - INFO - Iter(val) [600/869]    eta: 0:00:15  time: 0.0545  data_time: 0.0027  memory: 636  
2025/03/09 21:10:41 - mmengine - INFO - Iter(val) [650/869]    eta: 0:00:12  time: 0.0544  data_time: 0.0027  memory: 636  
2025/03/09 21:10:44 - mmengine - INFO - Iter(val) [700/869]    eta: 0:00:09  time: 0.0540  data_time: 0.0026  memory: 636  
2025/03/09 21:10:47 - mmengine - INFO - Iter(val) [750/869]    eta: 0:00:06  time: 0.0539  data_time: 0.0028  memory: 636  
2025/03/09 21:10:50 - mmengine - INFO - Iter(val) [800/869]    eta: 0:00:03  time: 0.0544  data_time: 0.0027  memory: 636  
2025/03/09 21:10:53 - mmengine - INFO - Iter(val) [850/869]    eta: 0:00:01  time: 0.0540  data_time: 0.0024  memory: 636  
2025/03/09 21:10:54 - mmengine - INFO - per class results:
2025/03/09 21:10:54 - mmengine - INFO - 
+------------+-------+-------+--------+-----------+--------+
|   Class    |  IoU  |  Acc  | Fscore | Precision | Recall |
+------------+-------+-------+--------+-----------+--------+
| background | 97.04 | 97.76 |  98.5  |   99.25   | 97.76  |
|    ghaf    | 54.18 |  82.7 | 70.29  |   61.11   |  82.7  |
+------------+-------+-------+--------+-----------+--------+
2025/03/09 21:10:54 - mmengine - INFO - Iter(val) [869/869]    aAcc: 97.1400  mIoU: 75.6100  mAcc: 90.2300  mFscore: 84.3900  mPrecision: 80.1800  mRecall: 90.2300  data_time: 0.0027  time: 0.0558
2025/03/09 21:11:06 - mmengine - INFO - Iter(train) [ 91050/160000]  lr: 1.0000e-04  eta: 5:04:50  time: 0.2543  data_time: 0.0072  memory: 9163  loss: 0.0417  decode.loss_ce: 0.0417  decode.acc_seg: 98.2090
2025/03/09 21:11:19 - mmengine - INFO - Iter(train) [ 91100/160000]  lr: 1.0000e-04  eta: 5:04:36  time: 0.2525  data_time: 0.0078  memory: 9163  loss: 0.0257  decode.loss_ce: 0.0257  decode.acc_seg: 99.7451
2025/03/09 21:11:32 - mmengine - INFO - Iter(train) [ 91150/160000]  lr: 1.0000e-04  eta: 5:04:23  time: 0.2536  data_time: 0.0082  memory: 9163  loss: 0.0216  decode.loss_ce: 0.0216  decode.acc_seg: 99.0914
2025/03/09 21:11:44 - mmengine - INFO - Iter(train) [ 91200/160000]  lr: 1.0000e-04  eta: 5:04:09  time: 0.2547  data_time: 0.0078  memory: 9163  loss: 0.0204  decode.loss_ce: 0.0204  decode.acc_seg: 99.7825
2025/03/09 21:11:57 - mmengine - INFO - Iter(train) [ 91250/160000]  lr: 1.0000e-04  eta: 5:03:55  time: 0.2517  data_time: 0.0078  memory: 9163  loss: 0.0441  decode.loss_ce: 0.0441  decode.acc_seg: 100.0000
2025/03/09 21:12:10 - mmengine - INFO - Iter(train) [ 91300/160000]  lr: 1.0000e-04  eta: 5:03:41  time: 0.2523  data_time: 0.0079  memory: 9163  loss: 0.0215  decode.loss_ce: 0.0215  decode.acc_seg: 99.7682
2025/03/09 21:12:22 - mmengine - INFO - Iter(train) [ 91350/160000]  lr: 1.0000e-04  eta: 5:03:28  time: 0.2522  data_time: 0.0075  memory: 9163  loss: 0.0211  decode.loss_ce: 0.0211  decode.acc_seg: 98.3500
2025/03/09 21:12:35 - mmengine - INFO - Iter(train) [ 91400/160000]  lr: 1.0000e-04  eta: 5:03:14  time: 0.2532  data_time: 0.0076  memory: 9163  loss: 0.0383  decode.loss_ce: 0.0383  decode.acc_seg: 99.3523
2025/03/09 21:12:48 - mmengine - INFO - Iter(train) [ 91450/160000]  lr: 1.0000e-04  eta: 5:03:00  time: 0.2516  data_time: 0.0076  memory: 9163  loss: 0.0321  decode.loss_ce: 0.0321  decode.acc_seg: 98.7936
2025/03/09 21:13:00 - mmengine - INFO - Iter(train) [ 91500/160000]  lr: 1.0000e-04  eta: 5:02:47  time: 0.2522  data_time: 0.0078  memory: 9163  loss: 0.0355  decode.loss_ce: 0.0355  decode.acc_seg: 96.2676
2025/03/09 21:13:13 - mmengine - INFO - Iter(train) [ 91550/160000]  lr: 1.0000e-04  eta: 5:02:33  time: 0.2532  data_time: 0.0080  memory: 9163  loss: 0.0234  decode.loss_ce: 0.0234  decode.acc_seg: 98.1524
2025/03/09 21:13:26 - mmengine - INFO - Iter(train) [ 91600/160000]  lr: 1.0000e-04  eta: 5:02:19  time: 0.2548  data_time: 0.0077  memory: 9163  loss: 0.0335  decode.loss_ce: 0.0335  decode.acc_seg: 99.5725
2025/03/09 21:13:39 - mmengine - INFO - Iter(train) [ 91650/160000]  lr: 1.0000e-04  eta: 5:02:06  time: 0.2535  data_time: 0.0078  memory: 9163  loss: 0.0298  decode.loss_ce: 0.0298  decode.acc_seg: 99.9647
2025/03/09 21:13:51 - mmengine - INFO - Iter(train) [ 91700/160000]  lr: 1.0000e-04  eta: 5:01:52  time: 0.2548  data_time: 0.0075  memory: 9163  loss: 0.0192  decode.loss_ce: 0.0192  decode.acc_seg: 99.8895
2025/03/09 21:14:04 - mmengine - INFO - Iter(train) [ 91750/160000]  lr: 1.0000e-04  eta: 5:01:38  time: 0.2549  data_time: 0.0076  memory: 9163  loss: 0.0405  decode.loss_ce: 0.0405  decode.acc_seg: 97.2106
2025/03/09 21:14:17 - mmengine - INFO - Iter(train) [ 91800/160000]  lr: 1.0000e-04  eta: 5:01:25  time: 0.2510  data_time: 0.0076  memory: 9163  loss: 0.0316  decode.loss_ce: 0.0316  decode.acc_seg: 99.7622
2025/03/09 21:14:17 - mmengine - INFO - Saving checkpoint at 91800 iterations
2025/03/09 21:14:32 - mmengine - INFO - Iter(train) [ 91850/160000]  lr: 1.0000e-04  eta: 5:01:13  time: 0.2550  data_time: 0.0077  memory: 9163  loss: 0.0299  decode.loss_ce: 0.0299  decode.acc_seg: 99.0360
2025/03/09 21:14:44 - mmengine - INFO - Iter(train) [ 91900/160000]  lr: 1.0000e-04  eta: 5:00:59  time: 0.2548  data_time: 0.0077  memory: 9163  loss: 0.0301  decode.loss_ce: 0.0301  decode.acc_seg: 99.9535
2025/03/09 21:14:57 - mmengine - INFO - Iter(train) [ 91950/160000]  lr: 1.0000e-04  eta: 5:00:45  time: 0.2516  data_time: 0.0076  memory: 9163  loss: 0.0327  decode.loss_ce: 0.0327  decode.acc_seg: 99.0597
2025/03/09 21:15:10 - mmengine - INFO - Exp name: efficient_20250309_140341
2025/03/09 21:15:10 - mmengine - INFO - Iter(train) [ 92000/160000]  lr: 1.0000e-04  eta: 5:00:32  time: 0.2545  data_time: 0.0077  memory: 9163  loss: 0.0169  decode.loss_ce: 0.0169  decode.acc_seg: 99.2897
2025/03/09 21:15:22 - mmengine - INFO - Iter(train) [ 92050/160000]  lr: 1.0000e-04  eta: 5:00:18  time: 0.2539  data_time: 0.0075  memory: 9163  loss: 0.0393  decode.loss_ce: 0.0393  decode.acc_seg: 95.2961
2025/03/09 21:15:35 - mmengine - INFO - Iter(train) [ 92100/160000]  lr: 1.0000e-04  eta: 5:00:04  time: 0.2554  data_time: 0.0076  memory: 9163  loss: 0.0372  decode.loss_ce: 0.0372  decode.acc_seg: 99.6035
2025/03/09 21:15:48 - mmengine - INFO - Iter(train) [ 92150/160000]  lr: 1.0000e-04  eta: 4:59:51  time: 0.2544  data_time: 0.0077  memory: 9163  loss: 0.0180  decode.loss_ce: 0.0180  decode.acc_seg: 97.8223
2025/03/09 21:16:01 - mmengine - INFO - Iter(train) [ 92200/160000]  lr: 1.0000e-04  eta: 4:59:37  time: 0.2548  data_time: 0.0074  memory: 9163  loss: 0.0349  decode.loss_ce: 0.0349  decode.acc_seg: 98.6957
2025/03/09 21:16:13 - mmengine - INFO - Iter(train) [ 92250/160000]  lr: 1.0000e-04  eta: 4:59:23  time: 0.2520  data_time: 0.0081  memory: 9163  loss: 0.0128  decode.loss_ce: 0.0128  decode.acc_seg: 98.8851
2025/03/09 21:16:26 - mmengine - INFO - Iter(train) [ 92300/160000]  lr: 1.0000e-04  eta: 4:59:10  time: 0.2552  data_time: 0.0077  memory: 9163  loss: 0.0332  decode.loss_ce: 0.0332  decode.acc_seg: 99.2411
2025/03/09 21:16:39 - mmengine - INFO - Iter(train) [ 92350/160000]  lr: 1.0000e-04  eta: 4:58:56  time: 0.2544  data_time: 0.0077  memory: 9163  loss: 0.0193  decode.loss_ce: 0.0193  decode.acc_seg: 99.4131
2025/03/09 21:16:51 - mmengine - INFO - Iter(train) [ 92400/160000]  lr: 1.0000e-04  eta: 4:58:42  time: 0.2558  data_time: 0.0082  memory: 9163  loss: 0.0276  decode.loss_ce: 0.0276  decode.acc_seg: 98.3493
2025/03/09 21:17:04 - mmengine - INFO - Iter(train) [ 92450/160000]  lr: 1.0000e-04  eta: 4:58:29  time: 0.2535  data_time: 0.0075  memory: 9163  loss: 0.0385  decode.loss_ce: 0.0385  decode.acc_seg: 99.3286
2025/03/09 21:17:17 - mmengine - INFO - Iter(train) [ 92500/160000]  lr: 1.0000e-04  eta: 4:58:15  time: 0.2552  data_time: 0.0078  memory: 9163  loss: 0.0242  decode.loss_ce: 0.0242  decode.acc_seg: 98.8323
2025/03/09 21:17:30 - mmengine - INFO - Iter(train) [ 92550/160000]  lr: 1.0000e-04  eta: 4:58:01  time: 0.2551  data_time: 0.0075  memory: 9163  loss: 0.0277  decode.loss_ce: 0.0277  decode.acc_seg: 99.3468
2025/03/09 21:17:42 - mmengine - INFO - Iter(train) [ 92600/160000]  lr: 1.0000e-04  eta: 4:57:48  time: 0.2524  data_time: 0.0075  memory: 9163  loss: 0.0246  decode.loss_ce: 0.0246  decode.acc_seg: 98.5400
2025/03/09 21:17:55 - mmengine - INFO - Iter(train) [ 92650/160000]  lr: 1.0000e-04  eta: 4:57:34  time: 0.2546  data_time: 0.0077  memory: 9163  loss: 0.0360  decode.loss_ce: 0.0360  decode.acc_seg: 98.4648
2025/03/09 21:18:08 - mmengine - INFO - Iter(train) [ 92700/160000]  lr: 1.0000e-04  eta: 4:57:20  time: 0.2525  data_time: 0.0076  memory: 9163  loss: 0.0273  decode.loss_ce: 0.0273  decode.acc_seg: 98.7785
2025/03/09 21:18:21 - mmengine - INFO - Iter(train) [ 92750/160000]  lr: 1.0000e-04  eta: 4:57:07  time: 0.2547  data_time: 0.0071  memory: 9163  loss: 0.0182  decode.loss_ce: 0.0182  decode.acc_seg: 98.7564
2025/03/09 21:18:33 - mmengine - INFO - Iter(train) [ 92800/160000]  lr: 1.0000e-04  eta: 4:56:53  time: 0.2549  data_time: 0.0076  memory: 9163  loss: 0.0277  decode.loss_ce: 0.0277  decode.acc_seg: 99.6206
2025/03/09 21:18:46 - mmengine - INFO - Iter(train) [ 92850/160000]  lr: 1.0000e-04  eta: 4:56:39  time: 0.2532  data_time: 0.0076  memory: 9163  loss: 0.0258  decode.loss_ce: 0.0258  decode.acc_seg: 99.3837
2025/03/09 21:18:59 - mmengine - INFO - Iter(train) [ 92900/160000]  lr: 1.0000e-04  eta: 4:56:26  time: 0.2547  data_time: 0.0077  memory: 9163  loss: 0.0408  decode.loss_ce: 0.0408  decode.acc_seg: 97.7995
2025/03/09 21:19:12 - mmengine - INFO - Iter(train) [ 92950/160000]  lr: 1.0000e-04  eta: 4:56:12  time: 0.2519  data_time: 0.0077  memory: 9163  loss: 0.0401  decode.loss_ce: 0.0401  decode.acc_seg: 98.0840
2025/03/09 21:19:24 - mmengine - INFO - Exp name: efficient_20250309_140341
2025/03/09 21:19:24 - mmengine - INFO - Iter(train) [ 93000/160000]  lr: 1.0000e-04  eta: 4:55:59  time: 0.2547  data_time: 0.0079  memory: 9163  loss: 0.0234  decode.loss_ce: 0.0234  decode.acc_seg: 98.7255
2025/03/09 21:19:37 - mmengine - INFO - Iter(train) [ 93050/160000]  lr: 1.0000e-04  eta: 4:55:45  time: 0.2553  data_time: 0.0077  memory: 9163  loss: 0.0271  decode.loss_ce: 0.0271  decode.acc_seg: 97.6613
2025/03/09 21:19:50 - mmengine - INFO - Iter(train) [ 93100/160000]  lr: 1.0000e-04  eta: 4:55:31  time: 0.2522  data_time: 0.0077  memory: 9163  loss: 0.0184  decode.loss_ce: 0.0184  decode.acc_seg: 98.9699
2025/03/09 21:20:02 - mmengine - INFO - Iter(train) [ 93150/160000]  lr: 1.0000e-04  eta: 4:55:18  time: 0.2552  data_time: 0.0077  memory: 9163  loss: 0.0214  decode.loss_ce: 0.0214  decode.acc_seg: 99.6461
2025/03/09 21:20:15 - mmengine - INFO - Iter(train) [ 93200/160000]  lr: 1.0000e-04  eta: 4:55:04  time: 0.2528  data_time: 0.0076  memory: 9163  loss: 0.0282  decode.loss_ce: 0.0282  decode.acc_seg: 99.2646
2025/03/09 21:20:28 - mmengine - INFO - Iter(train) [ 93250/160000]  lr: 1.0000e-04  eta: 4:54:50  time: 0.2542  data_time: 0.0075  memory: 9163  loss: 0.0346  decode.loss_ce: 0.0346  decode.acc_seg: 99.2019
2025/03/09 21:20:41 - mmengine - INFO - Iter(train) [ 93300/160000]  lr: 1.0000e-04  eta: 4:54:37  time: 0.2548  data_time: 0.0076  memory: 9163  loss: 0.0260  decode.loss_ce: 0.0260  decode.acc_seg: 99.5314
2025/03/09 21:20:53 - mmengine - INFO - Iter(train) [ 93350/160000]  lr: 1.0000e-04  eta: 4:54:23  time: 0.2538  data_time: 0.0079  memory: 9163  loss: 0.0204  decode.loss_ce: 0.0204  decode.acc_seg: 98.5485
2025/03/09 21:21:06 - mmengine - INFO - Iter(train) [ 93400/160000]  lr: 1.0000e-04  eta: 4:54:09  time: 0.2528  data_time: 0.0075  memory: 9163  loss: 0.0207  decode.loss_ce: 0.0207  decode.acc_seg: 99.8309
2025/03/09 21:21:19 - mmengine - INFO - Iter(train) [ 93450/160000]  lr: 1.0000e-04  eta: 4:53:56  time: 0.2555  data_time: 0.0082  memory: 9163  loss: 0.0287  decode.loss_ce: 0.0287  decode.acc_seg: 99.3232
2025/03/09 21:21:32 - mmengine - INFO - Iter(train) [ 93500/160000]  lr: 1.0000e-04  eta: 4:53:42  time: 0.2544  data_time: 0.0074  memory: 9163  loss: 0.0146  decode.loss_ce: 0.0146  decode.acc_seg: 99.3691
2025/03/09 21:21:44 - mmengine - INFO - Iter(train) [ 93550/160000]  lr: 1.0000e-04  eta: 4:53:29  time: 0.2537  data_time: 0.0077  memory: 9163  loss: 0.0196  decode.loss_ce: 0.0196  decode.acc_seg: 99.3401
2025/03/09 21:21:57 - mmengine - INFO - Iter(train) [ 93600/160000]  lr: 1.0000e-04  eta: 4:53:15  time: 0.2534  data_time: 0.0078  memory: 9163  loss: 0.0300  decode.loss_ce: 0.0300  decode.acc_seg: 98.3418
2025/03/09 21:22:10 - mmengine - INFO - Iter(train) [ 93650/160000]  lr: 1.0000e-04  eta: 4:53:01  time: 0.2548  data_time: 0.0073  memory: 9163  loss: 0.0269  decode.loss_ce: 0.0269  decode.acc_seg: 99.5865
2025/03/09 21:22:22 - mmengine - INFO - Iter(train) [ 93700/160000]  lr: 1.0000e-04  eta: 4:52:48  time: 0.2518  data_time: 0.0077  memory: 9163  loss: 0.0379  decode.loss_ce: 0.0379  decode.acc_seg: 99.6353
2025/03/09 21:22:35 - mmengine - INFO - Iter(train) [ 93750/160000]  lr: 1.0000e-04  eta: 4:52:34  time: 0.2540  data_time: 0.0077  memory: 9163  loss: 0.0132  decode.loss_ce: 0.0132  decode.acc_seg: 99.3830
2025/03/09 21:22:48 - mmengine - INFO - Iter(train) [ 93800/160000]  lr: 1.0000e-04  eta: 4:52:20  time: 0.2536  data_time: 0.0073  memory: 9163  loss: 0.0199  decode.loss_ce: 0.0199  decode.acc_seg: 98.2881
2025/03/09 21:23:01 - mmengine - INFO - Iter(train) [ 93850/160000]  lr: 1.0000e-04  eta: 4:52:07  time: 0.2554  data_time: 0.0078  memory: 9163  loss: 0.0283  decode.loss_ce: 0.0283  decode.acc_seg: 97.7232
2025/03/09 21:23:13 - mmengine - INFO - Iter(train) [ 93900/160000]  lr: 1.0000e-04  eta: 4:51:53  time: 0.2550  data_time: 0.0077  memory: 9163  loss: 0.0289  decode.loss_ce: 0.0289  decode.acc_seg: 99.2942
2025/03/09 21:23:26 - mmengine - INFO - Iter(train) [ 93950/160000]  lr: 1.0000e-04  eta: 4:51:39  time: 0.2551  data_time: 0.0076  memory: 9163  loss: 0.0404  decode.loss_ce: 0.0404  decode.acc_seg: 98.1816
2025/03/09 21:23:39 - mmengine - INFO - Exp name: efficient_20250309_140341
2025/03/09 21:23:39 - mmengine - INFO - Iter(train) [ 94000/160000]  lr: 1.0000e-04  eta: 4:51:26  time: 0.2545  data_time: 0.0078  memory: 9163  loss: 0.0262  decode.loss_ce: 0.0262  decode.acc_seg: 99.0488
2025/03/09 21:23:51 - mmengine - INFO - Iter(train) [ 94050/160000]  lr: 1.0000e-04  eta: 4:51:12  time: 0.2543  data_time: 0.0072  memory: 9163  loss: 0.0313  decode.loss_ce: 0.0313  decode.acc_seg: 97.4976
2025/03/09 21:24:04 - mmengine - INFO - Iter(train) [ 94100/160000]  lr: 1.0000e-04  eta: 4:50:59  time: 0.2551  data_time: 0.0077  memory: 9163  loss: 0.0458  decode.loss_ce: 0.0458  decode.acc_seg: 97.6749
2025/03/09 21:24:17 - mmengine - INFO - Iter(train) [ 94150/160000]  lr: 1.0000e-04  eta: 4:50:45  time: 0.2530  data_time: 0.0077  memory: 9163  loss: 0.0383  decode.loss_ce: 0.0383  decode.acc_seg: 98.0863
2025/03/09 21:24:30 - mmengine - INFO - Iter(train) [ 94200/160000]  lr: 1.0000e-04  eta: 4:50:31  time: 0.2548  data_time: 0.0075  memory: 9163  loss: 0.0428  decode.loss_ce: 0.0428  decode.acc_seg: 98.5983
2025/03/09 21:24:42 - mmengine - INFO - Iter(train) [ 94250/160000]  lr: 1.0000e-04  eta: 4:50:18  time: 0.2547  data_time: 0.0076  memory: 9163  loss: 0.0298  decode.loss_ce: 0.0298  decode.acc_seg: 99.0431
2025/03/09 21:24:55 - mmengine - INFO - Iter(train) [ 94300/160000]  lr: 1.0000e-04  eta: 4:50:04  time: 0.2556  data_time: 0.0079  memory: 9163  loss: 0.0296  decode.loss_ce: 0.0296  decode.acc_seg: 99.4070
2025/03/09 21:25:08 - mmengine - INFO - Iter(train) [ 94350/160000]  lr: 1.0000e-04  eta: 4:49:51  time: 0.2545  data_time: 0.0080  memory: 9163  loss: 0.0423  decode.loss_ce: 0.0423  decode.acc_seg: 99.1461
2025/03/09 21:25:20 - mmengine - INFO - Iter(train) [ 94400/160000]  lr: 1.0000e-04  eta: 4:49:37  time: 0.2509  data_time: 0.0078  memory: 9163  loss: 0.0230  decode.loss_ce: 0.0230  decode.acc_seg: 99.9094
2025/03/09 21:25:33 - mmengine - INFO - Iter(train) [ 94450/160000]  lr: 1.0000e-04  eta: 4:49:23  time: 0.2548  data_time: 0.0075  memory: 9163  loss: 0.0240  decode.loss_ce: 0.0240  decode.acc_seg: 98.5006
2025/03/09 21:25:46 - mmengine - INFO - Iter(train) [ 94500/160000]  lr: 1.0000e-04  eta: 4:49:10  time: 0.2552  data_time: 0.0078  memory: 9163  loss: 0.0157  decode.loss_ce: 0.0157  decode.acc_seg: 99.2299
2025/03/09 21:25:49 - mmengine - INFO - Iter(val) [ 50/869]    eta: 0:00:47  time: 0.0556  data_time: 0.0026  memory: 636  
2025/03/09 21:25:52 - mmengine - INFO - Iter(val) [100/869]    eta: 0:00:43  time: 0.0559  data_time: 0.0026  memory: 636  
2025/03/09 21:25:54 - mmengine - INFO - Iter(val) [150/869]    eta: 0:00:40  time: 0.0556  data_time: 0.0027  memory: 636  
2025/03/09 21:25:57 - mmengine - INFO - Iter(val) [200/869]    eta: 0:00:37  time: 0.0554  data_time: 0.0027  memory: 636  
2025/03/09 21:26:00 - mmengine - INFO - Iter(val) [250/869]    eta: 0:00:34  time: 0.0582  data_time: 0.0026  memory: 636  
2025/03/09 21:26:03 - mmengine - INFO - Iter(val) [300/869]    eta: 0:00:32  time: 0.0604  data_time: 0.0027  memory: 636  
2025/03/09 21:26:06 - mmengine - INFO - Iter(val) [350/869]    eta: 0:00:29  time: 0.0566  data_time: 0.0022  memory: 636  
2025/03/09 21:26:08 - mmengine - INFO - Iter(val) [400/869]    eta: 0:00:26  time: 0.0561  data_time: 0.0028  memory: 636  
2025/03/09 21:26:11 - mmengine - INFO - Iter(val) [450/869]    eta: 0:00:23  time: 0.0563  data_time: 0.0026  memory: 636  
2025/03/09 21:26:14 - mmengine - INFO - Iter(val) [500/869]    eta: 0:00:20  time: 0.0556  data_time: 0.0024  memory: 636  
2025/03/09 21:26:17 - mmengine - INFO - Iter(val) [550/869]    eta: 0:00:17  time: 0.0561  data_time: 0.0026  memory: 636  
2025/03/09 21:26:20 - mmengine - INFO - Iter(val) [600/869]    eta: 0:00:15  time: 0.0556  data_time: 0.0027  memory: 636  
2025/03/09 21:26:23 - mmengine - INFO - Iter(val) [650/869]    eta: 0:00:12  time: 0.0563  data_time: 0.0028  memory: 636  
2025/03/09 21:26:25 - mmengine - INFO - Iter(val) [700/869]    eta: 0:00:09  time: 0.0565  data_time: 0.0028  memory: 636  
2025/03/09 21:26:28 - mmengine - INFO - Iter(val) [750/869]    eta: 0:00:06  time: 0.0557  data_time: 0.0023  memory: 636  
2025/03/09 21:26:31 - mmengine - INFO - Iter(val) [800/869]    eta: 0:00:03  time: 0.0569  data_time: 0.0030  memory: 636  
2025/03/09 21:26:34 - mmengine - INFO - Iter(val) [850/869]    eta: 0:00:01  time: 0.0568  data_time: 0.0026  memory: 636  
2025/03/09 21:26:35 - mmengine - INFO - per class results:
2025/03/09 21:26:35 - mmengine - INFO - 
+------------+-------+-------+--------+-----------+--------+
|   Class    |  IoU  |  Acc  | Fscore | Precision | Recall |
+------------+-------+-------+--------+-----------+--------+
| background | 97.16 | 97.94 | 98.56  |   99.19   | 97.94  |
|    ghaf    | 54.76 | 81.21 | 70.77  |   62.71   | 81.21  |
+------------+-------+-------+--------+-----------+--------+
2025/03/09 21:26:35 - mmengine - INFO - Iter(val) [869/869]    aAcc: 97.2600  mIoU: 75.9600  mAcc: 89.5800  mFscore: 84.6700  mPrecision: 80.9500  mRecall: 89.5800  data_time: 0.0028  time: 0.0563
2025/03/09 21:26:48 - mmengine - INFO - Iter(train) [ 94550/160000]  lr: 1.0000e-04  eta: 4:48:56  time: 0.2545  data_time: 0.0074  memory: 9163  loss: 0.0350  decode.loss_ce: 0.0350  decode.acc_seg: 98.0923
2025/03/09 21:27:00 - mmengine - INFO - Iter(train) [ 94600/160000]  lr: 1.0000e-04  eta: 4:48:42  time: 0.2523  data_time: 0.0075  memory: 9163  loss: 0.0397  decode.loss_ce: 0.0397  decode.acc_seg: 98.8777
2025/03/09 21:27:13 - mmengine - INFO - Iter(train) [ 94650/160000]  lr: 1.0000e-04  eta: 4:48:29  time: 0.2548  data_time: 0.0075  memory: 9163  loss: 0.0317  decode.loss_ce: 0.0317  decode.acc_seg: 98.8899
2025/03/09 21:27:26 - mmengine - INFO - Iter(train) [ 94700/160000]  lr: 1.0000e-04  eta: 4:48:15  time: 0.2547  data_time: 0.0074  memory: 9163  loss: 0.0334  decode.loss_ce: 0.0334  decode.acc_seg: 99.4350
2025/03/09 21:27:39 - mmengine - INFO - Iter(train) [ 94750/160000]  lr: 1.0000e-04  eta: 4:48:02  time: 0.2529  data_time: 0.0074  memory: 9163  loss: 0.0245  decode.loss_ce: 0.0245  decode.acc_seg: 98.8923
2025/03/09 21:27:51 - mmengine - INFO - Iter(train) [ 94800/160000]  lr: 1.0000e-04  eta: 4:47:48  time: 0.2545  data_time: 0.0078  memory: 9163  loss: 0.0283  decode.loss_ce: 0.0283  decode.acc_seg: 98.2370
2025/03/09 21:28:04 - mmengine - INFO - Iter(train) [ 94850/160000]  lr: 1.0000e-04  eta: 4:47:34  time: 0.2547  data_time: 0.0077  memory: 9163  loss: 0.0265  decode.loss_ce: 0.0265  decode.acc_seg: 97.8049
2025/03/09 21:28:17 - mmengine - INFO - Iter(train) [ 94900/160000]  lr: 1.0000e-04  eta: 4:47:21  time: 0.2534  data_time: 0.0076  memory: 9163  loss: 0.0344  decode.loss_ce: 0.0344  decode.acc_seg: 99.3837
2025/03/09 21:28:30 - mmengine - INFO - Iter(train) [ 94950/160000]  lr: 1.0000e-04  eta: 4:47:07  time: 0.2542  data_time: 0.0077  memory: 9163  loss: 0.0378  decode.loss_ce: 0.0378  decode.acc_seg: 98.6803
2025/03/09 21:28:42 - mmengine - INFO - Exp name: efficient_20250309_140341
2025/03/09 21:28:42 - mmengine - INFO - Iter(train) [ 95000/160000]  lr: 1.0000e-04  eta: 4:46:54  time: 0.2543  data_time: 0.0074  memory: 9163  loss: 0.0243  decode.loss_ce: 0.0243  decode.acc_seg: 99.4453
2025/03/09 21:28:55 - mmengine - INFO - Iter(train) [ 95050/160000]  lr: 1.0000e-04  eta: 4:46:40  time: 0.2536  data_time: 0.0080  memory: 9163  loss: 0.0206  decode.loss_ce: 0.0206  decode.acc_seg: 100.0000
2025/03/09 21:29:08 - mmengine - INFO - Iter(train) [ 95100/160000]  lr: 1.0000e-04  eta: 4:46:26  time: 0.2550  data_time: 0.0079  memory: 9163  loss: 0.0237  decode.loss_ce: 0.0237  decode.acc_seg: 99.5411
2025/03/09 21:29:20 - mmengine - INFO - Iter(train) [ 95150/160000]  lr: 1.0000e-04  eta: 4:46:13  time: 0.2542  data_time: 0.0075  memory: 9163  loss: 0.0259  decode.loss_ce: 0.0259  decode.acc_seg: 99.5522
2025/03/09 21:31:11 - mmengine - INFO - Iter(train) [ 95200/160000]  lr: 1.0000e-04  eta: 4:47:06  time: 0.2433  data_time: 0.0077  memory: 9163  loss: 0.0246  decode.loss_ce: 0.0246  decode.acc_seg: 97.6579
2025/03/09 21:31:11 - mmengine - INFO - Saving checkpoint at 95200 iterations
2025/03/09 21:31:27 - mmengine - INFO - Iter(train) [ 95250/160000]  lr: 1.0000e-04  eta: 4:46:54  time: 0.2448  data_time: 0.0078  memory: 9163  loss: 0.0299  decode.loss_ce: 0.0299  decode.acc_seg: 99.9895
2025/03/09 21:31:39 - mmengine - INFO - Iter(train) [ 95300/160000]  lr: 1.0000e-04  eta: 4:46:40  time: 0.2445  data_time: 0.0075  memory: 9163  loss: 0.0449  decode.loss_ce: 0.0449  decode.acc_seg: 99.6042
2025/03/09 21:31:51 - mmengine - INFO - Iter(train) [ 95350/160000]  lr: 1.0000e-04  eta: 4:46:26  time: 0.2448  data_time: 0.0076  memory: 9163  loss: 0.0283  decode.loss_ce: 0.0283  decode.acc_seg: 98.9180
2025/03/09 21:32:04 - mmengine - INFO - Iter(train) [ 95400/160000]  lr: 1.0000e-04  eta: 4:46:12  time: 0.2464  data_time: 0.0079  memory: 9163  loss: 0.0317  decode.loss_ce: 0.0317  decode.acc_seg: 99.8825
2025/03/09 21:32:16 - mmengine - INFO - Iter(train) [ 95450/160000]  lr: 1.0000e-04  eta: 4:45:58  time: 0.2535  data_time: 0.0078  memory: 9163  loss: 0.0452  decode.loss_ce: 0.0452  decode.acc_seg: 97.8896
2025/03/09 21:32:29 - mmengine - INFO - Iter(train) [ 95500/160000]  lr: 1.0000e-04  eta: 4:45:45  time: 0.2546  data_time: 0.0080  memory: 9163  loss: 0.0240  decode.loss_ce: 0.0240  decode.acc_seg: 97.9290
2025/03/09 21:32:42 - mmengine - INFO - Iter(train) [ 95550/160000]  lr: 1.0000e-04  eta: 4:45:31  time: 0.2553  data_time: 0.0079  memory: 9163  loss: 0.0208  decode.loss_ce: 0.0208  decode.acc_seg: 99.3164
2025/03/09 21:32:54 - mmengine - INFO - Iter(train) [ 95600/160000]  lr: 1.0000e-04  eta: 4:45:17  time: 0.2547  data_time: 0.0076  memory: 9163  loss: 0.0277  decode.loss_ce: 0.0277  decode.acc_seg: 99.0909
2025/03/09 21:33:07 - mmengine - INFO - Iter(train) [ 95650/160000]  lr: 1.0000e-04  eta: 4:45:04  time: 0.2549  data_time: 0.0083  memory: 9163  loss: 0.0193  decode.loss_ce: 0.0193  decode.acc_seg: 98.5615
2025/03/09 21:33:20 - mmengine - INFO - Iter(train) [ 95700/160000]  lr: 1.0000e-04  eta: 4:44:50  time: 0.2547  data_time: 0.0081  memory: 9163  loss: 0.0323  decode.loss_ce: 0.0323  decode.acc_seg: 99.2074
2025/03/09 21:33:33 - mmengine - INFO - Iter(train) [ 95750/160000]  lr: 1.0000e-04  eta: 4:44:37  time: 0.2546  data_time: 0.0085  memory: 9163  loss: 0.0225  decode.loss_ce: 0.0225  decode.acc_seg: 99.2119
2025/03/09 21:33:46 - mmengine - INFO - Iter(train) [ 95800/160000]  lr: 1.0000e-04  eta: 4:44:23  time: 0.2558  data_time: 0.0081  memory: 9163  loss: 0.0210  decode.loss_ce: 0.0210  decode.acc_seg: 99.4213
2025/03/09 21:33:59 - mmengine - INFO - Iter(train) [ 95850/160000]  lr: 1.0000e-04  eta: 4:44:09  time: 0.2584  data_time: 0.0085  memory: 9163  loss: 0.0237  decode.loss_ce: 0.0237  decode.acc_seg: 98.8892
2025/03/09 21:34:11 - mmengine - INFO - Iter(train) [ 95900/160000]  lr: 1.0000e-04  eta: 4:43:56  time: 0.2574  data_time: 0.0082  memory: 9163  loss: 0.0370  decode.loss_ce: 0.0370  decode.acc_seg: 99.6162
2025/03/09 21:34:24 - mmengine - INFO - Iter(train) [ 95950/160000]  lr: 1.0000e-04  eta: 4:43:42  time: 0.2588  data_time: 0.0082  memory: 9163  loss: 0.0173  decode.loss_ce: 0.0173  decode.acc_seg: 99.9025
2025/03/09 21:34:37 - mmengine - INFO - Exp name: efficient_20250309_140341
2025/03/09 21:34:37 - mmengine - INFO - Iter(train) [ 96000/160000]  lr: 1.0000e-04  eta: 4:43:29  time: 0.2653  data_time: 0.0098  memory: 9163  loss: 0.0241  decode.loss_ce: 0.0241  decode.acc_seg: 99.6757
2025/03/09 21:34:50 - mmengine - INFO - Iter(train) [ 96050/160000]  lr: 1.0000e-04  eta: 4:43:15  time: 0.2585  data_time: 0.0084  memory: 9163  loss: 0.0257  decode.loss_ce: 0.0257  decode.acc_seg: 99.4207
2025/03/09 21:35:03 - mmengine - INFO - Iter(train) [ 96100/160000]  lr: 1.0000e-04  eta: 4:43:02  time: 0.2587  data_time: 0.0082  memory: 9163  loss: 0.0164  decode.loss_ce: 0.0164  decode.acc_seg: 98.6082
2025/03/09 21:35:16 - mmengine - INFO - Iter(train) [ 96150/160000]  lr: 1.0000e-04  eta: 4:42:48  time: 0.2590  data_time: 0.0080  memory: 9163  loss: 0.0255  decode.loss_ce: 0.0255  decode.acc_seg: 98.2436
2025/03/09 21:35:29 - mmengine - INFO - Iter(train) [ 96200/160000]  lr: 1.0000e-04  eta: 4:42:35  time: 0.2577  data_time: 0.0082  memory: 9163  loss: 0.0172  decode.loss_ce: 0.0172  decode.acc_seg: 99.3366
2025/03/09 21:35:42 - mmengine - INFO - Iter(train) [ 96250/160000]  lr: 1.0000e-04  eta: 4:42:21  time: 0.2575  data_time: 0.0086  memory: 9163  loss: 0.0241  decode.loss_ce: 0.0241  decode.acc_seg: 99.9932
2025/03/09 21:35:55 - mmengine - INFO - Iter(train) [ 96300/160000]  lr: 1.0000e-04  eta: 4:42:07  time: 0.2550  data_time: 0.0079  memory: 9163  loss: 0.0351  decode.loss_ce: 0.0351  decode.acc_seg: 99.1561
2025/03/09 21:36:08 - mmengine - INFO - Iter(train) [ 96350/160000]  lr: 1.0000e-04  eta: 4:41:54  time: 0.2587  data_time: 0.0081  memory: 9163  loss: 0.0244  decode.loss_ce: 0.0244  decode.acc_seg: 99.0695
2025/03/09 21:36:21 - mmengine - INFO - Iter(train) [ 96400/160000]  lr: 1.0000e-04  eta: 4:41:40  time: 0.2564  data_time: 0.0079  memory: 9163  loss: 0.0255  decode.loss_ce: 0.0255  decode.acc_seg: 99.6512
2025/03/09 21:36:33 - mmengine - INFO - Iter(train) [ 96450/160000]  lr: 1.0000e-04  eta: 4:41:27  time: 0.2600  data_time: 0.0084  memory: 9163  loss: 0.0227  decode.loss_ce: 0.0227  decode.acc_seg: 98.8188
2025/03/09 21:36:46 - mmengine - INFO - Iter(train) [ 96500/160000]  lr: 1.0000e-04  eta: 4:41:13  time: 0.2545  data_time: 0.0079  memory: 9163  loss: 0.0210  decode.loss_ce: 0.0210  decode.acc_seg: 99.9132
2025/03/09 21:36:59 - mmengine - INFO - Iter(train) [ 96550/160000]  lr: 1.0000e-04  eta: 4:41:00  time: 0.2549  data_time: 0.0084  memory: 9163  loss: 0.0216  decode.loss_ce: 0.0216  decode.acc_seg: 99.5583
2025/03/09 21:37:12 - mmengine - INFO - Iter(train) [ 96600/160000]  lr: 1.0000e-04  eta: 4:40:46  time: 0.2548  data_time: 0.0081  memory: 9163  loss: 0.0291  decode.loss_ce: 0.0291  decode.acc_seg: 98.1727
2025/03/09 21:37:25 - mmengine - INFO - Iter(train) [ 96650/160000]  lr: 1.0000e-04  eta: 4:40:32  time: 0.2541  data_time: 0.0082  memory: 9163  loss: 0.0263  decode.loss_ce: 0.0263  decode.acc_seg: 99.1464
2025/03/09 21:37:37 - mmengine - INFO - Iter(train) [ 96700/160000]  lr: 1.0000e-04  eta: 4:40:19  time: 0.2555  data_time: 0.0082  memory: 9163  loss: 0.0212  decode.loss_ce: 0.0212  decode.acc_seg: 99.4391
2025/03/09 21:37:50 - mmengine - INFO - Iter(train) [ 96750/160000]  lr: 1.0000e-04  eta: 4:40:05  time: 0.2546  data_time: 0.0081  memory: 9163  loss: 0.0174  decode.loss_ce: 0.0174  decode.acc_seg: 99.5227
2025/03/09 21:38:03 - mmengine - INFO - Iter(train) [ 96800/160000]  lr: 1.0000e-04  eta: 4:39:51  time: 0.2542  data_time: 0.0082  memory: 9163  loss: 0.0244  decode.loss_ce: 0.0244  decode.acc_seg: 99.3974
2025/03/09 21:38:16 - mmengine - INFO - Iter(train) [ 96850/160000]  lr: 1.0000e-04  eta: 4:39:38  time: 0.2544  data_time: 0.0082  memory: 9163  loss: 0.0230  decode.loss_ce: 0.0230  decode.acc_seg: 99.7520
2025/03/09 21:38:28 - mmengine - INFO - Iter(train) [ 96900/160000]  lr: 1.0000e-04  eta: 4:39:24  time: 0.2530  data_time: 0.0077  memory: 9163  loss: 0.0276  decode.loss_ce: 0.0276  decode.acc_seg: 99.8290
2025/03/09 21:38:41 - mmengine - INFO - Iter(train) [ 96950/160000]  lr: 1.0000e-04  eta: 4:39:10  time: 0.2546  data_time: 0.0080  memory: 9163  loss: 0.0194  decode.loss_ce: 0.0194  decode.acc_seg: 99.9730
2025/03/09 21:38:54 - mmengine - INFO - Exp name: efficient_20250309_140341
2025/03/09 21:38:54 - mmengine - INFO - Iter(train) [ 97000/160000]  lr: 1.0000e-04  eta: 4:38:57  time: 0.2542  data_time: 0.0077  memory: 9163  loss: 0.0226  decode.loss_ce: 0.0226  decode.acc_seg: 99.2977
2025/03/09 21:39:07 - mmengine - INFO - Iter(train) [ 97050/160000]  lr: 1.0000e-04  eta: 4:38:43  time: 0.2562  data_time: 0.0078  memory: 9163  loss: 0.0252  decode.loss_ce: 0.0252  decode.acc_seg: 97.8637
2025/03/09 21:39:19 - mmengine - INFO - Iter(train) [ 97100/160000]  lr: 1.0000e-04  eta: 4:38:30  time: 0.2537  data_time: 0.0080  memory: 9163  loss: 0.0252  decode.loss_ce: 0.0252  decode.acc_seg: 97.9111
2025/03/09 21:39:32 - mmengine - INFO - Iter(train) [ 97150/160000]  lr: 1.0000e-04  eta: 4:38:16  time: 0.2539  data_time: 0.0079  memory: 9163  loss: 0.0293  decode.loss_ce: 0.0293  decode.acc_seg: 99.6707
2025/03/09 21:39:45 - mmengine - INFO - Iter(train) [ 97200/160000]  lr: 1.0000e-04  eta: 4:38:02  time: 0.2547  data_time: 0.0083  memory: 9163  loss: 0.0372  decode.loss_ce: 0.0372  decode.acc_seg: 99.7868
2025/03/09 21:39:58 - mmengine - INFO - Iter(train) [ 97250/160000]  lr: 1.0000e-04  eta: 4:37:49  time: 0.2540  data_time: 0.0076  memory: 9163  loss: 0.0322  decode.loss_ce: 0.0322  decode.acc_seg: 99.3547
2025/03/09 21:40:10 - mmengine - INFO - Iter(train) [ 97300/160000]  lr: 1.0000e-04  eta: 4:37:35  time: 0.2544  data_time: 0.0077  memory: 9163  loss: 0.0282  decode.loss_ce: 0.0282  decode.acc_seg: 98.4515
2025/03/09 21:40:23 - mmengine - INFO - Iter(train) [ 97350/160000]  lr: 1.0000e-04  eta: 4:37:21  time: 0.2551  data_time: 0.0084  memory: 9163  loss: 0.0327  decode.loss_ce: 0.0327  decode.acc_seg: 99.4983
2025/03/09 21:40:36 - mmengine - INFO - Iter(train) [ 97400/160000]  lr: 1.0000e-04  eta: 4:37:08  time: 0.2551  data_time: 0.0081  memory: 9163  loss: 0.0179  decode.loss_ce: 0.0179  decode.acc_seg: 99.6258
2025/03/09 21:40:49 - mmengine - INFO - Iter(train) [ 97450/160000]  lr: 1.0000e-04  eta: 4:36:54  time: 0.2537  data_time: 0.0085  memory: 9163  loss: 0.0301  decode.loss_ce: 0.0301  decode.acc_seg: 98.4855
2025/03/09 21:41:01 - mmengine - INFO - Iter(train) [ 97500/160000]  lr: 1.0000e-04  eta: 4:36:41  time: 0.2540  data_time: 0.0085  memory: 9163  loss: 0.0186  decode.loss_ce: 0.0186  decode.acc_seg: 98.9819
2025/03/09 21:41:14 - mmengine - INFO - Iter(train) [ 97550/160000]  lr: 1.0000e-04  eta: 4:36:27  time: 0.2556  data_time: 0.0082  memory: 9163  loss: 0.0283  decode.loss_ce: 0.0283  decode.acc_seg: 99.3031
2025/03/09 21:41:27 - mmengine - INFO - Iter(train) [ 97600/160000]  lr: 1.0000e-04  eta: 4:36:13  time: 0.2574  data_time: 0.0082  memory: 9163  loss: 0.0139  decode.loss_ce: 0.0139  decode.acc_seg: 99.4253
2025/03/09 21:41:40 - mmengine - INFO - Iter(train) [ 97650/160000]  lr: 1.0000e-04  eta: 4:36:00  time: 0.2530  data_time: 0.0079  memory: 9163  loss: 0.0274  decode.loss_ce: 0.0274  decode.acc_seg: 98.7403
2025/03/09 21:41:53 - mmengine - INFO - Iter(train) [ 97700/160000]  lr: 1.0000e-04  eta: 4:35:46  time: 0.2596  data_time: 0.0089  memory: 9163  loss: 0.0218  decode.loss_ce: 0.0218  decode.acc_seg: 99.6218
2025/03/09 21:42:05 - mmengine - INFO - Iter(train) [ 97750/160000]  lr: 1.0000e-04  eta: 4:35:33  time: 0.2538  data_time: 0.0087  memory: 9163  loss: 0.0216  decode.loss_ce: 0.0216  decode.acc_seg: 96.9355
2025/03/09 21:42:18 - mmengine - INFO - Iter(train) [ 97800/160000]  lr: 1.0000e-04  eta: 4:35:19  time: 0.2548  data_time: 0.0083  memory: 9163  loss: 0.0233  decode.loss_ce: 0.0233  decode.acc_seg: 99.7449
2025/03/09 21:42:31 - mmengine - INFO - Iter(train) [ 97850/160000]  lr: 1.0000e-04  eta: 4:35:05  time: 0.2541  data_time: 0.0084  memory: 9163  loss: 0.0187  decode.loss_ce: 0.0187  decode.acc_seg: 99.8866
2025/03/09 21:42:44 - mmengine - INFO - Iter(train) [ 97900/160000]  lr: 1.0000e-04  eta: 4:34:52  time: 0.2562  data_time: 0.0084  memory: 9163  loss: 0.0392  decode.loss_ce: 0.0392  decode.acc_seg: 98.7208
2025/03/09 21:42:57 - mmengine - INFO - Iter(train) [ 97950/160000]  lr: 1.0000e-04  eta: 4:34:38  time: 0.2569  data_time: 0.0085  memory: 9163  loss: 0.0348  decode.loss_ce: 0.0348  decode.acc_seg: 97.9797
2025/03/09 21:43:10 - mmengine - INFO - Exp name: efficient_20250309_140341
2025/03/09 21:43:10 - mmengine - INFO - Iter(train) [ 98000/160000]  lr: 1.0000e-04  eta: 4:34:25  time: 0.2548  data_time: 0.0079  memory: 9163  loss: 0.0301  decode.loss_ce: 0.0301  decode.acc_seg: 96.3646
2025/03/09 21:43:12 - mmengine - INFO - Iter(val) [ 50/869]    eta: 0:00:47  time: 0.0556  data_time: 0.0027  memory: 636  
2025/03/09 21:43:15 - mmengine - INFO - Iter(val) [100/869]    eta: 0:00:44  time: 0.0602  data_time: 0.0025  memory: 636  
2025/03/09 21:43:18 - mmengine - INFO - Iter(val) [150/869]    eta: 0:00:41  time: 0.0553  data_time: 0.0028  memory: 636  
2025/03/09 21:43:21 - mmengine - INFO - Iter(val) [200/869]    eta: 0:00:38  time: 0.0554  data_time: 0.0027  memory: 636  
2025/03/09 21:43:24 - mmengine - INFO - Iter(val) [250/869]    eta: 0:00:35  time: 0.0584  data_time: 0.0027  memory: 636  
2025/03/09 21:43:27 - mmengine - INFO - Iter(val) [300/869]    eta: 0:00:32  time: 0.0547  data_time: 0.0023  memory: 636  
2025/03/09 21:43:30 - mmengine - INFO - Iter(val) [350/869]    eta: 0:00:29  time: 0.0551  data_time: 0.0029  memory: 636  
2025/03/09 21:43:32 - mmengine - INFO - Iter(val) [400/869]    eta: 0:00:26  time: 0.0553  data_time: 0.0029  memory: 636  
2025/03/09 21:43:35 - mmengine - INFO - Iter(val) [450/869]    eta: 0:00:23  time: 0.0556  data_time: 0.0026  memory: 636  
2025/03/09 21:43:38 - mmengine - INFO - Iter(val) [500/869]    eta: 0:00:21  time: 0.0602  data_time: 0.0028  memory: 636  
2025/03/09 21:43:41 - mmengine - INFO - Iter(val) [550/869]    eta: 0:00:18  time: 0.0552  data_time: 0.0027  memory: 636  
2025/03/09 21:43:44 - mmengine - INFO - Iter(val) [600/869]    eta: 0:00:15  time: 0.0545  data_time: 0.0025  memory: 636  
2025/03/09 21:43:47 - mmengine - INFO - Iter(val) [650/869]    eta: 0:00:12  time: 0.0560  data_time: 0.0028  memory: 636  
2025/03/09 21:43:50 - mmengine - INFO - Iter(val) [700/869]    eta: 0:00:09  time: 0.0549  data_time: 0.0024  memory: 636  
2025/03/09 21:43:52 - mmengine - INFO - Iter(val) [750/869]    eta: 0:00:06  time: 0.0545  data_time: 0.0027  memory: 636  
2025/03/09 21:43:55 - mmengine - INFO - Iter(val) [800/869]    eta: 0:00:03  time: 0.0556  data_time: 0.0027  memory: 636  
2025/03/09 21:43:58 - mmengine - INFO - Iter(val) [850/869]    eta: 0:00:01  time: 0.0584  data_time: 0.0027  memory: 636  
2025/03/09 21:43:59 - mmengine - INFO - per class results:
2025/03/09 21:43:59 - mmengine - INFO - 
+------------+-------+-------+--------+-----------+--------+
|   Class    |  IoU  |  Acc  | Fscore | Precision | Recall |
+------------+-------+-------+--------+-----------+--------+
| background | 97.15 | 97.92 | 98.55  |    99.2   | 97.92  |
|    ghaf    | 54.69 | 81.39 | 70.71  |    62.5   | 81.39  |
+------------+-------+-------+--------+-----------+--------+
2025/03/09 21:43:59 - mmengine - INFO - Iter(val) [869/869]    aAcc: 97.2400  mIoU: 75.9200  mAcc: 89.6600  mFscore: 84.6300  mPrecision: 80.8500  mRecall: 89.6600  data_time: 0.0028  time: 0.0568
2025/03/09 21:44:12 - mmengine - INFO - Iter(train) [ 98050/160000]  lr: 1.0000e-04  eta: 4:34:11  time: 0.2538  data_time: 0.0078  memory: 9163  loss: 0.0240  decode.loss_ce: 0.0240  decode.acc_seg: 99.3188
2025/03/09 21:44:25 - mmengine - INFO - Iter(train) [ 98100/160000]  lr: 1.0000e-04  eta: 4:33:57  time: 0.2551  data_time: 0.0075  memory: 9163  loss: 0.0240  decode.loss_ce: 0.0240  decode.acc_seg: 99.6662
2025/03/09 21:44:37 - mmengine - INFO - Iter(train) [ 98150/160000]  lr: 1.0000e-04  eta: 4:33:44  time: 0.2547  data_time: 0.0077  memory: 9163  loss: 0.0201  decode.loss_ce: 0.0201  decode.acc_seg: 99.1938
2025/03/09 21:44:50 - mmengine - INFO - Iter(train) [ 98200/160000]  lr: 1.0000e-04  eta: 4:33:30  time: 0.2548  data_time: 0.0076  memory: 9163  loss: 0.0555  decode.loss_ce: 0.0555  decode.acc_seg: 86.3504
2025/03/09 21:45:03 - mmengine - INFO - Iter(train) [ 98250/160000]  lr: 1.0000e-04  eta: 4:33:17  time: 0.2572  data_time: 0.0084  memory: 9163  loss: 0.0224  decode.loss_ce: 0.0224  decode.acc_seg: 98.9258
2025/03/09 21:45:15 - mmengine - INFO - Iter(train) [ 98300/160000]  lr: 1.0000e-04  eta: 4:33:03  time: 0.2530  data_time: 0.0080  memory: 9163  loss: 0.0178  decode.loss_ce: 0.0178  decode.acc_seg: 99.6491
2025/03/09 21:45:28 - mmengine - INFO - Iter(train) [ 98350/160000]  lr: 1.0000e-04  eta: 4:32:49  time: 0.2544  data_time: 0.0077  memory: 9163  loss: 0.0249  decode.loss_ce: 0.0249  decode.acc_seg: 98.7538
2025/03/09 21:45:41 - mmengine - INFO - Iter(train) [ 98400/160000]  lr: 1.0000e-04  eta: 4:32:36  time: 0.2560  data_time: 0.0080  memory: 9163  loss: 0.0326  decode.loss_ce: 0.0326  decode.acc_seg: 99.2776
2025/03/09 21:45:54 - mmengine - INFO - Iter(train) [ 98450/160000]  lr: 1.0000e-04  eta: 4:32:22  time: 0.2541  data_time: 0.0080  memory: 9163  loss: 0.0190  decode.loss_ce: 0.0190  decode.acc_seg: 98.6051
2025/03/09 21:46:06 - mmengine - INFO - Iter(train) [ 98500/160000]  lr: 1.0000e-04  eta: 4:32:08  time: 0.2544  data_time: 0.0075  memory: 9163  loss: 0.0256  decode.loss_ce: 0.0256  decode.acc_seg: 98.9722
2025/03/09 21:46:19 - mmengine - INFO - Iter(train) [ 98550/160000]  lr: 1.0000e-04  eta: 4:31:55  time: 0.2550  data_time: 0.0077  memory: 9163  loss: 0.0301  decode.loss_ce: 0.0301  decode.acc_seg: 98.7200
2025/03/09 21:46:32 - mmengine - INFO - Iter(train) [ 98600/160000]  lr: 1.0000e-04  eta: 4:31:41  time: 0.2533  data_time: 0.0078  memory: 9163  loss: 0.0219  decode.loss_ce: 0.0219  decode.acc_seg: 99.6470
2025/03/09 21:46:32 - mmengine - INFO - Saving checkpoint at 98600 iterations
2025/03/09 21:46:46 - mmengine - INFO - Iter(train) [ 98650/160000]  lr: 1.0000e-04  eta: 4:31:29  time: 0.2550  data_time: 0.0077  memory: 9163  loss: 0.0433  decode.loss_ce: 0.0433  decode.acc_seg: 98.4716
2025/03/09 21:46:59 - mmengine - INFO - Iter(train) [ 98700/160000]  lr: 1.0000e-04  eta: 4:31:15  time: 0.2550  data_time: 0.0076  memory: 9163  loss: 0.0280  decode.loss_ce: 0.0280  decode.acc_seg: 99.6949
2025/03/09 21:47:12 - mmengine - INFO - Iter(train) [ 98750/160000]  lr: 1.0000e-04  eta: 4:31:01  time: 0.2549  data_time: 0.0075  memory: 9163  loss: 0.0258  decode.loss_ce: 0.0258  decode.acc_seg: 99.5171
2025/03/09 21:47:24 - mmengine - INFO - Iter(train) [ 98800/160000]  lr: 1.0000e-04  eta: 4:30:48  time: 0.2545  data_time: 0.0073  memory: 9163  loss: 0.0296  decode.loss_ce: 0.0296  decode.acc_seg: 98.5260
2025/03/09 21:47:37 - mmengine - INFO - Iter(train) [ 98850/160000]  lr: 1.0000e-04  eta: 4:30:34  time: 0.2543  data_time: 0.0074  memory: 9163  loss: 0.0328  decode.loss_ce: 0.0328  decode.acc_seg: 97.6554
2025/03/09 21:47:50 - mmengine - INFO - Iter(train) [ 98900/160000]  lr: 1.0000e-04  eta: 4:30:21  time: 0.2547  data_time: 0.0076  memory: 9163  loss: 0.0243  decode.loss_ce: 0.0243  decode.acc_seg: 98.1602
2025/03/09 21:48:03 - mmengine - INFO - Iter(train) [ 98950/160000]  lr: 1.0000e-04  eta: 4:30:07  time: 0.2537  data_time: 0.0078  memory: 9163  loss: 0.0262  decode.loss_ce: 0.0262  decode.acc_seg: 99.4052
2025/03/09 21:48:15 - mmengine - INFO - Exp name: efficient_20250309_140341
2025/03/09 21:48:15 - mmengine - INFO - Iter(train) [ 99000/160000]  lr: 1.0000e-04  eta: 4:29:53  time: 0.2551  data_time: 0.0077  memory: 9163  loss: 0.0300  decode.loss_ce: 0.0300  decode.acc_seg: 99.3320
2025/03/09 21:48:28 - mmengine - INFO - Iter(train) [ 99050/160000]  lr: 1.0000e-04  eta: 4:29:40  time: 0.2548  data_time: 0.0077  memory: 9163  loss: 0.0361  decode.loss_ce: 0.0361  decode.acc_seg: 96.7963
2025/03/09 21:48:41 - mmengine - INFO - Iter(train) [ 99100/160000]  lr: 1.0000e-04  eta: 4:29:26  time: 0.2524  data_time: 0.0078  memory: 9163  loss: 0.0358  decode.loss_ce: 0.0358  decode.acc_seg: 99.6534
2025/03/09 21:48:53 - mmengine - INFO - Iter(train) [ 99150/160000]  lr: 1.0000e-04  eta: 4:29:12  time: 0.2525  data_time: 0.0077  memory: 9163  loss: 0.0318  decode.loss_ce: 0.0318  decode.acc_seg: 99.5269
2025/03/09 21:49:06 - mmengine - INFO - Iter(train) [ 99200/160000]  lr: 1.0000e-04  eta: 4:28:59  time: 0.2527  data_time: 0.0078  memory: 9163  loss: 0.0318  decode.loss_ce: 0.0318  decode.acc_seg: 98.2092
2025/03/09 21:49:19 - mmengine - INFO - Iter(train) [ 99250/160000]  lr: 1.0000e-04  eta: 4:28:45  time: 0.2547  data_time: 0.0076  memory: 9163  loss: 0.0248  decode.loss_ce: 0.0248  decode.acc_seg: 99.9179
2025/03/09 21:49:32 - mmengine - INFO - Iter(train) [ 99300/160000]  lr: 1.0000e-04  eta: 4:28:32  time: 0.2546  data_time: 0.0077  memory: 9163  loss: 0.0240  decode.loss_ce: 0.0240  decode.acc_seg: 98.7938
2025/03/09 21:49:44 - mmengine - INFO - Iter(train) [ 99350/160000]  lr: 1.0000e-04  eta: 4:28:18  time: 0.2549  data_time: 0.0084  memory: 9163  loss: 0.0157  decode.loss_ce: 0.0157  decode.acc_seg: 98.5153
2025/03/09 21:49:57 - mmengine - INFO - Iter(train) [ 99400/160000]  lr: 1.0000e-04  eta: 4:28:04  time: 0.2548  data_time: 0.0077  memory: 9163  loss: 0.0221  decode.loss_ce: 0.0221  decode.acc_seg: 99.8648
2025/03/09 21:50:10 - mmengine - INFO - Iter(train) [ 99450/160000]  lr: 1.0000e-04  eta: 4:27:51  time: 0.2554  data_time: 0.0081  memory: 9163  loss: 0.0279  decode.loss_ce: 0.0279  decode.acc_seg: 99.5146
2025/03/09 21:50:23 - mmengine - INFO - Iter(train) [ 99500/160000]  lr: 1.0000e-04  eta: 4:27:37  time: 0.2540  data_time: 0.0079  memory: 9163  loss: 0.0364  decode.loss_ce: 0.0364  decode.acc_seg: 99.2147
2025/03/09 21:50:35 - mmengine - INFO - Iter(train) [ 99550/160000]  lr: 1.0000e-04  eta: 4:27:24  time: 0.2517  data_time: 0.0083  memory: 9163  loss: 0.0366  decode.loss_ce: 0.0366  decode.acc_seg: 98.4065
2025/03/09 21:50:48 - mmengine - INFO - Iter(train) [ 99600/160000]  lr: 1.0000e-04  eta: 4:27:10  time: 0.2548  data_time: 0.0076  memory: 9163  loss: 0.0156  decode.loss_ce: 0.0156  decode.acc_seg: 98.7177
2025/03/09 21:51:01 - mmengine - INFO - Iter(train) [ 99650/160000]  lr: 1.0000e-04  eta: 4:26:56  time: 0.2534  data_time: 0.0076  memory: 9163  loss: 0.0224  decode.loss_ce: 0.0224  decode.acc_seg: 97.3330
2025/03/09 21:51:13 - mmengine - INFO - Iter(train) [ 99700/160000]  lr: 1.0000e-04  eta: 4:26:43  time: 0.2551  data_time: 0.0080  memory: 9163  loss: 0.0219  decode.loss_ce: 0.0219  decode.acc_seg: 99.6571
2025/03/09 21:51:26 - mmengine - INFO - Iter(train) [ 99750/160000]  lr: 1.0000e-04  eta: 4:26:29  time: 0.2550  data_time: 0.0080  memory: 9163  loss: 0.0320  decode.loss_ce: 0.0320  decode.acc_seg: 99.8130
2025/03/09 21:51:39 - mmengine - INFO - Iter(train) [ 99800/160000]  lr: 1.0000e-04  eta: 4:26:15  time: 0.2544  data_time: 0.0079  memory: 9163  loss: 0.0284  decode.loss_ce: 0.0284  decode.acc_seg: 98.7646
2025/03/09 21:51:52 - mmengine - INFO - Iter(train) [ 99850/160000]  lr: 1.0000e-04  eta: 4:26:02  time: 0.2557  data_time: 0.0087  memory: 9163  loss: 0.0165  decode.loss_ce: 0.0165  decode.acc_seg: 99.3420
2025/03/09 21:52:04 - mmengine - INFO - Iter(train) [ 99900/160000]  lr: 1.0000e-04  eta: 4:25:48  time: 0.2548  data_time: 0.0080  memory: 9163  loss: 0.0258  decode.loss_ce: 0.0258  decode.acc_seg: 98.9046
2025/03/09 21:52:17 - mmengine - INFO - Iter(train) [ 99950/160000]  lr: 1.0000e-04  eta: 4:25:35  time: 0.2516  data_time: 0.0075  memory: 9163  loss: 0.0209  decode.loss_ce: 0.0209  decode.acc_seg: 98.9429
2025/03/09 21:52:30 - mmengine - INFO - Exp name: efficient_20250309_140341
2025/03/09 21:52:30 - mmengine - INFO - Iter(train) [100000/160000]  lr: 1.0000e-04  eta: 4:25:21  time: 0.2521  data_time: 0.0077  memory: 9163  loss: 0.0307  decode.loss_ce: 0.0307  decode.acc_seg: 98.4294
2025/03/09 21:52:43 - mmengine - INFO - Iter(train) [100050/160000]  lr: 1.0000e-04  eta: 4:25:07  time: 0.2536  data_time: 0.0079  memory: 9163  loss: 0.0189  decode.loss_ce: 0.0189  decode.acc_seg: 99.9994
2025/03/09 21:52:55 - mmengine - INFO - Iter(train) [100100/160000]  lr: 1.0000e-04  eta: 4:24:54  time: 0.2527  data_time: 0.0088  memory: 9163  loss: 0.0305  decode.loss_ce: 0.0305  decode.acc_seg: 99.1820
2025/03/09 21:53:08 - mmengine - INFO - Iter(train) [100150/160000]  lr: 1.0000e-04  eta: 4:24:40  time: 0.2550  data_time: 0.0079  memory: 9163  loss: 0.0218  decode.loss_ce: 0.0218  decode.acc_seg: 98.2889
2025/03/09 21:53:21 - mmengine - INFO - Iter(train) [100200/160000]  lr: 1.0000e-04  eta: 4:24:27  time: 0.2530  data_time: 0.0082  memory: 9163  loss: 0.0198  decode.loss_ce: 0.0198  decode.acc_seg: 99.8205
2025/03/09 21:53:33 - mmengine - INFO - Iter(train) [100250/160000]  lr: 1.0000e-04  eta: 4:24:13  time: 0.2552  data_time: 0.0077  memory: 9163  loss: 0.0318  decode.loss_ce: 0.0318  decode.acc_seg: 97.4823
2025/03/09 21:53:46 - mmengine - INFO - Iter(train) [100300/160000]  lr: 1.0000e-04  eta: 4:23:59  time: 0.2517  data_time: 0.0077  memory: 9163  loss: 0.0192  decode.loss_ce: 0.0192  decode.acc_seg: 99.4728
2025/03/09 21:53:59 - mmengine - INFO - Iter(train) [100350/160000]  lr: 1.0000e-04  eta: 4:23:46  time: 0.2532  data_time: 0.0082  memory: 9163  loss: 0.0157  decode.loss_ce: 0.0157  decode.acc_seg: 99.6388
2025/03/09 21:54:12 - mmengine - INFO - Iter(train) [100400/160000]  lr: 1.0000e-04  eta: 4:23:32  time: 0.2551  data_time: 0.0077  memory: 9163  loss: 0.0371  decode.loss_ce: 0.0371  decode.acc_seg: 98.6708
2025/03/09 21:54:24 - mmengine - INFO - Iter(train) [100450/160000]  lr: 1.0000e-04  eta: 4:23:19  time: 0.2548  data_time: 0.0077  memory: 9163  loss: 0.0238  decode.loss_ce: 0.0238  decode.acc_seg: 99.8634
2025/03/09 21:54:37 - mmengine - INFO - Iter(train) [100500/160000]  lr: 1.0000e-04  eta: 4:23:05  time: 0.2544  data_time: 0.0075  memory: 9163  loss: 0.0358  decode.loss_ce: 0.0358  decode.acc_seg: 97.9576
2025/03/09 21:54:50 - mmengine - INFO - Iter(train) [100550/160000]  lr: 1.0000e-04  eta: 4:22:52  time: 0.2546  data_time: 0.0081  memory: 9163  loss: 0.0325  decode.loss_ce: 0.0325  decode.acc_seg: 98.3251
2025/03/09 21:55:03 - mmengine - INFO - Iter(train) [100600/160000]  lr: 1.0000e-04  eta: 4:22:38  time: 0.2547  data_time: 0.0077  memory: 9163  loss: 0.0164  decode.loss_ce: 0.0164  decode.acc_seg: 99.5310
2025/03/09 21:55:15 - mmengine - INFO - Iter(train) [100650/160000]  lr: 1.0000e-04  eta: 4:22:24  time: 0.2539  data_time: 0.0076  memory: 9163  loss: 0.0225  decode.loss_ce: 0.0225  decode.acc_seg: 99.6778
2025/03/09 21:55:28 - mmengine - INFO - Iter(train) [100700/160000]  lr: 1.0000e-04  eta: 4:22:11  time: 0.2548  data_time: 0.0082  memory: 9163  loss: 0.0244  decode.loss_ce: 0.0244  decode.acc_seg: 99.1281
2025/03/09 21:55:41 - mmengine - INFO - Iter(train) [100750/160000]  lr: 1.0000e-04  eta: 4:21:57  time: 0.2551  data_time: 0.0078  memory: 9163  loss: 0.0284  decode.loss_ce: 0.0284  decode.acc_seg: 99.6064
2025/03/09 21:55:54 - mmengine - INFO - Iter(train) [100800/160000]  lr: 1.0000e-04  eta: 4:21:44  time: 0.2520  data_time: 0.0083  memory: 9163  loss: 0.0361  decode.loss_ce: 0.0361  decode.acc_seg: 97.2630
2025/03/09 21:56:06 - mmengine - INFO - Iter(train) [100850/160000]  lr: 1.0000e-04  eta: 4:21:30  time: 0.2534  data_time: 0.0081  memory: 9163  loss: 0.0249  decode.loss_ce: 0.0249  decode.acc_seg: 100.0000
2025/03/09 21:56:19 - mmengine - INFO - Iter(train) [100900/160000]  lr: 1.0000e-04  eta: 4:21:16  time: 0.2549  data_time: 0.0076  memory: 9163  loss: 0.0201  decode.loss_ce: 0.0201  decode.acc_seg: 99.1733
2025/03/09 21:56:32 - mmengine - INFO - Iter(train) [100950/160000]  lr: 1.0000e-04  eta: 4:21:03  time: 0.2549  data_time: 0.0079  memory: 9163  loss: 0.0283  decode.loss_ce: 0.0283  decode.acc_seg: 97.9990
2025/03/09 21:56:45 - mmengine - INFO - Exp name: efficient_20250309_140341
2025/03/09 21:56:45 - mmengine - INFO - Iter(train) [101000/160000]  lr: 1.0000e-04  eta: 4:20:49  time: 0.2555  data_time: 0.0080  memory: 9163  loss: 0.0183  decode.loss_ce: 0.0183  decode.acc_seg: 99.9298
2025/03/09 21:56:57 - mmengine - INFO - Iter(train) [101050/160000]  lr: 1.0000e-04  eta: 4:20:36  time: 0.2549  data_time: 0.0081  memory: 9163  loss: 0.0371  decode.loss_ce: 0.0371  decode.acc_seg: 97.2314
2025/03/09 21:57:10 - mmengine - INFO - Iter(train) [101100/160000]  lr: 1.0000e-04  eta: 4:20:22  time: 0.2542  data_time: 0.0072  memory: 9163  loss: 0.0181  decode.loss_ce: 0.0181  decode.acc_seg: 98.8799
2025/03/09 21:57:23 - mmengine - INFO - Iter(train) [101150/160000]  lr: 1.0000e-04  eta: 4:20:09  time: 0.2553  data_time: 0.0079  memory: 9163  loss: 0.0323  decode.loss_ce: 0.0323  decode.acc_seg: 99.1386
2025/03/09 21:57:36 - mmengine - INFO - Iter(train) [101200/160000]  lr: 1.0000e-04  eta: 4:19:55  time: 0.2562  data_time: 0.0084  memory: 9163  loss: 0.0359  decode.loss_ce: 0.0359  decode.acc_seg: 97.4277
2025/03/09 21:57:48 - mmengine - INFO - Iter(train) [101250/160000]  lr: 1.0000e-04  eta: 4:19:42  time: 0.2548  data_time: 0.0076  memory: 9163  loss: 0.0325  decode.loss_ce: 0.0325  decode.acc_seg: 98.7686
2025/03/09 21:58:01 - mmengine - INFO - Iter(train) [101300/160000]  lr: 1.0000e-04  eta: 4:19:28  time: 0.2549  data_time: 0.0082  memory: 9163  loss: 0.0301  decode.loss_ce: 0.0301  decode.acc_seg: 99.4027
2025/03/09 21:58:14 - mmengine - INFO - Iter(train) [101350/160000]  lr: 1.0000e-04  eta: 4:19:14  time: 0.2552  data_time: 0.0074  memory: 9163  loss: 0.0328  decode.loss_ce: 0.0328  decode.acc_seg: 98.0412
2025/03/09 21:58:27 - mmengine - INFO - Iter(train) [101400/160000]  lr: 1.0000e-04  eta: 4:19:01  time: 0.2550  data_time: 0.0077  memory: 9163  loss: 0.0228  decode.loss_ce: 0.0228  decode.acc_seg: 99.1328
2025/03/09 21:58:39 - mmengine - INFO - Iter(train) [101450/160000]  lr: 1.0000e-04  eta: 4:18:47  time: 0.2553  data_time: 0.0080  memory: 9163  loss: 0.0332  decode.loss_ce: 0.0332  decode.acc_seg: 99.1640
2025/03/09 21:58:52 - mmengine - INFO - Iter(train) [101500/160000]  lr: 1.0000e-04  eta: 4:18:34  time: 0.2538  data_time: 0.0075  memory: 9163  loss: 0.0317  decode.loss_ce: 0.0317  decode.acc_seg: 99.7136
2025/03/09 21:58:55 - mmengine - INFO - Iter(val) [ 50/869]    eta: 0:00:47  time: 0.0559  data_time: 0.0027  memory: 636  
2025/03/09 21:58:58 - mmengine - INFO - Iter(val) [100/869]    eta: 0:00:43  time: 0.0554  data_time: 0.0027  memory: 636  
2025/03/09 21:59:01 - mmengine - INFO - Iter(val) [150/869]    eta: 0:00:40  time: 0.0557  data_time: 0.0028  memory: 636  
2025/03/09 21:59:03 - mmengine - INFO - Iter(val) [200/869]    eta: 0:00:37  time: 0.0563  data_time: 0.0024  memory: 636  
2025/03/09 21:59:06 - mmengine - INFO - Iter(val) [250/869]    eta: 0:00:35  time: 0.0558  data_time: 0.0025  memory: 636  
2025/03/09 21:59:09 - mmengine - INFO - Iter(val) [300/869]    eta: 0:00:32  time: 0.0559  data_time: 0.0026  memory: 636  
2025/03/09 21:59:12 - mmengine - INFO - Iter(val) [350/869]    eta: 0:00:29  time: 0.0555  data_time: 0.0025  memory: 636  
2025/03/09 21:59:15 - mmengine - INFO - Iter(val) [400/869]    eta: 0:00:26  time: 0.0560  data_time: 0.0026  memory: 636  
2025/03/09 21:59:17 - mmengine - INFO - Iter(val) [450/869]    eta: 0:00:23  time: 0.0562  data_time: 0.0024  memory: 636  
2025/03/09 21:59:20 - mmengine - INFO - Iter(val) [500/869]    eta: 0:00:20  time: 0.0560  data_time: 0.0024  memory: 636  
2025/03/09 21:59:23 - mmengine - INFO - Iter(val) [550/869]    eta: 0:00:17  time: 0.0554  data_time: 0.0023  memory: 636  
2025/03/09 21:59:26 - mmengine - INFO - Iter(val) [600/869]    eta: 0:00:15  time: 0.0588  data_time: 0.0027  memory: 636  
2025/03/09 21:59:29 - mmengine - INFO - Iter(val) [650/869]    eta: 0:00:12  time: 0.0573  data_time: 0.0029  memory: 636  
2025/03/09 21:59:32 - mmengine - INFO - Iter(val) [700/869]    eta: 0:00:09  time: 0.0576  data_time: 0.0028  memory: 636  
2025/03/09 21:59:35 - mmengine - INFO - Iter(val) [750/869]    eta: 0:00:06  time: 0.0561  data_time: 0.0029  memory: 636  
2025/03/09 21:59:37 - mmengine - INFO - Iter(val) [800/869]    eta: 0:00:03  time: 0.0571  data_time: 0.0029  memory: 636  
2025/03/09 21:59:40 - mmengine - INFO - Iter(val) [850/869]    eta: 0:00:01  time: 0.0564  data_time: 0.0024  memory: 636  
2025/03/09 21:59:41 - mmengine - INFO - per class results:
2025/03/09 21:59:41 - mmengine - INFO - 
+------------+-------+-------+--------+-----------+--------+
|   Class    |  IoU  |  Acc  | Fscore | Precision | Recall |
+------------+-------+-------+--------+-----------+--------+
| background | 97.34 | 98.23 | 98.65  |   99.07   | 98.23  |
|    ghaf    | 55.42 | 78.47 | 71.32  |   65.36   | 78.47  |
+------------+-------+-------+--------+-----------+--------+
2025/03/09 21:59:41 - mmengine - INFO - Iter(val) [869/869]    aAcc: 97.4200  mIoU: 76.3800  mAcc: 88.3500  mFscore: 84.9800  mPrecision: 82.2200  mRecall: 88.3500  data_time: 0.0027  time: 0.0566
2025/03/09 21:59:54 - mmengine - INFO - Iter(train) [101550/160000]  lr: 1.0000e-04  eta: 4:18:20  time: 0.2549  data_time: 0.0081  memory: 9163  loss: 0.0238  decode.loss_ce: 0.0238  decode.acc_seg: 99.3060
2025/03/09 22:00:07 - mmengine - INFO - Iter(train) [101600/160000]  lr: 1.0000e-04  eta: 4:18:07  time: 0.2540  data_time: 0.0074  memory: 9163  loss: 0.0206  decode.loss_ce: 0.0206  decode.acc_seg: 99.8007
2025/03/09 22:00:20 - mmengine - INFO - Iter(train) [101650/160000]  lr: 1.0000e-04  eta: 4:17:53  time: 0.2538  data_time: 0.0077  memory: 9163  loss: 0.0302  decode.loss_ce: 0.0302  decode.acc_seg: 99.7824
2025/03/09 22:00:32 - mmengine - INFO - Iter(train) [101700/160000]  lr: 1.0000e-04  eta: 4:17:39  time: 0.2522  data_time: 0.0075  memory: 9163  loss: 0.0275  decode.loss_ce: 0.0275  decode.acc_seg: 100.0000
2025/03/09 22:02:37 - mmengine - INFO - Iter(train) [101750/160000]  lr: 1.0000e-04  eta: 4:18:30  time: 0.2424  data_time: 0.0075  memory: 9163  loss: 0.0215  decode.loss_ce: 0.0215  decode.acc_seg: 99.8238
2025/03/09 22:02:49 - mmengine - INFO - Iter(train) [101800/160000]  lr: 1.0000e-04  eta: 4:18:16  time: 0.2435  data_time: 0.0074  memory: 9163  loss: 0.0200  decode.loss_ce: 0.0200  decode.acc_seg: 99.9667
2025/03/09 22:03:02 - mmengine - INFO - Iter(train) [101850/160000]  lr: 1.0000e-04  eta: 4:18:02  time: 0.2516  data_time: 0.0083  memory: 9163  loss: 0.0297  decode.loss_ce: 0.0297  decode.acc_seg: 97.6824
2025/03/09 22:03:14 - mmengine - INFO - Iter(train) [101900/160000]  lr: 1.0000e-04  eta: 4:17:48  time: 0.2449  data_time: 0.0076  memory: 9163  loss: 0.0273  decode.loss_ce: 0.0273  decode.acc_seg: 98.1760
2025/03/09 22:03:26 - mmengine - INFO - Iter(train) [101950/160000]  lr: 1.0000e-04  eta: 4:17:34  time: 0.2465  data_time: 0.0079  memory: 9163  loss: 0.0215  decode.loss_ce: 0.0215  decode.acc_seg: 98.8602
2025/03/09 22:03:39 - mmengine - INFO - Exp name: efficient_20250309_140341
2025/03/09 22:03:39 - mmengine - INFO - Iter(train) [102000/160000]  lr: 1.0000e-04  eta: 4:17:21  time: 0.2473  data_time: 0.0077  memory: 9163  loss: 0.0260  decode.loss_ce: 0.0260  decode.acc_seg: 99.3878
2025/03/09 22:03:39 - mmengine - INFO - Saving checkpoint at 102000 iterations
2025/03/09 22:03:54 - mmengine - INFO - Iter(train) [102050/160000]  lr: 1.0000e-04  eta: 4:17:08  time: 0.2532  data_time: 0.0077  memory: 9163  loss: 0.0308  decode.loss_ce: 0.0308  decode.acc_seg: 99.0105
2025/03/09 22:04:06 - mmengine - INFO - Iter(train) [102100/160000]  lr: 1.0000e-04  eta: 4:16:55  time: 0.2544  data_time: 0.0074  memory: 9163  loss: 0.0291  decode.loss_ce: 0.0291  decode.acc_seg: 98.2378
2025/03/09 22:04:19 - mmengine - INFO - Iter(train) [102150/160000]  lr: 1.0000e-04  eta: 4:16:41  time: 0.2539  data_time: 0.0077  memory: 9163  loss: 0.0276  decode.loss_ce: 0.0276  decode.acc_seg: 98.2138
2025/03/09 22:04:32 - mmengine - INFO - Iter(train) [102200/160000]  lr: 1.0000e-04  eta: 4:16:27  time: 0.2544  data_time: 0.0083  memory: 9163  loss: 0.0339  decode.loss_ce: 0.0339  decode.acc_seg: 98.5624
2025/03/09 22:04:45 - mmengine - INFO - Iter(train) [102250/160000]  lr: 1.0000e-04  eta: 4:16:14  time: 0.2547  data_time: 0.0080  memory: 9163  loss: 0.0299  decode.loss_ce: 0.0299  decode.acc_seg: 99.4278
2025/03/09 22:04:58 - mmengine - INFO - Iter(train) [102300/160000]  lr: 1.0000e-04  eta: 4:16:00  time: 0.2574  data_time: 0.0084  memory: 9163  loss: 0.0225  decode.loss_ce: 0.0225  decode.acc_seg: 98.2980
2025/03/09 22:05:11 - mmengine - INFO - Iter(train) [102350/160000]  lr: 1.0000e-04  eta: 4:15:47  time: 0.2602  data_time: 0.0085  memory: 9163  loss: 0.0214  decode.loss_ce: 0.0214  decode.acc_seg: 98.8427
2025/03/09 22:05:23 - mmengine - INFO - Iter(train) [102400/160000]  lr: 1.0000e-04  eta: 4:15:33  time: 0.2565  data_time: 0.0080  memory: 9163  loss: 0.0294  decode.loss_ce: 0.0294  decode.acc_seg: 98.9086
2025/03/09 22:05:36 - mmengine - INFO - Iter(train) [102450/160000]  lr: 1.0000e-04  eta: 4:15:19  time: 0.2549  data_time: 0.0083  memory: 9163  loss: 0.0218  decode.loss_ce: 0.0218  decode.acc_seg: 99.3130
2025/03/09 22:05:49 - mmengine - INFO - Iter(train) [102500/160000]  lr: 1.0000e-04  eta: 4:15:06  time: 0.2555  data_time: 0.0081  memory: 9163  loss: 0.0237  decode.loss_ce: 0.0237  decode.acc_seg: 98.8396
2025/03/09 22:06:02 - mmengine - INFO - Iter(train) [102550/160000]  lr: 1.0000e-04  eta: 4:14:52  time: 0.2543  data_time: 0.0076  memory: 9163  loss: 0.0272  decode.loss_ce: 0.0272  decode.acc_seg: 99.9283
2025/03/09 22:06:15 - mmengine - INFO - Iter(train) [102600/160000]  lr: 1.0000e-04  eta: 4:14:39  time: 0.2551  data_time: 0.0081  memory: 9163  loss: 0.0331  decode.loss_ce: 0.0331  decode.acc_seg: 99.6267
2025/03/09 22:06:27 - mmengine - INFO - Iter(train) [102650/160000]  lr: 1.0000e-04  eta: 4:14:25  time: 0.2548  data_time: 0.0077  memory: 9163  loss: 0.0149  decode.loss_ce: 0.0149  decode.acc_seg: 99.8940
2025/03/09 22:06:40 - mmengine - INFO - Iter(train) [102700/160000]  lr: 1.0000e-04  eta: 4:14:11  time: 0.2547  data_time: 0.0080  memory: 9163  loss: 0.0206  decode.loss_ce: 0.0206  decode.acc_seg: 98.9737
2025/03/09 22:06:53 - mmengine - INFO - Iter(train) [102750/160000]  lr: 1.0000e-04  eta: 4:13:58  time: 0.2547  data_time: 0.0083  memory: 9163  loss: 0.0349  decode.loss_ce: 0.0349  decode.acc_seg: 99.4809
2025/03/09 22:07:06 - mmengine - INFO - Iter(train) [102800/160000]  lr: 1.0000e-04  eta: 4:13:44  time: 0.2551  data_time: 0.0081  memory: 9163  loss: 0.0268  decode.loss_ce: 0.0268  decode.acc_seg: 99.3426
2025/03/09 22:07:19 - mmengine - INFO - Iter(train) [102850/160000]  lr: 1.0000e-04  eta: 4:13:31  time: 0.2578  data_time: 0.0079  memory: 9163  loss: 0.0322  decode.loss_ce: 0.0322  decode.acc_seg: 99.1972
2025/03/09 22:07:31 - mmengine - INFO - Iter(train) [102900/160000]  lr: 1.0000e-04  eta: 4:13:17  time: 0.2576  data_time: 0.0079  memory: 9163  loss: 0.0248  decode.loss_ce: 0.0248  decode.acc_seg: 99.8674
2025/03/09 22:07:44 - mmengine - INFO - Iter(train) [102950/160000]  lr: 1.0000e-04  eta: 4:13:03  time: 0.2555  data_time: 0.0081  memory: 9163  loss: 0.0348  decode.loss_ce: 0.0348  decode.acc_seg: 99.9282
2025/03/09 22:07:57 - mmengine - INFO - Exp name: efficient_20250309_140341
2025/03/09 22:07:57 - mmengine - INFO - Iter(train) [103000/160000]  lr: 1.0000e-04  eta: 4:12:50  time: 0.2555  data_time: 0.0081  memory: 9163  loss: 0.0331  decode.loss_ce: 0.0331  decode.acc_seg: 98.1913
2025/03/09 22:08:10 - mmengine - INFO - Iter(train) [103050/160000]  lr: 1.0000e-04  eta: 4:12:36  time: 0.2551  data_time: 0.0085  memory: 9163  loss: 0.0285  decode.loss_ce: 0.0285  decode.acc_seg: 98.4649
2025/03/09 22:08:23 - mmengine - INFO - Iter(train) [103100/160000]  lr: 1.0000e-04  eta: 4:12:23  time: 0.2552  data_time: 0.0077  memory: 9163  loss: 0.0275  decode.loss_ce: 0.0275  decode.acc_seg: 98.0323
2025/03/09 22:08:36 - mmengine - INFO - Iter(train) [103150/160000]  lr: 1.0000e-04  eta: 4:12:09  time: 0.2591  data_time: 0.0083  memory: 9163  loss: 0.0281  decode.loss_ce: 0.0281  decode.acc_seg: 97.8624
2025/03/09 22:08:48 - mmengine - INFO - Iter(train) [103200/160000]  lr: 1.0000e-04  eta: 4:11:56  time: 0.2550  data_time: 0.0078  memory: 9163  loss: 0.0233  decode.loss_ce: 0.0233  decode.acc_seg: 100.0000
2025/03/09 22:09:01 - mmengine - INFO - Iter(train) [103250/160000]  lr: 1.0000e-04  eta: 4:11:42  time: 0.2557  data_time: 0.0080  memory: 9163  loss: 0.0170  decode.loss_ce: 0.0170  decode.acc_seg: 99.8967
2025/03/09 22:09:14 - mmengine - INFO - Iter(train) [103300/160000]  lr: 1.0000e-04  eta: 4:11:28  time: 0.2547  data_time: 0.0079  memory: 9163  loss: 0.0207  decode.loss_ce: 0.0207  decode.acc_seg: 99.1545
2025/03/09 22:09:27 - mmengine - INFO - Iter(train) [103350/160000]  lr: 1.0000e-04  eta: 4:11:15  time: 0.2549  data_time: 0.0078  memory: 9163  loss: 0.0242  decode.loss_ce: 0.0242  decode.acc_seg: 99.7467
2025/03/09 22:09:39 - mmengine - INFO - Iter(train) [103400/160000]  lr: 1.0000e-04  eta: 4:11:01  time: 0.2548  data_time: 0.0075  memory: 9163  loss: 0.0239  decode.loss_ce: 0.0239  decode.acc_seg: 99.4571
2025/03/09 22:09:52 - mmengine - INFO - Iter(train) [103450/160000]  lr: 1.0000e-04  eta: 4:10:48  time: 0.2552  data_time: 0.0077  memory: 9163  loss: 0.0219  decode.loss_ce: 0.0219  decode.acc_seg: 97.6524
2025/03/09 22:10:05 - mmengine - INFO - Iter(train) [103500/160000]  lr: 1.0000e-04  eta: 4:10:34  time: 0.2551  data_time: 0.0078  memory: 9163  loss: 0.0236  decode.loss_ce: 0.0236  decode.acc_seg: 98.8154
2025/03/09 22:10:18 - mmengine - INFO - Iter(train) [103550/160000]  lr: 1.0000e-04  eta: 4:10:20  time: 0.2551  data_time: 0.0076  memory: 9163  loss: 0.0216  decode.loss_ce: 0.0216  decode.acc_seg: 98.9606
2025/03/09 22:10:30 - mmengine - INFO - Iter(train) [103600/160000]  lr: 1.0000e-04  eta: 4:10:07  time: 0.2549  data_time: 0.0078  memory: 9163  loss: 0.0206  decode.loss_ce: 0.0206  decode.acc_seg: 99.6204
2025/03/09 22:10:43 - mmengine - INFO - Iter(train) [103650/160000]  lr: 1.0000e-04  eta: 4:09:53  time: 0.2537  data_time: 0.0075  memory: 9163  loss: 0.0330  decode.loss_ce: 0.0330  decode.acc_seg: 99.5059
2025/03/09 22:10:56 - mmengine - INFO - Iter(train) [103700/160000]  lr: 1.0000e-04  eta: 4:09:39  time: 0.2547  data_time: 0.0078  memory: 9163  loss: 0.0213  decode.loss_ce: 0.0213  decode.acc_seg: 99.9797
2025/03/09 22:11:09 - mmengine - INFO - Iter(train) [103750/160000]  lr: 1.0000e-04  eta: 4:09:26  time: 0.2550  data_time: 0.0075  memory: 9163  loss: 0.0226  decode.loss_ce: 0.0226  decode.acc_seg: 98.7966
2025/03/09 22:11:21 - mmengine - INFO - Iter(train) [103800/160000]  lr: 1.0000e-04  eta: 4:09:12  time: 0.2544  data_time: 0.0077  memory: 9163  loss: 0.0191  decode.loss_ce: 0.0191  decode.acc_seg: 99.4617
2025/03/09 22:11:34 - mmengine - INFO - Iter(train) [103850/160000]  lr: 1.0000e-04  eta: 4:08:59  time: 0.2557  data_time: 0.0081  memory: 9163  loss: 0.0296  decode.loss_ce: 0.0296  decode.acc_seg: 99.1648
2025/03/09 22:11:47 - mmengine - INFO - Iter(train) [103900/160000]  lr: 1.0000e-04  eta: 4:08:45  time: 0.2554  data_time: 0.0076  memory: 9163  loss: 0.0162  decode.loss_ce: 0.0162  decode.acc_seg: 99.8737
2025/03/09 22:12:00 - mmengine - INFO - Iter(train) [103950/160000]  lr: 1.0000e-04  eta: 4:08:31  time: 0.2551  data_time: 0.0080  memory: 9163  loss: 0.0295  decode.loss_ce: 0.0295  decode.acc_seg: 99.6106
2025/03/09 22:12:12 - mmengine - INFO - Exp name: efficient_20250309_140341
2025/03/09 22:12:12 - mmengine - INFO - Iter(train) [104000/160000]  lr: 1.0000e-04  eta: 4:08:18  time: 0.2550  data_time: 0.0077  memory: 9163  loss: 0.0350  decode.loss_ce: 0.0350  decode.acc_seg: 97.8690
2025/03/09 22:12:25 - mmengine - INFO - Iter(train) [104050/160000]  lr: 1.0000e-04  eta: 4:08:04  time: 0.2547  data_time: 0.0075  memory: 9163  loss: 0.0286  decode.loss_ce: 0.0286  decode.acc_seg: 97.9753
2025/03/09 22:12:38 - mmengine - INFO - Iter(train) [104100/160000]  lr: 1.0000e-04  eta: 4:07:51  time: 0.2568  data_time: 0.0080  memory: 9163  loss: 0.0208  decode.loss_ce: 0.0208  decode.acc_seg: 99.2199
2025/03/09 22:12:51 - mmengine - INFO - Iter(train) [104150/160000]  lr: 1.0000e-04  eta: 4:07:37  time: 0.2551  data_time: 0.0076  memory: 9163  loss: 0.0299  decode.loss_ce: 0.0299  decode.acc_seg: 99.5516
2025/03/09 22:13:03 - mmengine - INFO - Iter(train) [104200/160000]  lr: 1.0000e-04  eta: 4:07:23  time: 0.2548  data_time: 0.0073  memory: 9163  loss: 0.0327  decode.loss_ce: 0.0327  decode.acc_seg: 99.0298
2025/03/09 22:13:16 - mmengine - INFO - Iter(train) [104250/160000]  lr: 1.0000e-04  eta: 4:07:10  time: 0.2547  data_time: 0.0075  memory: 9163  loss: 0.0410  decode.loss_ce: 0.0410  decode.acc_seg: 99.0843
2025/03/09 22:13:29 - mmengine - INFO - Iter(train) [104300/160000]  lr: 1.0000e-04  eta: 4:06:56  time: 0.2554  data_time: 0.0075  memory: 9163  loss: 0.0134  decode.loss_ce: 0.0134  decode.acc_seg: 99.5023
2025/03/09 22:13:42 - mmengine - INFO - Iter(train) [104350/160000]  lr: 1.0000e-04  eta: 4:06:43  time: 0.2541  data_time: 0.0078  memory: 9163  loss: 0.0240  decode.loss_ce: 0.0240  decode.acc_seg: 100.0000
2025/03/09 22:13:54 - mmengine - INFO - Iter(train) [104400/160000]  lr: 1.0000e-04  eta: 4:06:29  time: 0.2551  data_time: 0.0077  memory: 9163  loss: 0.0223  decode.loss_ce: 0.0223  decode.acc_seg: 99.4449
2025/03/09 22:14:07 - mmengine - INFO - Iter(train) [104450/160000]  lr: 1.0000e-04  eta: 4:06:15  time: 0.2547  data_time: 0.0075  memory: 9163  loss: 0.0269  decode.loss_ce: 0.0269  decode.acc_seg: 99.8286
2025/03/09 22:14:20 - mmengine - INFO - Iter(train) [104500/160000]  lr: 1.0000e-04  eta: 4:06:02  time: 0.2577  data_time: 0.0088  memory: 9163  loss: 0.0221  decode.loss_ce: 0.0221  decode.acc_seg: 99.2282
2025/03/09 22:14:33 - mmengine - INFO - Iter(train) [104550/160000]  lr: 1.0000e-04  eta: 4:05:48  time: 0.2548  data_time: 0.0077  memory: 9163  loss: 0.0245  decode.loss_ce: 0.0245  decode.acc_seg: 98.8378
2025/03/09 22:14:46 - mmengine - INFO - Iter(train) [104600/160000]  lr: 1.0000e-04  eta: 4:05:35  time: 0.2548  data_time: 0.0077  memory: 9163  loss: 0.0222  decode.loss_ce: 0.0222  decode.acc_seg: 99.1280
2025/03/09 22:14:58 - mmengine - INFO - Iter(train) [104650/160000]  lr: 1.0000e-04  eta: 4:05:21  time: 0.2549  data_time: 0.0078  memory: 9163  loss: 0.0281  decode.loss_ce: 0.0281  decode.acc_seg: 98.0475
2025/03/09 22:15:11 - mmengine - INFO - Iter(train) [104700/160000]  lr: 1.0000e-04  eta: 4:05:07  time: 0.2545  data_time: 0.0080  memory: 9163  loss: 0.0343  decode.loss_ce: 0.0343  decode.acc_seg: 99.8071
2025/03/09 22:15:24 - mmengine - INFO - Iter(train) [104750/160000]  lr: 1.0000e-04  eta: 4:04:54  time: 0.2545  data_time: 0.0079  memory: 9163  loss: 0.0305  decode.loss_ce: 0.0305  decode.acc_seg: 99.0440
2025/03/09 22:15:37 - mmengine - INFO - Iter(train) [104800/160000]  lr: 1.0000e-04  eta: 4:04:40  time: 0.2542  data_time: 0.0083  memory: 9163  loss: 0.0150  decode.loss_ce: 0.0150  decode.acc_seg: 99.3650
2025/03/09 22:15:49 - mmengine - INFO - Iter(train) [104850/160000]  lr: 1.0000e-04  eta: 4:04:27  time: 0.2549  data_time: 0.0075  memory: 9163  loss: 0.0217  decode.loss_ce: 0.0217  decode.acc_seg: 99.2742
2025/03/09 22:16:02 - mmengine - INFO - Iter(train) [104900/160000]  lr: 1.0000e-04  eta: 4:04:13  time: 0.2561  data_time: 0.0078  memory: 9163  loss: 0.0236  decode.loss_ce: 0.0236  decode.acc_seg: 99.7494
2025/03/09 22:16:15 - mmengine - INFO - Iter(train) [104950/160000]  lr: 1.0000e-04  eta: 4:03:59  time: 0.2548  data_time: 0.0077  memory: 9163  loss: 0.0395  decode.loss_ce: 0.0395  decode.acc_seg: 99.5094
2025/03/09 22:16:28 - mmengine - INFO - Exp name: efficient_20250309_140341
2025/03/09 22:16:28 - mmengine - INFO - Iter(train) [105000/160000]  lr: 1.0000e-04  eta: 4:03:46  time: 0.2530  data_time: 0.0075  memory: 9163  loss: 0.0298  decode.loss_ce: 0.0298  decode.acc_seg: 98.7533
2025/03/09 22:16:30 - mmengine - INFO - Iter(val) [ 50/869]    eta: 0:00:48  time: 0.0557  data_time: 0.0026  memory: 636  
2025/03/09 22:16:33 - mmengine - INFO - Iter(val) [100/869]    eta: 0:00:44  time: 0.0558  data_time: 0.0026  memory: 636  
2025/03/09 22:16:36 - mmengine - INFO - Iter(val) [150/869]    eta: 0:00:41  time: 0.0555  data_time: 0.0025  memory: 636  
2025/03/09 22:16:39 - mmengine - INFO - Iter(val) [200/869]    eta: 0:00:38  time: 0.0555  data_time: 0.0026  memory: 636  
2025/03/09 22:16:42 - mmengine - INFO - Iter(val) [250/869]    eta: 0:00:35  time: 0.0558  data_time: 0.0025  memory: 636  
2025/03/09 22:16:45 - mmengine - INFO - Iter(val) [300/869]    eta: 0:00:32  time: 0.0562  data_time: 0.0030  memory: 636  
2025/03/09 22:16:47 - mmengine - INFO - Iter(val) [350/869]    eta: 0:00:29  time: 0.0559  data_time: 0.0025  memory: 636  
2025/03/09 22:16:50 - mmengine - INFO - Iter(val) [400/869]    eta: 0:00:26  time: 0.0554  data_time: 0.0024  memory: 636  
2025/03/09 22:16:53 - mmengine - INFO - Iter(val) [450/869]    eta: 0:00:23  time: 0.0556  data_time: 0.0027  memory: 636  
2025/03/09 22:16:56 - mmengine - INFO - Iter(val) [500/869]    eta: 0:00:20  time: 0.0556  data_time: 0.0026  memory: 636  
2025/03/09 22:16:59 - mmengine - INFO - Iter(val) [550/869]    eta: 0:00:17  time: 0.0553  data_time: 0.0025  memory: 636  
2025/03/09 22:17:01 - mmengine - INFO - Iter(val) [600/869]    eta: 0:00:15  time: 0.0558  data_time: 0.0025  memory: 636  
2025/03/09 22:17:04 - mmengine - INFO - Iter(val) [650/869]    eta: 0:00:12  time: 0.0560  data_time: 0.0027  memory: 636  
2025/03/09 22:17:07 - mmengine - INFO - Iter(val) [700/869]    eta: 0:00:09  time: 0.0557  data_time: 0.0026  memory: 636  
2025/03/09 22:17:10 - mmengine - INFO - Iter(val) [750/869]    eta: 0:00:06  time: 0.0559  data_time: 0.0026  memory: 636  
2025/03/09 22:17:13 - mmengine - INFO - Iter(val) [800/869]    eta: 0:00:03  time: 0.0603  data_time: 0.0026  memory: 636  
2025/03/09 22:17:16 - mmengine - INFO - Iter(val) [850/869]    eta: 0:00:01  time: 0.0557  data_time: 0.0026  memory: 636  
2025/03/09 22:17:17 - mmengine - INFO - per class results:
2025/03/09 22:17:17 - mmengine - INFO - 
+------------+-------+-------+--------+-----------+--------+
|   Class    |  IoU  |  Acc  | Fscore | Precision | Recall |
+------------+-------+-------+--------+-----------+--------+
| background | 97.31 | 98.19 | 98.64  |   99.09   | 98.19  |
|    ghaf    | 55.35 | 78.86 | 71.26  |   64.99   | 78.86  |
+------------+-------+-------+--------+-----------+--------+
2025/03/09 22:17:17 - mmengine - INFO - Iter(val) [869/869]    aAcc: 97.4000  mIoU: 76.3300  mAcc: 88.5200  mFscore: 84.9500  mPrecision: 82.0400  mRecall: 88.5200  data_time: 0.0027  time: 0.0563
2025/03/09 22:17:29 - mmengine - INFO - Iter(train) [105050/160000]  lr: 1.0000e-04  eta: 4:03:32  time: 0.2546  data_time: 0.0076  memory: 9163  loss: 0.0348  decode.loss_ce: 0.0348  decode.acc_seg: 97.5132
2025/03/09 22:17:42 - mmengine - INFO - Iter(train) [105100/160000]  lr: 1.0000e-04  eta: 4:03:19  time: 0.2532  data_time: 0.0073  memory: 9163  loss: 0.0231  decode.loss_ce: 0.0231  decode.acc_seg: 98.8386
2025/03/09 22:17:55 - mmengine - INFO - Iter(train) [105150/160000]  lr: 1.0000e-04  eta: 4:03:05  time: 0.2532  data_time: 0.0075  memory: 9163  loss: 0.0291  decode.loss_ce: 0.0291  decode.acc_seg: 98.3838
2025/03/09 22:18:08 - mmengine - INFO - Iter(train) [105200/160000]  lr: 1.0000e-04  eta: 4:02:52  time: 0.2541  data_time: 0.0077  memory: 9163  loss: 0.0285  decode.loss_ce: 0.0285  decode.acc_seg: 99.6881
2025/03/09 22:18:20 - mmengine - INFO - Iter(train) [105250/160000]  lr: 1.0000e-04  eta: 4:02:38  time: 0.2552  data_time: 0.0075  memory: 9163  loss: 0.0425  decode.loss_ce: 0.0425  decode.acc_seg: 98.7709
2025/03/09 22:18:33 - mmengine - INFO - Iter(train) [105300/160000]  lr: 1.0000e-04  eta: 4:02:24  time: 0.2550  data_time: 0.0073  memory: 9163  loss: 0.0264  decode.loss_ce: 0.0264  decode.acc_seg: 99.2630
2025/03/09 22:18:46 - mmengine - INFO - Iter(train) [105350/160000]  lr: 1.0000e-04  eta: 4:02:11  time: 0.2547  data_time: 0.0076  memory: 9163  loss: 0.0208  decode.loss_ce: 0.0208  decode.acc_seg: 99.3761
2025/03/09 22:18:58 - mmengine - INFO - Iter(train) [105400/160000]  lr: 1.0000e-04  eta: 4:01:57  time: 0.2546  data_time: 0.0074  memory: 9163  loss: 0.0232  decode.loss_ce: 0.0232  decode.acc_seg: 99.9266
2025/03/09 22:18:58 - mmengine - INFO - Saving checkpoint at 105400 iterations
2025/03/09 22:19:13 - mmengine - INFO - Iter(train) [105450/160000]  lr: 1.0000e-04  eta: 4:01:45  time: 0.2542  data_time: 0.0078  memory: 9163  loss: 0.0246  decode.loss_ce: 0.0246  decode.acc_seg: 99.9101
2025/03/09 22:19:26 - mmengine - INFO - Iter(train) [105500/160000]  lr: 1.0000e-04  eta: 4:01:31  time: 0.2554  data_time: 0.0080  memory: 9163  loss: 0.0236  decode.loss_ce: 0.0236  decode.acc_seg: 97.4551
2025/03/09 22:19:39 - mmengine - INFO - Iter(train) [105550/160000]  lr: 1.0000e-04  eta: 4:01:17  time: 0.2558  data_time: 0.0079  memory: 9163  loss: 0.0397  decode.loss_ce: 0.0397  decode.acc_seg: 99.8944
2025/03/09 22:19:51 - mmengine - INFO - Iter(train) [105600/160000]  lr: 1.0000e-04  eta: 4:01:04  time: 0.2552  data_time: 0.0076  memory: 9163  loss: 0.0344  decode.loss_ce: 0.0344  decode.acc_seg: 98.8628
2025/03/09 22:20:04 - mmengine - INFO - Iter(train) [105650/160000]  lr: 1.0000e-04  eta: 4:00:50  time: 0.2549  data_time: 0.0079  memory: 9163  loss: 0.0221  decode.loss_ce: 0.0221  decode.acc_seg: 98.8884
2025/03/09 22:20:17 - mmengine - INFO - Iter(train) [105700/160000]  lr: 1.0000e-04  eta: 4:00:37  time: 0.2547  data_time: 0.0076  memory: 9163  loss: 0.0361  decode.loss_ce: 0.0361  decode.acc_seg: 97.8219
2025/03/09 22:20:30 - mmengine - INFO - Iter(train) [105750/160000]  lr: 1.0000e-04  eta: 4:00:23  time: 0.2551  data_time: 0.0079  memory: 9163  loss: 0.0264  decode.loss_ce: 0.0264  decode.acc_seg: 99.7139
2025/03/09 22:20:42 - mmengine - INFO - Iter(train) [105800/160000]  lr: 1.0000e-04  eta: 4:00:09  time: 0.2534  data_time: 0.0080  memory: 9163  loss: 0.0275  decode.loss_ce: 0.0275  decode.acc_seg: 99.5113
2025/03/09 22:20:55 - mmengine - INFO - Iter(train) [105850/160000]  lr: 1.0000e-04  eta: 3:59:56  time: 0.2553  data_time: 0.0079  memory: 9163  loss: 0.0165  decode.loss_ce: 0.0165  decode.acc_seg: 98.9340
2025/03/09 22:21:08 - mmengine - INFO - Iter(train) [105900/160000]  lr: 1.0000e-04  eta: 3:59:42  time: 0.2541  data_time: 0.0077  memory: 9163  loss: 0.0163  decode.loss_ce: 0.0163  decode.acc_seg: 98.5380
2025/03/09 22:21:21 - mmengine - INFO - Iter(train) [105950/160000]  lr: 1.0000e-04  eta: 3:59:29  time: 0.2544  data_time: 0.0077  memory: 9163  loss: 0.0276  decode.loss_ce: 0.0276  decode.acc_seg: 99.9288
2025/03/09 22:21:33 - mmengine - INFO - Exp name: efficient_20250309_140341
2025/03/09 22:21:33 - mmengine - INFO - Iter(train) [106000/160000]  lr: 1.0000e-04  eta: 3:59:15  time: 0.2545  data_time: 0.0076  memory: 9163  loss: 0.0362  decode.loss_ce: 0.0362  decode.acc_seg: 99.1694
2025/03/09 22:21:46 - mmengine - INFO - Iter(train) [106050/160000]  lr: 1.0000e-04  eta: 3:59:02  time: 0.2542  data_time: 0.0076  memory: 9163  loss: 0.0247  decode.loss_ce: 0.0247  decode.acc_seg: 99.1128
2025/03/09 22:21:59 - mmengine - INFO - Iter(train) [106100/160000]  lr: 1.0000e-04  eta: 3:58:48  time: 0.2546  data_time: 0.0078  memory: 9163  loss: 0.0334  decode.loss_ce: 0.0334  decode.acc_seg: 98.0350
2025/03/09 22:22:12 - mmengine - INFO - Iter(train) [106150/160000]  lr: 1.0000e-04  eta: 3:58:34  time: 0.2547  data_time: 0.0078  memory: 9163  loss: 0.0229  decode.loss_ce: 0.0229  decode.acc_seg: 99.9112
2025/03/09 22:22:24 - mmengine - INFO - Iter(train) [106200/160000]  lr: 1.0000e-04  eta: 3:58:21  time: 0.2543  data_time: 0.0076  memory: 9163  loss: 0.0225  decode.loss_ce: 0.0225  decode.acc_seg: 97.7698
2025/03/09 22:22:37 - mmengine - INFO - Iter(train) [106250/160000]  lr: 1.0000e-04  eta: 3:58:07  time: 0.2544  data_time: 0.0073  memory: 9163  loss: 0.0194  decode.loss_ce: 0.0194  decode.acc_seg: 99.8289
2025/03/09 22:22:50 - mmengine - INFO - Iter(train) [106300/160000]  lr: 1.0000e-04  eta: 3:57:54  time: 0.2549  data_time: 0.0076  memory: 9163  loss: 0.0180  decode.loss_ce: 0.0180  decode.acc_seg: 99.6325
2025/03/09 22:23:03 - mmengine - INFO - Iter(train) [106350/160000]  lr: 1.0000e-04  eta: 3:57:40  time: 0.2548  data_time: 0.0077  memory: 9163  loss: 0.0270  decode.loss_ce: 0.0270  decode.acc_seg: 98.7029
2025/03/09 22:23:15 - mmengine - INFO - Iter(train) [106400/160000]  lr: 1.0000e-04  eta: 3:57:27  time: 0.2547  data_time: 0.0076  memory: 9163  loss: 0.0167  decode.loss_ce: 0.0167  decode.acc_seg: 99.6490
2025/03/09 22:23:28 - mmengine - INFO - Iter(train) [106450/160000]  lr: 1.0000e-04  eta: 3:57:13  time: 0.2544  data_time: 0.0074  memory: 9163  loss: 0.0332  decode.loss_ce: 0.0332  decode.acc_seg: 98.9764
2025/03/09 22:23:41 - mmengine - INFO - Iter(train) [106500/160000]  lr: 1.0000e-04  eta: 3:56:59  time: 0.2541  data_time: 0.0077  memory: 9163  loss: 0.0268  decode.loss_ce: 0.0268  decode.acc_seg: 99.3221
2025/03/09 22:23:54 - mmengine - INFO - Iter(train) [106550/160000]  lr: 1.0000e-04  eta: 3:56:46  time: 0.2545  data_time: 0.0080  memory: 9163  loss: 0.0437  decode.loss_ce: 0.0437  decode.acc_seg: 98.5430
2025/03/09 22:24:06 - mmengine - INFO - Iter(train) [106600/160000]  lr: 1.0000e-04  eta: 3:56:32  time: 0.2553  data_time: 0.0077  memory: 9163  loss: 0.0340  decode.loss_ce: 0.0340  decode.acc_seg: 98.6761
2025/03/09 22:24:19 - mmengine - INFO - Iter(train) [106650/160000]  lr: 1.0000e-04  eta: 3:56:19  time: 0.2519  data_time: 0.0077  memory: 9163  loss: 0.0369  decode.loss_ce: 0.0369  decode.acc_seg: 97.9119
2025/03/09 22:24:32 - mmengine - INFO - Iter(train) [106700/160000]  lr: 1.0000e-04  eta: 3:56:05  time: 0.2563  data_time: 0.0073  memory: 9163  loss: 0.0399  decode.loss_ce: 0.0399  decode.acc_seg: 98.8474
2025/03/09 22:24:44 - mmengine - INFO - Iter(train) [106750/160000]  lr: 1.0000e-04  eta: 3:55:52  time: 0.2549  data_time: 0.0078  memory: 9163  loss: 0.0142  decode.loss_ce: 0.0142  decode.acc_seg: 99.9297
2025/03/09 22:24:57 - mmengine - INFO - Iter(train) [106800/160000]  lr: 1.0000e-04  eta: 3:55:38  time: 0.2547  data_time: 0.0075  memory: 9163  loss: 0.0217  decode.loss_ce: 0.0217  decode.acc_seg: 99.5133
2025/03/09 22:25:10 - mmengine - INFO - Iter(train) [106850/160000]  lr: 1.0000e-04  eta: 3:55:24  time: 0.2546  data_time: 0.0078  memory: 9163  loss: 0.0303  decode.loss_ce: 0.0303  decode.acc_seg: 99.0812
2025/03/09 22:25:23 - mmengine - INFO - Iter(train) [106900/160000]  lr: 1.0000e-04  eta: 3:55:11  time: 0.2547  data_time: 0.0075  memory: 9163  loss: 0.0294  decode.loss_ce: 0.0294  decode.acc_seg: 99.3691
2025/03/09 22:25:35 - mmengine - INFO - Iter(train) [106950/160000]  lr: 1.0000e-04  eta: 3:54:57  time: 0.2547  data_time: 0.0078  memory: 9163  loss: 0.0368  decode.loss_ce: 0.0368  decode.acc_seg: 99.2221
2025/03/09 22:25:48 - mmengine - INFO - Exp name: efficient_20250309_140341
2025/03/09 22:25:48 - mmengine - INFO - Iter(train) [107000/160000]  lr: 1.0000e-04  eta: 3:54:44  time: 0.2551  data_time: 0.0077  memory: 9163  loss: 0.0165  decode.loss_ce: 0.0165  decode.acc_seg: 99.7914
2025/03/09 22:26:01 - mmengine - INFO - Iter(train) [107050/160000]  lr: 1.0000e-04  eta: 3:54:30  time: 0.2527  data_time: 0.0074  memory: 9163  loss: 0.0292  decode.loss_ce: 0.0292  decode.acc_seg: 98.3685
2025/03/09 22:26:14 - mmengine - INFO - Iter(train) [107100/160000]  lr: 1.0000e-04  eta: 3:54:17  time: 0.2552  data_time: 0.0076  memory: 9163  loss: 0.0281  decode.loss_ce: 0.0281  decode.acc_seg: 98.8652
2025/03/09 22:26:26 - mmengine - INFO - Iter(train) [107150/160000]  lr: 1.0000e-04  eta: 3:54:03  time: 0.2546  data_time: 0.0077  memory: 9163  loss: 0.0287  decode.loss_ce: 0.0287  decode.acc_seg: 96.7857
2025/03/09 22:26:39 - mmengine - INFO - Iter(train) [107200/160000]  lr: 1.0000e-04  eta: 3:53:49  time: 0.2551  data_time: 0.0079  memory: 9163  loss: 0.0267  decode.loss_ce: 0.0267  decode.acc_seg: 98.3131
2025/03/09 22:26:52 - mmengine - INFO - Iter(train) [107250/160000]  lr: 1.0000e-04  eta: 3:53:36  time: 0.2537  data_time: 0.0079  memory: 9163  loss: 0.0236  decode.loss_ce: 0.0236  decode.acc_seg: 99.2136
2025/03/09 22:27:05 - mmengine - INFO - Iter(train) [107300/160000]  lr: 1.0000e-04  eta: 3:53:22  time: 0.2550  data_time: 0.0077  memory: 9163  loss: 0.0237  decode.loss_ce: 0.0237  decode.acc_seg: 99.4989
2025/03/09 22:27:17 - mmengine - INFO - Iter(train) [107350/160000]  lr: 1.0000e-04  eta: 3:53:09  time: 0.2547  data_time: 0.0077  memory: 9163  loss: 0.0390  decode.loss_ce: 0.0390  decode.acc_seg: 99.5362
2025/03/09 22:27:30 - mmengine - INFO - Iter(train) [107400/160000]  lr: 1.0000e-04  eta: 3:52:55  time: 0.2545  data_time: 0.0078  memory: 9163  loss: 0.0207  decode.loss_ce: 0.0207  decode.acc_seg: 99.9843
2025/03/09 22:27:43 - mmengine - INFO - Iter(train) [107450/160000]  lr: 1.0000e-04  eta: 3:52:42  time: 0.2542  data_time: 0.0076  memory: 9163  loss: 0.0426  decode.loss_ce: 0.0426  decode.acc_seg: 99.7108
2025/03/09 22:27:56 - mmengine - INFO - Iter(train) [107500/160000]  lr: 1.0000e-04  eta: 3:52:28  time: 0.2547  data_time: 0.0081  memory: 9163  loss: 0.0208  decode.loss_ce: 0.0208  decode.acc_seg: 99.3262
2025/03/09 22:28:08 - mmengine - INFO - Iter(train) [107550/160000]  lr: 1.0000e-04  eta: 3:52:15  time: 0.2551  data_time: 0.0078  memory: 9163  loss: 0.0147  decode.loss_ce: 0.0147  decode.acc_seg: 99.3065
2025/03/09 22:28:21 - mmengine - INFO - Iter(train) [107600/160000]  lr: 1.0000e-04  eta: 3:52:01  time: 0.2555  data_time: 0.0086  memory: 9163  loss: 0.0378  decode.loss_ce: 0.0378  decode.acc_seg: 98.5774
2025/03/09 22:28:34 - mmengine - INFO - Iter(train) [107650/160000]  lr: 1.0000e-04  eta: 3:51:47  time: 0.2549  data_time: 0.0078  memory: 9163  loss: 0.0393  decode.loss_ce: 0.0393  decode.acc_seg: 98.1684
2025/03/09 22:28:47 - mmengine - INFO - Iter(train) [107700/160000]  lr: 1.0000e-04  eta: 3:51:34  time: 0.2554  data_time: 0.0082  memory: 9163  loss: 0.0348  decode.loss_ce: 0.0348  decode.acc_seg: 98.0291
2025/03/09 22:28:59 - mmengine - INFO - Iter(train) [107750/160000]  lr: 1.0000e-04  eta: 3:51:20  time: 0.2551  data_time: 0.0077  memory: 9163  loss: 0.0359  decode.loss_ce: 0.0359  decode.acc_seg: 99.8340
2025/03/09 22:29:12 - mmengine - INFO - Iter(train) [107800/160000]  lr: 1.0000e-04  eta: 3:51:07  time: 0.2538  data_time: 0.0078  memory: 9163  loss: 0.0290  decode.loss_ce: 0.0290  decode.acc_seg: 99.5262
2025/03/09 22:29:25 - mmengine - INFO - Iter(train) [107850/160000]  lr: 1.0000e-04  eta: 3:50:53  time: 0.2568  data_time: 0.0082  memory: 9163  loss: 0.0193  decode.loss_ce: 0.0193  decode.acc_seg: 99.7232
2025/03/09 22:29:38 - mmengine - INFO - Iter(train) [107900/160000]  lr: 1.0000e-04  eta: 3:50:40  time: 0.2549  data_time: 0.0081  memory: 9163  loss: 0.0215  decode.loss_ce: 0.0215  decode.acc_seg: 99.8223
2025/03/09 22:29:50 - mmengine - INFO - Iter(train) [107950/160000]  lr: 1.0000e-04  eta: 3:50:26  time: 0.2545  data_time: 0.0079  memory: 9163  loss: 0.0277  decode.loss_ce: 0.0277  decode.acc_seg: 98.4787
2025/03/09 22:30:03 - mmengine - INFO - Exp name: efficient_20250309_140341
2025/03/09 22:30:03 - mmengine - INFO - Iter(train) [108000/160000]  lr: 1.0000e-04  eta: 3:50:13  time: 0.2537  data_time: 0.0078  memory: 9163  loss: 0.0343  decode.loss_ce: 0.0343  decode.acc_seg: 99.7483
2025/03/09 22:30:16 - mmengine - INFO - Iter(train) [108050/160000]  lr: 1.0000e-04  eta: 3:49:59  time: 0.2542  data_time: 0.0075  memory: 9163  loss: 0.0198  decode.loss_ce: 0.0198  decode.acc_seg: 99.1599
2025/03/09 22:30:29 - mmengine - INFO - Iter(train) [108100/160000]  lr: 1.0000e-04  eta: 3:49:46  time: 0.2552  data_time: 0.0079  memory: 9163  loss: 0.0399  decode.loss_ce: 0.0399  decode.acc_seg: 99.2560
2025/03/09 22:30:41 - mmengine - INFO - Iter(train) [108150/160000]  lr: 1.0000e-04  eta: 3:49:32  time: 0.2536  data_time: 0.0076  memory: 9163  loss: 0.0290  decode.loss_ce: 0.0290  decode.acc_seg: 99.0834
2025/03/09 22:30:54 - mmengine - INFO - Iter(train) [108200/160000]  lr: 1.0000e-04  eta: 3:49:18  time: 0.2544  data_time: 0.0077  memory: 9163  loss: 0.0269  decode.loss_ce: 0.0269  decode.acc_seg: 99.1741
2025/03/09 22:31:07 - mmengine - INFO - Iter(train) [108250/160000]  lr: 1.0000e-04  eta: 3:49:05  time: 0.2542  data_time: 0.0076  memory: 9163  loss: 0.0315  decode.loss_ce: 0.0315  decode.acc_seg: 99.3318
2025/03/09 22:31:20 - mmengine - INFO - Iter(train) [108300/160000]  lr: 1.0000e-04  eta: 3:48:51  time: 0.2547  data_time: 0.0077  memory: 9163  loss: 0.0215  decode.loss_ce: 0.0215  decode.acc_seg: 98.3474
2025/03/09 22:31:32 - mmengine - INFO - Iter(train) [108350/160000]  lr: 1.0000e-04  eta: 3:48:38  time: 0.2544  data_time: 0.0080  memory: 9163  loss: 0.0204  decode.loss_ce: 0.0204  decode.acc_seg: 99.5687
2025/03/09 22:31:45 - mmengine - INFO - Iter(train) [108400/160000]  lr: 1.0000e-04  eta: 3:48:24  time: 0.2573  data_time: 0.0078  memory: 9163  loss: 0.0561  decode.loss_ce: 0.0561  decode.acc_seg: 99.0277
2025/03/09 22:31:58 - mmengine - INFO - Iter(train) [108450/160000]  lr: 1.0000e-04  eta: 3:48:11  time: 0.2548  data_time: 0.0076  memory: 9163  loss: 0.0248  decode.loss_ce: 0.0248  decode.acc_seg: 98.8845
2025/03/09 22:33:38 - mmengine - INFO - Iter(train) [108500/160000]  lr: 1.0000e-04  eta: 3:48:39  time: 1.8164  data_time: 1.5373  memory: 9163  loss: 0.0268  decode.loss_ce: 0.0268  decode.acc_seg: 99.3023
2025/03/09 22:33:41 - mmengine - INFO - Iter(val) [ 50/869]    eta: 0:00:49  time: 0.0579  data_time: 0.0023  memory: 636  
2025/03/09 22:33:44 - mmengine - INFO - Iter(val) [100/869]    eta: 0:00:44  time: 0.0549  data_time: 0.0026  memory: 636  
2025/03/09 22:33:46 - mmengine - INFO - Iter(val) [150/869]    eta: 0:00:40  time: 0.0539  data_time: 0.0023  memory: 636  
2025/03/09 22:33:49 - mmengine - INFO - Iter(val) [200/869]    eta: 0:00:37  time: 0.0547  data_time: 0.0027  memory: 636  
2025/03/09 22:33:52 - mmengine - INFO - Iter(val) [250/869]    eta: 0:00:34  time: 0.0547  data_time: 0.0023  memory: 636  
2025/03/09 22:33:55 - mmengine - INFO - Iter(val) [300/869]    eta: 0:00:31  time: 0.0536  data_time: 0.0025  memory: 636  
2025/03/09 22:33:57 - mmengine - INFO - Iter(val) [350/869]    eta: 0:00:28  time: 0.0548  data_time: 0.0023  memory: 636  
2025/03/09 22:34:00 - mmengine - INFO - Iter(val) [400/869]    eta: 0:00:25  time: 0.0530  data_time: 0.0026  memory: 636  
2025/03/09 22:34:03 - mmengine - INFO - Iter(val) [450/869]    eta: 0:00:23  time: 0.0554  data_time: 0.0024  memory: 636  
2025/03/09 22:34:05 - mmengine - INFO - Iter(val) [500/869]    eta: 0:00:20  time: 0.0595  data_time: 0.0027  memory: 636  
2025/03/09 22:34:08 - mmengine - INFO - Iter(val) [550/869]    eta: 0:00:17  time: 0.0540  data_time: 0.0027  memory: 636  
2025/03/09 22:34:11 - mmengine - INFO - Iter(val) [600/869]    eta: 0:00:14  time: 0.0536  data_time: 0.0023  memory: 636  
2025/03/09 22:34:14 - mmengine - INFO - Iter(val) [650/869]    eta: 0:00:12  time: 0.0546  data_time: 0.0022  memory: 636  
2025/03/09 22:34:16 - mmengine - INFO - Iter(val) [700/869]    eta: 0:00:09  time: 0.0526  data_time: 0.0023  memory: 636  
2025/03/09 22:34:20 - mmengine - INFO - Iter(val) [750/869]    eta: 0:00:06  time: 0.0545  data_time: 0.0022  memory: 636  
2025/03/09 22:34:22 - mmengine - INFO - Iter(val) [800/869]    eta: 0:00:03  time: 0.0594  data_time: 0.0026  memory: 636  
2025/03/09 22:34:25 - mmengine - INFO - Iter(val) [850/869]    eta: 0:00:01  time: 0.0593  data_time: 0.0027  memory: 636  
2025/03/09 22:34:27 - mmengine - INFO - per class results:
2025/03/09 22:34:27 - mmengine - INFO - 
+------------+-------+-------+--------+-----------+--------+
|   Class    |  IoU  |  Acc  | Fscore | Precision | Recall |
+------------+-------+-------+--------+-----------+--------+
| background | 97.23 |  98.1 |  98.6  |    99.1   |  98.1  |
|    ghaf    | 54.72 | 79.15 | 70.73  |   63.93   | 79.15  |
+------------+-------+-------+--------+-----------+--------+
2025/03/09 22:34:27 - mmengine - INFO - Iter(val) [869/869]    aAcc: 97.3200  mIoU: 75.9800  mAcc: 88.6300  mFscore: 84.6700  mPrecision: 81.5200  mRecall: 88.6300  data_time: 0.0031  time: 0.0559
2025/03/09 22:34:39 - mmengine - INFO - Iter(train) [108550/160000]  lr: 1.0000e-04  eta: 3:48:25  time: 0.2458  data_time: 0.0077  memory: 9163  loss: 0.0232  decode.loss_ce: 0.0232  decode.acc_seg: 99.3428
2025/03/09 22:34:51 - mmengine - INFO - Iter(train) [108600/160000]  lr: 1.0000e-04  eta: 3:48:11  time: 0.2519  data_time: 0.0076  memory: 9163  loss: 0.0249  decode.loss_ce: 0.0249  decode.acc_seg: 99.3136
2025/03/09 22:35:04 - mmengine - INFO - Iter(train) [108650/160000]  lr: 1.0000e-04  eta: 3:47:57  time: 0.2548  data_time: 0.0078  memory: 9163  loss: 0.0358  decode.loss_ce: 0.0358  decode.acc_seg: 93.9609
2025/03/09 22:35:17 - mmengine - INFO - Iter(train) [108700/160000]  lr: 1.0000e-04  eta: 3:47:44  time: 0.2551  data_time: 0.0078  memory: 9163  loss: 0.0266  decode.loss_ce: 0.0266  decode.acc_seg: 99.7380
2025/03/09 22:35:29 - mmengine - INFO - Iter(train) [108750/160000]  lr: 1.0000e-04  eta: 3:47:30  time: 0.2579  data_time: 0.0087  memory: 9163  loss: 0.0290  decode.loss_ce: 0.0290  decode.acc_seg: 97.6741
2025/03/09 22:35:42 - mmengine - INFO - Iter(train) [108800/160000]  lr: 1.0000e-04  eta: 3:47:17  time: 0.2551  data_time: 0.0084  memory: 9163  loss: 0.0340  decode.loss_ce: 0.0340  decode.acc_seg: 99.2978
2025/03/09 22:35:42 - mmengine - INFO - Saving checkpoint at 108800 iterations
2025/03/09 22:35:59 - mmengine - INFO - Iter(train) [108850/160000]  lr: 1.0000e-04  eta: 3:47:05  time: 0.2535  data_time: 0.0076  memory: 9163  loss: 0.0346  decode.loss_ce: 0.0346  decode.acc_seg: 99.6680
2025/03/09 22:36:12 - mmengine - INFO - Iter(train) [108900/160000]  lr: 1.0000e-04  eta: 3:46:51  time: 0.2547  data_time: 0.0079  memory: 9163  loss: 0.0217  decode.loss_ce: 0.0217  decode.acc_seg: 99.9645
2025/03/09 22:36:25 - mmengine - INFO - Iter(train) [108950/160000]  lr: 1.0000e-04  eta: 3:46:38  time: 0.2550  data_time: 0.0079  memory: 9163  loss: 0.0354  decode.loss_ce: 0.0354  decode.acc_seg: 99.2456
2025/03/09 22:36:37 - mmengine - INFO - Exp name: efficient_20250309_140341
2025/03/09 22:36:37 - mmengine - INFO - Iter(train) [109000/160000]  lr: 1.0000e-04  eta: 3:46:24  time: 0.2544  data_time: 0.0081  memory: 9163  loss: 0.0267  decode.loss_ce: 0.0267  decode.acc_seg: 99.1827
2025/03/09 22:36:50 - mmengine - INFO - Iter(train) [109050/160000]  lr: 1.0000e-04  eta: 3:46:11  time: 0.2545  data_time: 0.0082  memory: 9163  loss: 0.0295  decode.loss_ce: 0.0295  decode.acc_seg: 98.7445
2025/03/09 22:37:03 - mmengine - INFO - Iter(train) [109100/160000]  lr: 1.0000e-04  eta: 3:45:57  time: 0.2542  data_time: 0.0080  memory: 9163  loss: 0.0333  decode.loss_ce: 0.0333  decode.acc_seg: 99.2051
2025/03/09 22:37:16 - mmengine - INFO - Iter(train) [109150/160000]  lr: 1.0000e-04  eta: 3:45:44  time: 0.2544  data_time: 0.0083  memory: 9163  loss: 0.0325  decode.loss_ce: 0.0325  decode.acc_seg: 99.5515
2025/03/09 22:37:29 - mmengine - INFO - Iter(train) [109200/160000]  lr: 1.0000e-04  eta: 3:45:30  time: 0.2547  data_time: 0.0082  memory: 9163  loss: 0.0370  decode.loss_ce: 0.0370  decode.acc_seg: 98.3401
2025/03/09 22:37:41 - mmengine - INFO - Iter(train) [109250/160000]  lr: 1.0000e-04  eta: 3:45:16  time: 0.2543  data_time: 0.0078  memory: 9163  loss: 0.0251  decode.loss_ce: 0.0251  decode.acc_seg: 97.2568
2025/03/09 22:37:54 - mmengine - INFO - Iter(train) [109300/160000]  lr: 1.0000e-04  eta: 3:45:03  time: 0.2552  data_time: 0.0081  memory: 9163  loss: 0.0378  decode.loss_ce: 0.0378  decode.acc_seg: 95.7327
2025/03/09 22:38:07 - mmengine - INFO - Iter(train) [109350/160000]  lr: 1.0000e-04  eta: 3:44:49  time: 0.2570  data_time: 0.0078  memory: 9163  loss: 0.0317  decode.loss_ce: 0.0317  decode.acc_seg: 96.6370
2025/03/09 22:38:20 - mmengine - INFO - Iter(train) [109400/160000]  lr: 1.0000e-04  eta: 3:44:36  time: 0.2542  data_time: 0.0079  memory: 9163  loss: 0.0345  decode.loss_ce: 0.0345  decode.acc_seg: 96.5507
2025/03/09 22:38:33 - mmengine - INFO - Iter(train) [109450/160000]  lr: 1.0000e-04  eta: 3:44:22  time: 0.2548  data_time: 0.0076  memory: 9163  loss: 0.0303  decode.loss_ce: 0.0303  decode.acc_seg: 99.3101
2025/03/09 22:38:45 - mmengine - INFO - Iter(train) [109500/160000]  lr: 1.0000e-04  eta: 3:44:09  time: 0.2548  data_time: 0.0080  memory: 9163  loss: 0.0250  decode.loss_ce: 0.0250  decode.acc_seg: 97.9261
2025/03/09 22:38:58 - mmengine - INFO - Iter(train) [109550/160000]  lr: 1.0000e-04  eta: 3:43:55  time: 0.2551  data_time: 0.0077  memory: 9163  loss: 0.0157  decode.loss_ce: 0.0157  decode.acc_seg: 99.7522
2025/03/09 22:39:11 - mmengine - INFO - Iter(train) [109600/160000]  lr: 1.0000e-04  eta: 3:43:42  time: 0.2559  data_time: 0.0079  memory: 9163  loss: 0.0369  decode.loss_ce: 0.0369  decode.acc_seg: 99.0994
2025/03/09 22:39:24 - mmengine - INFO - Iter(train) [109650/160000]  lr: 1.0000e-04  eta: 3:43:28  time: 0.2569  data_time: 0.0083  memory: 9163  loss: 0.0294  decode.loss_ce: 0.0294  decode.acc_seg: 99.9792
2025/03/09 22:39:37 - mmengine - INFO - Iter(train) [109700/160000]  lr: 1.0000e-04  eta: 3:43:14  time: 0.2547  data_time: 0.0078  memory: 9163  loss: 0.0333  decode.loss_ce: 0.0333  decode.acc_seg: 99.0520
2025/03/09 22:39:49 - mmengine - INFO - Iter(train) [109750/160000]  lr: 1.0000e-04  eta: 3:43:01  time: 0.2556  data_time: 0.0078  memory: 9163  loss: 0.0241  decode.loss_ce: 0.0241  decode.acc_seg: 98.8692
2025/03/09 22:40:02 - mmengine - INFO - Iter(train) [109800/160000]  lr: 1.0000e-04  eta: 3:42:47  time: 0.2548  data_time: 0.0081  memory: 9163  loss: 0.0274  decode.loss_ce: 0.0274  decode.acc_seg: 98.2695
2025/03/09 22:40:15 - mmengine - INFO - Iter(train) [109850/160000]  lr: 1.0000e-04  eta: 3:42:34  time: 0.2570  data_time: 0.0083  memory: 9163  loss: 0.0224  decode.loss_ce: 0.0224  decode.acc_seg: 98.3837
2025/03/09 22:40:28 - mmengine - INFO - Iter(train) [109900/160000]  lr: 1.0000e-04  eta: 3:42:20  time: 0.2564  data_time: 0.0085  memory: 9163  loss: 0.0440  decode.loss_ce: 0.0440  decode.acc_seg: 100.0000
2025/03/09 22:40:41 - mmengine - INFO - Iter(train) [109950/160000]  lr: 1.0000e-04  eta: 3:42:07  time: 0.2543  data_time: 0.0080  memory: 9163  loss: 0.0250  decode.loss_ce: 0.0250  decode.acc_seg: 98.8450
2025/03/09 22:40:53 - mmengine - INFO - Exp name: efficient_20250309_140341
2025/03/09 22:40:53 - mmengine - INFO - Iter(train) [110000/160000]  lr: 1.0000e-04  eta: 3:41:53  time: 0.2550  data_time: 0.0081  memory: 9163  loss: 0.0231  decode.loss_ce: 0.0231  decode.acc_seg: 99.8695
2025/03/09 22:41:06 - mmengine - INFO - Iter(train) [110050/160000]  lr: 1.0000e-04  eta: 3:41:40  time: 0.2553  data_time: 0.0083  memory: 9163  loss: 0.0302  decode.loss_ce: 0.0302  decode.acc_seg: 99.9042
2025/03/09 22:41:19 - mmengine - INFO - Iter(train) [110100/160000]  lr: 1.0000e-04  eta: 3:41:26  time: 0.2546  data_time: 0.0078  memory: 9163  loss: 0.0395  decode.loss_ce: 0.0395  decode.acc_seg: 99.5969
2025/03/09 22:41:32 - mmengine - INFO - Iter(train) [110150/160000]  lr: 1.0000e-04  eta: 3:41:12  time: 0.2554  data_time: 0.0081  memory: 9163  loss: 0.0458  decode.loss_ce: 0.0458  decode.acc_seg: 96.4664
2025/03/09 22:41:45 - mmengine - INFO - Iter(train) [110200/160000]  lr: 1.0000e-04  eta: 3:40:59  time: 0.2548  data_time: 0.0078  memory: 9163  loss: 0.0215  decode.loss_ce: 0.0215  decode.acc_seg: 97.8186
2025/03/09 22:41:57 - mmengine - INFO - Iter(train) [110250/160000]  lr: 1.0000e-04  eta: 3:40:45  time: 0.2549  data_time: 0.0079  memory: 9163  loss: 0.0312  decode.loss_ce: 0.0312  decode.acc_seg: 99.2097
2025/03/09 22:42:10 - mmengine - INFO - Iter(train) [110300/160000]  lr: 1.0000e-04  eta: 3:40:32  time: 0.2564  data_time: 0.0083  memory: 9163  loss: 0.0280  decode.loss_ce: 0.0280  decode.acc_seg: 99.6906
2025/03/09 22:42:23 - mmengine - INFO - Iter(train) [110350/160000]  lr: 1.0000e-04  eta: 3:40:18  time: 0.2539  data_time: 0.0075  memory: 9163  loss: 0.0206  decode.loss_ce: 0.0206  decode.acc_seg: 99.1697
2025/03/09 22:42:36 - mmengine - INFO - Iter(train) [110400/160000]  lr: 1.0000e-04  eta: 3:40:05  time: 0.2544  data_time: 0.0075  memory: 9163  loss: 0.0277  decode.loss_ce: 0.0277  decode.acc_seg: 99.8539
2025/03/09 22:42:48 - mmengine - INFO - Iter(train) [110450/160000]  lr: 1.0000e-04  eta: 3:39:51  time: 0.2523  data_time: 0.0076  memory: 9163  loss: 0.0256  decode.loss_ce: 0.0256  decode.acc_seg: 98.1595
2025/03/09 22:43:01 - mmengine - INFO - Iter(train) [110500/160000]  lr: 1.0000e-04  eta: 3:39:37  time: 0.2554  data_time: 0.0078  memory: 9163  loss: 0.0342  decode.loss_ce: 0.0342  decode.acc_seg: 98.0831
2025/03/09 22:43:14 - mmengine - INFO - Iter(train) [110550/160000]  lr: 1.0000e-04  eta: 3:39:24  time: 0.2559  data_time: 0.0079  memory: 9163  loss: 0.0192  decode.loss_ce: 0.0192  decode.acc_seg: 98.6542
2025/03/09 22:43:26 - mmengine - INFO - Iter(train) [110600/160000]  lr: 1.0000e-04  eta: 3:39:10  time: 0.2518  data_time: 0.0078  memory: 9163  loss: 0.0223  decode.loss_ce: 0.0223  decode.acc_seg: 99.0417
2025/03/09 22:43:39 - mmengine - INFO - Iter(train) [110650/160000]  lr: 1.0000e-04  eta: 3:38:57  time: 0.2525  data_time: 0.0079  memory: 9163  loss: 0.0527  decode.loss_ce: 0.0527  decode.acc_seg: 99.2074
2025/03/09 22:43:52 - mmengine - INFO - Iter(train) [110700/160000]  lr: 1.0000e-04  eta: 3:38:43  time: 0.2558  data_time: 0.0078  memory: 9163  loss: 0.0189  decode.loss_ce: 0.0189  decode.acc_seg: 98.2769
2025/03/09 22:44:05 - mmengine - INFO - Iter(train) [110750/160000]  lr: 1.0000e-04  eta: 3:38:30  time: 0.2548  data_time: 0.0078  memory: 9163  loss: 0.0198  decode.loss_ce: 0.0198  decode.acc_seg: 99.3852
2025/03/09 22:44:17 - mmengine - INFO - Iter(train) [110800/160000]  lr: 1.0000e-04  eta: 3:38:16  time: 0.2518  data_time: 0.0077  memory: 9163  loss: 0.0285  decode.loss_ce: 0.0285  decode.acc_seg: 99.3842
2025/03/09 22:44:30 - mmengine - INFO - Iter(train) [110850/160000]  lr: 1.0000e-04  eta: 3:38:02  time: 0.2548  data_time: 0.0081  memory: 9163  loss: 0.0272  decode.loss_ce: 0.0272  decode.acc_seg: 99.0126
2025/03/09 22:44:43 - mmengine - INFO - Iter(train) [110900/160000]  lr: 1.0000e-04  eta: 3:37:49  time: 0.2556  data_time: 0.0081  memory: 9163  loss: 0.0236  decode.loss_ce: 0.0236  decode.acc_seg: 98.5381
2025/03/09 22:44:56 - mmengine - INFO - Iter(train) [110950/160000]  lr: 1.0000e-04  eta: 3:37:35  time: 0.2543  data_time: 0.0080  memory: 9163  loss: 0.0333  decode.loss_ce: 0.0333  decode.acc_seg: 97.4690
2025/03/09 22:45:08 - mmengine - INFO - Exp name: efficient_20250309_140341
2025/03/09 22:45:08 - mmengine - INFO - Iter(train) [111000/160000]  lr: 1.0000e-04  eta: 3:37:22  time: 0.2549  data_time: 0.0077  memory: 9163  loss: 0.0230  decode.loss_ce: 0.0230  decode.acc_seg: 98.4422
2025/03/09 22:45:21 - mmengine - INFO - Iter(train) [111050/160000]  lr: 1.0000e-04  eta: 3:37:08  time: 0.2574  data_time: 0.0078  memory: 9163  loss: 0.0291  decode.loss_ce: 0.0291  decode.acc_seg: 98.1380
2025/03/09 22:45:34 - mmengine - INFO - Iter(train) [111100/160000]  lr: 1.0000e-04  eta: 3:36:55  time: 0.2547  data_time: 0.0083  memory: 9163  loss: 0.0265  decode.loss_ce: 0.0265  decode.acc_seg: 95.7622
2025/03/09 22:45:47 - mmengine - INFO - Iter(train) [111150/160000]  lr: 1.0000e-04  eta: 3:36:41  time: 0.2545  data_time: 0.0076  memory: 9163  loss: 0.0152  decode.loss_ce: 0.0152  decode.acc_seg: 99.1530
2025/03/09 22:45:59 - mmengine - INFO - Iter(train) [111200/160000]  lr: 1.0000e-04  eta: 3:36:28  time: 0.2541  data_time: 0.0083  memory: 9163  loss: 0.0261  decode.loss_ce: 0.0261  decode.acc_seg: 98.6829
2025/03/09 22:46:12 - mmengine - INFO - Iter(train) [111250/160000]  lr: 1.0000e-04  eta: 3:36:14  time: 0.2554  data_time: 0.0076  memory: 9163  loss: 0.0299  decode.loss_ce: 0.0299  decode.acc_seg: 97.0870
2025/03/09 22:46:25 - mmengine - INFO - Iter(train) [111300/160000]  lr: 1.0000e-04  eta: 3:36:00  time: 0.2534  data_time: 0.0076  memory: 9163  loss: 0.0219  decode.loss_ce: 0.0219  decode.acc_seg: 99.5066
2025/03/09 22:46:38 - mmengine - INFO - Iter(train) [111350/160000]  lr: 1.0000e-04  eta: 3:35:47  time: 0.2547  data_time: 0.0079  memory: 9163  loss: 0.0161  decode.loss_ce: 0.0161  decode.acc_seg: 99.6688
2025/03/09 22:46:50 - mmengine - INFO - Iter(train) [111400/160000]  lr: 1.0000e-04  eta: 3:35:33  time: 0.2558  data_time: 0.0076  memory: 9163  loss: 0.0148  decode.loss_ce: 0.0148  decode.acc_seg: 99.9285
2025/03/09 22:47:03 - mmengine - INFO - Iter(train) [111450/160000]  lr: 1.0000e-04  eta: 3:35:20  time: 0.2548  data_time: 0.0079  memory: 9163  loss: 0.0409  decode.loss_ce: 0.0409  decode.acc_seg: 94.0986
2025/03/09 22:47:16 - mmengine - INFO - Iter(train) [111500/160000]  lr: 1.0000e-04  eta: 3:35:06  time: 0.2558  data_time: 0.0076  memory: 9163  loss: 0.0256  decode.loss_ce: 0.0256  decode.acc_seg: 99.8490
2025/03/09 22:47:29 - mmengine - INFO - Iter(train) [111550/160000]  lr: 1.0000e-04  eta: 3:34:53  time: 0.2552  data_time: 0.0077  memory: 9163  loss: 0.0252  decode.loss_ce: 0.0252  decode.acc_seg: 98.5858
2025/03/09 22:47:41 - mmengine - INFO - Iter(train) [111600/160000]  lr: 1.0000e-04  eta: 3:34:39  time: 0.2552  data_time: 0.0081  memory: 9163  loss: 0.0259  decode.loss_ce: 0.0259  decode.acc_seg: 99.2645
2025/03/09 22:47:54 - mmengine - INFO - Iter(train) [111650/160000]  lr: 1.0000e-04  eta: 3:34:26  time: 0.2583  data_time: 0.0081  memory: 9163  loss: 0.0141  decode.loss_ce: 0.0141  decode.acc_seg: 99.9576
2025/03/09 22:48:07 - mmengine - INFO - Iter(train) [111700/160000]  lr: 1.0000e-04  eta: 3:34:12  time: 0.2551  data_time: 0.0078  memory: 9163  loss: 0.0471  decode.loss_ce: 0.0471  decode.acc_seg: 99.4892
2025/03/09 22:48:20 - mmengine - INFO - Iter(train) [111750/160000]  lr: 1.0000e-04  eta: 3:33:59  time: 0.2568  data_time: 0.0079  memory: 9163  loss: 0.0240  decode.loss_ce: 0.0240  decode.acc_seg: 98.3158
2025/03/09 22:48:32 - mmengine - INFO - Iter(train) [111800/160000]  lr: 1.0000e-04  eta: 3:33:45  time: 0.2526  data_time: 0.0074  memory: 9163  loss: 0.0341  decode.loss_ce: 0.0341  decode.acc_seg: 98.9432
2025/03/09 22:48:45 - mmengine - INFO - Iter(train) [111850/160000]  lr: 1.0000e-04  eta: 3:33:31  time: 0.2538  data_time: 0.0078  memory: 9163  loss: 0.0297  decode.loss_ce: 0.0297  decode.acc_seg: 98.6824
2025/03/09 22:48:58 - mmengine - INFO - Iter(train) [111900/160000]  lr: 1.0000e-04  eta: 3:33:18  time: 0.2556  data_time: 0.0077  memory: 9163  loss: 0.0221  decode.loss_ce: 0.0221  decode.acc_seg: 97.6075
2025/03/09 22:49:11 - mmengine - INFO - Iter(train) [111950/160000]  lr: 1.0000e-04  eta: 3:33:04  time: 0.2556  data_time: 0.0077  memory: 9163  loss: 0.0174  decode.loss_ce: 0.0174  decode.acc_seg: 99.5605
2025/03/09 22:49:24 - mmengine - INFO - Exp name: efficient_20250309_140341
2025/03/09 22:49:24 - mmengine - INFO - Iter(train) [112000/160000]  lr: 1.0000e-04  eta: 3:32:51  time: 0.2551  data_time: 0.0079  memory: 9163  loss: 0.0404  decode.loss_ce: 0.0404  decode.acc_seg: 98.7191
2025/03/09 22:49:26 - mmengine - INFO - Iter(val) [ 50/869]    eta: 0:00:47  time: 0.0556  data_time: 0.0027  memory: 636  
2025/03/09 22:49:29 - mmengine - INFO - Iter(val) [100/869]    eta: 0:00:44  time: 0.0571  data_time: 0.0025  memory: 636  
2025/03/09 22:49:32 - mmengine - INFO - Iter(val) [150/869]    eta: 0:00:41  time: 0.0570  data_time: 0.0029  memory: 636  
2025/03/09 22:49:35 - mmengine - INFO - Iter(val) [200/869]    eta: 0:00:37  time: 0.0560  data_time: 0.0025  memory: 636  
2025/03/09 22:49:38 - mmengine - INFO - Iter(val) [250/869]    eta: 0:00:35  time: 0.0559  data_time: 0.0028  memory: 636  
2025/03/09 22:49:41 - mmengine - INFO - Iter(val) [300/869]    eta: 0:00:32  time: 0.0560  data_time: 0.0025  memory: 636  
2025/03/09 22:49:43 - mmengine - INFO - Iter(val) [350/869]    eta: 0:00:29  time: 0.0556  data_time: 0.0027  memory: 636  
2025/03/09 22:49:46 - mmengine - INFO - Iter(val) [400/869]    eta: 0:00:26  time: 0.0591  data_time: 0.0027  memory: 636  
2025/03/09 22:49:49 - mmengine - INFO - Iter(val) [450/869]    eta: 0:00:23  time: 0.0560  data_time: 0.0023  memory: 636  
2025/03/09 22:49:52 - mmengine - INFO - Iter(val) [500/869]    eta: 0:00:20  time: 0.0557  data_time: 0.0024  memory: 636  
2025/03/09 22:49:55 - mmengine - INFO - Iter(val) [550/869]    eta: 0:00:17  time: 0.0554  data_time: 0.0024  memory: 636  
2025/03/09 22:49:57 - mmengine - INFO - Iter(val) [600/869]    eta: 0:00:15  time: 0.0556  data_time: 0.0027  memory: 636  
2025/03/09 22:50:00 - mmengine - INFO - Iter(val) [650/869]    eta: 0:00:12  time: 0.0556  data_time: 0.0024  memory: 636  
2025/03/09 22:50:03 - mmengine - INFO - Iter(val) [700/869]    eta: 0:00:09  time: 0.0556  data_time: 0.0024  memory: 636  
2025/03/09 22:50:06 - mmengine - INFO - Iter(val) [750/869]    eta: 0:00:06  time: 0.0561  data_time: 0.0026  memory: 636  
2025/03/09 22:50:09 - mmengine - INFO - Iter(val) [800/869]    eta: 0:00:03  time: 0.0552  data_time: 0.0025  memory: 636  
2025/03/09 22:50:12 - mmengine - INFO - Iter(val) [850/869]    eta: 0:00:01  time: 0.0556  data_time: 0.0023  memory: 636  
2025/03/09 22:50:13 - mmengine - INFO - per class results:
2025/03/09 22:50:13 - mmengine - INFO - 
+------------+-------+-------+--------+-----------+--------+
|   Class    |  IoU  |  Acc  | Fscore | Precision | Recall |
+------------+-------+-------+--------+-----------+--------+
| background | 97.07 | 97.77 | 98.51  |   99.26   | 97.77  |
|    ghaf    | 54.43 | 82.88 | 70.49  |   61.32   | 82.88  |
+------------+-------+-------+--------+-----------+--------+
2025/03/09 22:50:13 - mmengine - INFO - Iter(val) [869/869]    aAcc: 97.1600  mIoU: 75.7500  mAcc: 90.3300  mFscore: 84.5000  mPrecision: 80.2900  mRecall: 90.3300  data_time: 0.0027  time: 0.0563
2025/03/09 22:50:25 - mmengine - INFO - Iter(train) [112050/160000]  lr: 1.0000e-04  eta: 3:32:37  time: 0.2550  data_time: 0.0081  memory: 9163  loss: 0.0286  decode.loss_ce: 0.0286  decode.acc_seg: 98.3041
2025/03/09 22:50:38 - mmengine - INFO - Iter(train) [112100/160000]  lr: 1.0000e-04  eta: 3:32:24  time: 0.2549  data_time: 0.0078  memory: 9163  loss: 0.0273  decode.loss_ce: 0.0273  decode.acc_seg: 98.4232
2025/03/09 22:50:51 - mmengine - INFO - Iter(train) [112150/160000]  lr: 1.0000e-04  eta: 3:32:10  time: 0.2526  data_time: 0.0078  memory: 9163  loss: 0.0354  decode.loss_ce: 0.0354  decode.acc_seg: 98.5676
2025/03/09 22:51:04 - mmengine - INFO - Iter(train) [112200/160000]  lr: 1.0000e-04  eta: 3:31:57  time: 0.2546  data_time: 0.0078  memory: 9163  loss: 0.0311  decode.loss_ce: 0.0311  decode.acc_seg: 97.9826
2025/03/09 22:51:04 - mmengine - INFO - Saving checkpoint at 112200 iterations
2025/03/09 22:51:19 - mmengine - INFO - Iter(train) [112250/160000]  lr: 1.0000e-04  eta: 3:31:44  time: 0.2558  data_time: 0.0078  memory: 9163  loss: 0.0261  decode.loss_ce: 0.0261  decode.acc_seg: 98.2687
2025/03/09 22:51:31 - mmengine - INFO - Iter(train) [112300/160000]  lr: 1.0000e-04  eta: 3:31:30  time: 0.2551  data_time: 0.0076  memory: 9163  loss: 0.0300  decode.loss_ce: 0.0300  decode.acc_seg: 99.4155
2025/03/09 22:51:44 - mmengine - INFO - Iter(train) [112350/160000]  lr: 1.0000e-04  eta: 3:31:17  time: 0.2546  data_time: 0.0073  memory: 9163  loss: 0.0327  decode.loss_ce: 0.0327  decode.acc_seg: 97.6561
2025/03/09 22:51:57 - mmengine - INFO - Iter(train) [112400/160000]  lr: 1.0000e-04  eta: 3:31:03  time: 0.2533  data_time: 0.0076  memory: 9163  loss: 0.0258  decode.loss_ce: 0.0258  decode.acc_seg: 99.6127
2025/03/09 22:52:09 - mmengine - INFO - Iter(train) [112450/160000]  lr: 1.0000e-04  eta: 3:30:50  time: 0.2524  data_time: 0.0076  memory: 9163  loss: 0.0208  decode.loss_ce: 0.0208  decode.acc_seg: 99.4265
2025/03/09 22:52:22 - mmengine - INFO - Iter(train) [112500/160000]  lr: 1.0000e-04  eta: 3:30:36  time: 0.2547  data_time: 0.0078  memory: 9163  loss: 0.0408  decode.loss_ce: 0.0408  decode.acc_seg: 98.6446
2025/03/09 22:52:35 - mmengine - INFO - Iter(train) [112550/160000]  lr: 1.0000e-04  eta: 3:30:23  time: 0.2549  data_time: 0.0078  memory: 9163  loss: 0.0197  decode.loss_ce: 0.0197  decode.acc_seg: 99.2909
2025/03/09 22:52:48 - mmengine - INFO - Iter(train) [112600/160000]  lr: 1.0000e-04  eta: 3:30:09  time: 0.2533  data_time: 0.0076  memory: 9163  loss: 0.0358  decode.loss_ce: 0.0358  decode.acc_seg: 99.4847
2025/03/09 22:53:00 - mmengine - INFO - Iter(train) [112650/160000]  lr: 1.0000e-04  eta: 3:29:56  time: 0.2542  data_time: 0.0079  memory: 9163  loss: 0.0201  decode.loss_ce: 0.0201  decode.acc_seg: 98.0984
2025/03/09 22:53:13 - mmengine - INFO - Iter(train) [112700/160000]  lr: 1.0000e-04  eta: 3:29:42  time: 0.2549  data_time: 0.0076  memory: 9163  loss: 0.0294  decode.loss_ce: 0.0294  decode.acc_seg: 99.5999
2025/03/09 22:53:26 - mmengine - INFO - Iter(train) [112750/160000]  lr: 1.0000e-04  eta: 3:29:29  time: 0.2536  data_time: 0.0075  memory: 9163  loss: 0.0342  decode.loss_ce: 0.0342  decode.acc_seg: 97.8163
2025/03/09 22:53:39 - mmengine - INFO - Iter(train) [112800/160000]  lr: 1.0000e-04  eta: 3:29:15  time: 0.2536  data_time: 0.0075  memory: 9163  loss: 0.0219  decode.loss_ce: 0.0219  decode.acc_seg: 100.0000
2025/03/09 22:53:51 - mmengine - INFO - Iter(train) [112850/160000]  lr: 1.0000e-04  eta: 3:29:01  time: 0.2551  data_time: 0.0078  memory: 9163  loss: 0.0185  decode.loss_ce: 0.0185  decode.acc_seg: 99.4281
2025/03/09 22:54:04 - mmengine - INFO - Iter(train) [112900/160000]  lr: 1.0000e-04  eta: 3:28:48  time: 0.2548  data_time: 0.0076  memory: 9163  loss: 0.0357  decode.loss_ce: 0.0357  decode.acc_seg: 97.7340
2025/03/09 22:54:17 - mmengine - INFO - Iter(train) [112950/160000]  lr: 1.0000e-04  eta: 3:28:34  time: 0.2528  data_time: 0.0073  memory: 9163  loss: 0.0354  decode.loss_ce: 0.0354  decode.acc_seg: 98.6252
2025/03/09 22:54:29 - mmengine - INFO - Exp name: efficient_20250309_140341
2025/03/09 22:54:29 - mmengine - INFO - Iter(train) [113000/160000]  lr: 1.0000e-04  eta: 3:28:21  time: 0.2537  data_time: 0.0077  memory: 9163  loss: 0.0282  decode.loss_ce: 0.0282  decode.acc_seg: 99.5081
2025/03/09 22:54:42 - mmengine - INFO - Iter(train) [113050/160000]  lr: 1.0000e-04  eta: 3:28:07  time: 0.2549  data_time: 0.0078  memory: 9163  loss: 0.0217  decode.loss_ce: 0.0217  decode.acc_seg: 98.4367
2025/03/09 22:54:55 - mmengine - INFO - Iter(train) [113100/160000]  lr: 1.0000e-04  eta: 3:27:54  time: 0.2543  data_time: 0.0078  memory: 9163  loss: 0.0208  decode.loss_ce: 0.0208  decode.acc_seg: 97.7781
2025/03/09 22:55:08 - mmengine - INFO - Iter(train) [113150/160000]  lr: 1.0000e-04  eta: 3:27:40  time: 0.2544  data_time: 0.0079  memory: 9163  loss: 0.0221  decode.loss_ce: 0.0221  decode.acc_seg: 98.3874
2025/03/09 22:55:20 - mmengine - INFO - Iter(train) [113200/160000]  lr: 1.0000e-04  eta: 3:27:27  time: 0.2531  data_time: 0.0078  memory: 9163  loss: 0.0228  decode.loss_ce: 0.0228  decode.acc_seg: 99.4398
2025/03/09 22:55:33 - mmengine - INFO - Iter(train) [113250/160000]  lr: 1.0000e-04  eta: 3:27:13  time: 0.2542  data_time: 0.0080  memory: 9163  loss: 0.0270  decode.loss_ce: 0.0270  decode.acc_seg: 98.6526
2025/03/09 22:55:46 - mmengine - INFO - Iter(train) [113300/160000]  lr: 1.0000e-04  eta: 3:27:00  time: 0.2547  data_time: 0.0078  memory: 9163  loss: 0.0293  decode.loss_ce: 0.0293  decode.acc_seg: 99.6141
2025/03/09 22:55:59 - mmengine - INFO - Iter(train) [113350/160000]  lr: 1.0000e-04  eta: 3:26:46  time: 0.2548  data_time: 0.0076  memory: 9163  loss: 0.0133  decode.loss_ce: 0.0133  decode.acc_seg: 99.7876
2025/03/09 22:56:11 - mmengine - INFO - Iter(train) [113400/160000]  lr: 1.0000e-04  eta: 3:26:33  time: 0.2549  data_time: 0.0075  memory: 9163  loss: 0.0297  decode.loss_ce: 0.0297  decode.acc_seg: 97.8667
2025/03/09 22:56:24 - mmengine - INFO - Iter(train) [113450/160000]  lr: 1.0000e-04  eta: 3:26:19  time: 0.2532  data_time: 0.0079  memory: 9163  loss: 0.0197  decode.loss_ce: 0.0197  decode.acc_seg: 99.0692
2025/03/09 22:56:37 - mmengine - INFO - Iter(train) [113500/160000]  lr: 1.0000e-04  eta: 3:26:05  time: 0.2525  data_time: 0.0077  memory: 9163  loss: 0.0273  decode.loss_ce: 0.0273  decode.acc_seg: 98.7247
2025/03/09 22:56:50 - mmengine - INFO - Iter(train) [113550/160000]  lr: 1.0000e-04  eta: 3:25:52  time: 0.2550  data_time: 0.0079  memory: 9163  loss: 0.0149  decode.loss_ce: 0.0149  decode.acc_seg: 99.9887
2025/03/09 22:57:02 - mmengine - INFO - Iter(train) [113600/160000]  lr: 1.0000e-04  eta: 3:25:38  time: 0.2547  data_time: 0.0076  memory: 9163  loss: 0.0226  decode.loss_ce: 0.0226  decode.acc_seg: 99.1212
2025/03/09 22:57:15 - mmengine - INFO - Iter(train) [113650/160000]  lr: 1.0000e-04  eta: 3:25:25  time: 0.2549  data_time: 0.0074  memory: 9163  loss: 0.0396  decode.loss_ce: 0.0396  decode.acc_seg: 95.2658
2025/03/09 22:57:28 - mmengine - INFO - Iter(train) [113700/160000]  lr: 1.0000e-04  eta: 3:25:11  time: 0.2553  data_time: 0.0079  memory: 9163  loss: 0.0307  decode.loss_ce: 0.0307  decode.acc_seg: 99.5032
2025/03/09 22:57:41 - mmengine - INFO - Iter(train) [113750/160000]  lr: 1.0000e-04  eta: 3:24:58  time: 0.2550  data_time: 0.0081  memory: 9163  loss: 0.0218  decode.loss_ce: 0.0218  decode.acc_seg: 98.7330
2025/03/09 22:57:53 - mmengine - INFO - Iter(train) [113800/160000]  lr: 1.0000e-04  eta: 3:24:44  time: 0.2535  data_time: 0.0076  memory: 9163  loss: 0.0255  decode.loss_ce: 0.0255  decode.acc_seg: 98.2659
2025/03/09 22:58:06 - mmengine - INFO - Iter(train) [113850/160000]  lr: 1.0000e-04  eta: 3:24:31  time: 0.2549  data_time: 0.0077  memory: 9163  loss: 0.0263  decode.loss_ce: 0.0263  decode.acc_seg: 99.0926
2025/03/09 22:58:19 - mmengine - INFO - Iter(train) [113900/160000]  lr: 1.0000e-04  eta: 3:24:17  time: 0.2550  data_time: 0.0078  memory: 9163  loss: 0.0266  decode.loss_ce: 0.0266  decode.acc_seg: 99.9825
2025/03/09 22:58:32 - mmengine - INFO - Iter(train) [113950/160000]  lr: 1.0000e-04  eta: 3:24:04  time: 0.2549  data_time: 0.0076  memory: 9163  loss: 0.0186  decode.loss_ce: 0.0186  decode.acc_seg: 99.0089
2025/03/09 22:58:44 - mmengine - INFO - Exp name: efficient_20250309_140341
2025/03/09 22:58:44 - mmengine - INFO - Iter(train) [114000/160000]  lr: 1.0000e-04  eta: 3:23:50  time: 0.2545  data_time: 0.0079  memory: 9163  loss: 0.0275  decode.loss_ce: 0.0275  decode.acc_seg: 99.1637
2025/03/09 22:58:57 - mmengine - INFO - Iter(train) [114050/160000]  lr: 1.0000e-04  eta: 3:23:37  time: 0.2549  data_time: 0.0077  memory: 9163  loss: 0.0353  decode.loss_ce: 0.0353  decode.acc_seg: 99.4653
2025/03/09 22:59:10 - mmengine - INFO - Iter(train) [114100/160000]  lr: 1.0000e-04  eta: 3:23:23  time: 0.2548  data_time: 0.0077  memory: 9163  loss: 0.0261  decode.loss_ce: 0.0261  decode.acc_seg: 99.6663
2025/03/09 22:59:23 - mmengine - INFO - Iter(train) [114150/160000]  lr: 1.0000e-04  eta: 3:23:10  time: 0.2551  data_time: 0.0077  memory: 9163  loss: 0.0206  decode.loss_ce: 0.0206  decode.acc_seg: 99.3265
2025/03/09 22:59:35 - mmengine - INFO - Iter(train) [114200/160000]  lr: 1.0000e-04  eta: 3:22:56  time: 0.2545  data_time: 0.0077  memory: 9163  loss: 0.0204  decode.loss_ce: 0.0204  decode.acc_seg: 98.0137
2025/03/09 22:59:48 - mmengine - INFO - Iter(train) [114250/160000]  lr: 1.0000e-04  eta: 3:22:43  time: 0.2581  data_time: 0.0085  memory: 9163  loss: 0.0380  decode.loss_ce: 0.0380  decode.acc_seg: 95.5523
2025/03/09 23:00:01 - mmengine - INFO - Iter(train) [114300/160000]  lr: 1.0000e-04  eta: 3:22:29  time: 0.2589  data_time: 0.0082  memory: 9163  loss: 0.0175  decode.loss_ce: 0.0175  decode.acc_seg: 99.4863
2025/03/09 23:00:14 - mmengine - INFO - Iter(train) [114350/160000]  lr: 1.0000e-04  eta: 3:22:16  time: 0.2510  data_time: 0.0083  memory: 9163  loss: 0.0219  decode.loss_ce: 0.0219  decode.acc_seg: 99.7084
2025/03/09 23:00:26 - mmengine - INFO - Iter(train) [114400/160000]  lr: 1.0000e-04  eta: 3:22:02  time: 0.2542  data_time: 0.0073  memory: 9163  loss: 0.0702  decode.loss_ce: 0.0702  decode.acc_seg: 99.6679
2025/03/09 23:00:39 - mmengine - INFO - Iter(train) [114450/160000]  lr: 1.0000e-04  eta: 3:21:49  time: 0.2545  data_time: 0.0076  memory: 9163  loss: 0.0498  decode.loss_ce: 0.0498  decode.acc_seg: 98.8432
2025/03/09 23:00:52 - mmengine - INFO - Iter(train) [114500/160000]  lr: 1.0000e-04  eta: 3:21:35  time: 0.2535  data_time: 0.0075  memory: 9163  loss: 0.0305  decode.loss_ce: 0.0305  decode.acc_seg: 97.7582
2025/03/09 23:01:05 - mmengine - INFO - Iter(train) [114550/160000]  lr: 1.0000e-04  eta: 3:21:22  time: 0.2548  data_time: 0.0079  memory: 9163  loss: 0.0229  decode.loss_ce: 0.0229  decode.acc_seg: 98.0250
2025/03/09 23:01:17 - mmengine - INFO - Iter(train) [114600/160000]  lr: 1.0000e-04  eta: 3:21:08  time: 0.2540  data_time: 0.0078  memory: 9163  loss: 0.0328  decode.loss_ce: 0.0328  decode.acc_seg: 99.4260
2025/03/09 23:01:30 - mmengine - INFO - Iter(train) [114650/160000]  lr: 1.0000e-04  eta: 3:20:54  time: 0.2546  data_time: 0.0075  memory: 9163  loss: 0.0256  decode.loss_ce: 0.0256  decode.acc_seg: 97.9236
2025/03/09 23:01:43 - mmengine - INFO - Iter(train) [114700/160000]  lr: 1.0000e-04  eta: 3:20:41  time: 0.2542  data_time: 0.0075  memory: 9163  loss: 0.0166  decode.loss_ce: 0.0166  decode.acc_seg: 98.9483
2025/03/09 23:01:55 - mmengine - INFO - Iter(train) [114750/160000]  lr: 1.0000e-04  eta: 3:20:27  time: 0.2521  data_time: 0.0083  memory: 9163  loss: 0.0452  decode.loss_ce: 0.0452  decode.acc_seg: 97.7152
2025/03/09 23:02:08 - mmengine - INFO - Iter(train) [114800/160000]  lr: 1.0000e-04  eta: 3:20:14  time: 0.2553  data_time: 0.0077  memory: 9163  loss: 0.0222  decode.loss_ce: 0.0222  decode.acc_seg: 99.2393
2025/03/09 23:02:21 - mmengine - INFO - Iter(train) [114850/160000]  lr: 1.0000e-04  eta: 3:20:00  time: 0.2540  data_time: 0.0079  memory: 9163  loss: 0.0194  decode.loss_ce: 0.0194  decode.acc_seg: 99.2503
2025/03/09 23:02:34 - mmengine - INFO - Iter(train) [114900/160000]  lr: 1.0000e-04  eta: 3:19:47  time: 0.2559  data_time: 0.0073  memory: 9163  loss: 0.0328  decode.loss_ce: 0.0328  decode.acc_seg: 97.2330
2025/03/09 23:02:46 - mmengine - INFO - Iter(train) [114950/160000]  lr: 1.0000e-04  eta: 3:19:33  time: 0.2524  data_time: 0.0076  memory: 9163  loss: 0.0412  decode.loss_ce: 0.0412  decode.acc_seg: 99.4332
2025/03/09 23:02:59 - mmengine - INFO - Exp name: efficient_20250309_140341
2025/03/09 23:02:59 - mmengine - INFO - Iter(train) [115000/160000]  lr: 1.0000e-04  eta: 3:19:20  time: 0.2551  data_time: 0.0077  memory: 9163  loss: 0.0229  decode.loss_ce: 0.0229  decode.acc_seg: 97.3331
2025/03/09 23:04:50 - mmengine - INFO - Iter(train) [115050/160000]  lr: 1.0000e-04  eta: 3:19:45  time: 0.2418  data_time: 0.0077  memory: 9163  loss: 0.0228  decode.loss_ce: 0.0228  decode.acc_seg: 99.7804
2025/03/09 23:05:02 - mmengine - INFO - Iter(train) [115100/160000]  lr: 1.0000e-04  eta: 3:19:31  time: 0.2419  data_time: 0.0077  memory: 9163  loss: 0.0258  decode.loss_ce: 0.0258  decode.acc_seg: 99.1148
2025/03/09 23:05:15 - mmengine - INFO - Iter(train) [115150/160000]  lr: 1.0000e-04  eta: 3:19:17  time: 0.2414  data_time: 0.0070  memory: 9163  loss: 0.0280  decode.loss_ce: 0.0280  decode.acc_seg: 99.4614
2025/03/09 23:05:27 - mmengine - INFO - Iter(train) [115200/160000]  lr: 1.0000e-04  eta: 3:19:03  time: 0.2424  data_time: 0.0073  memory: 9163  loss: 0.0424  decode.loss_ce: 0.0424  decode.acc_seg: 97.1426
2025/03/09 23:05:39 - mmengine - INFO - Iter(train) [115250/160000]  lr: 1.0000e-04  eta: 3:18:50  time: 0.2427  data_time: 0.0071  memory: 9163  loss: 0.0188  decode.loss_ce: 0.0188  decode.acc_seg: 98.8415
2025/03/09 23:05:51 - mmengine - INFO - Iter(train) [115300/160000]  lr: 1.0000e-04  eta: 3:18:36  time: 0.2420  data_time: 0.0069  memory: 9163  loss: 0.0276  decode.loss_ce: 0.0276  decode.acc_seg: 99.5458
2025/03/09 23:06:03 - mmengine - INFO - Iter(train) [115350/160000]  lr: 1.0000e-04  eta: 3:18:22  time: 0.2512  data_time: 0.0074  memory: 9163  loss: 0.0371  decode.loss_ce: 0.0371  decode.acc_seg: 99.6068
2025/03/09 23:06:16 - mmengine - INFO - Iter(train) [115400/160000]  lr: 1.0000e-04  eta: 3:18:08  time: 0.2536  data_time: 0.0073  memory: 9163  loss: 0.0291  decode.loss_ce: 0.0291  decode.acc_seg: 98.7620
2025/03/09 23:06:29 - mmengine - INFO - Iter(train) [115450/160000]  lr: 1.0000e-04  eta: 3:17:55  time: 0.2574  data_time: 0.0083  memory: 9163  loss: 0.0247  decode.loss_ce: 0.0247  decode.acc_seg: 99.5827
2025/03/09 23:06:42 - mmengine - INFO - Iter(train) [115500/160000]  lr: 1.0000e-04  eta: 3:17:41  time: 0.2566  data_time: 0.0078  memory: 9163  loss: 0.0257  decode.loss_ce: 0.0257  decode.acc_seg: 99.4566
2025/03/09 23:06:45 - mmengine - INFO - Iter(val) [ 50/869]    eta: 0:00:52  time: 0.0587  data_time: 0.0026  memory: 636  
2025/03/09 23:06:48 - mmengine - INFO - Iter(val) [100/869]    eta: 0:00:48  time: 0.0607  data_time: 0.0026  memory: 636  
2025/03/09 23:06:51 - mmengine - INFO - Iter(val) [150/869]    eta: 0:00:45  time: 0.0651  data_time: 0.0025  memory: 636  
2025/03/09 23:06:54 - mmengine - INFO - Iter(val) [200/869]    eta: 0:00:41  time: 0.0593  data_time: 0.0027  memory: 636  
2025/03/09 23:06:57 - mmengine - INFO - Iter(val) [250/869]    eta: 0:00:38  time: 0.0613  data_time: 0.0026  memory: 636  
2025/03/09 23:07:00 - mmengine - INFO - Iter(val) [300/869]    eta: 0:00:35  time: 0.0598  data_time: 0.0025  memory: 636  
2025/03/09 23:07:03 - mmengine - INFO - Iter(val) [350/869]    eta: 0:00:31  time: 0.0601  data_time: 0.0025  memory: 636  
2025/03/09 23:07:06 - mmengine - INFO - Iter(val) [400/869]    eta: 0:00:28  time: 0.0591  data_time: 0.0031  memory: 636  
2025/03/09 23:07:09 - mmengine - INFO - Iter(val) [450/869]    eta: 0:00:25  time: 0.0600  data_time: 0.0027  memory: 636  
2025/03/09 23:07:12 - mmengine - INFO - Iter(val) [500/869]    eta: 0:00:22  time: 0.0593  data_time: 0.0025  memory: 636  
2025/03/09 23:07:15 - mmengine - INFO - Iter(val) [550/869]    eta: 0:00:19  time: 0.0590  data_time: 0.0025  memory: 636  
2025/03/09 23:07:18 - mmengine - INFO - Iter(val) [600/869]    eta: 0:00:16  time: 0.0597  data_time: 0.0029  memory: 636  
2025/03/09 23:07:21 - mmengine - INFO - Iter(val) [650/869]    eta: 0:00:13  time: 0.0611  data_time: 0.0028  memory: 636  
2025/03/09 23:07:24 - mmengine - INFO - Iter(val) [700/869]    eta: 0:00:10  time: 0.0599  data_time: 0.0026  memory: 636  
2025/03/09 23:07:27 - mmengine - INFO - Iter(val) [750/869]    eta: 0:00:07  time: 0.0624  data_time: 0.0027  memory: 636  
2025/03/09 23:07:30 - mmengine - INFO - Iter(val) [800/869]    eta: 0:00:04  time: 0.0604  data_time: 0.0027  memory: 636  
2025/03/09 23:07:33 - mmengine - INFO - Iter(val) [850/869]    eta: 0:00:01  time: 0.0607  data_time: 0.0026  memory: 636  
2025/03/09 23:07:34 - mmengine - INFO - per class results:
2025/03/09 23:07:34 - mmengine - INFO - 
+------------+-------+-------+--------+-----------+--------+
|   Class    |  IoU  |  Acc  | Fscore | Precision | Recall |
+------------+-------+-------+--------+-----------+--------+
| background | 96.99 | 97.67 | 98.47  |   99.28   | 97.67  |
|    ghaf    | 53.92 | 83.36 | 70.06  |   60.42   | 83.36  |
+------------+-------+-------+--------+-----------+--------+
2025/03/09 23:07:34 - mmengine - INFO - Iter(val) [869/869]    aAcc: 97.0900  mIoU: 75.4500  mAcc: 90.5200  mFscore: 84.2700  mPrecision: 79.8500  mRecall: 90.5200  data_time: 0.0028  time: 0.0605
2025/03/09 23:07:47 - mmengine - INFO - Iter(train) [115550/160000]  lr: 1.0000e-04  eta: 3:17:28  time: 0.2547  data_time: 0.0077  memory: 9163  loss: 0.0302  decode.loss_ce: 0.0302  decode.acc_seg: 98.2439
2025/03/09 23:08:00 - mmengine - INFO - Iter(train) [115600/160000]  lr: 1.0000e-04  eta: 3:17:14  time: 0.2536  data_time: 0.0077  memory: 9163  loss: 0.0257  decode.loss_ce: 0.0257  decode.acc_seg: 99.3216
2025/03/09 23:08:00 - mmengine - INFO - Saving checkpoint at 115600 iterations
2025/03/09 23:08:17 - mmengine - INFO - Iter(train) [115650/160000]  lr: 1.0000e-04  eta: 3:17:02  time: 0.2547  data_time: 0.0078  memory: 9163  loss: 0.0229  decode.loss_ce: 0.0229  decode.acc_seg: 98.6672
2025/03/09 23:08:29 - mmengine - INFO - Iter(train) [115700/160000]  lr: 1.0000e-04  eta: 3:16:49  time: 0.2551  data_time: 0.0082  memory: 9163  loss: 0.0228  decode.loss_ce: 0.0228  decode.acc_seg: 99.5042
2025/03/09 23:08:42 - mmengine - INFO - Iter(train) [115750/160000]  lr: 1.0000e-04  eta: 3:16:35  time: 0.2548  data_time: 0.0079  memory: 9163  loss: 0.0353  decode.loss_ce: 0.0353  decode.acc_seg: 99.3092
2025/03/09 23:08:55 - mmengine - INFO - Iter(train) [115800/160000]  lr: 1.0000e-04  eta: 3:16:22  time: 0.2539  data_time: 0.0076  memory: 9163  loss: 0.0357  decode.loss_ce: 0.0357  decode.acc_seg: 98.2592
2025/03/09 23:09:08 - mmengine - INFO - Iter(train) [115850/160000]  lr: 1.0000e-04  eta: 3:16:08  time: 0.2535  data_time: 0.0077  memory: 9163  loss: 0.0229  decode.loss_ce: 0.0229  decode.acc_seg: 99.6239
2025/03/09 23:09:20 - mmengine - INFO - Iter(train) [115900/160000]  lr: 1.0000e-04  eta: 3:15:55  time: 0.2547  data_time: 0.0081  memory: 9163  loss: 0.0230  decode.loss_ce: 0.0230  decode.acc_seg: 98.6122
2025/03/09 23:09:33 - mmengine - INFO - Iter(train) [115950/160000]  lr: 1.0000e-04  eta: 3:15:41  time: 0.2543  data_time: 0.0078  memory: 9163  loss: 0.0235  decode.loss_ce: 0.0235  decode.acc_seg: 99.2201
2025/03/09 23:09:46 - mmengine - INFO - Exp name: efficient_20250309_140341
2025/03/09 23:09:46 - mmengine - INFO - Iter(train) [116000/160000]  lr: 1.0000e-04  eta: 3:15:27  time: 0.2551  data_time: 0.0082  memory: 9163  loss: 0.0464  decode.loss_ce: 0.0464  decode.acc_seg: 94.3744
2025/03/09 23:09:59 - mmengine - INFO - Iter(train) [116050/160000]  lr: 1.0000e-04  eta: 3:15:14  time: 0.2547  data_time: 0.0081  memory: 9163  loss: 0.0236  decode.loss_ce: 0.0236  decode.acc_seg: 98.7108
2025/03/09 23:10:11 - mmengine - INFO - Iter(train) [116100/160000]  lr: 1.0000e-04  eta: 3:15:00  time: 0.2531  data_time: 0.0080  memory: 9163  loss: 0.0259  decode.loss_ce: 0.0259  decode.acc_seg: 99.8950
2025/03/09 23:10:24 - mmengine - INFO - Iter(train) [116150/160000]  lr: 1.0000e-04  eta: 3:14:47  time: 0.2548  data_time: 0.0077  memory: 9163  loss: 0.0236  decode.loss_ce: 0.0236  decode.acc_seg: 98.5146
2025/03/09 23:10:37 - mmengine - INFO - Iter(train) [116200/160000]  lr: 1.0000e-04  eta: 3:14:33  time: 0.2541  data_time: 0.0082  memory: 9163  loss: 0.0359  decode.loss_ce: 0.0359  decode.acc_seg: 98.7217
2025/03/09 23:10:50 - mmengine - INFO - Iter(train) [116250/160000]  lr: 1.0000e-04  eta: 3:14:20  time: 0.2530  data_time: 0.0085  memory: 9163  loss: 0.0317  decode.loss_ce: 0.0317  decode.acc_seg: 97.8350
2025/03/09 23:11:02 - mmengine - INFO - Iter(train) [116300/160000]  lr: 1.0000e-04  eta: 3:14:06  time: 0.2543  data_time: 0.0078  memory: 9163  loss: 0.0200  decode.loss_ce: 0.0200  decode.acc_seg: 97.7177
2025/03/09 23:11:15 - mmengine - INFO - Iter(train) [116350/160000]  lr: 1.0000e-04  eta: 3:13:53  time: 0.2557  data_time: 0.0078  memory: 9163  loss: 0.0432  decode.loss_ce: 0.0432  decode.acc_seg: 98.8116
2025/03/09 23:11:28 - mmengine - INFO - Iter(train) [116400/160000]  lr: 1.0000e-04  eta: 3:13:39  time: 0.2554  data_time: 0.0079  memory: 9163  loss: 0.0372  decode.loss_ce: 0.0372  decode.acc_seg: 96.7176
2025/03/09 23:11:41 - mmengine - INFO - Iter(train) [116450/160000]  lr: 1.0000e-04  eta: 3:13:26  time: 0.2550  data_time: 0.0081  memory: 9163  loss: 0.0229  decode.loss_ce: 0.0229  decode.acc_seg: 99.3348
2025/03/09 23:11:53 - mmengine - INFO - Iter(train) [116500/160000]  lr: 1.0000e-04  eta: 3:13:12  time: 0.2548  data_time: 0.0078  memory: 9163  loss: 0.0234  decode.loss_ce: 0.0234  decode.acc_seg: 97.8234
2025/03/09 23:12:06 - mmengine - INFO - Iter(train) [116550/160000]  lr: 1.0000e-04  eta: 3:12:58  time: 0.2516  data_time: 0.0077  memory: 9163  loss: 0.0162  decode.loss_ce: 0.0162  decode.acc_seg: 99.9262
2025/03/09 23:12:19 - mmengine - INFO - Iter(train) [116600/160000]  lr: 1.0000e-04  eta: 3:12:45  time: 0.2541  data_time: 0.0079  memory: 9163  loss: 0.0174  decode.loss_ce: 0.0174  decode.acc_seg: 99.4617
2025/03/09 23:12:31 - mmengine - INFO - Iter(train) [116650/160000]  lr: 1.0000e-04  eta: 3:12:31  time: 0.2539  data_time: 0.0077  memory: 9163  loss: 0.0125  decode.loss_ce: 0.0125  decode.acc_seg: 99.4320
2025/03/09 23:12:44 - mmengine - INFO - Iter(train) [116700/160000]  lr: 1.0000e-04  eta: 3:12:18  time: 0.2543  data_time: 0.0081  memory: 9163  loss: 0.0261  decode.loss_ce: 0.0261  decode.acc_seg: 99.5831
2025/03/09 23:12:57 - mmengine - INFO - Iter(train) [116750/160000]  lr: 1.0000e-04  eta: 3:12:04  time: 0.2540  data_time: 0.0077  memory: 9163  loss: 0.0432  decode.loss_ce: 0.0432  decode.acc_seg: 97.2630
2025/03/09 23:13:10 - mmengine - INFO - Iter(train) [116800/160000]  lr: 1.0000e-04  eta: 3:11:51  time: 0.2544  data_time: 0.0076  memory: 9163  loss: 0.0184  decode.loss_ce: 0.0184  decode.acc_seg: 99.3960
2025/03/09 23:13:22 - mmengine - INFO - Iter(train) [116850/160000]  lr: 1.0000e-04  eta: 3:11:37  time: 0.2548  data_time: 0.0076  memory: 9163  loss: 0.0266  decode.loss_ce: 0.0266  decode.acc_seg: 99.9502
2025/03/09 23:13:35 - mmengine - INFO - Iter(train) [116900/160000]  lr: 1.0000e-04  eta: 3:11:24  time: 0.2540  data_time: 0.0077  memory: 9163  loss: 0.0142  decode.loss_ce: 0.0142  decode.acc_seg: 99.3186
2025/03/09 23:13:48 - mmengine - INFO - Iter(train) [116950/160000]  lr: 1.0000e-04  eta: 3:11:10  time: 0.2544  data_time: 0.0076  memory: 9163  loss: 0.0205  decode.loss_ce: 0.0205  decode.acc_seg: 97.7524
2025/03/09 23:14:00 - mmengine - INFO - Exp name: efficient_20250309_140341
2025/03/09 23:14:00 - mmengine - INFO - Iter(train) [117000/160000]  lr: 1.0000e-04  eta: 3:10:56  time: 0.2548  data_time: 0.0077  memory: 9163  loss: 0.0225  decode.loss_ce: 0.0225  decode.acc_seg: 99.2562
2025/03/09 23:14:13 - mmengine - INFO - Iter(train) [117050/160000]  lr: 1.0000e-04  eta: 3:10:43  time: 0.2547  data_time: 0.0080  memory: 9163  loss: 0.0324  decode.loss_ce: 0.0324  decode.acc_seg: 99.6938
2025/03/09 23:14:26 - mmengine - INFO - Iter(train) [117100/160000]  lr: 1.0000e-04  eta: 3:10:29  time: 0.2545  data_time: 0.0078  memory: 9163  loss: 0.0131  decode.loss_ce: 0.0131  decode.acc_seg: 99.9923
2025/03/09 23:14:39 - mmengine - INFO - Iter(train) [117150/160000]  lr: 1.0000e-04  eta: 3:10:16  time: 0.2528  data_time: 0.0076  memory: 9163  loss: 0.0235  decode.loss_ce: 0.0235  decode.acc_seg: 99.0120
2025/03/09 23:14:51 - mmengine - INFO - Iter(train) [117200/160000]  lr: 1.0000e-04  eta: 3:10:02  time: 0.2524  data_time: 0.0076  memory: 9163  loss: 0.0381  decode.loss_ce: 0.0381  decode.acc_seg: 96.9038
2025/03/09 23:15:04 - mmengine - INFO - Iter(train) [117250/160000]  lr: 1.0000e-04  eta: 3:09:49  time: 0.2551  data_time: 0.0076  memory: 9163  loss: 0.0253  decode.loss_ce: 0.0253  decode.acc_seg: 98.7745
2025/03/09 23:15:17 - mmengine - INFO - Iter(train) [117300/160000]  lr: 1.0000e-04  eta: 3:09:35  time: 0.2538  data_time: 0.0076  memory: 9163  loss: 0.0294  decode.loss_ce: 0.0294  decode.acc_seg: 99.5942
2025/03/09 23:15:29 - mmengine - INFO - Iter(train) [117350/160000]  lr: 1.0000e-04  eta: 3:09:22  time: 0.2547  data_time: 0.0075  memory: 9163  loss: 0.0242  decode.loss_ce: 0.0242  decode.acc_seg: 99.9823
2025/03/09 23:15:42 - mmengine - INFO - Iter(train) [117400/160000]  lr: 1.0000e-04  eta: 3:09:08  time: 0.2548  data_time: 0.0078  memory: 9163  loss: 0.0228  decode.loss_ce: 0.0228  decode.acc_seg: 99.8377
2025/03/09 23:15:55 - mmengine - INFO - Iter(train) [117450/160000]  lr: 1.0000e-04  eta: 3:08:55  time: 0.2554  data_time: 0.0078  memory: 9163  loss: 0.0230  decode.loss_ce: 0.0230  decode.acc_seg: 99.1133
2025/03/09 23:16:08 - mmengine - INFO - Iter(train) [117500/160000]  lr: 1.0000e-04  eta: 3:08:41  time: 0.2552  data_time: 0.0077  memory: 9163  loss: 0.0184  decode.loss_ce: 0.0184  decode.acc_seg: 99.4883
2025/03/09 23:16:20 - mmengine - INFO - Iter(train) [117550/160000]  lr: 1.0000e-04  eta: 3:08:27  time: 0.2535  data_time: 0.0081  memory: 9163  loss: 0.0188  decode.loss_ce: 0.0188  decode.acc_seg: 100.0000
2025/03/09 23:16:33 - mmengine - INFO - Iter(train) [117600/160000]  lr: 1.0000e-04  eta: 3:08:14  time: 0.2549  data_time: 0.0076  memory: 9163  loss: 0.0359  decode.loss_ce: 0.0359  decode.acc_seg: 99.4369
2025/03/09 23:16:46 - mmengine - INFO - Iter(train) [117650/160000]  lr: 1.0000e-04  eta: 3:08:00  time: 0.2550  data_time: 0.0078  memory: 9163  loss: 0.0538  decode.loss_ce: 0.0538  decode.acc_seg: 99.5715
2025/03/09 23:16:59 - mmengine - INFO - Iter(train) [117700/160000]  lr: 1.0000e-04  eta: 3:07:47  time: 0.2550  data_time: 0.0077  memory: 9163  loss: 0.0347  decode.loss_ce: 0.0347  decode.acc_seg: 98.1487
2025/03/09 23:17:11 - mmengine - INFO - Iter(train) [117750/160000]  lr: 1.0000e-04  eta: 3:07:33  time: 0.2552  data_time: 0.0082  memory: 9163  loss: 0.0199  decode.loss_ce: 0.0199  decode.acc_seg: 99.7979
2025/03/09 23:17:24 - mmengine - INFO - Iter(train) [117800/160000]  lr: 1.0000e-04  eta: 3:07:20  time: 0.2517  data_time: 0.0076  memory: 9163  loss: 0.0375  decode.loss_ce: 0.0375  decode.acc_seg: 99.5418
2025/03/09 23:17:37 - mmengine - INFO - Iter(train) [117850/160000]  lr: 1.0000e-04  eta: 3:07:06  time: 0.2550  data_time: 0.0080  memory: 9163  loss: 0.0271  decode.loss_ce: 0.0271  decode.acc_seg: 96.4818
2025/03/09 23:17:50 - mmengine - INFO - Iter(train) [117900/160000]  lr: 1.0000e-04  eta: 3:06:53  time: 0.2551  data_time: 0.0080  memory: 9163  loss: 0.0241  decode.loss_ce: 0.0241  decode.acc_seg: 99.8925
2025/03/09 23:18:02 - mmengine - INFO - Iter(train) [117950/160000]  lr: 1.0000e-04  eta: 3:06:39  time: 0.2547  data_time: 0.0076  memory: 9163  loss: 0.0301  decode.loss_ce: 0.0301  decode.acc_seg: 97.1077
2025/03/09 23:18:15 - mmengine - INFO - Exp name: efficient_20250309_140341
2025/03/09 23:18:15 - mmengine - INFO - Iter(train) [118000/160000]  lr: 1.0000e-04  eta: 3:06:26  time: 0.2548  data_time: 0.0076  memory: 9163  loss: 0.0328  decode.loss_ce: 0.0328  decode.acc_seg: 99.8051
2025/03/09 23:18:28 - mmengine - INFO - Iter(train) [118050/160000]  lr: 1.0000e-04  eta: 3:06:12  time: 0.2554  data_time: 0.0078  memory: 9163  loss: 0.0198  decode.loss_ce: 0.0198  decode.acc_seg: 99.0994
2025/03/09 23:18:41 - mmengine - INFO - Iter(train) [118100/160000]  lr: 1.0000e-04  eta: 3:05:59  time: 0.2571  data_time: 0.0081  memory: 9163  loss: 0.0254  decode.loss_ce: 0.0254  decode.acc_seg: 97.6929
2025/03/09 23:18:53 - mmengine - INFO - Iter(train) [118150/160000]  lr: 1.0000e-04  eta: 3:05:45  time: 0.2520  data_time: 0.0074  memory: 9163  loss: 0.0249  decode.loss_ce: 0.0249  decode.acc_seg: 98.7736
2025/03/09 23:19:06 - mmengine - INFO - Iter(train) [118200/160000]  lr: 1.0000e-04  eta: 3:05:32  time: 0.2551  data_time: 0.0081  memory: 9163  loss: 0.0319  decode.loss_ce: 0.0319  decode.acc_seg: 99.9742
2025/03/09 23:19:19 - mmengine - INFO - Iter(train) [118250/160000]  lr: 1.0000e-04  eta: 3:05:18  time: 0.2573  data_time: 0.0080  memory: 9163  loss: 0.0313  decode.loss_ce: 0.0313  decode.acc_seg: 99.6718
2025/03/09 23:19:32 - mmengine - INFO - Iter(train) [118300/160000]  lr: 1.0000e-04  eta: 3:05:05  time: 0.2578  data_time: 0.0084  memory: 9163  loss: 0.0485  decode.loss_ce: 0.0485  decode.acc_seg: 99.3710
2025/03/09 23:19:45 - mmengine - INFO - Iter(train) [118350/160000]  lr: 1.0000e-04  eta: 3:04:51  time: 0.2549  data_time: 0.0080  memory: 9163  loss: 0.0158  decode.loss_ce: 0.0158  decode.acc_seg: 100.0000
2025/03/09 23:19:57 - mmengine - INFO - Iter(train) [118400/160000]  lr: 1.0000e-04  eta: 3:04:38  time: 0.2545  data_time: 0.0077  memory: 9163  loss: 0.0255  decode.loss_ce: 0.0255  decode.acc_seg: 99.8037
2025/03/09 23:20:10 - mmengine - INFO - Iter(train) [118450/160000]  lr: 1.0000e-04  eta: 3:04:24  time: 0.2548  data_time: 0.0080  memory: 9163  loss: 0.0274  decode.loss_ce: 0.0274  decode.acc_seg: 99.5206
2025/03/09 23:20:23 - mmengine - INFO - Iter(train) [118500/160000]  lr: 1.0000e-04  eta: 3:04:11  time: 0.2547  data_time: 0.0090  memory: 9163  loss: 0.0240  decode.loss_ce: 0.0240  decode.acc_seg: 99.1737
2025/03/09 23:20:36 - mmengine - INFO - Iter(train) [118550/160000]  lr: 1.0000e-04  eta: 3:03:57  time: 0.2537  data_time: 0.0080  memory: 9163  loss: 0.0310  decode.loss_ce: 0.0310  decode.acc_seg: 98.4554
2025/03/09 23:20:49 - mmengine - INFO - Iter(train) [118600/160000]  lr: 1.0000e-04  eta: 3:03:44  time: 0.2560  data_time: 0.0082  memory: 9163  loss: 0.0209  decode.loss_ce: 0.0209  decode.acc_seg: 99.9288
2025/03/09 23:21:01 - mmengine - INFO - Iter(train) [118650/160000]  lr: 1.0000e-04  eta: 3:03:30  time: 0.2530  data_time: 0.0081  memory: 9163  loss: 0.0146  decode.loss_ce: 0.0146  decode.acc_seg: 99.8349
2025/03/09 23:21:14 - mmengine - INFO - Iter(train) [118700/160000]  lr: 1.0000e-04  eta: 3:03:17  time: 0.2517  data_time: 0.0087  memory: 9163  loss: 0.0279  decode.loss_ce: 0.0279  decode.acc_seg: 99.4272
2025/03/09 23:21:27 - mmengine - INFO - Iter(train) [118750/160000]  lr: 1.0000e-04  eta: 3:03:03  time: 0.2546  data_time: 0.0085  memory: 9163  loss: 0.0180  decode.loss_ce: 0.0180  decode.acc_seg: 100.0000
2025/03/09 23:21:40 - mmengine - INFO - Iter(train) [118800/160000]  lr: 1.0000e-04  eta: 3:02:50  time: 0.2550  data_time: 0.0081  memory: 9163  loss: 0.0283  decode.loss_ce: 0.0283  decode.acc_seg: 95.1383
2025/03/09 23:21:52 - mmengine - INFO - Iter(train) [118850/160000]  lr: 1.0000e-04  eta: 3:02:36  time: 0.2541  data_time: 0.0076  memory: 9163  loss: 0.0300  decode.loss_ce: 0.0300  decode.acc_seg: 98.5722
2025/03/09 23:22:05 - mmengine - INFO - Iter(train) [118900/160000]  lr: 1.0000e-04  eta: 3:02:23  time: 0.2544  data_time: 0.0076  memory: 9163  loss: 0.0381  decode.loss_ce: 0.0381  decode.acc_seg: 99.3734
2025/03/09 23:22:18 - mmengine - INFO - Iter(train) [118950/160000]  lr: 1.0000e-04  eta: 3:02:09  time: 0.2548  data_time: 0.0076  memory: 9163  loss: 0.0346  decode.loss_ce: 0.0346  decode.acc_seg: 99.1678
2025/03/09 23:22:31 - mmengine - INFO - Exp name: efficient_20250309_140341
2025/03/09 23:22:31 - mmengine - INFO - Iter(train) [119000/160000]  lr: 1.0000e-04  eta: 3:01:56  time: 0.2535  data_time: 0.0079  memory: 9163  loss: 0.0408  decode.loss_ce: 0.0408  decode.acc_seg: 97.0858
2025/03/09 23:22:31 - mmengine - INFO - Saving checkpoint at 119000 iterations
2025/03/09 23:22:36 - mmengine - INFO - Iter(val) [ 50/869]    eta: 0:00:57  time: 0.0585  data_time: 0.0026  memory: 636  
2025/03/09 23:22:39 - mmengine - INFO - Iter(val) [100/869]    eta: 0:00:49  time: 0.0558  data_time: 0.0025  memory: 636  
2025/03/09 23:22:41 - mmengine - INFO - Iter(val) [150/869]    eta: 0:00:44  time: 0.0555  data_time: 0.0025  memory: 636  
2025/03/09 23:22:44 - mmengine - INFO - Iter(val) [200/869]    eta: 0:00:40  time: 0.0556  data_time: 0.0026  memory: 636  
2025/03/09 23:22:47 - mmengine - INFO - Iter(val) [250/869]    eta: 0:00:36  time: 0.0565  data_time: 0.0025  memory: 636  
2025/03/09 23:22:50 - mmengine - INFO - Iter(val) [300/869]    eta: 0:00:33  time: 0.0564  data_time: 0.0027  memory: 636  
2025/03/09 23:22:53 - mmengine - INFO - Iter(val) [350/869]    eta: 0:00:30  time: 0.0569  data_time: 0.0030  memory: 636  
2025/03/09 23:22:56 - mmengine - INFO - Iter(val) [400/869]    eta: 0:00:27  time: 0.0562  data_time: 0.0025  memory: 636  
2025/03/09 23:22:58 - mmengine - INFO - Iter(val) [450/869]    eta: 0:00:24  time: 0.0556  data_time: 0.0025  memory: 636  
2025/03/09 23:23:01 - mmengine - INFO - Iter(val) [500/869]    eta: 0:00:21  time: 0.0558  data_time: 0.0027  memory: 636  
2025/03/09 23:23:04 - mmengine - INFO - Iter(val) [550/869]    eta: 0:00:18  time: 0.0562  data_time: 0.0024  memory: 636  
2025/03/09 23:23:07 - mmengine - INFO - Iter(val) [600/869]    eta: 0:00:15  time: 0.0561  data_time: 0.0026  memory: 636  
2025/03/09 23:23:10 - mmengine - INFO - Iter(val) [650/869]    eta: 0:00:12  time: 0.0558  data_time: 0.0025  memory: 636  
2025/03/09 23:23:13 - mmengine - INFO - Iter(val) [700/869]    eta: 0:00:09  time: 0.0554  data_time: 0.0026  memory: 636  
2025/03/09 23:23:15 - mmengine - INFO - Iter(val) [750/869]    eta: 0:00:06  time: 0.0556  data_time: 0.0025  memory: 636  
2025/03/09 23:23:18 - mmengine - INFO - Iter(val) [800/869]    eta: 0:00:03  time: 0.0562  data_time: 0.0028  memory: 636  
2025/03/09 23:23:21 - mmengine - INFO - Iter(val) [850/869]    eta: 0:00:01  time: 0.0577  data_time: 0.0027  memory: 636  
2025/03/09 23:23:22 - mmengine - INFO - per class results:
2025/03/09 23:23:22 - mmengine - INFO - 
+------------+-------+-------+--------+-----------+--------+
|   Class    |  IoU  |  Acc  | Fscore | Precision | Recall |
+------------+-------+-------+--------+-----------+--------+
| background | 97.06 | 97.74 | 98.51  |   99.29   | 97.74  |
|    ghaf    | 54.56 | 83.49 |  70.6  |   61.16   | 83.49  |
+------------+-------+-------+--------+-----------+--------+
2025/03/09 23:23:22 - mmengine - INFO - Iter(val) [869/869]    aAcc: 97.1600  mIoU: 75.8100  mAcc: 90.6100  mFscore: 84.5500  mPrecision: 80.2200  mRecall: 90.6100  data_time: 0.0027  time: 0.0573
2025/03/09 23:23:35 - mmengine - INFO - Iter(train) [119050/160000]  lr: 1.0000e-04  eta: 3:01:42  time: 0.2560  data_time: 0.0079  memory: 9163  loss: 0.0312  decode.loss_ce: 0.0312  decode.acc_seg: 99.9650
2025/03/09 23:23:48 - mmengine - INFO - Iter(train) [119100/160000]  lr: 1.0000e-04  eta: 3:01:29  time: 0.2549  data_time: 0.0082  memory: 9163  loss: 0.0307  decode.loss_ce: 0.0307  decode.acc_seg: 99.8230
2025/03/09 23:24:00 - mmengine - INFO - Iter(train) [119150/160000]  lr: 1.0000e-04  eta: 3:01:15  time: 0.2537  data_time: 0.0078  memory: 9163  loss: 0.0262  decode.loss_ce: 0.0262  decode.acc_seg: 99.3263
2025/03/09 23:24:13 - mmengine - INFO - Iter(train) [119200/160000]  lr: 1.0000e-04  eta: 3:01:01  time: 0.2524  data_time: 0.0073  memory: 9163  loss: 0.0233  decode.loss_ce: 0.0233  decode.acc_seg: 99.5960
2025/03/09 23:24:26 - mmengine - INFO - Iter(train) [119250/160000]  lr: 1.0000e-04  eta: 3:00:48  time: 0.2536  data_time: 0.0079  memory: 9163  loss: 0.0255  decode.loss_ce: 0.0255  decode.acc_seg: 98.8571
2025/03/09 23:24:38 - mmengine - INFO - Iter(train) [119300/160000]  lr: 1.0000e-04  eta: 3:00:34  time: 0.2522  data_time: 0.0077  memory: 9163  loss: 0.0252  decode.loss_ce: 0.0252  decode.acc_seg: 99.9565
2025/03/09 23:24:51 - mmengine - INFO - Iter(train) [119350/160000]  lr: 1.0000e-04  eta: 3:00:21  time: 0.2548  data_time: 0.0077  memory: 9163  loss: 0.0248  decode.loss_ce: 0.0248  decode.acc_seg: 99.3797
2025/03/09 23:25:04 - mmengine - INFO - Iter(train) [119400/160000]  lr: 1.0000e-04  eta: 3:00:07  time: 0.2551  data_time: 0.0077  memory: 9163  loss: 0.0277  decode.loss_ce: 0.0277  decode.acc_seg: 98.7514
2025/03/09 23:25:16 - mmengine - INFO - Iter(train) [119450/160000]  lr: 1.0000e-04  eta: 2:59:54  time: 0.2549  data_time: 0.0076  memory: 9163  loss: 0.0323  decode.loss_ce: 0.0323  decode.acc_seg: 98.8769
2025/03/09 23:25:29 - mmengine - INFO - Iter(train) [119500/160000]  lr: 1.0000e-04  eta: 2:59:40  time: 0.2547  data_time: 0.0079  memory: 9163  loss: 0.0390  decode.loss_ce: 0.0390  decode.acc_seg: 99.6782
2025/03/09 23:25:42 - mmengine - INFO - Iter(train) [119550/160000]  lr: 1.0000e-04  eta: 2:59:27  time: 0.2555  data_time: 0.0078  memory: 9163  loss: 0.0138  decode.loss_ce: 0.0138  decode.acc_seg: 98.8156
2025/03/09 23:25:55 - mmengine - INFO - Iter(train) [119600/160000]  lr: 1.0000e-04  eta: 2:59:13  time: 0.2546  data_time: 0.0076  memory: 9163  loss: 0.0302  decode.loss_ce: 0.0302  decode.acc_seg: 98.1742
2025/03/09 23:26:07 - mmengine - INFO - Iter(train) [119650/160000]  lr: 1.0000e-04  eta: 2:59:00  time: 0.2533  data_time: 0.0077  memory: 9163  loss: 0.0292  decode.loss_ce: 0.0292  decode.acc_seg: 99.5608
2025/03/09 23:26:20 - mmengine - INFO - Iter(train) [119700/160000]  lr: 1.0000e-04  eta: 2:58:46  time: 0.2578  data_time: 0.0078  memory: 9163  loss: 0.0359  decode.loss_ce: 0.0359  decode.acc_seg: 98.5446
2025/03/09 23:26:33 - mmengine - INFO - Iter(train) [119750/160000]  lr: 1.0000e-04  eta: 2:58:33  time: 0.2525  data_time: 0.0079  memory: 9163  loss: 0.0459  decode.loss_ce: 0.0459  decode.acc_seg: 99.6645
2025/03/09 23:26:45 - mmengine - INFO - Iter(train) [119800/160000]  lr: 1.0000e-04  eta: 2:58:19  time: 0.2519  data_time: 0.0078  memory: 9163  loss: 0.0251  decode.loss_ce: 0.0251  decode.acc_seg: 98.3243
2025/03/09 23:26:58 - mmengine - INFO - Iter(train) [119850/160000]  lr: 1.0000e-04  eta: 2:58:06  time: 0.2542  data_time: 0.0078  memory: 9163  loss: 0.0184  decode.loss_ce: 0.0184  decode.acc_seg: 98.9186
2025/03/09 23:27:11 - mmengine - INFO - Iter(train) [119900/160000]  lr: 1.0000e-04  eta: 2:57:52  time: 0.2542  data_time: 0.0082  memory: 9163  loss: 0.0192  decode.loss_ce: 0.0192  decode.acc_seg: 99.6356
2025/03/09 23:27:24 - mmengine - INFO - Iter(train) [119950/160000]  lr: 1.0000e-04  eta: 2:57:39  time: 0.2531  data_time: 0.0074  memory: 9163  loss: 0.0175  decode.loss_ce: 0.0175  decode.acc_seg: 99.1675
2025/03/09 23:27:36 - mmengine - INFO - Exp name: efficient_20250309_140341
2025/03/09 23:27:36 - mmengine - INFO - Iter(train) [120000/160000]  lr: 1.0000e-04  eta: 2:57:25  time: 0.2540  data_time: 0.0083  memory: 9163  loss: 0.0194  decode.loss_ce: 0.0194  decode.acc_seg: 98.4222
2025/03/09 23:27:49 - mmengine - INFO - Iter(train) [120050/160000]  lr: 1.0000e-04  eta: 2:57:12  time: 0.2546  data_time: 0.0076  memory: 9163  loss: 0.0265  decode.loss_ce: 0.0265  decode.acc_seg: 98.9913
2025/03/09 23:28:02 - mmengine - INFO - Iter(train) [120100/160000]  lr: 1.0000e-04  eta: 2:56:58  time: 0.2527  data_time: 0.0076  memory: 9163  loss: 0.0314  decode.loss_ce: 0.0314  decode.acc_seg: 98.8678
2025/03/09 23:28:14 - mmengine - INFO - Iter(train) [120150/160000]  lr: 1.0000e-04  eta: 2:56:45  time: 0.2555  data_time: 0.0075  memory: 9163  loss: 0.0179  decode.loss_ce: 0.0179  decode.acc_seg: 99.6156
2025/03/09 23:28:27 - mmengine - INFO - Iter(train) [120200/160000]  lr: 1.0000e-04  eta: 2:56:31  time: 0.2522  data_time: 0.0076  memory: 9163  loss: 0.0230  decode.loss_ce: 0.0230  decode.acc_seg: 99.0108
2025/03/09 23:28:40 - mmengine - INFO - Iter(train) [120250/160000]  lr: 1.0000e-04  eta: 2:56:18  time: 0.2553  data_time: 0.0080  memory: 9163  loss: 0.0225  decode.loss_ce: 0.0225  decode.acc_seg: 99.3138
2025/03/09 23:28:53 - mmengine - INFO - Iter(train) [120300/160000]  lr: 1.0000e-04  eta: 2:56:04  time: 0.2543  data_time: 0.0074  memory: 9163  loss: 0.0318  decode.loss_ce: 0.0318  decode.acc_seg: 99.4627
2025/03/09 23:29:05 - mmengine - INFO - Iter(train) [120350/160000]  lr: 1.0000e-04  eta: 2:55:51  time: 0.2526  data_time: 0.0076  memory: 9163  loss: 0.0228  decode.loss_ce: 0.0228  decode.acc_seg: 99.5275
2025/03/09 23:29:18 - mmengine - INFO - Iter(train) [120400/160000]  lr: 1.0000e-04  eta: 2:55:37  time: 0.2546  data_time: 0.0074  memory: 9163  loss: 0.0211  decode.loss_ce: 0.0211  decode.acc_seg: 99.3825
2025/03/09 23:29:31 - mmengine - INFO - Iter(train) [120450/160000]  lr: 1.0000e-04  eta: 2:55:24  time: 0.2541  data_time: 0.0074  memory: 9163  loss: 0.0259  decode.loss_ce: 0.0259  decode.acc_seg: 99.6368
2025/03/09 23:29:43 - mmengine - INFO - Iter(train) [120500/160000]  lr: 1.0000e-04  eta: 2:55:10  time: 0.2548  data_time: 0.0075  memory: 9163  loss: 0.0306  decode.loss_ce: 0.0306  decode.acc_seg: 98.7696
2025/03/09 23:29:56 - mmengine - INFO - Iter(train) [120550/160000]  lr: 1.0000e-04  eta: 2:54:57  time: 0.2548  data_time: 0.0077  memory: 9163  loss: 0.0233  decode.loss_ce: 0.0233  decode.acc_seg: 96.1291
2025/03/09 23:30:09 - mmengine - INFO - Iter(train) [120600/160000]  lr: 1.0000e-04  eta: 2:54:43  time: 0.2551  data_time: 0.0079  memory: 9163  loss: 0.0335  decode.loss_ce: 0.0335  decode.acc_seg: 98.4918
2025/03/09 23:30:22 - mmengine - INFO - Iter(train) [120650/160000]  lr: 1.0000e-04  eta: 2:54:30  time: 0.2535  data_time: 0.0079  memory: 9163  loss: 0.0312  decode.loss_ce: 0.0312  decode.acc_seg: 98.3474
2025/03/09 23:30:34 - mmengine - INFO - Iter(train) [120700/160000]  lr: 1.0000e-04  eta: 2:54:16  time: 0.2552  data_time: 0.0076  memory: 9163  loss: 0.0361  decode.loss_ce: 0.0361  decode.acc_seg: 98.7303
2025/03/09 23:30:47 - mmengine - INFO - Iter(train) [120750/160000]  lr: 1.0000e-04  eta: 2:54:03  time: 0.2534  data_time: 0.0076  memory: 9163  loss: 0.0218  decode.loss_ce: 0.0218  decode.acc_seg: 98.5240
2025/03/09 23:31:00 - mmengine - INFO - Iter(train) [120800/160000]  lr: 1.0000e-04  eta: 2:53:49  time: 0.2532  data_time: 0.0077  memory: 9163  loss: 0.0387  decode.loss_ce: 0.0387  decode.acc_seg: 99.5995
2025/03/09 23:31:12 - mmengine - INFO - Iter(train) [120850/160000]  lr: 1.0000e-04  eta: 2:53:36  time: 0.2546  data_time: 0.0077  memory: 9163  loss: 0.0309  decode.loss_ce: 0.0309  decode.acc_seg: 98.6466
2025/03/09 23:31:25 - mmengine - INFO - Iter(train) [120900/160000]  lr: 1.0000e-04  eta: 2:53:22  time: 0.2550  data_time: 0.0077  memory: 9163  loss: 0.0388  decode.loss_ce: 0.0388  decode.acc_seg: 98.3330
2025/03/09 23:31:38 - mmengine - INFO - Iter(train) [120950/160000]  lr: 1.0000e-04  eta: 2:53:09  time: 0.2549  data_time: 0.0078  memory: 9163  loss: 0.0247  decode.loss_ce: 0.0247  decode.acc_seg: 99.3324
2025/03/09 23:31:51 - mmengine - INFO - Exp name: efficient_20250309_140341
2025/03/09 23:31:51 - mmengine - INFO - Iter(train) [121000/160000]  lr: 1.0000e-04  eta: 2:52:55  time: 0.2550  data_time: 0.0080  memory: 9163  loss: 0.0311  decode.loss_ce: 0.0311  decode.acc_seg: 99.8472
2025/03/09 23:32:03 - mmengine - INFO - Iter(train) [121050/160000]  lr: 1.0000e-04  eta: 2:52:42  time: 0.2542  data_time: 0.0077  memory: 9163  loss: 0.0245  decode.loss_ce: 0.0245  decode.acc_seg: 98.0017
2025/03/09 23:32:16 - mmengine - INFO - Iter(train) [121100/160000]  lr: 1.0000e-04  eta: 2:52:28  time: 0.2524  data_time: 0.0079  memory: 9163  loss: 0.0224  decode.loss_ce: 0.0224  decode.acc_seg: 98.6972
2025/03/09 23:32:29 - mmengine - INFO - Iter(train) [121150/160000]  lr: 1.0000e-04  eta: 2:52:15  time: 0.2547  data_time: 0.0077  memory: 9163  loss: 0.0359  decode.loss_ce: 0.0359  decode.acc_seg: 96.3648
2025/03/09 23:32:42 - mmengine - INFO - Iter(train) [121200/160000]  lr: 1.0000e-04  eta: 2:52:01  time: 0.2544  data_time: 0.0075  memory: 9163  loss: 0.0244  decode.loss_ce: 0.0244  decode.acc_seg: 98.9964
2025/03/09 23:32:54 - mmengine - INFO - Iter(train) [121250/160000]  lr: 1.0000e-04  eta: 2:51:48  time: 0.2549  data_time: 0.0078  memory: 9163  loss: 0.0206  decode.loss_ce: 0.0206  decode.acc_seg: 99.7017
2025/03/09 23:33:07 - mmengine - INFO - Iter(train) [121300/160000]  lr: 1.0000e-04  eta: 2:51:34  time: 0.2547  data_time: 0.0075  memory: 9163  loss: 0.0198  decode.loss_ce: 0.0198  decode.acc_seg: 98.4364
2025/03/09 23:33:20 - mmengine - INFO - Iter(train) [121350/160000]  lr: 1.0000e-04  eta: 2:51:21  time: 0.2550  data_time: 0.0076  memory: 9163  loss: 0.0205  decode.loss_ce: 0.0205  decode.acc_seg: 99.1737
2025/03/09 23:33:32 - mmengine - INFO - Iter(train) [121400/160000]  lr: 1.0000e-04  eta: 2:51:07  time: 0.2546  data_time: 0.0075  memory: 9163  loss: 0.0342  decode.loss_ce: 0.0342  decode.acc_seg: 98.6762
2025/03/09 23:33:45 - mmengine - INFO - Iter(train) [121450/160000]  lr: 1.0000e-04  eta: 2:50:54  time: 0.2548  data_time: 0.0076  memory: 9163  loss: 0.0376  decode.loss_ce: 0.0376  decode.acc_seg: 99.7042
2025/03/09 23:33:58 - mmengine - INFO - Iter(train) [121500/160000]  lr: 1.0000e-04  eta: 2:50:40  time: 0.2555  data_time: 0.0076  memory: 9163  loss: 0.0313  decode.loss_ce: 0.0313  decode.acc_seg: 99.2796
2025/03/09 23:34:11 - mmengine - INFO - Iter(train) [121550/160000]  lr: 1.0000e-04  eta: 2:50:27  time: 0.2553  data_time: 0.0081  memory: 9163  loss: 0.0203  decode.loss_ce: 0.0203  decode.acc_seg: 99.2290
2025/03/09 23:35:49 - mmengine - INFO - Iter(train) [121600/160000]  lr: 1.0000e-04  eta: 2:50:40  time: 0.2452  data_time: 0.0075  memory: 9163  loss: 0.0260  decode.loss_ce: 0.0260  decode.acc_seg: 99.9200
2025/03/09 23:36:01 - mmengine - INFO - Iter(train) [121650/160000]  lr: 1.0000e-04  eta: 2:50:27  time: 0.2434  data_time: 0.0074  memory: 9163  loss: 0.0388  decode.loss_ce: 0.0388  decode.acc_seg: 99.6019
2025/03/09 23:36:13 - mmengine - INFO - Iter(train) [121700/160000]  lr: 1.0000e-04  eta: 2:50:13  time: 0.2448  data_time: 0.0077  memory: 9163  loss: 0.0234  decode.loss_ce: 0.0234  decode.acc_seg: 98.1979
2025/03/09 23:36:25 - mmengine - INFO - Iter(train) [121750/160000]  lr: 1.0000e-04  eta: 2:49:59  time: 0.2461  data_time: 0.0078  memory: 9163  loss: 0.0427  decode.loss_ce: 0.0427  decode.acc_seg: 97.7799
2025/03/09 23:36:38 - mmengine - INFO - Iter(train) [121800/160000]  lr: 1.0000e-04  eta: 2:49:45  time: 0.2462  data_time: 0.0082  memory: 9163  loss: 0.0332  decode.loss_ce: 0.0332  decode.acc_seg: 98.7797
2025/03/09 23:36:50 - mmengine - INFO - Iter(train) [121850/160000]  lr: 1.0000e-04  eta: 2:49:32  time: 0.2457  data_time: 0.0074  memory: 9163  loss: 0.0408  decode.loss_ce: 0.0408  decode.acc_seg: 98.6212
2025/03/09 23:37:03 - mmengine - INFO - Iter(train) [121900/160000]  lr: 1.0000e-04  eta: 2:49:18  time: 0.2556  data_time: 0.0082  memory: 9163  loss: 0.0226  decode.loss_ce: 0.0226  decode.acc_seg: 99.4038
2025/03/09 23:37:15 - mmengine - INFO - Iter(train) [121950/160000]  lr: 1.0000e-04  eta: 2:49:05  time: 0.2550  data_time: 0.0084  memory: 9163  loss: 0.0381  decode.loss_ce: 0.0381  decode.acc_seg: 97.3647
2025/03/09 23:37:28 - mmengine - INFO - Exp name: efficient_20250309_140341
2025/03/09 23:37:28 - mmengine - INFO - Iter(train) [122000/160000]  lr: 1.0000e-04  eta: 2:48:51  time: 0.2577  data_time: 0.0084  memory: 9163  loss: 0.0265  decode.loss_ce: 0.0265  decode.acc_seg: 99.5480
2025/03/09 23:37:41 - mmengine - INFO - Iter(train) [122050/160000]  lr: 1.0000e-04  eta: 2:48:38  time: 0.2568  data_time: 0.0079  memory: 9163  loss: 0.0172  decode.loss_ce: 0.0172  decode.acc_seg: 99.1734
2025/03/09 23:37:54 - mmengine - INFO - Iter(train) [122100/160000]  lr: 1.0000e-04  eta: 2:48:24  time: 0.2557  data_time: 0.0078  memory: 9163  loss: 0.0339  decode.loss_ce: 0.0339  decode.acc_seg: 98.1577
2025/03/09 23:38:07 - mmengine - INFO - Iter(train) [122150/160000]  lr: 1.0000e-04  eta: 2:48:11  time: 0.2573  data_time: 0.0079  memory: 9163  loss: 0.0370  decode.loss_ce: 0.0370  decode.acc_seg: 98.5959
2025/03/09 23:38:20 - mmengine - INFO - Iter(train) [122200/160000]  lr: 1.0000e-04  eta: 2:47:57  time: 0.2574  data_time: 0.0082  memory: 9163  loss: 0.0168  decode.loss_ce: 0.0168  decode.acc_seg: 99.8948
2025/03/09 23:38:33 - mmengine - INFO - Iter(train) [122250/160000]  lr: 1.0000e-04  eta: 2:47:44  time: 0.2572  data_time: 0.0084  memory: 9163  loss: 0.0208  decode.loss_ce: 0.0208  decode.acc_seg: 99.1538
2025/03/09 23:38:45 - mmengine - INFO - Iter(train) [122300/160000]  lr: 1.0000e-04  eta: 2:47:30  time: 0.2581  data_time: 0.0083  memory: 9163  loss: 0.0260  decode.loss_ce: 0.0260  decode.acc_seg: 98.2858
2025/03/09 23:38:58 - mmengine - INFO - Iter(train) [122350/160000]  lr: 1.0000e-04  eta: 2:47:17  time: 0.2580  data_time: 0.0084  memory: 9163  loss: 0.0373  decode.loss_ce: 0.0373  decode.acc_seg: 98.5213
2025/03/09 23:39:11 - mmengine - INFO - Iter(train) [122400/160000]  lr: 1.0000e-04  eta: 2:47:03  time: 0.2568  data_time: 0.0080  memory: 9163  loss: 0.0248  decode.loss_ce: 0.0248  decode.acc_seg: 99.2695
2025/03/09 23:39:11 - mmengine - INFO - Saving checkpoint at 122400 iterations
2025/03/09 23:39:28 - mmengine - INFO - Iter(train) [122450/160000]  lr: 1.0000e-04  eta: 2:46:51  time: 0.2549  data_time: 0.0079  memory: 9163  loss: 0.0265  decode.loss_ce: 0.0265  decode.acc_seg: 99.0596
2025/03/09 23:39:41 - mmengine - INFO - Iter(train) [122500/160000]  lr: 1.0000e-04  eta: 2:46:38  time: 0.2562  data_time: 0.0079  memory: 9163  loss: 0.0297  decode.loss_ce: 0.0297  decode.acc_seg: 98.5744
2025/03/09 23:39:44 - mmengine - INFO - Iter(val) [ 50/869]    eta: 0:00:53  time: 0.0613  data_time: 0.0029  memory: 636  
2025/03/09 23:39:47 - mmengine - INFO - Iter(val) [100/869]    eta: 0:00:48  time: 0.0638  data_time: 0.0028  memory: 636  
2025/03/09 23:39:50 - mmengine - INFO - Iter(val) [150/869]    eta: 0:00:45  time: 0.0606  data_time: 0.0026  memory: 636  
2025/03/09 23:39:53 - mmengine - INFO - Iter(val) [200/869]    eta: 0:00:41  time: 0.0607  data_time: 0.0027  memory: 636  
2025/03/09 23:39:56 - mmengine - INFO - Iter(val) [250/869]    eta: 0:00:38  time: 0.0632  data_time: 0.0027  memory: 636  
2025/03/09 23:39:59 - mmengine - INFO - Iter(val) [300/869]    eta: 0:00:35  time: 0.0609  data_time: 0.0025  memory: 636  
2025/03/09 23:40:03 - mmengine - INFO - Iter(val) [350/869]    eta: 0:00:32  time: 0.0611  data_time: 0.0029  memory: 636  
2025/03/09 23:40:06 - mmengine - INFO - Iter(val) [400/869]    eta: 0:00:29  time: 0.0598  data_time: 0.0025  memory: 636  
2025/03/09 23:40:09 - mmengine - INFO - Iter(val) [450/869]    eta: 0:00:25  time: 0.0601  data_time: 0.0026  memory: 636  
2025/03/09 23:40:12 - mmengine - INFO - Iter(val) [500/869]    eta: 0:00:22  time: 0.0595  data_time: 0.0027  memory: 636  
2025/03/09 23:40:15 - mmengine - INFO - Iter(val) [550/869]    eta: 0:00:19  time: 0.0606  data_time: 0.0030  memory: 636  
2025/03/09 23:40:18 - mmengine - INFO - Iter(val) [600/869]    eta: 0:00:16  time: 0.0596  data_time: 0.0028  memory: 636  
2025/03/09 23:40:21 - mmengine - INFO - Iter(val) [650/869]    eta: 0:00:13  time: 0.0606  data_time: 0.0028  memory: 636  
2025/03/09 23:40:24 - mmengine - INFO - Iter(val) [700/869]    eta: 0:00:10  time: 0.0627  data_time: 0.0028  memory: 636  
2025/03/09 23:40:27 - mmengine - INFO - Iter(val) [750/869]    eta: 0:00:07  time: 0.0606  data_time: 0.0027  memory: 636  
2025/03/09 23:40:30 - mmengine - INFO - Iter(val) [800/869]    eta: 0:00:04  time: 0.0614  data_time: 0.0028  memory: 636  
2025/03/09 23:40:33 - mmengine - INFO - Iter(val) [850/869]    eta: 0:00:01  time: 0.0607  data_time: 0.0025  memory: 636  
2025/03/09 23:40:34 - mmengine - INFO - per class results:
2025/03/09 23:40:34 - mmengine - INFO - 
+------------+-------+-------+--------+-----------+--------+
|   Class    |  IoU  |  Acc  | Fscore | Precision | Recall |
+------------+-------+-------+--------+-----------+--------+
| background | 97.02 | 97.71 | 98.49  |   99.28   | 97.71  |
|    ghaf    | 54.14 | 83.29 | 70.25  |   60.73   | 83.29  |
+------------+-------+-------+--------+-----------+--------+
2025/03/09 23:40:34 - mmengine - INFO - Iter(val) [869/869]    aAcc: 97.1200  mIoU: 75.5800  mAcc: 90.5000  mFscore: 84.3700  mPrecision: 80.0100  mRecall: 90.5000  data_time: 0.0029  time: 0.0615
2025/03/09 23:40:47 - mmengine - INFO - Iter(train) [122550/160000]  lr: 1.0000e-04  eta: 2:46:24  time: 0.2558  data_time: 0.0081  memory: 9163  loss: 0.0261  decode.loss_ce: 0.0261  decode.acc_seg: 99.9200
2025/03/09 23:41:00 - mmengine - INFO - Iter(train) [122600/160000]  lr: 1.0000e-04  eta: 2:46:11  time: 0.2542  data_time: 0.0076  memory: 9163  loss: 0.0251  decode.loss_ce: 0.0251  decode.acc_seg: 98.9793
2025/03/09 23:41:13 - mmengine - INFO - Iter(train) [122650/160000]  lr: 1.0000e-04  eta: 2:45:57  time: 0.2547  data_time: 0.0080  memory: 9163  loss: 0.0182  decode.loss_ce: 0.0182  decode.acc_seg: 99.7964
2025/03/09 23:41:25 - mmengine - INFO - Iter(train) [122700/160000]  lr: 1.0000e-04  eta: 2:45:44  time: 0.2546  data_time: 0.0081  memory: 9163  loss: 0.0225  decode.loss_ce: 0.0225  decode.acc_seg: 99.6127
2025/03/09 23:41:38 - mmengine - INFO - Iter(train) [122750/160000]  lr: 1.0000e-04  eta: 2:45:30  time: 0.2517  data_time: 0.0078  memory: 9163  loss: 0.0174  decode.loss_ce: 0.0174  decode.acc_seg: 99.1884
2025/03/09 23:41:51 - mmengine - INFO - Iter(train) [122800/160000]  lr: 1.0000e-04  eta: 2:45:17  time: 0.2543  data_time: 0.0079  memory: 9163  loss: 0.0368  decode.loss_ce: 0.0368  decode.acc_seg: 98.4386
2025/03/09 23:42:04 - mmengine - INFO - Iter(train) [122850/160000]  lr: 1.0000e-04  eta: 2:45:03  time: 0.2548  data_time: 0.0080  memory: 9163  loss: 0.0260  decode.loss_ce: 0.0260  decode.acc_seg: 99.6247
2025/03/09 23:42:16 - mmengine - INFO - Iter(train) [122900/160000]  lr: 1.0000e-04  eta: 2:44:50  time: 0.2543  data_time: 0.0079  memory: 9163  loss: 0.0264  decode.loss_ce: 0.0264  decode.acc_seg: 98.2611
2025/03/09 23:42:29 - mmengine - INFO - Iter(train) [122950/160000]  lr: 1.0000e-04  eta: 2:44:36  time: 0.2534  data_time: 0.0076  memory: 9163  loss: 0.0461  decode.loss_ce: 0.0461  decode.acc_seg: 97.8253
2025/03/09 23:42:42 - mmengine - INFO - Exp name: efficient_20250309_140341
2025/03/09 23:42:42 - mmengine - INFO - Iter(train) [123000/160000]  lr: 1.0000e-04  eta: 2:44:23  time: 0.2545  data_time: 0.0079  memory: 9163  loss: 0.0257  decode.loss_ce: 0.0257  decode.acc_seg: 99.2455
2025/03/09 23:42:54 - mmengine - INFO - Iter(train) [123050/160000]  lr: 1.0000e-04  eta: 2:44:09  time: 0.2548  data_time: 0.0078  memory: 9163  loss: 0.0236  decode.loss_ce: 0.0236  decode.acc_seg: 99.3101
2025/03/09 23:43:07 - mmengine - INFO - Iter(train) [123100/160000]  lr: 1.0000e-04  eta: 2:43:56  time: 0.2544  data_time: 0.0076  memory: 9163  loss: 0.0260  decode.loss_ce: 0.0260  decode.acc_seg: 98.8153
2025/03/09 23:43:20 - mmengine - INFO - Iter(train) [123150/160000]  lr: 1.0000e-04  eta: 2:43:42  time: 0.2548  data_time: 0.0073  memory: 9163  loss: 0.0340  decode.loss_ce: 0.0340  decode.acc_seg: 99.5919
2025/03/09 23:43:33 - mmengine - INFO - Iter(train) [123200/160000]  lr: 1.0000e-04  eta: 2:43:29  time: 0.2545  data_time: 0.0077  memory: 9163  loss: 0.0314  decode.loss_ce: 0.0314  decode.acc_seg: 98.4014
2025/03/09 23:43:45 - mmengine - INFO - Iter(train) [123250/160000]  lr: 1.0000e-04  eta: 2:43:15  time: 0.2546  data_time: 0.0078  memory: 9163  loss: 0.0227  decode.loss_ce: 0.0227  decode.acc_seg: 99.2229
2025/03/09 23:43:58 - mmengine - INFO - Iter(train) [123300/160000]  lr: 1.0000e-04  eta: 2:43:01  time: 0.2552  data_time: 0.0077  memory: 9163  loss: 0.0262  decode.loss_ce: 0.0262  decode.acc_seg: 99.8595
2025/03/09 23:44:11 - mmengine - INFO - Iter(train) [123350/160000]  lr: 1.0000e-04  eta: 2:42:48  time: 0.2547  data_time: 0.0076  memory: 9163  loss: 0.0293  decode.loss_ce: 0.0293  decode.acc_seg: 99.1250
2025/03/09 23:44:24 - mmengine - INFO - Iter(train) [123400/160000]  lr: 1.0000e-04  eta: 2:42:34  time: 0.2546  data_time: 0.0079  memory: 9163  loss: 0.0276  decode.loss_ce: 0.0276  decode.acc_seg: 98.0732
2025/03/09 23:44:36 - mmengine - INFO - Iter(train) [123450/160000]  lr: 1.0000e-04  eta: 2:42:21  time: 0.2521  data_time: 0.0075  memory: 9163  loss: 0.0314  decode.loss_ce: 0.0314  decode.acc_seg: 98.7689
2025/03/09 23:44:49 - mmengine - INFO - Iter(train) [123500/160000]  lr: 1.0000e-04  eta: 2:42:07  time: 0.2548  data_time: 0.0078  memory: 9163  loss: 0.0166  decode.loss_ce: 0.0166  decode.acc_seg: 99.5434
2025/03/09 23:45:02 - mmengine - INFO - Iter(train) [123550/160000]  lr: 1.0000e-04  eta: 2:41:54  time: 0.2547  data_time: 0.0076  memory: 9163  loss: 0.0201  decode.loss_ce: 0.0201  decode.acc_seg: 99.4683
2025/03/09 23:45:15 - mmengine - INFO - Iter(train) [123600/160000]  lr: 1.0000e-04  eta: 2:41:40  time: 0.2548  data_time: 0.0079  memory: 9163  loss: 0.0197  decode.loss_ce: 0.0197  decode.acc_seg: 99.9760
2025/03/09 23:45:27 - mmengine - INFO - Iter(train) [123650/160000]  lr: 1.0000e-04  eta: 2:41:27  time: 0.2547  data_time: 0.0077  memory: 9163  loss: 0.0217  decode.loss_ce: 0.0217  decode.acc_seg: 99.3260
2025/03/09 23:45:40 - mmengine - INFO - Iter(train) [123700/160000]  lr: 1.0000e-04  eta: 2:41:13  time: 0.2546  data_time: 0.0076  memory: 9163  loss: 0.0281  decode.loss_ce: 0.0281  decode.acc_seg: 98.6174
2025/03/09 23:45:53 - mmengine - INFO - Iter(train) [123750/160000]  lr: 1.0000e-04  eta: 2:41:00  time: 0.2546  data_time: 0.0074  memory: 9163  loss: 0.0124  decode.loss_ce: 0.0124  decode.acc_seg: 100.0000
2025/03/09 23:46:05 - mmengine - INFO - Iter(train) [123800/160000]  lr: 1.0000e-04  eta: 2:40:46  time: 0.2537  data_time: 0.0076  memory: 9163  loss: 0.0239  decode.loss_ce: 0.0239  decode.acc_seg: 99.1566
2025/03/09 23:46:18 - mmengine - INFO - Iter(train) [123850/160000]  lr: 1.0000e-04  eta: 2:40:33  time: 0.2548  data_time: 0.0075  memory: 9163  loss: 0.0220  decode.loss_ce: 0.0220  decode.acc_seg: 99.6446
2025/03/09 23:46:31 - mmengine - INFO - Iter(train) [123900/160000]  lr: 1.0000e-04  eta: 2:40:19  time: 0.2534  data_time: 0.0075  memory: 9163  loss: 0.0156  decode.loss_ce: 0.0156  decode.acc_seg: 99.2773
2025/03/09 23:46:44 - mmengine - INFO - Iter(train) [123950/160000]  lr: 1.0000e-04  eta: 2:40:06  time: 0.2542  data_time: 0.0075  memory: 9163  loss: 0.0274  decode.loss_ce: 0.0274  decode.acc_seg: 98.5285
2025/03/09 23:46:56 - mmengine - INFO - Exp name: efficient_20250309_140341
2025/03/09 23:46:56 - mmengine - INFO - Iter(train) [124000/160000]  lr: 1.0000e-04  eta: 2:39:52  time: 0.2546  data_time: 0.0075  memory: 9163  loss: 0.0292  decode.loss_ce: 0.0292  decode.acc_seg: 99.1369
2025/03/09 23:47:09 - mmengine - INFO - Iter(train) [124050/160000]  lr: 1.0000e-04  eta: 2:39:39  time: 0.2538  data_time: 0.0077  memory: 9163  loss: 0.0288  decode.loss_ce: 0.0288  decode.acc_seg: 96.8388
2025/03/09 23:47:22 - mmengine - INFO - Iter(train) [124100/160000]  lr: 1.0000e-04  eta: 2:39:25  time: 0.2545  data_time: 0.0076  memory: 9163  loss: 0.0425  decode.loss_ce: 0.0425  decode.acc_seg: 99.6961
2025/03/09 23:47:35 - mmengine - INFO - Iter(train) [124150/160000]  lr: 1.0000e-04  eta: 2:39:12  time: 0.2544  data_time: 0.0078  memory: 9163  loss: 0.0236  decode.loss_ce: 0.0236  decode.acc_seg: 99.7029
2025/03/09 23:47:47 - mmengine - INFO - Iter(train) [124200/160000]  lr: 1.0000e-04  eta: 2:38:58  time: 0.2537  data_time: 0.0081  memory: 9163  loss: 0.0130  decode.loss_ce: 0.0130  decode.acc_seg: 99.4114
2025/03/09 23:48:00 - mmengine - INFO - Iter(train) [124250/160000]  lr: 1.0000e-04  eta: 2:38:45  time: 0.2544  data_time: 0.0082  memory: 9163  loss: 0.0315  decode.loss_ce: 0.0315  decode.acc_seg: 99.1626
2025/03/09 23:48:13 - mmengine - INFO - Iter(train) [124300/160000]  lr: 1.0000e-04  eta: 2:38:31  time: 0.2525  data_time: 0.0074  memory: 9163  loss: 0.0206  decode.loss_ce: 0.0206  decode.acc_seg: 99.0500
2025/03/09 23:48:26 - mmengine - INFO - Iter(train) [124350/160000]  lr: 1.0000e-04  eta: 2:38:18  time: 0.2548  data_time: 0.0076  memory: 9163  loss: 0.0172  decode.loss_ce: 0.0172  decode.acc_seg: 99.2825
2025/03/09 23:48:38 - mmengine - INFO - Iter(train) [124400/160000]  lr: 1.0000e-04  eta: 2:38:05  time: 0.2549  data_time: 0.0077  memory: 9163  loss: 0.0333  decode.loss_ce: 0.0333  decode.acc_seg: 97.4483
2025/03/09 23:48:51 - mmengine - INFO - Iter(train) [124450/160000]  lr: 1.0000e-04  eta: 2:37:51  time: 0.2566  data_time: 0.0082  memory: 9163  loss: 0.0155  decode.loss_ce: 0.0155  decode.acc_seg: 99.3985
2025/03/09 23:49:04 - mmengine - INFO - Iter(train) [124500/160000]  lr: 1.0000e-04  eta: 2:37:38  time: 0.2550  data_time: 0.0081  memory: 9163  loss: 0.0343  decode.loss_ce: 0.0343  decode.acc_seg: 99.2080
2025/03/09 23:49:17 - mmengine - INFO - Iter(train) [124550/160000]  lr: 1.0000e-04  eta: 2:37:24  time: 0.2547  data_time: 0.0083  memory: 9163  loss: 0.0218  decode.loss_ce: 0.0218  decode.acc_seg: 99.2594
2025/03/09 23:49:29 - mmengine - INFO - Iter(train) [124600/160000]  lr: 1.0000e-04  eta: 2:37:11  time: 0.2552  data_time: 0.0079  memory: 9163  loss: 0.0293  decode.loss_ce: 0.0293  decode.acc_seg: 98.7415
2025/03/09 23:49:42 - mmengine - INFO - Iter(train) [124650/160000]  lr: 1.0000e-04  eta: 2:36:57  time: 0.2544  data_time: 0.0077  memory: 9163  loss: 0.0191  decode.loss_ce: 0.0191  decode.acc_seg: 99.8877
2025/03/09 23:49:55 - mmengine - INFO - Iter(train) [124700/160000]  lr: 1.0000e-04  eta: 2:36:44  time: 0.2539  data_time: 0.0080  memory: 9163  loss: 0.0272  decode.loss_ce: 0.0272  decode.acc_seg: 99.5556
2025/03/09 23:50:08 - mmengine - INFO - Iter(train) [124750/160000]  lr: 1.0000e-04  eta: 2:36:30  time: 0.2548  data_time: 0.0079  memory: 9163  loss: 0.0195  decode.loss_ce: 0.0195  decode.acc_seg: 99.6441
2025/03/09 23:50:20 - mmengine - INFO - Iter(train) [124800/160000]  lr: 1.0000e-04  eta: 2:36:17  time: 0.2556  data_time: 0.0078  memory: 9163  loss: 0.0170  decode.loss_ce: 0.0170  decode.acc_seg: 99.6613
2025/03/09 23:50:33 - mmengine - INFO - Iter(train) [124850/160000]  lr: 1.0000e-04  eta: 2:36:03  time: 0.2541  data_time: 0.0077  memory: 9163  loss: 0.0217  decode.loss_ce: 0.0217  decode.acc_seg: 99.6830
2025/03/09 23:50:46 - mmengine - INFO - Iter(train) [124900/160000]  lr: 1.0000e-04  eta: 2:35:50  time: 0.2547  data_time: 0.0077  memory: 9163  loss: 0.0212  decode.loss_ce: 0.0212  decode.acc_seg: 97.8133
2025/03/09 23:50:58 - mmengine - INFO - Iter(train) [124950/160000]  lr: 1.0000e-04  eta: 2:35:36  time: 0.2567  data_time: 0.0080  memory: 9163  loss: 0.0340  decode.loss_ce: 0.0340  decode.acc_seg: 98.7092
2025/03/09 23:51:11 - mmengine - INFO - Exp name: efficient_20250309_140341
2025/03/09 23:51:11 - mmengine - INFO - Iter(train) [125000/160000]  lr: 1.0000e-04  eta: 2:35:23  time: 0.2548  data_time: 0.0075  memory: 9163  loss: 0.0240  decode.loss_ce: 0.0240  decode.acc_seg: 99.1744
2025/03/09 23:51:24 - mmengine - INFO - Iter(train) [125050/160000]  lr: 1.0000e-04  eta: 2:35:09  time: 0.2534  data_time: 0.0077  memory: 9163  loss: 0.0198  decode.loss_ce: 0.0198  decode.acc_seg: 98.8043
2025/03/09 23:51:37 - mmengine - INFO - Iter(train) [125100/160000]  lr: 1.0000e-04  eta: 2:34:56  time: 0.2543  data_time: 0.0080  memory: 9163  loss: 0.0365  decode.loss_ce: 0.0365  decode.acc_seg: 98.3112
2025/03/09 23:51:49 - mmengine - INFO - Iter(train) [125150/160000]  lr: 1.0000e-04  eta: 2:34:42  time: 0.2547  data_time: 0.0077  memory: 9163  loss: 0.0262  decode.loss_ce: 0.0262  decode.acc_seg: 97.9551
2025/03/09 23:52:02 - mmengine - INFO - Iter(train) [125200/160000]  lr: 1.0000e-04  eta: 2:34:29  time: 0.2550  data_time: 0.0078  memory: 9163  loss: 0.0218  decode.loss_ce: 0.0218  decode.acc_seg: 98.1128
2025/03/09 23:52:15 - mmengine - INFO - Iter(train) [125250/160000]  lr: 1.0000e-04  eta: 2:34:15  time: 0.2550  data_time: 0.0077  memory: 9163  loss: 0.1007  decode.loss_ce: 0.1007  decode.acc_seg: 98.4979
2025/03/09 23:52:28 - mmengine - INFO - Iter(train) [125300/160000]  lr: 1.0000e-04  eta: 2:34:02  time: 0.2549  data_time: 0.0085  memory: 9163  loss: 0.0252  decode.loss_ce: 0.0252  decode.acc_seg: 98.5814
2025/03/09 23:52:40 - mmengine - INFO - Iter(train) [125350/160000]  lr: 1.0000e-04  eta: 2:33:48  time: 0.2550  data_time: 0.0076  memory: 9163  loss: 0.0294  decode.loss_ce: 0.0294  decode.acc_seg: 99.8787
2025/03/09 23:52:53 - mmengine - INFO - Iter(train) [125400/160000]  lr: 1.0000e-04  eta: 2:33:35  time: 0.2553  data_time: 0.0078  memory: 9163  loss: 0.0243  decode.loss_ce: 0.0243  decode.acc_seg: 98.8952
2025/03/09 23:53:06 - mmengine - INFO - Iter(train) [125450/160000]  lr: 1.0000e-04  eta: 2:33:21  time: 0.2544  data_time: 0.0080  memory: 9163  loss: 0.0208  decode.loss_ce: 0.0208  decode.acc_seg: 99.9707
2025/03/09 23:53:18 - mmengine - INFO - Iter(train) [125500/160000]  lr: 1.0000e-04  eta: 2:33:08  time: 0.2516  data_time: 0.0078  memory: 9163  loss: 0.0186  decode.loss_ce: 0.0186  decode.acc_seg: 99.5526
2025/03/09 23:53:31 - mmengine - INFO - Iter(train) [125550/160000]  lr: 1.0000e-04  eta: 2:32:54  time: 0.2529  data_time: 0.0075  memory: 9163  loss: 0.0400  decode.loss_ce: 0.0400  decode.acc_seg: 96.8227
2025/03/09 23:53:44 - mmengine - INFO - Iter(train) [125600/160000]  lr: 1.0000e-04  eta: 2:32:41  time: 0.2550  data_time: 0.0075  memory: 9163  loss: 0.0296  decode.loss_ce: 0.0296  decode.acc_seg: 99.3301
2025/03/09 23:53:57 - mmengine - INFO - Iter(train) [125650/160000]  lr: 1.0000e-04  eta: 2:32:27  time: 0.2548  data_time: 0.0077  memory: 9163  loss: 0.0260  decode.loss_ce: 0.0260  decode.acc_seg: 99.2260
2025/03/09 23:54:10 - mmengine - INFO - Iter(train) [125700/160000]  lr: 1.0000e-04  eta: 2:32:14  time: 0.2550  data_time: 0.0076  memory: 9163  loss: 0.0249  decode.loss_ce: 0.0249  decode.acc_seg: 99.7540
2025/03/09 23:54:22 - mmengine - INFO - Iter(train) [125750/160000]  lr: 1.0000e-04  eta: 2:32:00  time: 0.2549  data_time: 0.0077  memory: 9163  loss: 0.0369  decode.loss_ce: 0.0369  decode.acc_seg: 98.9890
2025/03/09 23:54:35 - mmengine - INFO - Iter(train) [125800/160000]  lr: 1.0000e-04  eta: 2:31:47  time: 0.2521  data_time: 0.0076  memory: 9163  loss: 0.0340  decode.loss_ce: 0.0340  decode.acc_seg: 99.2247
2025/03/09 23:54:35 - mmengine - INFO - Saving checkpoint at 125800 iterations
2025/03/09 23:54:50 - mmengine - INFO - Iter(train) [125850/160000]  lr: 1.0000e-04  eta: 2:31:34  time: 0.2544  data_time: 0.0081  memory: 9163  loss: 0.0361  decode.loss_ce: 0.0361  decode.acc_seg: 97.6852
2025/03/09 23:55:03 - mmengine - INFO - Iter(train) [125900/160000]  lr: 1.0000e-04  eta: 2:31:21  time: 0.2549  data_time: 0.0078  memory: 9163  loss: 0.0246  decode.loss_ce: 0.0246  decode.acc_seg: 98.3350
2025/03/09 23:55:15 - mmengine - INFO - Iter(train) [125950/160000]  lr: 1.0000e-04  eta: 2:31:07  time: 0.2555  data_time: 0.0079  memory: 9163  loss: 0.0236  decode.loss_ce: 0.0236  decode.acc_seg: 99.2802
2025/03/09 23:55:28 - mmengine - INFO - Exp name: efficient_20250309_140341
2025/03/09 23:55:28 - mmengine - INFO - Iter(train) [126000/160000]  lr: 1.0000e-04  eta: 2:30:54  time: 0.2515  data_time: 0.0074  memory: 9163  loss: 0.0296  decode.loss_ce: 0.0296  decode.acc_seg: 98.9815
2025/03/09 23:55:31 - mmengine - INFO - Iter(val) [ 50/869]    eta: 0:00:48  time: 0.0550  data_time: 0.0026  memory: 636  
2025/03/09 23:55:34 - mmengine - INFO - Iter(val) [100/869]    eta: 0:00:43  time: 0.0554  data_time: 0.0027  memory: 636  
2025/03/09 23:55:37 - mmengine - INFO - Iter(val) [150/869]    eta: 0:00:40  time: 0.0557  data_time: 0.0026  memory: 636  
2025/03/09 23:55:39 - mmengine - INFO - Iter(val) [200/869]    eta: 0:00:37  time: 0.0552  data_time: 0.0026  memory: 636  
2025/03/09 23:55:42 - mmengine - INFO - Iter(val) [250/869]    eta: 0:00:34  time: 0.0564  data_time: 0.0028  memory: 636  
2025/03/09 23:55:45 - mmengine - INFO - Iter(val) [300/869]    eta: 0:00:32  time: 0.0561  data_time: 0.0025  memory: 636  
2025/03/09 23:55:48 - mmengine - INFO - Iter(val) [350/869]    eta: 0:00:29  time: 0.0556  data_time: 0.0025  memory: 636  
2025/03/09 23:55:51 - mmengine - INFO - Iter(val) [400/869]    eta: 0:00:26  time: 0.0558  data_time: 0.0025  memory: 636  
2025/03/09 23:55:53 - mmengine - INFO - Iter(val) [450/869]    eta: 0:00:23  time: 0.0557  data_time: 0.0026  memory: 636  
2025/03/09 23:55:56 - mmengine - INFO - Iter(val) [500/869]    eta: 0:00:20  time: 0.0558  data_time: 0.0026  memory: 636  
2025/03/09 23:55:59 - mmengine - INFO - Iter(val) [550/869]    eta: 0:00:17  time: 0.0559  data_time: 0.0026  memory: 636  
2025/03/09 23:56:02 - mmengine - INFO - Iter(val) [600/869]    eta: 0:00:15  time: 0.0558  data_time: 0.0024  memory: 636  
2025/03/09 23:56:05 - mmengine - INFO - Iter(val) [650/869]    eta: 0:00:12  time: 0.0554  data_time: 0.0025  memory: 636  
2025/03/09 23:56:07 - mmengine - INFO - Iter(val) [700/869]    eta: 0:00:09  time: 0.0554  data_time: 0.0024  memory: 636  
2025/03/09 23:56:10 - mmengine - INFO - Iter(val) [750/869]    eta: 0:00:06  time: 0.0559  data_time: 0.0027  memory: 636  
2025/03/09 23:56:13 - mmengine - INFO - Iter(val) [800/869]    eta: 0:00:03  time: 0.0574  data_time: 0.0027  memory: 636  
2025/03/09 23:56:16 - mmengine - INFO - Iter(val) [850/869]    eta: 0:00:01  time: 0.0585  data_time: 0.0026  memory: 636  
2025/03/09 23:56:17 - mmengine - INFO - per class results:
2025/03/09 23:56:17 - mmengine - INFO - 
+------------+-------+-------+--------+-----------+--------+
|   Class    |  IoU  |  Acc  | Fscore | Precision | Recall |
+------------+-------+-------+--------+-----------+--------+
| background | 97.15 | 97.92 | 98.55  |   99.19   | 97.92  |
|    ghaf    | 54.66 | 81.34 | 70.69  |    62.5   | 81.34  |
+------------+-------+-------+--------+-----------+--------+
2025/03/09 23:56:17 - mmengine - INFO - Iter(val) [869/869]    aAcc: 97.2400  mIoU: 75.9000  mAcc: 89.6300  mFscore: 84.6200  mPrecision: 80.8500  mRecall: 89.6300  data_time: 0.0027  time: 0.0563
2025/03/09 23:56:30 - mmengine - INFO - Iter(train) [126050/160000]  lr: 1.0000e-04  eta: 2:30:40  time: 0.2529  data_time: 0.0080  memory: 9163  loss: 0.0311  decode.loss_ce: 0.0311  decode.acc_seg: 98.3841
2025/03/09 23:56:43 - mmengine - INFO - Iter(train) [126100/160000]  lr: 1.0000e-04  eta: 2:30:27  time: 0.2529  data_time: 0.0076  memory: 9163  loss: 0.0247  decode.loss_ce: 0.0247  decode.acc_seg: 98.8859
2025/03/09 23:56:55 - mmengine - INFO - Iter(train) [126150/160000]  lr: 1.0000e-04  eta: 2:30:13  time: 0.2522  data_time: 0.0079  memory: 9163  loss: 0.0338  decode.loss_ce: 0.0338  decode.acc_seg: 95.5283
2025/03/09 23:57:08 - mmengine - INFO - Iter(train) [126200/160000]  lr: 1.0000e-04  eta: 2:30:00  time: 0.2540  data_time: 0.0077  memory: 9163  loss: 0.0382  decode.loss_ce: 0.0382  decode.acc_seg: 99.4933
2025/03/09 23:57:21 - mmengine - INFO - Iter(train) [126250/160000]  lr: 1.0000e-04  eta: 2:29:46  time: 0.2546  data_time: 0.0075  memory: 9163  loss: 0.0367  decode.loss_ce: 0.0367  decode.acc_seg: 96.8609
2025/03/09 23:57:34 - mmengine - INFO - Iter(train) [126300/160000]  lr: 1.0000e-04  eta: 2:29:33  time: 0.2545  data_time: 0.0074  memory: 9163  loss: 0.0254  decode.loss_ce: 0.0254  decode.acc_seg: 97.8375
2025/03/09 23:57:46 - mmengine - INFO - Iter(train) [126350/160000]  lr: 1.0000e-04  eta: 2:29:19  time: 0.2547  data_time: 0.0077  memory: 9163  loss: 0.0223  decode.loss_ce: 0.0223  decode.acc_seg: 99.6064
2025/03/09 23:57:59 - mmengine - INFO - Iter(train) [126400/160000]  lr: 1.0000e-04  eta: 2:29:06  time: 0.2534  data_time: 0.0079  memory: 9163  loss: 0.0256  decode.loss_ce: 0.0256  decode.acc_seg: 98.8327
2025/03/09 23:58:12 - mmengine - INFO - Iter(train) [126450/160000]  lr: 1.0000e-04  eta: 2:28:52  time: 0.2548  data_time: 0.0078  memory: 9163  loss: 0.0220  decode.loss_ce: 0.0220  decode.acc_seg: 99.3795
2025/03/09 23:58:25 - mmengine - INFO - Iter(train) [126500/160000]  lr: 1.0000e-04  eta: 2:28:39  time: 0.2551  data_time: 0.0077  memory: 9163  loss: 0.0187  decode.loss_ce: 0.0187  decode.acc_seg: 98.6707
2025/03/09 23:58:37 - mmengine - INFO - Iter(train) [126550/160000]  lr: 1.0000e-04  eta: 2:28:25  time: 0.2546  data_time: 0.0075  memory: 9163  loss: 0.0294  decode.loss_ce: 0.0294  decode.acc_seg: 99.2523
2025/03/09 23:58:50 - mmengine - INFO - Iter(train) [126600/160000]  lr: 1.0000e-04  eta: 2:28:12  time: 0.2537  data_time: 0.0076  memory: 9163  loss: 0.0272  decode.loss_ce: 0.0272  decode.acc_seg: 99.2758
2025/03/09 23:59:03 - mmengine - INFO - Iter(train) [126650/160000]  lr: 1.0000e-04  eta: 2:27:59  time: 0.2548  data_time: 0.0077  memory: 9163  loss: 0.0136  decode.loss_ce: 0.0136  decode.acc_seg: 99.5819
2025/03/09 23:59:15 - mmengine - INFO - Iter(train) [126700/160000]  lr: 1.0000e-04  eta: 2:27:45  time: 0.2548  data_time: 0.0075  memory: 9163  loss: 0.0379  decode.loss_ce: 0.0379  decode.acc_seg: 99.8238
2025/03/09 23:59:28 - mmengine - INFO - Iter(train) [126750/160000]  lr: 1.0000e-04  eta: 2:27:32  time: 0.2529  data_time: 0.0076  memory: 9163  loss: 0.0234  decode.loss_ce: 0.0234  decode.acc_seg: 99.0925
2025/03/09 23:59:41 - mmengine - INFO - Iter(train) [126800/160000]  lr: 1.0000e-04  eta: 2:27:18  time: 0.2551  data_time: 0.0080  memory: 9163  loss: 0.0349  decode.loss_ce: 0.0349  decode.acc_seg: 94.5910
2025/03/09 23:59:54 - mmengine - INFO - Iter(train) [126850/160000]  lr: 1.0000e-04  eta: 2:27:05  time: 0.2543  data_time: 0.0078  memory: 9163  loss: 0.0135  decode.loss_ce: 0.0135  decode.acc_seg: 99.6517
2025/03/10 00:00:06 - mmengine - INFO - Iter(train) [126900/160000]  lr: 1.0000e-04  eta: 2:26:51  time: 0.2531  data_time: 0.0078  memory: 9163  loss: 0.0226  decode.loss_ce: 0.0226  decode.acc_seg: 99.8881
2025/03/10 00:00:19 - mmengine - INFO - Iter(train) [126950/160000]  lr: 1.0000e-04  eta: 2:26:38  time: 0.2542  data_time: 0.0075  memory: 9163  loss: 0.0432  decode.loss_ce: 0.0432  decode.acc_seg: 99.6216
2025/03/10 00:00:32 - mmengine - INFO - Exp name: efficient_20250309_140341
2025/03/10 00:00:32 - mmengine - INFO - Iter(train) [127000/160000]  lr: 1.0000e-04  eta: 2:26:24  time: 0.2547  data_time: 0.0079  memory: 9163  loss: 0.0206  decode.loss_ce: 0.0206  decode.acc_seg: 99.5398
2025/03/10 00:00:44 - mmengine - INFO - Iter(train) [127050/160000]  lr: 1.0000e-04  eta: 2:26:11  time: 0.2549  data_time: 0.0080  memory: 9163  loss: 0.0275  decode.loss_ce: 0.0275  decode.acc_seg: 99.5206
2025/03/10 00:00:57 - mmengine - INFO - Iter(train) [127100/160000]  lr: 1.0000e-04  eta: 2:25:57  time: 0.2550  data_time: 0.0080  memory: 9163  loss: 0.0293  decode.loss_ce: 0.0293  decode.acc_seg: 98.3659
2025/03/10 00:01:10 - mmengine - INFO - Iter(train) [127150/160000]  lr: 1.0000e-04  eta: 2:25:44  time: 0.2546  data_time: 0.0074  memory: 9163  loss: 0.0203  decode.loss_ce: 0.0203  decode.acc_seg: 97.5406
2025/03/10 00:01:23 - mmengine - INFO - Iter(train) [127200/160000]  lr: 1.0000e-04  eta: 2:25:30  time: 0.2542  data_time: 0.0078  memory: 9163  loss: 0.0235  decode.loss_ce: 0.0235  decode.acc_seg: 99.5153
2025/03/10 00:01:35 - mmengine - INFO - Iter(train) [127250/160000]  lr: 1.0000e-04  eta: 2:25:17  time: 0.2548  data_time: 0.0077  memory: 9163  loss: 0.0251  decode.loss_ce: 0.0251  decode.acc_seg: 97.3664
2025/03/10 00:01:48 - mmengine - INFO - Iter(train) [127300/160000]  lr: 1.0000e-04  eta: 2:25:03  time: 0.2552  data_time: 0.0078  memory: 9163  loss: 0.0231  decode.loss_ce: 0.0231  decode.acc_seg: 98.5432
2025/03/10 00:02:01 - mmengine - INFO - Iter(train) [127350/160000]  lr: 1.0000e-04  eta: 2:24:50  time: 0.2524  data_time: 0.0076  memory: 9163  loss: 0.0243  decode.loss_ce: 0.0243  decode.acc_seg: 99.8222
2025/03/10 00:02:14 - mmengine - INFO - Iter(train) [127400/160000]  lr: 1.0000e-04  eta: 2:24:37  time: 0.2549  data_time: 0.0078  memory: 9163  loss: 0.0304  decode.loss_ce: 0.0304  decode.acc_seg: 99.5440
2025/03/10 00:02:26 - mmengine - INFO - Iter(train) [127450/160000]  lr: 1.0000e-04  eta: 2:24:23  time: 0.2528  data_time: 0.0076  memory: 9163  loss: 0.0198  decode.loss_ce: 0.0198  decode.acc_seg: 99.3016
2025/03/10 00:02:39 - mmengine - INFO - Iter(train) [127500/160000]  lr: 1.0000e-04  eta: 2:24:10  time: 0.2529  data_time: 0.0077  memory: 9163  loss: 0.0315  decode.loss_ce: 0.0315  decode.acc_seg: 98.8767
2025/03/10 00:02:52 - mmengine - INFO - Iter(train) [127550/160000]  lr: 1.0000e-04  eta: 2:23:56  time: 0.2543  data_time: 0.0074  memory: 9163  loss: 0.0251  decode.loss_ce: 0.0251  decode.acc_seg: 98.9990
2025/03/10 00:03:04 - mmengine - INFO - Iter(train) [127600/160000]  lr: 1.0000e-04  eta: 2:23:43  time: 0.2546  data_time: 0.0079  memory: 9163  loss: 0.0223  decode.loss_ce: 0.0223  decode.acc_seg: 99.1478
2025/03/10 00:03:17 - mmengine - INFO - Iter(train) [127650/160000]  lr: 1.0000e-04  eta: 2:23:29  time: 0.2540  data_time: 0.0075  memory: 9163  loss: 0.0255  decode.loss_ce: 0.0255  decode.acc_seg: 99.8668
2025/03/10 00:03:30 - mmengine - INFO - Iter(train) [127700/160000]  lr: 1.0000e-04  eta: 2:23:16  time: 0.2548  data_time: 0.0075  memory: 9163  loss: 0.0286  decode.loss_ce: 0.0286  decode.acc_seg: 98.9692
2025/03/10 00:03:43 - mmengine - INFO - Iter(train) [127750/160000]  lr: 1.0000e-04  eta: 2:23:02  time: 0.2550  data_time: 0.0078  memory: 9163  loss: 0.0339  decode.loss_ce: 0.0339  decode.acc_seg: 98.4091
2025/03/10 00:03:55 - mmengine - INFO - Iter(train) [127800/160000]  lr: 1.0000e-04  eta: 2:22:49  time: 0.2546  data_time: 0.0075  memory: 9163  loss: 0.0240  decode.loss_ce: 0.0240  decode.acc_seg: 99.3500
2025/03/10 00:04:08 - mmengine - INFO - Iter(train) [127850/160000]  lr: 1.0000e-04  eta: 2:22:35  time: 0.2546  data_time: 0.0078  memory: 9163  loss: 0.0228  decode.loss_ce: 0.0228  decode.acc_seg: 98.3105
2025/03/10 00:04:21 - mmengine - INFO - Iter(train) [127900/160000]  lr: 1.0000e-04  eta: 2:22:22  time: 0.2547  data_time: 0.0077  memory: 9163  loss: 0.0299  decode.loss_ce: 0.0299  decode.acc_seg: 99.7797
2025/03/10 00:04:34 - mmengine - INFO - Iter(train) [127950/160000]  lr: 1.0000e-04  eta: 2:22:09  time: 0.2540  data_time: 0.0080  memory: 9163  loss: 0.0451  decode.loss_ce: 0.0451  decode.acc_seg: 97.9522
2025/03/10 00:04:46 - mmengine - INFO - Exp name: efficient_20250309_140341
2025/03/10 00:04:46 - mmengine - INFO - Iter(train) [128000/160000]  lr: 1.0000e-04  eta: 2:21:55  time: 0.2547  data_time: 0.0080  memory: 9163  loss: 0.0353  decode.loss_ce: 0.0353  decode.acc_seg: 99.1259
2025/03/10 00:04:59 - mmengine - INFO - Iter(train) [128050/160000]  lr: 1.0000e-04  eta: 2:21:42  time: 0.2523  data_time: 0.0085  memory: 9163  loss: 0.0192  decode.loss_ce: 0.0192  decode.acc_seg: 98.3764
2025/03/10 00:05:12 - mmengine - INFO - Iter(train) [128100/160000]  lr: 1.0000e-04  eta: 2:21:28  time: 0.2548  data_time: 0.0077  memory: 9163  loss: 0.0427  decode.loss_ce: 0.0427  decode.acc_seg: 99.8038
2025/03/10 00:06:46 - mmengine - INFO - Iter(train) [128150/160000]  lr: 1.0000e-04  eta: 2:21:35  time: 0.2420  data_time: 0.0074  memory: 9163  loss: 0.0314  decode.loss_ce: 0.0314  decode.acc_seg: 97.7077
2025/03/10 00:06:58 - mmengine - INFO - Iter(train) [128200/160000]  lr: 1.0000e-04  eta: 2:21:21  time: 0.2439  data_time: 0.0079  memory: 9163  loss: 0.0311  decode.loss_ce: 0.0311  decode.acc_seg: 99.7086
2025/03/10 00:07:10 - mmengine - INFO - Iter(train) [128250/160000]  lr: 1.0000e-04  eta: 2:21:08  time: 0.2450  data_time: 0.0080  memory: 9163  loss: 0.0301  decode.loss_ce: 0.0301  decode.acc_seg: 98.8168
2025/03/10 00:07:23 - mmengine - INFO - Iter(train) [128300/160000]  lr: 1.0000e-04  eta: 2:20:54  time: 0.2452  data_time: 0.0076  memory: 9163  loss: 0.0320  decode.loss_ce: 0.0320  decode.acc_seg: 99.4537
2025/03/10 00:07:35 - mmengine - INFO - Iter(train) [128350/160000]  lr: 1.0000e-04  eta: 2:20:41  time: 0.2451  data_time: 0.0075  memory: 9163  loss: 0.0302  decode.loss_ce: 0.0302  decode.acc_seg: 97.2085
2025/03/10 00:07:47 - mmengine - INFO - Iter(train) [128400/160000]  lr: 1.0000e-04  eta: 2:20:27  time: 0.2457  data_time: 0.0075  memory: 9163  loss: 0.0195  decode.loss_ce: 0.0195  decode.acc_seg: 99.7689
2025/03/10 00:08:00 - mmengine - INFO - Iter(train) [128450/160000]  lr: 1.0000e-04  eta: 2:20:13  time: 0.2575  data_time: 0.0082  memory: 9163  loss: 0.0332  decode.loss_ce: 0.0332  decode.acc_seg: 99.7773
2025/03/10 00:08:13 - mmengine - INFO - Iter(train) [128500/160000]  lr: 1.0000e-04  eta: 2:20:00  time: 0.2550  data_time: 0.0083  memory: 9163  loss: 0.0257  decode.loss_ce: 0.0257  decode.acc_seg: 99.4400
2025/03/10 00:08:25 - mmengine - INFO - Iter(train) [128550/160000]  lr: 1.0000e-04  eta: 2:19:46  time: 0.2545  data_time: 0.0084  memory: 9163  loss: 0.0226  decode.loss_ce: 0.0226  decode.acc_seg: 97.9122
2025/03/10 00:08:38 - mmengine - INFO - Iter(train) [128600/160000]  lr: 1.0000e-04  eta: 2:19:33  time: 0.2525  data_time: 0.0079  memory: 9163  loss: 0.0296  decode.loss_ce: 0.0296  decode.acc_seg: 97.1974
2025/03/10 00:08:51 - mmengine - INFO - Iter(train) [128650/160000]  lr: 1.0000e-04  eta: 2:19:20  time: 0.2540  data_time: 0.0075  memory: 9163  loss: 0.0231  decode.loss_ce: 0.0231  decode.acc_seg: 99.0093
2025/03/10 00:09:04 - mmengine - INFO - Iter(train) [128700/160000]  lr: 1.0000e-04  eta: 2:19:06  time: 0.2567  data_time: 0.0073  memory: 9163  loss: 0.0274  decode.loss_ce: 0.0274  decode.acc_seg: 99.5279
2025/03/10 00:09:17 - mmengine - INFO - Iter(train) [128750/160000]  lr: 1.0000e-04  eta: 2:18:53  time: 0.2542  data_time: 0.0082  memory: 9163  loss: 0.0310  decode.loss_ce: 0.0310  decode.acc_seg: 93.9473
2025/03/10 00:09:30 - mmengine - INFO - Iter(train) [128800/160000]  lr: 1.0000e-04  eta: 2:18:39  time: 0.2576  data_time: 0.0081  memory: 9163  loss: 0.0212  decode.loss_ce: 0.0212  decode.acc_seg: 98.3626
2025/03/10 00:09:42 - mmengine - INFO - Iter(train) [128850/160000]  lr: 1.0000e-04  eta: 2:18:26  time: 0.2567  data_time: 0.0075  memory: 9163  loss: 0.0182  decode.loss_ce: 0.0182  decode.acc_seg: 99.5164
2025/03/10 00:09:55 - mmengine - INFO - Iter(train) [128900/160000]  lr: 1.0000e-04  eta: 2:18:12  time: 0.2547  data_time: 0.0074  memory: 9163  loss: 0.0316  decode.loss_ce: 0.0316  decode.acc_seg: 99.8152
2025/03/10 00:10:08 - mmengine - INFO - Iter(train) [128950/160000]  lr: 1.0000e-04  eta: 2:17:59  time: 0.2547  data_time: 0.0076  memory: 9163  loss: 0.0263  decode.loss_ce: 0.0263  decode.acc_seg: 98.8557
2025/03/10 00:10:21 - mmengine - INFO - Exp name: efficient_20250309_140341
2025/03/10 00:10:21 - mmengine - INFO - Iter(train) [129000/160000]  lr: 1.0000e-04  eta: 2:17:45  time: 0.2550  data_time: 0.0078  memory: 9163  loss: 0.0182  decode.loss_ce: 0.0182  decode.acc_seg: 99.9718
2025/03/10 00:10:34 - mmengine - INFO - Iter(train) [129050/160000]  lr: 1.0000e-04  eta: 2:17:32  time: 0.2547  data_time: 0.0079  memory: 9163  loss: 0.0385  decode.loss_ce: 0.0385  decode.acc_seg: 98.9361
2025/03/10 00:10:46 - mmengine - INFO - Iter(train) [129100/160000]  lr: 1.0000e-04  eta: 2:17:18  time: 0.2572  data_time: 0.0085  memory: 9163  loss: 0.0279  decode.loss_ce: 0.0279  decode.acc_seg: 98.3600
2025/03/10 00:10:59 - mmengine - INFO - Iter(train) [129150/160000]  lr: 1.0000e-04  eta: 2:17:05  time: 0.2540  data_time: 0.0079  memory: 9163  loss: 0.0333  decode.loss_ce: 0.0333  decode.acc_seg: 97.4448
2025/03/10 00:11:12 - mmengine - INFO - Iter(train) [129200/160000]  lr: 1.0000e-04  eta: 2:16:51  time: 0.2563  data_time: 0.0079  memory: 9163  loss: 0.0321  decode.loss_ce: 0.0321  decode.acc_seg: 97.1259
2025/03/10 00:11:12 - mmengine - INFO - Saving checkpoint at 129200 iterations
2025/03/10 00:11:29 - mmengine - INFO - Iter(train) [129250/160000]  lr: 1.0000e-04  eta: 2:16:39  time: 0.2530  data_time: 0.0081  memory: 9163  loss: 0.0375  decode.loss_ce: 0.0375  decode.acc_seg: 98.5661
2025/03/10 00:11:41 - mmengine - INFO - Iter(train) [129300/160000]  lr: 1.0000e-04  eta: 2:16:25  time: 0.2544  data_time: 0.0080  memory: 9163  loss: 0.0392  decode.loss_ce: 0.0392  decode.acc_seg: 98.4772
2025/03/10 00:11:54 - mmengine - INFO - Iter(train) [129350/160000]  lr: 1.0000e-04  eta: 2:16:12  time: 0.2582  data_time: 0.0090  memory: 9163  loss: 0.0252  decode.loss_ce: 0.0252  decode.acc_seg: 98.6474
2025/03/10 00:12:07 - mmengine - INFO - Iter(train) [129400/160000]  lr: 1.0000e-04  eta: 2:15:59  time: 0.2563  data_time: 0.0083  memory: 9163  loss: 0.0234  decode.loss_ce: 0.0234  decode.acc_seg: 99.1898
2025/03/10 00:12:20 - mmengine - INFO - Iter(train) [129450/160000]  lr: 1.0000e-04  eta: 2:15:45  time: 0.2559  data_time: 0.0081  memory: 9163  loss: 0.0162  decode.loss_ce: 0.0162  decode.acc_seg: 99.8194
2025/03/10 00:12:33 - mmengine - INFO - Iter(train) [129500/160000]  lr: 1.0000e-04  eta: 2:15:32  time: 0.2554  data_time: 0.0081  memory: 9163  loss: 0.0280  decode.loss_ce: 0.0280  decode.acc_seg: 97.7104
2025/03/10 00:12:36 - mmengine - INFO - Iter(val) [ 50/869]    eta: 0:00:48  time: 0.0566  data_time: 0.0026  memory: 636  
2025/03/10 00:12:39 - mmengine - INFO - Iter(val) [100/869]    eta: 0:00:44  time: 0.0569  data_time: 0.0025  memory: 636  
2025/03/10 00:12:42 - mmengine - INFO - Iter(val) [150/869]    eta: 0:00:41  time: 0.0564  data_time: 0.0024  memory: 636  
2025/03/10 00:12:44 - mmengine - INFO - Iter(val) [200/869]    eta: 0:00:38  time: 0.0572  data_time: 0.0027  memory: 636  
2025/03/10 00:12:47 - mmengine - INFO - Iter(val) [250/869]    eta: 0:00:36  time: 0.0617  data_time: 0.0028  memory: 636  
2025/03/10 00:12:50 - mmengine - INFO - Iter(val) [300/869]    eta: 0:00:33  time: 0.0570  data_time: 0.0027  memory: 636  
2025/03/10 00:12:53 - mmengine - INFO - Iter(val) [350/869]    eta: 0:00:30  time: 0.0575  data_time: 0.0027  memory: 636  
2025/03/10 00:12:56 - mmengine - INFO - Iter(val) [400/869]    eta: 0:00:27  time: 0.0571  data_time: 0.0026  memory: 636  
2025/03/10 00:12:59 - mmengine - INFO - Iter(val) [450/869]    eta: 0:00:24  time: 0.0592  data_time: 0.0026  memory: 636  
2025/03/10 00:13:02 - mmengine - INFO - Iter(val) [500/869]    eta: 0:00:21  time: 0.0628  data_time: 0.0027  memory: 636  
2025/03/10 00:13:05 - mmengine - INFO - Iter(val) [550/869]    eta: 0:00:18  time: 0.0617  data_time: 0.0028  memory: 636  
2025/03/10 00:13:08 - mmengine - INFO - Iter(val) [600/869]    eta: 0:00:15  time: 0.0617  data_time: 0.0027  memory: 636  
2025/03/10 00:13:11 - mmengine - INFO - Iter(val) [650/869]    eta: 0:00:12  time: 0.0567  data_time: 0.0027  memory: 636  
2025/03/10 00:13:14 - mmengine - INFO - Iter(val) [700/869]    eta: 0:00:09  time: 0.0564  data_time: 0.0024  memory: 636  
2025/03/10 00:13:17 - mmengine - INFO - Iter(val) [750/869]    eta: 0:00:06  time: 0.0573  data_time: 0.0026  memory: 636  
2025/03/10 00:13:20 - mmengine - INFO - Iter(val) [800/869]    eta: 0:00:04  time: 0.0570  data_time: 0.0029  memory: 636  
2025/03/10 00:13:22 - mmengine - INFO - Iter(val) [850/869]    eta: 0:00:01  time: 0.0571  data_time: 0.0023  memory: 636  
2025/03/10 00:13:23 - mmengine - INFO - per class results:
2025/03/10 00:13:23 - mmengine - INFO - 
+------------+------+-------+--------+-----------+--------+
|   Class    | IoU  |  Acc  | Fscore | Precision | Recall |
+------------+------+-------+--------+-----------+--------+
| background | 97.2 |  98.0 | 98.58  |   99.17   |  98.0  |
|    ghaf    | 54.9 | 80.74 | 70.89  |   63.17   | 80.74  |
+------------+------+-------+--------+-----------+--------+
2025/03/10 00:13:24 - mmengine - INFO - Iter(val) [869/869]    aAcc: 97.2900  mIoU: 76.0500  mAcc: 89.3700  mFscore: 84.7300  mPrecision: 81.1700  mRecall: 89.3700  data_time: 0.0028  time: 0.0581
2025/03/10 00:13:36 - mmengine - INFO - Iter(train) [129550/160000]  lr: 1.0000e-04  eta: 2:15:18  time: 0.2586  data_time: 0.0091  memory: 9163  loss: 0.0254  decode.loss_ce: 0.0254  decode.acc_seg: 99.0098
2025/03/10 00:13:49 - mmengine - INFO - Iter(train) [129600/160000]  lr: 1.0000e-04  eta: 2:15:05  time: 0.2549  data_time: 0.0079  memory: 9163  loss: 0.0282  decode.loss_ce: 0.0282  decode.acc_seg: 99.2209
2025/03/10 00:14:02 - mmengine - INFO - Iter(train) [129650/160000]  lr: 1.0000e-04  eta: 2:14:51  time: 0.2587  data_time: 0.0087  memory: 9163  loss: 0.0158  decode.loss_ce: 0.0158  decode.acc_seg: 99.6828
2025/03/10 00:14:15 - mmengine - INFO - Iter(train) [129700/160000]  lr: 1.0000e-04  eta: 2:14:38  time: 0.2573  data_time: 0.0082  memory: 9163  loss: 0.0433  decode.loss_ce: 0.0433  decode.acc_seg: 99.3979
2025/03/10 00:14:28 - mmengine - INFO - Iter(train) [129750/160000]  lr: 1.0000e-04  eta: 2:14:24  time: 0.2570  data_time: 0.0085  memory: 9163  loss: 0.0136  decode.loss_ce: 0.0136  decode.acc_seg: 99.6825
2025/03/10 00:14:40 - mmengine - INFO - Iter(train) [129800/160000]  lr: 1.0000e-04  eta: 2:14:11  time: 0.2556  data_time: 0.0082  memory: 9163  loss: 0.0218  decode.loss_ce: 0.0218  decode.acc_seg: 99.3398
2025/03/10 00:14:53 - mmengine - INFO - Iter(train) [129850/160000]  lr: 1.0000e-04  eta: 2:13:57  time: 0.2541  data_time: 0.0078  memory: 9163  loss: 0.0271  decode.loss_ce: 0.0271  decode.acc_seg: 98.0657
2025/03/10 00:15:06 - mmengine - INFO - Iter(train) [129900/160000]  lr: 1.0000e-04  eta: 2:13:44  time: 0.2553  data_time: 0.0079  memory: 9163  loss: 0.0407  decode.loss_ce: 0.0407  decode.acc_seg: 99.0258
2025/03/10 00:15:19 - mmengine - INFO - Iter(train) [129950/160000]  lr: 1.0000e-04  eta: 2:13:31  time: 0.2557  data_time: 0.0080  memory: 9163  loss: 0.0285  decode.loss_ce: 0.0285  decode.acc_seg: 99.7738
2025/03/10 00:15:32 - mmengine - INFO - Exp name: efficient_20250309_140341
2025/03/10 00:15:32 - mmengine - INFO - Iter(train) [130000/160000]  lr: 1.0000e-04  eta: 2:13:17  time: 0.2552  data_time: 0.0086  memory: 9163  loss: 0.0308  decode.loss_ce: 0.0308  decode.acc_seg: 95.9022
2025/03/10 00:15:44 - mmengine - INFO - Iter(train) [130050/160000]  lr: 1.0000e-04  eta: 2:13:04  time: 0.2524  data_time: 0.0079  memory: 9163  loss: 0.0389  decode.loss_ce: 0.0389  decode.acc_seg: 95.2237
2025/03/10 00:15:57 - mmengine - INFO - Iter(train) [130100/160000]  lr: 1.0000e-04  eta: 2:12:50  time: 0.2556  data_time: 0.0077  memory: 9163  loss: 0.0223  decode.loss_ce: 0.0223  decode.acc_seg: 99.5675
2025/03/10 00:16:10 - mmengine - INFO - Iter(train) [130150/160000]  lr: 1.0000e-04  eta: 2:12:37  time: 0.2553  data_time: 0.0083  memory: 9163  loss: 0.0359  decode.loss_ce: 0.0359  decode.acc_seg: 99.9083
2025/03/10 00:16:23 - mmengine - INFO - Iter(train) [130200/160000]  lr: 1.0000e-04  eta: 2:12:23  time: 0.2557  data_time: 0.0086  memory: 9163  loss: 0.0260  decode.loss_ce: 0.0260  decode.acc_seg: 98.8125
2025/03/10 00:16:35 - mmengine - INFO - Iter(train) [130250/160000]  lr: 1.0000e-04  eta: 2:12:10  time: 0.2537  data_time: 0.0079  memory: 9163  loss: 0.0166  decode.loss_ce: 0.0166  decode.acc_seg: 99.5240
2025/03/10 00:16:48 - mmengine - INFO - Iter(train) [130300/160000]  lr: 1.0000e-04  eta: 2:11:56  time: 0.2542  data_time: 0.0078  memory: 9163  loss: 0.0287  decode.loss_ce: 0.0287  decode.acc_seg: 98.2006
2025/03/10 00:17:01 - mmengine - INFO - Iter(train) [130350/160000]  lr: 1.0000e-04  eta: 2:11:43  time: 0.2551  data_time: 0.0079  memory: 9163  loss: 0.0278  decode.loss_ce: 0.0278  decode.acc_seg: 99.4415
2025/03/10 00:17:14 - mmengine - INFO - Iter(train) [130400/160000]  lr: 1.0000e-04  eta: 2:11:29  time: 0.2544  data_time: 0.0079  memory: 9163  loss: 0.0307  decode.loss_ce: 0.0307  decode.acc_seg: 99.7782
2025/03/10 00:17:27 - mmengine - INFO - Iter(train) [130450/160000]  lr: 1.0000e-04  eta: 2:11:16  time: 0.2545  data_time: 0.0078  memory: 9163  loss: 0.0377  decode.loss_ce: 0.0377  decode.acc_seg: 97.3201
2025/03/10 00:17:39 - mmengine - INFO - Iter(train) [130500/160000]  lr: 1.0000e-04  eta: 2:11:03  time: 0.2546  data_time: 0.0076  memory: 9163  loss: 0.0370  decode.loss_ce: 0.0370  decode.acc_seg: 97.8892
2025/03/10 00:17:52 - mmengine - INFO - Iter(train) [130550/160000]  lr: 1.0000e-04  eta: 2:10:49  time: 0.2562  data_time: 0.0079  memory: 9163  loss: 0.0324  decode.loss_ce: 0.0324  decode.acc_seg: 98.7670
2025/03/10 00:18:05 - mmengine - INFO - Iter(train) [130600/160000]  lr: 1.0000e-04  eta: 2:10:36  time: 0.2568  data_time: 0.0082  memory: 9163  loss: 0.0392  decode.loss_ce: 0.0392  decode.acc_seg: 96.1272
2025/03/10 00:18:18 - mmengine - INFO - Iter(train) [130650/160000]  lr: 1.0000e-04  eta: 2:10:22  time: 0.2546  data_time: 0.0083  memory: 9163  loss: 0.0400  decode.loss_ce: 0.0400  decode.acc_seg: 91.0645
2025/03/10 00:18:30 - mmengine - INFO - Iter(train) [130700/160000]  lr: 1.0000e-04  eta: 2:10:09  time: 0.2544  data_time: 0.0082  memory: 9163  loss: 0.0361  decode.loss_ce: 0.0361  decode.acc_seg: 98.3793
2025/03/10 00:18:43 - mmengine - INFO - Iter(train) [130750/160000]  lr: 1.0000e-04  eta: 2:09:55  time: 0.2545  data_time: 0.0083  memory: 9163  loss: 0.0483  decode.loss_ce: 0.0483  decode.acc_seg: 93.8697
2025/03/10 00:18:56 - mmengine - INFO - Iter(train) [130800/160000]  lr: 1.0000e-04  eta: 2:09:42  time: 0.2541  data_time: 0.0079  memory: 9163  loss: 0.0334  decode.loss_ce: 0.0334  decode.acc_seg: 99.4325
2025/03/10 00:19:09 - mmengine - INFO - Iter(train) [130850/160000]  lr: 1.0000e-04  eta: 2:09:28  time: 0.2541  data_time: 0.0080  memory: 9163  loss: 0.0218  decode.loss_ce: 0.0218  decode.acc_seg: 99.4974
2025/03/10 00:19:21 - mmengine - INFO - Iter(train) [130900/160000]  lr: 1.0000e-04  eta: 2:09:15  time: 0.2539  data_time: 0.0080  memory: 9163  loss: 0.0327  decode.loss_ce: 0.0327  decode.acc_seg: 99.8521
2025/03/10 00:19:34 - mmengine - INFO - Iter(train) [130950/160000]  lr: 1.0000e-04  eta: 2:09:01  time: 0.2566  data_time: 0.0085  memory: 9163  loss: 0.0333  decode.loss_ce: 0.0333  decode.acc_seg: 98.5319
2025/03/10 00:19:47 - mmengine - INFO - Exp name: efficient_20250309_140341
2025/03/10 00:19:47 - mmengine - INFO - Iter(train) [131000/160000]  lr: 1.0000e-04  eta: 2:08:48  time: 0.2533  data_time: 0.0084  memory: 9163  loss: 0.0253  decode.loss_ce: 0.0253  decode.acc_seg: 99.7101
2025/03/10 00:20:00 - mmengine - INFO - Iter(train) [131050/160000]  lr: 1.0000e-04  eta: 2:08:34  time: 0.2544  data_time: 0.0080  memory: 9163  loss: 0.0257  decode.loss_ce: 0.0257  decode.acc_seg: 99.8406
2025/03/10 00:20:13 - mmengine - INFO - Iter(train) [131100/160000]  lr: 1.0000e-04  eta: 2:08:21  time: 0.2549  data_time: 0.0086  memory: 9163  loss: 0.0163  decode.loss_ce: 0.0163  decode.acc_seg: 99.7617
2025/03/10 00:20:25 - mmengine - INFO - Iter(train) [131150/160000]  lr: 1.0000e-04  eta: 2:08:08  time: 0.2546  data_time: 0.0081  memory: 9163  loss: 0.0190  decode.loss_ce: 0.0190  decode.acc_seg: 99.6590
2025/03/10 00:20:38 - mmengine - INFO - Iter(train) [131200/160000]  lr: 1.0000e-04  eta: 2:07:54  time: 0.2542  data_time: 0.0083  memory: 9163  loss: 0.0213  decode.loss_ce: 0.0213  decode.acc_seg: 98.9100
2025/03/10 00:20:51 - mmengine - INFO - Iter(train) [131250/160000]  lr: 1.0000e-04  eta: 2:07:41  time: 0.2546  data_time: 0.0084  memory: 9163  loss: 0.0296  decode.loss_ce: 0.0296  decode.acc_seg: 99.4205
2025/03/10 00:21:04 - mmengine - INFO - Iter(train) [131300/160000]  lr: 1.0000e-04  eta: 2:07:27  time: 0.2572  data_time: 0.0082  memory: 9163  loss: 0.0245  decode.loss_ce: 0.0245  decode.acc_seg: 99.2009
2025/03/10 00:21:17 - mmengine - INFO - Iter(train) [131350/160000]  lr: 1.0000e-04  eta: 2:07:14  time: 0.2573  data_time: 0.0082  memory: 9163  loss: 0.0246  decode.loss_ce: 0.0246  decode.acc_seg: 97.5311
2025/03/10 00:21:29 - mmengine - INFO - Iter(train) [131400/160000]  lr: 1.0000e-04  eta: 2:07:00  time: 0.2546  data_time: 0.0082  memory: 9163  loss: 0.0189  decode.loss_ce: 0.0189  decode.acc_seg: 99.6317
2025/03/10 00:21:42 - mmengine - INFO - Iter(train) [131450/160000]  lr: 1.0000e-04  eta: 2:06:47  time: 0.2547  data_time: 0.0080  memory: 9163  loss: 0.0208  decode.loss_ce: 0.0208  decode.acc_seg: 99.7452
2025/03/10 00:21:55 - mmengine - INFO - Iter(train) [131500/160000]  lr: 1.0000e-04  eta: 2:06:33  time: 0.2555  data_time: 0.0079  memory: 9163  loss: 0.0374  decode.loss_ce: 0.0374  decode.acc_seg: 99.3630
2025/03/10 00:22:08 - mmengine - INFO - Iter(train) [131550/160000]  lr: 1.0000e-04  eta: 2:06:20  time: 0.2542  data_time: 0.0082  memory: 9163  loss: 0.0266  decode.loss_ce: 0.0266  decode.acc_seg: 97.1017
2025/03/10 00:22:21 - mmengine - INFO - Iter(train) [131600/160000]  lr: 1.0000e-04  eta: 2:06:07  time: 0.2589  data_time: 0.0087  memory: 9163  loss: 0.0493  decode.loss_ce: 0.0493  decode.acc_seg: 90.6814
2025/03/10 00:22:33 - mmengine - INFO - Iter(train) [131650/160000]  lr: 1.0000e-04  eta: 2:05:53  time: 0.2540  data_time: 0.0074  memory: 9163  loss: 0.0315  decode.loss_ce: 0.0315  decode.acc_seg: 98.4669
2025/03/10 00:22:46 - mmengine - INFO - Iter(train) [131700/160000]  lr: 1.0000e-04  eta: 2:05:40  time: 0.2541  data_time: 0.0082  memory: 9163  loss: 0.0182  decode.loss_ce: 0.0182  decode.acc_seg: 99.6254
2025/03/10 00:22:59 - mmengine - INFO - Iter(train) [131750/160000]  lr: 1.0000e-04  eta: 2:05:26  time: 0.2543  data_time: 0.0079  memory: 9163  loss: 0.0191  decode.loss_ce: 0.0191  decode.acc_seg: 99.6315
2025/03/10 00:23:12 - mmengine - INFO - Iter(train) [131800/160000]  lr: 1.0000e-04  eta: 2:05:13  time: 0.2559  data_time: 0.0086  memory: 9163  loss: 0.0463  decode.loss_ce: 0.0463  decode.acc_seg: 99.6761
2025/03/10 00:23:24 - mmengine - INFO - Iter(train) [131850/160000]  lr: 1.0000e-04  eta: 2:04:59  time: 0.2544  data_time: 0.0083  memory: 9163  loss: 0.0291  decode.loss_ce: 0.0291  decode.acc_seg: 98.3317
2025/03/10 00:23:37 - mmengine - INFO - Iter(train) [131900/160000]  lr: 1.0000e-04  eta: 2:04:46  time: 0.2542  data_time: 0.0081  memory: 9163  loss: 0.0233  decode.loss_ce: 0.0233  decode.acc_seg: 99.3232
2025/03/10 00:23:50 - mmengine - INFO - Iter(train) [131950/160000]  lr: 1.0000e-04  eta: 2:04:32  time: 0.2572  data_time: 0.0087  memory: 9163  loss: 0.0227  decode.loss_ce: 0.0227  decode.acc_seg: 99.1326
2025/03/10 00:24:03 - mmengine - INFO - Exp name: efficient_20250309_140341
2025/03/10 00:24:03 - mmengine - INFO - Iter(train) [132000/160000]  lr: 1.0000e-04  eta: 2:04:19  time: 0.2542  data_time: 0.0079  memory: 9163  loss: 0.0198  decode.loss_ce: 0.0198  decode.acc_seg: 98.6017
2025/03/10 00:24:16 - mmengine - INFO - Iter(train) [132050/160000]  lr: 1.0000e-04  eta: 2:04:06  time: 0.2556  data_time: 0.0085  memory: 9163  loss: 0.0312  decode.loss_ce: 0.0312  decode.acc_seg: 98.4324
2025/03/10 00:24:28 - mmengine - INFO - Iter(train) [132100/160000]  lr: 1.0000e-04  eta: 2:03:52  time: 0.2572  data_time: 0.0086  memory: 9163  loss: 0.0334  decode.loss_ce: 0.0334  decode.acc_seg: 99.4910
2025/03/10 00:24:41 - mmengine - INFO - Iter(train) [132150/160000]  lr: 1.0000e-04  eta: 2:03:39  time: 0.2541  data_time: 0.0079  memory: 9163  loss: 0.0325  decode.loss_ce: 0.0325  decode.acc_seg: 96.3104
2025/03/10 00:24:54 - mmengine - INFO - Iter(train) [132200/160000]  lr: 1.0000e-04  eta: 2:03:25  time: 0.2539  data_time: 0.0080  memory: 9163  loss: 0.0167  decode.loss_ce: 0.0167  decode.acc_seg: 99.0159
2025/03/10 00:25:07 - mmengine - INFO - Iter(train) [132250/160000]  lr: 1.0000e-04  eta: 2:03:12  time: 0.2559  data_time: 0.0081  memory: 9163  loss: 0.0327  decode.loss_ce: 0.0327  decode.acc_seg: 95.9571
2025/03/10 00:25:20 - mmengine - INFO - Iter(train) [132300/160000]  lr: 1.0000e-04  eta: 2:02:58  time: 0.2542  data_time: 0.0080  memory: 9163  loss: 0.0426  decode.loss_ce: 0.0426  decode.acc_seg: 98.7655
2025/03/10 00:25:32 - mmengine - INFO - Iter(train) [132350/160000]  lr: 1.0000e-04  eta: 2:02:45  time: 0.2546  data_time: 0.0083  memory: 9163  loss: 0.0196  decode.loss_ce: 0.0196  decode.acc_seg: 98.9360
2025/03/10 00:25:45 - mmengine - INFO - Iter(train) [132400/160000]  lr: 1.0000e-04  eta: 2:02:31  time: 0.2570  data_time: 0.0084  memory: 9163  loss: 0.0135  decode.loss_ce: 0.0135  decode.acc_seg: 99.9127
2025/03/10 00:25:58 - mmengine - INFO - Iter(train) [132450/160000]  lr: 1.0000e-04  eta: 2:02:18  time: 0.2544  data_time: 0.0081  memory: 9163  loss: 0.0345  decode.loss_ce: 0.0345  decode.acc_seg: 99.1746
2025/03/10 00:26:11 - mmengine - INFO - Iter(train) [132500/160000]  lr: 1.0000e-04  eta: 2:02:05  time: 0.2547  data_time: 0.0080  memory: 9163  loss: 0.0346  decode.loss_ce: 0.0346  decode.acc_seg: 98.6807
2025/03/10 00:26:23 - mmengine - INFO - Iter(train) [132550/160000]  lr: 1.0000e-04  eta: 2:01:51  time: 0.2570  data_time: 0.0084  memory: 9163  loss: 0.0255  decode.loss_ce: 0.0255  decode.acc_seg: 99.9981
2025/03/10 00:26:36 - mmengine - INFO - Iter(train) [132600/160000]  lr: 1.0000e-04  eta: 2:01:38  time: 0.2552  data_time: 0.0085  memory: 9163  loss: 0.0281  decode.loss_ce: 0.0281  decode.acc_seg: 100.0000
2025/03/10 00:26:36 - mmengine - INFO - Saving checkpoint at 132600 iterations
2025/03/10 00:26:51 - mmengine - INFO - Iter(train) [132650/160000]  lr: 1.0000e-04  eta: 2:01:25  time: 0.2551  data_time: 0.0086  memory: 9163  loss: 0.0184  decode.loss_ce: 0.0184  decode.acc_seg: 99.6857
2025/03/10 00:27:04 - mmengine - INFO - Iter(train) [132700/160000]  lr: 1.0000e-04  eta: 2:01:11  time: 0.2552  data_time: 0.0082  memory: 9163  loss: 0.0189  decode.loss_ce: 0.0189  decode.acc_seg: 99.8808
2025/03/10 00:27:17 - mmengine - INFO - Iter(train) [132750/160000]  lr: 1.0000e-04  eta: 2:00:58  time: 0.2547  data_time: 0.0082  memory: 9163  loss: 0.0308  decode.loss_ce: 0.0308  decode.acc_seg: 95.5122
2025/03/10 00:27:30 - mmengine - INFO - Iter(train) [132800/160000]  lr: 1.0000e-04  eta: 2:00:44  time: 0.2562  data_time: 0.0087  memory: 9163  loss: 0.0328  decode.loss_ce: 0.0328  decode.acc_seg: 98.9406
2025/03/10 00:27:42 - mmengine - INFO - Iter(train) [132850/160000]  lr: 1.0000e-04  eta: 2:00:31  time: 0.2545  data_time: 0.0077  memory: 9163  loss: 0.0222  decode.loss_ce: 0.0222  decode.acc_seg: 99.9509
2025/03/10 00:27:55 - mmengine - INFO - Iter(train) [132900/160000]  lr: 1.0000e-04  eta: 2:00:18  time: 0.2551  data_time: 0.0082  memory: 9163  loss: 0.0306  decode.loss_ce: 0.0306  decode.acc_seg: 99.5436
2025/03/10 00:28:08 - mmengine - INFO - Iter(train) [132950/160000]  lr: 1.0000e-04  eta: 2:00:04  time: 0.2556  data_time: 0.0083  memory: 9163  loss: 0.0161  decode.loss_ce: 0.0161  decode.acc_seg: 99.7296
2025/03/10 00:28:21 - mmengine - INFO - Exp name: efficient_20250309_140341
2025/03/10 00:28:21 - mmengine - INFO - Iter(train) [133000/160000]  lr: 1.0000e-04  eta: 1:59:51  time: 0.2536  data_time: 0.0082  memory: 9163  loss: 0.0303  decode.loss_ce: 0.0303  decode.acc_seg: 97.5870
2025/03/10 00:28:24 - mmengine - INFO - Iter(val) [ 50/869]    eta: 0:00:49  time: 0.0551  data_time: 0.0025  memory: 636  
2025/03/10 00:28:27 - mmengine - INFO - Iter(val) [100/869]    eta: 0:00:44  time: 0.0557  data_time: 0.0025  memory: 636  
2025/03/10 00:28:29 - mmengine - INFO - Iter(val) [150/869]    eta: 0:00:41  time: 0.0561  data_time: 0.0024  memory: 636  
2025/03/10 00:28:32 - mmengine - INFO - Iter(val) [200/869]    eta: 0:00:38  time: 0.0561  data_time: 0.0026  memory: 636  
2025/03/10 00:28:35 - mmengine - INFO - Iter(val) [250/869]    eta: 0:00:35  time: 0.0555  data_time: 0.0023  memory: 636  
2025/03/10 00:28:38 - mmengine - INFO - Iter(val) [300/869]    eta: 0:00:32  time: 0.0557  data_time: 0.0024  memory: 636  
2025/03/10 00:28:41 - mmengine - INFO - Iter(val) [350/869]    eta: 0:00:29  time: 0.0558  data_time: 0.0024  memory: 636  
2025/03/10 00:28:43 - mmengine - INFO - Iter(val) [400/869]    eta: 0:00:26  time: 0.0561  data_time: 0.0024  memory: 636  
2025/03/10 00:28:46 - mmengine - INFO - Iter(val) [450/869]    eta: 0:00:23  time: 0.0604  data_time: 0.0025  memory: 636  
2025/03/10 00:28:49 - mmengine - INFO - Iter(val) [500/869]    eta: 0:00:20  time: 0.0557  data_time: 0.0026  memory: 636  
2025/03/10 00:28:52 - mmengine - INFO - Iter(val) [550/869]    eta: 0:00:18  time: 0.0585  data_time: 0.0023  memory: 636  
2025/03/10 00:28:55 - mmengine - INFO - Iter(val) [600/869]    eta: 0:00:15  time: 0.0556  data_time: 0.0027  memory: 636  
2025/03/10 00:28:58 - mmengine - INFO - Iter(val) [650/869]    eta: 0:00:12  time: 0.0557  data_time: 0.0028  memory: 636  
2025/03/10 00:29:00 - mmengine - INFO - Iter(val) [700/869]    eta: 0:00:09  time: 0.0560  data_time: 0.0026  memory: 636  
2025/03/10 00:29:03 - mmengine - INFO - Iter(val) [750/869]    eta: 0:00:06  time: 0.0560  data_time: 0.0025  memory: 636  
2025/03/10 00:29:06 - mmengine - INFO - Iter(val) [800/869]    eta: 0:00:03  time: 0.0569  data_time: 0.0026  memory: 636  
2025/03/10 00:29:09 - mmengine - INFO - Iter(val) [850/869]    eta: 0:00:01  time: 0.0559  data_time: 0.0024  memory: 636  
2025/03/10 00:29:10 - mmengine - INFO - per class results:
2025/03/10 00:29:10 - mmengine - INFO - 
+------------+-------+-------+--------+-----------+--------+
|   Class    |  IoU  |  Acc  | Fscore | Precision | Recall |
+------------+-------+-------+--------+-----------+--------+
| background |  97.2 | 97.98 | 98.58  |   99.19   | 97.98  |
|    ghaf    | 55.13 | 81.33 | 71.08  |   63.12   | 81.33  |
+------------+-------+-------+--------+-----------+--------+
2025/03/10 00:29:10 - mmengine - INFO - Iter(val) [869/869]    aAcc: 97.3000  mIoU: 76.1700  mAcc: 89.6500  mFscore: 84.8300  mPrecision: 81.1600  mRecall: 89.6500  data_time: 0.0027  time: 0.0565
2025/03/10 00:29:23 - mmengine - INFO - Iter(train) [133050/160000]  lr: 1.0000e-04  eta: 1:59:37  time: 0.2541  data_time: 0.0079  memory: 9163  loss: 0.0440  decode.loss_ce: 0.0440  decode.acc_seg: 100.0000
2025/03/10 00:29:36 - mmengine - INFO - Iter(train) [133100/160000]  lr: 1.0000e-04  eta: 1:59:24  time: 0.2545  data_time: 0.0082  memory: 9163  loss: 0.0183  decode.loss_ce: 0.0183  decode.acc_seg: 99.7212
2025/03/10 00:29:48 - mmengine - INFO - Iter(train) [133150/160000]  lr: 1.0000e-04  eta: 1:59:10  time: 0.2542  data_time: 0.0080  memory: 9163  loss: 0.0282  decode.loss_ce: 0.0282  decode.acc_seg: 98.3460
2025/03/10 00:30:01 - mmengine - INFO - Iter(train) [133200/160000]  lr: 1.0000e-04  eta: 1:58:57  time: 0.2547  data_time: 0.0082  memory: 9163  loss: 0.0204  decode.loss_ce: 0.0204  decode.acc_seg: 99.4767
2025/03/10 00:30:14 - mmengine - INFO - Iter(train) [133250/160000]  lr: 1.0000e-04  eta: 1:58:44  time: 0.2546  data_time: 0.0082  memory: 9163  loss: 0.0365  decode.loss_ce: 0.0365  decode.acc_seg: 99.8668
2025/03/10 00:30:27 - mmengine - INFO - Iter(train) [133300/160000]  lr: 1.0000e-04  eta: 1:58:30  time: 0.2541  data_time: 0.0083  memory: 9163  loss: 0.0267  decode.loss_ce: 0.0267  decode.acc_seg: 99.1427
2025/03/10 00:30:39 - mmengine - INFO - Iter(train) [133350/160000]  lr: 1.0000e-04  eta: 1:58:17  time: 0.2567  data_time: 0.0083  memory: 9163  loss: 0.0149  decode.loss_ce: 0.0149  decode.acc_seg: 99.5368
2025/03/10 00:30:52 - mmengine - INFO - Iter(train) [133400/160000]  lr: 1.0000e-04  eta: 1:58:03  time: 0.2546  data_time: 0.0081  memory: 9163  loss: 0.0237  decode.loss_ce: 0.0237  decode.acc_seg: 98.6003
2025/03/10 00:31:05 - mmengine - INFO - Iter(train) [133450/160000]  lr: 1.0000e-04  eta: 1:57:50  time: 0.2547  data_time: 0.0079  memory: 9163  loss: 0.0330  decode.loss_ce: 0.0330  decode.acc_seg: 99.2156
2025/03/10 00:31:18 - mmengine - INFO - Iter(train) [133500/160000]  lr: 1.0000e-04  eta: 1:57:36  time: 0.2545  data_time: 0.0078  memory: 9163  loss: 0.0161  decode.loss_ce: 0.0161  decode.acc_seg: 99.9015
2025/03/10 00:31:30 - mmengine - INFO - Iter(train) [133550/160000]  lr: 1.0000e-04  eta: 1:57:23  time: 0.2543  data_time: 0.0082  memory: 9163  loss: 0.0146  decode.loss_ce: 0.0146  decode.acc_seg: 99.5917
2025/03/10 00:31:43 - mmengine - INFO - Iter(train) [133600/160000]  lr: 1.0000e-04  eta: 1:57:10  time: 0.2571  data_time: 0.0081  memory: 9163  loss: 0.0238  decode.loss_ce: 0.0238  decode.acc_seg: 98.8300
2025/03/10 00:31:56 - mmengine - INFO - Iter(train) [133650/160000]  lr: 1.0000e-04  eta: 1:56:56  time: 0.2532  data_time: 0.0084  memory: 9163  loss: 0.0285  decode.loss_ce: 0.0285  decode.acc_seg: 99.6217
2025/03/10 00:32:09 - mmengine - INFO - Iter(train) [133700/160000]  lr: 1.0000e-04  eta: 1:56:43  time: 0.2545  data_time: 0.0081  memory: 9163  loss: 0.0224  decode.loss_ce: 0.0224  decode.acc_seg: 99.6659
2025/03/10 00:32:22 - mmengine - INFO - Iter(train) [133750/160000]  lr: 1.0000e-04  eta: 1:56:29  time: 0.2537  data_time: 0.0080  memory: 9163  loss: 0.0258  decode.loss_ce: 0.0258  decode.acc_seg: 99.3091
2025/03/10 00:32:34 - mmengine - INFO - Iter(train) [133800/160000]  lr: 1.0000e-04  eta: 1:56:16  time: 0.2543  data_time: 0.0084  memory: 9163  loss: 0.0292  decode.loss_ce: 0.0292  decode.acc_seg: 97.6714
2025/03/10 00:32:47 - mmengine - INFO - Iter(train) [133850/160000]  lr: 1.0000e-04  eta: 1:56:02  time: 0.2538  data_time: 0.0080  memory: 9163  loss: 0.0386  decode.loss_ce: 0.0386  decode.acc_seg: 98.6716
2025/03/10 00:33:00 - mmengine - INFO - Iter(train) [133900/160000]  lr: 1.0000e-04  eta: 1:55:49  time: 0.2538  data_time: 0.0081  memory: 9163  loss: 0.0292  decode.loss_ce: 0.0292  decode.acc_seg: 98.4967
2025/03/10 00:33:13 - mmengine - INFO - Iter(train) [133950/160000]  lr: 1.0000e-04  eta: 1:55:36  time: 0.2535  data_time: 0.0079  memory: 9163  loss: 0.0249  decode.loss_ce: 0.0249  decode.acc_seg: 99.6752
2025/03/10 00:33:25 - mmengine - INFO - Exp name: efficient_20250309_140341
2025/03/10 00:33:25 - mmengine - INFO - Iter(train) [134000/160000]  lr: 1.0000e-04  eta: 1:55:22  time: 0.2546  data_time: 0.0081  memory: 9163  loss: 0.0345  decode.loss_ce: 0.0345  decode.acc_seg: 99.0873
2025/03/10 00:33:38 - mmengine - INFO - Iter(train) [134050/160000]  lr: 1.0000e-04  eta: 1:55:09  time: 0.2539  data_time: 0.0078  memory: 9163  loss: 0.0221  decode.loss_ce: 0.0221  decode.acc_seg: 100.0000
2025/03/10 00:33:51 - mmengine - INFO - Iter(train) [134100/160000]  lr: 1.0000e-04  eta: 1:54:55  time: 0.2541  data_time: 0.0080  memory: 9163  loss: 0.0212  decode.loss_ce: 0.0212  decode.acc_seg: 99.5216
2025/03/10 00:34:04 - mmengine - INFO - Iter(train) [134150/160000]  lr: 1.0000e-04  eta: 1:54:42  time: 0.2563  data_time: 0.0082  memory: 9163  loss: 0.0219  decode.loss_ce: 0.0219  decode.acc_seg: 99.4761
2025/03/10 00:34:17 - mmengine - INFO - Iter(train) [134200/160000]  lr: 1.0000e-04  eta: 1:54:28  time: 0.2542  data_time: 0.0080  memory: 9163  loss: 0.0327  decode.loss_ce: 0.0327  decode.acc_seg: 98.0808
2025/03/10 00:34:29 - mmengine - INFO - Iter(train) [134250/160000]  lr: 1.0000e-04  eta: 1:54:15  time: 0.2567  data_time: 0.0083  memory: 9163  loss: 0.0185  decode.loss_ce: 0.0185  decode.acc_seg: 98.8617
2025/03/10 00:34:42 - mmengine - INFO - Iter(train) [134300/160000]  lr: 1.0000e-04  eta: 1:54:02  time: 0.2540  data_time: 0.0080  memory: 9163  loss: 0.0167  decode.loss_ce: 0.0167  decode.acc_seg: 99.6154
2025/03/10 00:34:55 - mmengine - INFO - Iter(train) [134350/160000]  lr: 1.0000e-04  eta: 1:53:48  time: 0.2548  data_time: 0.0083  memory: 9163  loss: 0.0318  decode.loss_ce: 0.0318  decode.acc_seg: 98.7713
2025/03/10 00:35:08 - mmengine - INFO - Iter(train) [134400/160000]  lr: 1.0000e-04  eta: 1:53:35  time: 0.2547  data_time: 0.0082  memory: 9163  loss: 0.0345  decode.loss_ce: 0.0345  decode.acc_seg: 99.6812
2025/03/10 00:35:20 - mmengine - INFO - Iter(train) [134450/160000]  lr: 1.0000e-04  eta: 1:53:21  time: 0.2557  data_time: 0.0087  memory: 9163  loss: 0.0215  decode.loss_ce: 0.0215  decode.acc_seg: 99.6448
2025/03/10 00:35:33 - mmengine - INFO - Iter(train) [134500/160000]  lr: 1.0000e-04  eta: 1:53:08  time: 0.2547  data_time: 0.0085  memory: 9163  loss: 0.0130  decode.loss_ce: 0.0130  decode.acc_seg: 99.9190
2025/03/10 00:35:46 - mmengine - INFO - Iter(train) [134550/160000]  lr: 1.0000e-04  eta: 1:52:54  time: 0.2539  data_time: 0.0079  memory: 9163  loss: 0.0203  decode.loss_ce: 0.0203  decode.acc_seg: 99.6314
2025/03/10 00:35:59 - mmengine - INFO - Iter(train) [134600/160000]  lr: 1.0000e-04  eta: 1:52:41  time: 0.2539  data_time: 0.0085  memory: 9163  loss: 0.0235  decode.loss_ce: 0.0235  decode.acc_seg: 99.2837
2025/03/10 00:36:12 - mmengine - INFO - Iter(train) [134650/160000]  lr: 1.0000e-04  eta: 1:52:28  time: 0.2546  data_time: 0.0079  memory: 9163  loss: 0.0502  decode.loss_ce: 0.0502  decode.acc_seg: 97.7470
2025/03/10 00:38:01 - mmengine - INFO - Iter(train) [134700/160000]  lr: 1.0000e-04  eta: 1:52:32  time: 0.2490  data_time: 0.0087  memory: 9163  loss: 0.0198  decode.loss_ce: 0.0198  decode.acc_seg: 98.5989
2025/03/10 00:38:13 - mmengine - INFO - Iter(train) [134750/160000]  lr: 1.0000e-04  eta: 1:52:19  time: 0.2464  data_time: 0.0084  memory: 9163  loss: 0.0210  decode.loss_ce: 0.0210  decode.acc_seg: 98.7606
2025/03/10 00:38:26 - mmengine - INFO - Iter(train) [134800/160000]  lr: 1.0000e-04  eta: 1:52:05  time: 0.2472  data_time: 0.0080  memory: 9163  loss: 0.0266  decode.loss_ce: 0.0266  decode.acc_seg: 99.2939
2025/03/10 00:38:38 - mmengine - INFO - Iter(train) [134850/160000]  lr: 1.0000e-04  eta: 1:51:52  time: 0.2487  data_time: 0.0082  memory: 9163  loss: 0.0366  decode.loss_ce: 0.0366  decode.acc_seg: 98.2412
2025/03/10 00:38:50 - mmengine - INFO - Iter(train) [134900/160000]  lr: 1.0000e-04  eta: 1:51:38  time: 0.2488  data_time: 0.0081  memory: 9163  loss: 0.0364  decode.loss_ce: 0.0364  decode.acc_seg: 94.2598
2025/03/10 00:39:03 - mmengine - INFO - Iter(train) [134950/160000]  lr: 1.0000e-04  eta: 1:51:25  time: 0.2489  data_time: 0.0082  memory: 9163  loss: 0.0508  decode.loss_ce: 0.0508  decode.acc_seg: 99.7094
2025/03/10 00:39:16 - mmengine - INFO - Exp name: efficient_20250309_140341
2025/03/10 00:39:16 - mmengine - INFO - Iter(train) [135000/160000]  lr: 1.0000e-04  eta: 1:51:11  time: 0.2576  data_time: 0.0085  memory: 9163  loss: 0.0302  decode.loss_ce: 0.0302  decode.acc_seg: 99.0027
2025/03/10 00:39:29 - mmengine - INFO - Iter(train) [135050/160000]  lr: 1.0000e-04  eta: 1:50:58  time: 0.2569  data_time: 0.0089  memory: 9163  loss: 0.0241  decode.loss_ce: 0.0241  decode.acc_seg: 99.0139
2025/03/10 00:39:42 - mmengine - INFO - Iter(train) [135100/160000]  lr: 1.0000e-04  eta: 1:50:44  time: 0.2575  data_time: 0.0084  memory: 9163  loss: 0.0252  decode.loss_ce: 0.0252  decode.acc_seg: 98.6310
2025/03/10 00:39:55 - mmengine - INFO - Iter(train) [135150/160000]  lr: 1.0000e-04  eta: 1:50:31  time: 0.2576  data_time: 0.0086  memory: 9163  loss: 0.0231  decode.loss_ce: 0.0231  decode.acc_seg: 97.5220
2025/03/10 00:40:08 - mmengine - INFO - Iter(train) [135200/160000]  lr: 1.0000e-04  eta: 1:50:18  time: 0.2596  data_time: 0.0085  memory: 9163  loss: 0.0153  decode.loss_ce: 0.0153  decode.acc_seg: 99.8560
2025/03/10 00:40:21 - mmengine - INFO - Iter(train) [135250/160000]  lr: 1.0000e-04  eta: 1:50:04  time: 0.2538  data_time: 0.0084  memory: 9163  loss: 0.0297  decode.loss_ce: 0.0297  decode.acc_seg: 99.7316
2025/03/10 00:40:34 - mmengine - INFO - Iter(train) [135300/160000]  lr: 1.0000e-04  eta: 1:49:51  time: 0.2582  data_time: 0.0087  memory: 9163  loss: 0.0164  decode.loss_ce: 0.0164  decode.acc_seg: 99.1582
2025/03/10 00:40:47 - mmengine - INFO - Iter(train) [135350/160000]  lr: 1.0000e-04  eta: 1:49:37  time: 0.2584  data_time: 0.0089  memory: 9163  loss: 0.0371  decode.loss_ce: 0.0371  decode.acc_seg: 96.9532
2025/03/10 00:41:00 - mmengine - INFO - Iter(train) [135400/160000]  lr: 1.0000e-04  eta: 1:49:24  time: 0.2610  data_time: 0.0091  memory: 9163  loss: 0.0323  decode.loss_ce: 0.0323  decode.acc_seg: 99.8919
2025/03/10 00:41:13 - mmengine - INFO - Iter(train) [135450/160000]  lr: 1.0000e-04  eta: 1:49:11  time: 0.2606  data_time: 0.0087  memory: 9163  loss: 0.0296  decode.loss_ce: 0.0296  decode.acc_seg: 97.8255
2025/03/10 00:41:26 - mmengine - INFO - Iter(train) [135500/160000]  lr: 1.0000e-04  eta: 1:48:57  time: 0.2582  data_time: 0.0093  memory: 9163  loss: 0.0465  decode.loss_ce: 0.0465  decode.acc_seg: 95.2192
2025/03/10 00:41:39 - mmengine - INFO - Iter(train) [135550/160000]  lr: 1.0000e-04  eta: 1:48:44  time: 0.2554  data_time: 0.0086  memory: 9163  loss: 0.0240  decode.loss_ce: 0.0240  decode.acc_seg: 99.5274
2025/03/10 00:41:52 - mmengine - INFO - Iter(train) [135600/160000]  lr: 1.0000e-04  eta: 1:48:30  time: 0.2579  data_time: 0.0084  memory: 9163  loss: 0.0229  decode.loss_ce: 0.0229  decode.acc_seg: 98.6741
2025/03/10 00:42:05 - mmengine - INFO - Iter(train) [135650/160000]  lr: 1.0000e-04  eta: 1:48:17  time: 0.2607  data_time: 0.0095  memory: 9163  loss: 0.0396  decode.loss_ce: 0.0396  decode.acc_seg: 99.2669
2025/03/10 00:42:18 - mmengine - INFO - Iter(train) [135700/160000]  lr: 1.0000e-04  eta: 1:48:04  time: 0.2589  data_time: 0.0083  memory: 9163  loss: 0.0283  decode.loss_ce: 0.0283  decode.acc_seg: 98.9329
2025/03/10 00:42:31 - mmengine - INFO - Iter(train) [135750/160000]  lr: 1.0000e-04  eta: 1:47:50  time: 0.2577  data_time: 0.0087  memory: 9163  loss: 0.0161  decode.loss_ce: 0.0161  decode.acc_seg: 99.6968
2025/03/10 00:42:44 - mmengine - INFO - Iter(train) [135800/160000]  lr: 1.0000e-04  eta: 1:47:37  time: 0.2579  data_time: 0.0082  memory: 9163  loss: 0.0155  decode.loss_ce: 0.0155  decode.acc_seg: 99.9484
2025/03/10 00:42:57 - mmengine - INFO - Iter(train) [135850/160000]  lr: 1.0000e-04  eta: 1:47:23  time: 0.2549  data_time: 0.0087  memory: 9163  loss: 0.0243  decode.loss_ce: 0.0243  decode.acc_seg: 98.1982
2025/03/10 00:43:10 - mmengine - INFO - Iter(train) [135900/160000]  lr: 1.0000e-04  eta: 1:47:10  time: 0.2630  data_time: 0.0088  memory: 9163  loss: 0.0253  decode.loss_ce: 0.0253  decode.acc_seg: 99.3604
2025/03/10 00:43:23 - mmengine - INFO - Iter(train) [135950/160000]  lr: 1.0000e-04  eta: 1:46:56  time: 0.2572  data_time: 0.0087  memory: 9163  loss: 0.0335  decode.loss_ce: 0.0335  decode.acc_seg: 95.9583
2025/03/10 00:43:35 - mmengine - INFO - Exp name: efficient_20250309_140341
2025/03/10 00:43:35 - mmengine - INFO - Iter(train) [136000/160000]  lr: 1.0000e-04  eta: 1:46:43  time: 0.2547  data_time: 0.0082  memory: 9163  loss: 0.0227  decode.loss_ce: 0.0227  decode.acc_seg: 99.6407
2025/03/10 00:43:35 - mmengine - INFO - Saving checkpoint at 136000 iterations
2025/03/10 00:43:51 - mmengine - INFO - Iter(train) [136050/160000]  lr: 1.0000e-04  eta: 1:46:30  time: 0.2549  data_time: 0.0082  memory: 9163  loss: 0.0320  decode.loss_ce: 0.0320  decode.acc_seg: 98.5066
2025/03/10 00:44:04 - mmengine - INFO - Iter(train) [136100/160000]  lr: 1.0000e-04  eta: 1:46:17  time: 0.2559  data_time: 0.0083  memory: 9163  loss: 0.0232  decode.loss_ce: 0.0232  decode.acc_seg: 98.7064
2025/03/10 00:44:16 - mmengine - INFO - Iter(train) [136150/160000]  lr: 1.0000e-04  eta: 1:46:03  time: 0.2570  data_time: 0.0082  memory: 9163  loss: 0.0173  decode.loss_ce: 0.0173  decode.acc_seg: 99.5354
2025/03/10 00:44:29 - mmengine - INFO - Iter(train) [136200/160000]  lr: 1.0000e-04  eta: 1:45:50  time: 0.2553  data_time: 0.0089  memory: 9163  loss: 0.0342  decode.loss_ce: 0.0342  decode.acc_seg: 99.0531
2025/03/10 00:44:42 - mmengine - INFO - Iter(train) [136250/160000]  lr: 1.0000e-04  eta: 1:45:36  time: 0.2547  data_time: 0.0084  memory: 9163  loss: 0.0251  decode.loss_ce: 0.0251  decode.acc_seg: 98.7059
2025/03/10 00:44:55 - mmengine - INFO - Iter(train) [136300/160000]  lr: 1.0000e-04  eta: 1:45:23  time: 0.2538  data_time: 0.0087  memory: 9163  loss: 0.0174  decode.loss_ce: 0.0174  decode.acc_seg: 99.0724
2025/03/10 00:45:08 - mmengine - INFO - Iter(train) [136350/160000]  lr: 1.0000e-04  eta: 1:45:09  time: 0.2536  data_time: 0.0082  memory: 9163  loss: 0.0327  decode.loss_ce: 0.0327  decode.acc_seg: 98.4357
2025/03/10 00:45:21 - mmengine - INFO - Iter(train) [136400/160000]  lr: 1.0000e-04  eta: 1:44:56  time: 0.2534  data_time: 0.0082  memory: 9163  loss: 0.0278  decode.loss_ce: 0.0278  decode.acc_seg: 99.4091
2025/03/10 00:45:34 - mmengine - INFO - Iter(train) [136450/160000]  lr: 1.0000e-04  eta: 1:44:43  time: 0.2574  data_time: 0.0089  memory: 9163  loss: 0.0448  decode.loss_ce: 0.0448  decode.acc_seg: 98.9821
2025/03/10 00:45:46 - mmengine - INFO - Iter(train) [136500/160000]  lr: 1.0000e-04  eta: 1:44:29  time: 0.2571  data_time: 0.0085  memory: 9163  loss: 0.0192  decode.loss_ce: 0.0192  decode.acc_seg: 100.0000
2025/03/10 00:45:49 - mmengine - INFO - Iter(val) [ 50/869]    eta: 0:00:47  time: 0.0564  data_time: 0.0028  memory: 636  
2025/03/10 00:45:52 - mmengine - INFO - Iter(val) [100/869]    eta: 0:00:44  time: 0.0566  data_time: 0.0025  memory: 636  
2025/03/10 00:45:55 - mmengine - INFO - Iter(val) [150/869]    eta: 0:00:41  time: 0.0558  data_time: 0.0025  memory: 636  
2025/03/10 00:45:58 - mmengine - INFO - Iter(val) [200/869]    eta: 0:00:38  time: 0.0560  data_time: 0.0027  memory: 636  
2025/03/10 00:46:01 - mmengine - INFO - Iter(val) [250/869]    eta: 0:00:35  time: 0.0558  data_time: 0.0026  memory: 636  
2025/03/10 00:46:04 - mmengine - INFO - Iter(val) [300/869]    eta: 0:00:32  time: 0.0598  data_time: 0.0026  memory: 636  
2025/03/10 00:46:06 - mmengine - INFO - Iter(val) [350/869]    eta: 0:00:29  time: 0.0559  data_time: 0.0024  memory: 636  
2025/03/10 00:46:09 - mmengine - INFO - Iter(val) [400/869]    eta: 0:00:26  time: 0.0557  data_time: 0.0025  memory: 636  
2025/03/10 00:46:12 - mmengine - INFO - Iter(val) [450/869]    eta: 0:00:23  time: 0.0603  data_time: 0.0027  memory: 636  
2025/03/10 00:46:15 - mmengine - INFO - Iter(val) [500/869]    eta: 0:00:21  time: 0.0565  data_time: 0.0025  memory: 636  
2025/03/10 00:46:18 - mmengine - INFO - Iter(val) [550/869]    eta: 0:00:18  time: 0.0560  data_time: 0.0025  memory: 636  
2025/03/10 00:46:21 - mmengine - INFO - Iter(val) [600/869]    eta: 0:00:15  time: 0.0565  data_time: 0.0026  memory: 636  
2025/03/10 00:46:24 - mmengine - INFO - Iter(val) [650/869]    eta: 0:00:12  time: 0.0577  data_time: 0.0029  memory: 636  
2025/03/10 00:46:27 - mmengine - INFO - Iter(val) [700/869]    eta: 0:00:09  time: 0.0595  data_time: 0.0024  memory: 636  
2025/03/10 00:46:29 - mmengine - INFO - Iter(val) [750/869]    eta: 0:00:06  time: 0.0562  data_time: 0.0024  memory: 636  
2025/03/10 00:46:32 - mmengine - INFO - Iter(val) [800/869]    eta: 0:00:03  time: 0.0547  data_time: 0.0026  memory: 636  
2025/03/10 00:46:35 - mmengine - INFO - Iter(val) [850/869]    eta: 0:00:01  time: 0.0589  data_time: 0.0024  memory: 636  
2025/03/10 00:46:36 - mmengine - INFO - per class results:
2025/03/10 00:46:36 - mmengine - INFO - 
+------------+-------+-------+--------+-----------+--------+
|   Class    |  IoU  |  Acc  | Fscore | Precision | Recall |
+------------+-------+-------+--------+-----------+--------+
| background | 97.32 | 98.16 | 98.64  |   99.12   | 98.16  |
|    ghaf    | 55.64 | 79.62 |  71.5  |   64.88   | 79.62  |
+------------+-------+-------+--------+-----------+--------+
2025/03/10 00:46:36 - mmengine - INFO - Iter(val) [869/869]    aAcc: 97.4100  mIoU: 76.4800  mAcc: 88.8900  mFscore: 85.0700  mPrecision: 82.0000  mRecall: 88.8900  data_time: 0.0027  time: 0.0574
2025/03/10 00:46:49 - mmengine - INFO - Iter(train) [136550/160000]  lr: 1.0000e-04  eta: 1:44:16  time: 0.2543  data_time: 0.0089  memory: 9163  loss: 0.0191  decode.loss_ce: 0.0191  decode.acc_seg: 99.0479
2025/03/10 00:47:02 - mmengine - INFO - Iter(train) [136600/160000]  lr: 1.0000e-04  eta: 1:44:02  time: 0.2568  data_time: 0.0087  memory: 9163  loss: 0.0156  decode.loss_ce: 0.0156  decode.acc_seg: 99.1898
2025/03/10 00:47:15 - mmengine - INFO - Iter(train) [136650/160000]  lr: 1.0000e-04  eta: 1:43:49  time: 0.2537  data_time: 0.0078  memory: 9163  loss: 0.0265  decode.loss_ce: 0.0265  decode.acc_seg: 99.5041
2025/03/10 00:47:28 - mmengine - INFO - Iter(train) [136700/160000]  lr: 1.0000e-04  eta: 1:43:35  time: 0.2552  data_time: 0.0083  memory: 9163  loss: 0.0242  decode.loss_ce: 0.0242  decode.acc_seg: 99.6485
2025/03/10 00:47:40 - mmengine - INFO - Iter(train) [136750/160000]  lr: 1.0000e-04  eta: 1:43:22  time: 0.2543  data_time: 0.0081  memory: 9163  loss: 0.0278  decode.loss_ce: 0.0278  decode.acc_seg: 97.1286
2025/03/10 00:47:53 - mmengine - INFO - Iter(train) [136800/160000]  lr: 1.0000e-04  eta: 1:43:08  time: 0.2544  data_time: 0.0083  memory: 9163  loss: 0.0307  decode.loss_ce: 0.0307  decode.acc_seg: 97.4838
2025/03/10 00:48:06 - mmengine - INFO - Iter(train) [136850/160000]  lr: 1.0000e-04  eta: 1:42:55  time: 0.2568  data_time: 0.0084  memory: 9163  loss: 0.0279  decode.loss_ce: 0.0279  decode.acc_seg: 98.3305
2025/03/10 00:48:19 - mmengine - INFO - Iter(train) [136900/160000]  lr: 1.0000e-04  eta: 1:42:42  time: 0.2551  data_time: 0.0080  memory: 9163  loss: 0.0165  decode.loss_ce: 0.0165  decode.acc_seg: 99.8633
2025/03/10 00:48:31 - mmengine - INFO - Iter(train) [136950/160000]  lr: 1.0000e-04  eta: 1:42:28  time: 0.2543  data_time: 0.0083  memory: 9163  loss: 0.0212  decode.loss_ce: 0.0212  decode.acc_seg: 99.3258
2025/03/10 00:48:44 - mmengine - INFO - Exp name: efficient_20250309_140341
2025/03/10 00:48:44 - mmengine - INFO - Iter(train) [137000/160000]  lr: 1.0000e-04  eta: 1:42:15  time: 0.2553  data_time: 0.0081  memory: 9163  loss: 0.0196  decode.loss_ce: 0.0196  decode.acc_seg: 100.0000
2025/03/10 00:48:57 - mmengine - INFO - Iter(train) [137050/160000]  lr: 1.0000e-04  eta: 1:42:01  time: 0.2538  data_time: 0.0079  memory: 9163  loss: 0.0424  decode.loss_ce: 0.0424  decode.acc_seg: 99.2617
2025/03/10 00:49:10 - mmengine - INFO - Iter(train) [137100/160000]  lr: 1.0000e-04  eta: 1:41:48  time: 0.2547  data_time: 0.0079  memory: 9163  loss: 0.0463  decode.loss_ce: 0.0463  decode.acc_seg: 96.5433
2025/03/10 00:49:23 - mmengine - INFO - Iter(train) [137150/160000]  lr: 1.0000e-04  eta: 1:41:34  time: 0.2533  data_time: 0.0081  memory: 9163  loss: 0.0192  decode.loss_ce: 0.0192  decode.acc_seg: 97.1795
2025/03/10 00:49:35 - mmengine - INFO - Iter(train) [137200/160000]  lr: 1.0000e-04  eta: 1:41:21  time: 0.2541  data_time: 0.0081  memory: 9163  loss: 0.0203  decode.loss_ce: 0.0203  decode.acc_seg: 99.8289
2025/03/10 00:49:48 - mmengine - INFO - Iter(train) [137250/160000]  lr: 1.0000e-04  eta: 1:41:08  time: 0.2550  data_time: 0.0080  memory: 9163  loss: 0.0314  decode.loss_ce: 0.0314  decode.acc_seg: 98.7491
2025/03/10 00:50:01 - mmengine - INFO - Iter(train) [137300/160000]  lr: 1.0000e-04  eta: 1:40:54  time: 0.2572  data_time: 0.0085  memory: 9163  loss: 0.0356  decode.loss_ce: 0.0356  decode.acc_seg: 98.9253
2025/03/10 00:50:14 - mmengine - INFO - Iter(train) [137350/160000]  lr: 1.0000e-04  eta: 1:40:41  time: 0.2554  data_time: 0.0085  memory: 9163  loss: 0.0287  decode.loss_ce: 0.0287  decode.acc_seg: 99.8486
2025/03/10 00:50:27 - mmengine - INFO - Iter(train) [137400/160000]  lr: 1.0000e-04  eta: 1:40:27  time: 0.2561  data_time: 0.0083  memory: 9163  loss: 0.0242  decode.loss_ce: 0.0242  decode.acc_seg: 98.0104
2025/03/10 00:50:39 - mmengine - INFO - Iter(train) [137450/160000]  lr: 1.0000e-04  eta: 1:40:14  time: 0.2535  data_time: 0.0082  memory: 9163  loss: 0.0230  decode.loss_ce: 0.0230  decode.acc_seg: 98.9179
2025/03/10 00:50:52 - mmengine - INFO - Iter(train) [137500/160000]  lr: 1.0000e-04  eta: 1:40:00  time: 0.2543  data_time: 0.0082  memory: 9163  loss: 0.0259  decode.loss_ce: 0.0259  decode.acc_seg: 99.0349
2025/03/10 00:51:05 - mmengine - INFO - Iter(train) [137550/160000]  lr: 1.0000e-04  eta: 1:39:47  time: 0.2546  data_time: 0.0081  memory: 9163  loss: 0.0196  decode.loss_ce: 0.0196  decode.acc_seg: 99.3236
2025/03/10 00:51:18 - mmengine - INFO - Iter(train) [137600/160000]  lr: 1.0000e-04  eta: 1:39:34  time: 0.2544  data_time: 0.0082  memory: 9163  loss: 0.0203  decode.loss_ce: 0.0203  decode.acc_seg: 99.7783
2025/03/10 00:51:30 - mmengine - INFO - Iter(train) [137650/160000]  lr: 1.0000e-04  eta: 1:39:20  time: 0.2547  data_time: 0.0083  memory: 9163  loss: 0.0304  decode.loss_ce: 0.0304  decode.acc_seg: 99.2757
2025/03/10 00:51:43 - mmengine - INFO - Iter(train) [137700/160000]  lr: 1.0000e-04  eta: 1:39:07  time: 0.2536  data_time: 0.0081  memory: 9163  loss: 0.0247  decode.loss_ce: 0.0247  decode.acc_seg: 99.8874
2025/03/10 00:51:56 - mmengine - INFO - Iter(train) [137750/160000]  lr: 1.0000e-04  eta: 1:38:53  time: 0.2544  data_time: 0.0081  memory: 9163  loss: 0.0432  decode.loss_ce: 0.0432  decode.acc_seg: 93.2301
2025/03/10 00:52:09 - mmengine - INFO - Iter(train) [137800/160000]  lr: 1.0000e-04  eta: 1:38:40  time: 0.2541  data_time: 0.0082  memory: 9163  loss: 0.0202  decode.loss_ce: 0.0202  decode.acc_seg: 99.0814
2025/03/10 00:52:22 - mmengine - INFO - Iter(train) [137850/160000]  lr: 1.0000e-04  eta: 1:38:26  time: 0.2539  data_time: 0.0080  memory: 9163  loss: 0.0305  decode.loss_ce: 0.0305  decode.acc_seg: 97.7423
2025/03/10 00:52:34 - mmengine - INFO - Iter(train) [137900/160000]  lr: 1.0000e-04  eta: 1:38:13  time: 0.2551  data_time: 0.0082  memory: 9163  loss: 0.0187  decode.loss_ce: 0.0187  decode.acc_seg: 99.8133
2025/03/10 00:52:47 - mmengine - INFO - Iter(train) [137950/160000]  lr: 1.0000e-04  eta: 1:38:00  time: 0.2540  data_time: 0.0080  memory: 9163  loss: 0.0323  decode.loss_ce: 0.0323  decode.acc_seg: 99.7675
2025/03/10 00:53:00 - mmengine - INFO - Exp name: efficient_20250309_140341
2025/03/10 00:53:00 - mmengine - INFO - Iter(train) [138000/160000]  lr: 1.0000e-04  eta: 1:37:46  time: 0.2542  data_time: 0.0082  memory: 9163  loss: 0.0302  decode.loss_ce: 0.0302  decode.acc_seg: 96.9929
2025/03/10 00:53:13 - mmengine - INFO - Iter(train) [138050/160000]  lr: 1.0000e-04  eta: 1:37:33  time: 0.2532  data_time: 0.0080  memory: 9163  loss: 0.0295  decode.loss_ce: 0.0295  decode.acc_seg: 99.0791
2025/03/10 00:53:25 - mmengine - INFO - Iter(train) [138100/160000]  lr: 1.0000e-04  eta: 1:37:19  time: 0.2562  data_time: 0.0081  memory: 9163  loss: 0.0278  decode.loss_ce: 0.0278  decode.acc_seg: 99.0543
2025/03/10 00:53:38 - mmengine - INFO - Iter(train) [138150/160000]  lr: 1.0000e-04  eta: 1:37:06  time: 0.2540  data_time: 0.0083  memory: 9163  loss: 0.0181  decode.loss_ce: 0.0181  decode.acc_seg: 99.8578
2025/03/10 00:53:51 - mmengine - INFO - Iter(train) [138200/160000]  lr: 1.0000e-04  eta: 1:36:52  time: 0.2543  data_time: 0.0080  memory: 9163  loss: 0.0239  decode.loss_ce: 0.0239  decode.acc_seg: 99.0158
2025/03/10 00:54:04 - mmengine - INFO - Iter(train) [138250/160000]  lr: 1.0000e-04  eta: 1:36:39  time: 0.2550  data_time: 0.0085  memory: 9163  loss: 0.0142  decode.loss_ce: 0.0142  decode.acc_seg: 98.2840
2025/03/10 00:54:16 - mmengine - INFO - Iter(train) [138300/160000]  lr: 1.0000e-04  eta: 1:36:26  time: 0.2548  data_time: 0.0082  memory: 9163  loss: 0.0276  decode.loss_ce: 0.0276  decode.acc_seg: 97.9416
2025/03/10 00:54:29 - mmengine - INFO - Iter(train) [138350/160000]  lr: 1.0000e-04  eta: 1:36:12  time: 0.2563  data_time: 0.0080  memory: 9163  loss: 0.0396  decode.loss_ce: 0.0396  decode.acc_seg: 100.0000
2025/03/10 00:54:42 - mmengine - INFO - Iter(train) [138400/160000]  lr: 1.0000e-04  eta: 1:35:59  time: 0.2571  data_time: 0.0087  memory: 9163  loss: 0.0326  decode.loss_ce: 0.0326  decode.acc_seg: 97.8780
2025/03/10 00:54:55 - mmengine - INFO - Iter(train) [138450/160000]  lr: 1.0000e-04  eta: 1:35:45  time: 0.2571  data_time: 0.0084  memory: 9163  loss: 0.0254  decode.loss_ce: 0.0254  decode.acc_seg: 96.5700
2025/03/10 00:55:08 - mmengine - INFO - Iter(train) [138500/160000]  lr: 1.0000e-04  eta: 1:35:32  time: 0.2543  data_time: 0.0081  memory: 9163  loss: 0.0167  decode.loss_ce: 0.0167  decode.acc_seg: 98.5847
2025/03/10 00:55:20 - mmengine - INFO - Iter(train) [138550/160000]  lr: 1.0000e-04  eta: 1:35:18  time: 0.2545  data_time: 0.0082  memory: 9163  loss: 0.0303  decode.loss_ce: 0.0303  decode.acc_seg: 99.6841
2025/03/10 00:55:33 - mmengine - INFO - Iter(train) [138600/160000]  lr: 1.0000e-04  eta: 1:35:05  time: 0.2553  data_time: 0.0084  memory: 9163  loss: 0.0126  decode.loss_ce: 0.0126  decode.acc_seg: 99.9369
2025/03/10 00:55:46 - mmengine - INFO - Iter(train) [138650/160000]  lr: 1.0000e-04  eta: 1:34:52  time: 0.2542  data_time: 0.0084  memory: 9163  loss: 0.0226  decode.loss_ce: 0.0226  decode.acc_seg: 99.6137
2025/03/10 00:55:59 - mmengine - INFO - Iter(train) [138700/160000]  lr: 1.0000e-04  eta: 1:34:38  time: 0.2542  data_time: 0.0081  memory: 9163  loss: 0.0319  decode.loss_ce: 0.0319  decode.acc_seg: 99.7757
2025/03/10 00:56:11 - mmengine - INFO - Iter(train) [138750/160000]  lr: 1.0000e-04  eta: 1:34:25  time: 0.2547  data_time: 0.0082  memory: 9163  loss: 0.0206  decode.loss_ce: 0.0206  decode.acc_seg: 98.3000
2025/03/10 00:56:24 - mmengine - INFO - Iter(train) [138800/160000]  lr: 1.0000e-04  eta: 1:34:11  time: 0.2542  data_time: 0.0079  memory: 9163  loss: 0.0284  decode.loss_ce: 0.0284  decode.acc_seg: 99.2529
2025/03/10 00:56:37 - mmengine - INFO - Iter(train) [138850/160000]  lr: 1.0000e-04  eta: 1:33:58  time: 0.2531  data_time: 0.0078  memory: 9163  loss: 0.0261  decode.loss_ce: 0.0261  decode.acc_seg: 99.3065
2025/03/10 00:56:50 - mmengine - INFO - Iter(train) [138900/160000]  lr: 1.0000e-04  eta: 1:33:44  time: 0.2542  data_time: 0.0083  memory: 9163  loss: 0.0297  decode.loss_ce: 0.0297  decode.acc_seg: 99.5252
2025/03/10 00:57:03 - mmengine - INFO - Iter(train) [138950/160000]  lr: 1.0000e-04  eta: 1:33:31  time: 0.2536  data_time: 0.0081  memory: 9163  loss: 0.0231  decode.loss_ce: 0.0231  decode.acc_seg: 99.8290
2025/03/10 00:57:15 - mmengine - INFO - Exp name: efficient_20250309_140341
2025/03/10 00:57:15 - mmengine - INFO - Iter(train) [139000/160000]  lr: 1.0000e-04  eta: 1:33:18  time: 0.2545  data_time: 0.0080  memory: 9163  loss: 0.0143  decode.loss_ce: 0.0143  decode.acc_seg: 98.5818
2025/03/10 00:57:28 - mmengine - INFO - Iter(train) [139050/160000]  lr: 1.0000e-04  eta: 1:33:04  time: 0.2540  data_time: 0.0080  memory: 9163  loss: 0.0370  decode.loss_ce: 0.0370  decode.acc_seg: 98.2723
2025/03/10 00:57:41 - mmengine - INFO - Iter(train) [139100/160000]  lr: 1.0000e-04  eta: 1:32:51  time: 0.2566  data_time: 0.0087  memory: 9163  loss: 0.0296  decode.loss_ce: 0.0296  decode.acc_seg: 97.8500
2025/03/10 00:57:54 - mmengine - INFO - Iter(train) [139150/160000]  lr: 1.0000e-04  eta: 1:32:37  time: 0.2543  data_time: 0.0085  memory: 9163  loss: 0.0284  decode.loss_ce: 0.0284  decode.acc_seg: 99.0103
2025/03/10 00:58:07 - mmengine - INFO - Iter(train) [139200/160000]  lr: 1.0000e-04  eta: 1:32:24  time: 0.2564  data_time: 0.0084  memory: 9163  loss: 0.0222  decode.loss_ce: 0.0222  decode.acc_seg: 97.6654
2025/03/10 00:58:19 - mmengine - INFO - Iter(train) [139250/160000]  lr: 1.0000e-04  eta: 1:32:11  time: 0.2568  data_time: 0.0082  memory: 9163  loss: 0.0257  decode.loss_ce: 0.0257  decode.acc_seg: 99.9685
2025/03/10 00:58:32 - mmengine - INFO - Iter(train) [139300/160000]  lr: 1.0000e-04  eta: 1:31:57  time: 0.2539  data_time: 0.0079  memory: 9163  loss: 0.0262  decode.loss_ce: 0.0262  decode.acc_seg: 99.4253
2025/03/10 00:58:45 - mmengine - INFO - Iter(train) [139350/160000]  lr: 1.0000e-04  eta: 1:31:44  time: 0.2544  data_time: 0.0081  memory: 9163  loss: 0.0295  decode.loss_ce: 0.0295  decode.acc_seg: 97.8268
2025/03/10 00:58:58 - mmengine - INFO - Iter(train) [139400/160000]  lr: 1.0000e-04  eta: 1:31:30  time: 0.2546  data_time: 0.0086  memory: 9163  loss: 0.0321  decode.loss_ce: 0.0321  decode.acc_seg: 98.1676
2025/03/10 00:58:58 - mmengine - INFO - Saving checkpoint at 139400 iterations
2025/03/10 00:59:12 - mmengine - INFO - Iter(train) [139450/160000]  lr: 1.0000e-04  eta: 1:31:17  time: 0.2569  data_time: 0.0088  memory: 9163  loss: 0.0204  decode.loss_ce: 0.0204  decode.acc_seg: 99.5910
2025/03/10 00:59:25 - mmengine - INFO - Iter(train) [139500/160000]  lr: 1.0000e-04  eta: 1:31:04  time: 0.2540  data_time: 0.0081  memory: 9163  loss: 0.0333  decode.loss_ce: 0.0333  decode.acc_seg: 98.2317
2025/03/10 00:59:38 - mmengine - INFO - Iter(train) [139550/160000]  lr: 1.0000e-04  eta: 1:30:50  time: 0.2572  data_time: 0.0083  memory: 9163  loss: 0.0199  decode.loss_ce: 0.0199  decode.acc_seg: 99.6819
2025/03/10 00:59:51 - mmengine - INFO - Iter(train) [139600/160000]  lr: 1.0000e-04  eta: 1:30:37  time: 0.2542  data_time: 0.0084  memory: 9163  loss: 0.0388  decode.loss_ce: 0.0388  decode.acc_seg: 98.5427
2025/03/10 01:00:04 - mmengine - INFO - Iter(train) [139650/160000]  lr: 1.0000e-04  eta: 1:30:24  time: 0.2542  data_time: 0.0082  memory: 9163  loss: 0.0320  decode.loss_ce: 0.0320  decode.acc_seg: 97.5562
2025/03/10 01:00:16 - mmengine - INFO - Iter(train) [139700/160000]  lr: 1.0000e-04  eta: 1:30:10  time: 0.2570  data_time: 0.0087  memory: 9163  loss: 0.0232  decode.loss_ce: 0.0232  decode.acc_seg: 99.8137
2025/03/10 01:00:29 - mmengine - INFO - Iter(train) [139750/160000]  lr: 1.0000e-04  eta: 1:29:57  time: 0.2543  data_time: 0.0080  memory: 9163  loss: 0.0304  decode.loss_ce: 0.0304  decode.acc_seg: 99.9103
2025/03/10 01:00:42 - mmengine - INFO - Iter(train) [139800/160000]  lr: 1.0000e-04  eta: 1:29:43  time: 0.2551  data_time: 0.0082  memory: 9163  loss: 0.0288  decode.loss_ce: 0.0288  decode.acc_seg: 99.9441
2025/03/10 01:00:55 - mmengine - INFO - Iter(train) [139850/160000]  lr: 1.0000e-04  eta: 1:29:30  time: 0.2573  data_time: 0.0083  memory: 9163  loss: 0.0212  decode.loss_ce: 0.0212  decode.acc_seg: 98.6356
2025/03/10 01:01:08 - mmengine - INFO - Iter(train) [139900/160000]  lr: 1.0000e-04  eta: 1:29:17  time: 0.2540  data_time: 0.0084  memory: 9163  loss: 0.0138  decode.loss_ce: 0.0138  decode.acc_seg: 99.5854
2025/03/10 01:01:20 - mmengine - INFO - Iter(train) [139950/160000]  lr: 1.0000e-04  eta: 1:29:03  time: 0.2570  data_time: 0.0081  memory: 9163  loss: 0.0380  decode.loss_ce: 0.0380  decode.acc_seg: 99.7427
2025/03/10 01:01:33 - mmengine - INFO - Exp name: efficient_20250309_140341
2025/03/10 01:01:33 - mmengine - INFO - Iter(train) [140000/160000]  lr: 1.0000e-04  eta: 1:28:50  time: 0.2573  data_time: 0.0086  memory: 9163  loss: 0.0253  decode.loss_ce: 0.0253  decode.acc_seg: 98.9141
2025/03/10 01:01:36 - mmengine - INFO - Iter(val) [ 50/869]    eta: 0:00:47  time: 0.0557  data_time: 0.0026  memory: 636  
2025/03/10 01:01:39 - mmengine - INFO - Iter(val) [100/869]    eta: 0:00:43  time: 0.0560  data_time: 0.0025  memory: 636  
2025/03/10 01:01:42 - mmengine - INFO - Iter(val) [150/869]    eta: 0:00:40  time: 0.0563  data_time: 0.0025  memory: 636  
2025/03/10 01:01:45 - mmengine - INFO - Iter(val) [200/869]    eta: 0:00:38  time: 0.0599  data_time: 0.0028  memory: 636  
2025/03/10 01:01:47 - mmengine - INFO - Iter(val) [250/869]    eta: 0:00:35  time: 0.0556  data_time: 0.0023  memory: 636  
2025/03/10 01:01:50 - mmengine - INFO - Iter(val) [300/869]    eta: 0:00:32  time: 0.0549  data_time: 0.0027  memory: 636  
2025/03/10 01:01:53 - mmengine - INFO - Iter(val) [350/869]    eta: 0:00:29  time: 0.0562  data_time: 0.0025  memory: 636  
2025/03/10 01:01:56 - mmengine - INFO - Iter(val) [400/869]    eta: 0:00:26  time: 0.0564  data_time: 0.0029  memory: 636  
2025/03/10 01:01:59 - mmengine - INFO - Iter(val) [450/869]    eta: 0:00:23  time: 0.0561  data_time: 0.0025  memory: 636  
2025/03/10 01:02:01 - mmengine - INFO - Iter(val) [500/869]    eta: 0:00:20  time: 0.0561  data_time: 0.0025  memory: 636  
2025/03/10 01:02:04 - mmengine - INFO - Iter(val) [550/869]    eta: 0:00:17  time: 0.0556  data_time: 0.0025  memory: 636  
2025/03/10 01:02:07 - mmengine - INFO - Iter(val) [600/869]    eta: 0:00:15  time: 0.0555  data_time: 0.0025  memory: 636  
2025/03/10 01:02:10 - mmengine - INFO - Iter(val) [650/869]    eta: 0:00:12  time: 0.0566  data_time: 0.0028  memory: 636  
2025/03/10 01:02:13 - mmengine - INFO - Iter(val) [700/869]    eta: 0:00:09  time: 0.0574  data_time: 0.0027  memory: 636  
2025/03/10 01:02:16 - mmengine - INFO - Iter(val) [750/869]    eta: 0:00:06  time: 0.0563  data_time: 0.0027  memory: 636  
2025/03/10 01:02:18 - mmengine - INFO - Iter(val) [800/869]    eta: 0:00:03  time: 0.0555  data_time: 0.0024  memory: 636  
2025/03/10 01:02:21 - mmengine - INFO - Iter(val) [850/869]    eta: 0:00:01  time: 0.0558  data_time: 0.0024  memory: 636  
2025/03/10 01:02:22 - mmengine - INFO - per class results:
2025/03/10 01:02:22 - mmengine - INFO - 
+------------+-------+-------+--------+-----------+--------+
|   Class    |  IoU  |  Acc  | Fscore | Precision | Recall |
+------------+-------+-------+--------+-----------+--------+
| background | 97.18 | 97.96 | 98.57  |   99.19   | 97.96  |
|    ghaf    | 54.95 | 81.29 | 70.93  |   62.91   | 81.29  |
+------------+-------+-------+--------+-----------+--------+
2025/03/10 01:02:22 - mmengine - INFO - Iter(val) [869/869]    aAcc: 97.2800  mIoU: 76.0700  mAcc: 89.6200  mFscore: 84.7500  mPrecision: 81.0500  mRecall: 89.6200  data_time: 0.0027  time: 0.0563
2025/03/10 01:02:35 - mmengine - INFO - Iter(train) [140050/160000]  lr: 1.0000e-04  eta: 1:28:36  time: 0.2571  data_time: 0.0084  memory: 9163  loss: 0.0286  decode.loss_ce: 0.0286  decode.acc_seg: 97.3236
2025/03/10 01:02:48 - mmengine - INFO - Iter(train) [140100/160000]  lr: 1.0000e-04  eta: 1:28:23  time: 0.2556  data_time: 0.0082  memory: 9163  loss: 0.0270  decode.loss_ce: 0.0270  decode.acc_seg: 98.4537
2025/03/10 01:03:01 - mmengine - INFO - Iter(train) [140150/160000]  lr: 1.0000e-04  eta: 1:28:10  time: 0.2539  data_time: 0.0078  memory: 9163  loss: 0.0353  decode.loss_ce: 0.0353  decode.acc_seg: 99.2745
2025/03/10 01:03:14 - mmengine - INFO - Iter(train) [140200/160000]  lr: 1.0000e-04  eta: 1:27:56  time: 0.2581  data_time: 0.0084  memory: 9163  loss: 0.0281  decode.loss_ce: 0.0281  decode.acc_seg: 98.1137
2025/03/10 01:03:26 - mmengine - INFO - Iter(train) [140250/160000]  lr: 1.0000e-04  eta: 1:27:43  time: 0.2541  data_time: 0.0079  memory: 9163  loss: 0.0344  decode.loss_ce: 0.0344  decode.acc_seg: 96.2300
2025/03/10 01:03:39 - mmengine - INFO - Iter(train) [140300/160000]  lr: 1.0000e-04  eta: 1:27:29  time: 0.2545  data_time: 0.0080  memory: 9163  loss: 0.0215  decode.loss_ce: 0.0215  decode.acc_seg: 98.6443
2025/03/10 01:03:52 - mmengine - INFO - Iter(train) [140350/160000]  lr: 1.0000e-04  eta: 1:27:16  time: 0.2543  data_time: 0.0080  memory: 9163  loss: 0.0387  decode.loss_ce: 0.0387  decode.acc_seg: 99.3685
2025/03/10 01:04:05 - mmengine - INFO - Iter(train) [140400/160000]  lr: 1.0000e-04  eta: 1:27:02  time: 0.2536  data_time: 0.0083  memory: 9163  loss: 0.0213  decode.loss_ce: 0.0213  decode.acc_seg: 99.1439
2025/03/10 01:04:18 - mmengine - INFO - Iter(train) [140450/160000]  lr: 1.0000e-04  eta: 1:26:49  time: 0.2568  data_time: 0.0084  memory: 9163  loss: 0.0331  decode.loss_ce: 0.0331  decode.acc_seg: 99.1586
2025/03/10 01:04:30 - mmengine - INFO - Iter(train) [140500/160000]  lr: 1.0000e-04  eta: 1:26:36  time: 0.2555  data_time: 0.0082  memory: 9163  loss: 0.0154  decode.loss_ce: 0.0154  decode.acc_seg: 99.4128
2025/03/10 01:04:43 - mmengine - INFO - Iter(train) [140550/160000]  lr: 1.0000e-04  eta: 1:26:22  time: 0.2542  data_time: 0.0078  memory: 9163  loss: 0.0325  decode.loss_ce: 0.0325  decode.acc_seg: 99.6716
2025/03/10 01:04:56 - mmengine - INFO - Iter(train) [140600/160000]  lr: 1.0000e-04  eta: 1:26:09  time: 0.2545  data_time: 0.0082  memory: 9163  loss: 0.0267  decode.loss_ce: 0.0267  decode.acc_seg: 97.2152
2025/03/10 01:05:09 - mmengine - INFO - Iter(train) [140650/160000]  lr: 1.0000e-04  eta: 1:25:55  time: 0.2536  data_time: 0.0086  memory: 9163  loss: 0.0122  decode.loss_ce: 0.0122  decode.acc_seg: 99.9475
2025/03/10 01:05:22 - mmengine - INFO - Iter(train) [140700/160000]  lr: 1.0000e-04  eta: 1:25:42  time: 0.2545  data_time: 0.0082  memory: 9163  loss: 0.0274  decode.loss_ce: 0.0274  decode.acc_seg: 99.0968
2025/03/10 01:05:34 - mmengine - INFO - Iter(train) [140750/160000]  lr: 1.0000e-04  eta: 1:25:29  time: 0.2542  data_time: 0.0084  memory: 9163  loss: 0.0313  decode.loss_ce: 0.0313  decode.acc_seg: 99.7242
2025/03/10 01:05:47 - mmengine - INFO - Iter(train) [140800/160000]  lr: 1.0000e-04  eta: 1:25:15  time: 0.2548  data_time: 0.0084  memory: 9163  loss: 0.0353  decode.loss_ce: 0.0353  decode.acc_seg: 99.8128
2025/03/10 01:06:00 - mmengine - INFO - Iter(train) [140850/160000]  lr: 1.0000e-04  eta: 1:25:02  time: 0.2538  data_time: 0.0081  memory: 9163  loss: 0.0174  decode.loss_ce: 0.0174  decode.acc_seg: 99.6242
2025/03/10 01:06:13 - mmengine - INFO - Iter(train) [140900/160000]  lr: 1.0000e-04  eta: 1:24:48  time: 0.2541  data_time: 0.0080  memory: 9163  loss: 0.0371  decode.loss_ce: 0.0371  decode.acc_seg: 99.3526
2025/03/10 01:06:26 - mmengine - INFO - Iter(train) [140950/160000]  lr: 1.0000e-04  eta: 1:24:35  time: 0.2570  data_time: 0.0081  memory: 9163  loss: 0.0345  decode.loss_ce: 0.0345  decode.acc_seg: 97.4176
2025/03/10 01:06:38 - mmengine - INFO - Exp name: efficient_20250309_140341
2025/03/10 01:06:38 - mmengine - INFO - Iter(train) [141000/160000]  lr: 1.0000e-04  eta: 1:24:22  time: 0.2538  data_time: 0.0083  memory: 9163  loss: 0.0276  decode.loss_ce: 0.0276  decode.acc_seg: 99.7886
2025/03/10 01:06:51 - mmengine - INFO - Iter(train) [141050/160000]  lr: 1.0000e-04  eta: 1:24:08  time: 0.2538  data_time: 0.0081  memory: 9163  loss: 0.0312  decode.loss_ce: 0.0312  decode.acc_seg: 99.3016
2025/03/10 01:07:04 - mmengine - INFO - Iter(train) [141100/160000]  lr: 1.0000e-04  eta: 1:23:55  time: 0.2560  data_time: 0.0081  memory: 9163  loss: 0.0213  decode.loss_ce: 0.0213  decode.acc_seg: 98.8623
2025/03/10 01:07:17 - mmengine - INFO - Iter(train) [141150/160000]  lr: 1.0000e-04  eta: 1:23:42  time: 0.2578  data_time: 0.0084  memory: 9163  loss: 0.0259  decode.loss_ce: 0.0259  decode.acc_seg: 97.9936
2025/03/10 01:08:56 - mmengine - INFO - Iter(train) [141200/160000]  lr: 1.0000e-04  eta: 1:23:40  time: 0.2470  data_time: 0.0084  memory: 9163  loss: 0.0355  decode.loss_ce: 0.0355  decode.acc_seg: 99.6589
2025/03/10 01:09:08 - mmengine - INFO - Iter(train) [141250/160000]  lr: 1.0000e-04  eta: 1:23:26  time: 0.2459  data_time: 0.0081  memory: 9163  loss: 0.0411  decode.loss_ce: 0.0411  decode.acc_seg: 99.8435
2025/03/10 01:09:21 - mmengine - INFO - Iter(train) [141300/160000]  lr: 1.0000e-04  eta: 1:23:13  time: 0.2479  data_time: 0.0084  memory: 9163  loss: 0.0429  decode.loss_ce: 0.0429  decode.acc_seg: 97.9789
2025/03/10 01:09:33 - mmengine - INFO - Iter(train) [141350/160000]  lr: 1.0000e-04  eta: 1:22:59  time: 0.2467  data_time: 0.0081  memory: 9163  loss: 0.0218  decode.loss_ce: 0.0218  decode.acc_seg: 99.8925
2025/03/10 01:09:46 - mmengine - INFO - Iter(train) [141400/160000]  lr: 1.0000e-04  eta: 1:22:46  time: 0.2479  data_time: 0.0079  memory: 9163  loss: 0.0415  decode.loss_ce: 0.0415  decode.acc_seg: 97.3003
2025/03/10 01:09:58 - mmengine - INFO - Iter(train) [141450/160000]  lr: 1.0000e-04  eta: 1:22:32  time: 0.2473  data_time: 0.0078  memory: 9163  loss: 0.0286  decode.loss_ce: 0.0286  decode.acc_seg: 97.8868
2025/03/10 01:10:11 - mmengine - INFO - Iter(train) [141500/160000]  lr: 1.0000e-04  eta: 1:22:19  time: 0.2551  data_time: 0.0083  memory: 9163  loss: 0.0324  decode.loss_ce: 0.0324  decode.acc_seg: 99.8741
2025/03/10 01:10:24 - mmengine - INFO - Iter(train) [141550/160000]  lr: 1.0000e-04  eta: 1:22:05  time: 0.2566  data_time: 0.0093  memory: 9163  loss: 0.0350  decode.loss_ce: 0.0350  decode.acc_seg: 99.5711
2025/03/10 01:10:37 - mmengine - INFO - Iter(train) [141600/160000]  lr: 1.0000e-04  eta: 1:21:52  time: 0.2579  data_time: 0.0088  memory: 9163  loss: 0.0197  decode.loss_ce: 0.0197  decode.acc_seg: 99.9456
2025/03/10 01:10:49 - mmengine - INFO - Iter(train) [141650/160000]  lr: 1.0000e-04  eta: 1:21:39  time: 0.2576  data_time: 0.0088  memory: 9163  loss: 0.0316  decode.loss_ce: 0.0316  decode.acc_seg: 99.1770
2025/03/10 01:11:02 - mmengine - INFO - Iter(train) [141700/160000]  lr: 1.0000e-04  eta: 1:21:25  time: 0.2582  data_time: 0.0091  memory: 9163  loss: 0.0237  decode.loss_ce: 0.0237  decode.acc_seg: 98.6429
2025/03/10 01:11:15 - mmengine - INFO - Iter(train) [141750/160000]  lr: 1.0000e-04  eta: 1:21:12  time: 0.2565  data_time: 0.0083  memory: 9163  loss: 0.0926  decode.loss_ce: 0.0926  decode.acc_seg: 99.3355
2025/03/10 01:11:28 - mmengine - INFO - Iter(train) [141800/160000]  lr: 1.0000e-04  eta: 1:20:58  time: 0.2564  data_time: 0.0087  memory: 9163  loss: 0.0147  decode.loss_ce: 0.0147  decode.acc_seg: 99.8529
2025/03/10 01:11:41 - mmengine - INFO - Iter(train) [141850/160000]  lr: 1.0000e-04  eta: 1:20:45  time: 0.2534  data_time: 0.0085  memory: 9163  loss: 0.0383  decode.loss_ce: 0.0383  decode.acc_seg: 99.4339
2025/03/10 01:11:54 - mmengine - INFO - Iter(train) [141900/160000]  lr: 1.0000e-04  eta: 1:20:31  time: 0.2553  data_time: 0.0083  memory: 9163  loss: 0.0268  decode.loss_ce: 0.0268  decode.acc_seg: 94.6957
2025/03/10 01:12:07 - mmengine - INFO - Iter(train) [141950/160000]  lr: 1.0000e-04  eta: 1:20:18  time: 0.2580  data_time: 0.0087  memory: 9163  loss: 0.0264  decode.loss_ce: 0.0264  decode.acc_seg: 97.3048
2025/03/10 01:12:20 - mmengine - INFO - Exp name: efficient_20250309_140341
2025/03/10 01:12:20 - mmengine - INFO - Iter(train) [142000/160000]  lr: 1.0000e-04  eta: 1:20:05  time: 0.2560  data_time: 0.0083  memory: 9163  loss: 0.0226  decode.loss_ce: 0.0226  decode.acc_seg: 99.6616
2025/03/10 01:12:33 - mmengine - INFO - Iter(train) [142050/160000]  lr: 1.0000e-04  eta: 1:19:51  time: 0.2575  data_time: 0.0088  memory: 9163  loss: 0.0434  decode.loss_ce: 0.0434  decode.acc_seg: 98.2587
2025/03/10 01:12:46 - mmengine - INFO - Iter(train) [142100/160000]  lr: 1.0000e-04  eta: 1:19:38  time: 0.2589  data_time: 0.0086  memory: 9163  loss: 0.0188  decode.loss_ce: 0.0188  decode.acc_seg: 99.0019
2025/03/10 01:12:58 - mmengine - INFO - Iter(train) [142150/160000]  lr: 1.0000e-04  eta: 1:19:24  time: 0.2573  data_time: 0.0087  memory: 9163  loss: 0.0340  decode.loss_ce: 0.0340  decode.acc_seg: 98.2719
2025/03/10 01:13:11 - mmengine - INFO - Iter(train) [142200/160000]  lr: 1.0000e-04  eta: 1:19:11  time: 0.2565  data_time: 0.0081  memory: 9163  loss: 0.0180  decode.loss_ce: 0.0180  decode.acc_seg: 99.5463
2025/03/10 01:13:24 - mmengine - INFO - Iter(train) [142250/160000]  lr: 1.0000e-04  eta: 1:18:58  time: 0.2571  data_time: 0.0084  memory: 9163  loss: 0.0239  decode.loss_ce: 0.0239  decode.acc_seg: 98.3165
2025/03/10 01:13:37 - mmengine - INFO - Iter(train) [142300/160000]  lr: 1.0000e-04  eta: 1:18:44  time: 0.2607  data_time: 0.0090  memory: 9163  loss: 0.0283  decode.loss_ce: 0.0283  decode.acc_seg: 99.7065
2025/03/10 01:13:50 - mmengine - INFO - Iter(train) [142350/160000]  lr: 1.0000e-04  eta: 1:18:31  time: 0.2586  data_time: 0.0083  memory: 9163  loss: 0.0304  decode.loss_ce: 0.0304  decode.acc_seg: 98.6598
2025/03/10 01:14:03 - mmengine - INFO - Iter(train) [142400/160000]  lr: 1.0000e-04  eta: 1:18:17  time: 0.2555  data_time: 0.0090  memory: 9163  loss: 0.0208  decode.loss_ce: 0.0208  decode.acc_seg: 99.1437
2025/03/10 01:14:16 - mmengine - INFO - Iter(train) [142450/160000]  lr: 1.0000e-04  eta: 1:18:04  time: 0.2585  data_time: 0.0087  memory: 9163  loss: 0.0321  decode.loss_ce: 0.0321  decode.acc_seg: 99.1374
2025/03/10 01:14:29 - mmengine - INFO - Iter(train) [142500/160000]  lr: 1.0000e-04  eta: 1:17:51  time: 0.2535  data_time: 0.0083  memory: 9163  loss: 0.0274  decode.loss_ce: 0.0274  decode.acc_seg: 99.8020
2025/03/10 01:14:42 - mmengine - INFO - Iter(train) [142550/160000]  lr: 1.0000e-04  eta: 1:17:37  time: 0.2545  data_time: 0.0081  memory: 9163  loss: 0.0189  decode.loss_ce: 0.0189  decode.acc_seg: 98.8734
2025/03/10 01:14:54 - mmengine - INFO - Iter(train) [142600/160000]  lr: 1.0000e-04  eta: 1:17:24  time: 0.2546  data_time: 0.0081  memory: 9163  loss: 0.0226  decode.loss_ce: 0.0226  decode.acc_seg: 99.2797
2025/03/10 01:15:07 - mmengine - INFO - Iter(train) [142650/160000]  lr: 1.0000e-04  eta: 1:17:10  time: 0.2555  data_time: 0.0086  memory: 9163  loss: 0.0256  decode.loss_ce: 0.0256  decode.acc_seg: 99.6593
2025/03/10 01:15:20 - mmengine - INFO - Iter(train) [142700/160000]  lr: 1.0000e-04  eta: 1:16:57  time: 0.2547  data_time: 0.0087  memory: 9163  loss: 0.0222  decode.loss_ce: 0.0222  decode.acc_seg: 99.6131
2025/03/10 01:15:33 - mmengine - INFO - Iter(train) [142750/160000]  lr: 1.0000e-04  eta: 1:16:43  time: 0.2544  data_time: 0.0080  memory: 9163  loss: 0.0241  decode.loss_ce: 0.0241  decode.acc_seg: 98.3063
2025/03/10 01:15:46 - mmengine - INFO - Iter(train) [142800/160000]  lr: 1.0000e-04  eta: 1:16:30  time: 0.2551  data_time: 0.0080  memory: 9163  loss: 0.0159  decode.loss_ce: 0.0159  decode.acc_seg: 99.1718
2025/03/10 01:15:46 - mmengine - INFO - Saving checkpoint at 142800 iterations
2025/03/10 01:16:00 - mmengine - INFO - Iter(train) [142850/160000]  lr: 1.0000e-04  eta: 1:16:17  time: 0.2549  data_time: 0.0083  memory: 9163  loss: 0.0232  decode.loss_ce: 0.0232  decode.acc_seg: 98.9078
2025/03/10 01:16:13 - mmengine - INFO - Iter(train) [142900/160000]  lr: 1.0000e-04  eta: 1:16:03  time: 0.2554  data_time: 0.0087  memory: 9163  loss: 0.0260  decode.loss_ce: 0.0260  decode.acc_seg: 99.5548
2025/03/10 01:16:26 - mmengine - INFO - Iter(train) [142950/160000]  lr: 1.0000e-04  eta: 1:15:50  time: 0.2593  data_time: 0.0087  memory: 9163  loss: 0.0264  decode.loss_ce: 0.0264  decode.acc_seg: 97.0655
2025/03/10 01:16:39 - mmengine - INFO - Exp name: efficient_20250309_140341
2025/03/10 01:16:39 - mmengine - INFO - Iter(train) [143000/160000]  lr: 1.0000e-04  eta: 1:15:37  time: 0.2569  data_time: 0.0090  memory: 9163  loss: 0.0194  decode.loss_ce: 0.0194  decode.acc_seg: 98.9251
2025/03/10 01:16:52 - mmengine - INFO - Iter(train) [143050/160000]  lr: 1.0000e-04  eta: 1:15:23  time: 0.2548  data_time: 0.0078  memory: 9163  loss: 0.0237  decode.loss_ce: 0.0237  decode.acc_seg: 99.6347
2025/03/10 01:17:05 - mmengine - INFO - Iter(train) [143100/160000]  lr: 1.0000e-04  eta: 1:15:10  time: 0.2543  data_time: 0.0080  memory: 9163  loss: 0.0293  decode.loss_ce: 0.0293  decode.acc_seg: 99.5342
2025/03/10 01:17:17 - mmengine - INFO - Iter(train) [143150/160000]  lr: 1.0000e-04  eta: 1:14:56  time: 0.2574  data_time: 0.0090  memory: 9163  loss: 0.0321  decode.loss_ce: 0.0321  decode.acc_seg: 98.4761
2025/03/10 01:17:30 - mmengine - INFO - Iter(train) [143200/160000]  lr: 1.0000e-04  eta: 1:14:43  time: 0.2543  data_time: 0.0080  memory: 9163  loss: 0.0191  decode.loss_ce: 0.0191  decode.acc_seg: 98.9038
2025/03/10 01:17:43 - mmengine - INFO - Iter(train) [143250/160000]  lr: 1.0000e-04  eta: 1:14:30  time: 0.2555  data_time: 0.0086  memory: 9163  loss: 0.0360  decode.loss_ce: 0.0360  decode.acc_seg: 98.6473
2025/03/10 01:17:56 - mmengine - INFO - Iter(train) [143300/160000]  lr: 1.0000e-04  eta: 1:14:16  time: 0.2575  data_time: 0.0088  memory: 9163  loss: 0.0235  decode.loss_ce: 0.0235  decode.acc_seg: 98.1946
2025/03/10 01:18:09 - mmengine - INFO - Iter(train) [143350/160000]  lr: 1.0000e-04  eta: 1:14:03  time: 0.2543  data_time: 0.0082  memory: 9163  loss: 0.0290  decode.loss_ce: 0.0290  decode.acc_seg: 99.4584
2025/03/10 01:18:22 - mmengine - INFO - Iter(train) [143400/160000]  lr: 1.0000e-04  eta: 1:13:49  time: 0.2550  data_time: 0.0086  memory: 9163  loss: 0.0368  decode.loss_ce: 0.0368  decode.acc_seg: 99.0358
2025/03/10 01:18:35 - mmengine - INFO - Iter(train) [143450/160000]  lr: 1.0000e-04  eta: 1:13:36  time: 0.2567  data_time: 0.0085  memory: 9163  loss: 0.0322  decode.loss_ce: 0.0322  decode.acc_seg: 98.1712
2025/03/10 01:18:47 - mmengine - INFO - Iter(train) [143500/160000]  lr: 1.0000e-04  eta: 1:13:23  time: 0.2551  data_time: 0.0086  memory: 9163  loss: 0.0248  decode.loss_ce: 0.0248  decode.acc_seg: 97.5341
2025/03/10 01:18:50 - mmengine - INFO - Iter(val) [ 50/869]    eta: 0:00:48  time: 0.0563  data_time: 0.0029  memory: 636  
2025/03/10 01:18:53 - mmengine - INFO - Iter(val) [100/869]    eta: 0:00:44  time: 0.0560  data_time: 0.0024  memory: 636  
2025/03/10 01:18:56 - mmengine - INFO - Iter(val) [150/869]    eta: 0:00:41  time: 0.0556  data_time: 0.0025  memory: 636  
2025/03/10 01:18:59 - mmengine - INFO - Iter(val) [200/869]    eta: 0:00:38  time: 0.0554  data_time: 0.0023  memory: 636  
2025/03/10 01:19:02 - mmengine - INFO - Iter(val) [250/869]    eta: 0:00:35  time: 0.0563  data_time: 0.0026  memory: 636  
2025/03/10 01:19:05 - mmengine - INFO - Iter(val) [300/869]    eta: 0:00:32  time: 0.0559  data_time: 0.0025  memory: 636  
2025/03/10 01:19:07 - mmengine - INFO - Iter(val) [350/869]    eta: 0:00:29  time: 0.0587  data_time: 0.0027  memory: 636  
2025/03/10 01:19:10 - mmengine - INFO - Iter(val) [400/869]    eta: 0:00:26  time: 0.0559  data_time: 0.0028  memory: 636  
2025/03/10 01:19:13 - mmengine - INFO - Iter(val) [450/869]    eta: 0:00:23  time: 0.0547  data_time: 0.0024  memory: 636  
2025/03/10 01:19:16 - mmengine - INFO - Iter(val) [500/869]    eta: 0:00:20  time: 0.0558  data_time: 0.0025  memory: 636  
2025/03/10 01:19:19 - mmengine - INFO - Iter(val) [550/869]    eta: 0:00:18  time: 0.0603  data_time: 0.0025  memory: 636  
2025/03/10 01:19:22 - mmengine - INFO - Iter(val) [600/869]    eta: 0:00:15  time: 0.0560  data_time: 0.0023  memory: 636  
2025/03/10 01:19:25 - mmengine - INFO - Iter(val) [650/869]    eta: 0:00:12  time: 0.0605  data_time: 0.0025  memory: 636  
2025/03/10 01:19:28 - mmengine - INFO - Iter(val) [700/869]    eta: 0:00:09  time: 0.0562  data_time: 0.0027  memory: 636  
2025/03/10 01:19:30 - mmengine - INFO - Iter(val) [750/869]    eta: 0:00:06  time: 0.0571  data_time: 0.0029  memory: 636  
2025/03/10 01:19:33 - mmengine - INFO - Iter(val) [800/869]    eta: 0:00:03  time: 0.0561  data_time: 0.0026  memory: 636  
2025/03/10 01:19:36 - mmengine - INFO - Iter(val) [850/869]    eta: 0:00:01  time: 0.0565  data_time: 0.0028  memory: 636  
2025/03/10 01:19:37 - mmengine - INFO - per class results:
2025/03/10 01:19:37 - mmengine - INFO - 
+------------+-------+-------+--------+-----------+--------+
|   Class    |  IoU  |  Acc  | Fscore | Precision | Recall |
+------------+-------+-------+--------+-----------+--------+
| background | 97.17 | 97.96 | 98.57  |   99.18   | 97.96  |
|    ghaf    | 54.77 |  81.0 | 70.77  |   62.84   |  81.0  |
+------------+-------+-------+--------+-----------+--------+
2025/03/10 01:19:37 - mmengine - INFO - Iter(val) [869/869]    aAcc: 97.2700  mIoU: 75.9700  mAcc: 89.4800  mFscore: 84.6700  mPrecision: 81.0100  mRecall: 89.4800  data_time: 0.0027  time: 0.0569
2025/03/10 01:19:50 - mmengine - INFO - Iter(train) [143550/160000]  lr: 1.0000e-04  eta: 1:13:09  time: 0.2565  data_time: 0.0091  memory: 9163  loss: 0.0393  decode.loss_ce: 0.0393  decode.acc_seg: 99.4241
2025/03/10 01:20:03 - mmengine - INFO - Iter(train) [143600/160000]  lr: 1.0000e-04  eta: 1:12:56  time: 0.2553  data_time: 0.0086  memory: 9163  loss: 0.0406  decode.loss_ce: 0.0406  decode.acc_seg: 97.5382
2025/03/10 01:20:16 - mmengine - INFO - Iter(train) [143650/160000]  lr: 1.0000e-04  eta: 1:12:42  time: 0.2544  data_time: 0.0077  memory: 9163  loss: 0.0267  decode.loss_ce: 0.0267  decode.acc_seg: 99.1913
2025/03/10 01:20:28 - mmengine - INFO - Iter(train) [143700/160000]  lr: 1.0000e-04  eta: 1:12:29  time: 0.2542  data_time: 0.0080  memory: 9163  loss: 0.0182  decode.loss_ce: 0.0182  decode.acc_seg: 97.8387
2025/03/10 01:20:41 - mmengine - INFO - Iter(train) [143750/160000]  lr: 1.0000e-04  eta: 1:12:16  time: 0.2541  data_time: 0.0080  memory: 9163  loss: 0.0261  decode.loss_ce: 0.0261  decode.acc_seg: 99.7096
2025/03/10 01:20:54 - mmengine - INFO - Iter(train) [143800/160000]  lr: 1.0000e-04  eta: 1:12:02  time: 0.2542  data_time: 0.0080  memory: 9163  loss: 0.0258  decode.loss_ce: 0.0258  decode.acc_seg: 99.6685
2025/03/10 01:21:07 - mmengine - INFO - Iter(train) [143850/160000]  lr: 1.0000e-04  eta: 1:11:49  time: 0.2545  data_time: 0.0083  memory: 9163  loss: 0.0344  decode.loss_ce: 0.0344  decode.acc_seg: 98.4868
2025/03/10 01:21:20 - mmengine - INFO - Iter(train) [143900/160000]  lr: 1.0000e-04  eta: 1:11:35  time: 0.2571  data_time: 0.0085  memory: 9163  loss: 0.0187  decode.loss_ce: 0.0187  decode.acc_seg: 99.9791
2025/03/10 01:21:32 - mmengine - INFO - Iter(train) [143950/160000]  lr: 1.0000e-04  eta: 1:11:22  time: 0.2540  data_time: 0.0079  memory: 9163  loss: 0.0219  decode.loss_ce: 0.0219  decode.acc_seg: 100.0000
2025/03/10 01:21:45 - mmengine - INFO - Exp name: efficient_20250309_140341
2025/03/10 01:21:45 - mmengine - INFO - Iter(train) [144000/160000]  lr: 1.0000e-04  eta: 1:11:09  time: 0.2543  data_time: 0.0080  memory: 9163  loss: 0.0161  decode.loss_ce: 0.0161  decode.acc_seg: 99.5370
2025/03/10 01:21:58 - mmengine - INFO - Iter(train) [144050/160000]  lr: 1.0000e-04  eta: 1:10:55  time: 0.2543  data_time: 0.0083  memory: 9163  loss: 0.0298  decode.loss_ce: 0.0298  decode.acc_seg: 98.6018
2025/03/10 01:22:11 - mmengine - INFO - Iter(train) [144100/160000]  lr: 1.0000e-04  eta: 1:10:42  time: 0.2542  data_time: 0.0082  memory: 9163  loss: 0.0272  decode.loss_ce: 0.0272  decode.acc_seg: 98.1040
2025/03/10 01:22:24 - mmengine - INFO - Iter(train) [144150/160000]  lr: 1.0000e-04  eta: 1:10:28  time: 0.2541  data_time: 0.0079  memory: 9163  loss: 0.0416  decode.loss_ce: 0.0416  decode.acc_seg: 98.6926
2025/03/10 01:22:36 - mmengine - INFO - Iter(train) [144200/160000]  lr: 1.0000e-04  eta: 1:10:15  time: 0.2543  data_time: 0.0083  memory: 9163  loss: 0.0395  decode.loss_ce: 0.0395  decode.acc_seg: 98.0728
2025/03/10 01:22:49 - mmengine - INFO - Iter(train) [144250/160000]  lr: 1.0000e-04  eta: 1:10:02  time: 0.2541  data_time: 0.0081  memory: 9163  loss: 0.0242  decode.loss_ce: 0.0242  decode.acc_seg: 99.5958
2025/03/10 01:23:02 - mmengine - INFO - Iter(train) [144300/160000]  lr: 1.0000e-04  eta: 1:09:48  time: 0.2541  data_time: 0.0081  memory: 9163  loss: 0.0260  decode.loss_ce: 0.0260  decode.acc_seg: 99.8241
2025/03/10 01:23:15 - mmengine - INFO - Iter(train) [144350/160000]  lr: 1.0000e-04  eta: 1:09:35  time: 0.2543  data_time: 0.0080  memory: 9163  loss: 0.0176  decode.loss_ce: 0.0176  decode.acc_seg: 99.5310
2025/03/10 01:23:27 - mmengine - INFO - Iter(train) [144400/160000]  lr: 1.0000e-04  eta: 1:09:21  time: 0.2573  data_time: 0.0082  memory: 9163  loss: 0.0366  decode.loss_ce: 0.0366  decode.acc_seg: 98.7861
2025/03/10 01:23:40 - mmengine - INFO - Iter(train) [144450/160000]  lr: 1.0000e-04  eta: 1:09:08  time: 0.2543  data_time: 0.0081  memory: 9163  loss: 0.0199  decode.loss_ce: 0.0199  decode.acc_seg: 99.6264
2025/03/10 01:23:53 - mmengine - INFO - Iter(train) [144500/160000]  lr: 1.0000e-04  eta: 1:08:55  time: 0.2544  data_time: 0.0080  memory: 9163  loss: 0.0307  decode.loss_ce: 0.0307  decode.acc_seg: 97.7266
2025/03/10 01:24:06 - mmengine - INFO - Iter(train) [144550/160000]  lr: 1.0000e-04  eta: 1:08:41  time: 0.2537  data_time: 0.0080  memory: 9163  loss: 0.0228  decode.loss_ce: 0.0228  decode.acc_seg: 98.5337
2025/03/10 01:24:19 - mmengine - INFO - Iter(train) [144600/160000]  lr: 1.0000e-04  eta: 1:08:28  time: 0.2541  data_time: 0.0082  memory: 9163  loss: 0.0282  decode.loss_ce: 0.0282  decode.acc_seg: 97.4214
2025/03/10 01:24:31 - mmengine - INFO - Iter(train) [144650/160000]  lr: 1.0000e-04  eta: 1:08:14  time: 0.2546  data_time: 0.0082  memory: 9163  loss: 0.0239  decode.loss_ce: 0.0239  decode.acc_seg: 98.0384
2025/03/10 01:24:44 - mmengine - INFO - Iter(train) [144700/160000]  lr: 1.0000e-04  eta: 1:08:01  time: 0.2543  data_time: 0.0081  memory: 9163  loss: 0.0388  decode.loss_ce: 0.0388  decode.acc_seg: 97.1747
2025/03/10 01:24:57 - mmengine - INFO - Iter(train) [144750/160000]  lr: 1.0000e-04  eta: 1:07:48  time: 0.2570  data_time: 0.0085  memory: 9163  loss: 0.0234  decode.loss_ce: 0.0234  decode.acc_seg: 99.6124
2025/03/10 01:25:10 - mmengine - INFO - Iter(train) [144800/160000]  lr: 1.0000e-04  eta: 1:07:34  time: 0.2573  data_time: 0.0081  memory: 9163  loss: 0.0290  decode.loss_ce: 0.0290  decode.acc_seg: 99.5095
2025/03/10 01:25:23 - mmengine - INFO - Iter(train) [144850/160000]  lr: 1.0000e-04  eta: 1:07:21  time: 0.2536  data_time: 0.0082  memory: 9163  loss: 0.0237  decode.loss_ce: 0.0237  decode.acc_seg: 98.6484
2025/03/10 01:25:35 - mmengine - INFO - Iter(train) [144900/160000]  lr: 1.0000e-04  eta: 1:07:07  time: 0.2541  data_time: 0.0079  memory: 9163  loss: 0.0439  decode.loss_ce: 0.0439  decode.acc_seg: 99.3696
2025/03/10 01:25:48 - mmengine - INFO - Iter(train) [144950/160000]  lr: 1.0000e-04  eta: 1:06:54  time: 0.2540  data_time: 0.0078  memory: 9163  loss: 0.0228  decode.loss_ce: 0.0228  decode.acc_seg: 99.8585
2025/03/10 01:26:01 - mmengine - INFO - Exp name: efficient_20250309_140341
2025/03/10 01:26:01 - mmengine - INFO - Iter(train) [145000/160000]  lr: 1.0000e-04  eta: 1:06:41  time: 0.2548  data_time: 0.0082  memory: 9163  loss: 0.0265  decode.loss_ce: 0.0265  decode.acc_seg: 99.0963
2025/03/10 01:26:14 - mmengine - INFO - Iter(train) [145050/160000]  lr: 1.0000e-04  eta: 1:06:27  time: 0.2545  data_time: 0.0081  memory: 9163  loss: 0.0220  decode.loss_ce: 0.0220  decode.acc_seg: 98.6166
2025/03/10 01:26:27 - mmengine - INFO - Iter(train) [145100/160000]  lr: 1.0000e-04  eta: 1:06:14  time: 0.2543  data_time: 0.0081  memory: 9163  loss: 0.0286  decode.loss_ce: 0.0286  decode.acc_seg: 99.3888
2025/03/10 01:26:39 - mmengine - INFO - Iter(train) [145150/160000]  lr: 1.0000e-04  eta: 1:06:00  time: 0.2539  data_time: 0.0083  memory: 9163  loss: 0.0373  decode.loss_ce: 0.0373  decode.acc_seg: 98.4501
2025/03/10 01:26:52 - mmengine - INFO - Iter(train) [145200/160000]  lr: 1.0000e-04  eta: 1:05:47  time: 0.2539  data_time: 0.0080  memory: 9163  loss: 0.0259  decode.loss_ce: 0.0259  decode.acc_seg: 98.5518
2025/03/10 01:27:05 - mmengine - INFO - Iter(train) [145250/160000]  lr: 1.0000e-04  eta: 1:05:34  time: 0.2542  data_time: 0.0081  memory: 9163  loss: 0.0182  decode.loss_ce: 0.0182  decode.acc_seg: 97.5345
2025/03/10 01:27:18 - mmengine - INFO - Iter(train) [145300/160000]  lr: 1.0000e-04  eta: 1:05:20  time: 0.2543  data_time: 0.0083  memory: 9163  loss: 0.0211  decode.loss_ce: 0.0211  decode.acc_seg: 100.0000
2025/03/10 01:27:30 - mmengine - INFO - Iter(train) [145350/160000]  lr: 1.0000e-04  eta: 1:05:07  time: 0.2551  data_time: 0.0083  memory: 9163  loss: 0.0414  decode.loss_ce: 0.0414  decode.acc_seg: 96.3780
2025/03/10 01:27:43 - mmengine - INFO - Iter(train) [145400/160000]  lr: 1.0000e-04  eta: 1:04:53  time: 0.2544  data_time: 0.0080  memory: 9163  loss: 0.0318  decode.loss_ce: 0.0318  decode.acc_seg: 99.4992
2025/03/10 01:27:56 - mmengine - INFO - Iter(train) [145450/160000]  lr: 1.0000e-04  eta: 1:04:40  time: 0.2567  data_time: 0.0081  memory: 9163  loss: 0.0191  decode.loss_ce: 0.0191  decode.acc_seg: 99.8266
2025/03/10 01:28:09 - mmengine - INFO - Iter(train) [145500/160000]  lr: 1.0000e-04  eta: 1:04:27  time: 0.2543  data_time: 0.0079  memory: 9163  loss: 0.0222  decode.loss_ce: 0.0222  decode.acc_seg: 99.4984
2025/03/10 01:28:22 - mmengine - INFO - Iter(train) [145550/160000]  lr: 1.0000e-04  eta: 1:04:13  time: 0.2543  data_time: 0.0080  memory: 9163  loss: 0.0182  decode.loss_ce: 0.0182  decode.acc_seg: 99.5988
2025/03/10 01:28:34 - mmengine - INFO - Iter(train) [145600/160000]  lr: 1.0000e-04  eta: 1:04:00  time: 0.2547  data_time: 0.0081  memory: 9163  loss: 0.0167  decode.loss_ce: 0.0167  decode.acc_seg: 99.7179
2025/03/10 01:28:47 - mmengine - INFO - Iter(train) [145650/160000]  lr: 1.0000e-04  eta: 1:03:46  time: 0.2545  data_time: 0.0082  memory: 9163  loss: 0.0379  decode.loss_ce: 0.0379  decode.acc_seg: 99.4944
2025/03/10 01:29:00 - mmengine - INFO - Iter(train) [145700/160000]  lr: 1.0000e-04  eta: 1:03:33  time: 0.2566  data_time: 0.0084  memory: 9163  loss: 0.0263  decode.loss_ce: 0.0263  decode.acc_seg: 99.9900
2025/03/10 01:29:13 - mmengine - INFO - Iter(train) [145750/160000]  lr: 1.0000e-04  eta: 1:03:20  time: 0.2545  data_time: 0.0080  memory: 9163  loss: 0.0271  decode.loss_ce: 0.0271  decode.acc_seg: 99.5168
2025/03/10 01:29:26 - mmengine - INFO - Iter(train) [145800/160000]  lr: 1.0000e-04  eta: 1:03:06  time: 0.2537  data_time: 0.0080  memory: 9163  loss: 0.0306  decode.loss_ce: 0.0306  decode.acc_seg: 99.5329
2025/03/10 01:29:38 - mmengine - INFO - Iter(train) [145850/160000]  lr: 1.0000e-04  eta: 1:02:53  time: 0.2541  data_time: 0.0080  memory: 9163  loss: 0.0218  decode.loss_ce: 0.0218  decode.acc_seg: 98.9333
2025/03/10 01:29:51 - mmengine - INFO - Iter(train) [145900/160000]  lr: 1.0000e-04  eta: 1:02:39  time: 0.2576  data_time: 0.0088  memory: 9163  loss: 0.0361  decode.loss_ce: 0.0361  decode.acc_seg: 98.9941
2025/03/10 01:30:04 - mmengine - INFO - Iter(train) [145950/160000]  lr: 1.0000e-04  eta: 1:02:26  time: 0.2573  data_time: 0.0087  memory: 9163  loss: 0.0380  decode.loss_ce: 0.0380  decode.acc_seg: 97.8064
2025/03/10 01:30:17 - mmengine - INFO - Exp name: efficient_20250309_140341
2025/03/10 01:30:17 - mmengine - INFO - Iter(train) [146000/160000]  lr: 1.0000e-04  eta: 1:02:13  time: 0.2544  data_time: 0.0081  memory: 9163  loss: 0.0170  decode.loss_ce: 0.0170  decode.acc_seg: 99.1197
2025/03/10 01:30:30 - mmengine - INFO - Iter(train) [146050/160000]  lr: 1.0000e-04  eta: 1:01:59  time: 0.2682  data_time: 0.0080  memory: 9163  loss: 0.0218  decode.loss_ce: 0.0218  decode.acc_seg: 99.8952
2025/03/10 01:30:42 - mmengine - INFO - Iter(train) [146100/160000]  lr: 1.0000e-04  eta: 1:01:46  time: 0.2551  data_time: 0.0083  memory: 9163  loss: 0.0235  decode.loss_ce: 0.0235  decode.acc_seg: 99.6564
2025/03/10 01:30:55 - mmengine - INFO - Iter(train) [146150/160000]  lr: 1.0000e-04  eta: 1:01:33  time: 0.2543  data_time: 0.0083  memory: 9163  loss: 0.0289  decode.loss_ce: 0.0289  decode.acc_seg: 99.6631
2025/03/10 01:31:08 - mmengine - INFO - Iter(train) [146200/160000]  lr: 1.0000e-04  eta: 1:01:19  time: 0.2540  data_time: 0.0082  memory: 9163  loss: 0.0386  decode.loss_ce: 0.0386  decode.acc_seg: 98.3375
2025/03/10 01:31:08 - mmengine - INFO - Saving checkpoint at 146200 iterations
2025/03/10 01:31:23 - mmengine - INFO - Iter(train) [146250/160000]  lr: 1.0000e-04  eta: 1:01:06  time: 0.2567  data_time: 0.0085  memory: 9163  loss: 0.0322  decode.loss_ce: 0.0322  decode.acc_seg: 99.0762
2025/03/10 01:31:35 - mmengine - INFO - Iter(train) [146300/160000]  lr: 1.0000e-04  eta: 1:00:53  time: 0.2542  data_time: 0.0083  memory: 9163  loss: 0.0413  decode.loss_ce: 0.0413  decode.acc_seg: 97.7108
2025/03/10 01:31:48 - mmengine - INFO - Iter(train) [146350/160000]  lr: 1.0000e-04  eta: 1:00:39  time: 0.2545  data_time: 0.0080  memory: 9163  loss: 0.0139  decode.loss_ce: 0.0139  decode.acc_seg: 99.4956
2025/03/10 01:32:01 - mmengine - INFO - Iter(train) [146400/160000]  lr: 1.0000e-04  eta: 1:00:26  time: 0.2542  data_time: 0.0082  memory: 9163  loss: 0.0317  decode.loss_ce: 0.0317  decode.acc_seg: 99.8117
2025/03/10 01:32:14 - mmengine - INFO - Iter(train) [146450/160000]  lr: 1.0000e-04  eta: 1:00:12  time: 0.2569  data_time: 0.0089  memory: 9163  loss: 0.0345  decode.loss_ce: 0.0345  decode.acc_seg: 98.1475
2025/03/10 01:32:27 - mmengine - INFO - Iter(train) [146500/160000]  lr: 1.0000e-04  eta: 0:59:59  time: 0.2547  data_time: 0.0083  memory: 9163  loss: 0.0217  decode.loss_ce: 0.0217  decode.acc_seg: 99.3763
2025/03/10 01:32:40 - mmengine - INFO - Iter(train) [146550/160000]  lr: 1.0000e-04  eta: 0:59:46  time: 0.2566  data_time: 0.0085  memory: 9163  loss: 0.0416  decode.loss_ce: 0.0416  decode.acc_seg: 100.0000
2025/03/10 01:32:53 - mmengine - INFO - Iter(train) [146600/160000]  lr: 1.0000e-04  eta: 0:59:32  time: 0.2566  data_time: 0.0083  memory: 9163  loss: 0.0185  decode.loss_ce: 0.0185  decode.acc_seg: 99.6873
2025/03/10 01:33:05 - mmengine - INFO - Iter(train) [146650/160000]  lr: 1.0000e-04  eta: 0:59:19  time: 0.2543  data_time: 0.0085  memory: 9163  loss: 0.0315  decode.loss_ce: 0.0315  decode.acc_seg: 97.5229
2025/03/10 01:33:18 - mmengine - INFO - Iter(train) [146700/160000]  lr: 1.0000e-04  eta: 0:59:05  time: 0.2549  data_time: 0.0082  memory: 9163  loss: 0.0428  decode.loss_ce: 0.0428  decode.acc_seg: 100.0000
2025/03/10 01:33:31 - mmengine - INFO - Iter(train) [146750/160000]  lr: 1.0000e-04  eta: 0:58:52  time: 0.2545  data_time: 0.0083  memory: 9163  loss: 0.0264  decode.loss_ce: 0.0264  decode.acc_seg: 99.8113
2025/03/10 01:33:44 - mmengine - INFO - Iter(train) [146800/160000]  lr: 1.0000e-04  eta: 0:58:39  time: 0.2576  data_time: 0.0087  memory: 9163  loss: 0.0206  decode.loss_ce: 0.0206  decode.acc_seg: 99.4645
2025/03/10 01:33:57 - mmengine - INFO - Iter(train) [146850/160000]  lr: 1.0000e-04  eta: 0:58:25  time: 0.2567  data_time: 0.0084  memory: 9163  loss: 0.0309  decode.loss_ce: 0.0309  decode.acc_seg: 98.7637
2025/03/10 01:34:09 - mmengine - INFO - Iter(train) [146900/160000]  lr: 1.0000e-04  eta: 0:58:12  time: 0.2539  data_time: 0.0080  memory: 9163  loss: 0.0410  decode.loss_ce: 0.0410  decode.acc_seg: 93.6563
2025/03/10 01:34:22 - mmengine - INFO - Iter(train) [146950/160000]  lr: 1.0000e-04  eta: 0:57:59  time: 0.2576  data_time: 0.0084  memory: 9163  loss: 0.0193  decode.loss_ce: 0.0193  decode.acc_seg: 99.1791
2025/03/10 01:34:35 - mmengine - INFO - Exp name: efficient_20250309_140341
2025/03/10 01:34:35 - mmengine - INFO - Iter(train) [147000/160000]  lr: 1.0000e-04  eta: 0:57:45  time: 0.2563  data_time: 0.0083  memory: 9163  loss: 0.0332  decode.loss_ce: 0.0332  decode.acc_seg: 99.6072
2025/03/10 01:34:38 - mmengine - INFO - Iter(val) [ 50/869]    eta: 0:00:48  time: 0.0562  data_time: 0.0029  memory: 636  
2025/03/10 01:34:41 - mmengine - INFO - Iter(val) [100/869]    eta: 0:00:44  time: 0.0558  data_time: 0.0026  memory: 636  
2025/03/10 01:34:44 - mmengine - INFO - Iter(val) [150/869]    eta: 0:00:41  time: 0.0560  data_time: 0.0027  memory: 636  
2025/03/10 01:34:47 - mmengine - INFO - Iter(val) [200/869]    eta: 0:00:38  time: 0.0561  data_time: 0.0026  memory: 636  
2025/03/10 01:34:49 - mmengine - INFO - Iter(val) [250/869]    eta: 0:00:35  time: 0.0557  data_time: 0.0023  memory: 636  
2025/03/10 01:34:52 - mmengine - INFO - Iter(val) [300/869]    eta: 0:00:32  time: 0.0557  data_time: 0.0026  memory: 636  
2025/03/10 01:34:55 - mmengine - INFO - Iter(val) [350/869]    eta: 0:00:29  time: 0.0554  data_time: 0.0025  memory: 636  
2025/03/10 01:34:58 - mmengine - INFO - Iter(val) [400/869]    eta: 0:00:26  time: 0.0558  data_time: 0.0027  memory: 636  
2025/03/10 01:35:01 - mmengine - INFO - Iter(val) [450/869]    eta: 0:00:23  time: 0.0557  data_time: 0.0024  memory: 636  
2025/03/10 01:35:03 - mmengine - INFO - Iter(val) [500/869]    eta: 0:00:20  time: 0.0555  data_time: 0.0024  memory: 636  
2025/03/10 01:35:06 - mmengine - INFO - Iter(val) [550/869]    eta: 0:00:17  time: 0.0560  data_time: 0.0025  memory: 636  
2025/03/10 01:35:09 - mmengine - INFO - Iter(val) [600/869]    eta: 0:00:15  time: 0.0554  data_time: 0.0024  memory: 636  
2025/03/10 01:35:12 - mmengine - INFO - Iter(val) [650/869]    eta: 0:00:12  time: 0.0553  data_time: 0.0026  memory: 636  
2025/03/10 01:35:15 - mmengine - INFO - Iter(val) [700/869]    eta: 0:00:09  time: 0.0582  data_time: 0.0027  memory: 636  
2025/03/10 01:35:18 - mmengine - INFO - Iter(val) [750/869]    eta: 0:00:06  time: 0.0560  data_time: 0.0024  memory: 636  
2025/03/10 01:35:20 - mmengine - INFO - Iter(val) [800/869]    eta: 0:00:03  time: 0.0569  data_time: 0.0028  memory: 636  
2025/03/10 01:35:23 - mmengine - INFO - Iter(val) [850/869]    eta: 0:00:01  time: 0.0552  data_time: 0.0026  memory: 636  
2025/03/10 01:35:24 - mmengine - INFO - per class results:
2025/03/10 01:35:24 - mmengine - INFO - 
+------------+-------+-------+--------+-----------+--------+
|   Class    |  IoU  |  Acc  | Fscore | Precision | Recall |
+------------+-------+-------+--------+-----------+--------+
| background |  97.1 | 97.83 | 98.53  |   99.24   | 97.83  |
|    ghaf    | 54.57 | 82.35 | 70.61  |    61.8   | 82.35  |
+------------+-------+-------+--------+-----------+--------+
2025/03/10 01:35:24 - mmengine - INFO - Iter(val) [869/869]    aAcc: 97.2000  mIoU: 75.8400  mAcc: 90.0900  mFscore: 84.5700  mPrecision: 80.5200  mRecall: 90.0900  data_time: 0.0027  time: 0.0563
2025/03/10 01:35:37 - mmengine - INFO - Iter(train) [147050/160000]  lr: 1.0000e-04  eta: 0:57:32  time: 0.2542  data_time: 0.0082  memory: 9163  loss: 0.0190  decode.loss_ce: 0.0190  decode.acc_seg: 99.8645
2025/03/10 01:35:50 - mmengine - INFO - Iter(train) [147100/160000]  lr: 1.0000e-04  eta: 0:57:18  time: 0.2541  data_time: 0.0084  memory: 9163  loss: 0.0325  decode.loss_ce: 0.0325  decode.acc_seg: 99.3072
2025/03/10 01:36:03 - mmengine - INFO - Iter(train) [147150/160000]  lr: 1.0000e-04  eta: 0:57:05  time: 0.2541  data_time: 0.0083  memory: 9163  loss: 0.0330  decode.loss_ce: 0.0330  decode.acc_seg: 99.8297
2025/03/10 01:36:15 - mmengine - INFO - Iter(train) [147200/160000]  lr: 1.0000e-04  eta: 0:56:52  time: 0.2545  data_time: 0.0082  memory: 9163  loss: 0.0217  decode.loss_ce: 0.0217  decode.acc_seg: 99.7637
2025/03/10 01:36:28 - mmengine - INFO - Iter(train) [147250/160000]  lr: 1.0000e-04  eta: 0:56:38  time: 0.2541  data_time: 0.0080  memory: 9163  loss: 0.0376  decode.loss_ce: 0.0376  decode.acc_seg: 98.7847
2025/03/10 01:36:41 - mmengine - INFO - Iter(train) [147300/160000]  lr: 1.0000e-04  eta: 0:56:25  time: 0.2541  data_time: 0.0080  memory: 9163  loss: 0.0223  decode.loss_ce: 0.0223  decode.acc_seg: 98.6629
2025/03/10 01:36:54 - mmengine - INFO - Iter(train) [147350/160000]  lr: 1.0000e-04  eta: 0:56:12  time: 0.2545  data_time: 0.0089  memory: 9163  loss: 0.0254  decode.loss_ce: 0.0254  decode.acc_seg: 99.4077
2025/03/10 01:37:07 - mmengine - INFO - Iter(train) [147400/160000]  lr: 1.0000e-04  eta: 0:55:58  time: 0.2534  data_time: 0.0081  memory: 9163  loss: 0.0424  decode.loss_ce: 0.0424  decode.acc_seg: 98.9226
2025/03/10 01:37:19 - mmengine - INFO - Iter(train) [147450/160000]  lr: 1.0000e-04  eta: 0:55:45  time: 0.2541  data_time: 0.0081  memory: 9163  loss: 0.0295  decode.loss_ce: 0.0295  decode.acc_seg: 99.4398
2025/03/10 01:37:32 - mmengine - INFO - Iter(train) [147500/160000]  lr: 1.0000e-04  eta: 0:55:31  time: 0.2544  data_time: 0.0082  memory: 9163  loss: 0.0230  decode.loss_ce: 0.0230  decode.acc_seg: 97.9970
2025/03/10 01:37:45 - mmengine - INFO - Iter(train) [147550/160000]  lr: 1.0000e-04  eta: 0:55:18  time: 0.2544  data_time: 0.0082  memory: 9163  loss: 0.0393  decode.loss_ce: 0.0393  decode.acc_seg: 99.0005
2025/03/10 01:37:58 - mmengine - INFO - Iter(train) [147600/160000]  lr: 1.0000e-04  eta: 0:55:05  time: 0.2541  data_time: 0.0081  memory: 9163  loss: 0.0319  decode.loss_ce: 0.0319  decode.acc_seg: 98.8916
2025/03/10 01:38:10 - mmengine - INFO - Iter(train) [147650/160000]  lr: 1.0000e-04  eta: 0:54:51  time: 0.2545  data_time: 0.0080  memory: 9163  loss: 0.0413  decode.loss_ce: 0.0413  decode.acc_seg: 99.4205
2025/03/10 01:39:48 - mmengine - INFO - Iter(train) [147700/160000]  lr: 1.0000e-04  eta: 0:54:45  time: 0.2622  data_time: 0.0102  memory: 9163  loss: 0.0222  decode.loss_ce: 0.0222  decode.acc_seg: 98.9376
2025/03/10 01:40:01 - mmengine - INFO - Iter(train) [147750/160000]  lr: 1.0000e-04  eta: 0:54:32  time: 0.2484  data_time: 0.0095  memory: 9163  loss: 0.0253  decode.loss_ce: 0.0253  decode.acc_seg: 98.9428
2025/03/10 01:40:13 - mmengine - INFO - Iter(train) [147800/160000]  lr: 1.0000e-04  eta: 0:54:18  time: 0.2471  data_time: 0.0085  memory: 9163  loss: 0.0292  decode.loss_ce: 0.0292  decode.acc_seg: 97.7008
2025/03/10 01:40:26 - mmengine - INFO - Iter(train) [147850/160000]  lr: 1.0000e-04  eta: 0:54:05  time: 0.2484  data_time: 0.0083  memory: 9163  loss: 0.0269  decode.loss_ce: 0.0269  decode.acc_seg: 99.3871
2025/03/10 01:40:38 - mmengine - INFO - Iter(train) [147900/160000]  lr: 1.0000e-04  eta: 0:53:51  time: 0.2488  data_time: 0.0083  memory: 9163  loss: 0.0326  decode.loss_ce: 0.0326  decode.acc_seg: 97.2095
2025/03/10 01:40:51 - mmengine - INFO - Iter(train) [147950/160000]  lr: 1.0000e-04  eta: 0:53:38  time: 0.2490  data_time: 0.0081  memory: 9163  loss: 0.0207  decode.loss_ce: 0.0207  decode.acc_seg: 98.8887
2025/03/10 01:41:03 - mmengine - INFO - Exp name: efficient_20250309_140341
2025/03/10 01:41:03 - mmengine - INFO - Iter(train) [148000/160000]  lr: 1.0000e-04  eta: 0:53:24  time: 0.2604  data_time: 0.0089  memory: 9163  loss: 0.0269  decode.loss_ce: 0.0269  decode.acc_seg: 98.5933
2025/03/10 01:41:17 - mmengine - INFO - Iter(train) [148050/160000]  lr: 1.0000e-04  eta: 0:53:11  time: 0.2627  data_time: 0.0090  memory: 9163  loss: 0.0367  decode.loss_ce: 0.0367  decode.acc_seg: 99.7903
2025/03/10 01:41:30 - mmengine - INFO - Iter(train) [148100/160000]  lr: 1.0000e-04  eta: 0:52:58  time: 0.2581  data_time: 0.0084  memory: 9163  loss: 0.0339  decode.loss_ce: 0.0339  decode.acc_seg: 99.0620
2025/03/10 01:41:43 - mmengine - INFO - Iter(train) [148150/160000]  lr: 1.0000e-04  eta: 0:52:44  time: 0.2598  data_time: 0.0091  memory: 9163  loss: 0.0200  decode.loss_ce: 0.0200  decode.acc_seg: 98.4974
2025/03/10 01:41:56 - mmengine - INFO - Iter(train) [148200/160000]  lr: 1.0000e-04  eta: 0:52:31  time: 0.2586  data_time: 0.0088  memory: 9163  loss: 0.0271  decode.loss_ce: 0.0271  decode.acc_seg: 100.0000
2025/03/10 01:42:09 - mmengine - INFO - Iter(train) [148250/160000]  lr: 1.0000e-04  eta: 0:52:18  time: 0.2599  data_time: 0.0089  memory: 9163  loss: 0.0284  decode.loss_ce: 0.0284  decode.acc_seg: 98.6536
2025/03/10 01:42:22 - mmengine - INFO - Iter(train) [148300/160000]  lr: 1.0000e-04  eta: 0:52:04  time: 0.2629  data_time: 0.0089  memory: 9163  loss: 0.0317  decode.loss_ce: 0.0317  decode.acc_seg: 99.1395
2025/03/10 01:42:35 - mmengine - INFO - Iter(train) [148350/160000]  lr: 1.0000e-04  eta: 0:51:51  time: 0.2600  data_time: 0.0089  memory: 9163  loss: 0.0337  decode.loss_ce: 0.0337  decode.acc_seg: 97.6685
2025/03/10 01:42:48 - mmengine - INFO - Iter(train) [148400/160000]  lr: 1.0000e-04  eta: 0:51:37  time: 0.2602  data_time: 0.0097  memory: 9163  loss: 0.0341  decode.loss_ce: 0.0341  decode.acc_seg: 99.7091
2025/03/10 01:43:01 - mmengine - INFO - Iter(train) [148450/160000]  lr: 1.0000e-04  eta: 0:51:24  time: 0.2622  data_time: 0.0090  memory: 9163  loss: 0.0390  decode.loss_ce: 0.0390  decode.acc_seg: 99.6954
2025/03/10 01:43:14 - mmengine - INFO - Iter(train) [148500/160000]  lr: 1.0000e-04  eta: 0:51:11  time: 0.2607  data_time: 0.0085  memory: 9163  loss: 0.0265  decode.loss_ce: 0.0265  decode.acc_seg: 99.6761
2025/03/10 01:43:27 - mmengine - INFO - Iter(train) [148550/160000]  lr: 1.0000e-04  eta: 0:50:57  time: 0.2591  data_time: 0.0085  memory: 9163  loss: 0.0289  decode.loss_ce: 0.0289  decode.acc_seg: 99.3183
2025/03/10 01:43:40 - mmengine - INFO - Iter(train) [148600/160000]  lr: 1.0000e-04  eta: 0:50:44  time: 0.2570  data_time: 0.0092  memory: 9163  loss: 0.0194  decode.loss_ce: 0.0194  decode.acc_seg: 99.7743
2025/03/10 01:43:53 - mmengine - INFO - Iter(train) [148650/160000]  lr: 1.0000e-04  eta: 0:50:30  time: 0.2578  data_time: 0.0082  memory: 9163  loss: 0.0308  decode.loss_ce: 0.0308  decode.acc_seg: 99.6798
2025/03/10 01:44:06 - mmengine - INFO - Iter(train) [148700/160000]  lr: 1.0000e-04  eta: 0:50:17  time: 0.2573  data_time: 0.0085  memory: 9163  loss: 0.0133  decode.loss_ce: 0.0133  decode.acc_seg: 99.5108
2025/03/10 01:44:19 - mmengine - INFO - Iter(train) [148750/160000]  lr: 1.0000e-04  eta: 0:50:04  time: 0.2594  data_time: 0.0095  memory: 9163  loss: 0.0238  decode.loss_ce: 0.0238  decode.acc_seg: 99.2562
2025/03/10 01:44:32 - mmengine - INFO - Iter(train) [148800/160000]  lr: 1.0000e-04  eta: 0:49:50  time: 0.2574  data_time: 0.0084  memory: 9163  loss: 0.0222  decode.loss_ce: 0.0222  decode.acc_seg: 98.6580
2025/03/10 01:44:45 - mmengine - INFO - Iter(train) [148850/160000]  lr: 1.0000e-04  eta: 0:49:37  time: 0.2587  data_time: 0.0082  memory: 9163  loss: 0.0515  decode.loss_ce: 0.0515  decode.acc_seg: 91.7280
2025/03/10 01:44:58 - mmengine - INFO - Iter(train) [148900/160000]  lr: 1.0000e-04  eta: 0:49:24  time: 0.2600  data_time: 0.0089  memory: 9163  loss: 0.0255  decode.loss_ce: 0.0255  decode.acc_seg: 99.6105
2025/03/10 01:45:11 - mmengine - INFO - Iter(train) [148950/160000]  lr: 1.0000e-04  eta: 0:49:10  time: 0.2587  data_time: 0.0091  memory: 9163  loss: 0.0218  decode.loss_ce: 0.0218  decode.acc_seg: 99.6143
2025/03/10 01:45:24 - mmengine - INFO - Exp name: efficient_20250309_140341
2025/03/10 01:45:24 - mmengine - INFO - Iter(train) [149000/160000]  lr: 1.0000e-04  eta: 0:48:57  time: 0.2563  data_time: 0.0082  memory: 9163  loss: 0.0222  decode.loss_ce: 0.0222  decode.acc_seg: 99.1409
2025/03/10 01:45:37 - mmengine - INFO - Iter(train) [149050/160000]  lr: 1.0000e-04  eta: 0:48:43  time: 0.2593  data_time: 0.0089  memory: 9163  loss: 0.0356  decode.loss_ce: 0.0356  decode.acc_seg: 98.6577
2025/03/10 01:45:49 - mmengine - INFO - Iter(train) [149100/160000]  lr: 1.0000e-04  eta: 0:48:30  time: 0.2557  data_time: 0.0085  memory: 9163  loss: 0.0239  decode.loss_ce: 0.0239  decode.acc_seg: 99.6192
2025/03/10 01:46:02 - mmengine - INFO - Iter(train) [149150/160000]  lr: 1.0000e-04  eta: 0:48:17  time: 0.2568  data_time: 0.0088  memory: 9163  loss: 0.0191  decode.loss_ce: 0.0191  decode.acc_seg: 99.9346
2025/03/10 01:46:15 - mmengine - INFO - Iter(train) [149200/160000]  lr: 1.0000e-04  eta: 0:48:03  time: 0.2550  data_time: 0.0087  memory: 9163  loss: 0.0300  decode.loss_ce: 0.0300  decode.acc_seg: 97.5114
2025/03/10 01:46:28 - mmengine - INFO - Iter(train) [149250/160000]  lr: 1.0000e-04  eta: 0:47:50  time: 0.2549  data_time: 0.0085  memory: 9163  loss: 0.0205  decode.loss_ce: 0.0205  decode.acc_seg: 99.9779
2025/03/10 01:46:41 - mmengine - INFO - Iter(train) [149300/160000]  lr: 1.0000e-04  eta: 0:47:36  time: 0.2564  data_time: 0.0086  memory: 9163  loss: 0.0176  decode.loss_ce: 0.0176  decode.acc_seg: 99.6814
2025/03/10 01:46:54 - mmengine - INFO - Iter(train) [149350/160000]  lr: 1.0000e-04  eta: 0:47:23  time: 0.2569  data_time: 0.0085  memory: 9163  loss: 0.0277  decode.loss_ce: 0.0277  decode.acc_seg: 99.8126
2025/03/10 01:47:07 - mmengine - INFO - Iter(train) [149400/160000]  lr: 1.0000e-04  eta: 0:47:10  time: 0.2544  data_time: 0.0085  memory: 9163  loss: 0.0194  decode.loss_ce: 0.0194  decode.acc_seg: 98.9030
2025/03/10 01:47:19 - mmengine - INFO - Iter(train) [149450/160000]  lr: 1.0000e-04  eta: 0:46:56  time: 0.2568  data_time: 0.0085  memory: 9163  loss: 0.0320  decode.loss_ce: 0.0320  decode.acc_seg: 99.1284
2025/03/10 01:47:32 - mmengine - INFO - Iter(train) [149500/160000]  lr: 1.0000e-04  eta: 0:46:43  time: 0.2568  data_time: 0.0087  memory: 9163  loss: 0.0301  decode.loss_ce: 0.0301  decode.acc_seg: 98.9267
2025/03/10 01:47:45 - mmengine - INFO - Iter(train) [149550/160000]  lr: 1.0000e-04  eta: 0:46:30  time: 0.2590  data_time: 0.0088  memory: 9163  loss: 0.0335  decode.loss_ce: 0.0335  decode.acc_seg: 99.1040
2025/03/10 01:47:58 - mmengine - INFO - Iter(train) [149600/160000]  lr: 1.0000e-04  eta: 0:46:16  time: 0.2548  data_time: 0.0089  memory: 9163  loss: 0.0355  decode.loss_ce: 0.0355  decode.acc_seg: 99.4627
2025/03/10 01:47:58 - mmengine - INFO - Saving checkpoint at 149600 iterations
2025/03/10 01:48:13 - mmengine - INFO - Iter(train) [149650/160000]  lr: 1.0000e-04  eta: 0:46:03  time: 0.2576  data_time: 0.0089  memory: 9163  loss: 0.0387  decode.loss_ce: 0.0387  decode.acc_seg: 99.8364
2025/03/10 01:48:26 - mmengine - INFO - Iter(train) [149700/160000]  lr: 1.0000e-04  eta: 0:45:50  time: 0.2594  data_time: 0.0085  memory: 9163  loss: 0.0219  decode.loss_ce: 0.0219  decode.acc_seg: 98.5467
2025/03/10 01:48:39 - mmengine - INFO - Iter(train) [149750/160000]  lr: 1.0000e-04  eta: 0:45:36  time: 0.2551  data_time: 0.0086  memory: 9163  loss: 0.0223  decode.loss_ce: 0.0223  decode.acc_seg: 99.5854
2025/03/10 01:48:51 - mmengine - INFO - Iter(train) [149800/160000]  lr: 1.0000e-04  eta: 0:45:23  time: 0.2539  data_time: 0.0082  memory: 9163  loss: 0.0377  decode.loss_ce: 0.0377  decode.acc_seg: 97.2218
2025/03/10 01:49:04 - mmengine - INFO - Iter(train) [149850/160000]  lr: 1.0000e-04  eta: 0:45:09  time: 0.2547  data_time: 0.0087  memory: 9163  loss: 0.0233  decode.loss_ce: 0.0233  decode.acc_seg: 99.5693
2025/03/10 01:49:17 - mmengine - INFO - Iter(train) [149900/160000]  lr: 1.0000e-04  eta: 0:44:56  time: 0.2574  data_time: 0.0087  memory: 9163  loss: 0.0220  decode.loss_ce: 0.0220  decode.acc_seg: 99.6329
2025/03/10 01:49:30 - mmengine - INFO - Iter(train) [149950/160000]  lr: 1.0000e-04  eta: 0:44:43  time: 0.2567  data_time: 0.0090  memory: 9163  loss: 0.0174  decode.loss_ce: 0.0174  decode.acc_seg: 98.6148
2025/03/10 01:49:43 - mmengine - INFO - Exp name: efficient_20250309_140341
2025/03/10 01:49:43 - mmengine - INFO - Iter(train) [150000/160000]  lr: 1.0000e-04  eta: 0:44:29  time: 0.2564  data_time: 0.0084  memory: 9163  loss: 0.0131  decode.loss_ce: 0.0131  decode.acc_seg: 99.6749
2025/03/10 01:49:55 - mmengine - INFO - Iter(train) [150050/160000]  lr: 1.0000e-04  eta: 0:44:16  time: 0.2542  data_time: 0.0086  memory: 9163  loss: 0.0269  decode.loss_ce: 0.0269  decode.acc_seg: 99.8183
2025/03/10 01:50:08 - mmengine - INFO - Iter(train) [150100/160000]  lr: 1.0000e-04  eta: 0:44:02  time: 0.2576  data_time: 0.0086  memory: 9163  loss: 0.0254  decode.loss_ce: 0.0254  decode.acc_seg: 99.1990
2025/03/10 01:50:21 - mmengine - INFO - Iter(train) [150150/160000]  lr: 1.0000e-04  eta: 0:43:49  time: 0.2544  data_time: 0.0081  memory: 9163  loss: 0.0280  decode.loss_ce: 0.0280  decode.acc_seg: 97.8157
2025/03/10 01:50:34 - mmengine - INFO - Iter(train) [150200/160000]  lr: 1.0000e-04  eta: 0:43:36  time: 0.2572  data_time: 0.0083  memory: 9163  loss: 0.0169  decode.loss_ce: 0.0169  decode.acc_seg: 99.8991
2025/03/10 01:50:47 - mmengine - INFO - Iter(train) [150250/160000]  lr: 1.0000e-04  eta: 0:43:22  time: 0.2570  data_time: 0.0083  memory: 9163  loss: 0.0210  decode.loss_ce: 0.0210  decode.acc_seg: 98.4451
2025/03/10 01:51:00 - mmengine - INFO - Iter(train) [150300/160000]  lr: 1.0000e-04  eta: 0:43:09  time: 0.2569  data_time: 0.0084  memory: 9163  loss: 0.0309  decode.loss_ce: 0.0309  decode.acc_seg: 99.2964
2025/03/10 01:51:13 - mmengine - INFO - Iter(train) [150350/160000]  lr: 1.0000e-04  eta: 0:42:56  time: 0.2542  data_time: 0.0080  memory: 9163  loss: 0.0238  decode.loss_ce: 0.0238  decode.acc_seg: 98.4035
2025/03/10 01:51:26 - mmengine - INFO - Iter(train) [150400/160000]  lr: 1.0000e-04  eta: 0:42:42  time: 0.2568  data_time: 0.0085  memory: 9163  loss: 0.0214  decode.loss_ce: 0.0214  decode.acc_seg: 95.7258
2025/03/10 01:51:38 - mmengine - INFO - Iter(train) [150450/160000]  lr: 1.0000e-04  eta: 0:42:29  time: 0.2574  data_time: 0.0086  memory: 9163  loss: 0.0415  decode.loss_ce: 0.0415  decode.acc_seg: 97.7773
2025/03/10 01:51:51 - mmengine - INFO - Iter(train) [150500/160000]  lr: 1.0000e-04  eta: 0:42:15  time: 0.2543  data_time: 0.0085  memory: 9163  loss: 0.0191  decode.loss_ce: 0.0191  decode.acc_seg: 99.7752
2025/03/10 01:51:54 - mmengine - INFO - Iter(val) [ 50/869]    eta: 0:00:49  time: 0.0560  data_time: 0.0028  memory: 636  
2025/03/10 01:51:57 - mmengine - INFO - Iter(val) [100/869]    eta: 0:00:44  time: 0.0557  data_time: 0.0026  memory: 636  
2025/03/10 01:52:00 - mmengine - INFO - Iter(val) [150/869]    eta: 0:00:41  time: 0.0559  data_time: 0.0028  memory: 636  
2025/03/10 01:52:03 - mmengine - INFO - Iter(val) [200/869]    eta: 0:00:38  time: 0.0565  data_time: 0.0027  memory: 636  
2025/03/10 01:52:06 - mmengine - INFO - Iter(val) [250/869]    eta: 0:00:35  time: 0.0562  data_time: 0.0026  memory: 636  
2025/03/10 01:52:09 - mmengine - INFO - Iter(val) [300/869]    eta: 0:00:32  time: 0.0555  data_time: 0.0024  memory: 636  
2025/03/10 01:52:11 - mmengine - INFO - Iter(val) [350/869]    eta: 0:00:29  time: 0.0576  data_time: 0.0025  memory: 636  
2025/03/10 01:52:14 - mmengine - INFO - Iter(val) [400/869]    eta: 0:00:26  time: 0.0558  data_time: 0.0025  memory: 636  
2025/03/10 01:52:17 - mmengine - INFO - Iter(val) [450/869]    eta: 0:00:23  time: 0.0561  data_time: 0.0025  memory: 636  
2025/03/10 01:52:20 - mmengine - INFO - Iter(val) [500/869]    eta: 0:00:20  time: 0.0554  data_time: 0.0027  memory: 636  
2025/03/10 01:52:23 - mmengine - INFO - Iter(val) [550/869]    eta: 0:00:18  time: 0.0562  data_time: 0.0026  memory: 636  
2025/03/10 01:52:26 - mmengine - INFO - Iter(val) [600/869]    eta: 0:00:15  time: 0.0561  data_time: 0.0026  memory: 636  
2025/03/10 01:52:28 - mmengine - INFO - Iter(val) [650/869]    eta: 0:00:12  time: 0.0571  data_time: 0.0026  memory: 636  
2025/03/10 01:52:31 - mmengine - INFO - Iter(val) [700/869]    eta: 0:00:09  time: 0.0561  data_time: 0.0027  memory: 636  
2025/03/10 01:52:34 - mmengine - INFO - Iter(val) [750/869]    eta: 0:00:06  time: 0.0565  data_time: 0.0029  memory: 636  
2025/03/10 01:52:37 - mmengine - INFO - Iter(val) [800/869]    eta: 0:00:03  time: 0.0574  data_time: 0.0028  memory: 636  
2025/03/10 01:52:40 - mmengine - INFO - Iter(val) [850/869]    eta: 0:00:01  time: 0.0574  data_time: 0.0030  memory: 636  
2025/03/10 01:52:41 - mmengine - INFO - per class results:
2025/03/10 01:52:41 - mmengine - INFO - 
+------------+-------+-------+--------+-----------+--------+
|   Class    |  IoU  |  Acc  | Fscore | Precision | Recall |
+------------+-------+-------+--------+-----------+--------+
| background |  97.0 | 97.68 | 98.48  |   99.29   | 97.68  |
|    ghaf    | 54.12 |  83.6 | 70.23  |   60.54   |  83.6  |
+------------+-------+-------+--------+-----------+--------+
2025/03/10 01:52:41 - mmengine - INFO - Iter(val) [869/869]    aAcc: 97.1000  mIoU: 75.5600  mAcc: 90.6400  mFscore: 84.3500  mPrecision: 79.9200  mRecall: 90.6400  data_time: 0.0028  time: 0.0568
2025/03/10 01:52:54 - mmengine - INFO - Iter(train) [150550/160000]  lr: 1.0000e-04  eta: 0:42:02  time: 0.2559  data_time: 0.0083  memory: 9163  loss: 0.0182  decode.loss_ce: 0.0182  decode.acc_seg: 98.3823
2025/03/10 01:53:07 - mmengine - INFO - Iter(train) [150600/160000]  lr: 1.0000e-04  eta: 0:41:49  time: 0.2567  data_time: 0.0087  memory: 9163  loss: 0.0314  decode.loss_ce: 0.0314  decode.acc_seg: 99.4840
2025/03/10 01:53:19 - mmengine - INFO - Iter(train) [150650/160000]  lr: 1.0000e-04  eta: 0:41:35  time: 0.2540  data_time: 0.0083  memory: 9163  loss: 0.0279  decode.loss_ce: 0.0279  decode.acc_seg: 98.6833
2025/03/10 01:53:32 - mmengine - INFO - Iter(train) [150700/160000]  lr: 1.0000e-04  eta: 0:41:22  time: 0.2580  data_time: 0.0085  memory: 9163  loss: 0.0327  decode.loss_ce: 0.0327  decode.acc_seg: 97.5929
2025/03/10 01:53:45 - mmengine - INFO - Iter(train) [150750/160000]  lr: 1.0000e-04  eta: 0:41:08  time: 0.2551  data_time: 0.0082  memory: 9163  loss: 0.0250  decode.loss_ce: 0.0250  decode.acc_seg: 99.6855
2025/03/10 01:53:58 - mmengine - INFO - Iter(train) [150800/160000]  lr: 1.0000e-04  eta: 0:40:55  time: 0.2534  data_time: 0.0080  memory: 9163  loss: 0.0281  decode.loss_ce: 0.0281  decode.acc_seg: 99.3791
2025/03/10 01:54:11 - mmengine - INFO - Iter(train) [150850/160000]  lr: 1.0000e-04  eta: 0:40:42  time: 0.2569  data_time: 0.0082  memory: 9163  loss: 0.0219  decode.loss_ce: 0.0219  decode.acc_seg: 99.1275
2025/03/10 01:54:24 - mmengine - INFO - Iter(train) [150900/160000]  lr: 1.0000e-04  eta: 0:40:28  time: 0.2540  data_time: 0.0080  memory: 9163  loss: 0.0212  decode.loss_ce: 0.0212  decode.acc_seg: 99.0261
2025/03/10 01:54:36 - mmengine - INFO - Iter(train) [150950/160000]  lr: 1.0000e-04  eta: 0:40:15  time: 0.2545  data_time: 0.0082  memory: 9163  loss: 0.0291  decode.loss_ce: 0.0291  decode.acc_seg: 99.3254
2025/03/10 01:54:49 - mmengine - INFO - Exp name: efficient_20250309_140341
2025/03/10 01:54:49 - mmengine - INFO - Iter(train) [151000/160000]  lr: 1.0000e-04  eta: 0:40:02  time: 0.2545  data_time: 0.0082  memory: 9163  loss: 0.0210  decode.loss_ce: 0.0210  decode.acc_seg: 98.7360
2025/03/10 01:55:02 - mmengine - INFO - Iter(train) [151050/160000]  lr: 1.0000e-04  eta: 0:39:48  time: 0.2549  data_time: 0.0081  memory: 9163  loss: 0.0397  decode.loss_ce: 0.0397  decode.acc_seg: 99.6756
2025/03/10 01:55:15 - mmengine - INFO - Iter(train) [151100/160000]  lr: 1.0000e-04  eta: 0:39:35  time: 0.2540  data_time: 0.0083  memory: 9163  loss: 0.0326  decode.loss_ce: 0.0326  decode.acc_seg: 99.1149
2025/03/10 01:55:27 - mmengine - INFO - Iter(train) [151150/160000]  lr: 1.0000e-04  eta: 0:39:21  time: 0.2540  data_time: 0.0077  memory: 9163  loss: 0.0145  decode.loss_ce: 0.0145  decode.acc_seg: 100.0000
2025/03/10 01:55:40 - mmengine - INFO - Iter(train) [151200/160000]  lr: 1.0000e-04  eta: 0:39:08  time: 0.2541  data_time: 0.0081  memory: 9163  loss: 0.0258  decode.loss_ce: 0.0258  decode.acc_seg: 99.3198
2025/03/10 01:55:53 - mmengine - INFO - Iter(train) [151250/160000]  lr: 1.0000e-04  eta: 0:38:55  time: 0.2549  data_time: 0.0087  memory: 9163  loss: 0.0359  decode.loss_ce: 0.0359  decode.acc_seg: 99.2600
2025/03/10 01:56:06 - mmengine - INFO - Iter(train) [151300/160000]  lr: 1.0000e-04  eta: 0:38:41  time: 0.2564  data_time: 0.0083  memory: 9163  loss: 0.0326  decode.loss_ce: 0.0326  decode.acc_seg: 99.3101
2025/03/10 01:56:19 - mmengine - INFO - Iter(train) [151350/160000]  lr: 1.0000e-04  eta: 0:38:28  time: 0.2539  data_time: 0.0080  memory: 9163  loss: 0.0373  decode.loss_ce: 0.0373  decode.acc_seg: 95.7092
2025/03/10 01:56:32 - mmengine - INFO - Iter(train) [151400/160000]  lr: 1.0000e-04  eta: 0:38:15  time: 0.2575  data_time: 0.0083  memory: 9163  loss: 0.0263  decode.loss_ce: 0.0263  decode.acc_seg: 98.7008
2025/03/10 01:56:44 - mmengine - INFO - Iter(train) [151450/160000]  lr: 1.0000e-04  eta: 0:38:01  time: 0.2539  data_time: 0.0081  memory: 9163  loss: 0.0259  decode.loss_ce: 0.0259  decode.acc_seg: 99.5624
2025/03/10 01:56:57 - mmengine - INFO - Iter(train) [151500/160000]  lr: 1.0000e-04  eta: 0:37:48  time: 0.2548  data_time: 0.0086  memory: 9163  loss: 0.0286  decode.loss_ce: 0.0286  decode.acc_seg: 98.9162
2025/03/10 01:57:10 - mmengine - INFO - Iter(train) [151550/160000]  lr: 1.0000e-04  eta: 0:37:34  time: 0.2573  data_time: 0.0083  memory: 9163  loss: 0.0240  decode.loss_ce: 0.0240  decode.acc_seg: 99.4889
2025/03/10 01:57:23 - mmengine - INFO - Iter(train) [151600/160000]  lr: 1.0000e-04  eta: 0:37:21  time: 0.2561  data_time: 0.0082  memory: 9163  loss: 0.0261  decode.loss_ce: 0.0261  decode.acc_seg: 98.9810
2025/03/10 01:57:36 - mmengine - INFO - Iter(train) [151650/160000]  lr: 1.0000e-04  eta: 0:37:08  time: 0.2544  data_time: 0.0081  memory: 9163  loss: 0.0252  decode.loss_ce: 0.0252  decode.acc_seg: 99.9996
2025/03/10 01:57:49 - mmengine - INFO - Iter(train) [151700/160000]  lr: 1.0000e-04  eta: 0:36:54  time: 0.2555  data_time: 0.0080  memory: 9163  loss: 0.0222  decode.loss_ce: 0.0222  decode.acc_seg: 98.7980
2025/03/10 01:58:01 - mmengine - INFO - Iter(train) [151750/160000]  lr: 1.0000e-04  eta: 0:36:41  time: 0.2559  data_time: 0.0082  memory: 9163  loss: 0.0264  decode.loss_ce: 0.0264  decode.acc_seg: 98.9538
2025/03/10 01:58:14 - mmengine - INFO - Iter(train) [151800/160000]  lr: 1.0000e-04  eta: 0:36:28  time: 0.2548  data_time: 0.0081  memory: 9163  loss: 0.0296  decode.loss_ce: 0.0296  decode.acc_seg: 98.6770
2025/03/10 01:58:27 - mmengine - INFO - Iter(train) [151850/160000]  lr: 1.0000e-04  eta: 0:36:14  time: 0.2541  data_time: 0.0080  memory: 9163  loss: 0.0258  decode.loss_ce: 0.0258  decode.acc_seg: 99.1776
2025/03/10 01:58:40 - mmengine - INFO - Iter(train) [151900/160000]  lr: 1.0000e-04  eta: 0:36:01  time: 0.2546  data_time: 0.0083  memory: 9163  loss: 0.0272  decode.loss_ce: 0.0272  decode.acc_seg: 94.3248
2025/03/10 01:58:53 - mmengine - INFO - Iter(train) [151950/160000]  lr: 1.0000e-04  eta: 0:35:47  time: 0.2569  data_time: 0.0082  memory: 9163  loss: 0.0291  decode.loss_ce: 0.0291  decode.acc_seg: 98.9642
2025/03/10 01:59:06 - mmengine - INFO - Exp name: efficient_20250309_140341
2025/03/10 01:59:06 - mmengine - INFO - Iter(train) [152000/160000]  lr: 1.0000e-04  eta: 0:35:34  time: 0.2553  data_time: 0.0080  memory: 9163  loss: 0.0307  decode.loss_ce: 0.0307  decode.acc_seg: 98.6156
2025/03/10 01:59:18 - mmengine - INFO - Iter(train) [152050/160000]  lr: 1.0000e-04  eta: 0:35:21  time: 0.2543  data_time: 0.0083  memory: 9163  loss: 0.0184  decode.loss_ce: 0.0184  decode.acc_seg: 99.1547
2025/03/10 01:59:31 - mmengine - INFO - Iter(train) [152100/160000]  lr: 1.0000e-04  eta: 0:35:07  time: 0.2538  data_time: 0.0085  memory: 9163  loss: 0.0262  decode.loss_ce: 0.0262  decode.acc_seg: 98.2599
2025/03/10 01:59:44 - mmengine - INFO - Iter(train) [152150/160000]  lr: 1.0000e-04  eta: 0:34:54  time: 0.2542  data_time: 0.0082  memory: 9163  loss: 0.0265  decode.loss_ce: 0.0265  decode.acc_seg: 98.7703
2025/03/10 01:59:57 - mmengine - INFO - Iter(train) [152200/160000]  lr: 1.0000e-04  eta: 0:34:41  time: 0.2542  data_time: 0.0081  memory: 9163  loss: 0.0296  decode.loss_ce: 0.0296  decode.acc_seg: 98.6451
2025/03/10 02:00:10 - mmengine - INFO - Iter(train) [152250/160000]  lr: 1.0000e-04  eta: 0:34:27  time: 0.2574  data_time: 0.0086  memory: 9163  loss: 0.0389  decode.loss_ce: 0.0389  decode.acc_seg: 98.5824
2025/03/10 02:00:22 - mmengine - INFO - Iter(train) [152300/160000]  lr: 1.0000e-04  eta: 0:34:14  time: 0.2561  data_time: 0.0083  memory: 9163  loss: 0.0346  decode.loss_ce: 0.0346  decode.acc_seg: 99.0627
2025/03/10 02:00:35 - mmengine - INFO - Iter(train) [152350/160000]  lr: 1.0000e-04  eta: 0:34:00  time: 0.2545  data_time: 0.0081  memory: 9163  loss: 0.0302  decode.loss_ce: 0.0302  decode.acc_seg: 97.7508
2025/03/10 02:00:48 - mmengine - INFO - Iter(train) [152400/160000]  lr: 1.0000e-04  eta: 0:33:47  time: 0.2573  data_time: 0.0084  memory: 9163  loss: 0.0246  decode.loss_ce: 0.0246  decode.acc_seg: 97.9255
2025/03/10 02:01:01 - mmengine - INFO - Iter(train) [152450/160000]  lr: 1.0000e-04  eta: 0:33:34  time: 0.2570  data_time: 0.0083  memory: 9163  loss: 0.0223  decode.loss_ce: 0.0223  decode.acc_seg: 99.9217
2025/03/10 02:01:14 - mmengine - INFO - Iter(train) [152500/160000]  lr: 1.0000e-04  eta: 0:33:20  time: 0.2544  data_time: 0.0081  memory: 9163  loss: 0.0358  decode.loss_ce: 0.0358  decode.acc_seg: 100.0000
2025/03/10 02:01:27 - mmengine - INFO - Iter(train) [152550/160000]  lr: 1.0000e-04  eta: 0:33:07  time: 0.2542  data_time: 0.0082  memory: 9163  loss: 0.0193  decode.loss_ce: 0.0193  decode.acc_seg: 99.8555
2025/03/10 02:01:39 - mmengine - INFO - Iter(train) [152600/160000]  lr: 1.0000e-04  eta: 0:32:54  time: 0.2565  data_time: 0.0083  memory: 9163  loss: 0.0304  decode.loss_ce: 0.0304  decode.acc_seg: 98.5563
2025/03/10 02:01:52 - mmengine - INFO - Iter(train) [152650/160000]  lr: 1.0000e-04  eta: 0:32:40  time: 0.2565  data_time: 0.0083  memory: 9163  loss: 0.0251  decode.loss_ce: 0.0251  decode.acc_seg: 99.6350
2025/03/10 02:02:05 - mmengine - INFO - Iter(train) [152700/160000]  lr: 1.0000e-04  eta: 0:32:27  time: 0.2544  data_time: 0.0080  memory: 9163  loss: 0.0320  decode.loss_ce: 0.0320  decode.acc_seg: 98.0161
2025/03/10 02:02:18 - mmengine - INFO - Iter(train) [152750/160000]  lr: 1.0000e-04  eta: 0:32:14  time: 0.2563  data_time: 0.0082  memory: 9163  loss: 0.0278  decode.loss_ce: 0.0278  decode.acc_seg: 99.1901
2025/03/10 02:02:31 - mmengine - INFO - Iter(train) [152800/160000]  lr: 1.0000e-04  eta: 0:32:00  time: 0.2551  data_time: 0.0085  memory: 9163  loss: 0.0222  decode.loss_ce: 0.0222  decode.acc_seg: 99.0390
2025/03/10 02:02:44 - mmengine - INFO - Iter(train) [152850/160000]  lr: 1.0000e-04  eta: 0:31:47  time: 0.2551  data_time: 0.0081  memory: 9163  loss: 0.0300  decode.loss_ce: 0.0300  decode.acc_seg: 97.8221
2025/03/10 02:02:56 - mmengine - INFO - Iter(train) [152900/160000]  lr: 1.0000e-04  eta: 0:31:33  time: 0.2543  data_time: 0.0084  memory: 9163  loss: 0.0309  decode.loss_ce: 0.0309  decode.acc_seg: 99.0366
2025/03/10 02:03:09 - mmengine - INFO - Iter(train) [152950/160000]  lr: 1.0000e-04  eta: 0:31:20  time: 0.2563  data_time: 0.0084  memory: 9163  loss: 0.0224  decode.loss_ce: 0.0224  decode.acc_seg: 99.4977
2025/03/10 02:03:22 - mmengine - INFO - Exp name: efficient_20250309_140341
2025/03/10 02:03:22 - mmengine - INFO - Iter(train) [153000/160000]  lr: 1.0000e-04  eta: 0:31:07  time: 0.2540  data_time: 0.0082  memory: 9163  loss: 0.0251  decode.loss_ce: 0.0251  decode.acc_seg: 99.0289
2025/03/10 02:03:22 - mmengine - INFO - Saving checkpoint at 153000 iterations
2025/03/10 02:03:37 - mmengine - INFO - Iter(train) [153050/160000]  lr: 1.0000e-04  eta: 0:30:53  time: 0.2550  data_time: 0.0085  memory: 9163  loss: 0.0323  decode.loss_ce: 0.0323  decode.acc_seg: 99.6533
2025/03/10 02:03:50 - mmengine - INFO - Iter(train) [153100/160000]  lr: 1.0000e-04  eta: 0:30:40  time: 0.2540  data_time: 0.0081  memory: 9163  loss: 0.0361  decode.loss_ce: 0.0361  decode.acc_seg: 98.2486
2025/03/10 02:04:03 - mmengine - INFO - Iter(train) [153150/160000]  lr: 1.0000e-04  eta: 0:30:27  time: 0.2543  data_time: 0.0083  memory: 9163  loss: 0.0233  decode.loss_ce: 0.0233  decode.acc_seg: 99.6442
2025/03/10 02:04:15 - mmengine - INFO - Iter(train) [153200/160000]  lr: 1.0000e-04  eta: 0:30:13  time: 0.2543  data_time: 0.0082  memory: 9163  loss: 0.0259  decode.loss_ce: 0.0259  decode.acc_seg: 99.4817
2025/03/10 02:04:28 - mmengine - INFO - Iter(train) [153250/160000]  lr: 1.0000e-04  eta: 0:30:00  time: 0.2544  data_time: 0.0086  memory: 9163  loss: 0.0245  decode.loss_ce: 0.0245  decode.acc_seg: 99.7643
2025/03/10 02:04:41 - mmengine - INFO - Iter(train) [153300/160000]  lr: 1.0000e-04  eta: 0:29:47  time: 0.2569  data_time: 0.0084  memory: 9163  loss: 0.0222  decode.loss_ce: 0.0222  decode.acc_seg: 99.2860
2025/03/10 02:04:54 - mmengine - INFO - Iter(train) [153350/160000]  lr: 1.0000e-04  eta: 0:29:33  time: 0.2542  data_time: 0.0083  memory: 9163  loss: 0.0284  decode.loss_ce: 0.0284  decode.acc_seg: 99.7322
2025/03/10 02:05:07 - mmengine - INFO - Iter(train) [153400/160000]  lr: 1.0000e-04  eta: 0:29:20  time: 0.2557  data_time: 0.0084  memory: 9163  loss: 0.0194  decode.loss_ce: 0.0194  decode.acc_seg: 98.7964
2025/03/10 02:05:19 - mmengine - INFO - Iter(train) [153450/160000]  lr: 1.0000e-04  eta: 0:29:07  time: 0.2545  data_time: 0.0081  memory: 9163  loss: 0.0223  decode.loss_ce: 0.0223  decode.acc_seg: 99.8569
2025/03/10 02:05:32 - mmengine - INFO - Iter(train) [153500/160000]  lr: 1.0000e-04  eta: 0:28:53  time: 0.2553  data_time: 0.0085  memory: 9163  loss: 0.0240  decode.loss_ce: 0.0240  decode.acc_seg: 100.0000
2025/03/10 02:05:45 - mmengine - INFO - Iter(train) [153550/160000]  lr: 1.0000e-04  eta: 0:28:40  time: 0.2545  data_time: 0.0080  memory: 9163  loss: 0.0338  decode.loss_ce: 0.0338  decode.acc_seg: 96.4307
2025/03/10 02:05:58 - mmengine - INFO - Iter(train) [153600/160000]  lr: 1.0000e-04  eta: 0:28:27  time: 0.2538  data_time: 0.0083  memory: 9163  loss: 0.0313  decode.loss_ce: 0.0313  decode.acc_seg: 99.2563
2025/03/10 02:06:11 - mmengine - INFO - Iter(train) [153650/160000]  lr: 1.0000e-04  eta: 0:28:13  time: 0.2550  data_time: 0.0083  memory: 9163  loss: 0.0480  decode.loss_ce: 0.0480  decode.acc_seg: 95.9447
2025/03/10 02:06:24 - mmengine - INFO - Iter(train) [153700/160000]  lr: 1.0000e-04  eta: 0:28:00  time: 0.2558  data_time: 0.0081  memory: 9163  loss: 0.0244  decode.loss_ce: 0.0244  decode.acc_seg: 99.0972
2025/03/10 02:06:36 - mmengine - INFO - Iter(train) [153750/160000]  lr: 1.0000e-04  eta: 0:27:46  time: 0.2541  data_time: 0.0083  memory: 9163  loss: 0.0153  decode.loss_ce: 0.0153  decode.acc_seg: 98.9055
2025/03/10 02:06:49 - mmengine - INFO - Iter(train) [153800/160000]  lr: 1.0000e-04  eta: 0:27:33  time: 0.2540  data_time: 0.0080  memory: 9163  loss: 0.0164  decode.loss_ce: 0.0164  decode.acc_seg: 99.7852
2025/03/10 02:07:02 - mmengine - INFO - Iter(train) [153850/160000]  lr: 1.0000e-04  eta: 0:27:20  time: 0.2535  data_time: 0.0082  memory: 9163  loss: 0.0296  decode.loss_ce: 0.0296  decode.acc_seg: 98.5443
2025/03/10 02:07:15 - mmengine - INFO - Iter(train) [153900/160000]  lr: 1.0000e-04  eta: 0:27:06  time: 0.2544  data_time: 0.0085  memory: 9163  loss: 0.0272  decode.loss_ce: 0.0272  decode.acc_seg: 99.5650
2025/03/10 02:07:28 - mmengine - INFO - Iter(train) [153950/160000]  lr: 1.0000e-04  eta: 0:26:53  time: 0.2544  data_time: 0.0080  memory: 9163  loss: 0.0248  decode.loss_ce: 0.0248  decode.acc_seg: 98.4241
2025/03/10 02:07:40 - mmengine - INFO - Exp name: efficient_20250309_140341
2025/03/10 02:07:40 - mmengine - INFO - Iter(train) [154000/160000]  lr: 1.0000e-04  eta: 0:26:40  time: 0.2543  data_time: 0.0081  memory: 9163  loss: 0.0235  decode.loss_ce: 0.0235  decode.acc_seg: 99.6045
2025/03/10 02:07:43 - mmengine - INFO - Iter(val) [ 50/869]    eta: 0:00:47  time: 0.0561  data_time: 0.0030  memory: 636  
2025/03/10 02:07:46 - mmengine - INFO - Iter(val) [100/869]    eta: 0:00:44  time: 0.0584  data_time: 0.0026  memory: 636  
2025/03/10 02:07:49 - mmengine - INFO - Iter(val) [150/869]    eta: 0:00:40  time: 0.0565  data_time: 0.0027  memory: 636  
2025/03/10 02:07:52 - mmengine - INFO - Iter(val) [200/869]    eta: 0:00:37  time: 0.0562  data_time: 0.0026  memory: 636  
2025/03/10 02:07:55 - mmengine - INFO - Iter(val) [250/869]    eta: 0:00:35  time: 0.0559  data_time: 0.0026  memory: 636  
2025/03/10 02:07:57 - mmengine - INFO - Iter(val) [300/869]    eta: 0:00:32  time: 0.0560  data_time: 0.0025  memory: 636  
2025/03/10 02:08:00 - mmengine - INFO - Iter(val) [350/869]    eta: 0:00:29  time: 0.0565  data_time: 0.0026  memory: 636  
2025/03/10 02:08:03 - mmengine - INFO - Iter(val) [400/869]    eta: 0:00:26  time: 0.0561  data_time: 0.0025  memory: 636  
2025/03/10 02:08:06 - mmengine - INFO - Iter(val) [450/869]    eta: 0:00:23  time: 0.0564  data_time: 0.0024  memory: 636  
2025/03/10 02:08:09 - mmengine - INFO - Iter(val) [500/869]    eta: 0:00:20  time: 0.0559  data_time: 0.0027  memory: 636  
2025/03/10 02:08:12 - mmengine - INFO - Iter(val) [550/869]    eta: 0:00:18  time: 0.0583  data_time: 0.0026  memory: 636  
2025/03/10 02:08:14 - mmengine - INFO - Iter(val) [600/869]    eta: 0:00:15  time: 0.0557  data_time: 0.0028  memory: 636  
2025/03/10 02:08:17 - mmengine - INFO - Iter(val) [650/869]    eta: 0:00:12  time: 0.0564  data_time: 0.0027  memory: 636  
2025/03/10 02:08:20 - mmengine - INFO - Iter(val) [700/869]    eta: 0:00:09  time: 0.0561  data_time: 0.0028  memory: 636  
2025/03/10 02:08:23 - mmengine - INFO - Iter(val) [750/869]    eta: 0:00:06  time: 0.0566  data_time: 0.0028  memory: 636  
2025/03/10 02:08:26 - mmengine - INFO - Iter(val) [800/869]    eta: 0:00:03  time: 0.0556  data_time: 0.0027  memory: 636  
2025/03/10 02:08:28 - mmengine - INFO - Iter(val) [850/869]    eta: 0:00:01  time: 0.0558  data_time: 0.0026  memory: 636  
2025/03/10 02:08:30 - mmengine - INFO - per class results:
2025/03/10 02:08:30 - mmengine - INFO - 
+------------+-------+-------+--------+-----------+--------+
|   Class    |  IoU  |  Acc  | Fscore | Precision | Recall |
+------------+-------+-------+--------+-----------+--------+
| background | 96.94 | 97.59 | 98.45  |   99.32   | 97.59  |
|    ghaf    | 53.82 | 84.22 | 69.98  |   59.86   | 84.22  |
+------------+-------+-------+--------+-----------+--------+
2025/03/10 02:08:30 - mmengine - INFO - Iter(val) [869/869]    aAcc: 97.0500  mIoU: 75.3800  mAcc: 90.9100  mFscore: 84.2100  mPrecision: 79.5900  mRecall: 90.9100  data_time: 0.0028  time: 0.0564
2025/03/10 02:08:42 - mmengine - INFO - Iter(train) [154050/160000]  lr: 1.0000e-04  eta: 0:26:26  time: 0.2546  data_time: 0.0081  memory: 9163  loss: 0.0369  decode.loss_ce: 0.0369  decode.acc_seg: 93.5217
2025/03/10 02:08:55 - mmengine - INFO - Iter(train) [154100/160000]  lr: 1.0000e-04  eta: 0:26:13  time: 0.2543  data_time: 0.0081  memory: 9163  loss: 0.0248  decode.loss_ce: 0.0248  decode.acc_seg: 99.4894
2025/03/10 02:09:08 - mmengine - INFO - Iter(train) [154150/160000]  lr: 1.0000e-04  eta: 0:26:00  time: 0.2542  data_time: 0.0080  memory: 9163  loss: 0.0252  decode.loss_ce: 0.0252  decode.acc_seg: 97.4894
2025/03/10 02:10:47 - mmengine - INFO - Iter(train) [154200/160000]  lr: 1.0000e-04  eta: 0:25:49  time: 8.8807  data_time: 1.4848  memory: 9163  loss: 0.0284  decode.loss_ce: 0.0284  decode.acc_seg: 99.6999
2025/03/10 02:11:00 - mmengine - INFO - Iter(train) [154250/160000]  lr: 1.0000e-04  eta: 0:25:36  time: 0.2563  data_time: 0.0087  memory: 9163  loss: 0.0347  decode.loss_ce: 0.0347  decode.acc_seg: 99.7682
2025/03/10 02:11:12 - mmengine - INFO - Iter(train) [154300/160000]  lr: 1.0000e-04  eta: 0:25:23  time: 0.2465  data_time: 0.0080  memory: 9163  loss: 0.0333  decode.loss_ce: 0.0333  decode.acc_seg: 98.7047
2025/03/10 02:11:25 - mmengine - INFO - Iter(train) [154350/160000]  lr: 1.0000e-04  eta: 0:25:09  time: 0.2472  data_time: 0.0080  memory: 9163  loss: 0.0136  decode.loss_ce: 0.0136  decode.acc_seg: 99.8547
2025/03/10 02:11:37 - mmengine - INFO - Iter(train) [154400/160000]  lr: 1.0000e-04  eta: 0:24:56  time: 0.2471  data_time: 0.0079  memory: 9163  loss: 0.0214  decode.loss_ce: 0.0214  decode.acc_seg: 99.9578
2025/03/10 02:11:49 - mmengine - INFO - Iter(train) [154450/160000]  lr: 1.0000e-04  eta: 0:24:42  time: 0.2480  data_time: 0.0077  memory: 9163  loss: 0.0259  decode.loss_ce: 0.0259  decode.acc_seg: 99.0413
2025/03/10 02:12:02 - mmengine - INFO - Iter(train) [154500/160000]  lr: 1.0000e-04  eta: 0:24:29  time: 0.2498  data_time: 0.0078  memory: 9163  loss: 0.0247  decode.loss_ce: 0.0247  decode.acc_seg: 98.8788
2025/03/10 02:12:15 - mmengine - INFO - Iter(train) [154550/160000]  lr: 1.0000e-04  eta: 0:24:16  time: 0.2582  data_time: 0.0091  memory: 9163  loss: 0.0282  decode.loss_ce: 0.0282  decode.acc_seg: 99.5582
2025/03/10 02:12:28 - mmengine - INFO - Iter(train) [154600/160000]  lr: 1.0000e-04  eta: 0:24:02  time: 0.2564  data_time: 0.0084  memory: 9163  loss: 0.0291  decode.loss_ce: 0.0291  decode.acc_seg: 98.5691
2025/03/10 02:12:40 - mmengine - INFO - Iter(train) [154650/160000]  lr: 1.0000e-04  eta: 0:23:49  time: 0.2539  data_time: 0.0082  memory: 9163  loss: 0.0258  decode.loss_ce: 0.0258  decode.acc_seg: 98.4051
2025/03/10 02:12:53 - mmengine - INFO - Iter(train) [154700/160000]  lr: 1.0000e-04  eta: 0:23:36  time: 0.2547  data_time: 0.0083  memory: 9163  loss: 0.0246  decode.loss_ce: 0.0246  decode.acc_seg: 99.7673
2025/03/10 02:13:06 - mmengine - INFO - Iter(train) [154750/160000]  lr: 1.0000e-04  eta: 0:23:22  time: 0.2546  data_time: 0.0080  memory: 9163  loss: 0.0256  decode.loss_ce: 0.0256  decode.acc_seg: 99.2496
2025/03/10 02:13:19 - mmengine - INFO - Iter(train) [154800/160000]  lr: 1.0000e-04  eta: 0:23:09  time: 0.2568  data_time: 0.0085  memory: 9163  loss: 0.0345  decode.loss_ce: 0.0345  decode.acc_seg: 98.3325
2025/03/10 02:13:32 - mmengine - INFO - Iter(train) [154850/160000]  lr: 1.0000e-04  eta: 0:22:55  time: 0.2547  data_time: 0.0080  memory: 9163  loss: 0.0230  decode.loss_ce: 0.0230  decode.acc_seg: 96.6857
2025/03/10 02:13:45 - mmengine - INFO - Iter(train) [154900/160000]  lr: 1.0000e-04  eta: 0:22:42  time: 0.2570  data_time: 0.0088  memory: 9163  loss: 0.0312  decode.loss_ce: 0.0312  decode.acc_seg: 98.9684
2025/03/10 02:13:58 - mmengine - INFO - Iter(train) [154950/160000]  lr: 1.0000e-04  eta: 0:22:29  time: 0.2542  data_time: 0.0080  memory: 9163  loss: 0.0223  decode.loss_ce: 0.0223  decode.acc_seg: 97.6030
2025/03/10 02:14:10 - mmengine - INFO - Exp name: efficient_20250309_140341
2025/03/10 02:14:10 - mmengine - INFO - Iter(train) [155000/160000]  lr: 1.0000e-04  eta: 0:22:15  time: 0.2570  data_time: 0.0086  memory: 9163  loss: 0.0304  decode.loss_ce: 0.0304  decode.acc_seg: 99.4338
2025/03/10 02:14:23 - mmengine - INFO - Iter(train) [155050/160000]  lr: 1.0000e-04  eta: 0:22:02  time: 0.2614  data_time: 0.0089  memory: 9163  loss: 0.0316  decode.loss_ce: 0.0316  decode.acc_seg: 98.5565
2025/03/10 02:14:36 - mmengine - INFO - Iter(train) [155100/160000]  lr: 1.0000e-04  eta: 0:21:49  time: 0.2576  data_time: 0.0090  memory: 9163  loss: 0.0526  decode.loss_ce: 0.0526  decode.acc_seg: 95.6904
2025/03/10 02:14:49 - mmengine - INFO - Iter(train) [155150/160000]  lr: 1.0000e-04  eta: 0:21:35  time: 0.2577  data_time: 0.0086  memory: 9163  loss: 0.0508  decode.loss_ce: 0.0508  decode.acc_seg: 96.7074
2025/03/10 02:15:02 - mmengine - INFO - Iter(train) [155200/160000]  lr: 1.0000e-04  eta: 0:21:22  time: 0.2575  data_time: 0.0085  memory: 9163  loss: 0.0315  decode.loss_ce: 0.0315  decode.acc_seg: 97.9864
2025/03/10 02:15:15 - mmengine - INFO - Iter(train) [155250/160000]  lr: 1.0000e-04  eta: 0:21:08  time: 0.2573  data_time: 0.0086  memory: 9163  loss: 0.0363  decode.loss_ce: 0.0363  decode.acc_seg: 99.8295
2025/03/10 02:15:28 - mmengine - INFO - Iter(train) [155300/160000]  lr: 1.0000e-04  eta: 0:20:55  time: 0.2564  data_time: 0.0084  memory: 9163  loss: 0.0266  decode.loss_ce: 0.0266  decode.acc_seg: 97.6562
2025/03/10 02:15:41 - mmengine - INFO - Iter(train) [155350/160000]  lr: 1.0000e-04  eta: 0:20:42  time: 0.2570  data_time: 0.0088  memory: 9163  loss: 0.0160  decode.loss_ce: 0.0160  decode.acc_seg: 99.4369
2025/03/10 02:15:54 - mmengine - INFO - Iter(train) [155400/160000]  lr: 1.0000e-04  eta: 0:20:28  time: 0.2562  data_time: 0.0081  memory: 9163  loss: 0.0268  decode.loss_ce: 0.0268  decode.acc_seg: 96.8465
2025/03/10 02:16:07 - mmengine - INFO - Iter(train) [155450/160000]  lr: 1.0000e-04  eta: 0:20:15  time: 0.2553  data_time: 0.0086  memory: 9163  loss: 0.0339  decode.loss_ce: 0.0339  decode.acc_seg: 99.6768
2025/03/10 02:16:20 - mmengine - INFO - Iter(train) [155500/160000]  lr: 1.0000e-04  eta: 0:20:02  time: 0.2556  data_time: 0.0084  memory: 9163  loss: 0.0197  decode.loss_ce: 0.0197  decode.acc_seg: 97.8031
2025/03/10 02:16:33 - mmengine - INFO - Iter(train) [155550/160000]  lr: 1.0000e-04  eta: 0:19:48  time: 0.2560  data_time: 0.0083  memory: 9163  loss: 0.0238  decode.loss_ce: 0.0238  decode.acc_seg: 97.9594
2025/03/10 02:16:45 - mmengine - INFO - Iter(train) [155600/160000]  lr: 1.0000e-04  eta: 0:19:35  time: 0.2542  data_time: 0.0078  memory: 9163  loss: 0.0146  decode.loss_ce: 0.0146  decode.acc_seg: 99.8805
2025/03/10 02:16:58 - mmengine - INFO - Iter(train) [155650/160000]  lr: 1.0000e-04  eta: 0:19:21  time: 0.2555  data_time: 0.0080  memory: 9163  loss: 0.0225  decode.loss_ce: 0.0225  decode.acc_seg: 99.6934
2025/03/10 02:17:11 - mmengine - INFO - Iter(train) [155700/160000]  lr: 1.0000e-04  eta: 0:19:08  time: 0.2543  data_time: 0.0085  memory: 9163  loss: 0.0334  decode.loss_ce: 0.0334  decode.acc_seg: 93.1349
2025/03/10 02:17:24 - mmengine - INFO - Iter(train) [155750/160000]  lr: 1.0000e-04  eta: 0:18:55  time: 0.2546  data_time: 0.0079  memory: 9163  loss: 0.0154  decode.loss_ce: 0.0154  decode.acc_seg: 98.6049
2025/03/10 02:17:37 - mmengine - INFO - Iter(train) [155800/160000]  lr: 1.0000e-04  eta: 0:18:41  time: 0.2553  data_time: 0.0085  memory: 9163  loss: 0.0264  decode.loss_ce: 0.0264  decode.acc_seg: 99.6861
2025/03/10 02:17:49 - mmengine - INFO - Iter(train) [155850/160000]  lr: 1.0000e-04  eta: 0:18:28  time: 0.2574  data_time: 0.0089  memory: 9163  loss: 0.0599  decode.loss_ce: 0.0599  decode.acc_seg: 95.9798
2025/03/10 02:18:02 - mmengine - INFO - Iter(train) [155900/160000]  lr: 1.0000e-04  eta: 0:18:15  time: 0.2581  data_time: 0.0084  memory: 9163  loss: 0.0169  decode.loss_ce: 0.0169  decode.acc_seg: 98.8721
2025/03/10 02:18:15 - mmengine - INFO - Iter(train) [155950/160000]  lr: 1.0000e-04  eta: 0:18:01  time: 0.2545  data_time: 0.0081  memory: 9163  loss: 0.0204  decode.loss_ce: 0.0204  decode.acc_seg: 98.1664
2025/03/10 02:18:28 - mmengine - INFO - Exp name: efficient_20250309_140341
2025/03/10 02:18:28 - mmengine - INFO - Iter(train) [156000/160000]  lr: 1.0000e-04  eta: 0:17:48  time: 0.2550  data_time: 0.0081  memory: 9163  loss: 0.0182  decode.loss_ce: 0.0182  decode.acc_seg: 99.4760
2025/03/10 02:18:41 - mmengine - INFO - Iter(train) [156050/160000]  lr: 1.0000e-04  eta: 0:17:35  time: 0.2551  data_time: 0.0084  memory: 9163  loss: 0.0527  decode.loss_ce: 0.0527  decode.acc_seg: 96.7404
2025/03/10 02:18:54 - mmengine - INFO - Iter(train) [156100/160000]  lr: 1.0000e-04  eta: 0:17:21  time: 0.2565  data_time: 0.0083  memory: 9163  loss: 0.0193  decode.loss_ce: 0.0193  decode.acc_seg: 99.0545
2025/03/10 02:19:06 - mmengine - INFO - Iter(train) [156150/160000]  lr: 1.0000e-04  eta: 0:17:08  time: 0.2547  data_time: 0.0086  memory: 9163  loss: 0.0176  decode.loss_ce: 0.0176  decode.acc_seg: 99.1160
2025/03/10 02:19:19 - mmengine - INFO - Iter(train) [156200/160000]  lr: 1.0000e-04  eta: 0:16:54  time: 0.2551  data_time: 0.0083  memory: 9163  loss: 0.0276  decode.loss_ce: 0.0276  decode.acc_seg: 99.2361
2025/03/10 02:19:32 - mmengine - INFO - Iter(train) [156250/160000]  lr: 1.0000e-04  eta: 0:16:41  time: 0.2552  data_time: 0.0085  memory: 9163  loss: 0.0223  decode.loss_ce: 0.0223  decode.acc_seg: 99.7496
2025/03/10 02:19:45 - mmengine - INFO - Iter(train) [156300/160000]  lr: 1.0000e-04  eta: 0:16:28  time: 0.2574  data_time: 0.0088  memory: 9163  loss: 0.0211  decode.loss_ce: 0.0211  decode.acc_seg: 99.4185
2025/03/10 02:19:58 - mmengine - INFO - Iter(train) [156350/160000]  lr: 1.0000e-04  eta: 0:16:14  time: 0.2562  data_time: 0.0079  memory: 9163  loss: 0.0200  decode.loss_ce: 0.0200  decode.acc_seg: 98.9046
2025/03/10 02:20:11 - mmengine - INFO - Iter(train) [156400/160000]  lr: 1.0000e-04  eta: 0:16:01  time: 0.2537  data_time: 0.0083  memory: 9163  loss: 0.0300  decode.loss_ce: 0.0300  decode.acc_seg: 99.3819
2025/03/10 02:20:11 - mmengine - INFO - Saving checkpoint at 156400 iterations
2025/03/10 02:20:25 - mmengine - INFO - Iter(train) [156450/160000]  lr: 1.0000e-04  eta: 0:15:48  time: 0.2578  data_time: 0.0088  memory: 9163  loss: 0.0306  decode.loss_ce: 0.0306  decode.acc_seg: 95.9562
2025/03/10 02:20:38 - mmengine - INFO - Iter(train) [156500/160000]  lr: 1.0000e-04  eta: 0:15:34  time: 0.2569  data_time: 0.0085  memory: 9163  loss: 0.0298  decode.loss_ce: 0.0298  decode.acc_seg: 97.0972
2025/03/10 02:20:51 - mmengine - INFO - Iter(train) [156550/160000]  lr: 1.0000e-04  eta: 0:15:21  time: 0.2577  data_time: 0.0083  memory: 9163  loss: 0.0240  decode.loss_ce: 0.0240  decode.acc_seg: 99.2866
2025/03/10 02:21:04 - mmengine - INFO - Iter(train) [156600/160000]  lr: 1.0000e-04  eta: 0:15:08  time: 0.2550  data_time: 0.0082  memory: 9163  loss: 0.0219  decode.loss_ce: 0.0219  decode.acc_seg: 96.9359
2025/03/10 02:21:17 - mmengine - INFO - Iter(train) [156650/160000]  lr: 1.0000e-04  eta: 0:14:54  time: 0.2570  data_time: 0.0085  memory: 9163  loss: 0.0232  decode.loss_ce: 0.0232  decode.acc_seg: 99.8636
2025/03/10 02:21:30 - mmengine - INFO - Iter(train) [156700/160000]  lr: 1.0000e-04  eta: 0:14:41  time: 0.2565  data_time: 0.0086  memory: 9163  loss: 0.0275  decode.loss_ce: 0.0275  decode.acc_seg: 99.0681
2025/03/10 02:21:42 - mmengine - INFO - Iter(train) [156750/160000]  lr: 1.0000e-04  eta: 0:14:27  time: 0.2579  data_time: 0.0092  memory: 9163  loss: 0.0258  decode.loss_ce: 0.0258  decode.acc_seg: 97.2504
2025/03/10 02:21:55 - mmengine - INFO - Iter(train) [156800/160000]  lr: 1.0000e-04  eta: 0:14:14  time: 0.2566  data_time: 0.0087  memory: 9163  loss: 0.0252  decode.loss_ce: 0.0252  decode.acc_seg: 98.3264
2025/03/10 02:22:08 - mmengine - INFO - Iter(train) [156850/160000]  lr: 1.0000e-04  eta: 0:14:01  time: 0.2568  data_time: 0.0082  memory: 9163  loss: 0.0259  decode.loss_ce: 0.0259  decode.acc_seg: 98.2899
2025/03/10 02:22:21 - mmengine - INFO - Iter(train) [156900/160000]  lr: 1.0000e-04  eta: 0:13:47  time: 0.2565  data_time: 0.0087  memory: 9163  loss: 0.0256  decode.loss_ce: 0.0256  decode.acc_seg: 99.5026
2025/03/10 02:22:34 - mmengine - INFO - Iter(train) [156950/160000]  lr: 1.0000e-04  eta: 0:13:34  time: 0.2565  data_time: 0.0087  memory: 9163  loss: 0.0281  decode.loss_ce: 0.0281  decode.acc_seg: 99.3317
2025/03/10 02:22:47 - mmengine - INFO - Exp name: efficient_20250309_140341
2025/03/10 02:22:47 - mmengine - INFO - Iter(train) [157000/160000]  lr: 1.0000e-04  eta: 0:13:21  time: 0.2572  data_time: 0.0081  memory: 9163  loss: 0.0209  decode.loss_ce: 0.0209  decode.acc_seg: 98.3465
2025/03/10 02:22:59 - mmengine - INFO - Iter(train) [157050/160000]  lr: 1.0000e-04  eta: 0:13:07  time: 0.2595  data_time: 0.0088  memory: 9163  loss: 0.0305  decode.loss_ce: 0.0305  decode.acc_seg: 99.6124
2025/03/10 02:23:12 - mmengine - INFO - Iter(train) [157100/160000]  lr: 1.0000e-04  eta: 0:12:54  time: 0.2562  data_time: 0.0090  memory: 9163  loss: 0.0223  decode.loss_ce: 0.0223  decode.acc_seg: 98.7022
2025/03/10 02:23:25 - mmengine - INFO - Iter(train) [157150/160000]  lr: 1.0000e-04  eta: 0:12:41  time: 0.2546  data_time: 0.0084  memory: 9163  loss: 0.0217  decode.loss_ce: 0.0217  decode.acc_seg: 99.5187
2025/03/10 02:23:38 - mmengine - INFO - Iter(train) [157200/160000]  lr: 1.0000e-04  eta: 0:12:27  time: 0.2563  data_time: 0.0083  memory: 9163  loss: 0.0311  decode.loss_ce: 0.0311  decode.acc_seg: 98.0862
2025/03/10 02:23:51 - mmengine - INFO - Iter(train) [157250/160000]  lr: 1.0000e-04  eta: 0:12:14  time: 0.2566  data_time: 0.0085  memory: 9163  loss: 0.0219  decode.loss_ce: 0.0219  decode.acc_seg: 99.2445
2025/03/10 02:24:04 - mmengine - INFO - Iter(train) [157300/160000]  lr: 1.0000e-04  eta: 0:12:00  time: 0.2575  data_time: 0.0088  memory: 9163  loss: 0.0217  decode.loss_ce: 0.0217  decode.acc_seg: 99.2854
2025/03/10 02:24:16 - mmengine - INFO - Iter(train) [157350/160000]  lr: 1.0000e-04  eta: 0:11:47  time: 0.2573  data_time: 0.0086  memory: 9163  loss: 0.0247  decode.loss_ce: 0.0247  decode.acc_seg: 99.7770
2025/03/10 02:24:29 - mmengine - INFO - Iter(train) [157400/160000]  lr: 1.0000e-04  eta: 0:11:34  time: 0.2545  data_time: 0.0085  memory: 9163  loss: 0.0137  decode.loss_ce: 0.0137  decode.acc_seg: 99.5565
2025/03/10 02:24:42 - mmengine - INFO - Iter(train) [157450/160000]  lr: 1.0000e-04  eta: 0:11:20  time: 0.2563  data_time: 0.0083  memory: 9163  loss: 0.0196  decode.loss_ce: 0.0196  decode.acc_seg: 99.4154
2025/03/10 02:24:55 - mmengine - INFO - Iter(train) [157500/160000]  lr: 1.0000e-04  eta: 0:11:07  time: 0.2564  data_time: 0.0088  memory: 9163  loss: 0.0315  decode.loss_ce: 0.0315  decode.acc_seg: 97.1429
2025/03/10 02:24:58 - mmengine - INFO - Iter(val) [ 50/869]    eta: 0:00:48  time: 0.0562  data_time: 0.0029  memory: 636  
2025/03/10 02:25:01 - mmengine - INFO - Iter(val) [100/869]    eta: 0:00:44  time: 0.0572  data_time: 0.0026  memory: 636  
2025/03/10 02:25:04 - mmengine - INFO - Iter(val) [150/869]    eta: 0:00:40  time: 0.0557  data_time: 0.0026  memory: 636  
2025/03/10 02:25:06 - mmengine - INFO - Iter(val) [200/869]    eta: 0:00:37  time: 0.0557  data_time: 0.0025  memory: 636  
2025/03/10 02:25:09 - mmengine - INFO - Iter(val) [250/869]    eta: 0:00:34  time: 0.0559  data_time: 0.0027  memory: 636  
2025/03/10 02:25:12 - mmengine - INFO - Iter(val) [300/869]    eta: 0:00:32  time: 0.0558  data_time: 0.0024  memory: 636  
2025/03/10 02:25:15 - mmengine - INFO - Iter(val) [350/869]    eta: 0:00:29  time: 0.0559  data_time: 0.0027  memory: 636  
2025/03/10 02:25:18 - mmengine - INFO - Iter(val) [400/869]    eta: 0:00:26  time: 0.0562  data_time: 0.0025  memory: 636  
2025/03/10 02:25:20 - mmengine - INFO - Iter(val) [450/869]    eta: 0:00:23  time: 0.0574  data_time: 0.0024  memory: 636  
2025/03/10 02:25:23 - mmengine - INFO - Iter(val) [500/869]    eta: 0:00:20  time: 0.0568  data_time: 0.0026  memory: 636  
2025/03/10 02:25:26 - mmengine - INFO - Iter(val) [550/869]    eta: 0:00:18  time: 0.0579  data_time: 0.0026  memory: 636  
2025/03/10 02:25:29 - mmengine - INFO - Iter(val) [600/869]    eta: 0:00:15  time: 0.0574  data_time: 0.0029  memory: 636  
2025/03/10 02:25:32 - mmengine - INFO - Iter(val) [650/869]    eta: 0:00:12  time: 0.0563  data_time: 0.0029  memory: 636  
2025/03/10 02:25:35 - mmengine - INFO - Iter(val) [700/869]    eta: 0:00:09  time: 0.0557  data_time: 0.0025  memory: 636  
2025/03/10 02:25:38 - mmengine - INFO - Iter(val) [750/869]    eta: 0:00:06  time: 0.0557  data_time: 0.0025  memory: 636  
2025/03/10 02:25:40 - mmengine - INFO - Iter(val) [800/869]    eta: 0:00:03  time: 0.0564  data_time: 0.0026  memory: 636  
2025/03/10 02:25:43 - mmengine - INFO - Iter(val) [850/869]    eta: 0:00:01  time: 0.0557  data_time: 0.0025  memory: 636  
2025/03/10 02:25:44 - mmengine - INFO - per class results:
2025/03/10 02:25:44 - mmengine - INFO - 
+------------+-------+-------+--------+-----------+--------+
|   Class    |  IoU  |  Acc  | Fscore | Precision | Recall |
+------------+-------+-------+--------+-----------+--------+
| background | 97.08 | 97.79 | 98.52  |   99.25   | 97.79  |
|    ghaf    | 54.49 | 82.71 | 70.54  |    61.5   | 82.71  |
+------------+-------+-------+--------+-----------+--------+
2025/03/10 02:25:44 - mmengine - INFO - Iter(val) [869/869]    aAcc: 97.1800  mIoU: 75.7800  mAcc: 90.2500  mFscore: 84.5300  mPrecision: 80.3700  mRecall: 90.2500  data_time: 0.0028  time: 0.0565
2025/03/10 02:25:57 - mmengine - INFO - Iter(train) [157550/160000]  lr: 1.0000e-04  eta: 0:10:54  time: 0.2552  data_time: 0.0087  memory: 9163  loss: 0.0298  decode.loss_ce: 0.0298  decode.acc_seg: 99.7949
2025/03/10 02:26:10 - mmengine - INFO - Iter(train) [157600/160000]  lr: 1.0000e-04  eta: 0:10:40  time: 0.2571  data_time: 0.0093  memory: 9163  loss: 0.0355  decode.loss_ce: 0.0355  decode.acc_seg: 99.7155
2025/03/10 02:26:23 - mmengine - INFO - Iter(train) [157650/160000]  lr: 1.0000e-04  eta: 0:10:27  time: 0.2540  data_time: 0.0083  memory: 9163  loss: 0.0315  decode.loss_ce: 0.0315  decode.acc_seg: 97.2266
2025/03/10 02:26:36 - mmengine - INFO - Iter(train) [157700/160000]  lr: 1.0000e-04  eta: 0:10:14  time: 0.2543  data_time: 0.0083  memory: 9163  loss: 0.0255  decode.loss_ce: 0.0255  decode.acc_seg: 98.0073
2025/03/10 02:26:49 - mmengine - INFO - Iter(train) [157750/160000]  lr: 1.0000e-04  eta: 0:10:00  time: 0.2544  data_time: 0.0081  memory: 9163  loss: 0.0255  decode.loss_ce: 0.0255  decode.acc_seg: 98.6435
2025/03/10 02:27:01 - mmengine - INFO - Iter(train) [157800/160000]  lr: 1.0000e-04  eta: 0:09:47  time: 0.2566  data_time: 0.0081  memory: 9163  loss: 0.0263  decode.loss_ce: 0.0263  decode.acc_seg: 99.7530
2025/03/10 02:27:14 - mmengine - INFO - Iter(train) [157850/160000]  lr: 1.0000e-04  eta: 0:09:34  time: 0.2540  data_time: 0.0083  memory: 9163  loss: 0.0290  decode.loss_ce: 0.0290  decode.acc_seg: 98.3231
2025/03/10 02:27:27 - mmengine - INFO - Iter(train) [157900/160000]  lr: 1.0000e-04  eta: 0:09:20  time: 0.2543  data_time: 0.0084  memory: 9163  loss: 0.0174  decode.loss_ce: 0.0174  decode.acc_seg: 99.8474
2025/03/10 02:27:40 - mmengine - INFO - Iter(train) [157950/160000]  lr: 1.0000e-04  eta: 0:09:07  time: 0.2564  data_time: 0.0082  memory: 9163  loss: 0.0157  decode.loss_ce: 0.0157  decode.acc_seg: 97.5480
2025/03/10 02:27:52 - mmengine - INFO - Exp name: efficient_20250309_140341
2025/03/10 02:27:52 - mmengine - INFO - Iter(train) [158000/160000]  lr: 1.0000e-04  eta: 0:08:53  time: 0.2541  data_time: 0.0085  memory: 9163  loss: 0.0334  decode.loss_ce: 0.0334  decode.acc_seg: 98.8638
2025/03/10 02:28:05 - mmengine - INFO - Iter(train) [158050/160000]  lr: 1.0000e-04  eta: 0:08:40  time: 0.2544  data_time: 0.0082  memory: 9163  loss: 0.0307  decode.loss_ce: 0.0307  decode.acc_seg: 97.1399
2025/03/10 02:28:18 - mmengine - INFO - Iter(train) [158100/160000]  lr: 1.0000e-04  eta: 0:08:27  time: 0.2539  data_time: 0.0080  memory: 9163  loss: 0.0201  decode.loss_ce: 0.0201  decode.acc_seg: 98.9837
2025/03/10 02:28:31 - mmengine - INFO - Iter(train) [158150/160000]  lr: 1.0000e-04  eta: 0:08:13  time: 0.2549  data_time: 0.0089  memory: 9163  loss: 0.0263  decode.loss_ce: 0.0263  decode.acc_seg: 99.2878
2025/03/10 02:28:44 - mmengine - INFO - Iter(train) [158200/160000]  lr: 1.0000e-04  eta: 0:08:00  time: 0.2542  data_time: 0.0083  memory: 9163  loss: 0.0207  decode.loss_ce: 0.0207  decode.acc_seg: 99.0597
2025/03/10 02:28:56 - mmengine - INFO - Iter(train) [158250/160000]  lr: 1.0000e-04  eta: 0:07:47  time: 0.2538  data_time: 0.0083  memory: 9163  loss: 0.0154  decode.loss_ce: 0.0154  decode.acc_seg: 99.6576
2025/03/10 02:29:09 - mmengine - INFO - Iter(train) [158300/160000]  lr: 1.0000e-04  eta: 0:07:33  time: 0.2543  data_time: 0.0080  memory: 9163  loss: 0.0209  decode.loss_ce: 0.0209  decode.acc_seg: 98.6656
2025/03/10 02:29:22 - mmengine - INFO - Iter(train) [158350/160000]  lr: 1.0000e-04  eta: 0:07:20  time: 0.2544  data_time: 0.0080  memory: 9163  loss: 0.0086  decode.loss_ce: 0.0086  decode.acc_seg: 100.0000
2025/03/10 02:29:35 - mmengine - INFO - Iter(train) [158400/160000]  lr: 1.0000e-04  eta: 0:07:07  time: 0.2560  data_time: 0.0080  memory: 9163  loss: 0.0224  decode.loss_ce: 0.0224  decode.acc_seg: 99.4310
2025/03/10 02:29:48 - mmengine - INFO - Iter(train) [158450/160000]  lr: 1.0000e-04  eta: 0:06:53  time: 0.2550  data_time: 0.0081  memory: 9163  loss: 0.0228  decode.loss_ce: 0.0228  decode.acc_seg: 99.5576
2025/03/10 02:30:00 - mmengine - INFO - Iter(train) [158500/160000]  lr: 1.0000e-04  eta: 0:06:40  time: 0.2555  data_time: 0.0086  memory: 9163  loss: 0.0242  decode.loss_ce: 0.0242  decode.acc_seg: 97.4903
2025/03/10 02:30:13 - mmengine - INFO - Iter(train) [158550/160000]  lr: 1.0000e-04  eta: 0:06:27  time: 0.2568  data_time: 0.0084  memory: 9163  loss: 0.0307  decode.loss_ce: 0.0307  decode.acc_seg: 99.3292
2025/03/10 02:30:26 - mmengine - INFO - Iter(train) [158600/160000]  lr: 1.0000e-04  eta: 0:06:13  time: 0.2552  data_time: 0.0083  memory: 9163  loss: 0.0147  decode.loss_ce: 0.0147  decode.acc_seg: 99.3685
2025/03/10 02:30:39 - mmengine - INFO - Iter(train) [158650/160000]  lr: 1.0000e-04  eta: 0:06:00  time: 0.2539  data_time: 0.0080  memory: 9163  loss: 0.0230  decode.loss_ce: 0.0230  decode.acc_seg: 98.5742
2025/03/10 02:30:52 - mmengine - INFO - Iter(train) [158700/160000]  lr: 1.0000e-04  eta: 0:05:46  time: 0.2551  data_time: 0.0085  memory: 9163  loss: 0.0317  decode.loss_ce: 0.0317  decode.acc_seg: 98.7707
2025/03/10 02:31:04 - mmengine - INFO - Iter(train) [158750/160000]  lr: 1.0000e-04  eta: 0:05:33  time: 0.2566  data_time: 0.0088  memory: 9163  loss: 0.0286  decode.loss_ce: 0.0286  decode.acc_seg: 98.9875
2025/03/10 02:31:17 - mmengine - INFO - Iter(train) [158800/160000]  lr: 1.0000e-04  eta: 0:05:20  time: 0.2540  data_time: 0.0081  memory: 9163  loss: 0.0234  decode.loss_ce: 0.0234  decode.acc_seg: 99.2142
2025/03/10 02:31:30 - mmengine - INFO - Iter(train) [158850/160000]  lr: 1.0000e-04  eta: 0:05:06  time: 0.2538  data_time: 0.0083  memory: 9163  loss: 0.0294  decode.loss_ce: 0.0294  decode.acc_seg: 99.5151
2025/03/10 02:31:43 - mmengine - INFO - Iter(train) [158900/160000]  lr: 1.0000e-04  eta: 0:04:53  time: 0.2559  data_time: 0.0080  memory: 9163  loss: 0.0399  decode.loss_ce: 0.0399  decode.acc_seg: 97.7579
2025/03/10 02:31:56 - mmengine - INFO - Iter(train) [158950/160000]  lr: 1.0000e-04  eta: 0:04:40  time: 0.2565  data_time: 0.0086  memory: 9163  loss: 0.0358  decode.loss_ce: 0.0358  decode.acc_seg: 99.7739
2025/03/10 02:32:08 - mmengine - INFO - Exp name: efficient_20250309_140341
2025/03/10 02:32:08 - mmengine - INFO - Iter(train) [159000/160000]  lr: 1.0000e-04  eta: 0:04:26  time: 0.2543  data_time: 0.0084  memory: 9163  loss: 0.0209  decode.loss_ce: 0.0209  decode.acc_seg: 98.6385
2025/03/10 02:32:21 - mmengine - INFO - Iter(train) [159050/160000]  lr: 1.0000e-04  eta: 0:04:13  time: 0.2540  data_time: 0.0081  memory: 9163  loss: 0.0183  decode.loss_ce: 0.0183  decode.acc_seg: 99.1782
2025/03/10 02:32:34 - mmengine - INFO - Iter(train) [159100/160000]  lr: 1.0000e-04  eta: 0:04:00  time: 0.2552  data_time: 0.0084  memory: 9163  loss: 0.0191  decode.loss_ce: 0.0191  decode.acc_seg: 98.7278
2025/03/10 02:32:47 - mmengine - INFO - Iter(train) [159150/160000]  lr: 1.0000e-04  eta: 0:03:46  time: 0.2543  data_time: 0.0081  memory: 9163  loss: 0.0230  decode.loss_ce: 0.0230  decode.acc_seg: 99.1778
2025/03/10 02:33:00 - mmengine - INFO - Iter(train) [159200/160000]  lr: 1.0000e-04  eta: 0:03:33  time: 0.2543  data_time: 0.0084  memory: 9163  loss: 0.0281  decode.loss_ce: 0.0281  decode.acc_seg: 98.6487
2025/03/10 02:33:12 - mmengine - INFO - Iter(train) [159250/160000]  lr: 1.0000e-04  eta: 0:03:20  time: 0.2568  data_time: 0.0085  memory: 9163  loss: 0.0297  decode.loss_ce: 0.0297  decode.acc_seg: 99.2645
2025/03/10 02:33:25 - mmengine - INFO - Iter(train) [159300/160000]  lr: 1.0000e-04  eta: 0:03:06  time: 0.2541  data_time: 0.0082  memory: 9163  loss: 0.0214  decode.loss_ce: 0.0214  decode.acc_seg: 99.2393
2025/03/10 02:33:38 - mmengine - INFO - Iter(train) [159350/160000]  lr: 1.0000e-04  eta: 0:02:53  time: 0.2543  data_time: 0.0079  memory: 9163  loss: 0.0382  decode.loss_ce: 0.0382  decode.acc_seg: 99.1190
2025/03/10 02:33:51 - mmengine - INFO - Iter(train) [159400/160000]  lr: 1.0000e-04  eta: 0:02:40  time: 0.2567  data_time: 0.0084  memory: 9163  loss: 0.0145  decode.loss_ce: 0.0145  decode.acc_seg: 98.8329
2025/03/10 02:34:04 - mmengine - INFO - Iter(train) [159450/160000]  lr: 1.0000e-04  eta: 0:02:26  time: 0.2552  data_time: 0.0086  memory: 9163  loss: 0.0291  decode.loss_ce: 0.0291  decode.acc_seg: 99.0445
2025/03/10 02:34:16 - mmengine - INFO - Iter(train) [159500/160000]  lr: 1.0000e-04  eta: 0:02:13  time: 0.2543  data_time: 0.0083  memory: 9163  loss: 0.0273  decode.loss_ce: 0.0273  decode.acc_seg: 99.6910
2025/03/10 02:34:29 - mmengine - INFO - Iter(train) [159550/160000]  lr: 1.0000e-04  eta: 0:02:00  time: 0.2542  data_time: 0.0083  memory: 9163  loss: 0.0250  decode.loss_ce: 0.0250  decode.acc_seg: 99.6470
2025/03/10 02:34:42 - mmengine - INFO - Iter(train) [159600/160000]  lr: 1.0000e-04  eta: 0:01:46  time: 0.2544  data_time: 0.0081  memory: 9163  loss: 0.0278  decode.loss_ce: 0.0278  decode.acc_seg: 97.9892
2025/03/10 02:34:55 - mmengine - INFO - Iter(train) [159650/160000]  lr: 1.0000e-04  eta: 0:01:33  time: 0.2545  data_time: 0.0085  memory: 9163  loss: 0.0321  decode.loss_ce: 0.0321  decode.acc_seg: 97.8499
2025/03/10 02:35:08 - mmengine - INFO - Iter(train) [159700/160000]  lr: 1.0000e-04  eta: 0:01:20  time: 0.2568  data_time: 0.0083  memory: 9163  loss: 0.0309  decode.loss_ce: 0.0309  decode.acc_seg: 99.3707
2025/03/10 02:35:20 - mmengine - INFO - Iter(train) [159750/160000]  lr: 1.0000e-04  eta: 0:01:06  time: 0.2565  data_time: 0.0083  memory: 9163  loss: 0.0363  decode.loss_ce: 0.0363  decode.acc_seg: 94.1818
2025/03/10 02:35:33 - mmengine - INFO - Iter(train) [159800/160000]  lr: 1.0000e-04  eta: 0:00:53  time: 0.2565  data_time: 0.0085  memory: 9163  loss: 0.0335  decode.loss_ce: 0.0335  decode.acc_seg: 99.7635
2025/03/10 02:35:33 - mmengine - INFO - Saving checkpoint at 159800 iterations
2025/03/10 02:35:48 - mmengine - INFO - Iter(train) [159850/160000]  lr: 1.0000e-04  eta: 0:00:40  time: 0.2555  data_time: 0.0080  memory: 9163  loss: 0.0242  decode.loss_ce: 0.0242  decode.acc_seg: 98.9303
2025/03/10 02:36:01 - mmengine - INFO - Iter(train) [159900/160000]  lr: 1.0000e-04  eta: 0:00:26  time: 0.2572  data_time: 0.0083  memory: 9163  loss: 0.0287  decode.loss_ce: 0.0287  decode.acc_seg: 99.6852
2025/03/10 02:36:14 - mmengine - INFO - Iter(train) [159950/160000]  lr: 1.0000e-04  eta: 0:00:13  time: 0.2567  data_time: 0.0083  memory: 9163  loss: 0.0310  decode.loss_ce: 0.0310  decode.acc_seg: 99.2055
2025/03/10 02:36:27 - mmengine - INFO - Exp name: efficient_20250309_140341
2025/03/10 02:36:27 - mmengine - INFO - Iter(train) [160000/160000]  lr: 1.0000e-04  eta: 0:00:00  time: 0.2568  data_time: 0.0085  memory: 9163  loss: 0.0180  decode.loss_ce: 0.0180  decode.acc_seg: 99.6042
2025/03/10 02:36:27 - mmengine - INFO - Saving checkpoint at 160000 iterations
2025/03/10 02:36:31 - mmengine - INFO - Iter(val) [ 50/869]    eta: 0:00:50  time: 0.0574  data_time: 0.0028  memory: 636  
2025/03/10 02:36:34 - mmengine - INFO - Iter(val) [100/869]    eta: 0:00:46  time: 0.0562  data_time: 0.0027  memory: 636  
2025/03/10 02:36:37 - mmengine - INFO - Iter(val) [150/869]    eta: 0:00:42  time: 0.0562  data_time: 0.0025  memory: 636  
2025/03/10 02:36:40 - mmengine - INFO - Iter(val) [200/869]    eta: 0:00:38  time: 0.0557  data_time: 0.0025  memory: 636  
2025/03/10 02:36:43 - mmengine - INFO - Iter(val) [250/869]    eta: 0:00:35  time: 0.0559  data_time: 0.0028  memory: 636  
2025/03/10 02:36:46 - mmengine - INFO - Iter(val) [300/869]    eta: 0:00:32  time: 0.0560  data_time: 0.0027  memory: 636  
2025/03/10 02:36:48 - mmengine - INFO - Iter(val) [350/869]    eta: 0:00:29  time: 0.0562  data_time: 0.0026  memory: 636  
2025/03/10 02:36:51 - mmengine - INFO - Iter(val) [400/869]    eta: 0:00:26  time: 0.0565  data_time: 0.0028  memory: 636  
2025/03/10 02:36:54 - mmengine - INFO - Iter(val) [450/869]    eta: 0:00:23  time: 0.0565  data_time: 0.0025  memory: 636  
2025/03/10 02:36:57 - mmengine - INFO - Iter(val) [500/869]    eta: 0:00:21  time: 0.0558  data_time: 0.0029  memory: 636  
2025/03/10 02:37:00 - mmengine - INFO - Iter(val) [550/869]    eta: 0:00:18  time: 0.0557  data_time: 0.0027  memory: 636  
2025/03/10 02:37:03 - mmengine - INFO - Iter(val) [600/869]    eta: 0:00:15  time: 0.0571  data_time: 0.0026  memory: 636  
2025/03/10 02:37:05 - mmengine - INFO - Iter(val) [650/869]    eta: 0:00:12  time: 0.0562  data_time: 0.0026  memory: 636  
2025/03/10 02:37:08 - mmengine - INFO - Iter(val) [700/869]    eta: 0:00:09  time: 0.0563  data_time: 0.0026  memory: 636  
2025/03/10 02:37:11 - mmengine - INFO - Iter(val) [750/869]    eta: 0:00:06  time: 0.0561  data_time: 0.0027  memory: 636  
2025/03/10 02:37:14 - mmengine - INFO - Iter(val) [800/869]    eta: 0:00:03  time: 0.0556  data_time: 0.0025  memory: 636  
2025/03/10 02:37:17 - mmengine - INFO - Iter(val) [850/869]    eta: 0:00:01  time: 0.0558  data_time: 0.0027  memory: 636  
2025/03/10 02:37:18 - mmengine - INFO - per class results:
2025/03/10 02:37:18 - mmengine - INFO - 
+------------+-------+-------+--------+-----------+--------+
|   Class    |  IoU  |  Acc  | Fscore | Precision | Recall |
+------------+-------+-------+--------+-----------+--------+
| background |  97.1 | 97.84 | 98.53  |   99.23   | 97.84  |
|    ghaf    | 54.53 | 82.18 | 70.58  |   61.85   | 82.18  |
+------------+-------+-------+--------+-----------+--------+
2025/03/10 02:37:18 - mmengine - INFO - Iter(val) [869/869]    aAcc: 97.2000  mIoU: 75.8200  mAcc: 90.0100  mFscore: 84.5500  mPrecision: 80.5400  mRecall: 90.0100  data_time: 0.0027  time: 0.0568
