2025/02/25 15:14:35 - mmengine - INFO - 
------------------------------------------------------------
System environment:
    sys.platform: win32
    Python: 3.8.20 (default, Oct  3 2024, 15:19:54) [MSC v.1929 64 bit (AMD64)]
    CUDA available: True
    MUSA available: False
    numpy_random_seed: 1269966090
    GPU 0: NVIDIA RTX A5000
    CUDA_HOME: C:\Program Files\NVIDIA GPU Computing Toolkit\CUDA\v11.3
    NVCC: Cuda compilation tools, release 11.3, V11.3.58
    MSVC: Microsoft (R) C/C++ Optimizing Compiler Version 19.29.30158 for x64
    GCC: n/a
    PyTorch: 1.10.0
    PyTorch compiling details: PyTorch built with:
  - C++ Version: 199711
  - MSVC 192829337
  - Intel(R) Math Kernel Library Version 2020.0.2 Product Build 20200624 for Intel(R) 64 architecture applications
  - Intel(R) MKL-DNN v2.2.3 (Git Hash 7336ca9f055cf1bfa13efb658fe15dc9b41f0740)
  - OpenMP 2019
  - LAPACK is enabled (usually provided by MKL)
  - CPU capability usage: AVX2
  - CUDA Runtime 11.3
  - NVCC architecture flags: -gencode;arch=compute_37,code=sm_37;-gencode;arch=compute_50,code=sm_50;-gencode;arch=compute_60,code=sm_60;-gencode;arch=compute_61,code=sm_61;-gencode;arch=compute_70,code=sm_70;-gencode;arch=compute_75,code=sm_75;-gencode;arch=compute_80,code=sm_80;-gencode;arch=compute_86,code=sm_86;-gencode;arch=compute_37,code=compute_37
  - CuDNN 8.2
  - Magma 2.5.4
  - Build settings: BLAS_INFO=mkl, BUILD_TYPE=Release, CUDA_VERSION=11.3, CUDNN_VERSION=8.2.0, CXX_COMPILER=C:/cb/pytorch_1000000000000/work/tmp_bin/sccache-cl.exe, CXX_FLAGS=/DWIN32 /D_WINDOWS /GR /EHsc /w /bigobj -DUSE_PTHREADPOOL -openmp:experimental -IC:/cb/pytorch_1000000000000/work/mkl/include -DNDEBUG -DUSE_KINETO -DLIBKINETO_NOCUPTI -DUSE_FBGEMM -DUSE_XNNPACK -DSYMBOLICATE_MOBILE_DEBUG_HANDLE -DEDGE_PROFILER_USE_KINETO, LAPACK_INFO=mkl, PERF_WITH_AVX=1, PERF_WITH_AVX2=1, PERF_WITH_AVX512=1, TORCH_VERSION=1.10.0, USE_CUDA=ON, USE_CUDNN=ON, USE_EXCEPTION_PTR=1, USE_GFLAGS=OFF, USE_GLOG=OFF, USE_MKL=ON, USE_MKLDNN=ON, USE_MPI=OFF, USE_NCCL=OFF, USE_NNPACK=OFF, USE_OPENMP=ON, 

    TorchVision: 0.11.0
    OpenCV: 4.11.0
    MMEngine: 0.10.6

Runtime environment:
    cudnn_benchmark: True
    mp_cfg: {'mp_start_method': 'fork', 'opencv_num_threads': 0}
    dist_cfg: {'backend': 'nccl'}
    seed: 1269966090
    Distributed launcher: none
    Distributed training: False
    GPU number: 1
------------------------------------------------------------

2025/02/25 15:14:36 - mmengine - INFO - Config:
auto_scale_lr = dict(base_batch_size=2, enable=False)
backbone_embed_multi = dict(decay_mult=0.0, lr_mult=0.1)
backbone_norm_multi = dict(decay_mult=0.0, lr_mult=0.1)
crop_size = (
    1024,
    1024,
)
custom_imports = dict(allow_failed_imports=False, imports='mmdet.models')
custom_keys = dict({
    'absolute_pos_embed':
    dict(decay_mult=0.0, lr_mult=0.1),
    'backbone':
    dict(decay_mult=1.0, lr_mult=0.1),
    'backbone.norm':
    dict(decay_mult=0.0, lr_mult=0.1),
    'backbone.patch_embed.norm':
    dict(decay_mult=0.0, lr_mult=0.1),
    'backbone.stages.0.blocks.0.norm':
    dict(decay_mult=0.0, lr_mult=0.1),
    'backbone.stages.0.blocks.1.norm':
    dict(decay_mult=0.0, lr_mult=0.1),
    'backbone.stages.0.downsample.norm':
    dict(decay_mult=0.0, lr_mult=0.1),
    'backbone.stages.1.blocks.0.norm':
    dict(decay_mult=0.0, lr_mult=0.1),
    'backbone.stages.1.blocks.1.norm':
    dict(decay_mult=0.0, lr_mult=0.1),
    'backbone.stages.1.downsample.norm':
    dict(decay_mult=0.0, lr_mult=0.1),
    'backbone.stages.2.blocks.0.norm':
    dict(decay_mult=0.0, lr_mult=0.1),
    'backbone.stages.2.blocks.1.norm':
    dict(decay_mult=0.0, lr_mult=0.1),
    'backbone.stages.2.blocks.10.norm':
    dict(decay_mult=0.0, lr_mult=0.1),
    'backbone.stages.2.blocks.11.norm':
    dict(decay_mult=0.0, lr_mult=0.1),
    'backbone.stages.2.blocks.12.norm':
    dict(decay_mult=0.0, lr_mult=0.1),
    'backbone.stages.2.blocks.13.norm':
    dict(decay_mult=0.0, lr_mult=0.1),
    'backbone.stages.2.blocks.14.norm':
    dict(decay_mult=0.0, lr_mult=0.1),
    'backbone.stages.2.blocks.15.norm':
    dict(decay_mult=0.0, lr_mult=0.1),
    'backbone.stages.2.blocks.16.norm':
    dict(decay_mult=0.0, lr_mult=0.1),
    'backbone.stages.2.blocks.17.norm':
    dict(decay_mult=0.0, lr_mult=0.1),
    'backbone.stages.2.blocks.2.norm':
    dict(decay_mult=0.0, lr_mult=0.1),
    'backbone.stages.2.blocks.3.norm':
    dict(decay_mult=0.0, lr_mult=0.1),
    'backbone.stages.2.blocks.4.norm':
    dict(decay_mult=0.0, lr_mult=0.1),
    'backbone.stages.2.blocks.5.norm':
    dict(decay_mult=0.0, lr_mult=0.1),
    'backbone.stages.2.blocks.6.norm':
    dict(decay_mult=0.0, lr_mult=0.1),
    'backbone.stages.2.blocks.7.norm':
    dict(decay_mult=0.0, lr_mult=0.1),
    'backbone.stages.2.blocks.8.norm':
    dict(decay_mult=0.0, lr_mult=0.1),
    'backbone.stages.2.blocks.9.norm':
    dict(decay_mult=0.0, lr_mult=0.1),
    'backbone.stages.2.downsample.norm':
    dict(decay_mult=0.0, lr_mult=0.1),
    'backbone.stages.3.blocks.0.norm':
    dict(decay_mult=0.0, lr_mult=0.1),
    'backbone.stages.3.blocks.1.norm':
    dict(decay_mult=0.0, lr_mult=0.1),
    'level_embed':
    dict(decay_mult=0.0, lr_mult=1.0),
    'query_embed':
    dict(decay_mult=0.0, lr_mult=1.0),
    'query_feat':
    dict(decay_mult=0.0, lr_mult=1.0),
    'relative_position_bias_table':
    dict(decay_mult=0.0, lr_mult=0.1)
})
data_preprocessor = dict(
    bgr_to_rgb=True,
    mean=[
        123.675,
        116.28,
        103.53,
    ],
    pad_val=0,
    seg_pad_val=255,
    size=(
        1024,
        1024,
    ),
    std=[
        58.395,
        57.12,
        57.375,
    ],
    test_cfg=dict(size_divisor=32),
    type='SegDataPreProcessor')
data_root = 'C:\\ghaf'
dataset_type = 'ADE20KDataset'
default_hooks = dict(
    checkpoint=dict(
        by_epoch=False, interval=3500, save_best='mIoU',
        type='CheckpointHook'),
    logger=dict(interval=50, log_metric_by_epoch=False, type='LoggerHook'),
    param_scheduler=dict(type='ParamSchedulerHook'),
    sampler_seed=dict(type='DistSamplerSeedHook'),
    timer=dict(type='IterTimerHook'),
    visualization=dict(type='SegVisualizationHook'))
default_scope = 'mmseg'
depths = [
    2,
    2,
    18,
    2,
]
embed_multi = dict(decay_mult=0.0, lr_mult=1.0)
env_cfg = dict(
    cudnn_benchmark=True,
    dist_cfg=dict(backend='nccl'),
    mp_cfg=dict(mp_start_method='fork', opencv_num_threads=0))
img_ratios = [
    0.5,
    0.75,
    1.0,
    1.25,
    1.5,
    1.75,
]
launcher = 'none'
load_from = 'G:\\experiments\\mmsegmentation\\work_dirs\\mask2former_swin-s_8xb2-160k_ade20k-512x512\\best_mIoU_iter_88000.pth'
log_level = 'INFO'
log_processor = dict(by_epoch=False)
model = dict(
    backbone=dict(
        attn_drop_rate=0.0,
        depths=[
            2,
            2,
            18,
            2,
        ],
        drop_path_rate=0.3,
        drop_rate=0.0,
        embed_dims=96,
        frozen_stages=-1,
        init_cfg=dict(
            checkpoint=
            'https://download.openmmlab.com/mmsegmentation/v0.5/pretrain/swin/swin_small_patch4_window7_224_20220317-7ba6d6dd.pth',
            type='Pretrained'),
        mlp_ratio=4,
        num_heads=[
            3,
            6,
            12,
            24,
        ],
        out_indices=(
            0,
            1,
            2,
            3,
        ),
        patch_norm=True,
        qk_scale=None,
        qkv_bias=True,
        type='SwinTransformer',
        window_size=7,
        with_cp=False),
    data_preprocessor=dict(
        bgr_to_rgb=True,
        mean=[
            123.675,
            116.28,
            103.53,
        ],
        pad_val=0,
        seg_pad_val=255,
        size=(
            1024,
            1024,
        ),
        std=[
            58.395,
            57.12,
            57.375,
        ],
        test_cfg=dict(size_divisor=32),
        type='SegDataPreProcessor'),
    decode_head=dict(
        align_corners=False,
        enforce_decoder_input_project=False,
        feat_channels=256,
        in_channels=[
            96,
            192,
            384,
            768,
        ],
        loss_cls=dict(
            class_weight=[
                1.0,
                1.0,
                0.1,
            ],
            loss_weight=2.0,
            reduction='mean',
            type='mmdet.CrossEntropyLoss',
            use_sigmoid=False),
        loss_dice=dict(
            activate=True,
            eps=1.0,
            loss_weight=5.0,
            naive_dice=True,
            reduction='mean',
            type='mmdet.DiceLoss',
            use_sigmoid=True),
        loss_mask=dict(
            loss_weight=5.0,
            reduction='mean',
            type='mmdet.CrossEntropyLoss',
            use_sigmoid=True),
        num_classes=2,
        num_queries=100,
        num_transformer_feat_level=3,
        out_channels=256,
        pixel_decoder=dict(
            act_cfg=dict(type='ReLU'),
            encoder=dict(
                init_cfg=None,
                layer_cfg=dict(
                    ffn_cfg=dict(
                        act_cfg=dict(inplace=True, type='ReLU'),
                        embed_dims=256,
                        feedforward_channels=1024,
                        ffn_drop=0.0,
                        num_fcs=2),
                    self_attn_cfg=dict(
                        batch_first=True,
                        dropout=0.0,
                        embed_dims=256,
                        im2col_step=64,
                        init_cfg=None,
                        norm_cfg=None,
                        num_heads=8,
                        num_levels=3,
                        num_points=4)),
                num_layers=6),
            init_cfg=None,
            norm_cfg=dict(num_groups=32, type='GN'),
            num_outs=3,
            positional_encoding=dict(normalize=True, num_feats=128),
            type='mmdet.MSDeformAttnPixelDecoder'),
        positional_encoding=dict(normalize=True, num_feats=128),
        strides=[
            4,
            8,
            16,
            32,
        ],
        train_cfg=dict(
            assigner=dict(
                match_costs=[
                    dict(type='mmdet.ClassificationCost', weight=2.0),
                    dict(
                        type='mmdet.CrossEntropyLossCost',
                        use_sigmoid=True,
                        weight=5.0),
                    dict(
                        eps=1.0,
                        pred_act=True,
                        type='mmdet.DiceCost',
                        weight=5.0),
                ],
                type='mmdet.HungarianAssigner'),
            importance_sample_ratio=0.75,
            num_points=12544,
            oversample_ratio=3.0,
            sampler=dict(type='mmdet.MaskPseudoSampler')),
        transformer_decoder=dict(
            init_cfg=None,
            layer_cfg=dict(
                cross_attn_cfg=dict(
                    attn_drop=0.0,
                    batch_first=True,
                    dropout_layer=None,
                    embed_dims=256,
                    num_heads=8,
                    proj_drop=0.0),
                ffn_cfg=dict(
                    act_cfg=dict(inplace=True, type='ReLU'),
                    add_identity=True,
                    dropout_layer=None,
                    embed_dims=256,
                    feedforward_channels=2048,
                    ffn_drop=0.0,
                    num_fcs=2),
                self_attn_cfg=dict(
                    attn_drop=0.0,
                    batch_first=True,
                    dropout_layer=None,
                    embed_dims=256,
                    num_heads=8,
                    proj_drop=0.0)),
            num_layers=9,
            return_intermediate=True),
        type='Mask2FormerHead'),
    test_cfg=dict(mode='whole'),
    train_cfg=dict(),
    type='EncoderDecoder')
num_classes = 2
optim_wrapper = dict(
    clip_grad=dict(max_norm=0.01, norm_type=2),
    optimizer=dict(
        betas=(
            0.9,
            0.999,
        ),
        eps=1e-08,
        lr=0.0001,
        type='AdamW',
        weight_decay=0.05),
    paramwise_cfg=dict(
        custom_keys=dict({
            'absolute_pos_embed':
            dict(decay_mult=0.0, lr_mult=0.1),
            'backbone':
            dict(decay_mult=1.0, lr_mult=0.1),
            'backbone.norm':
            dict(decay_mult=0.0, lr_mult=0.1),
            'backbone.patch_embed.norm':
            dict(decay_mult=0.0, lr_mult=0.1),
            'backbone.stages.0.blocks.0.norm':
            dict(decay_mult=0.0, lr_mult=0.1),
            'backbone.stages.0.blocks.1.norm':
            dict(decay_mult=0.0, lr_mult=0.1),
            'backbone.stages.0.downsample.norm':
            dict(decay_mult=0.0, lr_mult=0.1),
            'backbone.stages.1.blocks.0.norm':
            dict(decay_mult=0.0, lr_mult=0.1),
            'backbone.stages.1.blocks.1.norm':
            dict(decay_mult=0.0, lr_mult=0.1),
            'backbone.stages.1.downsample.norm':
            dict(decay_mult=0.0, lr_mult=0.1),
            'backbone.stages.2.blocks.0.norm':
            dict(decay_mult=0.0, lr_mult=0.1),
            'backbone.stages.2.blocks.1.norm':
            dict(decay_mult=0.0, lr_mult=0.1),
            'backbone.stages.2.blocks.10.norm':
            dict(decay_mult=0.0, lr_mult=0.1),
            'backbone.stages.2.blocks.11.norm':
            dict(decay_mult=0.0, lr_mult=0.1),
            'backbone.stages.2.blocks.12.norm':
            dict(decay_mult=0.0, lr_mult=0.1),
            'backbone.stages.2.blocks.13.norm':
            dict(decay_mult=0.0, lr_mult=0.1),
            'backbone.stages.2.blocks.14.norm':
            dict(decay_mult=0.0, lr_mult=0.1),
            'backbone.stages.2.blocks.15.norm':
            dict(decay_mult=0.0, lr_mult=0.1),
            'backbone.stages.2.blocks.16.norm':
            dict(decay_mult=0.0, lr_mult=0.1),
            'backbone.stages.2.blocks.17.norm':
            dict(decay_mult=0.0, lr_mult=0.1),
            'backbone.stages.2.blocks.2.norm':
            dict(decay_mult=0.0, lr_mult=0.1),
            'backbone.stages.2.blocks.3.norm':
            dict(decay_mult=0.0, lr_mult=0.1),
            'backbone.stages.2.blocks.4.norm':
            dict(decay_mult=0.0, lr_mult=0.1),
            'backbone.stages.2.blocks.5.norm':
            dict(decay_mult=0.0, lr_mult=0.1),
            'backbone.stages.2.blocks.6.norm':
            dict(decay_mult=0.0, lr_mult=0.1),
            'backbone.stages.2.blocks.7.norm':
            dict(decay_mult=0.0, lr_mult=0.1),
            'backbone.stages.2.blocks.8.norm':
            dict(decay_mult=0.0, lr_mult=0.1),
            'backbone.stages.2.blocks.9.norm':
            dict(decay_mult=0.0, lr_mult=0.1),
            'backbone.stages.2.downsample.norm':
            dict(decay_mult=0.0, lr_mult=0.1),
            'backbone.stages.3.blocks.0.norm':
            dict(decay_mult=0.0, lr_mult=0.1),
            'backbone.stages.3.blocks.1.norm':
            dict(decay_mult=0.0, lr_mult=0.1),
            'level_embed':
            dict(decay_mult=0.0, lr_mult=1.0),
            'query_embed':
            dict(decay_mult=0.0, lr_mult=1.0),
            'query_feat':
            dict(decay_mult=0.0, lr_mult=1.0),
            'relative_position_bias_table':
            dict(decay_mult=0.0, lr_mult=0.1)
        }),
        norm_decay_mult=0.0),
    type='OptimWrapper')
optimizer = dict(
    betas=(
        0.9,
        0.999,
    ),
    eps=1e-08,
    lr=0.0001,
    type='AdamW',
    weight_decay=0.05)
param_scheduler = [
    dict(
        begin=0,
        by_epoch=False,
        end=160000,
        eta_min=0,
        power=0.9,
        type='PolyLR'),
]
pretrained = 'https://download.openmmlab.com/mmsegmentation/v0.5/pretrain/swin/swin_small_patch4_window7_224_20220317-7ba6d6dd.pth'
resume = False
test_cfg = dict(type='TestLoop')
test_dataloader = dict(
    batch_size=1,
    dataset=dict(
        data_prefix=dict(
            img_path='validation/images', seg_map_path='validation/masks'),
        data_root='C:\\ghaf',
        pipeline=[
            dict(type='LoadImageFromFile'),
            dict(reduce_zero_label=False, type='LoadAnnotations'),
            dict(type='PackSegInputs'),
        ],
        type='ADE20KDataset'),
    num_workers=2,
    persistent_workers=True,
    sampler=dict(shuffle=False, type='DefaultSampler'))
test_evaluator = dict(
    iou_metrics=[
        'mIoU',
    ], type='IoUMetric')
test_pipeline = [
    dict(type='LoadImageFromFile'),
    dict(reduce_zero_label=False, type='LoadAnnotations'),
    dict(type='PackSegInputs'),
]
train_cfg = dict(
    max_iters=160000, type='IterBasedTrainLoop', val_interval=3500)
train_dataloader = dict(
    batch_size=2,
    dataset=dict(
        data_prefix=dict(
            img_path='training/images', seg_map_path='training/masks'),
        data_root='C:\\ghaf',
        pipeline=[
            dict(type='LoadImageFromFile'),
            dict(reduce_zero_label=False, type='LoadAnnotations'),
            dict(prob=0.5, type='RandomFlip'),
            dict(type='PackSegInputs'),
        ],
        type='ADE20KDataset'),
    num_workers=2,
    persistent_workers=True,
    sampler=dict(shuffle=True, type='InfiniteSampler'))
train_pipeline = [
    dict(type='LoadImageFromFile'),
    dict(reduce_zero_label=False, type='LoadAnnotations'),
    dict(prob=0.5, type='RandomFlip'),
    dict(type='PackSegInputs'),
]
tta_model = dict(type='SegTTAModel')
val_cfg = dict(type='ValLoop')
val_dataloader = dict(
    batch_size=1,
    dataset=dict(
        data_prefix=dict(
            img_path='validation/images', seg_map_path='validation/masks'),
        data_root='C:\\ghaf',
        pipeline=[
            dict(type='LoadImageFromFile'),
            dict(reduce_zero_label=False, type='LoadAnnotations'),
            dict(type='PackSegInputs'),
        ],
        type='ADE20KDataset'),
    num_workers=2,
    persistent_workers=True,
    sampler=dict(shuffle=False, type='DefaultSampler'))
val_evaluator = dict(
    iou_metrics=[
        'mIoU',
    ], type='IoUMetric')
vis_backends = [
    dict(type='LocalVisBackend'),
]
visualizer = dict(
    name='visualizer',
    type='SegLocalVisualizer',
    vis_backends=[
        dict(type='LocalVisBackend'),
    ])
work_dir = './work_dirs\\mask2former_swin-s_8xb2-160k_ade20k-512x512_all_data'

2025/02/25 15:14:41 - mmengine - INFO - Distributed training is not used, all SyncBatchNorm (SyncBN) layers in the model will be automatically reverted to BatchNormXd layers if they are used.
2025/02/25 15:14:41 - mmengine - INFO - Hooks will be executed in the following order:
before_run:
(VERY_HIGH   ) RuntimeInfoHook                    
(BELOW_NORMAL) LoggerHook                         
 -------------------- 
before_train:
(VERY_HIGH   ) RuntimeInfoHook                    
(NORMAL      ) IterTimerHook                      
(VERY_LOW    ) CheckpointHook                     
 -------------------- 
before_train_epoch:
(VERY_HIGH   ) RuntimeInfoHook                    
(NORMAL      ) IterTimerHook                      
(NORMAL      ) DistSamplerSeedHook                
 -------------------- 
before_train_iter:
(VERY_HIGH   ) RuntimeInfoHook                    
(NORMAL      ) IterTimerHook                      
 -------------------- 
after_train_iter:
(VERY_HIGH   ) RuntimeInfoHook                    
(NORMAL      ) IterTimerHook                      
(BELOW_NORMAL) LoggerHook                         
(LOW         ) ParamSchedulerHook                 
(VERY_LOW    ) CheckpointHook                     
 -------------------- 
after_train_epoch:
(NORMAL      ) IterTimerHook                      
(LOW         ) ParamSchedulerHook                 
(VERY_LOW    ) CheckpointHook                     
 -------------------- 
before_val:
(VERY_HIGH   ) RuntimeInfoHook                    
 -------------------- 
before_val_epoch:
(NORMAL      ) IterTimerHook                      
 -------------------- 
before_val_iter:
(NORMAL      ) IterTimerHook                      
 -------------------- 
after_val_iter:
(NORMAL      ) IterTimerHook                      
(NORMAL      ) SegVisualizationHook               
(BELOW_NORMAL) LoggerHook                         
 -------------------- 
after_val_epoch:
(VERY_HIGH   ) RuntimeInfoHook                    
(NORMAL      ) IterTimerHook                      
(BELOW_NORMAL) LoggerHook                         
(LOW         ) ParamSchedulerHook                 
(VERY_LOW    ) CheckpointHook                     
 -------------------- 
after_val:
(VERY_HIGH   ) RuntimeInfoHook                    
 -------------------- 
after_train:
(VERY_HIGH   ) RuntimeInfoHook                    
(VERY_LOW    ) CheckpointHook                     
 -------------------- 
before_test:
(VERY_HIGH   ) RuntimeInfoHook                    
 -------------------- 
before_test_epoch:
(NORMAL      ) IterTimerHook                      
 -------------------- 
before_test_iter:
(NORMAL      ) IterTimerHook                      
 -------------------- 
after_test_iter:
(NORMAL      ) IterTimerHook                      
(NORMAL      ) SegVisualizationHook               
(BELOW_NORMAL) LoggerHook                         
 -------------------- 
after_test_epoch:
(VERY_HIGH   ) RuntimeInfoHook                    
(NORMAL      ) IterTimerHook                      
(BELOW_NORMAL) LoggerHook                         
 -------------------- 
after_test:
(VERY_HIGH   ) RuntimeInfoHook                    
 -------------------- 
after_run:
(BELOW_NORMAL) LoggerHook                         
 -------------------- 
2025/02/25 15:14:54 - mmengine - INFO - paramwise_options -- backbone.patch_embed.projection.weight:lr=1e-05
2025/02/25 15:14:54 - mmengine - INFO - paramwise_options -- backbone.patch_embed.projection.weight:weight_decay=0.05
2025/02/25 15:14:54 - mmengine - INFO - paramwise_options -- backbone.patch_embed.projection.weight:lr_mult=0.1
2025/02/25 15:14:54 - mmengine - INFO - paramwise_options -- backbone.patch_embed.projection.weight:decay_mult=1.0
2025/02/25 15:14:54 - mmengine - INFO - paramwise_options -- backbone.patch_embed.projection.bias:lr=1e-05
2025/02/25 15:14:54 - mmengine - INFO - paramwise_options -- backbone.patch_embed.projection.bias:weight_decay=0.05
2025/02/25 15:14:54 - mmengine - INFO - paramwise_options -- backbone.patch_embed.projection.bias:lr_mult=0.1
2025/02/25 15:14:54 - mmengine - INFO - paramwise_options -- backbone.patch_embed.projection.bias:decay_mult=1.0
2025/02/25 15:14:54 - mmengine - INFO - paramwise_options -- backbone.patch_embed.norm.weight:lr=1e-05
2025/02/25 15:14:54 - mmengine - INFO - paramwise_options -- backbone.patch_embed.norm.weight:weight_decay=0.0
2025/02/25 15:14:54 - mmengine - INFO - paramwise_options -- backbone.patch_embed.norm.weight:lr_mult=0.1
2025/02/25 15:14:54 - mmengine - INFO - paramwise_options -- backbone.patch_embed.norm.weight:decay_mult=0.0
2025/02/25 15:14:54 - mmengine - INFO - paramwise_options -- backbone.patch_embed.norm.bias:lr=1e-05
2025/02/25 15:14:54 - mmengine - INFO - paramwise_options -- backbone.patch_embed.norm.bias:weight_decay=0.0
2025/02/25 15:14:54 - mmengine - INFO - paramwise_options -- backbone.patch_embed.norm.bias:lr_mult=0.1
2025/02/25 15:14:54 - mmengine - INFO - paramwise_options -- backbone.patch_embed.norm.bias:decay_mult=0.0
2025/02/25 15:14:54 - mmengine - INFO - paramwise_options -- backbone.stages.0.blocks.0.norm1.weight:lr=1e-05
2025/02/25 15:14:54 - mmengine - INFO - paramwise_options -- backbone.stages.0.blocks.0.norm1.weight:weight_decay=0.0
2025/02/25 15:14:54 - mmengine - INFO - paramwise_options -- backbone.stages.0.blocks.0.norm1.weight:lr_mult=0.1
2025/02/25 15:14:54 - mmengine - INFO - paramwise_options -- backbone.stages.0.blocks.0.norm1.weight:decay_mult=0.0
2025/02/25 15:14:54 - mmengine - INFO - paramwise_options -- backbone.stages.0.blocks.0.norm1.bias:lr=1e-05
2025/02/25 15:14:54 - mmengine - INFO - paramwise_options -- backbone.stages.0.blocks.0.norm1.bias:weight_decay=0.0
2025/02/25 15:14:54 - mmengine - INFO - paramwise_options -- backbone.stages.0.blocks.0.norm1.bias:lr_mult=0.1
2025/02/25 15:14:54 - mmengine - INFO - paramwise_options -- backbone.stages.0.blocks.0.norm1.bias:decay_mult=0.0
2025/02/25 15:14:54 - mmengine - INFO - paramwise_options -- backbone.stages.0.blocks.0.attn.w_msa.relative_position_bias_table:lr=1e-05
2025/02/25 15:14:54 - mmengine - INFO - paramwise_options -- backbone.stages.0.blocks.0.attn.w_msa.relative_position_bias_table:weight_decay=0.0
2025/02/25 15:14:54 - mmengine - INFO - paramwise_options -- backbone.stages.0.blocks.0.attn.w_msa.relative_position_bias_table:lr_mult=0.1
2025/02/25 15:14:54 - mmengine - INFO - paramwise_options -- backbone.stages.0.blocks.0.attn.w_msa.relative_position_bias_table:decay_mult=0.0
2025/02/25 15:14:54 - mmengine - INFO - paramwise_options -- backbone.stages.0.blocks.0.attn.w_msa.qkv.weight:lr=1e-05
2025/02/25 15:14:54 - mmengine - INFO - paramwise_options -- backbone.stages.0.blocks.0.attn.w_msa.qkv.weight:weight_decay=0.05
2025/02/25 15:14:54 - mmengine - INFO - paramwise_options -- backbone.stages.0.blocks.0.attn.w_msa.qkv.weight:lr_mult=0.1
2025/02/25 15:14:54 - mmengine - INFO - paramwise_options -- backbone.stages.0.blocks.0.attn.w_msa.qkv.weight:decay_mult=1.0
2025/02/25 15:14:54 - mmengine - INFO - paramwise_options -- backbone.stages.0.blocks.0.attn.w_msa.qkv.bias:lr=1e-05
2025/02/25 15:14:54 - mmengine - INFO - paramwise_options -- backbone.stages.0.blocks.0.attn.w_msa.qkv.bias:weight_decay=0.05
2025/02/25 15:14:54 - mmengine - INFO - paramwise_options -- backbone.stages.0.blocks.0.attn.w_msa.qkv.bias:lr_mult=0.1
2025/02/25 15:14:54 - mmengine - INFO - paramwise_options -- backbone.stages.0.blocks.0.attn.w_msa.qkv.bias:decay_mult=1.0
2025/02/25 15:14:54 - mmengine - INFO - paramwise_options -- backbone.stages.0.blocks.0.attn.w_msa.proj.weight:lr=1e-05
2025/02/25 15:14:54 - mmengine - INFO - paramwise_options -- backbone.stages.0.blocks.0.attn.w_msa.proj.weight:weight_decay=0.05
2025/02/25 15:14:54 - mmengine - INFO - paramwise_options -- backbone.stages.0.blocks.0.attn.w_msa.proj.weight:lr_mult=0.1
2025/02/25 15:14:54 - mmengine - INFO - paramwise_options -- backbone.stages.0.blocks.0.attn.w_msa.proj.weight:decay_mult=1.0
2025/02/25 15:14:54 - mmengine - INFO - paramwise_options -- backbone.stages.0.blocks.0.attn.w_msa.proj.bias:lr=1e-05
2025/02/25 15:14:54 - mmengine - INFO - paramwise_options -- backbone.stages.0.blocks.0.attn.w_msa.proj.bias:weight_decay=0.05
2025/02/25 15:14:54 - mmengine - INFO - paramwise_options -- backbone.stages.0.blocks.0.attn.w_msa.proj.bias:lr_mult=0.1
2025/02/25 15:14:54 - mmengine - INFO - paramwise_options -- backbone.stages.0.blocks.0.attn.w_msa.proj.bias:decay_mult=1.0
2025/02/25 15:14:54 - mmengine - INFO - paramwise_options -- backbone.stages.0.blocks.0.norm2.weight:lr=1e-05
2025/02/25 15:14:54 - mmengine - INFO - paramwise_options -- backbone.stages.0.blocks.0.norm2.weight:weight_decay=0.0
2025/02/25 15:14:54 - mmengine - INFO - paramwise_options -- backbone.stages.0.blocks.0.norm2.weight:lr_mult=0.1
2025/02/25 15:14:54 - mmengine - INFO - paramwise_options -- backbone.stages.0.blocks.0.norm2.weight:decay_mult=0.0
2025/02/25 15:14:54 - mmengine - INFO - paramwise_options -- backbone.stages.0.blocks.0.norm2.bias:lr=1e-05
2025/02/25 15:14:54 - mmengine - INFO - paramwise_options -- backbone.stages.0.blocks.0.norm2.bias:weight_decay=0.0
2025/02/25 15:14:54 - mmengine - INFO - paramwise_options -- backbone.stages.0.blocks.0.norm2.bias:lr_mult=0.1
2025/02/25 15:14:54 - mmengine - INFO - paramwise_options -- backbone.stages.0.blocks.0.norm2.bias:decay_mult=0.0
2025/02/25 15:14:54 - mmengine - INFO - paramwise_options -- backbone.stages.0.blocks.0.ffn.layers.0.0.weight:lr=1e-05
2025/02/25 15:14:54 - mmengine - INFO - paramwise_options -- backbone.stages.0.blocks.0.ffn.layers.0.0.weight:weight_decay=0.05
2025/02/25 15:14:54 - mmengine - INFO - paramwise_options -- backbone.stages.0.blocks.0.ffn.layers.0.0.weight:lr_mult=0.1
2025/02/25 15:14:54 - mmengine - INFO - paramwise_options -- backbone.stages.0.blocks.0.ffn.layers.0.0.weight:decay_mult=1.0
2025/02/25 15:14:54 - mmengine - INFO - paramwise_options -- backbone.stages.0.blocks.0.ffn.layers.0.0.bias:lr=1e-05
2025/02/25 15:14:54 - mmengine - INFO - paramwise_options -- backbone.stages.0.blocks.0.ffn.layers.0.0.bias:weight_decay=0.05
2025/02/25 15:14:54 - mmengine - INFO - paramwise_options -- backbone.stages.0.blocks.0.ffn.layers.0.0.bias:lr_mult=0.1
2025/02/25 15:14:54 - mmengine - INFO - paramwise_options -- backbone.stages.0.blocks.0.ffn.layers.0.0.bias:decay_mult=1.0
2025/02/25 15:14:54 - mmengine - INFO - paramwise_options -- backbone.stages.0.blocks.0.ffn.layers.1.weight:lr=1e-05
2025/02/25 15:14:54 - mmengine - INFO - paramwise_options -- backbone.stages.0.blocks.0.ffn.layers.1.weight:weight_decay=0.05
2025/02/25 15:14:54 - mmengine - INFO - paramwise_options -- backbone.stages.0.blocks.0.ffn.layers.1.weight:lr_mult=0.1
2025/02/25 15:14:54 - mmengine - INFO - paramwise_options -- backbone.stages.0.blocks.0.ffn.layers.1.weight:decay_mult=1.0
2025/02/25 15:14:54 - mmengine - INFO - paramwise_options -- backbone.stages.0.blocks.0.ffn.layers.1.bias:lr=1e-05
2025/02/25 15:14:54 - mmengine - INFO - paramwise_options -- backbone.stages.0.blocks.0.ffn.layers.1.bias:weight_decay=0.05
2025/02/25 15:14:54 - mmengine - INFO - paramwise_options -- backbone.stages.0.blocks.0.ffn.layers.1.bias:lr_mult=0.1
2025/02/25 15:14:54 - mmengine - INFO - paramwise_options -- backbone.stages.0.blocks.0.ffn.layers.1.bias:decay_mult=1.0
2025/02/25 15:14:54 - mmengine - INFO - paramwise_options -- backbone.stages.0.blocks.1.norm1.weight:lr=1e-05
2025/02/25 15:14:54 - mmengine - INFO - paramwise_options -- backbone.stages.0.blocks.1.norm1.weight:weight_decay=0.0
2025/02/25 15:14:54 - mmengine - INFO - paramwise_options -- backbone.stages.0.blocks.1.norm1.weight:lr_mult=0.1
2025/02/25 15:14:54 - mmengine - INFO - paramwise_options -- backbone.stages.0.blocks.1.norm1.weight:decay_mult=0.0
2025/02/25 15:14:54 - mmengine - INFO - paramwise_options -- backbone.stages.0.blocks.1.norm1.bias:lr=1e-05
2025/02/25 15:14:54 - mmengine - INFO - paramwise_options -- backbone.stages.0.blocks.1.norm1.bias:weight_decay=0.0
2025/02/25 15:14:54 - mmengine - INFO - paramwise_options -- backbone.stages.0.blocks.1.norm1.bias:lr_mult=0.1
2025/02/25 15:14:54 - mmengine - INFO - paramwise_options -- backbone.stages.0.blocks.1.norm1.bias:decay_mult=0.0
2025/02/25 15:14:54 - mmengine - INFO - paramwise_options -- backbone.stages.0.blocks.1.attn.w_msa.relative_position_bias_table:lr=1e-05
2025/02/25 15:14:54 - mmengine - INFO - paramwise_options -- backbone.stages.0.blocks.1.attn.w_msa.relative_position_bias_table:weight_decay=0.0
2025/02/25 15:14:54 - mmengine - INFO - paramwise_options -- backbone.stages.0.blocks.1.attn.w_msa.relative_position_bias_table:lr_mult=0.1
2025/02/25 15:14:54 - mmengine - INFO - paramwise_options -- backbone.stages.0.blocks.1.attn.w_msa.relative_position_bias_table:decay_mult=0.0
2025/02/25 15:14:54 - mmengine - INFO - paramwise_options -- backbone.stages.0.blocks.1.attn.w_msa.qkv.weight:lr=1e-05
2025/02/25 15:14:54 - mmengine - INFO - paramwise_options -- backbone.stages.0.blocks.1.attn.w_msa.qkv.weight:weight_decay=0.05
2025/02/25 15:14:54 - mmengine - INFO - paramwise_options -- backbone.stages.0.blocks.1.attn.w_msa.qkv.weight:lr_mult=0.1
2025/02/25 15:14:54 - mmengine - INFO - paramwise_options -- backbone.stages.0.blocks.1.attn.w_msa.qkv.weight:decay_mult=1.0
2025/02/25 15:14:54 - mmengine - INFO - paramwise_options -- backbone.stages.0.blocks.1.attn.w_msa.qkv.bias:lr=1e-05
2025/02/25 15:14:54 - mmengine - INFO - paramwise_options -- backbone.stages.0.blocks.1.attn.w_msa.qkv.bias:weight_decay=0.05
2025/02/25 15:14:54 - mmengine - INFO - paramwise_options -- backbone.stages.0.blocks.1.attn.w_msa.qkv.bias:lr_mult=0.1
2025/02/25 15:14:54 - mmengine - INFO - paramwise_options -- backbone.stages.0.blocks.1.attn.w_msa.qkv.bias:decay_mult=1.0
2025/02/25 15:14:54 - mmengine - INFO - paramwise_options -- backbone.stages.0.blocks.1.attn.w_msa.proj.weight:lr=1e-05
2025/02/25 15:14:54 - mmengine - INFO - paramwise_options -- backbone.stages.0.blocks.1.attn.w_msa.proj.weight:weight_decay=0.05
2025/02/25 15:14:54 - mmengine - INFO - paramwise_options -- backbone.stages.0.blocks.1.attn.w_msa.proj.weight:lr_mult=0.1
2025/02/25 15:14:54 - mmengine - INFO - paramwise_options -- backbone.stages.0.blocks.1.attn.w_msa.proj.weight:decay_mult=1.0
2025/02/25 15:14:54 - mmengine - INFO - paramwise_options -- backbone.stages.0.blocks.1.attn.w_msa.proj.bias:lr=1e-05
2025/02/25 15:14:54 - mmengine - INFO - paramwise_options -- backbone.stages.0.blocks.1.attn.w_msa.proj.bias:weight_decay=0.05
2025/02/25 15:14:54 - mmengine - INFO - paramwise_options -- backbone.stages.0.blocks.1.attn.w_msa.proj.bias:lr_mult=0.1
2025/02/25 15:14:54 - mmengine - INFO - paramwise_options -- backbone.stages.0.blocks.1.attn.w_msa.proj.bias:decay_mult=1.0
2025/02/25 15:14:54 - mmengine - INFO - paramwise_options -- backbone.stages.0.blocks.1.norm2.weight:lr=1e-05
2025/02/25 15:14:54 - mmengine - INFO - paramwise_options -- backbone.stages.0.blocks.1.norm2.weight:weight_decay=0.0
2025/02/25 15:14:54 - mmengine - INFO - paramwise_options -- backbone.stages.0.blocks.1.norm2.weight:lr_mult=0.1
2025/02/25 15:14:54 - mmengine - INFO - paramwise_options -- backbone.stages.0.blocks.1.norm2.weight:decay_mult=0.0
2025/02/25 15:14:54 - mmengine - INFO - paramwise_options -- backbone.stages.0.blocks.1.norm2.bias:lr=1e-05
2025/02/25 15:14:54 - mmengine - INFO - paramwise_options -- backbone.stages.0.blocks.1.norm2.bias:weight_decay=0.0
2025/02/25 15:14:54 - mmengine - INFO - paramwise_options -- backbone.stages.0.blocks.1.norm2.bias:lr_mult=0.1
2025/02/25 15:14:54 - mmengine - INFO - paramwise_options -- backbone.stages.0.blocks.1.norm2.bias:decay_mult=0.0
2025/02/25 15:14:54 - mmengine - INFO - paramwise_options -- backbone.stages.0.blocks.1.ffn.layers.0.0.weight:lr=1e-05
2025/02/25 15:14:54 - mmengine - INFO - paramwise_options -- backbone.stages.0.blocks.1.ffn.layers.0.0.weight:weight_decay=0.05
2025/02/25 15:14:54 - mmengine - INFO - paramwise_options -- backbone.stages.0.blocks.1.ffn.layers.0.0.weight:lr_mult=0.1
2025/02/25 15:14:54 - mmengine - INFO - paramwise_options -- backbone.stages.0.blocks.1.ffn.layers.0.0.weight:decay_mult=1.0
2025/02/25 15:14:54 - mmengine - INFO - paramwise_options -- backbone.stages.0.blocks.1.ffn.layers.0.0.bias:lr=1e-05
2025/02/25 15:14:54 - mmengine - INFO - paramwise_options -- backbone.stages.0.blocks.1.ffn.layers.0.0.bias:weight_decay=0.05
2025/02/25 15:14:54 - mmengine - INFO - paramwise_options -- backbone.stages.0.blocks.1.ffn.layers.0.0.bias:lr_mult=0.1
2025/02/25 15:14:54 - mmengine - INFO - paramwise_options -- backbone.stages.0.blocks.1.ffn.layers.0.0.bias:decay_mult=1.0
2025/02/25 15:14:54 - mmengine - INFO - paramwise_options -- backbone.stages.0.blocks.1.ffn.layers.1.weight:lr=1e-05
2025/02/25 15:14:54 - mmengine - INFO - paramwise_options -- backbone.stages.0.blocks.1.ffn.layers.1.weight:weight_decay=0.05
2025/02/25 15:14:54 - mmengine - INFO - paramwise_options -- backbone.stages.0.blocks.1.ffn.layers.1.weight:lr_mult=0.1
2025/02/25 15:14:54 - mmengine - INFO - paramwise_options -- backbone.stages.0.blocks.1.ffn.layers.1.weight:decay_mult=1.0
2025/02/25 15:14:54 - mmengine - INFO - paramwise_options -- backbone.stages.0.blocks.1.ffn.layers.1.bias:lr=1e-05
2025/02/25 15:14:54 - mmengine - INFO - paramwise_options -- backbone.stages.0.blocks.1.ffn.layers.1.bias:weight_decay=0.05
2025/02/25 15:14:54 - mmengine - INFO - paramwise_options -- backbone.stages.0.blocks.1.ffn.layers.1.bias:lr_mult=0.1
2025/02/25 15:14:54 - mmengine - INFO - paramwise_options -- backbone.stages.0.blocks.1.ffn.layers.1.bias:decay_mult=1.0
2025/02/25 15:14:54 - mmengine - INFO - paramwise_options -- backbone.stages.0.downsample.norm.weight:lr=1e-05
2025/02/25 15:14:54 - mmengine - INFO - paramwise_options -- backbone.stages.0.downsample.norm.weight:weight_decay=0.0
2025/02/25 15:14:54 - mmengine - INFO - paramwise_options -- backbone.stages.0.downsample.norm.weight:lr_mult=0.1
2025/02/25 15:14:54 - mmengine - INFO - paramwise_options -- backbone.stages.0.downsample.norm.weight:decay_mult=0.0
2025/02/25 15:14:54 - mmengine - INFO - paramwise_options -- backbone.stages.0.downsample.norm.bias:lr=1e-05
2025/02/25 15:14:54 - mmengine - INFO - paramwise_options -- backbone.stages.0.downsample.norm.bias:weight_decay=0.0
2025/02/25 15:14:54 - mmengine - INFO - paramwise_options -- backbone.stages.0.downsample.norm.bias:lr_mult=0.1
2025/02/25 15:14:54 - mmengine - INFO - paramwise_options -- backbone.stages.0.downsample.norm.bias:decay_mult=0.0
2025/02/25 15:14:54 - mmengine - INFO - paramwise_options -- backbone.stages.0.downsample.reduction.weight:lr=1e-05
2025/02/25 15:14:54 - mmengine - INFO - paramwise_options -- backbone.stages.0.downsample.reduction.weight:weight_decay=0.05
2025/02/25 15:14:54 - mmengine - INFO - paramwise_options -- backbone.stages.0.downsample.reduction.weight:lr_mult=0.1
2025/02/25 15:14:54 - mmengine - INFO - paramwise_options -- backbone.stages.0.downsample.reduction.weight:decay_mult=1.0
2025/02/25 15:14:54 - mmengine - INFO - paramwise_options -- backbone.stages.1.blocks.0.norm1.weight:lr=1e-05
2025/02/25 15:14:54 - mmengine - INFO - paramwise_options -- backbone.stages.1.blocks.0.norm1.weight:weight_decay=0.0
2025/02/25 15:14:54 - mmengine - INFO - paramwise_options -- backbone.stages.1.blocks.0.norm1.weight:lr_mult=0.1
2025/02/25 15:14:54 - mmengine - INFO - paramwise_options -- backbone.stages.1.blocks.0.norm1.weight:decay_mult=0.0
2025/02/25 15:14:54 - mmengine - INFO - paramwise_options -- backbone.stages.1.blocks.0.norm1.bias:lr=1e-05
2025/02/25 15:14:54 - mmengine - INFO - paramwise_options -- backbone.stages.1.blocks.0.norm1.bias:weight_decay=0.0
2025/02/25 15:14:54 - mmengine - INFO - paramwise_options -- backbone.stages.1.blocks.0.norm1.bias:lr_mult=0.1
2025/02/25 15:14:54 - mmengine - INFO - paramwise_options -- backbone.stages.1.blocks.0.norm1.bias:decay_mult=0.0
2025/02/25 15:14:54 - mmengine - INFO - paramwise_options -- backbone.stages.1.blocks.0.attn.w_msa.relative_position_bias_table:lr=1e-05
2025/02/25 15:14:54 - mmengine - INFO - paramwise_options -- backbone.stages.1.blocks.0.attn.w_msa.relative_position_bias_table:weight_decay=0.0
2025/02/25 15:14:54 - mmengine - INFO - paramwise_options -- backbone.stages.1.blocks.0.attn.w_msa.relative_position_bias_table:lr_mult=0.1
2025/02/25 15:14:54 - mmengine - INFO - paramwise_options -- backbone.stages.1.blocks.0.attn.w_msa.relative_position_bias_table:decay_mult=0.0
2025/02/25 15:14:54 - mmengine - INFO - paramwise_options -- backbone.stages.1.blocks.0.attn.w_msa.qkv.weight:lr=1e-05
2025/02/25 15:14:54 - mmengine - INFO - paramwise_options -- backbone.stages.1.blocks.0.attn.w_msa.qkv.weight:weight_decay=0.05
2025/02/25 15:14:54 - mmengine - INFO - paramwise_options -- backbone.stages.1.blocks.0.attn.w_msa.qkv.weight:lr_mult=0.1
2025/02/25 15:14:54 - mmengine - INFO - paramwise_options -- backbone.stages.1.blocks.0.attn.w_msa.qkv.weight:decay_mult=1.0
2025/02/25 15:14:54 - mmengine - INFO - paramwise_options -- backbone.stages.1.blocks.0.attn.w_msa.qkv.bias:lr=1e-05
2025/02/25 15:14:54 - mmengine - INFO - paramwise_options -- backbone.stages.1.blocks.0.attn.w_msa.qkv.bias:weight_decay=0.05
2025/02/25 15:14:54 - mmengine - INFO - paramwise_options -- backbone.stages.1.blocks.0.attn.w_msa.qkv.bias:lr_mult=0.1
2025/02/25 15:14:54 - mmengine - INFO - paramwise_options -- backbone.stages.1.blocks.0.attn.w_msa.qkv.bias:decay_mult=1.0
2025/02/25 15:14:54 - mmengine - INFO - paramwise_options -- backbone.stages.1.blocks.0.attn.w_msa.proj.weight:lr=1e-05
2025/02/25 15:14:54 - mmengine - INFO - paramwise_options -- backbone.stages.1.blocks.0.attn.w_msa.proj.weight:weight_decay=0.05
2025/02/25 15:14:54 - mmengine - INFO - paramwise_options -- backbone.stages.1.blocks.0.attn.w_msa.proj.weight:lr_mult=0.1
2025/02/25 15:14:54 - mmengine - INFO - paramwise_options -- backbone.stages.1.blocks.0.attn.w_msa.proj.weight:decay_mult=1.0
2025/02/25 15:14:54 - mmengine - INFO - paramwise_options -- backbone.stages.1.blocks.0.attn.w_msa.proj.bias:lr=1e-05
2025/02/25 15:14:54 - mmengine - INFO - paramwise_options -- backbone.stages.1.blocks.0.attn.w_msa.proj.bias:weight_decay=0.05
2025/02/25 15:14:54 - mmengine - INFO - paramwise_options -- backbone.stages.1.blocks.0.attn.w_msa.proj.bias:lr_mult=0.1
2025/02/25 15:14:54 - mmengine - INFO - paramwise_options -- backbone.stages.1.blocks.0.attn.w_msa.proj.bias:decay_mult=1.0
2025/02/25 15:14:54 - mmengine - INFO - paramwise_options -- backbone.stages.1.blocks.0.norm2.weight:lr=1e-05
2025/02/25 15:14:54 - mmengine - INFO - paramwise_options -- backbone.stages.1.blocks.0.norm2.weight:weight_decay=0.0
2025/02/25 15:14:54 - mmengine - INFO - paramwise_options -- backbone.stages.1.blocks.0.norm2.weight:lr_mult=0.1
2025/02/25 15:14:54 - mmengine - INFO - paramwise_options -- backbone.stages.1.blocks.0.norm2.weight:decay_mult=0.0
2025/02/25 15:14:54 - mmengine - INFO - paramwise_options -- backbone.stages.1.blocks.0.norm2.bias:lr=1e-05
2025/02/25 15:14:54 - mmengine - INFO - paramwise_options -- backbone.stages.1.blocks.0.norm2.bias:weight_decay=0.0
2025/02/25 15:14:55 - mmengine - INFO - paramwise_options -- backbone.stages.1.blocks.0.norm2.bias:lr_mult=0.1
2025/02/25 15:14:55 - mmengine - INFO - paramwise_options -- backbone.stages.1.blocks.0.norm2.bias:decay_mult=0.0
2025/02/25 15:14:55 - mmengine - INFO - paramwise_options -- backbone.stages.1.blocks.0.ffn.layers.0.0.weight:lr=1e-05
2025/02/25 15:14:55 - mmengine - INFO - paramwise_options -- backbone.stages.1.blocks.0.ffn.layers.0.0.weight:weight_decay=0.05
2025/02/25 15:14:55 - mmengine - INFO - paramwise_options -- backbone.stages.1.blocks.0.ffn.layers.0.0.weight:lr_mult=0.1
2025/02/25 15:14:55 - mmengine - INFO - paramwise_options -- backbone.stages.1.blocks.0.ffn.layers.0.0.weight:decay_mult=1.0
2025/02/25 15:14:55 - mmengine - INFO - paramwise_options -- backbone.stages.1.blocks.0.ffn.layers.0.0.bias:lr=1e-05
2025/02/25 15:14:55 - mmengine - INFO - paramwise_options -- backbone.stages.1.blocks.0.ffn.layers.0.0.bias:weight_decay=0.05
2025/02/25 15:14:55 - mmengine - INFO - paramwise_options -- backbone.stages.1.blocks.0.ffn.layers.0.0.bias:lr_mult=0.1
2025/02/25 15:14:55 - mmengine - INFO - paramwise_options -- backbone.stages.1.blocks.0.ffn.layers.0.0.bias:decay_mult=1.0
2025/02/25 15:14:55 - mmengine - INFO - paramwise_options -- backbone.stages.1.blocks.0.ffn.layers.1.weight:lr=1e-05
2025/02/25 15:14:55 - mmengine - INFO - paramwise_options -- backbone.stages.1.blocks.0.ffn.layers.1.weight:weight_decay=0.05
2025/02/25 15:14:55 - mmengine - INFO - paramwise_options -- backbone.stages.1.blocks.0.ffn.layers.1.weight:lr_mult=0.1
2025/02/25 15:14:55 - mmengine - INFO - paramwise_options -- backbone.stages.1.blocks.0.ffn.layers.1.weight:decay_mult=1.0
2025/02/25 15:14:55 - mmengine - INFO - paramwise_options -- backbone.stages.1.blocks.0.ffn.layers.1.bias:lr=1e-05
2025/02/25 15:14:55 - mmengine - INFO - paramwise_options -- backbone.stages.1.blocks.0.ffn.layers.1.bias:weight_decay=0.05
2025/02/25 15:14:55 - mmengine - INFO - paramwise_options -- backbone.stages.1.blocks.0.ffn.layers.1.bias:lr_mult=0.1
2025/02/25 15:14:55 - mmengine - INFO - paramwise_options -- backbone.stages.1.blocks.0.ffn.layers.1.bias:decay_mult=1.0
2025/02/25 15:14:55 - mmengine - INFO - paramwise_options -- backbone.stages.1.blocks.1.norm1.weight:lr=1e-05
2025/02/25 15:14:55 - mmengine - INFO - paramwise_options -- backbone.stages.1.blocks.1.norm1.weight:weight_decay=0.0
2025/02/25 15:14:55 - mmengine - INFO - paramwise_options -- backbone.stages.1.blocks.1.norm1.weight:lr_mult=0.1
2025/02/25 15:14:55 - mmengine - INFO - paramwise_options -- backbone.stages.1.blocks.1.norm1.weight:decay_mult=0.0
2025/02/25 15:14:55 - mmengine - INFO - paramwise_options -- backbone.stages.1.blocks.1.norm1.bias:lr=1e-05
2025/02/25 15:14:55 - mmengine - INFO - paramwise_options -- backbone.stages.1.blocks.1.norm1.bias:weight_decay=0.0
2025/02/25 15:14:55 - mmengine - INFO - paramwise_options -- backbone.stages.1.blocks.1.norm1.bias:lr_mult=0.1
2025/02/25 15:14:55 - mmengine - INFO - paramwise_options -- backbone.stages.1.blocks.1.norm1.bias:decay_mult=0.0
2025/02/25 15:14:55 - mmengine - INFO - paramwise_options -- backbone.stages.1.blocks.1.attn.w_msa.relative_position_bias_table:lr=1e-05
2025/02/25 15:14:55 - mmengine - INFO - paramwise_options -- backbone.stages.1.blocks.1.attn.w_msa.relative_position_bias_table:weight_decay=0.0
2025/02/25 15:14:55 - mmengine - INFO - paramwise_options -- backbone.stages.1.blocks.1.attn.w_msa.relative_position_bias_table:lr_mult=0.1
2025/02/25 15:14:55 - mmengine - INFO - paramwise_options -- backbone.stages.1.blocks.1.attn.w_msa.relative_position_bias_table:decay_mult=0.0
2025/02/25 15:14:55 - mmengine - INFO - paramwise_options -- backbone.stages.1.blocks.1.attn.w_msa.qkv.weight:lr=1e-05
2025/02/25 15:14:55 - mmengine - INFO - paramwise_options -- backbone.stages.1.blocks.1.attn.w_msa.qkv.weight:weight_decay=0.05
2025/02/25 15:14:55 - mmengine - INFO - paramwise_options -- backbone.stages.1.blocks.1.attn.w_msa.qkv.weight:lr_mult=0.1
2025/02/25 15:14:55 - mmengine - INFO - paramwise_options -- backbone.stages.1.blocks.1.attn.w_msa.qkv.weight:decay_mult=1.0
2025/02/25 15:14:55 - mmengine - INFO - paramwise_options -- backbone.stages.1.blocks.1.attn.w_msa.qkv.bias:lr=1e-05
2025/02/25 15:14:55 - mmengine - INFO - paramwise_options -- backbone.stages.1.blocks.1.attn.w_msa.qkv.bias:weight_decay=0.05
2025/02/25 15:14:55 - mmengine - INFO - paramwise_options -- backbone.stages.1.blocks.1.attn.w_msa.qkv.bias:lr_mult=0.1
2025/02/25 15:14:55 - mmengine - INFO - paramwise_options -- backbone.stages.1.blocks.1.attn.w_msa.qkv.bias:decay_mult=1.0
2025/02/25 15:14:55 - mmengine - INFO - paramwise_options -- backbone.stages.1.blocks.1.attn.w_msa.proj.weight:lr=1e-05
2025/02/25 15:14:55 - mmengine - INFO - paramwise_options -- backbone.stages.1.blocks.1.attn.w_msa.proj.weight:weight_decay=0.05
2025/02/25 15:14:55 - mmengine - INFO - paramwise_options -- backbone.stages.1.blocks.1.attn.w_msa.proj.weight:lr_mult=0.1
2025/02/25 15:14:55 - mmengine - INFO - paramwise_options -- backbone.stages.1.blocks.1.attn.w_msa.proj.weight:decay_mult=1.0
2025/02/25 15:14:55 - mmengine - INFO - paramwise_options -- backbone.stages.1.blocks.1.attn.w_msa.proj.bias:lr=1e-05
2025/02/25 15:14:55 - mmengine - INFO - paramwise_options -- backbone.stages.1.blocks.1.attn.w_msa.proj.bias:weight_decay=0.05
2025/02/25 15:14:55 - mmengine - INFO - paramwise_options -- backbone.stages.1.blocks.1.attn.w_msa.proj.bias:lr_mult=0.1
2025/02/25 15:14:55 - mmengine - INFO - paramwise_options -- backbone.stages.1.blocks.1.attn.w_msa.proj.bias:decay_mult=1.0
2025/02/25 15:14:55 - mmengine - INFO - paramwise_options -- backbone.stages.1.blocks.1.norm2.weight:lr=1e-05
2025/02/25 15:14:55 - mmengine - INFO - paramwise_options -- backbone.stages.1.blocks.1.norm2.weight:weight_decay=0.0
2025/02/25 15:14:55 - mmengine - INFO - paramwise_options -- backbone.stages.1.blocks.1.norm2.weight:lr_mult=0.1
2025/02/25 15:14:55 - mmengine - INFO - paramwise_options -- backbone.stages.1.blocks.1.norm2.weight:decay_mult=0.0
2025/02/25 15:14:55 - mmengine - INFO - paramwise_options -- backbone.stages.1.blocks.1.norm2.bias:lr=1e-05
2025/02/25 15:14:55 - mmengine - INFO - paramwise_options -- backbone.stages.1.blocks.1.norm2.bias:weight_decay=0.0
2025/02/25 15:14:55 - mmengine - INFO - paramwise_options -- backbone.stages.1.blocks.1.norm2.bias:lr_mult=0.1
2025/02/25 15:14:55 - mmengine - INFO - paramwise_options -- backbone.stages.1.blocks.1.norm2.bias:decay_mult=0.0
2025/02/25 15:14:55 - mmengine - INFO - paramwise_options -- backbone.stages.1.blocks.1.ffn.layers.0.0.weight:lr=1e-05
2025/02/25 15:14:55 - mmengine - INFO - paramwise_options -- backbone.stages.1.blocks.1.ffn.layers.0.0.weight:weight_decay=0.05
2025/02/25 15:14:55 - mmengine - INFO - paramwise_options -- backbone.stages.1.blocks.1.ffn.layers.0.0.weight:lr_mult=0.1
2025/02/25 15:14:55 - mmengine - INFO - paramwise_options -- backbone.stages.1.blocks.1.ffn.layers.0.0.weight:decay_mult=1.0
2025/02/25 15:14:55 - mmengine - INFO - paramwise_options -- backbone.stages.1.blocks.1.ffn.layers.0.0.bias:lr=1e-05
2025/02/25 15:14:55 - mmengine - INFO - paramwise_options -- backbone.stages.1.blocks.1.ffn.layers.0.0.bias:weight_decay=0.05
2025/02/25 15:14:55 - mmengine - INFO - paramwise_options -- backbone.stages.1.blocks.1.ffn.layers.0.0.bias:lr_mult=0.1
2025/02/25 15:14:55 - mmengine - INFO - paramwise_options -- backbone.stages.1.blocks.1.ffn.layers.0.0.bias:decay_mult=1.0
2025/02/25 15:14:55 - mmengine - INFO - paramwise_options -- backbone.stages.1.blocks.1.ffn.layers.1.weight:lr=1e-05
2025/02/25 15:14:55 - mmengine - INFO - paramwise_options -- backbone.stages.1.blocks.1.ffn.layers.1.weight:weight_decay=0.05
2025/02/25 15:14:55 - mmengine - INFO - paramwise_options -- backbone.stages.1.blocks.1.ffn.layers.1.weight:lr_mult=0.1
2025/02/25 15:14:55 - mmengine - INFO - paramwise_options -- backbone.stages.1.blocks.1.ffn.layers.1.weight:decay_mult=1.0
2025/02/25 15:14:55 - mmengine - INFO - paramwise_options -- backbone.stages.1.blocks.1.ffn.layers.1.bias:lr=1e-05
2025/02/25 15:14:55 - mmengine - INFO - paramwise_options -- backbone.stages.1.blocks.1.ffn.layers.1.bias:weight_decay=0.05
2025/02/25 15:14:55 - mmengine - INFO - paramwise_options -- backbone.stages.1.blocks.1.ffn.layers.1.bias:lr_mult=0.1
2025/02/25 15:14:55 - mmengine - INFO - paramwise_options -- backbone.stages.1.blocks.1.ffn.layers.1.bias:decay_mult=1.0
2025/02/25 15:14:55 - mmengine - INFO - paramwise_options -- backbone.stages.1.downsample.norm.weight:lr=1e-05
2025/02/25 15:14:55 - mmengine - INFO - paramwise_options -- backbone.stages.1.downsample.norm.weight:weight_decay=0.0
2025/02/25 15:14:55 - mmengine - INFO - paramwise_options -- backbone.stages.1.downsample.norm.weight:lr_mult=0.1
2025/02/25 15:14:55 - mmengine - INFO - paramwise_options -- backbone.stages.1.downsample.norm.weight:decay_mult=0.0
2025/02/25 15:14:55 - mmengine - INFO - paramwise_options -- backbone.stages.1.downsample.norm.bias:lr=1e-05
2025/02/25 15:14:55 - mmengine - INFO - paramwise_options -- backbone.stages.1.downsample.norm.bias:weight_decay=0.0
2025/02/25 15:14:55 - mmengine - INFO - paramwise_options -- backbone.stages.1.downsample.norm.bias:lr_mult=0.1
2025/02/25 15:14:55 - mmengine - INFO - paramwise_options -- backbone.stages.1.downsample.norm.bias:decay_mult=0.0
2025/02/25 15:14:55 - mmengine - INFO - paramwise_options -- backbone.stages.1.downsample.reduction.weight:lr=1e-05
2025/02/25 15:14:55 - mmengine - INFO - paramwise_options -- backbone.stages.1.downsample.reduction.weight:weight_decay=0.05
2025/02/25 15:14:55 - mmengine - INFO - paramwise_options -- backbone.stages.1.downsample.reduction.weight:lr_mult=0.1
2025/02/25 15:14:55 - mmengine - INFO - paramwise_options -- backbone.stages.1.downsample.reduction.weight:decay_mult=1.0
2025/02/25 15:14:55 - mmengine - INFO - paramwise_options -- backbone.stages.2.blocks.0.norm1.weight:lr=1e-05
2025/02/25 15:14:55 - mmengine - INFO - paramwise_options -- backbone.stages.2.blocks.0.norm1.weight:weight_decay=0.0
2025/02/25 15:14:55 - mmengine - INFO - paramwise_options -- backbone.stages.2.blocks.0.norm1.weight:lr_mult=0.1
2025/02/25 15:14:55 - mmengine - INFO - paramwise_options -- backbone.stages.2.blocks.0.norm1.weight:decay_mult=0.0
2025/02/25 15:14:55 - mmengine - INFO - paramwise_options -- backbone.stages.2.blocks.0.norm1.bias:lr=1e-05
2025/02/25 15:14:55 - mmengine - INFO - paramwise_options -- backbone.stages.2.blocks.0.norm1.bias:weight_decay=0.0
2025/02/25 15:14:55 - mmengine - INFO - paramwise_options -- backbone.stages.2.blocks.0.norm1.bias:lr_mult=0.1
2025/02/25 15:14:55 - mmengine - INFO - paramwise_options -- backbone.stages.2.blocks.0.norm1.bias:decay_mult=0.0
2025/02/25 15:14:55 - mmengine - INFO - paramwise_options -- backbone.stages.2.blocks.0.attn.w_msa.relative_position_bias_table:lr=1e-05
2025/02/25 15:14:55 - mmengine - INFO - paramwise_options -- backbone.stages.2.blocks.0.attn.w_msa.relative_position_bias_table:weight_decay=0.0
2025/02/25 15:14:55 - mmengine - INFO - paramwise_options -- backbone.stages.2.blocks.0.attn.w_msa.relative_position_bias_table:lr_mult=0.1
2025/02/25 15:14:55 - mmengine - INFO - paramwise_options -- backbone.stages.2.blocks.0.attn.w_msa.relative_position_bias_table:decay_mult=0.0
2025/02/25 15:14:55 - mmengine - INFO - paramwise_options -- backbone.stages.2.blocks.0.attn.w_msa.qkv.weight:lr=1e-05
2025/02/25 15:14:55 - mmengine - INFO - paramwise_options -- backbone.stages.2.blocks.0.attn.w_msa.qkv.weight:weight_decay=0.05
2025/02/25 15:14:55 - mmengine - INFO - paramwise_options -- backbone.stages.2.blocks.0.attn.w_msa.qkv.weight:lr_mult=0.1
2025/02/25 15:14:55 - mmengine - INFO - paramwise_options -- backbone.stages.2.blocks.0.attn.w_msa.qkv.weight:decay_mult=1.0
2025/02/25 15:14:55 - mmengine - INFO - paramwise_options -- backbone.stages.2.blocks.0.attn.w_msa.qkv.bias:lr=1e-05
2025/02/25 15:14:55 - mmengine - INFO - paramwise_options -- backbone.stages.2.blocks.0.attn.w_msa.qkv.bias:weight_decay=0.05
2025/02/25 15:14:55 - mmengine - INFO - paramwise_options -- backbone.stages.2.blocks.0.attn.w_msa.qkv.bias:lr_mult=0.1
2025/02/25 15:14:55 - mmengine - INFO - paramwise_options -- backbone.stages.2.blocks.0.attn.w_msa.qkv.bias:decay_mult=1.0
2025/02/25 15:14:55 - mmengine - INFO - paramwise_options -- backbone.stages.2.blocks.0.attn.w_msa.proj.weight:lr=1e-05
2025/02/25 15:14:55 - mmengine - INFO - paramwise_options -- backbone.stages.2.blocks.0.attn.w_msa.proj.weight:weight_decay=0.05
2025/02/25 15:14:55 - mmengine - INFO - paramwise_options -- backbone.stages.2.blocks.0.attn.w_msa.proj.weight:lr_mult=0.1
2025/02/25 15:14:55 - mmengine - INFO - paramwise_options -- backbone.stages.2.blocks.0.attn.w_msa.proj.weight:decay_mult=1.0
2025/02/25 15:14:55 - mmengine - INFO - paramwise_options -- backbone.stages.2.blocks.0.attn.w_msa.proj.bias:lr=1e-05
2025/02/25 15:14:55 - mmengine - INFO - paramwise_options -- backbone.stages.2.blocks.0.attn.w_msa.proj.bias:weight_decay=0.05
2025/02/25 15:14:55 - mmengine - INFO - paramwise_options -- backbone.stages.2.blocks.0.attn.w_msa.proj.bias:lr_mult=0.1
2025/02/25 15:14:55 - mmengine - INFO - paramwise_options -- backbone.stages.2.blocks.0.attn.w_msa.proj.bias:decay_mult=1.0
2025/02/25 15:14:55 - mmengine - INFO - paramwise_options -- backbone.stages.2.blocks.0.norm2.weight:lr=1e-05
2025/02/25 15:14:55 - mmengine - INFO - paramwise_options -- backbone.stages.2.blocks.0.norm2.weight:weight_decay=0.0
2025/02/25 15:14:55 - mmengine - INFO - paramwise_options -- backbone.stages.2.blocks.0.norm2.weight:lr_mult=0.1
2025/02/25 15:14:55 - mmengine - INFO - paramwise_options -- backbone.stages.2.blocks.0.norm2.weight:decay_mult=0.0
2025/02/25 15:14:55 - mmengine - INFO - paramwise_options -- backbone.stages.2.blocks.0.norm2.bias:lr=1e-05
2025/02/25 15:14:55 - mmengine - INFO - paramwise_options -- backbone.stages.2.blocks.0.norm2.bias:weight_decay=0.0
2025/02/25 15:14:55 - mmengine - INFO - paramwise_options -- backbone.stages.2.blocks.0.norm2.bias:lr_mult=0.1
2025/02/25 15:14:55 - mmengine - INFO - paramwise_options -- backbone.stages.2.blocks.0.norm2.bias:decay_mult=0.0
2025/02/25 15:14:55 - mmengine - INFO - paramwise_options -- backbone.stages.2.blocks.0.ffn.layers.0.0.weight:lr=1e-05
2025/02/25 15:14:55 - mmengine - INFO - paramwise_options -- backbone.stages.2.blocks.0.ffn.layers.0.0.weight:weight_decay=0.05
2025/02/25 15:14:55 - mmengine - INFO - paramwise_options -- backbone.stages.2.blocks.0.ffn.layers.0.0.weight:lr_mult=0.1
2025/02/25 15:14:55 - mmengine - INFO - paramwise_options -- backbone.stages.2.blocks.0.ffn.layers.0.0.weight:decay_mult=1.0
2025/02/25 15:14:55 - mmengine - INFO - paramwise_options -- backbone.stages.2.blocks.0.ffn.layers.0.0.bias:lr=1e-05
2025/02/25 15:14:55 - mmengine - INFO - paramwise_options -- backbone.stages.2.blocks.0.ffn.layers.0.0.bias:weight_decay=0.05
2025/02/25 15:14:55 - mmengine - INFO - paramwise_options -- backbone.stages.2.blocks.0.ffn.layers.0.0.bias:lr_mult=0.1
2025/02/25 15:14:55 - mmengine - INFO - paramwise_options -- backbone.stages.2.blocks.0.ffn.layers.0.0.bias:decay_mult=1.0
2025/02/25 15:14:55 - mmengine - INFO - paramwise_options -- backbone.stages.2.blocks.0.ffn.layers.1.weight:lr=1e-05
2025/02/25 15:14:55 - mmengine - INFO - paramwise_options -- backbone.stages.2.blocks.0.ffn.layers.1.weight:weight_decay=0.05
2025/02/25 15:14:55 - mmengine - INFO - paramwise_options -- backbone.stages.2.blocks.0.ffn.layers.1.weight:lr_mult=0.1
2025/02/25 15:14:55 - mmengine - INFO - paramwise_options -- backbone.stages.2.blocks.0.ffn.layers.1.weight:decay_mult=1.0
2025/02/25 15:14:55 - mmengine - INFO - paramwise_options -- backbone.stages.2.blocks.0.ffn.layers.1.bias:lr=1e-05
2025/02/25 15:14:55 - mmengine - INFO - paramwise_options -- backbone.stages.2.blocks.0.ffn.layers.1.bias:weight_decay=0.05
2025/02/25 15:14:55 - mmengine - INFO - paramwise_options -- backbone.stages.2.blocks.0.ffn.layers.1.bias:lr_mult=0.1
2025/02/25 15:14:55 - mmengine - INFO - paramwise_options -- backbone.stages.2.blocks.0.ffn.layers.1.bias:decay_mult=1.0
2025/02/25 15:14:55 - mmengine - INFO - paramwise_options -- backbone.stages.2.blocks.1.norm1.weight:lr=1e-05
2025/02/25 15:14:55 - mmengine - INFO - paramwise_options -- backbone.stages.2.blocks.1.norm1.weight:weight_decay=0.0
2025/02/25 15:14:55 - mmengine - INFO - paramwise_options -- backbone.stages.2.blocks.1.norm1.weight:lr_mult=0.1
2025/02/25 15:14:55 - mmengine - INFO - paramwise_options -- backbone.stages.2.blocks.1.norm1.weight:decay_mult=0.0
2025/02/25 15:14:55 - mmengine - INFO - paramwise_options -- backbone.stages.2.blocks.1.norm1.bias:lr=1e-05
2025/02/25 15:14:55 - mmengine - INFO - paramwise_options -- backbone.stages.2.blocks.1.norm1.bias:weight_decay=0.0
2025/02/25 15:14:55 - mmengine - INFO - paramwise_options -- backbone.stages.2.blocks.1.norm1.bias:lr_mult=0.1
2025/02/25 15:14:55 - mmengine - INFO - paramwise_options -- backbone.stages.2.blocks.1.norm1.bias:decay_mult=0.0
2025/02/25 15:14:55 - mmengine - INFO - paramwise_options -- backbone.stages.2.blocks.1.attn.w_msa.relative_position_bias_table:lr=1e-05
2025/02/25 15:14:55 - mmengine - INFO - paramwise_options -- backbone.stages.2.blocks.1.attn.w_msa.relative_position_bias_table:weight_decay=0.0
2025/02/25 15:14:55 - mmengine - INFO - paramwise_options -- backbone.stages.2.blocks.1.attn.w_msa.relative_position_bias_table:lr_mult=0.1
2025/02/25 15:14:55 - mmengine - INFO - paramwise_options -- backbone.stages.2.blocks.1.attn.w_msa.relative_position_bias_table:decay_mult=0.0
2025/02/25 15:14:55 - mmengine - INFO - paramwise_options -- backbone.stages.2.blocks.1.attn.w_msa.qkv.weight:lr=1e-05
2025/02/25 15:14:55 - mmengine - INFO - paramwise_options -- backbone.stages.2.blocks.1.attn.w_msa.qkv.weight:weight_decay=0.05
2025/02/25 15:14:55 - mmengine - INFO - paramwise_options -- backbone.stages.2.blocks.1.attn.w_msa.qkv.weight:lr_mult=0.1
2025/02/25 15:14:55 - mmengine - INFO - paramwise_options -- backbone.stages.2.blocks.1.attn.w_msa.qkv.weight:decay_mult=1.0
2025/02/25 15:14:55 - mmengine - INFO - paramwise_options -- backbone.stages.2.blocks.1.attn.w_msa.qkv.bias:lr=1e-05
2025/02/25 15:14:55 - mmengine - INFO - paramwise_options -- backbone.stages.2.blocks.1.attn.w_msa.qkv.bias:weight_decay=0.05
2025/02/25 15:14:55 - mmengine - INFO - paramwise_options -- backbone.stages.2.blocks.1.attn.w_msa.qkv.bias:lr_mult=0.1
2025/02/25 15:14:55 - mmengine - INFO - paramwise_options -- backbone.stages.2.blocks.1.attn.w_msa.qkv.bias:decay_mult=1.0
2025/02/25 15:14:55 - mmengine - INFO - paramwise_options -- backbone.stages.2.blocks.1.attn.w_msa.proj.weight:lr=1e-05
2025/02/25 15:14:55 - mmengine - INFO - paramwise_options -- backbone.stages.2.blocks.1.attn.w_msa.proj.weight:weight_decay=0.05
2025/02/25 15:14:55 - mmengine - INFO - paramwise_options -- backbone.stages.2.blocks.1.attn.w_msa.proj.weight:lr_mult=0.1
2025/02/25 15:14:55 - mmengine - INFO - paramwise_options -- backbone.stages.2.blocks.1.attn.w_msa.proj.weight:decay_mult=1.0
2025/02/25 15:14:55 - mmengine - INFO - paramwise_options -- backbone.stages.2.blocks.1.attn.w_msa.proj.bias:lr=1e-05
2025/02/25 15:14:55 - mmengine - INFO - paramwise_options -- backbone.stages.2.blocks.1.attn.w_msa.proj.bias:weight_decay=0.05
2025/02/25 15:14:55 - mmengine - INFO - paramwise_options -- backbone.stages.2.blocks.1.attn.w_msa.proj.bias:lr_mult=0.1
2025/02/25 15:14:55 - mmengine - INFO - paramwise_options -- backbone.stages.2.blocks.1.attn.w_msa.proj.bias:decay_mult=1.0
2025/02/25 15:14:55 - mmengine - INFO - paramwise_options -- backbone.stages.2.blocks.1.norm2.weight:lr=1e-05
2025/02/25 15:14:55 - mmengine - INFO - paramwise_options -- backbone.stages.2.blocks.1.norm2.weight:weight_decay=0.0
2025/02/25 15:14:55 - mmengine - INFO - paramwise_options -- backbone.stages.2.blocks.1.norm2.weight:lr_mult=0.1
2025/02/25 15:14:55 - mmengine - INFO - paramwise_options -- backbone.stages.2.blocks.1.norm2.weight:decay_mult=0.0
2025/02/25 15:14:55 - mmengine - INFO - paramwise_options -- backbone.stages.2.blocks.1.norm2.bias:lr=1e-05
2025/02/25 15:14:55 - mmengine - INFO - paramwise_options -- backbone.stages.2.blocks.1.norm2.bias:weight_decay=0.0
2025/02/25 15:14:55 - mmengine - INFO - paramwise_options -- backbone.stages.2.blocks.1.norm2.bias:lr_mult=0.1
2025/02/25 15:14:55 - mmengine - INFO - paramwise_options -- backbone.stages.2.blocks.1.norm2.bias:decay_mult=0.0
2025/02/25 15:14:55 - mmengine - INFO - paramwise_options -- backbone.stages.2.blocks.1.ffn.layers.0.0.weight:lr=1e-05
2025/02/25 15:14:55 - mmengine - INFO - paramwise_options -- backbone.stages.2.blocks.1.ffn.layers.0.0.weight:weight_decay=0.05
2025/02/25 15:14:55 - mmengine - INFO - paramwise_options -- backbone.stages.2.blocks.1.ffn.layers.0.0.weight:lr_mult=0.1
2025/02/25 15:14:55 - mmengine - INFO - paramwise_options -- backbone.stages.2.blocks.1.ffn.layers.0.0.weight:decay_mult=1.0
2025/02/25 15:14:55 - mmengine - INFO - paramwise_options -- backbone.stages.2.blocks.1.ffn.layers.0.0.bias:lr=1e-05
2025/02/25 15:14:55 - mmengine - INFO - paramwise_options -- backbone.stages.2.blocks.1.ffn.layers.0.0.bias:weight_decay=0.05
2025/02/25 15:14:55 - mmengine - INFO - paramwise_options -- backbone.stages.2.blocks.1.ffn.layers.0.0.bias:lr_mult=0.1
2025/02/25 15:14:55 - mmengine - INFO - paramwise_options -- backbone.stages.2.blocks.1.ffn.layers.0.0.bias:decay_mult=1.0
2025/02/25 15:14:55 - mmengine - INFO - paramwise_options -- backbone.stages.2.blocks.1.ffn.layers.1.weight:lr=1e-05
2025/02/25 15:14:55 - mmengine - INFO - paramwise_options -- backbone.stages.2.blocks.1.ffn.layers.1.weight:weight_decay=0.05
2025/02/25 15:14:55 - mmengine - INFO - paramwise_options -- backbone.stages.2.blocks.1.ffn.layers.1.weight:lr_mult=0.1
2025/02/25 15:14:55 - mmengine - INFO - paramwise_options -- backbone.stages.2.blocks.1.ffn.layers.1.weight:decay_mult=1.0
2025/02/25 15:14:55 - mmengine - INFO - paramwise_options -- backbone.stages.2.blocks.1.ffn.layers.1.bias:lr=1e-05
2025/02/25 15:14:55 - mmengine - INFO - paramwise_options -- backbone.stages.2.blocks.1.ffn.layers.1.bias:weight_decay=0.05
2025/02/25 15:14:55 - mmengine - INFO - paramwise_options -- backbone.stages.2.blocks.1.ffn.layers.1.bias:lr_mult=0.1
2025/02/25 15:14:55 - mmengine - INFO - paramwise_options -- backbone.stages.2.blocks.1.ffn.layers.1.bias:decay_mult=1.0
2025/02/25 15:14:55 - mmengine - INFO - paramwise_options -- backbone.stages.2.blocks.2.norm1.weight:lr=1e-05
2025/02/25 15:14:55 - mmengine - INFO - paramwise_options -- backbone.stages.2.blocks.2.norm1.weight:weight_decay=0.0
2025/02/25 15:14:55 - mmengine - INFO - paramwise_options -- backbone.stages.2.blocks.2.norm1.weight:lr_mult=0.1
2025/02/25 15:14:55 - mmengine - INFO - paramwise_options -- backbone.stages.2.blocks.2.norm1.weight:decay_mult=0.0
2025/02/25 15:14:55 - mmengine - INFO - paramwise_options -- backbone.stages.2.blocks.2.norm1.bias:lr=1e-05
2025/02/25 15:14:55 - mmengine - INFO - paramwise_options -- backbone.stages.2.blocks.2.norm1.bias:weight_decay=0.0
2025/02/25 15:14:55 - mmengine - INFO - paramwise_options -- backbone.stages.2.blocks.2.norm1.bias:lr_mult=0.1
2025/02/25 15:14:55 - mmengine - INFO - paramwise_options -- backbone.stages.2.blocks.2.norm1.bias:decay_mult=0.0
2025/02/25 15:14:55 - mmengine - INFO - paramwise_options -- backbone.stages.2.blocks.2.attn.w_msa.relative_position_bias_table:lr=1e-05
2025/02/25 15:14:55 - mmengine - INFO - paramwise_options -- backbone.stages.2.blocks.2.attn.w_msa.relative_position_bias_table:weight_decay=0.0
2025/02/25 15:14:55 - mmengine - INFO - paramwise_options -- backbone.stages.2.blocks.2.attn.w_msa.relative_position_bias_table:lr_mult=0.1
2025/02/25 15:14:55 - mmengine - INFO - paramwise_options -- backbone.stages.2.blocks.2.attn.w_msa.relative_position_bias_table:decay_mult=0.0
2025/02/25 15:14:55 - mmengine - INFO - paramwise_options -- backbone.stages.2.blocks.2.attn.w_msa.qkv.weight:lr=1e-05
2025/02/25 15:14:55 - mmengine - INFO - paramwise_options -- backbone.stages.2.blocks.2.attn.w_msa.qkv.weight:weight_decay=0.05
2025/02/25 15:14:55 - mmengine - INFO - paramwise_options -- backbone.stages.2.blocks.2.attn.w_msa.qkv.weight:lr_mult=0.1
2025/02/25 15:14:55 - mmengine - INFO - paramwise_options -- backbone.stages.2.blocks.2.attn.w_msa.qkv.weight:decay_mult=1.0
2025/02/25 15:14:55 - mmengine - INFO - paramwise_options -- backbone.stages.2.blocks.2.attn.w_msa.qkv.bias:lr=1e-05
2025/02/25 15:14:55 - mmengine - INFO - paramwise_options -- backbone.stages.2.blocks.2.attn.w_msa.qkv.bias:weight_decay=0.05
2025/02/25 15:14:55 - mmengine - INFO - paramwise_options -- backbone.stages.2.blocks.2.attn.w_msa.qkv.bias:lr_mult=0.1
2025/02/25 15:14:55 - mmengine - INFO - paramwise_options -- backbone.stages.2.blocks.2.attn.w_msa.qkv.bias:decay_mult=1.0
2025/02/25 15:14:55 - mmengine - INFO - paramwise_options -- backbone.stages.2.blocks.2.attn.w_msa.proj.weight:lr=1e-05
2025/02/25 15:14:55 - mmengine - INFO - paramwise_options -- backbone.stages.2.blocks.2.attn.w_msa.proj.weight:weight_decay=0.05
2025/02/25 15:14:55 - mmengine - INFO - paramwise_options -- backbone.stages.2.blocks.2.attn.w_msa.proj.weight:lr_mult=0.1
2025/02/25 15:14:55 - mmengine - INFO - paramwise_options -- backbone.stages.2.blocks.2.attn.w_msa.proj.weight:decay_mult=1.0
2025/02/25 15:14:55 - mmengine - INFO - paramwise_options -- backbone.stages.2.blocks.2.attn.w_msa.proj.bias:lr=1e-05
2025/02/25 15:14:55 - mmengine - INFO - paramwise_options -- backbone.stages.2.blocks.2.attn.w_msa.proj.bias:weight_decay=0.05
2025/02/25 15:14:55 - mmengine - INFO - paramwise_options -- backbone.stages.2.blocks.2.attn.w_msa.proj.bias:lr_mult=0.1
2025/02/25 15:14:55 - mmengine - INFO - paramwise_options -- backbone.stages.2.blocks.2.attn.w_msa.proj.bias:decay_mult=1.0
2025/02/25 15:14:55 - mmengine - INFO - paramwise_options -- backbone.stages.2.blocks.2.norm2.weight:lr=1e-05
2025/02/25 15:14:55 - mmengine - INFO - paramwise_options -- backbone.stages.2.blocks.2.norm2.weight:weight_decay=0.0
2025/02/25 15:14:55 - mmengine - INFO - paramwise_options -- backbone.stages.2.blocks.2.norm2.weight:lr_mult=0.1
2025/02/25 15:14:55 - mmengine - INFO - paramwise_options -- backbone.stages.2.blocks.2.norm2.weight:decay_mult=0.0
2025/02/25 15:14:55 - mmengine - INFO - paramwise_options -- backbone.stages.2.blocks.2.norm2.bias:lr=1e-05
2025/02/25 15:14:55 - mmengine - INFO - paramwise_options -- backbone.stages.2.blocks.2.norm2.bias:weight_decay=0.0
2025/02/25 15:14:55 - mmengine - INFO - paramwise_options -- backbone.stages.2.blocks.2.norm2.bias:lr_mult=0.1
2025/02/25 15:14:55 - mmengine - INFO - paramwise_options -- backbone.stages.2.blocks.2.norm2.bias:decay_mult=0.0
2025/02/25 15:14:55 - mmengine - INFO - paramwise_options -- backbone.stages.2.blocks.2.ffn.layers.0.0.weight:lr=1e-05
2025/02/25 15:14:55 - mmengine - INFO - paramwise_options -- backbone.stages.2.blocks.2.ffn.layers.0.0.weight:weight_decay=0.05
2025/02/25 15:14:55 - mmengine - INFO - paramwise_options -- backbone.stages.2.blocks.2.ffn.layers.0.0.weight:lr_mult=0.1
2025/02/25 15:14:55 - mmengine - INFO - paramwise_options -- backbone.stages.2.blocks.2.ffn.layers.0.0.weight:decay_mult=1.0
2025/02/25 15:14:55 - mmengine - INFO - paramwise_options -- backbone.stages.2.blocks.2.ffn.layers.0.0.bias:lr=1e-05
2025/02/25 15:14:55 - mmengine - INFO - paramwise_options -- backbone.stages.2.blocks.2.ffn.layers.0.0.bias:weight_decay=0.05
2025/02/25 15:14:55 - mmengine - INFO - paramwise_options -- backbone.stages.2.blocks.2.ffn.layers.0.0.bias:lr_mult=0.1
2025/02/25 15:14:55 - mmengine - INFO - paramwise_options -- backbone.stages.2.blocks.2.ffn.layers.0.0.bias:decay_mult=1.0
2025/02/25 15:14:55 - mmengine - INFO - paramwise_options -- backbone.stages.2.blocks.2.ffn.layers.1.weight:lr=1e-05
2025/02/25 15:14:55 - mmengine - INFO - paramwise_options -- backbone.stages.2.blocks.2.ffn.layers.1.weight:weight_decay=0.05
2025/02/25 15:14:55 - mmengine - INFO - paramwise_options -- backbone.stages.2.blocks.2.ffn.layers.1.weight:lr_mult=0.1
2025/02/25 15:14:55 - mmengine - INFO - paramwise_options -- backbone.stages.2.blocks.2.ffn.layers.1.weight:decay_mult=1.0
2025/02/25 15:14:55 - mmengine - INFO - paramwise_options -- backbone.stages.2.blocks.2.ffn.layers.1.bias:lr=1e-05
2025/02/25 15:14:55 - mmengine - INFO - paramwise_options -- backbone.stages.2.blocks.2.ffn.layers.1.bias:weight_decay=0.05
2025/02/25 15:14:55 - mmengine - INFO - paramwise_options -- backbone.stages.2.blocks.2.ffn.layers.1.bias:lr_mult=0.1
2025/02/25 15:14:55 - mmengine - INFO - paramwise_options -- backbone.stages.2.blocks.2.ffn.layers.1.bias:decay_mult=1.0
2025/02/25 15:14:55 - mmengine - INFO - paramwise_options -- backbone.stages.2.blocks.3.norm1.weight:lr=1e-05
2025/02/25 15:14:55 - mmengine - INFO - paramwise_options -- backbone.stages.2.blocks.3.norm1.weight:weight_decay=0.0
2025/02/25 15:14:55 - mmengine - INFO - paramwise_options -- backbone.stages.2.blocks.3.norm1.weight:lr_mult=0.1
2025/02/25 15:14:55 - mmengine - INFO - paramwise_options -- backbone.stages.2.blocks.3.norm1.weight:decay_mult=0.0
2025/02/25 15:14:55 - mmengine - INFO - paramwise_options -- backbone.stages.2.blocks.3.norm1.bias:lr=1e-05
2025/02/25 15:14:55 - mmengine - INFO - paramwise_options -- backbone.stages.2.blocks.3.norm1.bias:weight_decay=0.0
2025/02/25 15:14:55 - mmengine - INFO - paramwise_options -- backbone.stages.2.blocks.3.norm1.bias:lr_mult=0.1
2025/02/25 15:14:55 - mmengine - INFO - paramwise_options -- backbone.stages.2.blocks.3.norm1.bias:decay_mult=0.0
2025/02/25 15:14:55 - mmengine - INFO - paramwise_options -- backbone.stages.2.blocks.3.attn.w_msa.relative_position_bias_table:lr=1e-05
2025/02/25 15:14:55 - mmengine - INFO - paramwise_options -- backbone.stages.2.blocks.3.attn.w_msa.relative_position_bias_table:weight_decay=0.0
2025/02/25 15:14:55 - mmengine - INFO - paramwise_options -- backbone.stages.2.blocks.3.attn.w_msa.relative_position_bias_table:lr_mult=0.1
2025/02/25 15:14:55 - mmengine - INFO - paramwise_options -- backbone.stages.2.blocks.3.attn.w_msa.relative_position_bias_table:decay_mult=0.0
2025/02/25 15:14:55 - mmengine - INFO - paramwise_options -- backbone.stages.2.blocks.3.attn.w_msa.qkv.weight:lr=1e-05
2025/02/25 15:14:55 - mmengine - INFO - paramwise_options -- backbone.stages.2.blocks.3.attn.w_msa.qkv.weight:weight_decay=0.05
2025/02/25 15:14:55 - mmengine - INFO - paramwise_options -- backbone.stages.2.blocks.3.attn.w_msa.qkv.weight:lr_mult=0.1
2025/02/25 15:14:55 - mmengine - INFO - paramwise_options -- backbone.stages.2.blocks.3.attn.w_msa.qkv.weight:decay_mult=1.0
2025/02/25 15:14:55 - mmengine - INFO - paramwise_options -- backbone.stages.2.blocks.3.attn.w_msa.qkv.bias:lr=1e-05
2025/02/25 15:14:55 - mmengine - INFO - paramwise_options -- backbone.stages.2.blocks.3.attn.w_msa.qkv.bias:weight_decay=0.05
2025/02/25 15:14:55 - mmengine - INFO - paramwise_options -- backbone.stages.2.blocks.3.attn.w_msa.qkv.bias:lr_mult=0.1
2025/02/25 15:14:55 - mmengine - INFO - paramwise_options -- backbone.stages.2.blocks.3.attn.w_msa.qkv.bias:decay_mult=1.0
2025/02/25 15:14:55 - mmengine - INFO - paramwise_options -- backbone.stages.2.blocks.3.attn.w_msa.proj.weight:lr=1e-05
2025/02/25 15:14:55 - mmengine - INFO - paramwise_options -- backbone.stages.2.blocks.3.attn.w_msa.proj.weight:weight_decay=0.05
2025/02/25 15:14:55 - mmengine - INFO - paramwise_options -- backbone.stages.2.blocks.3.attn.w_msa.proj.weight:lr_mult=0.1
2025/02/25 15:14:55 - mmengine - INFO - paramwise_options -- backbone.stages.2.blocks.3.attn.w_msa.proj.weight:decay_mult=1.0
2025/02/25 15:14:55 - mmengine - INFO - paramwise_options -- backbone.stages.2.blocks.3.attn.w_msa.proj.bias:lr=1e-05
2025/02/25 15:14:55 - mmengine - INFO - paramwise_options -- backbone.stages.2.blocks.3.attn.w_msa.proj.bias:weight_decay=0.05
2025/02/25 15:14:55 - mmengine - INFO - paramwise_options -- backbone.stages.2.blocks.3.attn.w_msa.proj.bias:lr_mult=0.1
2025/02/25 15:14:55 - mmengine - INFO - paramwise_options -- backbone.stages.2.blocks.3.attn.w_msa.proj.bias:decay_mult=1.0
2025/02/25 15:14:55 - mmengine - INFO - paramwise_options -- backbone.stages.2.blocks.3.norm2.weight:lr=1e-05
2025/02/25 15:14:55 - mmengine - INFO - paramwise_options -- backbone.stages.2.blocks.3.norm2.weight:weight_decay=0.0
2025/02/25 15:14:55 - mmengine - INFO - paramwise_options -- backbone.stages.2.blocks.3.norm2.weight:lr_mult=0.1
2025/02/25 15:14:55 - mmengine - INFO - paramwise_options -- backbone.stages.2.blocks.3.norm2.weight:decay_mult=0.0
2025/02/25 15:14:55 - mmengine - INFO - paramwise_options -- backbone.stages.2.blocks.3.norm2.bias:lr=1e-05
2025/02/25 15:14:55 - mmengine - INFO - paramwise_options -- backbone.stages.2.blocks.3.norm2.bias:weight_decay=0.0
2025/02/25 15:14:55 - mmengine - INFO - paramwise_options -- backbone.stages.2.blocks.3.norm2.bias:lr_mult=0.1
2025/02/25 15:14:55 - mmengine - INFO - paramwise_options -- backbone.stages.2.blocks.3.norm2.bias:decay_mult=0.0
2025/02/25 15:14:55 - mmengine - INFO - paramwise_options -- backbone.stages.2.blocks.3.ffn.layers.0.0.weight:lr=1e-05
2025/02/25 15:14:55 - mmengine - INFO - paramwise_options -- backbone.stages.2.blocks.3.ffn.layers.0.0.weight:weight_decay=0.05
2025/02/25 15:14:55 - mmengine - INFO - paramwise_options -- backbone.stages.2.blocks.3.ffn.layers.0.0.weight:lr_mult=0.1
2025/02/25 15:14:55 - mmengine - INFO - paramwise_options -- backbone.stages.2.blocks.3.ffn.layers.0.0.weight:decay_mult=1.0
2025/02/25 15:14:55 - mmengine - INFO - paramwise_options -- backbone.stages.2.blocks.3.ffn.layers.0.0.bias:lr=1e-05
2025/02/25 15:14:55 - mmengine - INFO - paramwise_options -- backbone.stages.2.blocks.3.ffn.layers.0.0.bias:weight_decay=0.05
2025/02/25 15:14:55 - mmengine - INFO - paramwise_options -- backbone.stages.2.blocks.3.ffn.layers.0.0.bias:lr_mult=0.1
2025/02/25 15:14:55 - mmengine - INFO - paramwise_options -- backbone.stages.2.blocks.3.ffn.layers.0.0.bias:decay_mult=1.0
2025/02/25 15:14:55 - mmengine - INFO - paramwise_options -- backbone.stages.2.blocks.3.ffn.layers.1.weight:lr=1e-05
2025/02/25 15:14:55 - mmengine - INFO - paramwise_options -- backbone.stages.2.blocks.3.ffn.layers.1.weight:weight_decay=0.05
2025/02/25 15:14:55 - mmengine - INFO - paramwise_options -- backbone.stages.2.blocks.3.ffn.layers.1.weight:lr_mult=0.1
2025/02/25 15:14:55 - mmengine - INFO - paramwise_options -- backbone.stages.2.blocks.3.ffn.layers.1.weight:decay_mult=1.0
2025/02/25 15:14:55 - mmengine - INFO - paramwise_options -- backbone.stages.2.blocks.3.ffn.layers.1.bias:lr=1e-05
2025/02/25 15:14:55 - mmengine - INFO - paramwise_options -- backbone.stages.2.blocks.3.ffn.layers.1.bias:weight_decay=0.05
2025/02/25 15:14:55 - mmengine - INFO - paramwise_options -- backbone.stages.2.blocks.3.ffn.layers.1.bias:lr_mult=0.1
2025/02/25 15:14:55 - mmengine - INFO - paramwise_options -- backbone.stages.2.blocks.3.ffn.layers.1.bias:decay_mult=1.0
2025/02/25 15:14:55 - mmengine - INFO - paramwise_options -- backbone.stages.2.blocks.4.norm1.weight:lr=1e-05
2025/02/25 15:14:55 - mmengine - INFO - paramwise_options -- backbone.stages.2.blocks.4.norm1.weight:weight_decay=0.0
2025/02/25 15:14:55 - mmengine - INFO - paramwise_options -- backbone.stages.2.blocks.4.norm1.weight:lr_mult=0.1
2025/02/25 15:14:55 - mmengine - INFO - paramwise_options -- backbone.stages.2.blocks.4.norm1.weight:decay_mult=0.0
2025/02/25 15:14:55 - mmengine - INFO - paramwise_options -- backbone.stages.2.blocks.4.norm1.bias:lr=1e-05
2025/02/25 15:14:55 - mmengine - INFO - paramwise_options -- backbone.stages.2.blocks.4.norm1.bias:weight_decay=0.0
2025/02/25 15:14:55 - mmengine - INFO - paramwise_options -- backbone.stages.2.blocks.4.norm1.bias:lr_mult=0.1
2025/02/25 15:14:55 - mmengine - INFO - paramwise_options -- backbone.stages.2.blocks.4.norm1.bias:decay_mult=0.0
2025/02/25 15:14:55 - mmengine - INFO - paramwise_options -- backbone.stages.2.blocks.4.attn.w_msa.relative_position_bias_table:lr=1e-05
2025/02/25 15:14:55 - mmengine - INFO - paramwise_options -- backbone.stages.2.blocks.4.attn.w_msa.relative_position_bias_table:weight_decay=0.0
2025/02/25 15:14:55 - mmengine - INFO - paramwise_options -- backbone.stages.2.blocks.4.attn.w_msa.relative_position_bias_table:lr_mult=0.1
2025/02/25 15:14:55 - mmengine - INFO - paramwise_options -- backbone.stages.2.blocks.4.attn.w_msa.relative_position_bias_table:decay_mult=0.0
2025/02/25 15:14:55 - mmengine - INFO - paramwise_options -- backbone.stages.2.blocks.4.attn.w_msa.qkv.weight:lr=1e-05
2025/02/25 15:14:55 - mmengine - INFO - paramwise_options -- backbone.stages.2.blocks.4.attn.w_msa.qkv.weight:weight_decay=0.05
2025/02/25 15:14:55 - mmengine - INFO - paramwise_options -- backbone.stages.2.blocks.4.attn.w_msa.qkv.weight:lr_mult=0.1
2025/02/25 15:14:55 - mmengine - INFO - paramwise_options -- backbone.stages.2.blocks.4.attn.w_msa.qkv.weight:decay_mult=1.0
2025/02/25 15:14:55 - mmengine - INFO - paramwise_options -- backbone.stages.2.blocks.4.attn.w_msa.qkv.bias:lr=1e-05
2025/02/25 15:14:55 - mmengine - INFO - paramwise_options -- backbone.stages.2.blocks.4.attn.w_msa.qkv.bias:weight_decay=0.05
2025/02/25 15:14:55 - mmengine - INFO - paramwise_options -- backbone.stages.2.blocks.4.attn.w_msa.qkv.bias:lr_mult=0.1
2025/02/25 15:14:55 - mmengine - INFO - paramwise_options -- backbone.stages.2.blocks.4.attn.w_msa.qkv.bias:decay_mult=1.0
2025/02/25 15:14:55 - mmengine - INFO - paramwise_options -- backbone.stages.2.blocks.4.attn.w_msa.proj.weight:lr=1e-05
2025/02/25 15:14:55 - mmengine - INFO - paramwise_options -- backbone.stages.2.blocks.4.attn.w_msa.proj.weight:weight_decay=0.05
2025/02/25 15:14:55 - mmengine - INFO - paramwise_options -- backbone.stages.2.blocks.4.attn.w_msa.proj.weight:lr_mult=0.1
2025/02/25 15:14:55 - mmengine - INFO - paramwise_options -- backbone.stages.2.blocks.4.attn.w_msa.proj.weight:decay_mult=1.0
2025/02/25 15:14:55 - mmengine - INFO - paramwise_options -- backbone.stages.2.blocks.4.attn.w_msa.proj.bias:lr=1e-05
2025/02/25 15:14:55 - mmengine - INFO - paramwise_options -- backbone.stages.2.blocks.4.attn.w_msa.proj.bias:weight_decay=0.05
2025/02/25 15:14:55 - mmengine - INFO - paramwise_options -- backbone.stages.2.blocks.4.attn.w_msa.proj.bias:lr_mult=0.1
2025/02/25 15:14:55 - mmengine - INFO - paramwise_options -- backbone.stages.2.blocks.4.attn.w_msa.proj.bias:decay_mult=1.0
2025/02/25 15:14:55 - mmengine - INFO - paramwise_options -- backbone.stages.2.blocks.4.norm2.weight:lr=1e-05
2025/02/25 15:14:55 - mmengine - INFO - paramwise_options -- backbone.stages.2.blocks.4.norm2.weight:weight_decay=0.0
2025/02/25 15:14:55 - mmengine - INFO - paramwise_options -- backbone.stages.2.blocks.4.norm2.weight:lr_mult=0.1
2025/02/25 15:14:55 - mmengine - INFO - paramwise_options -- backbone.stages.2.blocks.4.norm2.weight:decay_mult=0.0
2025/02/25 15:14:55 - mmengine - INFO - paramwise_options -- backbone.stages.2.blocks.4.norm2.bias:lr=1e-05
2025/02/25 15:14:55 - mmengine - INFO - paramwise_options -- backbone.stages.2.blocks.4.norm2.bias:weight_decay=0.0
2025/02/25 15:14:55 - mmengine - INFO - paramwise_options -- backbone.stages.2.blocks.4.norm2.bias:lr_mult=0.1
2025/02/25 15:14:55 - mmengine - INFO - paramwise_options -- backbone.stages.2.blocks.4.norm2.bias:decay_mult=0.0
2025/02/25 15:14:55 - mmengine - INFO - paramwise_options -- backbone.stages.2.blocks.4.ffn.layers.0.0.weight:lr=1e-05
2025/02/25 15:14:55 - mmengine - INFO - paramwise_options -- backbone.stages.2.blocks.4.ffn.layers.0.0.weight:weight_decay=0.05
2025/02/25 15:14:55 - mmengine - INFO - paramwise_options -- backbone.stages.2.blocks.4.ffn.layers.0.0.weight:lr_mult=0.1
2025/02/25 15:14:55 - mmengine - INFO - paramwise_options -- backbone.stages.2.blocks.4.ffn.layers.0.0.weight:decay_mult=1.0
2025/02/25 15:14:55 - mmengine - INFO - paramwise_options -- backbone.stages.2.blocks.4.ffn.layers.0.0.bias:lr=1e-05
2025/02/25 15:14:55 - mmengine - INFO - paramwise_options -- backbone.stages.2.blocks.4.ffn.layers.0.0.bias:weight_decay=0.05
2025/02/25 15:14:55 - mmengine - INFO - paramwise_options -- backbone.stages.2.blocks.4.ffn.layers.0.0.bias:lr_mult=0.1
2025/02/25 15:14:55 - mmengine - INFO - paramwise_options -- backbone.stages.2.blocks.4.ffn.layers.0.0.bias:decay_mult=1.0
2025/02/25 15:14:55 - mmengine - INFO - paramwise_options -- backbone.stages.2.blocks.4.ffn.layers.1.weight:lr=1e-05
2025/02/25 15:14:55 - mmengine - INFO - paramwise_options -- backbone.stages.2.blocks.4.ffn.layers.1.weight:weight_decay=0.05
2025/02/25 15:14:55 - mmengine - INFO - paramwise_options -- backbone.stages.2.blocks.4.ffn.layers.1.weight:lr_mult=0.1
2025/02/25 15:14:55 - mmengine - INFO - paramwise_options -- backbone.stages.2.blocks.4.ffn.layers.1.weight:decay_mult=1.0
2025/02/25 15:14:55 - mmengine - INFO - paramwise_options -- backbone.stages.2.blocks.4.ffn.layers.1.bias:lr=1e-05
2025/02/25 15:14:55 - mmengine - INFO - paramwise_options -- backbone.stages.2.blocks.4.ffn.layers.1.bias:weight_decay=0.05
2025/02/25 15:14:55 - mmengine - INFO - paramwise_options -- backbone.stages.2.blocks.4.ffn.layers.1.bias:lr_mult=0.1
2025/02/25 15:14:55 - mmengine - INFO - paramwise_options -- backbone.stages.2.blocks.4.ffn.layers.1.bias:decay_mult=1.0
2025/02/25 15:14:55 - mmengine - INFO - paramwise_options -- backbone.stages.2.blocks.5.norm1.weight:lr=1e-05
2025/02/25 15:14:55 - mmengine - INFO - paramwise_options -- backbone.stages.2.blocks.5.norm1.weight:weight_decay=0.0
2025/02/25 15:14:55 - mmengine - INFO - paramwise_options -- backbone.stages.2.blocks.5.norm1.weight:lr_mult=0.1
2025/02/25 15:14:55 - mmengine - INFO - paramwise_options -- backbone.stages.2.blocks.5.norm1.weight:decay_mult=0.0
2025/02/25 15:14:55 - mmengine - INFO - paramwise_options -- backbone.stages.2.blocks.5.norm1.bias:lr=1e-05
2025/02/25 15:14:55 - mmengine - INFO - paramwise_options -- backbone.stages.2.blocks.5.norm1.bias:weight_decay=0.0
2025/02/25 15:14:55 - mmengine - INFO - paramwise_options -- backbone.stages.2.blocks.5.norm1.bias:lr_mult=0.1
2025/02/25 15:14:55 - mmengine - INFO - paramwise_options -- backbone.stages.2.blocks.5.norm1.bias:decay_mult=0.0
2025/02/25 15:14:55 - mmengine - INFO - paramwise_options -- backbone.stages.2.blocks.5.attn.w_msa.relative_position_bias_table:lr=1e-05
2025/02/25 15:14:55 - mmengine - INFO - paramwise_options -- backbone.stages.2.blocks.5.attn.w_msa.relative_position_bias_table:weight_decay=0.0
2025/02/25 15:14:55 - mmengine - INFO - paramwise_options -- backbone.stages.2.blocks.5.attn.w_msa.relative_position_bias_table:lr_mult=0.1
2025/02/25 15:14:55 - mmengine - INFO - paramwise_options -- backbone.stages.2.blocks.5.attn.w_msa.relative_position_bias_table:decay_mult=0.0
2025/02/25 15:14:55 - mmengine - INFO - paramwise_options -- backbone.stages.2.blocks.5.attn.w_msa.qkv.weight:lr=1e-05
2025/02/25 15:14:55 - mmengine - INFO - paramwise_options -- backbone.stages.2.blocks.5.attn.w_msa.qkv.weight:weight_decay=0.05
2025/02/25 15:14:55 - mmengine - INFO - paramwise_options -- backbone.stages.2.blocks.5.attn.w_msa.qkv.weight:lr_mult=0.1
2025/02/25 15:14:55 - mmengine - INFO - paramwise_options -- backbone.stages.2.blocks.5.attn.w_msa.qkv.weight:decay_mult=1.0
2025/02/25 15:14:55 - mmengine - INFO - paramwise_options -- backbone.stages.2.blocks.5.attn.w_msa.qkv.bias:lr=1e-05
2025/02/25 15:14:55 - mmengine - INFO - paramwise_options -- backbone.stages.2.blocks.5.attn.w_msa.qkv.bias:weight_decay=0.05
2025/02/25 15:14:55 - mmengine - INFO - paramwise_options -- backbone.stages.2.blocks.5.attn.w_msa.qkv.bias:lr_mult=0.1
2025/02/25 15:14:55 - mmengine - INFO - paramwise_options -- backbone.stages.2.blocks.5.attn.w_msa.qkv.bias:decay_mult=1.0
2025/02/25 15:14:55 - mmengine - INFO - paramwise_options -- backbone.stages.2.blocks.5.attn.w_msa.proj.weight:lr=1e-05
2025/02/25 15:14:55 - mmengine - INFO - paramwise_options -- backbone.stages.2.blocks.5.attn.w_msa.proj.weight:weight_decay=0.05
2025/02/25 15:14:55 - mmengine - INFO - paramwise_options -- backbone.stages.2.blocks.5.attn.w_msa.proj.weight:lr_mult=0.1
2025/02/25 15:14:55 - mmengine - INFO - paramwise_options -- backbone.stages.2.blocks.5.attn.w_msa.proj.weight:decay_mult=1.0
2025/02/25 15:14:55 - mmengine - INFO - paramwise_options -- backbone.stages.2.blocks.5.attn.w_msa.proj.bias:lr=1e-05
2025/02/25 15:14:55 - mmengine - INFO - paramwise_options -- backbone.stages.2.blocks.5.attn.w_msa.proj.bias:weight_decay=0.05
2025/02/25 15:14:55 - mmengine - INFO - paramwise_options -- backbone.stages.2.blocks.5.attn.w_msa.proj.bias:lr_mult=0.1
2025/02/25 15:14:55 - mmengine - INFO - paramwise_options -- backbone.stages.2.blocks.5.attn.w_msa.proj.bias:decay_mult=1.0
2025/02/25 15:14:55 - mmengine - INFO - paramwise_options -- backbone.stages.2.blocks.5.norm2.weight:lr=1e-05
2025/02/25 15:14:55 - mmengine - INFO - paramwise_options -- backbone.stages.2.blocks.5.norm2.weight:weight_decay=0.0
2025/02/25 15:14:55 - mmengine - INFO - paramwise_options -- backbone.stages.2.blocks.5.norm2.weight:lr_mult=0.1
2025/02/25 15:14:55 - mmengine - INFO - paramwise_options -- backbone.stages.2.blocks.5.norm2.weight:decay_mult=0.0
2025/02/25 15:14:55 - mmengine - INFO - paramwise_options -- backbone.stages.2.blocks.5.norm2.bias:lr=1e-05
2025/02/25 15:14:55 - mmengine - INFO - paramwise_options -- backbone.stages.2.blocks.5.norm2.bias:weight_decay=0.0
2025/02/25 15:14:55 - mmengine - INFO - paramwise_options -- backbone.stages.2.blocks.5.norm2.bias:lr_mult=0.1
2025/02/25 15:14:55 - mmengine - INFO - paramwise_options -- backbone.stages.2.blocks.5.norm2.bias:decay_mult=0.0
2025/02/25 15:14:55 - mmengine - INFO - paramwise_options -- backbone.stages.2.blocks.5.ffn.layers.0.0.weight:lr=1e-05
2025/02/25 15:14:55 - mmengine - INFO - paramwise_options -- backbone.stages.2.blocks.5.ffn.layers.0.0.weight:weight_decay=0.05
2025/02/25 15:14:55 - mmengine - INFO - paramwise_options -- backbone.stages.2.blocks.5.ffn.layers.0.0.weight:lr_mult=0.1
2025/02/25 15:14:55 - mmengine - INFO - paramwise_options -- backbone.stages.2.blocks.5.ffn.layers.0.0.weight:decay_mult=1.0
2025/02/25 15:14:55 - mmengine - INFO - paramwise_options -- backbone.stages.2.blocks.5.ffn.layers.0.0.bias:lr=1e-05
2025/02/25 15:14:55 - mmengine - INFO - paramwise_options -- backbone.stages.2.blocks.5.ffn.layers.0.0.bias:weight_decay=0.05
2025/02/25 15:14:55 - mmengine - INFO - paramwise_options -- backbone.stages.2.blocks.5.ffn.layers.0.0.bias:lr_mult=0.1
2025/02/25 15:14:55 - mmengine - INFO - paramwise_options -- backbone.stages.2.blocks.5.ffn.layers.0.0.bias:decay_mult=1.0
2025/02/25 15:14:55 - mmengine - INFO - paramwise_options -- backbone.stages.2.blocks.5.ffn.layers.1.weight:lr=1e-05
2025/02/25 15:14:55 - mmengine - INFO - paramwise_options -- backbone.stages.2.blocks.5.ffn.layers.1.weight:weight_decay=0.05
2025/02/25 15:14:55 - mmengine - INFO - paramwise_options -- backbone.stages.2.blocks.5.ffn.layers.1.weight:lr_mult=0.1
2025/02/25 15:14:55 - mmengine - INFO - paramwise_options -- backbone.stages.2.blocks.5.ffn.layers.1.weight:decay_mult=1.0
2025/02/25 15:14:55 - mmengine - INFO - paramwise_options -- backbone.stages.2.blocks.5.ffn.layers.1.bias:lr=1e-05
2025/02/25 15:14:55 - mmengine - INFO - paramwise_options -- backbone.stages.2.blocks.5.ffn.layers.1.bias:weight_decay=0.05
2025/02/25 15:14:55 - mmengine - INFO - paramwise_options -- backbone.stages.2.blocks.5.ffn.layers.1.bias:lr_mult=0.1
2025/02/25 15:14:55 - mmengine - INFO - paramwise_options -- backbone.stages.2.blocks.5.ffn.layers.1.bias:decay_mult=1.0
2025/02/25 15:14:55 - mmengine - INFO - paramwise_options -- backbone.stages.2.blocks.6.norm1.weight:lr=1e-05
2025/02/25 15:14:55 - mmengine - INFO - paramwise_options -- backbone.stages.2.blocks.6.norm1.weight:weight_decay=0.0
2025/02/25 15:14:55 - mmengine - INFO - paramwise_options -- backbone.stages.2.blocks.6.norm1.weight:lr_mult=0.1
2025/02/25 15:14:55 - mmengine - INFO - paramwise_options -- backbone.stages.2.blocks.6.norm1.weight:decay_mult=0.0
2025/02/25 15:14:55 - mmengine - INFO - paramwise_options -- backbone.stages.2.blocks.6.norm1.bias:lr=1e-05
2025/02/25 15:14:55 - mmengine - INFO - paramwise_options -- backbone.stages.2.blocks.6.norm1.bias:weight_decay=0.0
2025/02/25 15:14:55 - mmengine - INFO - paramwise_options -- backbone.stages.2.blocks.6.norm1.bias:lr_mult=0.1
2025/02/25 15:14:55 - mmengine - INFO - paramwise_options -- backbone.stages.2.blocks.6.norm1.bias:decay_mult=0.0
2025/02/25 15:14:55 - mmengine - INFO - paramwise_options -- backbone.stages.2.blocks.6.attn.w_msa.relative_position_bias_table:lr=1e-05
2025/02/25 15:14:55 - mmengine - INFO - paramwise_options -- backbone.stages.2.blocks.6.attn.w_msa.relative_position_bias_table:weight_decay=0.0
2025/02/25 15:14:55 - mmengine - INFO - paramwise_options -- backbone.stages.2.blocks.6.attn.w_msa.relative_position_bias_table:lr_mult=0.1
2025/02/25 15:14:55 - mmengine - INFO - paramwise_options -- backbone.stages.2.blocks.6.attn.w_msa.relative_position_bias_table:decay_mult=0.0
2025/02/25 15:14:55 - mmengine - INFO - paramwise_options -- backbone.stages.2.blocks.6.attn.w_msa.qkv.weight:lr=1e-05
2025/02/25 15:14:55 - mmengine - INFO - paramwise_options -- backbone.stages.2.blocks.6.attn.w_msa.qkv.weight:weight_decay=0.05
2025/02/25 15:14:55 - mmengine - INFO - paramwise_options -- backbone.stages.2.blocks.6.attn.w_msa.qkv.weight:lr_mult=0.1
2025/02/25 15:14:55 - mmengine - INFO - paramwise_options -- backbone.stages.2.blocks.6.attn.w_msa.qkv.weight:decay_mult=1.0
2025/02/25 15:14:55 - mmengine - INFO - paramwise_options -- backbone.stages.2.blocks.6.attn.w_msa.qkv.bias:lr=1e-05
2025/02/25 15:14:55 - mmengine - INFO - paramwise_options -- backbone.stages.2.blocks.6.attn.w_msa.qkv.bias:weight_decay=0.05
2025/02/25 15:14:55 - mmengine - INFO - paramwise_options -- backbone.stages.2.blocks.6.attn.w_msa.qkv.bias:lr_mult=0.1
2025/02/25 15:14:55 - mmengine - INFO - paramwise_options -- backbone.stages.2.blocks.6.attn.w_msa.qkv.bias:decay_mult=1.0
2025/02/25 15:14:55 - mmengine - INFO - paramwise_options -- backbone.stages.2.blocks.6.attn.w_msa.proj.weight:lr=1e-05
2025/02/25 15:14:55 - mmengine - INFO - paramwise_options -- backbone.stages.2.blocks.6.attn.w_msa.proj.weight:weight_decay=0.05
2025/02/25 15:14:55 - mmengine - INFO - paramwise_options -- backbone.stages.2.blocks.6.attn.w_msa.proj.weight:lr_mult=0.1
2025/02/25 15:14:55 - mmengine - INFO - paramwise_options -- backbone.stages.2.blocks.6.attn.w_msa.proj.weight:decay_mult=1.0
2025/02/25 15:14:55 - mmengine - INFO - paramwise_options -- backbone.stages.2.blocks.6.attn.w_msa.proj.bias:lr=1e-05
2025/02/25 15:14:55 - mmengine - INFO - paramwise_options -- backbone.stages.2.blocks.6.attn.w_msa.proj.bias:weight_decay=0.05
2025/02/25 15:14:55 - mmengine - INFO - paramwise_options -- backbone.stages.2.blocks.6.attn.w_msa.proj.bias:lr_mult=0.1
2025/02/25 15:14:55 - mmengine - INFO - paramwise_options -- backbone.stages.2.blocks.6.attn.w_msa.proj.bias:decay_mult=1.0
2025/02/25 15:14:55 - mmengine - INFO - paramwise_options -- backbone.stages.2.blocks.6.norm2.weight:lr=1e-05
2025/02/25 15:14:55 - mmengine - INFO - paramwise_options -- backbone.stages.2.blocks.6.norm2.weight:weight_decay=0.0
2025/02/25 15:14:55 - mmengine - INFO - paramwise_options -- backbone.stages.2.blocks.6.norm2.weight:lr_mult=0.1
2025/02/25 15:14:55 - mmengine - INFO - paramwise_options -- backbone.stages.2.blocks.6.norm2.weight:decay_mult=0.0
2025/02/25 15:14:55 - mmengine - INFO - paramwise_options -- backbone.stages.2.blocks.6.norm2.bias:lr=1e-05
2025/02/25 15:14:55 - mmengine - INFO - paramwise_options -- backbone.stages.2.blocks.6.norm2.bias:weight_decay=0.0
2025/02/25 15:14:55 - mmengine - INFO - paramwise_options -- backbone.stages.2.blocks.6.norm2.bias:lr_mult=0.1
2025/02/25 15:14:55 - mmengine - INFO - paramwise_options -- backbone.stages.2.blocks.6.norm2.bias:decay_mult=0.0
2025/02/25 15:14:55 - mmengine - INFO - paramwise_options -- backbone.stages.2.blocks.6.ffn.layers.0.0.weight:lr=1e-05
2025/02/25 15:14:55 - mmengine - INFO - paramwise_options -- backbone.stages.2.blocks.6.ffn.layers.0.0.weight:weight_decay=0.05
2025/02/25 15:14:55 - mmengine - INFO - paramwise_options -- backbone.stages.2.blocks.6.ffn.layers.0.0.weight:lr_mult=0.1
2025/02/25 15:14:55 - mmengine - INFO - paramwise_options -- backbone.stages.2.blocks.6.ffn.layers.0.0.weight:decay_mult=1.0
2025/02/25 15:14:55 - mmengine - INFO - paramwise_options -- backbone.stages.2.blocks.6.ffn.layers.0.0.bias:lr=1e-05
2025/02/25 15:14:55 - mmengine - INFO - paramwise_options -- backbone.stages.2.blocks.6.ffn.layers.0.0.bias:weight_decay=0.05
2025/02/25 15:14:55 - mmengine - INFO - paramwise_options -- backbone.stages.2.blocks.6.ffn.layers.0.0.bias:lr_mult=0.1
2025/02/25 15:14:55 - mmengine - INFO - paramwise_options -- backbone.stages.2.blocks.6.ffn.layers.0.0.bias:decay_mult=1.0
2025/02/25 15:14:55 - mmengine - INFO - paramwise_options -- backbone.stages.2.blocks.6.ffn.layers.1.weight:lr=1e-05
2025/02/25 15:14:55 - mmengine - INFO - paramwise_options -- backbone.stages.2.blocks.6.ffn.layers.1.weight:weight_decay=0.05
2025/02/25 15:14:55 - mmengine - INFO - paramwise_options -- backbone.stages.2.blocks.6.ffn.layers.1.weight:lr_mult=0.1
2025/02/25 15:14:55 - mmengine - INFO - paramwise_options -- backbone.stages.2.blocks.6.ffn.layers.1.weight:decay_mult=1.0
2025/02/25 15:14:55 - mmengine - INFO - paramwise_options -- backbone.stages.2.blocks.6.ffn.layers.1.bias:lr=1e-05
2025/02/25 15:14:55 - mmengine - INFO - paramwise_options -- backbone.stages.2.blocks.6.ffn.layers.1.bias:weight_decay=0.05
2025/02/25 15:14:55 - mmengine - INFO - paramwise_options -- backbone.stages.2.blocks.6.ffn.layers.1.bias:lr_mult=0.1
2025/02/25 15:14:55 - mmengine - INFO - paramwise_options -- backbone.stages.2.blocks.6.ffn.layers.1.bias:decay_mult=1.0
2025/02/25 15:14:55 - mmengine - INFO - paramwise_options -- backbone.stages.2.blocks.7.norm1.weight:lr=1e-05
2025/02/25 15:14:55 - mmengine - INFO - paramwise_options -- backbone.stages.2.blocks.7.norm1.weight:weight_decay=0.0
2025/02/25 15:14:55 - mmengine - INFO - paramwise_options -- backbone.stages.2.blocks.7.norm1.weight:lr_mult=0.1
2025/02/25 15:14:55 - mmengine - INFO - paramwise_options -- backbone.stages.2.blocks.7.norm1.weight:decay_mult=0.0
2025/02/25 15:14:55 - mmengine - INFO - paramwise_options -- backbone.stages.2.blocks.7.norm1.bias:lr=1e-05
2025/02/25 15:14:55 - mmengine - INFO - paramwise_options -- backbone.stages.2.blocks.7.norm1.bias:weight_decay=0.0
2025/02/25 15:14:55 - mmengine - INFO - paramwise_options -- backbone.stages.2.blocks.7.norm1.bias:lr_mult=0.1
2025/02/25 15:14:55 - mmengine - INFO - paramwise_options -- backbone.stages.2.blocks.7.norm1.bias:decay_mult=0.0
2025/02/25 15:14:55 - mmengine - INFO - paramwise_options -- backbone.stages.2.blocks.7.attn.w_msa.relative_position_bias_table:lr=1e-05
2025/02/25 15:14:55 - mmengine - INFO - paramwise_options -- backbone.stages.2.blocks.7.attn.w_msa.relative_position_bias_table:weight_decay=0.0
2025/02/25 15:14:55 - mmengine - INFO - paramwise_options -- backbone.stages.2.blocks.7.attn.w_msa.relative_position_bias_table:lr_mult=0.1
2025/02/25 15:14:55 - mmengine - INFO - paramwise_options -- backbone.stages.2.blocks.7.attn.w_msa.relative_position_bias_table:decay_mult=0.0
2025/02/25 15:14:55 - mmengine - INFO - paramwise_options -- backbone.stages.2.blocks.7.attn.w_msa.qkv.weight:lr=1e-05
2025/02/25 15:14:55 - mmengine - INFO - paramwise_options -- backbone.stages.2.blocks.7.attn.w_msa.qkv.weight:weight_decay=0.05
2025/02/25 15:14:55 - mmengine - INFO - paramwise_options -- backbone.stages.2.blocks.7.attn.w_msa.qkv.weight:lr_mult=0.1
2025/02/25 15:14:55 - mmengine - INFO - paramwise_options -- backbone.stages.2.blocks.7.attn.w_msa.qkv.weight:decay_mult=1.0
2025/02/25 15:14:55 - mmengine - INFO - paramwise_options -- backbone.stages.2.blocks.7.attn.w_msa.qkv.bias:lr=1e-05
2025/02/25 15:14:55 - mmengine - INFO - paramwise_options -- backbone.stages.2.blocks.7.attn.w_msa.qkv.bias:weight_decay=0.05
2025/02/25 15:14:55 - mmengine - INFO - paramwise_options -- backbone.stages.2.blocks.7.attn.w_msa.qkv.bias:lr_mult=0.1
2025/02/25 15:14:55 - mmengine - INFO - paramwise_options -- backbone.stages.2.blocks.7.attn.w_msa.qkv.bias:decay_mult=1.0
2025/02/25 15:14:55 - mmengine - INFO - paramwise_options -- backbone.stages.2.blocks.7.attn.w_msa.proj.weight:lr=1e-05
2025/02/25 15:14:55 - mmengine - INFO - paramwise_options -- backbone.stages.2.blocks.7.attn.w_msa.proj.weight:weight_decay=0.05
2025/02/25 15:14:55 - mmengine - INFO - paramwise_options -- backbone.stages.2.blocks.7.attn.w_msa.proj.weight:lr_mult=0.1
2025/02/25 15:14:55 - mmengine - INFO - paramwise_options -- backbone.stages.2.blocks.7.attn.w_msa.proj.weight:decay_mult=1.0
2025/02/25 15:14:55 - mmengine - INFO - paramwise_options -- backbone.stages.2.blocks.7.attn.w_msa.proj.bias:lr=1e-05
2025/02/25 15:14:55 - mmengine - INFO - paramwise_options -- backbone.stages.2.blocks.7.attn.w_msa.proj.bias:weight_decay=0.05
2025/02/25 15:14:55 - mmengine - INFO - paramwise_options -- backbone.stages.2.blocks.7.attn.w_msa.proj.bias:lr_mult=0.1
2025/02/25 15:14:55 - mmengine - INFO - paramwise_options -- backbone.stages.2.blocks.7.attn.w_msa.proj.bias:decay_mult=1.0
2025/02/25 15:14:55 - mmengine - INFO - paramwise_options -- backbone.stages.2.blocks.7.norm2.weight:lr=1e-05
2025/02/25 15:14:55 - mmengine - INFO - paramwise_options -- backbone.stages.2.blocks.7.norm2.weight:weight_decay=0.0
2025/02/25 15:14:55 - mmengine - INFO - paramwise_options -- backbone.stages.2.blocks.7.norm2.weight:lr_mult=0.1
2025/02/25 15:14:55 - mmengine - INFO - paramwise_options -- backbone.stages.2.blocks.7.norm2.weight:decay_mult=0.0
2025/02/25 15:14:55 - mmengine - INFO - paramwise_options -- backbone.stages.2.blocks.7.norm2.bias:lr=1e-05
2025/02/25 15:14:55 - mmengine - INFO - paramwise_options -- backbone.stages.2.blocks.7.norm2.bias:weight_decay=0.0
2025/02/25 15:14:55 - mmengine - INFO - paramwise_options -- backbone.stages.2.blocks.7.norm2.bias:lr_mult=0.1
2025/02/25 15:14:55 - mmengine - INFO - paramwise_options -- backbone.stages.2.blocks.7.norm2.bias:decay_mult=0.0
2025/02/25 15:14:55 - mmengine - INFO - paramwise_options -- backbone.stages.2.blocks.7.ffn.layers.0.0.weight:lr=1e-05
2025/02/25 15:14:55 - mmengine - INFO - paramwise_options -- backbone.stages.2.blocks.7.ffn.layers.0.0.weight:weight_decay=0.05
2025/02/25 15:14:55 - mmengine - INFO - paramwise_options -- backbone.stages.2.blocks.7.ffn.layers.0.0.weight:lr_mult=0.1
2025/02/25 15:14:55 - mmengine - INFO - paramwise_options -- backbone.stages.2.blocks.7.ffn.layers.0.0.weight:decay_mult=1.0
2025/02/25 15:14:55 - mmengine - INFO - paramwise_options -- backbone.stages.2.blocks.7.ffn.layers.0.0.bias:lr=1e-05
2025/02/25 15:14:55 - mmengine - INFO - paramwise_options -- backbone.stages.2.blocks.7.ffn.layers.0.0.bias:weight_decay=0.05
2025/02/25 15:14:55 - mmengine - INFO - paramwise_options -- backbone.stages.2.blocks.7.ffn.layers.0.0.bias:lr_mult=0.1
2025/02/25 15:14:55 - mmengine - INFO - paramwise_options -- backbone.stages.2.blocks.7.ffn.layers.0.0.bias:decay_mult=1.0
2025/02/25 15:14:55 - mmengine - INFO - paramwise_options -- backbone.stages.2.blocks.7.ffn.layers.1.weight:lr=1e-05
2025/02/25 15:14:55 - mmengine - INFO - paramwise_options -- backbone.stages.2.blocks.7.ffn.layers.1.weight:weight_decay=0.05
2025/02/25 15:14:55 - mmengine - INFO - paramwise_options -- backbone.stages.2.blocks.7.ffn.layers.1.weight:lr_mult=0.1
2025/02/25 15:14:55 - mmengine - INFO - paramwise_options -- backbone.stages.2.blocks.7.ffn.layers.1.weight:decay_mult=1.0
2025/02/25 15:14:55 - mmengine - INFO - paramwise_options -- backbone.stages.2.blocks.7.ffn.layers.1.bias:lr=1e-05
2025/02/25 15:14:55 - mmengine - INFO - paramwise_options -- backbone.stages.2.blocks.7.ffn.layers.1.bias:weight_decay=0.05
2025/02/25 15:14:55 - mmengine - INFO - paramwise_options -- backbone.stages.2.blocks.7.ffn.layers.1.bias:lr_mult=0.1
2025/02/25 15:14:55 - mmengine - INFO - paramwise_options -- backbone.stages.2.blocks.7.ffn.layers.1.bias:decay_mult=1.0
2025/02/25 15:14:55 - mmengine - INFO - paramwise_options -- backbone.stages.2.blocks.8.norm1.weight:lr=1e-05
2025/02/25 15:14:55 - mmengine - INFO - paramwise_options -- backbone.stages.2.blocks.8.norm1.weight:weight_decay=0.0
2025/02/25 15:14:55 - mmengine - INFO - paramwise_options -- backbone.stages.2.blocks.8.norm1.weight:lr_mult=0.1
2025/02/25 15:14:55 - mmengine - INFO - paramwise_options -- backbone.stages.2.blocks.8.norm1.weight:decay_mult=0.0
2025/02/25 15:14:55 - mmengine - INFO - paramwise_options -- backbone.stages.2.blocks.8.norm1.bias:lr=1e-05
2025/02/25 15:14:55 - mmengine - INFO - paramwise_options -- backbone.stages.2.blocks.8.norm1.bias:weight_decay=0.0
2025/02/25 15:14:55 - mmengine - INFO - paramwise_options -- backbone.stages.2.blocks.8.norm1.bias:lr_mult=0.1
2025/02/25 15:14:55 - mmengine - INFO - paramwise_options -- backbone.stages.2.blocks.8.norm1.bias:decay_mult=0.0
2025/02/25 15:14:55 - mmengine - INFO - paramwise_options -- backbone.stages.2.blocks.8.attn.w_msa.relative_position_bias_table:lr=1e-05
2025/02/25 15:14:55 - mmengine - INFO - paramwise_options -- backbone.stages.2.blocks.8.attn.w_msa.relative_position_bias_table:weight_decay=0.0
2025/02/25 15:14:55 - mmengine - INFO - paramwise_options -- backbone.stages.2.blocks.8.attn.w_msa.relative_position_bias_table:lr_mult=0.1
2025/02/25 15:14:55 - mmengine - INFO - paramwise_options -- backbone.stages.2.blocks.8.attn.w_msa.relative_position_bias_table:decay_mult=0.0
2025/02/25 15:14:55 - mmengine - INFO - paramwise_options -- backbone.stages.2.blocks.8.attn.w_msa.qkv.weight:lr=1e-05
2025/02/25 15:14:55 - mmengine - INFO - paramwise_options -- backbone.stages.2.blocks.8.attn.w_msa.qkv.weight:weight_decay=0.05
2025/02/25 15:14:55 - mmengine - INFO - paramwise_options -- backbone.stages.2.blocks.8.attn.w_msa.qkv.weight:lr_mult=0.1
2025/02/25 15:14:55 - mmengine - INFO - paramwise_options -- backbone.stages.2.blocks.8.attn.w_msa.qkv.weight:decay_mult=1.0
2025/02/25 15:14:55 - mmengine - INFO - paramwise_options -- backbone.stages.2.blocks.8.attn.w_msa.qkv.bias:lr=1e-05
2025/02/25 15:14:55 - mmengine - INFO - paramwise_options -- backbone.stages.2.blocks.8.attn.w_msa.qkv.bias:weight_decay=0.05
2025/02/25 15:14:55 - mmengine - INFO - paramwise_options -- backbone.stages.2.blocks.8.attn.w_msa.qkv.bias:lr_mult=0.1
2025/02/25 15:14:55 - mmengine - INFO - paramwise_options -- backbone.stages.2.blocks.8.attn.w_msa.qkv.bias:decay_mult=1.0
2025/02/25 15:14:55 - mmengine - INFO - paramwise_options -- backbone.stages.2.blocks.8.attn.w_msa.proj.weight:lr=1e-05
2025/02/25 15:14:55 - mmengine - INFO - paramwise_options -- backbone.stages.2.blocks.8.attn.w_msa.proj.weight:weight_decay=0.05
2025/02/25 15:14:55 - mmengine - INFO - paramwise_options -- backbone.stages.2.blocks.8.attn.w_msa.proj.weight:lr_mult=0.1
2025/02/25 15:14:55 - mmengine - INFO - paramwise_options -- backbone.stages.2.blocks.8.attn.w_msa.proj.weight:decay_mult=1.0
2025/02/25 15:14:55 - mmengine - INFO - paramwise_options -- backbone.stages.2.blocks.8.attn.w_msa.proj.bias:lr=1e-05
2025/02/25 15:14:55 - mmengine - INFO - paramwise_options -- backbone.stages.2.blocks.8.attn.w_msa.proj.bias:weight_decay=0.05
2025/02/25 15:14:55 - mmengine - INFO - paramwise_options -- backbone.stages.2.blocks.8.attn.w_msa.proj.bias:lr_mult=0.1
2025/02/25 15:14:55 - mmengine - INFO - paramwise_options -- backbone.stages.2.blocks.8.attn.w_msa.proj.bias:decay_mult=1.0
2025/02/25 15:14:55 - mmengine - INFO - paramwise_options -- backbone.stages.2.blocks.8.norm2.weight:lr=1e-05
2025/02/25 15:14:55 - mmengine - INFO - paramwise_options -- backbone.stages.2.blocks.8.norm2.weight:weight_decay=0.0
2025/02/25 15:14:55 - mmengine - INFO - paramwise_options -- backbone.stages.2.blocks.8.norm2.weight:lr_mult=0.1
2025/02/25 15:14:55 - mmengine - INFO - paramwise_options -- backbone.stages.2.blocks.8.norm2.weight:decay_mult=0.0
2025/02/25 15:14:55 - mmengine - INFO - paramwise_options -- backbone.stages.2.blocks.8.norm2.bias:lr=1e-05
2025/02/25 15:14:55 - mmengine - INFO - paramwise_options -- backbone.stages.2.blocks.8.norm2.bias:weight_decay=0.0
2025/02/25 15:14:55 - mmengine - INFO - paramwise_options -- backbone.stages.2.blocks.8.norm2.bias:lr_mult=0.1
2025/02/25 15:14:55 - mmengine - INFO - paramwise_options -- backbone.stages.2.blocks.8.norm2.bias:decay_mult=0.0
2025/02/25 15:14:55 - mmengine - INFO - paramwise_options -- backbone.stages.2.blocks.8.ffn.layers.0.0.weight:lr=1e-05
2025/02/25 15:14:55 - mmengine - INFO - paramwise_options -- backbone.stages.2.blocks.8.ffn.layers.0.0.weight:weight_decay=0.05
2025/02/25 15:14:55 - mmengine - INFO - paramwise_options -- backbone.stages.2.blocks.8.ffn.layers.0.0.weight:lr_mult=0.1
2025/02/25 15:14:55 - mmengine - INFO - paramwise_options -- backbone.stages.2.blocks.8.ffn.layers.0.0.weight:decay_mult=1.0
2025/02/25 15:14:55 - mmengine - INFO - paramwise_options -- backbone.stages.2.blocks.8.ffn.layers.0.0.bias:lr=1e-05
2025/02/25 15:14:55 - mmengine - INFO - paramwise_options -- backbone.stages.2.blocks.8.ffn.layers.0.0.bias:weight_decay=0.05
2025/02/25 15:14:55 - mmengine - INFO - paramwise_options -- backbone.stages.2.blocks.8.ffn.layers.0.0.bias:lr_mult=0.1
2025/02/25 15:14:55 - mmengine - INFO - paramwise_options -- backbone.stages.2.blocks.8.ffn.layers.0.0.bias:decay_mult=1.0
2025/02/25 15:14:55 - mmengine - INFO - paramwise_options -- backbone.stages.2.blocks.8.ffn.layers.1.weight:lr=1e-05
2025/02/25 15:14:55 - mmengine - INFO - paramwise_options -- backbone.stages.2.blocks.8.ffn.layers.1.weight:weight_decay=0.05
2025/02/25 15:14:55 - mmengine - INFO - paramwise_options -- backbone.stages.2.blocks.8.ffn.layers.1.weight:lr_mult=0.1
2025/02/25 15:14:55 - mmengine - INFO - paramwise_options -- backbone.stages.2.blocks.8.ffn.layers.1.weight:decay_mult=1.0
2025/02/25 15:14:55 - mmengine - INFO - paramwise_options -- backbone.stages.2.blocks.8.ffn.layers.1.bias:lr=1e-05
2025/02/25 15:14:55 - mmengine - INFO - paramwise_options -- backbone.stages.2.blocks.8.ffn.layers.1.bias:weight_decay=0.05
2025/02/25 15:14:55 - mmengine - INFO - paramwise_options -- backbone.stages.2.blocks.8.ffn.layers.1.bias:lr_mult=0.1
2025/02/25 15:14:55 - mmengine - INFO - paramwise_options -- backbone.stages.2.blocks.8.ffn.layers.1.bias:decay_mult=1.0
2025/02/25 15:14:55 - mmengine - INFO - paramwise_options -- backbone.stages.2.blocks.9.norm1.weight:lr=1e-05
2025/02/25 15:14:55 - mmengine - INFO - paramwise_options -- backbone.stages.2.blocks.9.norm1.weight:weight_decay=0.0
2025/02/25 15:14:55 - mmengine - INFO - paramwise_options -- backbone.stages.2.blocks.9.norm1.weight:lr_mult=0.1
2025/02/25 15:14:55 - mmengine - INFO - paramwise_options -- backbone.stages.2.blocks.9.norm1.weight:decay_mult=0.0
2025/02/25 15:14:55 - mmengine - INFO - paramwise_options -- backbone.stages.2.blocks.9.norm1.bias:lr=1e-05
2025/02/25 15:14:55 - mmengine - INFO - paramwise_options -- backbone.stages.2.blocks.9.norm1.bias:weight_decay=0.0
2025/02/25 15:14:55 - mmengine - INFO - paramwise_options -- backbone.stages.2.blocks.9.norm1.bias:lr_mult=0.1
2025/02/25 15:14:55 - mmengine - INFO - paramwise_options -- backbone.stages.2.blocks.9.norm1.bias:decay_mult=0.0
2025/02/25 15:14:55 - mmengine - INFO - paramwise_options -- backbone.stages.2.blocks.9.attn.w_msa.relative_position_bias_table:lr=1e-05
2025/02/25 15:14:55 - mmengine - INFO - paramwise_options -- backbone.stages.2.blocks.9.attn.w_msa.relative_position_bias_table:weight_decay=0.0
2025/02/25 15:14:55 - mmengine - INFO - paramwise_options -- backbone.stages.2.blocks.9.attn.w_msa.relative_position_bias_table:lr_mult=0.1
2025/02/25 15:14:55 - mmengine - INFO - paramwise_options -- backbone.stages.2.blocks.9.attn.w_msa.relative_position_bias_table:decay_mult=0.0
2025/02/25 15:14:55 - mmengine - INFO - paramwise_options -- backbone.stages.2.blocks.9.attn.w_msa.qkv.weight:lr=1e-05
2025/02/25 15:14:55 - mmengine - INFO - paramwise_options -- backbone.stages.2.blocks.9.attn.w_msa.qkv.weight:weight_decay=0.05
2025/02/25 15:14:55 - mmengine - INFO - paramwise_options -- backbone.stages.2.blocks.9.attn.w_msa.qkv.weight:lr_mult=0.1
2025/02/25 15:14:55 - mmengine - INFO - paramwise_options -- backbone.stages.2.blocks.9.attn.w_msa.qkv.weight:decay_mult=1.0
2025/02/25 15:14:55 - mmengine - INFO - paramwise_options -- backbone.stages.2.blocks.9.attn.w_msa.qkv.bias:lr=1e-05
2025/02/25 15:14:55 - mmengine - INFO - paramwise_options -- backbone.stages.2.blocks.9.attn.w_msa.qkv.bias:weight_decay=0.05
2025/02/25 15:14:55 - mmengine - INFO - paramwise_options -- backbone.stages.2.blocks.9.attn.w_msa.qkv.bias:lr_mult=0.1
2025/02/25 15:14:55 - mmengine - INFO - paramwise_options -- backbone.stages.2.blocks.9.attn.w_msa.qkv.bias:decay_mult=1.0
2025/02/25 15:14:55 - mmengine - INFO - paramwise_options -- backbone.stages.2.blocks.9.attn.w_msa.proj.weight:lr=1e-05
2025/02/25 15:14:55 - mmengine - INFO - paramwise_options -- backbone.stages.2.blocks.9.attn.w_msa.proj.weight:weight_decay=0.05
2025/02/25 15:14:55 - mmengine - INFO - paramwise_options -- backbone.stages.2.blocks.9.attn.w_msa.proj.weight:lr_mult=0.1
2025/02/25 15:14:55 - mmengine - INFO - paramwise_options -- backbone.stages.2.blocks.9.attn.w_msa.proj.weight:decay_mult=1.0
2025/02/25 15:14:55 - mmengine - INFO - paramwise_options -- backbone.stages.2.blocks.9.attn.w_msa.proj.bias:lr=1e-05
2025/02/25 15:14:55 - mmengine - INFO - paramwise_options -- backbone.stages.2.blocks.9.attn.w_msa.proj.bias:weight_decay=0.05
2025/02/25 15:14:55 - mmengine - INFO - paramwise_options -- backbone.stages.2.blocks.9.attn.w_msa.proj.bias:lr_mult=0.1
2025/02/25 15:14:55 - mmengine - INFO - paramwise_options -- backbone.stages.2.blocks.9.attn.w_msa.proj.bias:decay_mult=1.0
2025/02/25 15:14:55 - mmengine - INFO - paramwise_options -- backbone.stages.2.blocks.9.norm2.weight:lr=1e-05
2025/02/25 15:14:55 - mmengine - INFO - paramwise_options -- backbone.stages.2.blocks.9.norm2.weight:weight_decay=0.0
2025/02/25 15:14:55 - mmengine - INFO - paramwise_options -- backbone.stages.2.blocks.9.norm2.weight:lr_mult=0.1
2025/02/25 15:14:55 - mmengine - INFO - paramwise_options -- backbone.stages.2.blocks.9.norm2.weight:decay_mult=0.0
2025/02/25 15:14:55 - mmengine - INFO - paramwise_options -- backbone.stages.2.blocks.9.norm2.bias:lr=1e-05
2025/02/25 15:14:55 - mmengine - INFO - paramwise_options -- backbone.stages.2.blocks.9.norm2.bias:weight_decay=0.0
2025/02/25 15:14:55 - mmengine - INFO - paramwise_options -- backbone.stages.2.blocks.9.norm2.bias:lr_mult=0.1
2025/02/25 15:14:55 - mmengine - INFO - paramwise_options -- backbone.stages.2.blocks.9.norm2.bias:decay_mult=0.0
2025/02/25 15:14:55 - mmengine - INFO - paramwise_options -- backbone.stages.2.blocks.9.ffn.layers.0.0.weight:lr=1e-05
2025/02/25 15:14:55 - mmengine - INFO - paramwise_options -- backbone.stages.2.blocks.9.ffn.layers.0.0.weight:weight_decay=0.05
2025/02/25 15:14:55 - mmengine - INFO - paramwise_options -- backbone.stages.2.blocks.9.ffn.layers.0.0.weight:lr_mult=0.1
2025/02/25 15:14:55 - mmengine - INFO - paramwise_options -- backbone.stages.2.blocks.9.ffn.layers.0.0.weight:decay_mult=1.0
2025/02/25 15:14:55 - mmengine - INFO - paramwise_options -- backbone.stages.2.blocks.9.ffn.layers.0.0.bias:lr=1e-05
2025/02/25 15:14:55 - mmengine - INFO - paramwise_options -- backbone.stages.2.blocks.9.ffn.layers.0.0.bias:weight_decay=0.05
2025/02/25 15:14:55 - mmengine - INFO - paramwise_options -- backbone.stages.2.blocks.9.ffn.layers.0.0.bias:lr_mult=0.1
2025/02/25 15:14:55 - mmengine - INFO - paramwise_options -- backbone.stages.2.blocks.9.ffn.layers.0.0.bias:decay_mult=1.0
2025/02/25 15:14:55 - mmengine - INFO - paramwise_options -- backbone.stages.2.blocks.9.ffn.layers.1.weight:lr=1e-05
2025/02/25 15:14:55 - mmengine - INFO - paramwise_options -- backbone.stages.2.blocks.9.ffn.layers.1.weight:weight_decay=0.05
2025/02/25 15:14:55 - mmengine - INFO - paramwise_options -- backbone.stages.2.blocks.9.ffn.layers.1.weight:lr_mult=0.1
2025/02/25 15:14:55 - mmengine - INFO - paramwise_options -- backbone.stages.2.blocks.9.ffn.layers.1.weight:decay_mult=1.0
2025/02/25 15:14:55 - mmengine - INFO - paramwise_options -- backbone.stages.2.blocks.9.ffn.layers.1.bias:lr=1e-05
2025/02/25 15:14:55 - mmengine - INFO - paramwise_options -- backbone.stages.2.blocks.9.ffn.layers.1.bias:weight_decay=0.05
2025/02/25 15:14:55 - mmengine - INFO - paramwise_options -- backbone.stages.2.blocks.9.ffn.layers.1.bias:lr_mult=0.1
2025/02/25 15:14:55 - mmengine - INFO - paramwise_options -- backbone.stages.2.blocks.9.ffn.layers.1.bias:decay_mult=1.0
2025/02/25 15:14:55 - mmengine - INFO - paramwise_options -- backbone.stages.2.blocks.10.norm1.weight:lr=1e-05
2025/02/25 15:14:55 - mmengine - INFO - paramwise_options -- backbone.stages.2.blocks.10.norm1.weight:weight_decay=0.0
2025/02/25 15:14:55 - mmengine - INFO - paramwise_options -- backbone.stages.2.blocks.10.norm1.weight:lr_mult=0.1
2025/02/25 15:14:55 - mmengine - INFO - paramwise_options -- backbone.stages.2.blocks.10.norm1.weight:decay_mult=0.0
2025/02/25 15:14:55 - mmengine - INFO - paramwise_options -- backbone.stages.2.blocks.10.norm1.bias:lr=1e-05
2025/02/25 15:14:55 - mmengine - INFO - paramwise_options -- backbone.stages.2.blocks.10.norm1.bias:weight_decay=0.0
2025/02/25 15:14:55 - mmengine - INFO - paramwise_options -- backbone.stages.2.blocks.10.norm1.bias:lr_mult=0.1
2025/02/25 15:14:55 - mmengine - INFO - paramwise_options -- backbone.stages.2.blocks.10.norm1.bias:decay_mult=0.0
2025/02/25 15:14:55 - mmengine - INFO - paramwise_options -- backbone.stages.2.blocks.10.attn.w_msa.relative_position_bias_table:lr=1e-05
2025/02/25 15:14:55 - mmengine - INFO - paramwise_options -- backbone.stages.2.blocks.10.attn.w_msa.relative_position_bias_table:weight_decay=0.0
2025/02/25 15:14:55 - mmengine - INFO - paramwise_options -- backbone.stages.2.blocks.10.attn.w_msa.relative_position_bias_table:lr_mult=0.1
2025/02/25 15:14:55 - mmengine - INFO - paramwise_options -- backbone.stages.2.blocks.10.attn.w_msa.relative_position_bias_table:decay_mult=0.0
2025/02/25 15:14:55 - mmengine - INFO - paramwise_options -- backbone.stages.2.blocks.10.attn.w_msa.qkv.weight:lr=1e-05
2025/02/25 15:14:55 - mmengine - INFO - paramwise_options -- backbone.stages.2.blocks.10.attn.w_msa.qkv.weight:weight_decay=0.05
2025/02/25 15:14:55 - mmengine - INFO - paramwise_options -- backbone.stages.2.blocks.10.attn.w_msa.qkv.weight:lr_mult=0.1
2025/02/25 15:14:55 - mmengine - INFO - paramwise_options -- backbone.stages.2.blocks.10.attn.w_msa.qkv.weight:decay_mult=1.0
2025/02/25 15:14:55 - mmengine - INFO - paramwise_options -- backbone.stages.2.blocks.10.attn.w_msa.qkv.bias:lr=1e-05
2025/02/25 15:14:55 - mmengine - INFO - paramwise_options -- backbone.stages.2.blocks.10.attn.w_msa.qkv.bias:weight_decay=0.05
2025/02/25 15:14:55 - mmengine - INFO - paramwise_options -- backbone.stages.2.blocks.10.attn.w_msa.qkv.bias:lr_mult=0.1
2025/02/25 15:14:55 - mmengine - INFO - paramwise_options -- backbone.stages.2.blocks.10.attn.w_msa.qkv.bias:decay_mult=1.0
2025/02/25 15:14:55 - mmengine - INFO - paramwise_options -- backbone.stages.2.blocks.10.attn.w_msa.proj.weight:lr=1e-05
2025/02/25 15:14:55 - mmengine - INFO - paramwise_options -- backbone.stages.2.blocks.10.attn.w_msa.proj.weight:weight_decay=0.05
2025/02/25 15:14:55 - mmengine - INFO - paramwise_options -- backbone.stages.2.blocks.10.attn.w_msa.proj.weight:lr_mult=0.1
2025/02/25 15:14:55 - mmengine - INFO - paramwise_options -- backbone.stages.2.blocks.10.attn.w_msa.proj.weight:decay_mult=1.0
2025/02/25 15:14:55 - mmengine - INFO - paramwise_options -- backbone.stages.2.blocks.10.attn.w_msa.proj.bias:lr=1e-05
2025/02/25 15:14:55 - mmengine - INFO - paramwise_options -- backbone.stages.2.blocks.10.attn.w_msa.proj.bias:weight_decay=0.05
2025/02/25 15:14:55 - mmengine - INFO - paramwise_options -- backbone.stages.2.blocks.10.attn.w_msa.proj.bias:lr_mult=0.1
2025/02/25 15:14:55 - mmengine - INFO - paramwise_options -- backbone.stages.2.blocks.10.attn.w_msa.proj.bias:decay_mult=1.0
2025/02/25 15:14:55 - mmengine - INFO - paramwise_options -- backbone.stages.2.blocks.10.norm2.weight:lr=1e-05
2025/02/25 15:14:55 - mmengine - INFO - paramwise_options -- backbone.stages.2.blocks.10.norm2.weight:weight_decay=0.0
2025/02/25 15:14:55 - mmengine - INFO - paramwise_options -- backbone.stages.2.blocks.10.norm2.weight:lr_mult=0.1
2025/02/25 15:14:55 - mmengine - INFO - paramwise_options -- backbone.stages.2.blocks.10.norm2.weight:decay_mult=0.0
2025/02/25 15:14:55 - mmengine - INFO - paramwise_options -- backbone.stages.2.blocks.10.norm2.bias:lr=1e-05
2025/02/25 15:14:55 - mmengine - INFO - paramwise_options -- backbone.stages.2.blocks.10.norm2.bias:weight_decay=0.0
2025/02/25 15:14:55 - mmengine - INFO - paramwise_options -- backbone.stages.2.blocks.10.norm2.bias:lr_mult=0.1
2025/02/25 15:14:55 - mmengine - INFO - paramwise_options -- backbone.stages.2.blocks.10.norm2.bias:decay_mult=0.0
2025/02/25 15:14:55 - mmengine - INFO - paramwise_options -- backbone.stages.2.blocks.10.ffn.layers.0.0.weight:lr=1e-05
2025/02/25 15:14:56 - mmengine - INFO - paramwise_options -- backbone.stages.2.blocks.10.ffn.layers.0.0.weight:weight_decay=0.05
2025/02/25 15:14:56 - mmengine - INFO - paramwise_options -- backbone.stages.2.blocks.10.ffn.layers.0.0.weight:lr_mult=0.1
2025/02/25 15:14:56 - mmengine - INFO - paramwise_options -- backbone.stages.2.blocks.10.ffn.layers.0.0.weight:decay_mult=1.0
2025/02/25 15:14:56 - mmengine - INFO - paramwise_options -- backbone.stages.2.blocks.10.ffn.layers.0.0.bias:lr=1e-05
2025/02/25 15:14:56 - mmengine - INFO - paramwise_options -- backbone.stages.2.blocks.10.ffn.layers.0.0.bias:weight_decay=0.05
2025/02/25 15:14:56 - mmengine - INFO - paramwise_options -- backbone.stages.2.blocks.10.ffn.layers.0.0.bias:lr_mult=0.1
2025/02/25 15:14:56 - mmengine - INFO - paramwise_options -- backbone.stages.2.blocks.10.ffn.layers.0.0.bias:decay_mult=1.0
2025/02/25 15:14:56 - mmengine - INFO - paramwise_options -- backbone.stages.2.blocks.10.ffn.layers.1.weight:lr=1e-05
2025/02/25 15:14:56 - mmengine - INFO - paramwise_options -- backbone.stages.2.blocks.10.ffn.layers.1.weight:weight_decay=0.05
2025/02/25 15:14:56 - mmengine - INFO - paramwise_options -- backbone.stages.2.blocks.10.ffn.layers.1.weight:lr_mult=0.1
2025/02/25 15:14:56 - mmengine - INFO - paramwise_options -- backbone.stages.2.blocks.10.ffn.layers.1.weight:decay_mult=1.0
2025/02/25 15:14:56 - mmengine - INFO - paramwise_options -- backbone.stages.2.blocks.10.ffn.layers.1.bias:lr=1e-05
2025/02/25 15:14:56 - mmengine - INFO - paramwise_options -- backbone.stages.2.blocks.10.ffn.layers.1.bias:weight_decay=0.05
2025/02/25 15:14:56 - mmengine - INFO - paramwise_options -- backbone.stages.2.blocks.10.ffn.layers.1.bias:lr_mult=0.1
2025/02/25 15:14:56 - mmengine - INFO - paramwise_options -- backbone.stages.2.blocks.10.ffn.layers.1.bias:decay_mult=1.0
2025/02/25 15:14:56 - mmengine - INFO - paramwise_options -- backbone.stages.2.blocks.11.norm1.weight:lr=1e-05
2025/02/25 15:14:56 - mmengine - INFO - paramwise_options -- backbone.stages.2.blocks.11.norm1.weight:weight_decay=0.0
2025/02/25 15:14:56 - mmengine - INFO - paramwise_options -- backbone.stages.2.blocks.11.norm1.weight:lr_mult=0.1
2025/02/25 15:14:56 - mmengine - INFO - paramwise_options -- backbone.stages.2.blocks.11.norm1.weight:decay_mult=0.0
2025/02/25 15:14:56 - mmengine - INFO - paramwise_options -- backbone.stages.2.blocks.11.norm1.bias:lr=1e-05
2025/02/25 15:14:56 - mmengine - INFO - paramwise_options -- backbone.stages.2.blocks.11.norm1.bias:weight_decay=0.0
2025/02/25 15:14:56 - mmengine - INFO - paramwise_options -- backbone.stages.2.blocks.11.norm1.bias:lr_mult=0.1
2025/02/25 15:14:56 - mmengine - INFO - paramwise_options -- backbone.stages.2.blocks.11.norm1.bias:decay_mult=0.0
2025/02/25 15:14:56 - mmengine - INFO - paramwise_options -- backbone.stages.2.blocks.11.attn.w_msa.relative_position_bias_table:lr=1e-05
2025/02/25 15:14:56 - mmengine - INFO - paramwise_options -- backbone.stages.2.blocks.11.attn.w_msa.relative_position_bias_table:weight_decay=0.0
2025/02/25 15:14:56 - mmengine - INFO - paramwise_options -- backbone.stages.2.blocks.11.attn.w_msa.relative_position_bias_table:lr_mult=0.1
2025/02/25 15:14:56 - mmengine - INFO - paramwise_options -- backbone.stages.2.blocks.11.attn.w_msa.relative_position_bias_table:decay_mult=0.0
2025/02/25 15:14:56 - mmengine - INFO - paramwise_options -- backbone.stages.2.blocks.11.attn.w_msa.qkv.weight:lr=1e-05
2025/02/25 15:14:56 - mmengine - INFO - paramwise_options -- backbone.stages.2.blocks.11.attn.w_msa.qkv.weight:weight_decay=0.05
2025/02/25 15:14:56 - mmengine - INFO - paramwise_options -- backbone.stages.2.blocks.11.attn.w_msa.qkv.weight:lr_mult=0.1
2025/02/25 15:14:56 - mmengine - INFO - paramwise_options -- backbone.stages.2.blocks.11.attn.w_msa.qkv.weight:decay_mult=1.0
2025/02/25 15:14:56 - mmengine - INFO - paramwise_options -- backbone.stages.2.blocks.11.attn.w_msa.qkv.bias:lr=1e-05
2025/02/25 15:14:56 - mmengine - INFO - paramwise_options -- backbone.stages.2.blocks.11.attn.w_msa.qkv.bias:weight_decay=0.05
2025/02/25 15:14:56 - mmengine - INFO - paramwise_options -- backbone.stages.2.blocks.11.attn.w_msa.qkv.bias:lr_mult=0.1
2025/02/25 15:14:56 - mmengine - INFO - paramwise_options -- backbone.stages.2.blocks.11.attn.w_msa.qkv.bias:decay_mult=1.0
2025/02/25 15:14:56 - mmengine - INFO - paramwise_options -- backbone.stages.2.blocks.11.attn.w_msa.proj.weight:lr=1e-05
2025/02/25 15:14:56 - mmengine - INFO - paramwise_options -- backbone.stages.2.blocks.11.attn.w_msa.proj.weight:weight_decay=0.05
2025/02/25 15:14:56 - mmengine - INFO - paramwise_options -- backbone.stages.2.blocks.11.attn.w_msa.proj.weight:lr_mult=0.1
2025/02/25 15:14:56 - mmengine - INFO - paramwise_options -- backbone.stages.2.blocks.11.attn.w_msa.proj.weight:decay_mult=1.0
2025/02/25 15:14:56 - mmengine - INFO - paramwise_options -- backbone.stages.2.blocks.11.attn.w_msa.proj.bias:lr=1e-05
2025/02/25 15:14:56 - mmengine - INFO - paramwise_options -- backbone.stages.2.blocks.11.attn.w_msa.proj.bias:weight_decay=0.05
2025/02/25 15:14:56 - mmengine - INFO - paramwise_options -- backbone.stages.2.blocks.11.attn.w_msa.proj.bias:lr_mult=0.1
2025/02/25 15:14:56 - mmengine - INFO - paramwise_options -- backbone.stages.2.blocks.11.attn.w_msa.proj.bias:decay_mult=1.0
2025/02/25 15:14:56 - mmengine - INFO - paramwise_options -- backbone.stages.2.blocks.11.norm2.weight:lr=1e-05
2025/02/25 15:14:56 - mmengine - INFO - paramwise_options -- backbone.stages.2.blocks.11.norm2.weight:weight_decay=0.0
2025/02/25 15:14:56 - mmengine - INFO - paramwise_options -- backbone.stages.2.blocks.11.norm2.weight:lr_mult=0.1
2025/02/25 15:14:56 - mmengine - INFO - paramwise_options -- backbone.stages.2.blocks.11.norm2.weight:decay_mult=0.0
2025/02/25 15:14:56 - mmengine - INFO - paramwise_options -- backbone.stages.2.blocks.11.norm2.bias:lr=1e-05
2025/02/25 15:14:56 - mmengine - INFO - paramwise_options -- backbone.stages.2.blocks.11.norm2.bias:weight_decay=0.0
2025/02/25 15:14:56 - mmengine - INFO - paramwise_options -- backbone.stages.2.blocks.11.norm2.bias:lr_mult=0.1
2025/02/25 15:14:56 - mmengine - INFO - paramwise_options -- backbone.stages.2.blocks.11.norm2.bias:decay_mult=0.0
2025/02/25 15:14:56 - mmengine - INFO - paramwise_options -- backbone.stages.2.blocks.11.ffn.layers.0.0.weight:lr=1e-05
2025/02/25 15:14:56 - mmengine - INFO - paramwise_options -- backbone.stages.2.blocks.11.ffn.layers.0.0.weight:weight_decay=0.05
2025/02/25 15:14:56 - mmengine - INFO - paramwise_options -- backbone.stages.2.blocks.11.ffn.layers.0.0.weight:lr_mult=0.1
2025/02/25 15:14:56 - mmengine - INFO - paramwise_options -- backbone.stages.2.blocks.11.ffn.layers.0.0.weight:decay_mult=1.0
2025/02/25 15:14:56 - mmengine - INFO - paramwise_options -- backbone.stages.2.blocks.11.ffn.layers.0.0.bias:lr=1e-05
2025/02/25 15:14:56 - mmengine - INFO - paramwise_options -- backbone.stages.2.blocks.11.ffn.layers.0.0.bias:weight_decay=0.05
2025/02/25 15:14:56 - mmengine - INFO - paramwise_options -- backbone.stages.2.blocks.11.ffn.layers.0.0.bias:lr_mult=0.1
2025/02/25 15:14:56 - mmengine - INFO - paramwise_options -- backbone.stages.2.blocks.11.ffn.layers.0.0.bias:decay_mult=1.0
2025/02/25 15:14:56 - mmengine - INFO - paramwise_options -- backbone.stages.2.blocks.11.ffn.layers.1.weight:lr=1e-05
2025/02/25 15:14:56 - mmengine - INFO - paramwise_options -- backbone.stages.2.blocks.11.ffn.layers.1.weight:weight_decay=0.05
2025/02/25 15:14:56 - mmengine - INFO - paramwise_options -- backbone.stages.2.blocks.11.ffn.layers.1.weight:lr_mult=0.1
2025/02/25 15:14:56 - mmengine - INFO - paramwise_options -- backbone.stages.2.blocks.11.ffn.layers.1.weight:decay_mult=1.0
2025/02/25 15:14:56 - mmengine - INFO - paramwise_options -- backbone.stages.2.blocks.11.ffn.layers.1.bias:lr=1e-05
2025/02/25 15:14:56 - mmengine - INFO - paramwise_options -- backbone.stages.2.blocks.11.ffn.layers.1.bias:weight_decay=0.05
2025/02/25 15:14:56 - mmengine - INFO - paramwise_options -- backbone.stages.2.blocks.11.ffn.layers.1.bias:lr_mult=0.1
2025/02/25 15:14:56 - mmengine - INFO - paramwise_options -- backbone.stages.2.blocks.11.ffn.layers.1.bias:decay_mult=1.0
2025/02/25 15:14:56 - mmengine - INFO - paramwise_options -- backbone.stages.2.blocks.12.norm1.weight:lr=1e-05
2025/02/25 15:14:56 - mmengine - INFO - paramwise_options -- backbone.stages.2.blocks.12.norm1.weight:weight_decay=0.0
2025/02/25 15:14:56 - mmengine - INFO - paramwise_options -- backbone.stages.2.blocks.12.norm1.weight:lr_mult=0.1
2025/02/25 15:14:56 - mmengine - INFO - paramwise_options -- backbone.stages.2.blocks.12.norm1.weight:decay_mult=0.0
2025/02/25 15:14:56 - mmengine - INFO - paramwise_options -- backbone.stages.2.blocks.12.norm1.bias:lr=1e-05
2025/02/25 15:14:56 - mmengine - INFO - paramwise_options -- backbone.stages.2.blocks.12.norm1.bias:weight_decay=0.0
2025/02/25 15:14:56 - mmengine - INFO - paramwise_options -- backbone.stages.2.blocks.12.norm1.bias:lr_mult=0.1
2025/02/25 15:14:56 - mmengine - INFO - paramwise_options -- backbone.stages.2.blocks.12.norm1.bias:decay_mult=0.0
2025/02/25 15:14:56 - mmengine - INFO - paramwise_options -- backbone.stages.2.blocks.12.attn.w_msa.relative_position_bias_table:lr=1e-05
2025/02/25 15:14:56 - mmengine - INFO - paramwise_options -- backbone.stages.2.blocks.12.attn.w_msa.relative_position_bias_table:weight_decay=0.0
2025/02/25 15:14:56 - mmengine - INFO - paramwise_options -- backbone.stages.2.blocks.12.attn.w_msa.relative_position_bias_table:lr_mult=0.1
2025/02/25 15:14:56 - mmengine - INFO - paramwise_options -- backbone.stages.2.blocks.12.attn.w_msa.relative_position_bias_table:decay_mult=0.0
2025/02/25 15:14:56 - mmengine - INFO - paramwise_options -- backbone.stages.2.blocks.12.attn.w_msa.qkv.weight:lr=1e-05
2025/02/25 15:14:56 - mmengine - INFO - paramwise_options -- backbone.stages.2.blocks.12.attn.w_msa.qkv.weight:weight_decay=0.05
2025/02/25 15:14:56 - mmengine - INFO - paramwise_options -- backbone.stages.2.blocks.12.attn.w_msa.qkv.weight:lr_mult=0.1
2025/02/25 15:14:56 - mmengine - INFO - paramwise_options -- backbone.stages.2.blocks.12.attn.w_msa.qkv.weight:decay_mult=1.0
2025/02/25 15:14:56 - mmengine - INFO - paramwise_options -- backbone.stages.2.blocks.12.attn.w_msa.qkv.bias:lr=1e-05
2025/02/25 15:14:56 - mmengine - INFO - paramwise_options -- backbone.stages.2.blocks.12.attn.w_msa.qkv.bias:weight_decay=0.05
2025/02/25 15:14:56 - mmengine - INFO - paramwise_options -- backbone.stages.2.blocks.12.attn.w_msa.qkv.bias:lr_mult=0.1
2025/02/25 15:14:56 - mmengine - INFO - paramwise_options -- backbone.stages.2.blocks.12.attn.w_msa.qkv.bias:decay_mult=1.0
2025/02/25 15:14:56 - mmengine - INFO - paramwise_options -- backbone.stages.2.blocks.12.attn.w_msa.proj.weight:lr=1e-05
2025/02/25 15:14:56 - mmengine - INFO - paramwise_options -- backbone.stages.2.blocks.12.attn.w_msa.proj.weight:weight_decay=0.05
2025/02/25 15:14:56 - mmengine - INFO - paramwise_options -- backbone.stages.2.blocks.12.attn.w_msa.proj.weight:lr_mult=0.1
2025/02/25 15:14:56 - mmengine - INFO - paramwise_options -- backbone.stages.2.blocks.12.attn.w_msa.proj.weight:decay_mult=1.0
2025/02/25 15:14:56 - mmengine - INFO - paramwise_options -- backbone.stages.2.blocks.12.attn.w_msa.proj.bias:lr=1e-05
2025/02/25 15:14:56 - mmengine - INFO - paramwise_options -- backbone.stages.2.blocks.12.attn.w_msa.proj.bias:weight_decay=0.05
2025/02/25 15:14:56 - mmengine - INFO - paramwise_options -- backbone.stages.2.blocks.12.attn.w_msa.proj.bias:lr_mult=0.1
2025/02/25 15:14:56 - mmengine - INFO - paramwise_options -- backbone.stages.2.blocks.12.attn.w_msa.proj.bias:decay_mult=1.0
2025/02/25 15:14:56 - mmengine - INFO - paramwise_options -- backbone.stages.2.blocks.12.norm2.weight:lr=1e-05
2025/02/25 15:14:56 - mmengine - INFO - paramwise_options -- backbone.stages.2.blocks.12.norm2.weight:weight_decay=0.0
2025/02/25 15:14:56 - mmengine - INFO - paramwise_options -- backbone.stages.2.blocks.12.norm2.weight:lr_mult=0.1
2025/02/25 15:14:56 - mmengine - INFO - paramwise_options -- backbone.stages.2.blocks.12.norm2.weight:decay_mult=0.0
2025/02/25 15:14:56 - mmengine - INFO - paramwise_options -- backbone.stages.2.blocks.12.norm2.bias:lr=1e-05
2025/02/25 15:14:56 - mmengine - INFO - paramwise_options -- backbone.stages.2.blocks.12.norm2.bias:weight_decay=0.0
2025/02/25 15:14:56 - mmengine - INFO - paramwise_options -- backbone.stages.2.blocks.12.norm2.bias:lr_mult=0.1
2025/02/25 15:14:56 - mmengine - INFO - paramwise_options -- backbone.stages.2.blocks.12.norm2.bias:decay_mult=0.0
2025/02/25 15:14:56 - mmengine - INFO - paramwise_options -- backbone.stages.2.blocks.12.ffn.layers.0.0.weight:lr=1e-05
2025/02/25 15:14:56 - mmengine - INFO - paramwise_options -- backbone.stages.2.blocks.12.ffn.layers.0.0.weight:weight_decay=0.05
2025/02/25 15:14:56 - mmengine - INFO - paramwise_options -- backbone.stages.2.blocks.12.ffn.layers.0.0.weight:lr_mult=0.1
2025/02/25 15:14:56 - mmengine - INFO - paramwise_options -- backbone.stages.2.blocks.12.ffn.layers.0.0.weight:decay_mult=1.0
2025/02/25 15:14:56 - mmengine - INFO - paramwise_options -- backbone.stages.2.blocks.12.ffn.layers.0.0.bias:lr=1e-05
2025/02/25 15:14:56 - mmengine - INFO - paramwise_options -- backbone.stages.2.blocks.12.ffn.layers.0.0.bias:weight_decay=0.05
2025/02/25 15:14:56 - mmengine - INFO - paramwise_options -- backbone.stages.2.blocks.12.ffn.layers.0.0.bias:lr_mult=0.1
2025/02/25 15:14:56 - mmengine - INFO - paramwise_options -- backbone.stages.2.blocks.12.ffn.layers.0.0.bias:decay_mult=1.0
2025/02/25 15:14:56 - mmengine - INFO - paramwise_options -- backbone.stages.2.blocks.12.ffn.layers.1.weight:lr=1e-05
2025/02/25 15:14:56 - mmengine - INFO - paramwise_options -- backbone.stages.2.blocks.12.ffn.layers.1.weight:weight_decay=0.05
2025/02/25 15:14:56 - mmengine - INFO - paramwise_options -- backbone.stages.2.blocks.12.ffn.layers.1.weight:lr_mult=0.1
2025/02/25 15:14:56 - mmengine - INFO - paramwise_options -- backbone.stages.2.blocks.12.ffn.layers.1.weight:decay_mult=1.0
2025/02/25 15:14:56 - mmengine - INFO - paramwise_options -- backbone.stages.2.blocks.12.ffn.layers.1.bias:lr=1e-05
2025/02/25 15:14:56 - mmengine - INFO - paramwise_options -- backbone.stages.2.blocks.12.ffn.layers.1.bias:weight_decay=0.05
2025/02/25 15:14:56 - mmengine - INFO - paramwise_options -- backbone.stages.2.blocks.12.ffn.layers.1.bias:lr_mult=0.1
2025/02/25 15:14:56 - mmengine - INFO - paramwise_options -- backbone.stages.2.blocks.12.ffn.layers.1.bias:decay_mult=1.0
2025/02/25 15:14:56 - mmengine - INFO - paramwise_options -- backbone.stages.2.blocks.13.norm1.weight:lr=1e-05
2025/02/25 15:14:56 - mmengine - INFO - paramwise_options -- backbone.stages.2.blocks.13.norm1.weight:weight_decay=0.0
2025/02/25 15:14:56 - mmengine - INFO - paramwise_options -- backbone.stages.2.blocks.13.norm1.weight:lr_mult=0.1
2025/02/25 15:14:56 - mmengine - INFO - paramwise_options -- backbone.stages.2.blocks.13.norm1.weight:decay_mult=0.0
2025/02/25 15:14:56 - mmengine - INFO - paramwise_options -- backbone.stages.2.blocks.13.norm1.bias:lr=1e-05
2025/02/25 15:14:56 - mmengine - INFO - paramwise_options -- backbone.stages.2.blocks.13.norm1.bias:weight_decay=0.0
2025/02/25 15:14:56 - mmengine - INFO - paramwise_options -- backbone.stages.2.blocks.13.norm1.bias:lr_mult=0.1
2025/02/25 15:14:56 - mmengine - INFO - paramwise_options -- backbone.stages.2.blocks.13.norm1.bias:decay_mult=0.0
2025/02/25 15:14:56 - mmengine - INFO - paramwise_options -- backbone.stages.2.blocks.13.attn.w_msa.relative_position_bias_table:lr=1e-05
2025/02/25 15:14:56 - mmengine - INFO - paramwise_options -- backbone.stages.2.blocks.13.attn.w_msa.relative_position_bias_table:weight_decay=0.0
2025/02/25 15:14:56 - mmengine - INFO - paramwise_options -- backbone.stages.2.blocks.13.attn.w_msa.relative_position_bias_table:lr_mult=0.1
2025/02/25 15:14:56 - mmengine - INFO - paramwise_options -- backbone.stages.2.blocks.13.attn.w_msa.relative_position_bias_table:decay_mult=0.0
2025/02/25 15:14:56 - mmengine - INFO - paramwise_options -- backbone.stages.2.blocks.13.attn.w_msa.qkv.weight:lr=1e-05
2025/02/25 15:14:56 - mmengine - INFO - paramwise_options -- backbone.stages.2.blocks.13.attn.w_msa.qkv.weight:weight_decay=0.05
2025/02/25 15:14:56 - mmengine - INFO - paramwise_options -- backbone.stages.2.blocks.13.attn.w_msa.qkv.weight:lr_mult=0.1
2025/02/25 15:14:56 - mmengine - INFO - paramwise_options -- backbone.stages.2.blocks.13.attn.w_msa.qkv.weight:decay_mult=1.0
2025/02/25 15:14:56 - mmengine - INFO - paramwise_options -- backbone.stages.2.blocks.13.attn.w_msa.qkv.bias:lr=1e-05
2025/02/25 15:14:56 - mmengine - INFO - paramwise_options -- backbone.stages.2.blocks.13.attn.w_msa.qkv.bias:weight_decay=0.05
2025/02/25 15:14:56 - mmengine - INFO - paramwise_options -- backbone.stages.2.blocks.13.attn.w_msa.qkv.bias:lr_mult=0.1
2025/02/25 15:14:56 - mmengine - INFO - paramwise_options -- backbone.stages.2.blocks.13.attn.w_msa.qkv.bias:decay_mult=1.0
2025/02/25 15:14:56 - mmengine - INFO - paramwise_options -- backbone.stages.2.blocks.13.attn.w_msa.proj.weight:lr=1e-05
2025/02/25 15:14:56 - mmengine - INFO - paramwise_options -- backbone.stages.2.blocks.13.attn.w_msa.proj.weight:weight_decay=0.05
2025/02/25 15:14:56 - mmengine - INFO - paramwise_options -- backbone.stages.2.blocks.13.attn.w_msa.proj.weight:lr_mult=0.1
2025/02/25 15:14:56 - mmengine - INFO - paramwise_options -- backbone.stages.2.blocks.13.attn.w_msa.proj.weight:decay_mult=1.0
2025/02/25 15:14:56 - mmengine - INFO - paramwise_options -- backbone.stages.2.blocks.13.attn.w_msa.proj.bias:lr=1e-05
2025/02/25 15:14:56 - mmengine - INFO - paramwise_options -- backbone.stages.2.blocks.13.attn.w_msa.proj.bias:weight_decay=0.05
2025/02/25 15:14:56 - mmengine - INFO - paramwise_options -- backbone.stages.2.blocks.13.attn.w_msa.proj.bias:lr_mult=0.1
2025/02/25 15:14:56 - mmengine - INFO - paramwise_options -- backbone.stages.2.blocks.13.attn.w_msa.proj.bias:decay_mult=1.0
2025/02/25 15:14:56 - mmengine - INFO - paramwise_options -- backbone.stages.2.blocks.13.norm2.weight:lr=1e-05
2025/02/25 15:14:56 - mmengine - INFO - paramwise_options -- backbone.stages.2.blocks.13.norm2.weight:weight_decay=0.0
2025/02/25 15:14:56 - mmengine - INFO - paramwise_options -- backbone.stages.2.blocks.13.norm2.weight:lr_mult=0.1
2025/02/25 15:14:56 - mmengine - INFO - paramwise_options -- backbone.stages.2.blocks.13.norm2.weight:decay_mult=0.0
2025/02/25 15:14:56 - mmengine - INFO - paramwise_options -- backbone.stages.2.blocks.13.norm2.bias:lr=1e-05
2025/02/25 15:14:56 - mmengine - INFO - paramwise_options -- backbone.stages.2.blocks.13.norm2.bias:weight_decay=0.0
2025/02/25 15:14:56 - mmengine - INFO - paramwise_options -- backbone.stages.2.blocks.13.norm2.bias:lr_mult=0.1
2025/02/25 15:14:56 - mmengine - INFO - paramwise_options -- backbone.stages.2.blocks.13.norm2.bias:decay_mult=0.0
2025/02/25 15:14:56 - mmengine - INFO - paramwise_options -- backbone.stages.2.blocks.13.ffn.layers.0.0.weight:lr=1e-05
2025/02/25 15:14:56 - mmengine - INFO - paramwise_options -- backbone.stages.2.blocks.13.ffn.layers.0.0.weight:weight_decay=0.05
2025/02/25 15:14:56 - mmengine - INFO - paramwise_options -- backbone.stages.2.blocks.13.ffn.layers.0.0.weight:lr_mult=0.1
2025/02/25 15:14:56 - mmengine - INFO - paramwise_options -- backbone.stages.2.blocks.13.ffn.layers.0.0.weight:decay_mult=1.0
2025/02/25 15:14:56 - mmengine - INFO - paramwise_options -- backbone.stages.2.blocks.13.ffn.layers.0.0.bias:lr=1e-05
2025/02/25 15:14:56 - mmengine - INFO - paramwise_options -- backbone.stages.2.blocks.13.ffn.layers.0.0.bias:weight_decay=0.05
2025/02/25 15:14:56 - mmengine - INFO - paramwise_options -- backbone.stages.2.blocks.13.ffn.layers.0.0.bias:lr_mult=0.1
2025/02/25 15:14:56 - mmengine - INFO - paramwise_options -- backbone.stages.2.blocks.13.ffn.layers.0.0.bias:decay_mult=1.0
2025/02/25 15:14:56 - mmengine - INFO - paramwise_options -- backbone.stages.2.blocks.13.ffn.layers.1.weight:lr=1e-05
2025/02/25 15:14:56 - mmengine - INFO - paramwise_options -- backbone.stages.2.blocks.13.ffn.layers.1.weight:weight_decay=0.05
2025/02/25 15:14:56 - mmengine - INFO - paramwise_options -- backbone.stages.2.blocks.13.ffn.layers.1.weight:lr_mult=0.1
2025/02/25 15:14:56 - mmengine - INFO - paramwise_options -- backbone.stages.2.blocks.13.ffn.layers.1.weight:decay_mult=1.0
2025/02/25 15:14:56 - mmengine - INFO - paramwise_options -- backbone.stages.2.blocks.13.ffn.layers.1.bias:lr=1e-05
2025/02/25 15:14:56 - mmengine - INFO - paramwise_options -- backbone.stages.2.blocks.13.ffn.layers.1.bias:weight_decay=0.05
2025/02/25 15:14:56 - mmengine - INFO - paramwise_options -- backbone.stages.2.blocks.13.ffn.layers.1.bias:lr_mult=0.1
2025/02/25 15:14:56 - mmengine - INFO - paramwise_options -- backbone.stages.2.blocks.13.ffn.layers.1.bias:decay_mult=1.0
2025/02/25 15:14:56 - mmengine - INFO - paramwise_options -- backbone.stages.2.blocks.14.norm1.weight:lr=1e-05
2025/02/25 15:14:56 - mmengine - INFO - paramwise_options -- backbone.stages.2.blocks.14.norm1.weight:weight_decay=0.0
2025/02/25 15:14:56 - mmengine - INFO - paramwise_options -- backbone.stages.2.blocks.14.norm1.weight:lr_mult=0.1
2025/02/25 15:14:56 - mmengine - INFO - paramwise_options -- backbone.stages.2.blocks.14.norm1.weight:decay_mult=0.0
2025/02/25 15:14:56 - mmengine - INFO - paramwise_options -- backbone.stages.2.blocks.14.norm1.bias:lr=1e-05
2025/02/25 15:14:56 - mmengine - INFO - paramwise_options -- backbone.stages.2.blocks.14.norm1.bias:weight_decay=0.0
2025/02/25 15:14:56 - mmengine - INFO - paramwise_options -- backbone.stages.2.blocks.14.norm1.bias:lr_mult=0.1
2025/02/25 15:14:56 - mmengine - INFO - paramwise_options -- backbone.stages.2.blocks.14.norm1.bias:decay_mult=0.0
2025/02/25 15:14:56 - mmengine - INFO - paramwise_options -- backbone.stages.2.blocks.14.attn.w_msa.relative_position_bias_table:lr=1e-05
2025/02/25 15:14:56 - mmengine - INFO - paramwise_options -- backbone.stages.2.blocks.14.attn.w_msa.relative_position_bias_table:weight_decay=0.0
2025/02/25 15:14:56 - mmengine - INFO - paramwise_options -- backbone.stages.2.blocks.14.attn.w_msa.relative_position_bias_table:lr_mult=0.1
2025/02/25 15:14:56 - mmengine - INFO - paramwise_options -- backbone.stages.2.blocks.14.attn.w_msa.relative_position_bias_table:decay_mult=0.0
2025/02/25 15:14:56 - mmengine - INFO - paramwise_options -- backbone.stages.2.blocks.14.attn.w_msa.qkv.weight:lr=1e-05
2025/02/25 15:14:56 - mmengine - INFO - paramwise_options -- backbone.stages.2.blocks.14.attn.w_msa.qkv.weight:weight_decay=0.05
2025/02/25 15:14:56 - mmengine - INFO - paramwise_options -- backbone.stages.2.blocks.14.attn.w_msa.qkv.weight:lr_mult=0.1
2025/02/25 15:14:56 - mmengine - INFO - paramwise_options -- backbone.stages.2.blocks.14.attn.w_msa.qkv.weight:decay_mult=1.0
2025/02/25 15:14:56 - mmengine - INFO - paramwise_options -- backbone.stages.2.blocks.14.attn.w_msa.qkv.bias:lr=1e-05
2025/02/25 15:14:56 - mmengine - INFO - paramwise_options -- backbone.stages.2.blocks.14.attn.w_msa.qkv.bias:weight_decay=0.05
2025/02/25 15:14:56 - mmengine - INFO - paramwise_options -- backbone.stages.2.blocks.14.attn.w_msa.qkv.bias:lr_mult=0.1
2025/02/25 15:14:56 - mmengine - INFO - paramwise_options -- backbone.stages.2.blocks.14.attn.w_msa.qkv.bias:decay_mult=1.0
2025/02/25 15:14:56 - mmengine - INFO - paramwise_options -- backbone.stages.2.blocks.14.attn.w_msa.proj.weight:lr=1e-05
2025/02/25 15:14:56 - mmengine - INFO - paramwise_options -- backbone.stages.2.blocks.14.attn.w_msa.proj.weight:weight_decay=0.05
2025/02/25 15:14:56 - mmengine - INFO - paramwise_options -- backbone.stages.2.blocks.14.attn.w_msa.proj.weight:lr_mult=0.1
2025/02/25 15:14:56 - mmengine - INFO - paramwise_options -- backbone.stages.2.blocks.14.attn.w_msa.proj.weight:decay_mult=1.0
2025/02/25 15:14:56 - mmengine - INFO - paramwise_options -- backbone.stages.2.blocks.14.attn.w_msa.proj.bias:lr=1e-05
2025/02/25 15:14:56 - mmengine - INFO - paramwise_options -- backbone.stages.2.blocks.14.attn.w_msa.proj.bias:weight_decay=0.05
2025/02/25 15:14:56 - mmengine - INFO - paramwise_options -- backbone.stages.2.blocks.14.attn.w_msa.proj.bias:lr_mult=0.1
2025/02/25 15:14:56 - mmengine - INFO - paramwise_options -- backbone.stages.2.blocks.14.attn.w_msa.proj.bias:decay_mult=1.0
2025/02/25 15:14:56 - mmengine - INFO - paramwise_options -- backbone.stages.2.blocks.14.norm2.weight:lr=1e-05
2025/02/25 15:14:56 - mmengine - INFO - paramwise_options -- backbone.stages.2.blocks.14.norm2.weight:weight_decay=0.0
2025/02/25 15:14:56 - mmengine - INFO - paramwise_options -- backbone.stages.2.blocks.14.norm2.weight:lr_mult=0.1
2025/02/25 15:14:56 - mmengine - INFO - paramwise_options -- backbone.stages.2.blocks.14.norm2.weight:decay_mult=0.0
2025/02/25 15:14:56 - mmengine - INFO - paramwise_options -- backbone.stages.2.blocks.14.norm2.bias:lr=1e-05
2025/02/25 15:14:56 - mmengine - INFO - paramwise_options -- backbone.stages.2.blocks.14.norm2.bias:weight_decay=0.0
2025/02/25 15:14:56 - mmengine - INFO - paramwise_options -- backbone.stages.2.blocks.14.norm2.bias:lr_mult=0.1
2025/02/25 15:14:56 - mmengine - INFO - paramwise_options -- backbone.stages.2.blocks.14.norm2.bias:decay_mult=0.0
2025/02/25 15:14:56 - mmengine - INFO - paramwise_options -- backbone.stages.2.blocks.14.ffn.layers.0.0.weight:lr=1e-05
2025/02/25 15:14:56 - mmengine - INFO - paramwise_options -- backbone.stages.2.blocks.14.ffn.layers.0.0.weight:weight_decay=0.05
2025/02/25 15:14:56 - mmengine - INFO - paramwise_options -- backbone.stages.2.blocks.14.ffn.layers.0.0.weight:lr_mult=0.1
2025/02/25 15:14:56 - mmengine - INFO - paramwise_options -- backbone.stages.2.blocks.14.ffn.layers.0.0.weight:decay_mult=1.0
2025/02/25 15:14:56 - mmengine - INFO - paramwise_options -- backbone.stages.2.blocks.14.ffn.layers.0.0.bias:lr=1e-05
2025/02/25 15:14:56 - mmengine - INFO - paramwise_options -- backbone.stages.2.blocks.14.ffn.layers.0.0.bias:weight_decay=0.05
2025/02/25 15:14:56 - mmengine - INFO - paramwise_options -- backbone.stages.2.blocks.14.ffn.layers.0.0.bias:lr_mult=0.1
2025/02/25 15:14:56 - mmengine - INFO - paramwise_options -- backbone.stages.2.blocks.14.ffn.layers.0.0.bias:decay_mult=1.0
2025/02/25 15:14:56 - mmengine - INFO - paramwise_options -- backbone.stages.2.blocks.14.ffn.layers.1.weight:lr=1e-05
2025/02/25 15:14:56 - mmengine - INFO - paramwise_options -- backbone.stages.2.blocks.14.ffn.layers.1.weight:weight_decay=0.05
2025/02/25 15:14:56 - mmengine - INFO - paramwise_options -- backbone.stages.2.blocks.14.ffn.layers.1.weight:lr_mult=0.1
2025/02/25 15:14:56 - mmengine - INFO - paramwise_options -- backbone.stages.2.blocks.14.ffn.layers.1.weight:decay_mult=1.0
2025/02/25 15:14:56 - mmengine - INFO - paramwise_options -- backbone.stages.2.blocks.14.ffn.layers.1.bias:lr=1e-05
2025/02/25 15:14:56 - mmengine - INFO - paramwise_options -- backbone.stages.2.blocks.14.ffn.layers.1.bias:weight_decay=0.05
2025/02/25 15:14:56 - mmengine - INFO - paramwise_options -- backbone.stages.2.blocks.14.ffn.layers.1.bias:lr_mult=0.1
2025/02/25 15:14:56 - mmengine - INFO - paramwise_options -- backbone.stages.2.blocks.14.ffn.layers.1.bias:decay_mult=1.0
2025/02/25 15:14:56 - mmengine - INFO - paramwise_options -- backbone.stages.2.blocks.15.norm1.weight:lr=1e-05
2025/02/25 15:14:56 - mmengine - INFO - paramwise_options -- backbone.stages.2.blocks.15.norm1.weight:weight_decay=0.0
2025/02/25 15:14:56 - mmengine - INFO - paramwise_options -- backbone.stages.2.blocks.15.norm1.weight:lr_mult=0.1
2025/02/25 15:14:56 - mmengine - INFO - paramwise_options -- backbone.stages.2.blocks.15.norm1.weight:decay_mult=0.0
2025/02/25 15:14:56 - mmengine - INFO - paramwise_options -- backbone.stages.2.blocks.15.norm1.bias:lr=1e-05
2025/02/25 15:14:56 - mmengine - INFO - paramwise_options -- backbone.stages.2.blocks.15.norm1.bias:weight_decay=0.0
2025/02/25 15:14:56 - mmengine - INFO - paramwise_options -- backbone.stages.2.blocks.15.norm1.bias:lr_mult=0.1
2025/02/25 15:14:56 - mmengine - INFO - paramwise_options -- backbone.stages.2.blocks.15.norm1.bias:decay_mult=0.0
2025/02/25 15:14:56 - mmengine - INFO - paramwise_options -- backbone.stages.2.blocks.15.attn.w_msa.relative_position_bias_table:lr=1e-05
2025/02/25 15:14:56 - mmengine - INFO - paramwise_options -- backbone.stages.2.blocks.15.attn.w_msa.relative_position_bias_table:weight_decay=0.0
2025/02/25 15:14:56 - mmengine - INFO - paramwise_options -- backbone.stages.2.blocks.15.attn.w_msa.relative_position_bias_table:lr_mult=0.1
2025/02/25 15:14:56 - mmengine - INFO - paramwise_options -- backbone.stages.2.blocks.15.attn.w_msa.relative_position_bias_table:decay_mult=0.0
2025/02/25 15:14:56 - mmengine - INFO - paramwise_options -- backbone.stages.2.blocks.15.attn.w_msa.qkv.weight:lr=1e-05
2025/02/25 15:14:56 - mmengine - INFO - paramwise_options -- backbone.stages.2.blocks.15.attn.w_msa.qkv.weight:weight_decay=0.05
2025/02/25 15:14:56 - mmengine - INFO - paramwise_options -- backbone.stages.2.blocks.15.attn.w_msa.qkv.weight:lr_mult=0.1
2025/02/25 15:14:56 - mmengine - INFO - paramwise_options -- backbone.stages.2.blocks.15.attn.w_msa.qkv.weight:decay_mult=1.0
2025/02/25 15:14:56 - mmengine - INFO - paramwise_options -- backbone.stages.2.blocks.15.attn.w_msa.qkv.bias:lr=1e-05
2025/02/25 15:14:56 - mmengine - INFO - paramwise_options -- backbone.stages.2.blocks.15.attn.w_msa.qkv.bias:weight_decay=0.05
2025/02/25 15:14:56 - mmengine - INFO - paramwise_options -- backbone.stages.2.blocks.15.attn.w_msa.qkv.bias:lr_mult=0.1
2025/02/25 15:14:56 - mmengine - INFO - paramwise_options -- backbone.stages.2.blocks.15.attn.w_msa.qkv.bias:decay_mult=1.0
2025/02/25 15:14:56 - mmengine - INFO - paramwise_options -- backbone.stages.2.blocks.15.attn.w_msa.proj.weight:lr=1e-05
2025/02/25 15:14:56 - mmengine - INFO - paramwise_options -- backbone.stages.2.blocks.15.attn.w_msa.proj.weight:weight_decay=0.05
2025/02/25 15:14:56 - mmengine - INFO - paramwise_options -- backbone.stages.2.blocks.15.attn.w_msa.proj.weight:lr_mult=0.1
2025/02/25 15:14:56 - mmengine - INFO - paramwise_options -- backbone.stages.2.blocks.15.attn.w_msa.proj.weight:decay_mult=1.0
2025/02/25 15:14:56 - mmengine - INFO - paramwise_options -- backbone.stages.2.blocks.15.attn.w_msa.proj.bias:lr=1e-05
2025/02/25 15:14:56 - mmengine - INFO - paramwise_options -- backbone.stages.2.blocks.15.attn.w_msa.proj.bias:weight_decay=0.05
2025/02/25 15:14:56 - mmengine - INFO - paramwise_options -- backbone.stages.2.blocks.15.attn.w_msa.proj.bias:lr_mult=0.1
2025/02/25 15:14:56 - mmengine - INFO - paramwise_options -- backbone.stages.2.blocks.15.attn.w_msa.proj.bias:decay_mult=1.0
2025/02/25 15:14:56 - mmengine - INFO - paramwise_options -- backbone.stages.2.blocks.15.norm2.weight:lr=1e-05
2025/02/25 15:14:56 - mmengine - INFO - paramwise_options -- backbone.stages.2.blocks.15.norm2.weight:weight_decay=0.0
2025/02/25 15:14:56 - mmengine - INFO - paramwise_options -- backbone.stages.2.blocks.15.norm2.weight:lr_mult=0.1
2025/02/25 15:14:56 - mmengine - INFO - paramwise_options -- backbone.stages.2.blocks.15.norm2.weight:decay_mult=0.0
2025/02/25 15:14:56 - mmengine - INFO - paramwise_options -- backbone.stages.2.blocks.15.norm2.bias:lr=1e-05
2025/02/25 15:14:56 - mmengine - INFO - paramwise_options -- backbone.stages.2.blocks.15.norm2.bias:weight_decay=0.0
2025/02/25 15:14:56 - mmengine - INFO - paramwise_options -- backbone.stages.2.blocks.15.norm2.bias:lr_mult=0.1
2025/02/25 15:14:56 - mmengine - INFO - paramwise_options -- backbone.stages.2.blocks.15.norm2.bias:decay_mult=0.0
2025/02/25 15:14:56 - mmengine - INFO - paramwise_options -- backbone.stages.2.blocks.15.ffn.layers.0.0.weight:lr=1e-05
2025/02/25 15:14:56 - mmengine - INFO - paramwise_options -- backbone.stages.2.blocks.15.ffn.layers.0.0.weight:weight_decay=0.05
2025/02/25 15:14:56 - mmengine - INFO - paramwise_options -- backbone.stages.2.blocks.15.ffn.layers.0.0.weight:lr_mult=0.1
2025/02/25 15:14:56 - mmengine - INFO - paramwise_options -- backbone.stages.2.blocks.15.ffn.layers.0.0.weight:decay_mult=1.0
2025/02/25 15:14:56 - mmengine - INFO - paramwise_options -- backbone.stages.2.blocks.15.ffn.layers.0.0.bias:lr=1e-05
2025/02/25 15:14:56 - mmengine - INFO - paramwise_options -- backbone.stages.2.blocks.15.ffn.layers.0.0.bias:weight_decay=0.05
2025/02/25 15:14:56 - mmengine - INFO - paramwise_options -- backbone.stages.2.blocks.15.ffn.layers.0.0.bias:lr_mult=0.1
2025/02/25 15:14:56 - mmengine - INFO - paramwise_options -- backbone.stages.2.blocks.15.ffn.layers.0.0.bias:decay_mult=1.0
2025/02/25 15:14:56 - mmengine - INFO - paramwise_options -- backbone.stages.2.blocks.15.ffn.layers.1.weight:lr=1e-05
2025/02/25 15:14:56 - mmengine - INFO - paramwise_options -- backbone.stages.2.blocks.15.ffn.layers.1.weight:weight_decay=0.05
2025/02/25 15:14:56 - mmengine - INFO - paramwise_options -- backbone.stages.2.blocks.15.ffn.layers.1.weight:lr_mult=0.1
2025/02/25 15:14:56 - mmengine - INFO - paramwise_options -- backbone.stages.2.blocks.15.ffn.layers.1.weight:decay_mult=1.0
2025/02/25 15:14:56 - mmengine - INFO - paramwise_options -- backbone.stages.2.blocks.15.ffn.layers.1.bias:lr=1e-05
2025/02/25 15:14:56 - mmengine - INFO - paramwise_options -- backbone.stages.2.blocks.15.ffn.layers.1.bias:weight_decay=0.05
2025/02/25 15:14:56 - mmengine - INFO - paramwise_options -- backbone.stages.2.blocks.15.ffn.layers.1.bias:lr_mult=0.1
2025/02/25 15:14:56 - mmengine - INFO - paramwise_options -- backbone.stages.2.blocks.15.ffn.layers.1.bias:decay_mult=1.0
2025/02/25 15:14:56 - mmengine - INFO - paramwise_options -- backbone.stages.2.blocks.16.norm1.weight:lr=1e-05
2025/02/25 15:14:56 - mmengine - INFO - paramwise_options -- backbone.stages.2.blocks.16.norm1.weight:weight_decay=0.0
2025/02/25 15:14:56 - mmengine - INFO - paramwise_options -- backbone.stages.2.blocks.16.norm1.weight:lr_mult=0.1
2025/02/25 15:14:56 - mmengine - INFO - paramwise_options -- backbone.stages.2.blocks.16.norm1.weight:decay_mult=0.0
2025/02/25 15:14:56 - mmengine - INFO - paramwise_options -- backbone.stages.2.blocks.16.norm1.bias:lr=1e-05
2025/02/25 15:14:56 - mmengine - INFO - paramwise_options -- backbone.stages.2.blocks.16.norm1.bias:weight_decay=0.0
2025/02/25 15:14:56 - mmengine - INFO - paramwise_options -- backbone.stages.2.blocks.16.norm1.bias:lr_mult=0.1
2025/02/25 15:14:56 - mmengine - INFO - paramwise_options -- backbone.stages.2.blocks.16.norm1.bias:decay_mult=0.0
2025/02/25 15:14:56 - mmengine - INFO - paramwise_options -- backbone.stages.2.blocks.16.attn.w_msa.relative_position_bias_table:lr=1e-05
2025/02/25 15:14:56 - mmengine - INFO - paramwise_options -- backbone.stages.2.blocks.16.attn.w_msa.relative_position_bias_table:weight_decay=0.0
2025/02/25 15:14:56 - mmengine - INFO - paramwise_options -- backbone.stages.2.blocks.16.attn.w_msa.relative_position_bias_table:lr_mult=0.1
2025/02/25 15:14:56 - mmengine - INFO - paramwise_options -- backbone.stages.2.blocks.16.attn.w_msa.relative_position_bias_table:decay_mult=0.0
2025/02/25 15:14:56 - mmengine - INFO - paramwise_options -- backbone.stages.2.blocks.16.attn.w_msa.qkv.weight:lr=1e-05
2025/02/25 15:14:56 - mmengine - INFO - paramwise_options -- backbone.stages.2.blocks.16.attn.w_msa.qkv.weight:weight_decay=0.05
2025/02/25 15:14:56 - mmengine - INFO - paramwise_options -- backbone.stages.2.blocks.16.attn.w_msa.qkv.weight:lr_mult=0.1
2025/02/25 15:14:56 - mmengine - INFO - paramwise_options -- backbone.stages.2.blocks.16.attn.w_msa.qkv.weight:decay_mult=1.0
2025/02/25 15:14:56 - mmengine - INFO - paramwise_options -- backbone.stages.2.blocks.16.attn.w_msa.qkv.bias:lr=1e-05
2025/02/25 15:14:56 - mmengine - INFO - paramwise_options -- backbone.stages.2.blocks.16.attn.w_msa.qkv.bias:weight_decay=0.05
2025/02/25 15:14:56 - mmengine - INFO - paramwise_options -- backbone.stages.2.blocks.16.attn.w_msa.qkv.bias:lr_mult=0.1
2025/02/25 15:14:56 - mmengine - INFO - paramwise_options -- backbone.stages.2.blocks.16.attn.w_msa.qkv.bias:decay_mult=1.0
2025/02/25 15:14:56 - mmengine - INFO - paramwise_options -- backbone.stages.2.blocks.16.attn.w_msa.proj.weight:lr=1e-05
2025/02/25 15:14:56 - mmengine - INFO - paramwise_options -- backbone.stages.2.blocks.16.attn.w_msa.proj.weight:weight_decay=0.05
2025/02/25 15:14:56 - mmengine - INFO - paramwise_options -- backbone.stages.2.blocks.16.attn.w_msa.proj.weight:lr_mult=0.1
2025/02/25 15:14:56 - mmengine - INFO - paramwise_options -- backbone.stages.2.blocks.16.attn.w_msa.proj.weight:decay_mult=1.0
2025/02/25 15:14:56 - mmengine - INFO - paramwise_options -- backbone.stages.2.blocks.16.attn.w_msa.proj.bias:lr=1e-05
2025/02/25 15:14:56 - mmengine - INFO - paramwise_options -- backbone.stages.2.blocks.16.attn.w_msa.proj.bias:weight_decay=0.05
2025/02/25 15:14:56 - mmengine - INFO - paramwise_options -- backbone.stages.2.blocks.16.attn.w_msa.proj.bias:lr_mult=0.1
2025/02/25 15:14:56 - mmengine - INFO - paramwise_options -- backbone.stages.2.blocks.16.attn.w_msa.proj.bias:decay_mult=1.0
2025/02/25 15:14:56 - mmengine - INFO - paramwise_options -- backbone.stages.2.blocks.16.norm2.weight:lr=1e-05
2025/02/25 15:14:56 - mmengine - INFO - paramwise_options -- backbone.stages.2.blocks.16.norm2.weight:weight_decay=0.0
2025/02/25 15:14:56 - mmengine - INFO - paramwise_options -- backbone.stages.2.blocks.16.norm2.weight:lr_mult=0.1
2025/02/25 15:14:56 - mmengine - INFO - paramwise_options -- backbone.stages.2.blocks.16.norm2.weight:decay_mult=0.0
2025/02/25 15:14:56 - mmengine - INFO - paramwise_options -- backbone.stages.2.blocks.16.norm2.bias:lr=1e-05
2025/02/25 15:14:56 - mmengine - INFO - paramwise_options -- backbone.stages.2.blocks.16.norm2.bias:weight_decay=0.0
2025/02/25 15:14:56 - mmengine - INFO - paramwise_options -- backbone.stages.2.blocks.16.norm2.bias:lr_mult=0.1
2025/02/25 15:14:56 - mmengine - INFO - paramwise_options -- backbone.stages.2.blocks.16.norm2.bias:decay_mult=0.0
2025/02/25 15:14:56 - mmengine - INFO - paramwise_options -- backbone.stages.2.blocks.16.ffn.layers.0.0.weight:lr=1e-05
2025/02/25 15:14:56 - mmengine - INFO - paramwise_options -- backbone.stages.2.blocks.16.ffn.layers.0.0.weight:weight_decay=0.05
2025/02/25 15:14:56 - mmengine - INFO - paramwise_options -- backbone.stages.2.blocks.16.ffn.layers.0.0.weight:lr_mult=0.1
2025/02/25 15:14:56 - mmengine - INFO - paramwise_options -- backbone.stages.2.blocks.16.ffn.layers.0.0.weight:decay_mult=1.0
2025/02/25 15:14:56 - mmengine - INFO - paramwise_options -- backbone.stages.2.blocks.16.ffn.layers.0.0.bias:lr=1e-05
2025/02/25 15:14:56 - mmengine - INFO - paramwise_options -- backbone.stages.2.blocks.16.ffn.layers.0.0.bias:weight_decay=0.05
2025/02/25 15:14:56 - mmengine - INFO - paramwise_options -- backbone.stages.2.blocks.16.ffn.layers.0.0.bias:lr_mult=0.1
2025/02/25 15:14:56 - mmengine - INFO - paramwise_options -- backbone.stages.2.blocks.16.ffn.layers.0.0.bias:decay_mult=1.0
2025/02/25 15:14:56 - mmengine - INFO - paramwise_options -- backbone.stages.2.blocks.16.ffn.layers.1.weight:lr=1e-05
2025/02/25 15:14:56 - mmengine - INFO - paramwise_options -- backbone.stages.2.blocks.16.ffn.layers.1.weight:weight_decay=0.05
2025/02/25 15:14:56 - mmengine - INFO - paramwise_options -- backbone.stages.2.blocks.16.ffn.layers.1.weight:lr_mult=0.1
2025/02/25 15:14:56 - mmengine - INFO - paramwise_options -- backbone.stages.2.blocks.16.ffn.layers.1.weight:decay_mult=1.0
2025/02/25 15:14:56 - mmengine - INFO - paramwise_options -- backbone.stages.2.blocks.16.ffn.layers.1.bias:lr=1e-05
2025/02/25 15:14:56 - mmengine - INFO - paramwise_options -- backbone.stages.2.blocks.16.ffn.layers.1.bias:weight_decay=0.05
2025/02/25 15:14:56 - mmengine - INFO - paramwise_options -- backbone.stages.2.blocks.16.ffn.layers.1.bias:lr_mult=0.1
2025/02/25 15:14:56 - mmengine - INFO - paramwise_options -- backbone.stages.2.blocks.16.ffn.layers.1.bias:decay_mult=1.0
2025/02/25 15:14:56 - mmengine - INFO - paramwise_options -- backbone.stages.2.blocks.17.norm1.weight:lr=1e-05
2025/02/25 15:14:56 - mmengine - INFO - paramwise_options -- backbone.stages.2.blocks.17.norm1.weight:weight_decay=0.0
2025/02/25 15:14:56 - mmengine - INFO - paramwise_options -- backbone.stages.2.blocks.17.norm1.weight:lr_mult=0.1
2025/02/25 15:14:56 - mmengine - INFO - paramwise_options -- backbone.stages.2.blocks.17.norm1.weight:decay_mult=0.0
2025/02/25 15:14:56 - mmengine - INFO - paramwise_options -- backbone.stages.2.blocks.17.norm1.bias:lr=1e-05
2025/02/25 15:14:56 - mmengine - INFO - paramwise_options -- backbone.stages.2.blocks.17.norm1.bias:weight_decay=0.0
2025/02/25 15:14:56 - mmengine - INFO - paramwise_options -- backbone.stages.2.blocks.17.norm1.bias:lr_mult=0.1
2025/02/25 15:14:56 - mmengine - INFO - paramwise_options -- backbone.stages.2.blocks.17.norm1.bias:decay_mult=0.0
2025/02/25 15:14:56 - mmengine - INFO - paramwise_options -- backbone.stages.2.blocks.17.attn.w_msa.relative_position_bias_table:lr=1e-05
2025/02/25 15:14:56 - mmengine - INFO - paramwise_options -- backbone.stages.2.blocks.17.attn.w_msa.relative_position_bias_table:weight_decay=0.0
2025/02/25 15:14:56 - mmengine - INFO - paramwise_options -- backbone.stages.2.blocks.17.attn.w_msa.relative_position_bias_table:lr_mult=0.1
2025/02/25 15:14:56 - mmengine - INFO - paramwise_options -- backbone.stages.2.blocks.17.attn.w_msa.relative_position_bias_table:decay_mult=0.0
2025/02/25 15:14:56 - mmengine - INFO - paramwise_options -- backbone.stages.2.blocks.17.attn.w_msa.qkv.weight:lr=1e-05
2025/02/25 15:14:56 - mmengine - INFO - paramwise_options -- backbone.stages.2.blocks.17.attn.w_msa.qkv.weight:weight_decay=0.05
2025/02/25 15:14:56 - mmengine - INFO - paramwise_options -- backbone.stages.2.blocks.17.attn.w_msa.qkv.weight:lr_mult=0.1
2025/02/25 15:14:56 - mmengine - INFO - paramwise_options -- backbone.stages.2.blocks.17.attn.w_msa.qkv.weight:decay_mult=1.0
2025/02/25 15:14:56 - mmengine - INFO - paramwise_options -- backbone.stages.2.blocks.17.attn.w_msa.qkv.bias:lr=1e-05
2025/02/25 15:14:56 - mmengine - INFO - paramwise_options -- backbone.stages.2.blocks.17.attn.w_msa.qkv.bias:weight_decay=0.05
2025/02/25 15:14:56 - mmengine - INFO - paramwise_options -- backbone.stages.2.blocks.17.attn.w_msa.qkv.bias:lr_mult=0.1
2025/02/25 15:14:56 - mmengine - INFO - paramwise_options -- backbone.stages.2.blocks.17.attn.w_msa.qkv.bias:decay_mult=1.0
2025/02/25 15:14:56 - mmengine - INFO - paramwise_options -- backbone.stages.2.blocks.17.attn.w_msa.proj.weight:lr=1e-05
2025/02/25 15:14:56 - mmengine - INFO - paramwise_options -- backbone.stages.2.blocks.17.attn.w_msa.proj.weight:weight_decay=0.05
2025/02/25 15:14:56 - mmengine - INFO - paramwise_options -- backbone.stages.2.blocks.17.attn.w_msa.proj.weight:lr_mult=0.1
2025/02/25 15:14:56 - mmengine - INFO - paramwise_options -- backbone.stages.2.blocks.17.attn.w_msa.proj.weight:decay_mult=1.0
2025/02/25 15:14:56 - mmengine - INFO - paramwise_options -- backbone.stages.2.blocks.17.attn.w_msa.proj.bias:lr=1e-05
2025/02/25 15:14:56 - mmengine - INFO - paramwise_options -- backbone.stages.2.blocks.17.attn.w_msa.proj.bias:weight_decay=0.05
2025/02/25 15:14:56 - mmengine - INFO - paramwise_options -- backbone.stages.2.blocks.17.attn.w_msa.proj.bias:lr_mult=0.1
2025/02/25 15:14:56 - mmengine - INFO - paramwise_options -- backbone.stages.2.blocks.17.attn.w_msa.proj.bias:decay_mult=1.0
2025/02/25 15:14:56 - mmengine - INFO - paramwise_options -- backbone.stages.2.blocks.17.norm2.weight:lr=1e-05
2025/02/25 15:14:56 - mmengine - INFO - paramwise_options -- backbone.stages.2.blocks.17.norm2.weight:weight_decay=0.0
2025/02/25 15:14:56 - mmengine - INFO - paramwise_options -- backbone.stages.2.blocks.17.norm2.weight:lr_mult=0.1
2025/02/25 15:14:56 - mmengine - INFO - paramwise_options -- backbone.stages.2.blocks.17.norm2.weight:decay_mult=0.0
2025/02/25 15:14:56 - mmengine - INFO - paramwise_options -- backbone.stages.2.blocks.17.norm2.bias:lr=1e-05
2025/02/25 15:14:56 - mmengine - INFO - paramwise_options -- backbone.stages.2.blocks.17.norm2.bias:weight_decay=0.0
2025/02/25 15:14:56 - mmengine - INFO - paramwise_options -- backbone.stages.2.blocks.17.norm2.bias:lr_mult=0.1
2025/02/25 15:14:56 - mmengine - INFO - paramwise_options -- backbone.stages.2.blocks.17.norm2.bias:decay_mult=0.0
2025/02/25 15:14:56 - mmengine - INFO - paramwise_options -- backbone.stages.2.blocks.17.ffn.layers.0.0.weight:lr=1e-05
2025/02/25 15:14:56 - mmengine - INFO - paramwise_options -- backbone.stages.2.blocks.17.ffn.layers.0.0.weight:weight_decay=0.05
2025/02/25 15:14:56 - mmengine - INFO - paramwise_options -- backbone.stages.2.blocks.17.ffn.layers.0.0.weight:lr_mult=0.1
2025/02/25 15:14:56 - mmengine - INFO - paramwise_options -- backbone.stages.2.blocks.17.ffn.layers.0.0.weight:decay_mult=1.0
2025/02/25 15:14:56 - mmengine - INFO - paramwise_options -- backbone.stages.2.blocks.17.ffn.layers.0.0.bias:lr=1e-05
2025/02/25 15:14:56 - mmengine - INFO - paramwise_options -- backbone.stages.2.blocks.17.ffn.layers.0.0.bias:weight_decay=0.05
2025/02/25 15:14:56 - mmengine - INFO - paramwise_options -- backbone.stages.2.blocks.17.ffn.layers.0.0.bias:lr_mult=0.1
2025/02/25 15:14:56 - mmengine - INFO - paramwise_options -- backbone.stages.2.blocks.17.ffn.layers.0.0.bias:decay_mult=1.0
2025/02/25 15:14:56 - mmengine - INFO - paramwise_options -- backbone.stages.2.blocks.17.ffn.layers.1.weight:lr=1e-05
2025/02/25 15:14:56 - mmengine - INFO - paramwise_options -- backbone.stages.2.blocks.17.ffn.layers.1.weight:weight_decay=0.05
2025/02/25 15:14:56 - mmengine - INFO - paramwise_options -- backbone.stages.2.blocks.17.ffn.layers.1.weight:lr_mult=0.1
2025/02/25 15:14:56 - mmengine - INFO - paramwise_options -- backbone.stages.2.blocks.17.ffn.layers.1.weight:decay_mult=1.0
2025/02/25 15:14:56 - mmengine - INFO - paramwise_options -- backbone.stages.2.blocks.17.ffn.layers.1.bias:lr=1e-05
2025/02/25 15:14:56 - mmengine - INFO - paramwise_options -- backbone.stages.2.blocks.17.ffn.layers.1.bias:weight_decay=0.05
2025/02/25 15:14:56 - mmengine - INFO - paramwise_options -- backbone.stages.2.blocks.17.ffn.layers.1.bias:lr_mult=0.1
2025/02/25 15:14:56 - mmengine - INFO - paramwise_options -- backbone.stages.2.blocks.17.ffn.layers.1.bias:decay_mult=1.0
2025/02/25 15:14:56 - mmengine - INFO - paramwise_options -- backbone.stages.2.downsample.norm.weight:lr=1e-05
2025/02/25 15:14:56 - mmengine - INFO - paramwise_options -- backbone.stages.2.downsample.norm.weight:weight_decay=0.0
2025/02/25 15:14:56 - mmengine - INFO - paramwise_options -- backbone.stages.2.downsample.norm.weight:lr_mult=0.1
2025/02/25 15:14:56 - mmengine - INFO - paramwise_options -- backbone.stages.2.downsample.norm.weight:decay_mult=0.0
2025/02/25 15:14:56 - mmengine - INFO - paramwise_options -- backbone.stages.2.downsample.norm.bias:lr=1e-05
2025/02/25 15:14:56 - mmengine - INFO - paramwise_options -- backbone.stages.2.downsample.norm.bias:weight_decay=0.0
2025/02/25 15:14:56 - mmengine - INFO - paramwise_options -- backbone.stages.2.downsample.norm.bias:lr_mult=0.1
2025/02/25 15:14:56 - mmengine - INFO - paramwise_options -- backbone.stages.2.downsample.norm.bias:decay_mult=0.0
2025/02/25 15:14:56 - mmengine - INFO - paramwise_options -- backbone.stages.2.downsample.reduction.weight:lr=1e-05
2025/02/25 15:14:56 - mmengine - INFO - paramwise_options -- backbone.stages.2.downsample.reduction.weight:weight_decay=0.05
2025/02/25 15:14:56 - mmengine - INFO - paramwise_options -- backbone.stages.2.downsample.reduction.weight:lr_mult=0.1
2025/02/25 15:14:56 - mmengine - INFO - paramwise_options -- backbone.stages.2.downsample.reduction.weight:decay_mult=1.0
2025/02/25 15:14:56 - mmengine - INFO - paramwise_options -- backbone.stages.3.blocks.0.norm1.weight:lr=1e-05
2025/02/25 15:14:56 - mmengine - INFO - paramwise_options -- backbone.stages.3.blocks.0.norm1.weight:weight_decay=0.0
2025/02/25 15:14:56 - mmengine - INFO - paramwise_options -- backbone.stages.3.blocks.0.norm1.weight:lr_mult=0.1
2025/02/25 15:14:56 - mmengine - INFO - paramwise_options -- backbone.stages.3.blocks.0.norm1.weight:decay_mult=0.0
2025/02/25 15:14:56 - mmengine - INFO - paramwise_options -- backbone.stages.3.blocks.0.norm1.bias:lr=1e-05
2025/02/25 15:14:56 - mmengine - INFO - paramwise_options -- backbone.stages.3.blocks.0.norm1.bias:weight_decay=0.0
2025/02/25 15:14:56 - mmengine - INFO - paramwise_options -- backbone.stages.3.blocks.0.norm1.bias:lr_mult=0.1
2025/02/25 15:14:56 - mmengine - INFO - paramwise_options -- backbone.stages.3.blocks.0.norm1.bias:decay_mult=0.0
2025/02/25 15:14:56 - mmengine - INFO - paramwise_options -- backbone.stages.3.blocks.0.attn.w_msa.relative_position_bias_table:lr=1e-05
2025/02/25 15:14:56 - mmengine - INFO - paramwise_options -- backbone.stages.3.blocks.0.attn.w_msa.relative_position_bias_table:weight_decay=0.0
2025/02/25 15:14:56 - mmengine - INFO - paramwise_options -- backbone.stages.3.blocks.0.attn.w_msa.relative_position_bias_table:lr_mult=0.1
2025/02/25 15:14:56 - mmengine - INFO - paramwise_options -- backbone.stages.3.blocks.0.attn.w_msa.relative_position_bias_table:decay_mult=0.0
2025/02/25 15:14:56 - mmengine - INFO - paramwise_options -- backbone.stages.3.blocks.0.attn.w_msa.qkv.weight:lr=1e-05
2025/02/25 15:14:56 - mmengine - INFO - paramwise_options -- backbone.stages.3.blocks.0.attn.w_msa.qkv.weight:weight_decay=0.05
2025/02/25 15:14:56 - mmengine - INFO - paramwise_options -- backbone.stages.3.blocks.0.attn.w_msa.qkv.weight:lr_mult=0.1
2025/02/25 15:14:56 - mmengine - INFO - paramwise_options -- backbone.stages.3.blocks.0.attn.w_msa.qkv.weight:decay_mult=1.0
2025/02/25 15:14:56 - mmengine - INFO - paramwise_options -- backbone.stages.3.blocks.0.attn.w_msa.qkv.bias:lr=1e-05
2025/02/25 15:14:56 - mmengine - INFO - paramwise_options -- backbone.stages.3.blocks.0.attn.w_msa.qkv.bias:weight_decay=0.05
2025/02/25 15:14:56 - mmengine - INFO - paramwise_options -- backbone.stages.3.blocks.0.attn.w_msa.qkv.bias:lr_mult=0.1
2025/02/25 15:14:56 - mmengine - INFO - paramwise_options -- backbone.stages.3.blocks.0.attn.w_msa.qkv.bias:decay_mult=1.0
2025/02/25 15:14:56 - mmengine - INFO - paramwise_options -- backbone.stages.3.blocks.0.attn.w_msa.proj.weight:lr=1e-05
2025/02/25 15:14:56 - mmengine - INFO - paramwise_options -- backbone.stages.3.blocks.0.attn.w_msa.proj.weight:weight_decay=0.05
2025/02/25 15:14:56 - mmengine - INFO - paramwise_options -- backbone.stages.3.blocks.0.attn.w_msa.proj.weight:lr_mult=0.1
2025/02/25 15:14:56 - mmengine - INFO - paramwise_options -- backbone.stages.3.blocks.0.attn.w_msa.proj.weight:decay_mult=1.0
2025/02/25 15:14:56 - mmengine - INFO - paramwise_options -- backbone.stages.3.blocks.0.attn.w_msa.proj.bias:lr=1e-05
2025/02/25 15:14:56 - mmengine - INFO - paramwise_options -- backbone.stages.3.blocks.0.attn.w_msa.proj.bias:weight_decay=0.05
2025/02/25 15:14:56 - mmengine - INFO - paramwise_options -- backbone.stages.3.blocks.0.attn.w_msa.proj.bias:lr_mult=0.1
2025/02/25 15:14:56 - mmengine - INFO - paramwise_options -- backbone.stages.3.blocks.0.attn.w_msa.proj.bias:decay_mult=1.0
2025/02/25 15:14:56 - mmengine - INFO - paramwise_options -- backbone.stages.3.blocks.0.norm2.weight:lr=1e-05
2025/02/25 15:14:56 - mmengine - INFO - paramwise_options -- backbone.stages.3.blocks.0.norm2.weight:weight_decay=0.0
2025/02/25 15:14:56 - mmengine - INFO - paramwise_options -- backbone.stages.3.blocks.0.norm2.weight:lr_mult=0.1
2025/02/25 15:14:56 - mmengine - INFO - paramwise_options -- backbone.stages.3.blocks.0.norm2.weight:decay_mult=0.0
2025/02/25 15:14:56 - mmengine - INFO - paramwise_options -- backbone.stages.3.blocks.0.norm2.bias:lr=1e-05
2025/02/25 15:14:56 - mmengine - INFO - paramwise_options -- backbone.stages.3.blocks.0.norm2.bias:weight_decay=0.0
2025/02/25 15:14:56 - mmengine - INFO - paramwise_options -- backbone.stages.3.blocks.0.norm2.bias:lr_mult=0.1
2025/02/25 15:14:56 - mmengine - INFO - paramwise_options -- backbone.stages.3.blocks.0.norm2.bias:decay_mult=0.0
2025/02/25 15:14:56 - mmengine - INFO - paramwise_options -- backbone.stages.3.blocks.0.ffn.layers.0.0.weight:lr=1e-05
2025/02/25 15:14:56 - mmengine - INFO - paramwise_options -- backbone.stages.3.blocks.0.ffn.layers.0.0.weight:weight_decay=0.05
2025/02/25 15:14:56 - mmengine - INFO - paramwise_options -- backbone.stages.3.blocks.0.ffn.layers.0.0.weight:lr_mult=0.1
2025/02/25 15:14:56 - mmengine - INFO - paramwise_options -- backbone.stages.3.blocks.0.ffn.layers.0.0.weight:decay_mult=1.0
2025/02/25 15:14:56 - mmengine - INFO - paramwise_options -- backbone.stages.3.blocks.0.ffn.layers.0.0.bias:lr=1e-05
2025/02/25 15:14:56 - mmengine - INFO - paramwise_options -- backbone.stages.3.blocks.0.ffn.layers.0.0.bias:weight_decay=0.05
2025/02/25 15:14:56 - mmengine - INFO - paramwise_options -- backbone.stages.3.blocks.0.ffn.layers.0.0.bias:lr_mult=0.1
2025/02/25 15:14:56 - mmengine - INFO - paramwise_options -- backbone.stages.3.blocks.0.ffn.layers.0.0.bias:decay_mult=1.0
2025/02/25 15:14:56 - mmengine - INFO - paramwise_options -- backbone.stages.3.blocks.0.ffn.layers.1.weight:lr=1e-05
2025/02/25 15:14:56 - mmengine - INFO - paramwise_options -- backbone.stages.3.blocks.0.ffn.layers.1.weight:weight_decay=0.05
2025/02/25 15:14:56 - mmengine - INFO - paramwise_options -- backbone.stages.3.blocks.0.ffn.layers.1.weight:lr_mult=0.1
2025/02/25 15:14:56 - mmengine - INFO - paramwise_options -- backbone.stages.3.blocks.0.ffn.layers.1.weight:decay_mult=1.0
2025/02/25 15:14:56 - mmengine - INFO - paramwise_options -- backbone.stages.3.blocks.0.ffn.layers.1.bias:lr=1e-05
2025/02/25 15:14:56 - mmengine - INFO - paramwise_options -- backbone.stages.3.blocks.0.ffn.layers.1.bias:weight_decay=0.05
2025/02/25 15:14:56 - mmengine - INFO - paramwise_options -- backbone.stages.3.blocks.0.ffn.layers.1.bias:lr_mult=0.1
2025/02/25 15:14:56 - mmengine - INFO - paramwise_options -- backbone.stages.3.blocks.0.ffn.layers.1.bias:decay_mult=1.0
2025/02/25 15:14:56 - mmengine - INFO - paramwise_options -- backbone.stages.3.blocks.1.norm1.weight:lr=1e-05
2025/02/25 15:14:56 - mmengine - INFO - paramwise_options -- backbone.stages.3.blocks.1.norm1.weight:weight_decay=0.0
2025/02/25 15:14:56 - mmengine - INFO - paramwise_options -- backbone.stages.3.blocks.1.norm1.weight:lr_mult=0.1
2025/02/25 15:14:56 - mmengine - INFO - paramwise_options -- backbone.stages.3.blocks.1.norm1.weight:decay_mult=0.0
2025/02/25 15:14:56 - mmengine - INFO - paramwise_options -- backbone.stages.3.blocks.1.norm1.bias:lr=1e-05
2025/02/25 15:14:56 - mmengine - INFO - paramwise_options -- backbone.stages.3.blocks.1.norm1.bias:weight_decay=0.0
2025/02/25 15:14:56 - mmengine - INFO - paramwise_options -- backbone.stages.3.blocks.1.norm1.bias:lr_mult=0.1
2025/02/25 15:14:56 - mmengine - INFO - paramwise_options -- backbone.stages.3.blocks.1.norm1.bias:decay_mult=0.0
2025/02/25 15:14:56 - mmengine - INFO - paramwise_options -- backbone.stages.3.blocks.1.attn.w_msa.relative_position_bias_table:lr=1e-05
2025/02/25 15:14:56 - mmengine - INFO - paramwise_options -- backbone.stages.3.blocks.1.attn.w_msa.relative_position_bias_table:weight_decay=0.0
2025/02/25 15:14:56 - mmengine - INFO - paramwise_options -- backbone.stages.3.blocks.1.attn.w_msa.relative_position_bias_table:lr_mult=0.1
2025/02/25 15:14:56 - mmengine - INFO - paramwise_options -- backbone.stages.3.blocks.1.attn.w_msa.relative_position_bias_table:decay_mult=0.0
2025/02/25 15:14:56 - mmengine - INFO - paramwise_options -- backbone.stages.3.blocks.1.attn.w_msa.qkv.weight:lr=1e-05
2025/02/25 15:14:56 - mmengine - INFO - paramwise_options -- backbone.stages.3.blocks.1.attn.w_msa.qkv.weight:weight_decay=0.05
2025/02/25 15:14:56 - mmengine - INFO - paramwise_options -- backbone.stages.3.blocks.1.attn.w_msa.qkv.weight:lr_mult=0.1
2025/02/25 15:14:56 - mmengine - INFO - paramwise_options -- backbone.stages.3.blocks.1.attn.w_msa.qkv.weight:decay_mult=1.0
2025/02/25 15:14:56 - mmengine - INFO - paramwise_options -- backbone.stages.3.blocks.1.attn.w_msa.qkv.bias:lr=1e-05
2025/02/25 15:14:56 - mmengine - INFO - paramwise_options -- backbone.stages.3.blocks.1.attn.w_msa.qkv.bias:weight_decay=0.05
2025/02/25 15:14:56 - mmengine - INFO - paramwise_options -- backbone.stages.3.blocks.1.attn.w_msa.qkv.bias:lr_mult=0.1
2025/02/25 15:14:56 - mmengine - INFO - paramwise_options -- backbone.stages.3.blocks.1.attn.w_msa.qkv.bias:decay_mult=1.0
2025/02/25 15:14:56 - mmengine - INFO - paramwise_options -- backbone.stages.3.blocks.1.attn.w_msa.proj.weight:lr=1e-05
2025/02/25 15:14:56 - mmengine - INFO - paramwise_options -- backbone.stages.3.blocks.1.attn.w_msa.proj.weight:weight_decay=0.05
2025/02/25 15:14:56 - mmengine - INFO - paramwise_options -- backbone.stages.3.blocks.1.attn.w_msa.proj.weight:lr_mult=0.1
2025/02/25 15:14:56 - mmengine - INFO - paramwise_options -- backbone.stages.3.blocks.1.attn.w_msa.proj.weight:decay_mult=1.0
2025/02/25 15:14:56 - mmengine - INFO - paramwise_options -- backbone.stages.3.blocks.1.attn.w_msa.proj.bias:lr=1e-05
2025/02/25 15:14:56 - mmengine - INFO - paramwise_options -- backbone.stages.3.blocks.1.attn.w_msa.proj.bias:weight_decay=0.05
2025/02/25 15:14:56 - mmengine - INFO - paramwise_options -- backbone.stages.3.blocks.1.attn.w_msa.proj.bias:lr_mult=0.1
2025/02/25 15:14:56 - mmengine - INFO - paramwise_options -- backbone.stages.3.blocks.1.attn.w_msa.proj.bias:decay_mult=1.0
2025/02/25 15:14:56 - mmengine - INFO - paramwise_options -- backbone.stages.3.blocks.1.norm2.weight:lr=1e-05
2025/02/25 15:14:56 - mmengine - INFO - paramwise_options -- backbone.stages.3.blocks.1.norm2.weight:weight_decay=0.0
2025/02/25 15:14:56 - mmengine - INFO - paramwise_options -- backbone.stages.3.blocks.1.norm2.weight:lr_mult=0.1
2025/02/25 15:14:56 - mmengine - INFO - paramwise_options -- backbone.stages.3.blocks.1.norm2.weight:decay_mult=0.0
2025/02/25 15:14:56 - mmengine - INFO - paramwise_options -- backbone.stages.3.blocks.1.norm2.bias:lr=1e-05
2025/02/25 15:14:56 - mmengine - INFO - paramwise_options -- backbone.stages.3.blocks.1.norm2.bias:weight_decay=0.0
2025/02/25 15:14:56 - mmengine - INFO - paramwise_options -- backbone.stages.3.blocks.1.norm2.bias:lr_mult=0.1
2025/02/25 15:14:56 - mmengine - INFO - paramwise_options -- backbone.stages.3.blocks.1.norm2.bias:decay_mult=0.0
2025/02/25 15:14:56 - mmengine - INFO - paramwise_options -- backbone.stages.3.blocks.1.ffn.layers.0.0.weight:lr=1e-05
2025/02/25 15:14:56 - mmengine - INFO - paramwise_options -- backbone.stages.3.blocks.1.ffn.layers.0.0.weight:weight_decay=0.05
2025/02/25 15:14:56 - mmengine - INFO - paramwise_options -- backbone.stages.3.blocks.1.ffn.layers.0.0.weight:lr_mult=0.1
2025/02/25 15:14:56 - mmengine - INFO - paramwise_options -- backbone.stages.3.blocks.1.ffn.layers.0.0.weight:decay_mult=1.0
2025/02/25 15:14:56 - mmengine - INFO - paramwise_options -- backbone.stages.3.blocks.1.ffn.layers.0.0.bias:lr=1e-05
2025/02/25 15:14:56 - mmengine - INFO - paramwise_options -- backbone.stages.3.blocks.1.ffn.layers.0.0.bias:weight_decay=0.05
2025/02/25 15:14:56 - mmengine - INFO - paramwise_options -- backbone.stages.3.blocks.1.ffn.layers.0.0.bias:lr_mult=0.1
2025/02/25 15:14:56 - mmengine - INFO - paramwise_options -- backbone.stages.3.blocks.1.ffn.layers.0.0.bias:decay_mult=1.0
2025/02/25 15:14:56 - mmengine - INFO - paramwise_options -- backbone.stages.3.blocks.1.ffn.layers.1.weight:lr=1e-05
2025/02/25 15:14:56 - mmengine - INFO - paramwise_options -- backbone.stages.3.blocks.1.ffn.layers.1.weight:weight_decay=0.05
2025/02/25 15:14:56 - mmengine - INFO - paramwise_options -- backbone.stages.3.blocks.1.ffn.layers.1.weight:lr_mult=0.1
2025/02/25 15:14:56 - mmengine - INFO - paramwise_options -- backbone.stages.3.blocks.1.ffn.layers.1.weight:decay_mult=1.0
2025/02/25 15:14:56 - mmengine - INFO - paramwise_options -- backbone.stages.3.blocks.1.ffn.layers.1.bias:lr=1e-05
2025/02/25 15:14:56 - mmengine - INFO - paramwise_options -- backbone.stages.3.blocks.1.ffn.layers.1.bias:weight_decay=0.05
2025/02/25 15:14:56 - mmengine - INFO - paramwise_options -- backbone.stages.3.blocks.1.ffn.layers.1.bias:lr_mult=0.1
2025/02/25 15:14:56 - mmengine - INFO - paramwise_options -- backbone.stages.3.blocks.1.ffn.layers.1.bias:decay_mult=1.0
2025/02/25 15:14:56 - mmengine - INFO - paramwise_options -- backbone.norm0.weight:lr=1e-05
2025/02/25 15:14:56 - mmengine - INFO - paramwise_options -- backbone.norm0.weight:weight_decay=0.0
2025/02/25 15:14:56 - mmengine - INFO - paramwise_options -- backbone.norm0.weight:lr_mult=0.1
2025/02/25 15:14:56 - mmengine - INFO - paramwise_options -- backbone.norm0.weight:decay_mult=0.0
2025/02/25 15:14:56 - mmengine - INFO - paramwise_options -- backbone.norm0.bias:lr=1e-05
2025/02/25 15:14:56 - mmengine - INFO - paramwise_options -- backbone.norm0.bias:weight_decay=0.0
2025/02/25 15:14:56 - mmengine - INFO - paramwise_options -- backbone.norm0.bias:lr_mult=0.1
2025/02/25 15:14:56 - mmengine - INFO - paramwise_options -- backbone.norm0.bias:decay_mult=0.0
2025/02/25 15:14:56 - mmengine - INFO - paramwise_options -- backbone.norm1.weight:lr=1e-05
2025/02/25 15:14:56 - mmengine - INFO - paramwise_options -- backbone.norm1.weight:weight_decay=0.0
2025/02/25 15:14:56 - mmengine - INFO - paramwise_options -- backbone.norm1.weight:lr_mult=0.1
2025/02/25 15:14:56 - mmengine - INFO - paramwise_options -- backbone.norm1.weight:decay_mult=0.0
2025/02/25 15:14:56 - mmengine - INFO - paramwise_options -- backbone.norm1.bias:lr=1e-05
2025/02/25 15:14:56 - mmengine - INFO - paramwise_options -- backbone.norm1.bias:weight_decay=0.0
2025/02/25 15:14:56 - mmengine - INFO - paramwise_options -- backbone.norm1.bias:lr_mult=0.1
2025/02/25 15:14:56 - mmengine - INFO - paramwise_options -- backbone.norm1.bias:decay_mult=0.0
2025/02/25 15:14:56 - mmengine - INFO - paramwise_options -- backbone.norm2.weight:lr=1e-05
2025/02/25 15:14:56 - mmengine - INFO - paramwise_options -- backbone.norm2.weight:weight_decay=0.0
2025/02/25 15:14:56 - mmengine - INFO - paramwise_options -- backbone.norm2.weight:lr_mult=0.1
2025/02/25 15:14:56 - mmengine - INFO - paramwise_options -- backbone.norm2.weight:decay_mult=0.0
2025/02/25 15:14:56 - mmengine - INFO - paramwise_options -- backbone.norm2.bias:lr=1e-05
2025/02/25 15:14:56 - mmengine - INFO - paramwise_options -- backbone.norm2.bias:weight_decay=0.0
2025/02/25 15:14:56 - mmengine - INFO - paramwise_options -- backbone.norm2.bias:lr_mult=0.1
2025/02/25 15:14:56 - mmengine - INFO - paramwise_options -- backbone.norm2.bias:decay_mult=0.0
2025/02/25 15:14:56 - mmengine - INFO - paramwise_options -- backbone.norm3.weight:lr=1e-05
2025/02/25 15:14:56 - mmengine - INFO - paramwise_options -- backbone.norm3.weight:weight_decay=0.0
2025/02/25 15:14:56 - mmengine - INFO - paramwise_options -- backbone.norm3.weight:lr_mult=0.1
2025/02/25 15:14:56 - mmengine - INFO - paramwise_options -- backbone.norm3.weight:decay_mult=0.0
2025/02/25 15:14:56 - mmengine - INFO - paramwise_options -- backbone.norm3.bias:lr=1e-05
2025/02/25 15:14:56 - mmengine - INFO - paramwise_options -- backbone.norm3.bias:weight_decay=0.0
2025/02/25 15:14:56 - mmengine - INFO - paramwise_options -- backbone.norm3.bias:lr_mult=0.1
2025/02/25 15:14:56 - mmengine - INFO - paramwise_options -- backbone.norm3.bias:decay_mult=0.0
2025/02/25 15:14:56 - mmengine - INFO - paramwise_options -- decode_head.pixel_decoder.input_convs.0.gn.weight:weight_decay=0.0
2025/02/25 15:14:56 - mmengine - INFO - paramwise_options -- decode_head.pixel_decoder.input_convs.0.gn.bias:weight_decay=0.0
2025/02/25 15:14:56 - mmengine - INFO - paramwise_options -- decode_head.pixel_decoder.input_convs.1.gn.weight:weight_decay=0.0
2025/02/25 15:14:56 - mmengine - INFO - paramwise_options -- decode_head.pixel_decoder.input_convs.1.gn.bias:weight_decay=0.0
2025/02/25 15:14:56 - mmengine - INFO - paramwise_options -- decode_head.pixel_decoder.input_convs.2.gn.weight:weight_decay=0.0
2025/02/25 15:14:56 - mmengine - INFO - paramwise_options -- decode_head.pixel_decoder.input_convs.2.gn.bias:weight_decay=0.0
2025/02/25 15:14:56 - mmengine - INFO - paramwise_options -- decode_head.pixel_decoder.encoder.layers.0.norms.0.weight:weight_decay=0.0
2025/02/25 15:14:56 - mmengine - INFO - paramwise_options -- decode_head.pixel_decoder.encoder.layers.0.norms.0.bias:weight_decay=0.0
2025/02/25 15:14:56 - mmengine - INFO - paramwise_options -- decode_head.pixel_decoder.encoder.layers.0.norms.1.weight:weight_decay=0.0
2025/02/25 15:14:56 - mmengine - INFO - paramwise_options -- decode_head.pixel_decoder.encoder.layers.0.norms.1.bias:weight_decay=0.0
2025/02/25 15:14:56 - mmengine - INFO - paramwise_options -- decode_head.pixel_decoder.encoder.layers.1.norms.0.weight:weight_decay=0.0
2025/02/25 15:14:56 - mmengine - INFO - paramwise_options -- decode_head.pixel_decoder.encoder.layers.1.norms.0.bias:weight_decay=0.0
2025/02/25 15:14:56 - mmengine - INFO - paramwise_options -- decode_head.pixel_decoder.encoder.layers.1.norms.1.weight:weight_decay=0.0
2025/02/25 15:14:56 - mmengine - INFO - paramwise_options -- decode_head.pixel_decoder.encoder.layers.1.norms.1.bias:weight_decay=0.0
2025/02/25 15:14:56 - mmengine - INFO - paramwise_options -- decode_head.pixel_decoder.encoder.layers.2.norms.0.weight:weight_decay=0.0
2025/02/25 15:14:56 - mmengine - INFO - paramwise_options -- decode_head.pixel_decoder.encoder.layers.2.norms.0.bias:weight_decay=0.0
2025/02/25 15:14:56 - mmengine - INFO - paramwise_options -- decode_head.pixel_decoder.encoder.layers.2.norms.1.weight:weight_decay=0.0
2025/02/25 15:14:56 - mmengine - INFO - paramwise_options -- decode_head.pixel_decoder.encoder.layers.2.norms.1.bias:weight_decay=0.0
2025/02/25 15:14:56 - mmengine - INFO - paramwise_options -- decode_head.pixel_decoder.encoder.layers.3.norms.0.weight:weight_decay=0.0
2025/02/25 15:14:56 - mmengine - INFO - paramwise_options -- decode_head.pixel_decoder.encoder.layers.3.norms.0.bias:weight_decay=0.0
2025/02/25 15:14:56 - mmengine - INFO - paramwise_options -- decode_head.pixel_decoder.encoder.layers.3.norms.1.weight:weight_decay=0.0
2025/02/25 15:14:56 - mmengine - INFO - paramwise_options -- decode_head.pixel_decoder.encoder.layers.3.norms.1.bias:weight_decay=0.0
2025/02/25 15:14:56 - mmengine - INFO - paramwise_options -- decode_head.pixel_decoder.encoder.layers.4.norms.0.weight:weight_decay=0.0
2025/02/25 15:14:56 - mmengine - INFO - paramwise_options -- decode_head.pixel_decoder.encoder.layers.4.norms.0.bias:weight_decay=0.0
2025/02/25 15:14:56 - mmengine - INFO - paramwise_options -- decode_head.pixel_decoder.encoder.layers.4.norms.1.weight:weight_decay=0.0
2025/02/25 15:14:56 - mmengine - INFO - paramwise_options -- decode_head.pixel_decoder.encoder.layers.4.norms.1.bias:weight_decay=0.0
2025/02/25 15:14:56 - mmengine - INFO - paramwise_options -- decode_head.pixel_decoder.encoder.layers.5.norms.0.weight:weight_decay=0.0
2025/02/25 15:14:56 - mmengine - INFO - paramwise_options -- decode_head.pixel_decoder.encoder.layers.5.norms.0.bias:weight_decay=0.0
2025/02/25 15:14:56 - mmengine - INFO - paramwise_options -- decode_head.pixel_decoder.encoder.layers.5.norms.1.weight:weight_decay=0.0
2025/02/25 15:14:56 - mmengine - INFO - paramwise_options -- decode_head.pixel_decoder.encoder.layers.5.norms.1.bias:weight_decay=0.0
2025/02/25 15:14:56 - mmengine - INFO - paramwise_options -- decode_head.pixel_decoder.lateral_convs.0.gn.weight:weight_decay=0.0
2025/02/25 15:14:56 - mmengine - INFO - paramwise_options -- decode_head.pixel_decoder.lateral_convs.0.gn.bias:weight_decay=0.0
2025/02/25 15:14:56 - mmengine - INFO - paramwise_options -- decode_head.pixel_decoder.output_convs.0.gn.weight:weight_decay=0.0
2025/02/25 15:14:56 - mmengine - INFO - paramwise_options -- decode_head.pixel_decoder.output_convs.0.gn.bias:weight_decay=0.0
2025/02/25 15:14:56 - mmengine - INFO - paramwise_options -- decode_head.transformer_decoder.layers.0.norms.0.weight:weight_decay=0.0
2025/02/25 15:14:56 - mmengine - INFO - paramwise_options -- decode_head.transformer_decoder.layers.0.norms.0.bias:weight_decay=0.0
2025/02/25 15:14:56 - mmengine - INFO - paramwise_options -- decode_head.transformer_decoder.layers.0.norms.1.weight:weight_decay=0.0
2025/02/25 15:14:56 - mmengine - INFO - paramwise_options -- decode_head.transformer_decoder.layers.0.norms.1.bias:weight_decay=0.0
2025/02/25 15:14:56 - mmengine - INFO - paramwise_options -- decode_head.transformer_decoder.layers.0.norms.2.weight:weight_decay=0.0
2025/02/25 15:14:56 - mmengine - INFO - paramwise_options -- decode_head.transformer_decoder.layers.0.norms.2.bias:weight_decay=0.0
2025/02/25 15:14:56 - mmengine - INFO - paramwise_options -- decode_head.transformer_decoder.layers.1.norms.0.weight:weight_decay=0.0
2025/02/25 15:14:56 - mmengine - INFO - paramwise_options -- decode_head.transformer_decoder.layers.1.norms.0.bias:weight_decay=0.0
2025/02/25 15:14:56 - mmengine - INFO - paramwise_options -- decode_head.transformer_decoder.layers.1.norms.1.weight:weight_decay=0.0
2025/02/25 15:14:56 - mmengine - INFO - paramwise_options -- decode_head.transformer_decoder.layers.1.norms.1.bias:weight_decay=0.0
2025/02/25 15:14:56 - mmengine - INFO - paramwise_options -- decode_head.transformer_decoder.layers.1.norms.2.weight:weight_decay=0.0
2025/02/25 15:14:56 - mmengine - INFO - paramwise_options -- decode_head.transformer_decoder.layers.1.norms.2.bias:weight_decay=0.0
2025/02/25 15:14:56 - mmengine - INFO - paramwise_options -- decode_head.transformer_decoder.layers.2.norms.0.weight:weight_decay=0.0
2025/02/25 15:14:56 - mmengine - INFO - paramwise_options -- decode_head.transformer_decoder.layers.2.norms.0.bias:weight_decay=0.0
2025/02/25 15:14:56 - mmengine - INFO - paramwise_options -- decode_head.transformer_decoder.layers.2.norms.1.weight:weight_decay=0.0
2025/02/25 15:14:56 - mmengine - INFO - paramwise_options -- decode_head.transformer_decoder.layers.2.norms.1.bias:weight_decay=0.0
2025/02/25 15:14:56 - mmengine - INFO - paramwise_options -- decode_head.transformer_decoder.layers.2.norms.2.weight:weight_decay=0.0
2025/02/25 15:14:56 - mmengine - INFO - paramwise_options -- decode_head.transformer_decoder.layers.2.norms.2.bias:weight_decay=0.0
2025/02/25 15:14:56 - mmengine - INFO - paramwise_options -- decode_head.transformer_decoder.layers.3.norms.0.weight:weight_decay=0.0
2025/02/25 15:14:56 - mmengine - INFO - paramwise_options -- decode_head.transformer_decoder.layers.3.norms.0.bias:weight_decay=0.0
2025/02/25 15:14:56 - mmengine - INFO - paramwise_options -- decode_head.transformer_decoder.layers.3.norms.1.weight:weight_decay=0.0
2025/02/25 15:14:56 - mmengine - INFO - paramwise_options -- decode_head.transformer_decoder.layers.3.norms.1.bias:weight_decay=0.0
2025/02/25 15:14:56 - mmengine - INFO - paramwise_options -- decode_head.transformer_decoder.layers.3.norms.2.weight:weight_decay=0.0
2025/02/25 15:14:56 - mmengine - INFO - paramwise_options -- decode_head.transformer_decoder.layers.3.norms.2.bias:weight_decay=0.0
2025/02/25 15:14:56 - mmengine - INFO - paramwise_options -- decode_head.transformer_decoder.layers.4.norms.0.weight:weight_decay=0.0
2025/02/25 15:14:56 - mmengine - INFO - paramwise_options -- decode_head.transformer_decoder.layers.4.norms.0.bias:weight_decay=0.0
2025/02/25 15:14:56 - mmengine - INFO - paramwise_options -- decode_head.transformer_decoder.layers.4.norms.1.weight:weight_decay=0.0
2025/02/25 15:14:56 - mmengine - INFO - paramwise_options -- decode_head.transformer_decoder.layers.4.norms.1.bias:weight_decay=0.0
2025/02/25 15:14:56 - mmengine - INFO - paramwise_options -- decode_head.transformer_decoder.layers.4.norms.2.weight:weight_decay=0.0
2025/02/25 15:14:56 - mmengine - INFO - paramwise_options -- decode_head.transformer_decoder.layers.4.norms.2.bias:weight_decay=0.0
2025/02/25 15:14:56 - mmengine - INFO - paramwise_options -- decode_head.transformer_decoder.layers.5.norms.0.weight:weight_decay=0.0
2025/02/25 15:14:56 - mmengine - INFO - paramwise_options -- decode_head.transformer_decoder.layers.5.norms.0.bias:weight_decay=0.0
2025/02/25 15:14:56 - mmengine - INFO - paramwise_options -- decode_head.transformer_decoder.layers.5.norms.1.weight:weight_decay=0.0
2025/02/25 15:14:56 - mmengine - INFO - paramwise_options -- decode_head.transformer_decoder.layers.5.norms.1.bias:weight_decay=0.0
2025/02/25 15:14:56 - mmengine - INFO - paramwise_options -- decode_head.transformer_decoder.layers.5.norms.2.weight:weight_decay=0.0
2025/02/25 15:14:56 - mmengine - INFO - paramwise_options -- decode_head.transformer_decoder.layers.5.norms.2.bias:weight_decay=0.0
2025/02/25 15:14:56 - mmengine - INFO - paramwise_options -- decode_head.transformer_decoder.layers.6.norms.0.weight:weight_decay=0.0
2025/02/25 15:14:56 - mmengine - INFO - paramwise_options -- decode_head.transformer_decoder.layers.6.norms.0.bias:weight_decay=0.0
2025/02/25 15:14:56 - mmengine - INFO - paramwise_options -- decode_head.transformer_decoder.layers.6.norms.1.weight:weight_decay=0.0
2025/02/25 15:14:56 - mmengine - INFO - paramwise_options -- decode_head.transformer_decoder.layers.6.norms.1.bias:weight_decay=0.0
2025/02/25 15:14:56 - mmengine - INFO - paramwise_options -- decode_head.transformer_decoder.layers.6.norms.2.weight:weight_decay=0.0
2025/02/25 15:14:56 - mmengine - INFO - paramwise_options -- decode_head.transformer_decoder.layers.6.norms.2.bias:weight_decay=0.0
2025/02/25 15:14:56 - mmengine - INFO - paramwise_options -- decode_head.transformer_decoder.layers.7.norms.0.weight:weight_decay=0.0
2025/02/25 15:14:56 - mmengine - INFO - paramwise_options -- decode_head.transformer_decoder.layers.7.norms.0.bias:weight_decay=0.0
2025/02/25 15:14:56 - mmengine - INFO - paramwise_options -- decode_head.transformer_decoder.layers.7.norms.1.weight:weight_decay=0.0
2025/02/25 15:14:56 - mmengine - INFO - paramwise_options -- decode_head.transformer_decoder.layers.7.norms.1.bias:weight_decay=0.0
2025/02/25 15:14:56 - mmengine - INFO - paramwise_options -- decode_head.transformer_decoder.layers.7.norms.2.weight:weight_decay=0.0
2025/02/25 15:14:56 - mmengine - INFO - paramwise_options -- decode_head.transformer_decoder.layers.7.norms.2.bias:weight_decay=0.0
2025/02/25 15:14:56 - mmengine - INFO - paramwise_options -- decode_head.transformer_decoder.layers.8.norms.0.weight:weight_decay=0.0
2025/02/25 15:14:56 - mmengine - INFO - paramwise_options -- decode_head.transformer_decoder.layers.8.norms.0.bias:weight_decay=0.0
2025/02/25 15:14:56 - mmengine - INFO - paramwise_options -- decode_head.transformer_decoder.layers.8.norms.1.weight:weight_decay=0.0
2025/02/25 15:14:56 - mmengine - INFO - paramwise_options -- decode_head.transformer_decoder.layers.8.norms.1.bias:weight_decay=0.0
2025/02/25 15:14:56 - mmengine - INFO - paramwise_options -- decode_head.transformer_decoder.layers.8.norms.2.weight:weight_decay=0.0
2025/02/25 15:14:56 - mmengine - INFO - paramwise_options -- decode_head.transformer_decoder.layers.8.norms.2.bias:weight_decay=0.0
2025/02/25 15:14:56 - mmengine - INFO - paramwise_options -- decode_head.transformer_decoder.post_norm.weight:weight_decay=0.0
2025/02/25 15:14:56 - mmengine - INFO - paramwise_options -- decode_head.transformer_decoder.post_norm.bias:weight_decay=0.0
2025/02/25 15:14:56 - mmengine - INFO - paramwise_options -- decode_head.query_embed.weight:lr=0.0001
2025/02/25 15:14:56 - mmengine - INFO - paramwise_options -- decode_head.query_embed.weight:weight_decay=0.0
2025/02/25 15:14:56 - mmengine - INFO - paramwise_options -- decode_head.query_embed.weight:lr_mult=1.0
2025/02/25 15:14:56 - mmengine - INFO - paramwise_options -- decode_head.query_embed.weight:decay_mult=0.0
2025/02/25 15:14:56 - mmengine - INFO - paramwise_options -- decode_head.query_feat.weight:lr=0.0001
2025/02/25 15:14:56 - mmengine - INFO - paramwise_options -- decode_head.query_feat.weight:weight_decay=0.0
2025/02/25 15:14:56 - mmengine - INFO - paramwise_options -- decode_head.query_feat.weight:lr_mult=1.0
2025/02/25 15:14:56 - mmengine - INFO - paramwise_options -- decode_head.query_feat.weight:decay_mult=0.0
2025/02/25 15:14:56 - mmengine - INFO - paramwise_options -- decode_head.level_embed.weight:lr=0.0001
2025/02/25 15:14:56 - mmengine - INFO - paramwise_options -- decode_head.level_embed.weight:weight_decay=0.0
2025/02/25 15:14:56 - mmengine - INFO - paramwise_options -- decode_head.level_embed.weight:lr_mult=1.0
2025/02/25 15:14:57 - mmengine - INFO - paramwise_options -- decode_head.level_embed.weight:decay_mult=0.0
2025/02/25 15:14:57 - mmengine - WARNING - The prefix is not set in metric class IoUMetric.
Name of parameter - Initialization information

backbone.patch_embed.projection.weight - torch.Size([96, 3, 4, 4]): 
Initialized by user-defined `init_weights` in SwinTransformer  

backbone.patch_embed.projection.bias - torch.Size([96]): 
Initialized by user-defined `init_weights` in SwinTransformer  

backbone.patch_embed.norm.weight - torch.Size([96]): 
Initialized by user-defined `init_weights` in SwinTransformer  

backbone.patch_embed.norm.bias - torch.Size([96]): 
Initialized by user-defined `init_weights` in SwinTransformer  

backbone.stages.0.blocks.0.norm1.weight - torch.Size([96]): 
Initialized by user-defined `init_weights` in SwinTransformer  

backbone.stages.0.blocks.0.norm1.bias - torch.Size([96]): 
Initialized by user-defined `init_weights` in SwinTransformer  

backbone.stages.0.blocks.0.attn.w_msa.relative_position_bias_table - torch.Size([169, 3]): 
Initialized by user-defined `init_weights` in SwinTransformer  

backbone.stages.0.blocks.0.attn.w_msa.qkv.weight - torch.Size([288, 96]): 
Initialized by user-defined `init_weights` in SwinTransformer  

backbone.stages.0.blocks.0.attn.w_msa.qkv.bias - torch.Size([288]): 
Initialized by user-defined `init_weights` in SwinTransformer  

backbone.stages.0.blocks.0.attn.w_msa.proj.weight - torch.Size([96, 96]): 
Initialized by user-defined `init_weights` in SwinTransformer  

backbone.stages.0.blocks.0.attn.w_msa.proj.bias - torch.Size([96]): 
Initialized by user-defined `init_weights` in SwinTransformer  

backbone.stages.0.blocks.0.norm2.weight - torch.Size([96]): 
Initialized by user-defined `init_weights` in SwinTransformer  

backbone.stages.0.blocks.0.norm2.bias - torch.Size([96]): 
Initialized by user-defined `init_weights` in SwinTransformer  

backbone.stages.0.blocks.0.ffn.layers.0.0.weight - torch.Size([384, 96]): 
Initialized by user-defined `init_weights` in SwinTransformer  

backbone.stages.0.blocks.0.ffn.layers.0.0.bias - torch.Size([384]): 
Initialized by user-defined `init_weights` in SwinTransformer  

backbone.stages.0.blocks.0.ffn.layers.1.weight - torch.Size([96, 384]): 
Initialized by user-defined `init_weights` in SwinTransformer  

backbone.stages.0.blocks.0.ffn.layers.1.bias - torch.Size([96]): 
Initialized by user-defined `init_weights` in SwinTransformer  

backbone.stages.0.blocks.1.norm1.weight - torch.Size([96]): 
Initialized by user-defined `init_weights` in SwinTransformer  

backbone.stages.0.blocks.1.norm1.bias - torch.Size([96]): 
Initialized by user-defined `init_weights` in SwinTransformer  

backbone.stages.0.blocks.1.attn.w_msa.relative_position_bias_table - torch.Size([169, 3]): 
Initialized by user-defined `init_weights` in SwinTransformer  

backbone.stages.0.blocks.1.attn.w_msa.qkv.weight - torch.Size([288, 96]): 
Initialized by user-defined `init_weights` in SwinTransformer  

backbone.stages.0.blocks.1.attn.w_msa.qkv.bias - torch.Size([288]): 
Initialized by user-defined `init_weights` in SwinTransformer  

backbone.stages.0.blocks.1.attn.w_msa.proj.weight - torch.Size([96, 96]): 
Initialized by user-defined `init_weights` in SwinTransformer  

backbone.stages.0.blocks.1.attn.w_msa.proj.bias - torch.Size([96]): 
Initialized by user-defined `init_weights` in SwinTransformer  

backbone.stages.0.blocks.1.norm2.weight - torch.Size([96]): 
Initialized by user-defined `init_weights` in SwinTransformer  

backbone.stages.0.blocks.1.norm2.bias - torch.Size([96]): 
Initialized by user-defined `init_weights` in SwinTransformer  

backbone.stages.0.blocks.1.ffn.layers.0.0.weight - torch.Size([384, 96]): 
Initialized by user-defined `init_weights` in SwinTransformer  

backbone.stages.0.blocks.1.ffn.layers.0.0.bias - torch.Size([384]): 
Initialized by user-defined `init_weights` in SwinTransformer  

backbone.stages.0.blocks.1.ffn.layers.1.weight - torch.Size([96, 384]): 
Initialized by user-defined `init_weights` in SwinTransformer  

backbone.stages.0.blocks.1.ffn.layers.1.bias - torch.Size([96]): 
Initialized by user-defined `init_weights` in SwinTransformer  

backbone.stages.0.downsample.norm.weight - torch.Size([384]): 
Initialized by user-defined `init_weights` in SwinTransformer  

backbone.stages.0.downsample.norm.bias - torch.Size([384]): 
Initialized by user-defined `init_weights` in SwinTransformer  

backbone.stages.0.downsample.reduction.weight - torch.Size([192, 384]): 
Initialized by user-defined `init_weights` in SwinTransformer  

backbone.stages.1.blocks.0.norm1.weight - torch.Size([192]): 
Initialized by user-defined `init_weights` in SwinTransformer  

backbone.stages.1.blocks.0.norm1.bias - torch.Size([192]): 
Initialized by user-defined `init_weights` in SwinTransformer  

backbone.stages.1.blocks.0.attn.w_msa.relative_position_bias_table - torch.Size([169, 6]): 
Initialized by user-defined `init_weights` in SwinTransformer  

backbone.stages.1.blocks.0.attn.w_msa.qkv.weight - torch.Size([576, 192]): 
Initialized by user-defined `init_weights` in SwinTransformer  

backbone.stages.1.blocks.0.attn.w_msa.qkv.bias - torch.Size([576]): 
Initialized by user-defined `init_weights` in SwinTransformer  

backbone.stages.1.blocks.0.attn.w_msa.proj.weight - torch.Size([192, 192]): 
Initialized by user-defined `init_weights` in SwinTransformer  

backbone.stages.1.blocks.0.attn.w_msa.proj.bias - torch.Size([192]): 
Initialized by user-defined `init_weights` in SwinTransformer  

backbone.stages.1.blocks.0.norm2.weight - torch.Size([192]): 
Initialized by user-defined `init_weights` in SwinTransformer  

backbone.stages.1.blocks.0.norm2.bias - torch.Size([192]): 
Initialized by user-defined `init_weights` in SwinTransformer  

backbone.stages.1.blocks.0.ffn.layers.0.0.weight - torch.Size([768, 192]): 
Initialized by user-defined `init_weights` in SwinTransformer  

backbone.stages.1.blocks.0.ffn.layers.0.0.bias - torch.Size([768]): 
Initialized by user-defined `init_weights` in SwinTransformer  

backbone.stages.1.blocks.0.ffn.layers.1.weight - torch.Size([192, 768]): 
Initialized by user-defined `init_weights` in SwinTransformer  

backbone.stages.1.blocks.0.ffn.layers.1.bias - torch.Size([192]): 
Initialized by user-defined `init_weights` in SwinTransformer  

backbone.stages.1.blocks.1.norm1.weight - torch.Size([192]): 
Initialized by user-defined `init_weights` in SwinTransformer  

backbone.stages.1.blocks.1.norm1.bias - torch.Size([192]): 
Initialized by user-defined `init_weights` in SwinTransformer  

backbone.stages.1.blocks.1.attn.w_msa.relative_position_bias_table - torch.Size([169, 6]): 
Initialized by user-defined `init_weights` in SwinTransformer  

backbone.stages.1.blocks.1.attn.w_msa.qkv.weight - torch.Size([576, 192]): 
Initialized by user-defined `init_weights` in SwinTransformer  

backbone.stages.1.blocks.1.attn.w_msa.qkv.bias - torch.Size([576]): 
Initialized by user-defined `init_weights` in SwinTransformer  

backbone.stages.1.blocks.1.attn.w_msa.proj.weight - torch.Size([192, 192]): 
Initialized by user-defined `init_weights` in SwinTransformer  

backbone.stages.1.blocks.1.attn.w_msa.proj.bias - torch.Size([192]): 
Initialized by user-defined `init_weights` in SwinTransformer  

backbone.stages.1.blocks.1.norm2.weight - torch.Size([192]): 
Initialized by user-defined `init_weights` in SwinTransformer  

backbone.stages.1.blocks.1.norm2.bias - torch.Size([192]): 
Initialized by user-defined `init_weights` in SwinTransformer  

backbone.stages.1.blocks.1.ffn.layers.0.0.weight - torch.Size([768, 192]): 
Initialized by user-defined `init_weights` in SwinTransformer  

backbone.stages.1.blocks.1.ffn.layers.0.0.bias - torch.Size([768]): 
Initialized by user-defined `init_weights` in SwinTransformer  

backbone.stages.1.blocks.1.ffn.layers.1.weight - torch.Size([192, 768]): 
Initialized by user-defined `init_weights` in SwinTransformer  

backbone.stages.1.blocks.1.ffn.layers.1.bias - torch.Size([192]): 
Initialized by user-defined `init_weights` in SwinTransformer  

backbone.stages.1.downsample.norm.weight - torch.Size([768]): 
Initialized by user-defined `init_weights` in SwinTransformer  

backbone.stages.1.downsample.norm.bias - torch.Size([768]): 
Initialized by user-defined `init_weights` in SwinTransformer  

backbone.stages.1.downsample.reduction.weight - torch.Size([384, 768]): 
Initialized by user-defined `init_weights` in SwinTransformer  

backbone.stages.2.blocks.0.norm1.weight - torch.Size([384]): 
Initialized by user-defined `init_weights` in SwinTransformer  

backbone.stages.2.blocks.0.norm1.bias - torch.Size([384]): 
Initialized by user-defined `init_weights` in SwinTransformer  

backbone.stages.2.blocks.0.attn.w_msa.relative_position_bias_table - torch.Size([169, 12]): 
Initialized by user-defined `init_weights` in SwinTransformer  

backbone.stages.2.blocks.0.attn.w_msa.qkv.weight - torch.Size([1152, 384]): 
Initialized by user-defined `init_weights` in SwinTransformer  

backbone.stages.2.blocks.0.attn.w_msa.qkv.bias - torch.Size([1152]): 
Initialized by user-defined `init_weights` in SwinTransformer  

backbone.stages.2.blocks.0.attn.w_msa.proj.weight - torch.Size([384, 384]): 
Initialized by user-defined `init_weights` in SwinTransformer  

backbone.stages.2.blocks.0.attn.w_msa.proj.bias - torch.Size([384]): 
Initialized by user-defined `init_weights` in SwinTransformer  

backbone.stages.2.blocks.0.norm2.weight - torch.Size([384]): 
Initialized by user-defined `init_weights` in SwinTransformer  

backbone.stages.2.blocks.0.norm2.bias - torch.Size([384]): 
Initialized by user-defined `init_weights` in SwinTransformer  

backbone.stages.2.blocks.0.ffn.layers.0.0.weight - torch.Size([1536, 384]): 
Initialized by user-defined `init_weights` in SwinTransformer  

backbone.stages.2.blocks.0.ffn.layers.0.0.bias - torch.Size([1536]): 
Initialized by user-defined `init_weights` in SwinTransformer  

backbone.stages.2.blocks.0.ffn.layers.1.weight - torch.Size([384, 1536]): 
Initialized by user-defined `init_weights` in SwinTransformer  

backbone.stages.2.blocks.0.ffn.layers.1.bias - torch.Size([384]): 
Initialized by user-defined `init_weights` in SwinTransformer  

backbone.stages.2.blocks.1.norm1.weight - torch.Size([384]): 
Initialized by user-defined `init_weights` in SwinTransformer  

backbone.stages.2.blocks.1.norm1.bias - torch.Size([384]): 
Initialized by user-defined `init_weights` in SwinTransformer  

backbone.stages.2.blocks.1.attn.w_msa.relative_position_bias_table - torch.Size([169, 12]): 
Initialized by user-defined `init_weights` in SwinTransformer  

backbone.stages.2.blocks.1.attn.w_msa.qkv.weight - torch.Size([1152, 384]): 
Initialized by user-defined `init_weights` in SwinTransformer  

backbone.stages.2.blocks.1.attn.w_msa.qkv.bias - torch.Size([1152]): 
Initialized by user-defined `init_weights` in SwinTransformer  

backbone.stages.2.blocks.1.attn.w_msa.proj.weight - torch.Size([384, 384]): 
Initialized by user-defined `init_weights` in SwinTransformer  

backbone.stages.2.blocks.1.attn.w_msa.proj.bias - torch.Size([384]): 
Initialized by user-defined `init_weights` in SwinTransformer  

backbone.stages.2.blocks.1.norm2.weight - torch.Size([384]): 
Initialized by user-defined `init_weights` in SwinTransformer  

backbone.stages.2.blocks.1.norm2.bias - torch.Size([384]): 
Initialized by user-defined `init_weights` in SwinTransformer  

backbone.stages.2.blocks.1.ffn.layers.0.0.weight - torch.Size([1536, 384]): 
Initialized by user-defined `init_weights` in SwinTransformer  

backbone.stages.2.blocks.1.ffn.layers.0.0.bias - torch.Size([1536]): 
Initialized by user-defined `init_weights` in SwinTransformer  

backbone.stages.2.blocks.1.ffn.layers.1.weight - torch.Size([384, 1536]): 
Initialized by user-defined `init_weights` in SwinTransformer  

backbone.stages.2.blocks.1.ffn.layers.1.bias - torch.Size([384]): 
Initialized by user-defined `init_weights` in SwinTransformer  

backbone.stages.2.blocks.2.norm1.weight - torch.Size([384]): 
Initialized by user-defined `init_weights` in SwinTransformer  

backbone.stages.2.blocks.2.norm1.bias - torch.Size([384]): 
Initialized by user-defined `init_weights` in SwinTransformer  

backbone.stages.2.blocks.2.attn.w_msa.relative_position_bias_table - torch.Size([169, 12]): 
Initialized by user-defined `init_weights` in SwinTransformer  

backbone.stages.2.blocks.2.attn.w_msa.qkv.weight - torch.Size([1152, 384]): 
Initialized by user-defined `init_weights` in SwinTransformer  

backbone.stages.2.blocks.2.attn.w_msa.qkv.bias - torch.Size([1152]): 
Initialized by user-defined `init_weights` in SwinTransformer  

backbone.stages.2.blocks.2.attn.w_msa.proj.weight - torch.Size([384, 384]): 
Initialized by user-defined `init_weights` in SwinTransformer  

backbone.stages.2.blocks.2.attn.w_msa.proj.bias - torch.Size([384]): 
Initialized by user-defined `init_weights` in SwinTransformer  

backbone.stages.2.blocks.2.norm2.weight - torch.Size([384]): 
Initialized by user-defined `init_weights` in SwinTransformer  

backbone.stages.2.blocks.2.norm2.bias - torch.Size([384]): 
Initialized by user-defined `init_weights` in SwinTransformer  

backbone.stages.2.blocks.2.ffn.layers.0.0.weight - torch.Size([1536, 384]): 
Initialized by user-defined `init_weights` in SwinTransformer  

backbone.stages.2.blocks.2.ffn.layers.0.0.bias - torch.Size([1536]): 
Initialized by user-defined `init_weights` in SwinTransformer  

backbone.stages.2.blocks.2.ffn.layers.1.weight - torch.Size([384, 1536]): 
Initialized by user-defined `init_weights` in SwinTransformer  

backbone.stages.2.blocks.2.ffn.layers.1.bias - torch.Size([384]): 
Initialized by user-defined `init_weights` in SwinTransformer  

backbone.stages.2.blocks.3.norm1.weight - torch.Size([384]): 
Initialized by user-defined `init_weights` in SwinTransformer  

backbone.stages.2.blocks.3.norm1.bias - torch.Size([384]): 
Initialized by user-defined `init_weights` in SwinTransformer  

backbone.stages.2.blocks.3.attn.w_msa.relative_position_bias_table - torch.Size([169, 12]): 
Initialized by user-defined `init_weights` in SwinTransformer  

backbone.stages.2.blocks.3.attn.w_msa.qkv.weight - torch.Size([1152, 384]): 
Initialized by user-defined `init_weights` in SwinTransformer  

backbone.stages.2.blocks.3.attn.w_msa.qkv.bias - torch.Size([1152]): 
Initialized by user-defined `init_weights` in SwinTransformer  

backbone.stages.2.blocks.3.attn.w_msa.proj.weight - torch.Size([384, 384]): 
Initialized by user-defined `init_weights` in SwinTransformer  

backbone.stages.2.blocks.3.attn.w_msa.proj.bias - torch.Size([384]): 
Initialized by user-defined `init_weights` in SwinTransformer  

backbone.stages.2.blocks.3.norm2.weight - torch.Size([384]): 
Initialized by user-defined `init_weights` in SwinTransformer  

backbone.stages.2.blocks.3.norm2.bias - torch.Size([384]): 
Initialized by user-defined `init_weights` in SwinTransformer  

backbone.stages.2.blocks.3.ffn.layers.0.0.weight - torch.Size([1536, 384]): 
Initialized by user-defined `init_weights` in SwinTransformer  

backbone.stages.2.blocks.3.ffn.layers.0.0.bias - torch.Size([1536]): 
Initialized by user-defined `init_weights` in SwinTransformer  

backbone.stages.2.blocks.3.ffn.layers.1.weight - torch.Size([384, 1536]): 
Initialized by user-defined `init_weights` in SwinTransformer  

backbone.stages.2.blocks.3.ffn.layers.1.bias - torch.Size([384]): 
Initialized by user-defined `init_weights` in SwinTransformer  

backbone.stages.2.blocks.4.norm1.weight - torch.Size([384]): 
Initialized by user-defined `init_weights` in SwinTransformer  

backbone.stages.2.blocks.4.norm1.bias - torch.Size([384]): 
Initialized by user-defined `init_weights` in SwinTransformer  

backbone.stages.2.blocks.4.attn.w_msa.relative_position_bias_table - torch.Size([169, 12]): 
Initialized by user-defined `init_weights` in SwinTransformer  

backbone.stages.2.blocks.4.attn.w_msa.qkv.weight - torch.Size([1152, 384]): 
Initialized by user-defined `init_weights` in SwinTransformer  

backbone.stages.2.blocks.4.attn.w_msa.qkv.bias - torch.Size([1152]): 
Initialized by user-defined `init_weights` in SwinTransformer  

backbone.stages.2.blocks.4.attn.w_msa.proj.weight - torch.Size([384, 384]): 
Initialized by user-defined `init_weights` in SwinTransformer  

backbone.stages.2.blocks.4.attn.w_msa.proj.bias - torch.Size([384]): 
Initialized by user-defined `init_weights` in SwinTransformer  

backbone.stages.2.blocks.4.norm2.weight - torch.Size([384]): 
Initialized by user-defined `init_weights` in SwinTransformer  

backbone.stages.2.blocks.4.norm2.bias - torch.Size([384]): 
Initialized by user-defined `init_weights` in SwinTransformer  

backbone.stages.2.blocks.4.ffn.layers.0.0.weight - torch.Size([1536, 384]): 
Initialized by user-defined `init_weights` in SwinTransformer  

backbone.stages.2.blocks.4.ffn.layers.0.0.bias - torch.Size([1536]): 
Initialized by user-defined `init_weights` in SwinTransformer  

backbone.stages.2.blocks.4.ffn.layers.1.weight - torch.Size([384, 1536]): 
Initialized by user-defined `init_weights` in SwinTransformer  

backbone.stages.2.blocks.4.ffn.layers.1.bias - torch.Size([384]): 
Initialized by user-defined `init_weights` in SwinTransformer  

backbone.stages.2.blocks.5.norm1.weight - torch.Size([384]): 
Initialized by user-defined `init_weights` in SwinTransformer  

backbone.stages.2.blocks.5.norm1.bias - torch.Size([384]): 
Initialized by user-defined `init_weights` in SwinTransformer  

backbone.stages.2.blocks.5.attn.w_msa.relative_position_bias_table - torch.Size([169, 12]): 
Initialized by user-defined `init_weights` in SwinTransformer  

backbone.stages.2.blocks.5.attn.w_msa.qkv.weight - torch.Size([1152, 384]): 
Initialized by user-defined `init_weights` in SwinTransformer  

backbone.stages.2.blocks.5.attn.w_msa.qkv.bias - torch.Size([1152]): 
Initialized by user-defined `init_weights` in SwinTransformer  

backbone.stages.2.blocks.5.attn.w_msa.proj.weight - torch.Size([384, 384]): 
Initialized by user-defined `init_weights` in SwinTransformer  

backbone.stages.2.blocks.5.attn.w_msa.proj.bias - torch.Size([384]): 
Initialized by user-defined `init_weights` in SwinTransformer  

backbone.stages.2.blocks.5.norm2.weight - torch.Size([384]): 
Initialized by user-defined `init_weights` in SwinTransformer  

backbone.stages.2.blocks.5.norm2.bias - torch.Size([384]): 
Initialized by user-defined `init_weights` in SwinTransformer  

backbone.stages.2.blocks.5.ffn.layers.0.0.weight - torch.Size([1536, 384]): 
Initialized by user-defined `init_weights` in SwinTransformer  

backbone.stages.2.blocks.5.ffn.layers.0.0.bias - torch.Size([1536]): 
Initialized by user-defined `init_weights` in SwinTransformer  

backbone.stages.2.blocks.5.ffn.layers.1.weight - torch.Size([384, 1536]): 
Initialized by user-defined `init_weights` in SwinTransformer  

backbone.stages.2.blocks.5.ffn.layers.1.bias - torch.Size([384]): 
Initialized by user-defined `init_weights` in SwinTransformer  

backbone.stages.2.blocks.6.norm1.weight - torch.Size([384]): 
Initialized by user-defined `init_weights` in SwinTransformer  

backbone.stages.2.blocks.6.norm1.bias - torch.Size([384]): 
Initialized by user-defined `init_weights` in SwinTransformer  

backbone.stages.2.blocks.6.attn.w_msa.relative_position_bias_table - torch.Size([169, 12]): 
Initialized by user-defined `init_weights` in SwinTransformer  

backbone.stages.2.blocks.6.attn.w_msa.qkv.weight - torch.Size([1152, 384]): 
Initialized by user-defined `init_weights` in SwinTransformer  

backbone.stages.2.blocks.6.attn.w_msa.qkv.bias - torch.Size([1152]): 
Initialized by user-defined `init_weights` in SwinTransformer  

backbone.stages.2.blocks.6.attn.w_msa.proj.weight - torch.Size([384, 384]): 
Initialized by user-defined `init_weights` in SwinTransformer  

backbone.stages.2.blocks.6.attn.w_msa.proj.bias - torch.Size([384]): 
Initialized by user-defined `init_weights` in SwinTransformer  

backbone.stages.2.blocks.6.norm2.weight - torch.Size([384]): 
Initialized by user-defined `init_weights` in SwinTransformer  

backbone.stages.2.blocks.6.norm2.bias - torch.Size([384]): 
Initialized by user-defined `init_weights` in SwinTransformer  

backbone.stages.2.blocks.6.ffn.layers.0.0.weight - torch.Size([1536, 384]): 
Initialized by user-defined `init_weights` in SwinTransformer  

backbone.stages.2.blocks.6.ffn.layers.0.0.bias - torch.Size([1536]): 
Initialized by user-defined `init_weights` in SwinTransformer  

backbone.stages.2.blocks.6.ffn.layers.1.weight - torch.Size([384, 1536]): 
Initialized by user-defined `init_weights` in SwinTransformer  

backbone.stages.2.blocks.6.ffn.layers.1.bias - torch.Size([384]): 
Initialized by user-defined `init_weights` in SwinTransformer  

backbone.stages.2.blocks.7.norm1.weight - torch.Size([384]): 
Initialized by user-defined `init_weights` in SwinTransformer  

backbone.stages.2.blocks.7.norm1.bias - torch.Size([384]): 
Initialized by user-defined `init_weights` in SwinTransformer  

backbone.stages.2.blocks.7.attn.w_msa.relative_position_bias_table - torch.Size([169, 12]): 
Initialized by user-defined `init_weights` in SwinTransformer  

backbone.stages.2.blocks.7.attn.w_msa.qkv.weight - torch.Size([1152, 384]): 
Initialized by user-defined `init_weights` in SwinTransformer  

backbone.stages.2.blocks.7.attn.w_msa.qkv.bias - torch.Size([1152]): 
Initialized by user-defined `init_weights` in SwinTransformer  

backbone.stages.2.blocks.7.attn.w_msa.proj.weight - torch.Size([384, 384]): 
Initialized by user-defined `init_weights` in SwinTransformer  

backbone.stages.2.blocks.7.attn.w_msa.proj.bias - torch.Size([384]): 
Initialized by user-defined `init_weights` in SwinTransformer  

backbone.stages.2.blocks.7.norm2.weight - torch.Size([384]): 
Initialized by user-defined `init_weights` in SwinTransformer  

backbone.stages.2.blocks.7.norm2.bias - torch.Size([384]): 
Initialized by user-defined `init_weights` in SwinTransformer  

backbone.stages.2.blocks.7.ffn.layers.0.0.weight - torch.Size([1536, 384]): 
Initialized by user-defined `init_weights` in SwinTransformer  

backbone.stages.2.blocks.7.ffn.layers.0.0.bias - torch.Size([1536]): 
Initialized by user-defined `init_weights` in SwinTransformer  

backbone.stages.2.blocks.7.ffn.layers.1.weight - torch.Size([384, 1536]): 
Initialized by user-defined `init_weights` in SwinTransformer  

backbone.stages.2.blocks.7.ffn.layers.1.bias - torch.Size([384]): 
Initialized by user-defined `init_weights` in SwinTransformer  

backbone.stages.2.blocks.8.norm1.weight - torch.Size([384]): 
Initialized by user-defined `init_weights` in SwinTransformer  

backbone.stages.2.blocks.8.norm1.bias - torch.Size([384]): 
Initialized by user-defined `init_weights` in SwinTransformer  

backbone.stages.2.blocks.8.attn.w_msa.relative_position_bias_table - torch.Size([169, 12]): 
Initialized by user-defined `init_weights` in SwinTransformer  

backbone.stages.2.blocks.8.attn.w_msa.qkv.weight - torch.Size([1152, 384]): 
Initialized by user-defined `init_weights` in SwinTransformer  

backbone.stages.2.blocks.8.attn.w_msa.qkv.bias - torch.Size([1152]): 
Initialized by user-defined `init_weights` in SwinTransformer  

backbone.stages.2.blocks.8.attn.w_msa.proj.weight - torch.Size([384, 384]): 
Initialized by user-defined `init_weights` in SwinTransformer  

backbone.stages.2.blocks.8.attn.w_msa.proj.bias - torch.Size([384]): 
Initialized by user-defined `init_weights` in SwinTransformer  

backbone.stages.2.blocks.8.norm2.weight - torch.Size([384]): 
Initialized by user-defined `init_weights` in SwinTransformer  

backbone.stages.2.blocks.8.norm2.bias - torch.Size([384]): 
Initialized by user-defined `init_weights` in SwinTransformer  

backbone.stages.2.blocks.8.ffn.layers.0.0.weight - torch.Size([1536, 384]): 
Initialized by user-defined `init_weights` in SwinTransformer  

backbone.stages.2.blocks.8.ffn.layers.0.0.bias - torch.Size([1536]): 
Initialized by user-defined `init_weights` in SwinTransformer  

backbone.stages.2.blocks.8.ffn.layers.1.weight - torch.Size([384, 1536]): 
Initialized by user-defined `init_weights` in SwinTransformer  

backbone.stages.2.blocks.8.ffn.layers.1.bias - torch.Size([384]): 
Initialized by user-defined `init_weights` in SwinTransformer  

backbone.stages.2.blocks.9.norm1.weight - torch.Size([384]): 
Initialized by user-defined `init_weights` in SwinTransformer  

backbone.stages.2.blocks.9.norm1.bias - torch.Size([384]): 
Initialized by user-defined `init_weights` in SwinTransformer  

backbone.stages.2.blocks.9.attn.w_msa.relative_position_bias_table - torch.Size([169, 12]): 
Initialized by user-defined `init_weights` in SwinTransformer  

backbone.stages.2.blocks.9.attn.w_msa.qkv.weight - torch.Size([1152, 384]): 
Initialized by user-defined `init_weights` in SwinTransformer  

backbone.stages.2.blocks.9.attn.w_msa.qkv.bias - torch.Size([1152]): 
Initialized by user-defined `init_weights` in SwinTransformer  

backbone.stages.2.blocks.9.attn.w_msa.proj.weight - torch.Size([384, 384]): 
Initialized by user-defined `init_weights` in SwinTransformer  

backbone.stages.2.blocks.9.attn.w_msa.proj.bias - torch.Size([384]): 
Initialized by user-defined `init_weights` in SwinTransformer  

backbone.stages.2.blocks.9.norm2.weight - torch.Size([384]): 
Initialized by user-defined `init_weights` in SwinTransformer  

backbone.stages.2.blocks.9.norm2.bias - torch.Size([384]): 
Initialized by user-defined `init_weights` in SwinTransformer  

backbone.stages.2.blocks.9.ffn.layers.0.0.weight - torch.Size([1536, 384]): 
Initialized by user-defined `init_weights` in SwinTransformer  

backbone.stages.2.blocks.9.ffn.layers.0.0.bias - torch.Size([1536]): 
Initialized by user-defined `init_weights` in SwinTransformer  

backbone.stages.2.blocks.9.ffn.layers.1.weight - torch.Size([384, 1536]): 
Initialized by user-defined `init_weights` in SwinTransformer  

backbone.stages.2.blocks.9.ffn.layers.1.bias - torch.Size([384]): 
Initialized by user-defined `init_weights` in SwinTransformer  

backbone.stages.2.blocks.10.norm1.weight - torch.Size([384]): 
Initialized by user-defined `init_weights` in SwinTransformer  

backbone.stages.2.blocks.10.norm1.bias - torch.Size([384]): 
Initialized by user-defined `init_weights` in SwinTransformer  

backbone.stages.2.blocks.10.attn.w_msa.relative_position_bias_table - torch.Size([169, 12]): 
Initialized by user-defined `init_weights` in SwinTransformer  

backbone.stages.2.blocks.10.attn.w_msa.qkv.weight - torch.Size([1152, 384]): 
Initialized by user-defined `init_weights` in SwinTransformer  

backbone.stages.2.blocks.10.attn.w_msa.qkv.bias - torch.Size([1152]): 
Initialized by user-defined `init_weights` in SwinTransformer  

backbone.stages.2.blocks.10.attn.w_msa.proj.weight - torch.Size([384, 384]): 
Initialized by user-defined `init_weights` in SwinTransformer  

backbone.stages.2.blocks.10.attn.w_msa.proj.bias - torch.Size([384]): 
Initialized by user-defined `init_weights` in SwinTransformer  

backbone.stages.2.blocks.10.norm2.weight - torch.Size([384]): 
Initialized by user-defined `init_weights` in SwinTransformer  

backbone.stages.2.blocks.10.norm2.bias - torch.Size([384]): 
Initialized by user-defined `init_weights` in SwinTransformer  

backbone.stages.2.blocks.10.ffn.layers.0.0.weight - torch.Size([1536, 384]): 
Initialized by user-defined `init_weights` in SwinTransformer  

backbone.stages.2.blocks.10.ffn.layers.0.0.bias - torch.Size([1536]): 
Initialized by user-defined `init_weights` in SwinTransformer  

backbone.stages.2.blocks.10.ffn.layers.1.weight - torch.Size([384, 1536]): 
Initialized by user-defined `init_weights` in SwinTransformer  

backbone.stages.2.blocks.10.ffn.layers.1.bias - torch.Size([384]): 
Initialized by user-defined `init_weights` in SwinTransformer  

backbone.stages.2.blocks.11.norm1.weight - torch.Size([384]): 
Initialized by user-defined `init_weights` in SwinTransformer  

backbone.stages.2.blocks.11.norm1.bias - torch.Size([384]): 
Initialized by user-defined `init_weights` in SwinTransformer  

backbone.stages.2.blocks.11.attn.w_msa.relative_position_bias_table - torch.Size([169, 12]): 
Initialized by user-defined `init_weights` in SwinTransformer  

backbone.stages.2.blocks.11.attn.w_msa.qkv.weight - torch.Size([1152, 384]): 
Initialized by user-defined `init_weights` in SwinTransformer  

backbone.stages.2.blocks.11.attn.w_msa.qkv.bias - torch.Size([1152]): 
Initialized by user-defined `init_weights` in SwinTransformer  

backbone.stages.2.blocks.11.attn.w_msa.proj.weight - torch.Size([384, 384]): 
Initialized by user-defined `init_weights` in SwinTransformer  

backbone.stages.2.blocks.11.attn.w_msa.proj.bias - torch.Size([384]): 
Initialized by user-defined `init_weights` in SwinTransformer  

backbone.stages.2.blocks.11.norm2.weight - torch.Size([384]): 
Initialized by user-defined `init_weights` in SwinTransformer  

backbone.stages.2.blocks.11.norm2.bias - torch.Size([384]): 
Initialized by user-defined `init_weights` in SwinTransformer  

backbone.stages.2.blocks.11.ffn.layers.0.0.weight - torch.Size([1536, 384]): 
Initialized by user-defined `init_weights` in SwinTransformer  

backbone.stages.2.blocks.11.ffn.layers.0.0.bias - torch.Size([1536]): 
Initialized by user-defined `init_weights` in SwinTransformer  

backbone.stages.2.blocks.11.ffn.layers.1.weight - torch.Size([384, 1536]): 
Initialized by user-defined `init_weights` in SwinTransformer  

backbone.stages.2.blocks.11.ffn.layers.1.bias - torch.Size([384]): 
Initialized by user-defined `init_weights` in SwinTransformer  

backbone.stages.2.blocks.12.norm1.weight - torch.Size([384]): 
Initialized by user-defined `init_weights` in SwinTransformer  

backbone.stages.2.blocks.12.norm1.bias - torch.Size([384]): 
Initialized by user-defined `init_weights` in SwinTransformer  

backbone.stages.2.blocks.12.attn.w_msa.relative_position_bias_table - torch.Size([169, 12]): 
Initialized by user-defined `init_weights` in SwinTransformer  

backbone.stages.2.blocks.12.attn.w_msa.qkv.weight - torch.Size([1152, 384]): 
Initialized by user-defined `init_weights` in SwinTransformer  

backbone.stages.2.blocks.12.attn.w_msa.qkv.bias - torch.Size([1152]): 
Initialized by user-defined `init_weights` in SwinTransformer  

backbone.stages.2.blocks.12.attn.w_msa.proj.weight - torch.Size([384, 384]): 
Initialized by user-defined `init_weights` in SwinTransformer  

backbone.stages.2.blocks.12.attn.w_msa.proj.bias - torch.Size([384]): 
Initialized by user-defined `init_weights` in SwinTransformer  

backbone.stages.2.blocks.12.norm2.weight - torch.Size([384]): 
Initialized by user-defined `init_weights` in SwinTransformer  

backbone.stages.2.blocks.12.norm2.bias - torch.Size([384]): 
Initialized by user-defined `init_weights` in SwinTransformer  

backbone.stages.2.blocks.12.ffn.layers.0.0.weight - torch.Size([1536, 384]): 
Initialized by user-defined `init_weights` in SwinTransformer  

backbone.stages.2.blocks.12.ffn.layers.0.0.bias - torch.Size([1536]): 
Initialized by user-defined `init_weights` in SwinTransformer  

backbone.stages.2.blocks.12.ffn.layers.1.weight - torch.Size([384, 1536]): 
Initialized by user-defined `init_weights` in SwinTransformer  

backbone.stages.2.blocks.12.ffn.layers.1.bias - torch.Size([384]): 
Initialized by user-defined `init_weights` in SwinTransformer  

backbone.stages.2.blocks.13.norm1.weight - torch.Size([384]): 
Initialized by user-defined `init_weights` in SwinTransformer  

backbone.stages.2.blocks.13.norm1.bias - torch.Size([384]): 
Initialized by user-defined `init_weights` in SwinTransformer  

backbone.stages.2.blocks.13.attn.w_msa.relative_position_bias_table - torch.Size([169, 12]): 
Initialized by user-defined `init_weights` in SwinTransformer  

backbone.stages.2.blocks.13.attn.w_msa.qkv.weight - torch.Size([1152, 384]): 
Initialized by user-defined `init_weights` in SwinTransformer  

backbone.stages.2.blocks.13.attn.w_msa.qkv.bias - torch.Size([1152]): 
Initialized by user-defined `init_weights` in SwinTransformer  

backbone.stages.2.blocks.13.attn.w_msa.proj.weight - torch.Size([384, 384]): 
Initialized by user-defined `init_weights` in SwinTransformer  

backbone.stages.2.blocks.13.attn.w_msa.proj.bias - torch.Size([384]): 
Initialized by user-defined `init_weights` in SwinTransformer  

backbone.stages.2.blocks.13.norm2.weight - torch.Size([384]): 
Initialized by user-defined `init_weights` in SwinTransformer  

backbone.stages.2.blocks.13.norm2.bias - torch.Size([384]): 
Initialized by user-defined `init_weights` in SwinTransformer  

backbone.stages.2.blocks.13.ffn.layers.0.0.weight - torch.Size([1536, 384]): 
Initialized by user-defined `init_weights` in SwinTransformer  

backbone.stages.2.blocks.13.ffn.layers.0.0.bias - torch.Size([1536]): 
Initialized by user-defined `init_weights` in SwinTransformer  

backbone.stages.2.blocks.13.ffn.layers.1.weight - torch.Size([384, 1536]): 
Initialized by user-defined `init_weights` in SwinTransformer  

backbone.stages.2.blocks.13.ffn.layers.1.bias - torch.Size([384]): 
Initialized by user-defined `init_weights` in SwinTransformer  

backbone.stages.2.blocks.14.norm1.weight - torch.Size([384]): 
Initialized by user-defined `init_weights` in SwinTransformer  

backbone.stages.2.blocks.14.norm1.bias - torch.Size([384]): 
Initialized by user-defined `init_weights` in SwinTransformer  

backbone.stages.2.blocks.14.attn.w_msa.relative_position_bias_table - torch.Size([169, 12]): 
Initialized by user-defined `init_weights` in SwinTransformer  

backbone.stages.2.blocks.14.attn.w_msa.qkv.weight - torch.Size([1152, 384]): 
Initialized by user-defined `init_weights` in SwinTransformer  

backbone.stages.2.blocks.14.attn.w_msa.qkv.bias - torch.Size([1152]): 
Initialized by user-defined `init_weights` in SwinTransformer  

backbone.stages.2.blocks.14.attn.w_msa.proj.weight - torch.Size([384, 384]): 
Initialized by user-defined `init_weights` in SwinTransformer  

backbone.stages.2.blocks.14.attn.w_msa.proj.bias - torch.Size([384]): 
Initialized by user-defined `init_weights` in SwinTransformer  

backbone.stages.2.blocks.14.norm2.weight - torch.Size([384]): 
Initialized by user-defined `init_weights` in SwinTransformer  

backbone.stages.2.blocks.14.norm2.bias - torch.Size([384]): 
Initialized by user-defined `init_weights` in SwinTransformer  

backbone.stages.2.blocks.14.ffn.layers.0.0.weight - torch.Size([1536, 384]): 
Initialized by user-defined `init_weights` in SwinTransformer  

backbone.stages.2.blocks.14.ffn.layers.0.0.bias - torch.Size([1536]): 
Initialized by user-defined `init_weights` in SwinTransformer  

backbone.stages.2.blocks.14.ffn.layers.1.weight - torch.Size([384, 1536]): 
Initialized by user-defined `init_weights` in SwinTransformer  

backbone.stages.2.blocks.14.ffn.layers.1.bias - torch.Size([384]): 
Initialized by user-defined `init_weights` in SwinTransformer  

backbone.stages.2.blocks.15.norm1.weight - torch.Size([384]): 
Initialized by user-defined `init_weights` in SwinTransformer  

backbone.stages.2.blocks.15.norm1.bias - torch.Size([384]): 
Initialized by user-defined `init_weights` in SwinTransformer  

backbone.stages.2.blocks.15.attn.w_msa.relative_position_bias_table - torch.Size([169, 12]): 
Initialized by user-defined `init_weights` in SwinTransformer  

backbone.stages.2.blocks.15.attn.w_msa.qkv.weight - torch.Size([1152, 384]): 
Initialized by user-defined `init_weights` in SwinTransformer  

backbone.stages.2.blocks.15.attn.w_msa.qkv.bias - torch.Size([1152]): 
Initialized by user-defined `init_weights` in SwinTransformer  

backbone.stages.2.blocks.15.attn.w_msa.proj.weight - torch.Size([384, 384]): 
Initialized by user-defined `init_weights` in SwinTransformer  

backbone.stages.2.blocks.15.attn.w_msa.proj.bias - torch.Size([384]): 
Initialized by user-defined `init_weights` in SwinTransformer  

backbone.stages.2.blocks.15.norm2.weight - torch.Size([384]): 
Initialized by user-defined `init_weights` in SwinTransformer  

backbone.stages.2.blocks.15.norm2.bias - torch.Size([384]): 
Initialized by user-defined `init_weights` in SwinTransformer  

backbone.stages.2.blocks.15.ffn.layers.0.0.weight - torch.Size([1536, 384]): 
Initialized by user-defined `init_weights` in SwinTransformer  

backbone.stages.2.blocks.15.ffn.layers.0.0.bias - torch.Size([1536]): 
Initialized by user-defined `init_weights` in SwinTransformer  

backbone.stages.2.blocks.15.ffn.layers.1.weight - torch.Size([384, 1536]): 
Initialized by user-defined `init_weights` in SwinTransformer  

backbone.stages.2.blocks.15.ffn.layers.1.bias - torch.Size([384]): 
Initialized by user-defined `init_weights` in SwinTransformer  

backbone.stages.2.blocks.16.norm1.weight - torch.Size([384]): 
Initialized by user-defined `init_weights` in SwinTransformer  

backbone.stages.2.blocks.16.norm1.bias - torch.Size([384]): 
Initialized by user-defined `init_weights` in SwinTransformer  

backbone.stages.2.blocks.16.attn.w_msa.relative_position_bias_table - torch.Size([169, 12]): 
Initialized by user-defined `init_weights` in SwinTransformer  

backbone.stages.2.blocks.16.attn.w_msa.qkv.weight - torch.Size([1152, 384]): 
Initialized by user-defined `init_weights` in SwinTransformer  

backbone.stages.2.blocks.16.attn.w_msa.qkv.bias - torch.Size([1152]): 
Initialized by user-defined `init_weights` in SwinTransformer  

backbone.stages.2.blocks.16.attn.w_msa.proj.weight - torch.Size([384, 384]): 
Initialized by user-defined `init_weights` in SwinTransformer  

backbone.stages.2.blocks.16.attn.w_msa.proj.bias - torch.Size([384]): 
Initialized by user-defined `init_weights` in SwinTransformer  

backbone.stages.2.blocks.16.norm2.weight - torch.Size([384]): 
Initialized by user-defined `init_weights` in SwinTransformer  

backbone.stages.2.blocks.16.norm2.bias - torch.Size([384]): 
Initialized by user-defined `init_weights` in SwinTransformer  

backbone.stages.2.blocks.16.ffn.layers.0.0.weight - torch.Size([1536, 384]): 
Initialized by user-defined `init_weights` in SwinTransformer  

backbone.stages.2.blocks.16.ffn.layers.0.0.bias - torch.Size([1536]): 
Initialized by user-defined `init_weights` in SwinTransformer  

backbone.stages.2.blocks.16.ffn.layers.1.weight - torch.Size([384, 1536]): 
Initialized by user-defined `init_weights` in SwinTransformer  

backbone.stages.2.blocks.16.ffn.layers.1.bias - torch.Size([384]): 
Initialized by user-defined `init_weights` in SwinTransformer  

backbone.stages.2.blocks.17.norm1.weight - torch.Size([384]): 
Initialized by user-defined `init_weights` in SwinTransformer  

backbone.stages.2.blocks.17.norm1.bias - torch.Size([384]): 
Initialized by user-defined `init_weights` in SwinTransformer  

backbone.stages.2.blocks.17.attn.w_msa.relative_position_bias_table - torch.Size([169, 12]): 
Initialized by user-defined `init_weights` in SwinTransformer  

backbone.stages.2.blocks.17.attn.w_msa.qkv.weight - torch.Size([1152, 384]): 
Initialized by user-defined `init_weights` in SwinTransformer  

backbone.stages.2.blocks.17.attn.w_msa.qkv.bias - torch.Size([1152]): 
Initialized by user-defined `init_weights` in SwinTransformer  

backbone.stages.2.blocks.17.attn.w_msa.proj.weight - torch.Size([384, 384]): 
Initialized by user-defined `init_weights` in SwinTransformer  

backbone.stages.2.blocks.17.attn.w_msa.proj.bias - torch.Size([384]): 
Initialized by user-defined `init_weights` in SwinTransformer  

backbone.stages.2.blocks.17.norm2.weight - torch.Size([384]): 
Initialized by user-defined `init_weights` in SwinTransformer  

backbone.stages.2.blocks.17.norm2.bias - torch.Size([384]): 
Initialized by user-defined `init_weights` in SwinTransformer  

backbone.stages.2.blocks.17.ffn.layers.0.0.weight - torch.Size([1536, 384]): 
Initialized by user-defined `init_weights` in SwinTransformer  

backbone.stages.2.blocks.17.ffn.layers.0.0.bias - torch.Size([1536]): 
Initialized by user-defined `init_weights` in SwinTransformer  

backbone.stages.2.blocks.17.ffn.layers.1.weight - torch.Size([384, 1536]): 
Initialized by user-defined `init_weights` in SwinTransformer  

backbone.stages.2.blocks.17.ffn.layers.1.bias - torch.Size([384]): 
Initialized by user-defined `init_weights` in SwinTransformer  

backbone.stages.2.downsample.norm.weight - torch.Size([1536]): 
Initialized by user-defined `init_weights` in SwinTransformer  

backbone.stages.2.downsample.norm.bias - torch.Size([1536]): 
Initialized by user-defined `init_weights` in SwinTransformer  

backbone.stages.2.downsample.reduction.weight - torch.Size([768, 1536]): 
Initialized by user-defined `init_weights` in SwinTransformer  

backbone.stages.3.blocks.0.norm1.weight - torch.Size([768]): 
Initialized by user-defined `init_weights` in SwinTransformer  

backbone.stages.3.blocks.0.norm1.bias - torch.Size([768]): 
Initialized by user-defined `init_weights` in SwinTransformer  

backbone.stages.3.blocks.0.attn.w_msa.relative_position_bias_table - torch.Size([169, 24]): 
Initialized by user-defined `init_weights` in SwinTransformer  

backbone.stages.3.blocks.0.attn.w_msa.qkv.weight - torch.Size([2304, 768]): 
Initialized by user-defined `init_weights` in SwinTransformer  

backbone.stages.3.blocks.0.attn.w_msa.qkv.bias - torch.Size([2304]): 
Initialized by user-defined `init_weights` in SwinTransformer  

backbone.stages.3.blocks.0.attn.w_msa.proj.weight - torch.Size([768, 768]): 
Initialized by user-defined `init_weights` in SwinTransformer  

backbone.stages.3.blocks.0.attn.w_msa.proj.bias - torch.Size([768]): 
Initialized by user-defined `init_weights` in SwinTransformer  

backbone.stages.3.blocks.0.norm2.weight - torch.Size([768]): 
Initialized by user-defined `init_weights` in SwinTransformer  

backbone.stages.3.blocks.0.norm2.bias - torch.Size([768]): 
Initialized by user-defined `init_weights` in SwinTransformer  

backbone.stages.3.blocks.0.ffn.layers.0.0.weight - torch.Size([3072, 768]): 
Initialized by user-defined `init_weights` in SwinTransformer  

backbone.stages.3.blocks.0.ffn.layers.0.0.bias - torch.Size([3072]): 
Initialized by user-defined `init_weights` in SwinTransformer  

backbone.stages.3.blocks.0.ffn.layers.1.weight - torch.Size([768, 3072]): 
Initialized by user-defined `init_weights` in SwinTransformer  

backbone.stages.3.blocks.0.ffn.layers.1.bias - torch.Size([768]): 
Initialized by user-defined `init_weights` in SwinTransformer  

backbone.stages.3.blocks.1.norm1.weight - torch.Size([768]): 
Initialized by user-defined `init_weights` in SwinTransformer  

backbone.stages.3.blocks.1.norm1.bias - torch.Size([768]): 
Initialized by user-defined `init_weights` in SwinTransformer  

backbone.stages.3.blocks.1.attn.w_msa.relative_position_bias_table - torch.Size([169, 24]): 
Initialized by user-defined `init_weights` in SwinTransformer  

backbone.stages.3.blocks.1.attn.w_msa.qkv.weight - torch.Size([2304, 768]): 
Initialized by user-defined `init_weights` in SwinTransformer  

backbone.stages.3.blocks.1.attn.w_msa.qkv.bias - torch.Size([2304]): 
Initialized by user-defined `init_weights` in SwinTransformer  

backbone.stages.3.blocks.1.attn.w_msa.proj.weight - torch.Size([768, 768]): 
Initialized by user-defined `init_weights` in SwinTransformer  

backbone.stages.3.blocks.1.attn.w_msa.proj.bias - torch.Size([768]): 
Initialized by user-defined `init_weights` in SwinTransformer  

backbone.stages.3.blocks.1.norm2.weight - torch.Size([768]): 
Initialized by user-defined `init_weights` in SwinTransformer  

backbone.stages.3.blocks.1.norm2.bias - torch.Size([768]): 
Initialized by user-defined `init_weights` in SwinTransformer  

backbone.stages.3.blocks.1.ffn.layers.0.0.weight - torch.Size([3072, 768]): 
Initialized by user-defined `init_weights` in SwinTransformer  

backbone.stages.3.blocks.1.ffn.layers.0.0.bias - torch.Size([3072]): 
Initialized by user-defined `init_weights` in SwinTransformer  

backbone.stages.3.blocks.1.ffn.layers.1.weight - torch.Size([768, 3072]): 
Initialized by user-defined `init_weights` in SwinTransformer  

backbone.stages.3.blocks.1.ffn.layers.1.bias - torch.Size([768]): 
Initialized by user-defined `init_weights` in SwinTransformer  

backbone.norm0.weight - torch.Size([96]): 
The value is the same before and after calling `init_weights` of EncoderDecoder  

backbone.norm0.bias - torch.Size([96]): 
The value is the same before and after calling `init_weights` of EncoderDecoder  

backbone.norm1.weight - torch.Size([192]): 
The value is the same before and after calling `init_weights` of EncoderDecoder  

backbone.norm1.bias - torch.Size([192]): 
The value is the same before and after calling `init_weights` of EncoderDecoder  

backbone.norm2.weight - torch.Size([384]): 
The value is the same before and after calling `init_weights` of EncoderDecoder  

backbone.norm2.bias - torch.Size([384]): 
The value is the same before and after calling `init_weights` of EncoderDecoder  

backbone.norm3.weight - torch.Size([768]): 
The value is the same before and after calling `init_weights` of EncoderDecoder  

backbone.norm3.bias - torch.Size([768]): 
The value is the same before and after calling `init_weights` of EncoderDecoder  

decode_head.pixel_decoder.input_convs.0.conv.weight - torch.Size([256, 768, 1, 1]): 
Initialized by user-defined `init_weights` in Mask2FormerHead  

decode_head.pixel_decoder.input_convs.0.conv.bias - torch.Size([256]): 
The value is the same before and after calling `init_weights` of EncoderDecoder  

decode_head.pixel_decoder.input_convs.0.gn.weight - torch.Size([256]): 
The value is the same before and after calling `init_weights` of EncoderDecoder  

decode_head.pixel_decoder.input_convs.0.gn.bias - torch.Size([256]): 
The value is the same before and after calling `init_weights` of EncoderDecoder  

decode_head.pixel_decoder.input_convs.1.conv.weight - torch.Size([256, 384, 1, 1]): 
Initialized by user-defined `init_weights` in Mask2FormerHead  

decode_head.pixel_decoder.input_convs.1.conv.bias - torch.Size([256]): 
The value is the same before and after calling `init_weights` of EncoderDecoder  

decode_head.pixel_decoder.input_convs.1.gn.weight - torch.Size([256]): 
The value is the same before and after calling `init_weights` of EncoderDecoder  

decode_head.pixel_decoder.input_convs.1.gn.bias - torch.Size([256]): 
The value is the same before and after calling `init_weights` of EncoderDecoder  

decode_head.pixel_decoder.input_convs.2.conv.weight - torch.Size([256, 192, 1, 1]): 
Initialized by user-defined `init_weights` in Mask2FormerHead  

decode_head.pixel_decoder.input_convs.2.conv.bias - torch.Size([256]): 
The value is the same before and after calling `init_weights` of EncoderDecoder  

decode_head.pixel_decoder.input_convs.2.gn.weight - torch.Size([256]): 
The value is the same before and after calling `init_weights` of EncoderDecoder  

decode_head.pixel_decoder.input_convs.2.gn.bias - torch.Size([256]): 
The value is the same before and after calling `init_weights` of EncoderDecoder  

decode_head.pixel_decoder.encoder.layers.0.self_attn.sampling_offsets.weight - torch.Size([192, 256]): 
The value is the same before and after calling `init_weights` of EncoderDecoder  

decode_head.pixel_decoder.encoder.layers.0.self_attn.sampling_offsets.bias - torch.Size([192]): 
The value is the same before and after calling `init_weights` of EncoderDecoder  

decode_head.pixel_decoder.encoder.layers.0.self_attn.attention_weights.weight - torch.Size([96, 256]): 
The value is the same before and after calling `init_weights` of EncoderDecoder  

decode_head.pixel_decoder.encoder.layers.0.self_attn.attention_weights.bias - torch.Size([96]): 
The value is the same before and after calling `init_weights` of EncoderDecoder  

decode_head.pixel_decoder.encoder.layers.0.self_attn.value_proj.weight - torch.Size([256, 256]): 
Initialized by user-defined `init_weights` in Mask2FormerHead  

decode_head.pixel_decoder.encoder.layers.0.self_attn.value_proj.bias - torch.Size([256]): 
The value is the same before and after calling `init_weights` of EncoderDecoder  

decode_head.pixel_decoder.encoder.layers.0.self_attn.output_proj.weight - torch.Size([256, 256]): 
Initialized by user-defined `init_weights` in Mask2FormerHead  

decode_head.pixel_decoder.encoder.layers.0.self_attn.output_proj.bias - torch.Size([256]): 
The value is the same before and after calling `init_weights` of EncoderDecoder  

decode_head.pixel_decoder.encoder.layers.0.ffn.layers.0.0.weight - torch.Size([1024, 256]): 
Initialized by user-defined `init_weights` in Mask2FormerHead  

decode_head.pixel_decoder.encoder.layers.0.ffn.layers.0.0.bias - torch.Size([1024]): 
The value is the same before and after calling `init_weights` of EncoderDecoder  

decode_head.pixel_decoder.encoder.layers.0.ffn.layers.1.weight - torch.Size([256, 1024]): 
Initialized by user-defined `init_weights` in Mask2FormerHead  

decode_head.pixel_decoder.encoder.layers.0.ffn.layers.1.bias - torch.Size([256]): 
The value is the same before and after calling `init_weights` of EncoderDecoder  

decode_head.pixel_decoder.encoder.layers.0.norms.0.weight - torch.Size([256]): 
The value is the same before and after calling `init_weights` of EncoderDecoder  

decode_head.pixel_decoder.encoder.layers.0.norms.0.bias - torch.Size([256]): 
The value is the same before and after calling `init_weights` of EncoderDecoder  

decode_head.pixel_decoder.encoder.layers.0.norms.1.weight - torch.Size([256]): 
The value is the same before and after calling `init_weights` of EncoderDecoder  

decode_head.pixel_decoder.encoder.layers.0.norms.1.bias - torch.Size([256]): 
The value is the same before and after calling `init_weights` of EncoderDecoder  

decode_head.pixel_decoder.encoder.layers.1.self_attn.sampling_offsets.weight - torch.Size([192, 256]): 
The value is the same before and after calling `init_weights` of EncoderDecoder  

decode_head.pixel_decoder.encoder.layers.1.self_attn.sampling_offsets.bias - torch.Size([192]): 
The value is the same before and after calling `init_weights` of EncoderDecoder  

decode_head.pixel_decoder.encoder.layers.1.self_attn.attention_weights.weight - torch.Size([96, 256]): 
The value is the same before and after calling `init_weights` of EncoderDecoder  

decode_head.pixel_decoder.encoder.layers.1.self_attn.attention_weights.bias - torch.Size([96]): 
The value is the same before and after calling `init_weights` of EncoderDecoder  

decode_head.pixel_decoder.encoder.layers.1.self_attn.value_proj.weight - torch.Size([256, 256]): 
Initialized by user-defined `init_weights` in Mask2FormerHead  

decode_head.pixel_decoder.encoder.layers.1.self_attn.value_proj.bias - torch.Size([256]): 
The value is the same before and after calling `init_weights` of EncoderDecoder  

decode_head.pixel_decoder.encoder.layers.1.self_attn.output_proj.weight - torch.Size([256, 256]): 
Initialized by user-defined `init_weights` in Mask2FormerHead  

decode_head.pixel_decoder.encoder.layers.1.self_attn.output_proj.bias - torch.Size([256]): 
The value is the same before and after calling `init_weights` of EncoderDecoder  

decode_head.pixel_decoder.encoder.layers.1.ffn.layers.0.0.weight - torch.Size([1024, 256]): 
Initialized by user-defined `init_weights` in Mask2FormerHead  

decode_head.pixel_decoder.encoder.layers.1.ffn.layers.0.0.bias - torch.Size([1024]): 
The value is the same before and after calling `init_weights` of EncoderDecoder  

decode_head.pixel_decoder.encoder.layers.1.ffn.layers.1.weight - torch.Size([256, 1024]): 
Initialized by user-defined `init_weights` in Mask2FormerHead  

decode_head.pixel_decoder.encoder.layers.1.ffn.layers.1.bias - torch.Size([256]): 
The value is the same before and after calling `init_weights` of EncoderDecoder  

decode_head.pixel_decoder.encoder.layers.1.norms.0.weight - torch.Size([256]): 
The value is the same before and after calling `init_weights` of EncoderDecoder  

decode_head.pixel_decoder.encoder.layers.1.norms.0.bias - torch.Size([256]): 
The value is the same before and after calling `init_weights` of EncoderDecoder  

decode_head.pixel_decoder.encoder.layers.1.norms.1.weight - torch.Size([256]): 
The value is the same before and after calling `init_weights` of EncoderDecoder  

decode_head.pixel_decoder.encoder.layers.1.norms.1.bias - torch.Size([256]): 
The value is the same before and after calling `init_weights` of EncoderDecoder  

decode_head.pixel_decoder.encoder.layers.2.self_attn.sampling_offsets.weight - torch.Size([192, 256]): 
The value is the same before and after calling `init_weights` of EncoderDecoder  

decode_head.pixel_decoder.encoder.layers.2.self_attn.sampling_offsets.bias - torch.Size([192]): 
The value is the same before and after calling `init_weights` of EncoderDecoder  

decode_head.pixel_decoder.encoder.layers.2.self_attn.attention_weights.weight - torch.Size([96, 256]): 
The value is the same before and after calling `init_weights` of EncoderDecoder  

decode_head.pixel_decoder.encoder.layers.2.self_attn.attention_weights.bias - torch.Size([96]): 
The value is the same before and after calling `init_weights` of EncoderDecoder  

decode_head.pixel_decoder.encoder.layers.2.self_attn.value_proj.weight - torch.Size([256, 256]): 
Initialized by user-defined `init_weights` in Mask2FormerHead  

decode_head.pixel_decoder.encoder.layers.2.self_attn.value_proj.bias - torch.Size([256]): 
The value is the same before and after calling `init_weights` of EncoderDecoder  

decode_head.pixel_decoder.encoder.layers.2.self_attn.output_proj.weight - torch.Size([256, 256]): 
Initialized by user-defined `init_weights` in Mask2FormerHead  

decode_head.pixel_decoder.encoder.layers.2.self_attn.output_proj.bias - torch.Size([256]): 
The value is the same before and after calling `init_weights` of EncoderDecoder  

decode_head.pixel_decoder.encoder.layers.2.ffn.layers.0.0.weight - torch.Size([1024, 256]): 
Initialized by user-defined `init_weights` in Mask2FormerHead  

decode_head.pixel_decoder.encoder.layers.2.ffn.layers.0.0.bias - torch.Size([1024]): 
The value is the same before and after calling `init_weights` of EncoderDecoder  

decode_head.pixel_decoder.encoder.layers.2.ffn.layers.1.weight - torch.Size([256, 1024]): 
Initialized by user-defined `init_weights` in Mask2FormerHead  

decode_head.pixel_decoder.encoder.layers.2.ffn.layers.1.bias - torch.Size([256]): 
The value is the same before and after calling `init_weights` of EncoderDecoder  

decode_head.pixel_decoder.encoder.layers.2.norms.0.weight - torch.Size([256]): 
The value is the same before and after calling `init_weights` of EncoderDecoder  

decode_head.pixel_decoder.encoder.layers.2.norms.0.bias - torch.Size([256]): 
The value is the same before and after calling `init_weights` of EncoderDecoder  

decode_head.pixel_decoder.encoder.layers.2.norms.1.weight - torch.Size([256]): 
The value is the same before and after calling `init_weights` of EncoderDecoder  

decode_head.pixel_decoder.encoder.layers.2.norms.1.bias - torch.Size([256]): 
The value is the same before and after calling `init_weights` of EncoderDecoder  

decode_head.pixel_decoder.encoder.layers.3.self_attn.sampling_offsets.weight - torch.Size([192, 256]): 
The value is the same before and after calling `init_weights` of EncoderDecoder  

decode_head.pixel_decoder.encoder.layers.3.self_attn.sampling_offsets.bias - torch.Size([192]): 
The value is the same before and after calling `init_weights` of EncoderDecoder  

decode_head.pixel_decoder.encoder.layers.3.self_attn.attention_weights.weight - torch.Size([96, 256]): 
The value is the same before and after calling `init_weights` of EncoderDecoder  

decode_head.pixel_decoder.encoder.layers.3.self_attn.attention_weights.bias - torch.Size([96]): 
The value is the same before and after calling `init_weights` of EncoderDecoder  

decode_head.pixel_decoder.encoder.layers.3.self_attn.value_proj.weight - torch.Size([256, 256]): 
Initialized by user-defined `init_weights` in Mask2FormerHead  

decode_head.pixel_decoder.encoder.layers.3.self_attn.value_proj.bias - torch.Size([256]): 
The value is the same before and after calling `init_weights` of EncoderDecoder  

decode_head.pixel_decoder.encoder.layers.3.self_attn.output_proj.weight - torch.Size([256, 256]): 
Initialized by user-defined `init_weights` in Mask2FormerHead  

decode_head.pixel_decoder.encoder.layers.3.self_attn.output_proj.bias - torch.Size([256]): 
The value is the same before and after calling `init_weights` of EncoderDecoder  

decode_head.pixel_decoder.encoder.layers.3.ffn.layers.0.0.weight - torch.Size([1024, 256]): 
Initialized by user-defined `init_weights` in Mask2FormerHead  

decode_head.pixel_decoder.encoder.layers.3.ffn.layers.0.0.bias - torch.Size([1024]): 
The value is the same before and after calling `init_weights` of EncoderDecoder  

decode_head.pixel_decoder.encoder.layers.3.ffn.layers.1.weight - torch.Size([256, 1024]): 
Initialized by user-defined `init_weights` in Mask2FormerHead  

decode_head.pixel_decoder.encoder.layers.3.ffn.layers.1.bias - torch.Size([256]): 
The value is the same before and after calling `init_weights` of EncoderDecoder  

decode_head.pixel_decoder.encoder.layers.3.norms.0.weight - torch.Size([256]): 
The value is the same before and after calling `init_weights` of EncoderDecoder  

decode_head.pixel_decoder.encoder.layers.3.norms.0.bias - torch.Size([256]): 
The value is the same before and after calling `init_weights` of EncoderDecoder  

decode_head.pixel_decoder.encoder.layers.3.norms.1.weight - torch.Size([256]): 
The value is the same before and after calling `init_weights` of EncoderDecoder  

decode_head.pixel_decoder.encoder.layers.3.norms.1.bias - torch.Size([256]): 
The value is the same before and after calling `init_weights` of EncoderDecoder  

decode_head.pixel_decoder.encoder.layers.4.self_attn.sampling_offsets.weight - torch.Size([192, 256]): 
The value is the same before and after calling `init_weights` of EncoderDecoder  

decode_head.pixel_decoder.encoder.layers.4.self_attn.sampling_offsets.bias - torch.Size([192]): 
The value is the same before and after calling `init_weights` of EncoderDecoder  

decode_head.pixel_decoder.encoder.layers.4.self_attn.attention_weights.weight - torch.Size([96, 256]): 
The value is the same before and after calling `init_weights` of EncoderDecoder  

decode_head.pixel_decoder.encoder.layers.4.self_attn.attention_weights.bias - torch.Size([96]): 
The value is the same before and after calling `init_weights` of EncoderDecoder  

decode_head.pixel_decoder.encoder.layers.4.self_attn.value_proj.weight - torch.Size([256, 256]): 
Initialized by user-defined `init_weights` in Mask2FormerHead  

decode_head.pixel_decoder.encoder.layers.4.self_attn.value_proj.bias - torch.Size([256]): 
The value is the same before and after calling `init_weights` of EncoderDecoder  

decode_head.pixel_decoder.encoder.layers.4.self_attn.output_proj.weight - torch.Size([256, 256]): 
Initialized by user-defined `init_weights` in Mask2FormerHead  

decode_head.pixel_decoder.encoder.layers.4.self_attn.output_proj.bias - torch.Size([256]): 
The value is the same before and after calling `init_weights` of EncoderDecoder  

decode_head.pixel_decoder.encoder.layers.4.ffn.layers.0.0.weight - torch.Size([1024, 256]): 
Initialized by user-defined `init_weights` in Mask2FormerHead  

decode_head.pixel_decoder.encoder.layers.4.ffn.layers.0.0.bias - torch.Size([1024]): 
The value is the same before and after calling `init_weights` of EncoderDecoder  

decode_head.pixel_decoder.encoder.layers.4.ffn.layers.1.weight - torch.Size([256, 1024]): 
Initialized by user-defined `init_weights` in Mask2FormerHead  

decode_head.pixel_decoder.encoder.layers.4.ffn.layers.1.bias - torch.Size([256]): 
The value is the same before and after calling `init_weights` of EncoderDecoder  

decode_head.pixel_decoder.encoder.layers.4.norms.0.weight - torch.Size([256]): 
The value is the same before and after calling `init_weights` of EncoderDecoder  

decode_head.pixel_decoder.encoder.layers.4.norms.0.bias - torch.Size([256]): 
The value is the same before and after calling `init_weights` of EncoderDecoder  

decode_head.pixel_decoder.encoder.layers.4.norms.1.weight - torch.Size([256]): 
The value is the same before and after calling `init_weights` of EncoderDecoder  

decode_head.pixel_decoder.encoder.layers.4.norms.1.bias - torch.Size([256]): 
The value is the same before and after calling `init_weights` of EncoderDecoder  

decode_head.pixel_decoder.encoder.layers.5.self_attn.sampling_offsets.weight - torch.Size([192, 256]): 
The value is the same before and after calling `init_weights` of EncoderDecoder  

decode_head.pixel_decoder.encoder.layers.5.self_attn.sampling_offsets.bias - torch.Size([192]): 
The value is the same before and after calling `init_weights` of EncoderDecoder  

decode_head.pixel_decoder.encoder.layers.5.self_attn.attention_weights.weight - torch.Size([96, 256]): 
The value is the same before and after calling `init_weights` of EncoderDecoder  

decode_head.pixel_decoder.encoder.layers.5.self_attn.attention_weights.bias - torch.Size([96]): 
The value is the same before and after calling `init_weights` of EncoderDecoder  

decode_head.pixel_decoder.encoder.layers.5.self_attn.value_proj.weight - torch.Size([256, 256]): 
Initialized by user-defined `init_weights` in Mask2FormerHead  

decode_head.pixel_decoder.encoder.layers.5.self_attn.value_proj.bias - torch.Size([256]): 
The value is the same before and after calling `init_weights` of EncoderDecoder  

decode_head.pixel_decoder.encoder.layers.5.self_attn.output_proj.weight - torch.Size([256, 256]): 
Initialized by user-defined `init_weights` in Mask2FormerHead  

decode_head.pixel_decoder.encoder.layers.5.self_attn.output_proj.bias - torch.Size([256]): 
The value is the same before and after calling `init_weights` of EncoderDecoder  

decode_head.pixel_decoder.encoder.layers.5.ffn.layers.0.0.weight - torch.Size([1024, 256]): 
Initialized by user-defined `init_weights` in Mask2FormerHead  

decode_head.pixel_decoder.encoder.layers.5.ffn.layers.0.0.bias - torch.Size([1024]): 
The value is the same before and after calling `init_weights` of EncoderDecoder  

decode_head.pixel_decoder.encoder.layers.5.ffn.layers.1.weight - torch.Size([256, 1024]): 
Initialized by user-defined `init_weights` in Mask2FormerHead  

decode_head.pixel_decoder.encoder.layers.5.ffn.layers.1.bias - torch.Size([256]): 
The value is the same before and after calling `init_weights` of EncoderDecoder  

decode_head.pixel_decoder.encoder.layers.5.norms.0.weight - torch.Size([256]): 
The value is the same before and after calling `init_weights` of EncoderDecoder  

decode_head.pixel_decoder.encoder.layers.5.norms.0.bias - torch.Size([256]): 
The value is the same before and after calling `init_weights` of EncoderDecoder  

decode_head.pixel_decoder.encoder.layers.5.norms.1.weight - torch.Size([256]): 
The value is the same before and after calling `init_weights` of EncoderDecoder  

decode_head.pixel_decoder.encoder.layers.5.norms.1.bias - torch.Size([256]): 
The value is the same before and after calling `init_weights` of EncoderDecoder  

decode_head.pixel_decoder.level_encoding.weight - torch.Size([3, 256]): 
Initialized by user-defined `init_weights` in Mask2FormerHead  

decode_head.pixel_decoder.lateral_convs.0.conv.weight - torch.Size([256, 96, 1, 1]): 
Initialized by user-defined `init_weights` in Mask2FormerHead  

decode_head.pixel_decoder.lateral_convs.0.gn.weight - torch.Size([256]): 
The value is the same before and after calling `init_weights` of EncoderDecoder  

decode_head.pixel_decoder.lateral_convs.0.gn.bias - torch.Size([256]): 
The value is the same before and after calling `init_weights` of EncoderDecoder  

decode_head.pixel_decoder.output_convs.0.conv.weight - torch.Size([256, 256, 3, 3]): 
Initialized by user-defined `init_weights` in Mask2FormerHead  

decode_head.pixel_decoder.output_convs.0.gn.weight - torch.Size([256]): 
The value is the same before and after calling `init_weights` of EncoderDecoder  

decode_head.pixel_decoder.output_convs.0.gn.bias - torch.Size([256]): 
The value is the same before and after calling `init_weights` of EncoderDecoder  

decode_head.pixel_decoder.mask_feature.weight - torch.Size([256, 256, 1, 1]): 
Initialized by user-defined `init_weights` in Mask2FormerHead  

decode_head.pixel_decoder.mask_feature.bias - torch.Size([256]): 
Initialized by user-defined `init_weights` in Mask2FormerHead  

decode_head.transformer_decoder.layers.0.self_attn.attn.in_proj_weight - torch.Size([768, 256]): 
Initialized by user-defined `init_weights` in Mask2FormerHead  

decode_head.transformer_decoder.layers.0.self_attn.attn.in_proj_bias - torch.Size([768]): 
The value is the same before and after calling `init_weights` of EncoderDecoder  

decode_head.transformer_decoder.layers.0.self_attn.attn.out_proj.weight - torch.Size([256, 256]): 
Initialized by user-defined `init_weights` in Mask2FormerHead  

decode_head.transformer_decoder.layers.0.self_attn.attn.out_proj.bias - torch.Size([256]): 
The value is the same before and after calling `init_weights` of EncoderDecoder  

decode_head.transformer_decoder.layers.0.cross_attn.attn.in_proj_weight - torch.Size([768, 256]): 
Initialized by user-defined `init_weights` in Mask2FormerHead  

decode_head.transformer_decoder.layers.0.cross_attn.attn.in_proj_bias - torch.Size([768]): 
The value is the same before and after calling `init_weights` of EncoderDecoder  

decode_head.transformer_decoder.layers.0.cross_attn.attn.out_proj.weight - torch.Size([256, 256]): 
Initialized by user-defined `init_weights` in Mask2FormerHead  

decode_head.transformer_decoder.layers.0.cross_attn.attn.out_proj.bias - torch.Size([256]): 
The value is the same before and after calling `init_weights` of EncoderDecoder  

decode_head.transformer_decoder.layers.0.ffn.layers.0.0.weight - torch.Size([2048, 256]): 
Initialized by user-defined `init_weights` in Mask2FormerHead  

decode_head.transformer_decoder.layers.0.ffn.layers.0.0.bias - torch.Size([2048]): 
The value is the same before and after calling `init_weights` of EncoderDecoder  

decode_head.transformer_decoder.layers.0.ffn.layers.1.weight - torch.Size([256, 2048]): 
Initialized by user-defined `init_weights` in Mask2FormerHead  

decode_head.transformer_decoder.layers.0.ffn.layers.1.bias - torch.Size([256]): 
The value is the same before and after calling `init_weights` of EncoderDecoder  

decode_head.transformer_decoder.layers.0.norms.0.weight - torch.Size([256]): 
The value is the same before and after calling `init_weights` of EncoderDecoder  

decode_head.transformer_decoder.layers.0.norms.0.bias - torch.Size([256]): 
The value is the same before and after calling `init_weights` of EncoderDecoder  

decode_head.transformer_decoder.layers.0.norms.1.weight - torch.Size([256]): 
The value is the same before and after calling `init_weights` of EncoderDecoder  

decode_head.transformer_decoder.layers.0.norms.1.bias - torch.Size([256]): 
The value is the same before and after calling `init_weights` of EncoderDecoder  

decode_head.transformer_decoder.layers.0.norms.2.weight - torch.Size([256]): 
The value is the same before and after calling `init_weights` of EncoderDecoder  

decode_head.transformer_decoder.layers.0.norms.2.bias - torch.Size([256]): 
The value is the same before and after calling `init_weights` of EncoderDecoder  

decode_head.transformer_decoder.layers.1.self_attn.attn.in_proj_weight - torch.Size([768, 256]): 
Initialized by user-defined `init_weights` in Mask2FormerHead  

decode_head.transformer_decoder.layers.1.self_attn.attn.in_proj_bias - torch.Size([768]): 
The value is the same before and after calling `init_weights` of EncoderDecoder  

decode_head.transformer_decoder.layers.1.self_attn.attn.out_proj.weight - torch.Size([256, 256]): 
Initialized by user-defined `init_weights` in Mask2FormerHead  

decode_head.transformer_decoder.layers.1.self_attn.attn.out_proj.bias - torch.Size([256]): 
The value is the same before and after calling `init_weights` of EncoderDecoder  

decode_head.transformer_decoder.layers.1.cross_attn.attn.in_proj_weight - torch.Size([768, 256]): 
Initialized by user-defined `init_weights` in Mask2FormerHead  

decode_head.transformer_decoder.layers.1.cross_attn.attn.in_proj_bias - torch.Size([768]): 
The value is the same before and after calling `init_weights` of EncoderDecoder  

decode_head.transformer_decoder.layers.1.cross_attn.attn.out_proj.weight - torch.Size([256, 256]): 
Initialized by user-defined `init_weights` in Mask2FormerHead  

decode_head.transformer_decoder.layers.1.cross_attn.attn.out_proj.bias - torch.Size([256]): 
The value is the same before and after calling `init_weights` of EncoderDecoder  

decode_head.transformer_decoder.layers.1.ffn.layers.0.0.weight - torch.Size([2048, 256]): 
Initialized by user-defined `init_weights` in Mask2FormerHead  

decode_head.transformer_decoder.layers.1.ffn.layers.0.0.bias - torch.Size([2048]): 
The value is the same before and after calling `init_weights` of EncoderDecoder  

decode_head.transformer_decoder.layers.1.ffn.layers.1.weight - torch.Size([256, 2048]): 
Initialized by user-defined `init_weights` in Mask2FormerHead  

decode_head.transformer_decoder.layers.1.ffn.layers.1.bias - torch.Size([256]): 
The value is the same before and after calling `init_weights` of EncoderDecoder  

decode_head.transformer_decoder.layers.1.norms.0.weight - torch.Size([256]): 
The value is the same before and after calling `init_weights` of EncoderDecoder  

decode_head.transformer_decoder.layers.1.norms.0.bias - torch.Size([256]): 
The value is the same before and after calling `init_weights` of EncoderDecoder  

decode_head.transformer_decoder.layers.1.norms.1.weight - torch.Size([256]): 
The value is the same before and after calling `init_weights` of EncoderDecoder  

decode_head.transformer_decoder.layers.1.norms.1.bias - torch.Size([256]): 
The value is the same before and after calling `init_weights` of EncoderDecoder  

decode_head.transformer_decoder.layers.1.norms.2.weight - torch.Size([256]): 
The value is the same before and after calling `init_weights` of EncoderDecoder  

decode_head.transformer_decoder.layers.1.norms.2.bias - torch.Size([256]): 
The value is the same before and after calling `init_weights` of EncoderDecoder  

decode_head.transformer_decoder.layers.2.self_attn.attn.in_proj_weight - torch.Size([768, 256]): 
Initialized by user-defined `init_weights` in Mask2FormerHead  

decode_head.transformer_decoder.layers.2.self_attn.attn.in_proj_bias - torch.Size([768]): 
The value is the same before and after calling `init_weights` of EncoderDecoder  

decode_head.transformer_decoder.layers.2.self_attn.attn.out_proj.weight - torch.Size([256, 256]): 
Initialized by user-defined `init_weights` in Mask2FormerHead  

decode_head.transformer_decoder.layers.2.self_attn.attn.out_proj.bias - torch.Size([256]): 
The value is the same before and after calling `init_weights` of EncoderDecoder  

decode_head.transformer_decoder.layers.2.cross_attn.attn.in_proj_weight - torch.Size([768, 256]): 
Initialized by user-defined `init_weights` in Mask2FormerHead  

decode_head.transformer_decoder.layers.2.cross_attn.attn.in_proj_bias - torch.Size([768]): 
The value is the same before and after calling `init_weights` of EncoderDecoder  

decode_head.transformer_decoder.layers.2.cross_attn.attn.out_proj.weight - torch.Size([256, 256]): 
Initialized by user-defined `init_weights` in Mask2FormerHead  

decode_head.transformer_decoder.layers.2.cross_attn.attn.out_proj.bias - torch.Size([256]): 
The value is the same before and after calling `init_weights` of EncoderDecoder  

decode_head.transformer_decoder.layers.2.ffn.layers.0.0.weight - torch.Size([2048, 256]): 
Initialized by user-defined `init_weights` in Mask2FormerHead  

decode_head.transformer_decoder.layers.2.ffn.layers.0.0.bias - torch.Size([2048]): 
The value is the same before and after calling `init_weights` of EncoderDecoder  

decode_head.transformer_decoder.layers.2.ffn.layers.1.weight - torch.Size([256, 2048]): 
Initialized by user-defined `init_weights` in Mask2FormerHead  

decode_head.transformer_decoder.layers.2.ffn.layers.1.bias - torch.Size([256]): 
The value is the same before and after calling `init_weights` of EncoderDecoder  

decode_head.transformer_decoder.layers.2.norms.0.weight - torch.Size([256]): 
The value is the same before and after calling `init_weights` of EncoderDecoder  

decode_head.transformer_decoder.layers.2.norms.0.bias - torch.Size([256]): 
The value is the same before and after calling `init_weights` of EncoderDecoder  

decode_head.transformer_decoder.layers.2.norms.1.weight - torch.Size([256]): 
The value is the same before and after calling `init_weights` of EncoderDecoder  

decode_head.transformer_decoder.layers.2.norms.1.bias - torch.Size([256]): 
The value is the same before and after calling `init_weights` of EncoderDecoder  

decode_head.transformer_decoder.layers.2.norms.2.weight - torch.Size([256]): 
The value is the same before and after calling `init_weights` of EncoderDecoder  

decode_head.transformer_decoder.layers.2.norms.2.bias - torch.Size([256]): 
The value is the same before and after calling `init_weights` of EncoderDecoder  

decode_head.transformer_decoder.layers.3.self_attn.attn.in_proj_weight - torch.Size([768, 256]): 
Initialized by user-defined `init_weights` in Mask2FormerHead  

decode_head.transformer_decoder.layers.3.self_attn.attn.in_proj_bias - torch.Size([768]): 
The value is the same before and after calling `init_weights` of EncoderDecoder  

decode_head.transformer_decoder.layers.3.self_attn.attn.out_proj.weight - torch.Size([256, 256]): 
Initialized by user-defined `init_weights` in Mask2FormerHead  

decode_head.transformer_decoder.layers.3.self_attn.attn.out_proj.bias - torch.Size([256]): 
The value is the same before and after calling `init_weights` of EncoderDecoder  

decode_head.transformer_decoder.layers.3.cross_attn.attn.in_proj_weight - torch.Size([768, 256]): 
Initialized by user-defined `init_weights` in Mask2FormerHead  

decode_head.transformer_decoder.layers.3.cross_attn.attn.in_proj_bias - torch.Size([768]): 
The value is the same before and after calling `init_weights` of EncoderDecoder  

decode_head.transformer_decoder.layers.3.cross_attn.attn.out_proj.weight - torch.Size([256, 256]): 
Initialized by user-defined `init_weights` in Mask2FormerHead  

decode_head.transformer_decoder.layers.3.cross_attn.attn.out_proj.bias - torch.Size([256]): 
The value is the same before and after calling `init_weights` of EncoderDecoder  

decode_head.transformer_decoder.layers.3.ffn.layers.0.0.weight - torch.Size([2048, 256]): 
Initialized by user-defined `init_weights` in Mask2FormerHead  

decode_head.transformer_decoder.layers.3.ffn.layers.0.0.bias - torch.Size([2048]): 
The value is the same before and after calling `init_weights` of EncoderDecoder  

decode_head.transformer_decoder.layers.3.ffn.layers.1.weight - torch.Size([256, 2048]): 
Initialized by user-defined `init_weights` in Mask2FormerHead  

decode_head.transformer_decoder.layers.3.ffn.layers.1.bias - torch.Size([256]): 
The value is the same before and after calling `init_weights` of EncoderDecoder  

decode_head.transformer_decoder.layers.3.norms.0.weight - torch.Size([256]): 
The value is the same before and after calling `init_weights` of EncoderDecoder  

decode_head.transformer_decoder.layers.3.norms.0.bias - torch.Size([256]): 
The value is the same before and after calling `init_weights` of EncoderDecoder  

decode_head.transformer_decoder.layers.3.norms.1.weight - torch.Size([256]): 
The value is the same before and after calling `init_weights` of EncoderDecoder  

decode_head.transformer_decoder.layers.3.norms.1.bias - torch.Size([256]): 
The value is the same before and after calling `init_weights` of EncoderDecoder  

decode_head.transformer_decoder.layers.3.norms.2.weight - torch.Size([256]): 
The value is the same before and after calling `init_weights` of EncoderDecoder  

decode_head.transformer_decoder.layers.3.norms.2.bias - torch.Size([256]): 
The value is the same before and after calling `init_weights` of EncoderDecoder  

decode_head.transformer_decoder.layers.4.self_attn.attn.in_proj_weight - torch.Size([768, 256]): 
Initialized by user-defined `init_weights` in Mask2FormerHead  

decode_head.transformer_decoder.layers.4.self_attn.attn.in_proj_bias - torch.Size([768]): 
The value is the same before and after calling `init_weights` of EncoderDecoder  

decode_head.transformer_decoder.layers.4.self_attn.attn.out_proj.weight - torch.Size([256, 256]): 
Initialized by user-defined `init_weights` in Mask2FormerHead  

decode_head.transformer_decoder.layers.4.self_attn.attn.out_proj.bias - torch.Size([256]): 
The value is the same before and after calling `init_weights` of EncoderDecoder  

decode_head.transformer_decoder.layers.4.cross_attn.attn.in_proj_weight - torch.Size([768, 256]): 
Initialized by user-defined `init_weights` in Mask2FormerHead  

decode_head.transformer_decoder.layers.4.cross_attn.attn.in_proj_bias - torch.Size([768]): 
The value is the same before and after calling `init_weights` of EncoderDecoder  

decode_head.transformer_decoder.layers.4.cross_attn.attn.out_proj.weight - torch.Size([256, 256]): 
Initialized by user-defined `init_weights` in Mask2FormerHead  

decode_head.transformer_decoder.layers.4.cross_attn.attn.out_proj.bias - torch.Size([256]): 
The value is the same before and after calling `init_weights` of EncoderDecoder  

decode_head.transformer_decoder.layers.4.ffn.layers.0.0.weight - torch.Size([2048, 256]): 
Initialized by user-defined `init_weights` in Mask2FormerHead  

decode_head.transformer_decoder.layers.4.ffn.layers.0.0.bias - torch.Size([2048]): 
The value is the same before and after calling `init_weights` of EncoderDecoder  

decode_head.transformer_decoder.layers.4.ffn.layers.1.weight - torch.Size([256, 2048]): 
Initialized by user-defined `init_weights` in Mask2FormerHead  

decode_head.transformer_decoder.layers.4.ffn.layers.1.bias - torch.Size([256]): 
The value is the same before and after calling `init_weights` of EncoderDecoder  

decode_head.transformer_decoder.layers.4.norms.0.weight - torch.Size([256]): 
The value is the same before and after calling `init_weights` of EncoderDecoder  

decode_head.transformer_decoder.layers.4.norms.0.bias - torch.Size([256]): 
The value is the same before and after calling `init_weights` of EncoderDecoder  

decode_head.transformer_decoder.layers.4.norms.1.weight - torch.Size([256]): 
The value is the same before and after calling `init_weights` of EncoderDecoder  

decode_head.transformer_decoder.layers.4.norms.1.bias - torch.Size([256]): 
The value is the same before and after calling `init_weights` of EncoderDecoder  

decode_head.transformer_decoder.layers.4.norms.2.weight - torch.Size([256]): 
The value is the same before and after calling `init_weights` of EncoderDecoder  

decode_head.transformer_decoder.layers.4.norms.2.bias - torch.Size([256]): 
The value is the same before and after calling `init_weights` of EncoderDecoder  

decode_head.transformer_decoder.layers.5.self_attn.attn.in_proj_weight - torch.Size([768, 256]): 
Initialized by user-defined `init_weights` in Mask2FormerHead  

decode_head.transformer_decoder.layers.5.self_attn.attn.in_proj_bias - torch.Size([768]): 
The value is the same before and after calling `init_weights` of EncoderDecoder  

decode_head.transformer_decoder.layers.5.self_attn.attn.out_proj.weight - torch.Size([256, 256]): 
Initialized by user-defined `init_weights` in Mask2FormerHead  

decode_head.transformer_decoder.layers.5.self_attn.attn.out_proj.bias - torch.Size([256]): 
The value is the same before and after calling `init_weights` of EncoderDecoder  

decode_head.transformer_decoder.layers.5.cross_attn.attn.in_proj_weight - torch.Size([768, 256]): 
Initialized by user-defined `init_weights` in Mask2FormerHead  

decode_head.transformer_decoder.layers.5.cross_attn.attn.in_proj_bias - torch.Size([768]): 
The value is the same before and after calling `init_weights` of EncoderDecoder  

decode_head.transformer_decoder.layers.5.cross_attn.attn.out_proj.weight - torch.Size([256, 256]): 
Initialized by user-defined `init_weights` in Mask2FormerHead  

decode_head.transformer_decoder.layers.5.cross_attn.attn.out_proj.bias - torch.Size([256]): 
The value is the same before and after calling `init_weights` of EncoderDecoder  

decode_head.transformer_decoder.layers.5.ffn.layers.0.0.weight - torch.Size([2048, 256]): 
Initialized by user-defined `init_weights` in Mask2FormerHead  

decode_head.transformer_decoder.layers.5.ffn.layers.0.0.bias - torch.Size([2048]): 
The value is the same before and after calling `init_weights` of EncoderDecoder  

decode_head.transformer_decoder.layers.5.ffn.layers.1.weight - torch.Size([256, 2048]): 
Initialized by user-defined `init_weights` in Mask2FormerHead  

decode_head.transformer_decoder.layers.5.ffn.layers.1.bias - torch.Size([256]): 
The value is the same before and after calling `init_weights` of EncoderDecoder  

decode_head.transformer_decoder.layers.5.norms.0.weight - torch.Size([256]): 
The value is the same before and after calling `init_weights` of EncoderDecoder  

decode_head.transformer_decoder.layers.5.norms.0.bias - torch.Size([256]): 
The value is the same before and after calling `init_weights` of EncoderDecoder  

decode_head.transformer_decoder.layers.5.norms.1.weight - torch.Size([256]): 
The value is the same before and after calling `init_weights` of EncoderDecoder  

decode_head.transformer_decoder.layers.5.norms.1.bias - torch.Size([256]): 
The value is the same before and after calling `init_weights` of EncoderDecoder  

decode_head.transformer_decoder.layers.5.norms.2.weight - torch.Size([256]): 
The value is the same before and after calling `init_weights` of EncoderDecoder  

decode_head.transformer_decoder.layers.5.norms.2.bias - torch.Size([256]): 
The value is the same before and after calling `init_weights` of EncoderDecoder  

decode_head.transformer_decoder.layers.6.self_attn.attn.in_proj_weight - torch.Size([768, 256]): 
Initialized by user-defined `init_weights` in Mask2FormerHead  

decode_head.transformer_decoder.layers.6.self_attn.attn.in_proj_bias - torch.Size([768]): 
The value is the same before and after calling `init_weights` of EncoderDecoder  

decode_head.transformer_decoder.layers.6.self_attn.attn.out_proj.weight - torch.Size([256, 256]): 
Initialized by user-defined `init_weights` in Mask2FormerHead  

decode_head.transformer_decoder.layers.6.self_attn.attn.out_proj.bias - torch.Size([256]): 
The value is the same before and after calling `init_weights` of EncoderDecoder  

decode_head.transformer_decoder.layers.6.cross_attn.attn.in_proj_weight - torch.Size([768, 256]): 
Initialized by user-defined `init_weights` in Mask2FormerHead  

decode_head.transformer_decoder.layers.6.cross_attn.attn.in_proj_bias - torch.Size([768]): 
The value is the same before and after calling `init_weights` of EncoderDecoder  

decode_head.transformer_decoder.layers.6.cross_attn.attn.out_proj.weight - torch.Size([256, 256]): 
Initialized by user-defined `init_weights` in Mask2FormerHead  

decode_head.transformer_decoder.layers.6.cross_attn.attn.out_proj.bias - torch.Size([256]): 
The value is the same before and after calling `init_weights` of EncoderDecoder  

decode_head.transformer_decoder.layers.6.ffn.layers.0.0.weight - torch.Size([2048, 256]): 
Initialized by user-defined `init_weights` in Mask2FormerHead  

decode_head.transformer_decoder.layers.6.ffn.layers.0.0.bias - torch.Size([2048]): 
The value is the same before and after calling `init_weights` of EncoderDecoder  

decode_head.transformer_decoder.layers.6.ffn.layers.1.weight - torch.Size([256, 2048]): 
Initialized by user-defined `init_weights` in Mask2FormerHead  

decode_head.transformer_decoder.layers.6.ffn.layers.1.bias - torch.Size([256]): 
The value is the same before and after calling `init_weights` of EncoderDecoder  

decode_head.transformer_decoder.layers.6.norms.0.weight - torch.Size([256]): 
The value is the same before and after calling `init_weights` of EncoderDecoder  

decode_head.transformer_decoder.layers.6.norms.0.bias - torch.Size([256]): 
The value is the same before and after calling `init_weights` of EncoderDecoder  

decode_head.transformer_decoder.layers.6.norms.1.weight - torch.Size([256]): 
The value is the same before and after calling `init_weights` of EncoderDecoder  

decode_head.transformer_decoder.layers.6.norms.1.bias - torch.Size([256]): 
The value is the same before and after calling `init_weights` of EncoderDecoder  

decode_head.transformer_decoder.layers.6.norms.2.weight - torch.Size([256]): 
The value is the same before and after calling `init_weights` of EncoderDecoder  

decode_head.transformer_decoder.layers.6.norms.2.bias - torch.Size([256]): 
The value is the same before and after calling `init_weights` of EncoderDecoder  

decode_head.transformer_decoder.layers.7.self_attn.attn.in_proj_weight - torch.Size([768, 256]): 
Initialized by user-defined `init_weights` in Mask2FormerHead  

decode_head.transformer_decoder.layers.7.self_attn.attn.in_proj_bias - torch.Size([768]): 
The value is the same before and after calling `init_weights` of EncoderDecoder  

decode_head.transformer_decoder.layers.7.self_attn.attn.out_proj.weight - torch.Size([256, 256]): 
Initialized by user-defined `init_weights` in Mask2FormerHead  

decode_head.transformer_decoder.layers.7.self_attn.attn.out_proj.bias - torch.Size([256]): 
The value is the same before and after calling `init_weights` of EncoderDecoder  

decode_head.transformer_decoder.layers.7.cross_attn.attn.in_proj_weight - torch.Size([768, 256]): 
Initialized by user-defined `init_weights` in Mask2FormerHead  

decode_head.transformer_decoder.layers.7.cross_attn.attn.in_proj_bias - torch.Size([768]): 
The value is the same before and after calling `init_weights` of EncoderDecoder  

decode_head.transformer_decoder.layers.7.cross_attn.attn.out_proj.weight - torch.Size([256, 256]): 
Initialized by user-defined `init_weights` in Mask2FormerHead  

decode_head.transformer_decoder.layers.7.cross_attn.attn.out_proj.bias - torch.Size([256]): 
The value is the same before and after calling `init_weights` of EncoderDecoder  

decode_head.transformer_decoder.layers.7.ffn.layers.0.0.weight - torch.Size([2048, 256]): 
Initialized by user-defined `init_weights` in Mask2FormerHead  

decode_head.transformer_decoder.layers.7.ffn.layers.0.0.bias - torch.Size([2048]): 
The value is the same before and after calling `init_weights` of EncoderDecoder  

decode_head.transformer_decoder.layers.7.ffn.layers.1.weight - torch.Size([256, 2048]): 
Initialized by user-defined `init_weights` in Mask2FormerHead  

decode_head.transformer_decoder.layers.7.ffn.layers.1.bias - torch.Size([256]): 
The value is the same before and after calling `init_weights` of EncoderDecoder  

decode_head.transformer_decoder.layers.7.norms.0.weight - torch.Size([256]): 
The value is the same before and after calling `init_weights` of EncoderDecoder  

decode_head.transformer_decoder.layers.7.norms.0.bias - torch.Size([256]): 
The value is the same before and after calling `init_weights` of EncoderDecoder  

decode_head.transformer_decoder.layers.7.norms.1.weight - torch.Size([256]): 
The value is the same before and after calling `init_weights` of EncoderDecoder  

decode_head.transformer_decoder.layers.7.norms.1.bias - torch.Size([256]): 
The value is the same before and after calling `init_weights` of EncoderDecoder  

decode_head.transformer_decoder.layers.7.norms.2.weight - torch.Size([256]): 
The value is the same before and after calling `init_weights` of EncoderDecoder  

decode_head.transformer_decoder.layers.7.norms.2.bias - torch.Size([256]): 
The value is the same before and after calling `init_weights` of EncoderDecoder  

decode_head.transformer_decoder.layers.8.self_attn.attn.in_proj_weight - torch.Size([768, 256]): 
Initialized by user-defined `init_weights` in Mask2FormerHead  

decode_head.transformer_decoder.layers.8.self_attn.attn.in_proj_bias - torch.Size([768]): 
The value is the same before and after calling `init_weights` of EncoderDecoder  

decode_head.transformer_decoder.layers.8.self_attn.attn.out_proj.weight - torch.Size([256, 256]): 
Initialized by user-defined `init_weights` in Mask2FormerHead  

decode_head.transformer_decoder.layers.8.self_attn.attn.out_proj.bias - torch.Size([256]): 
The value is the same before and after calling `init_weights` of EncoderDecoder  

decode_head.transformer_decoder.layers.8.cross_attn.attn.in_proj_weight - torch.Size([768, 256]): 
Initialized by user-defined `init_weights` in Mask2FormerHead  

decode_head.transformer_decoder.layers.8.cross_attn.attn.in_proj_bias - torch.Size([768]): 
The value is the same before and after calling `init_weights` of EncoderDecoder  

decode_head.transformer_decoder.layers.8.cross_attn.attn.out_proj.weight - torch.Size([256, 256]): 
Initialized by user-defined `init_weights` in Mask2FormerHead  

decode_head.transformer_decoder.layers.8.cross_attn.attn.out_proj.bias - torch.Size([256]): 
The value is the same before and after calling `init_weights` of EncoderDecoder  

decode_head.transformer_decoder.layers.8.ffn.layers.0.0.weight - torch.Size([2048, 256]): 
Initialized by user-defined `init_weights` in Mask2FormerHead  

decode_head.transformer_decoder.layers.8.ffn.layers.0.0.bias - torch.Size([2048]): 
The value is the same before and after calling `init_weights` of EncoderDecoder  

decode_head.transformer_decoder.layers.8.ffn.layers.1.weight - torch.Size([256, 2048]): 
Initialized by user-defined `init_weights` in Mask2FormerHead  

decode_head.transformer_decoder.layers.8.ffn.layers.1.bias - torch.Size([256]): 
The value is the same before and after calling `init_weights` of EncoderDecoder  

decode_head.transformer_decoder.layers.8.norms.0.weight - torch.Size([256]): 
The value is the same before and after calling `init_weights` of EncoderDecoder  

decode_head.transformer_decoder.layers.8.norms.0.bias - torch.Size([256]): 
The value is the same before and after calling `init_weights` of EncoderDecoder  

decode_head.transformer_decoder.layers.8.norms.1.weight - torch.Size([256]): 
The value is the same before and after calling `init_weights` of EncoderDecoder  

decode_head.transformer_decoder.layers.8.norms.1.bias - torch.Size([256]): 
The value is the same before and after calling `init_weights` of EncoderDecoder  

decode_head.transformer_decoder.layers.8.norms.2.weight - torch.Size([256]): 
The value is the same before and after calling `init_weights` of EncoderDecoder  

decode_head.transformer_decoder.layers.8.norms.2.bias - torch.Size([256]): 
The value is the same before and after calling `init_weights` of EncoderDecoder  

decode_head.transformer_decoder.post_norm.weight - torch.Size([256]): 
The value is the same before and after calling `init_weights` of EncoderDecoder  

decode_head.transformer_decoder.post_norm.bias - torch.Size([256]): 
The value is the same before and after calling `init_weights` of EncoderDecoder  

decode_head.query_embed.weight - torch.Size([100, 256]): 
The value is the same before and after calling `init_weights` of EncoderDecoder  

decode_head.query_feat.weight - torch.Size([100, 256]): 
The value is the same before and after calling `init_weights` of EncoderDecoder  

decode_head.level_embed.weight - torch.Size([3, 256]): 
The value is the same before and after calling `init_weights` of EncoderDecoder  

decode_head.cls_embed.weight - torch.Size([3, 256]): 
The value is the same before and after calling `init_weights` of EncoderDecoder  

decode_head.cls_embed.bias - torch.Size([3]): 
The value is the same before and after calling `init_weights` of EncoderDecoder  

decode_head.mask_embed.0.weight - torch.Size([256, 256]): 
The value is the same before and after calling `init_weights` of EncoderDecoder  

decode_head.mask_embed.0.bias - torch.Size([256]): 
The value is the same before and after calling `init_weights` of EncoderDecoder  

decode_head.mask_embed.2.weight - torch.Size([256, 256]): 
The value is the same before and after calling `init_weights` of EncoderDecoder  

decode_head.mask_embed.2.bias - torch.Size([256]): 
The value is the same before and after calling `init_weights` of EncoderDecoder  

decode_head.mask_embed.4.weight - torch.Size([256, 256]): 
The value is the same before and after calling `init_weights` of EncoderDecoder  

decode_head.mask_embed.4.bias - torch.Size([256]): 
The value is the same before and after calling `init_weights` of EncoderDecoder  
2025/02/25 15:15:07 - mmengine - INFO - Load checkpoint from G:\experiments\mmsegmentation\work_dirs\mask2former_swin-s_8xb2-160k_ade20k-512x512\best_mIoU_iter_88000.pth
2025/02/25 15:15:07 - mmengine - WARNING - "FileClient" will be deprecated in future. Please use io functions in https://mmengine.readthedocs.io/en/latest/api/fileio.html#file-io
2025/02/25 15:15:07 - mmengine - WARNING - "HardDiskBackend" is the alias of "LocalBackend" and the former will be deprecated in future.
2025/02/25 15:15:07 - mmengine - INFO - Checkpoints will be saved to G:\experiments\mmsegmentation\work_dirs\mask2former_swin-s_8xb2-160k_ade20k-512x512_all_data.
2025/02/25 15:16:03 - mmengine - INFO - Iter(train) [    50/160000]  base_lr: 9.9972e-05 lr: 9.9972e-06  eta: 2 days, 1:59:19  time: 0.8963  data_time: 0.0137  memory: 16793  grad_norm: 232.1624  loss: 9.8372  decode.loss_cls: 0.0814  decode.loss_mask: 0.4040  decode.loss_dice: 0.4763  decode.d0.loss_cls: 0.1437  decode.d0.loss_mask: 0.4084  decode.d0.loss_dice: 0.4775  decode.d1.loss_cls: 0.1012  decode.d1.loss_mask: 0.4055  decode.d1.loss_dice: 0.4893  decode.d2.loss_cls: 0.1142  decode.d2.loss_mask: 0.4016  decode.d2.loss_dice: 0.5067  decode.d3.loss_cls: 0.0660  decode.d3.loss_mask: 0.4102  decode.d3.loss_dice: 0.4819  decode.d4.loss_cls: 0.0651  decode.d4.loss_mask: 0.4251  decode.d4.loss_dice: 0.4946  decode.d5.loss_cls: 0.1070  decode.d5.loss_mask: 0.4001  decode.d5.loss_dice: 0.4642  decode.d6.loss_cls: 0.0925  decode.d6.loss_mask: 0.4005  decode.d6.loss_dice: 0.4702  decode.d7.loss_cls: 0.1021  decode.d7.loss_mask: 0.4002  decode.d7.loss_dice: 0.4775  decode.d8.loss_cls: 0.0890  decode.d8.loss_mask: 0.3989  decode.d8.loss_dice: 0.4821
2025/02/25 15:16:50 - mmengine - INFO - Iter(train) [   100/160000]  base_lr: 9.9944e-05 lr: 9.9944e-06  eta: 1 day, 21:41:31  time: 0.9262  data_time: 0.0154  memory: 15093  grad_norm: 403.5732  loss: 17.1153  decode.loss_cls: 0.1308  decode.loss_mask: 0.8705  decode.loss_dice: 0.8077  decode.d0.loss_cls: 0.2712  decode.d0.loss_mask: 0.7008  decode.d0.loss_dice: 0.7082  decode.d1.loss_cls: 0.1365  decode.d1.loss_mask: 0.8145  decode.d1.loss_dice: 0.7006  decode.d2.loss_cls: 0.1456  decode.d2.loss_mask: 0.8348  decode.d2.loss_dice: 0.6979  decode.d3.loss_cls: 0.1212  decode.d3.loss_mask: 0.8197  decode.d3.loss_dice: 0.7029  decode.d4.loss_cls: 0.1483  decode.d4.loss_mask: 0.8455  decode.d4.loss_dice: 0.7869  decode.d5.loss_cls: 0.1680  decode.d5.loss_mask: 0.8246  decode.d5.loss_dice: 0.7470  decode.d6.loss_cls: 0.1475  decode.d6.loss_mask: 0.8211  decode.d6.loss_dice: 0.7929  decode.d7.loss_cls: 0.1363  decode.d7.loss_mask: 0.8466  decode.d7.loss_dice: 0.6988  decode.d8.loss_cls: 0.1533  decode.d8.loss_mask: 0.8364  decode.d8.loss_dice: 0.6993
2025/02/25 15:17:35 - mmengine - INFO - Iter(train) [   150/160000]  base_lr: 9.9916e-05 lr: 9.9916e-06  eta: 1 day, 19:59:10  time: 0.9118  data_time: 0.0138  memory: 15091  grad_norm: 713.0958  loss: 17.7065  decode.loss_cls: 0.1452  decode.loss_mask: 0.7689  decode.loss_dice: 0.8427  decode.d0.loss_cls: 0.4070  decode.d0.loss_mask: 0.6241  decode.d0.loss_dice: 0.7954  decode.d1.loss_cls: 0.1676  decode.d1.loss_mask: 0.7769  decode.d1.loss_dice: 0.8606  decode.d2.loss_cls: 0.1019  decode.d2.loss_mask: 0.7667  decode.d2.loss_dice: 0.9270  decode.d3.loss_cls: 0.1092  decode.d3.loss_mask: 0.7942  decode.d3.loss_dice: 0.9446  decode.d4.loss_cls: 0.0915  decode.d4.loss_mask: 0.7653  decode.d4.loss_dice: 0.9493  decode.d5.loss_cls: 0.1744  decode.d5.loss_mask: 0.7093  decode.d5.loss_dice: 0.8508  decode.d6.loss_cls: 0.2049  decode.d6.loss_mask: 0.7011  decode.d6.loss_dice: 0.7598  decode.d7.loss_cls: 0.1897  decode.d7.loss_mask: 0.7381  decode.d7.loss_dice: 0.8232  decode.d8.loss_cls: 0.1742  decode.d8.loss_mask: 0.7289  decode.d8.loss_dice: 0.8140
2025/02/25 15:18:21 - mmengine - INFO - Iter(train) [   200/160000]  base_lr: 9.9888e-05 lr: 9.9888e-06  eta: 1 day, 19:12:43  time: 0.9273  data_time: 0.0157  memory: 15091  grad_norm: 367.4177  loss: 16.5351  decode.loss_cls: 0.1256  decode.loss_mask: 0.8040  decode.loss_dice: 0.6970  decode.d0.loss_cls: 0.2114  decode.d0.loss_mask: 0.8261  decode.d0.loss_dice: 0.6954  decode.d1.loss_cls: 0.1444  decode.d1.loss_mask: 0.8182  decode.d1.loss_dice: 0.7193  decode.d2.loss_cls: 0.0944  decode.d2.loss_mask: 0.8077  decode.d2.loss_dice: 0.7095  decode.d3.loss_cls: 0.0862  decode.d3.loss_mask: 0.8142  decode.d3.loss_dice: 0.7169  decode.d4.loss_cls: 0.1294  decode.d4.loss_mask: 0.7958  decode.d4.loss_dice: 0.7016  decode.d5.loss_cls: 0.1855  decode.d5.loss_mask: 0.8120  decode.d5.loss_dice: 0.6943  decode.d6.loss_cls: 0.1719  decode.d6.loss_mask: 0.7890  decode.d6.loss_dice: 0.6767  decode.d7.loss_cls: 0.1820  decode.d7.loss_mask: 0.8050  decode.d7.loss_dice: 0.6936  decode.d8.loss_cls: 0.1179  decode.d8.loss_mask: 0.8099  decode.d8.loss_dice: 0.7003
2025/02/25 15:19:08 - mmengine - INFO - Iter(train) [   250/160000]  base_lr: 9.9860e-05 lr: 9.9860e-06  eta: 1 day, 18:48:55  time: 0.9543  data_time: 0.0161  memory: 15093  grad_norm: 734.9488  loss: 13.7705  decode.loss_cls: 0.0838  decode.loss_mask: 0.5832  decode.loss_dice: 0.6542  decode.d0.loss_cls: 0.1360  decode.d0.loss_mask: 0.5724  decode.d0.loss_dice: 0.6361  decode.d1.loss_cls: 0.0983  decode.d1.loss_mask: 0.6152  decode.d1.loss_dice: 0.6662  decode.d2.loss_cls: 0.0609  decode.d2.loss_mask: 0.6769  decode.d2.loss_dice: 0.6684  decode.d3.loss_cls: 0.0620  decode.d3.loss_mask: 0.6725  decode.d3.loss_dice: 0.6863  decode.d4.loss_cls: 0.0704  decode.d4.loss_mask: 0.6863  decode.d4.loss_dice: 0.6998  decode.d5.loss_cls: 0.1091  decode.d5.loss_mask: 0.6129  decode.d5.loss_dice: 0.6812  decode.d6.loss_cls: 0.0924  decode.d6.loss_mask: 0.5783  decode.d6.loss_dice: 0.6847  decode.d7.loss_cls: 0.1022  decode.d7.loss_mask: 0.5839  decode.d7.loss_dice: 0.6491  decode.d8.loss_cls: 0.1023  decode.d8.loss_mask: 0.5944  decode.d8.loss_dice: 0.6509
