2025/02/27 12:01:06 - mmengine - INFO - 
------------------------------------------------------------
System environment:
    sys.platform: win32
    Python: 3.8.20 (default, Oct  3 2024, 15:19:54) [MSC v.1929 64 bit (AMD64)]
    CUDA available: True
    MUSA available: False
    numpy_random_seed: 921474305
    GPU 0: NVIDIA RTX A5000
    CUDA_HOME: C:\Program Files\NVIDIA GPU Computing Toolkit\CUDA\v11.3
    NVCC: Cuda compilation tools, release 11.3, V11.3.58
    MSVC: Microsoft (R) C/C++ Optimizing Compiler Version 19.29.30158 for x64
    GCC: n/a
    PyTorch: 1.10.0
    PyTorch compiling details: PyTorch built with:
  - C++ Version: 199711
  - MSVC 192829337
  - Intel(R) Math Kernel Library Version 2020.0.2 Product Build 20200624 for Intel(R) 64 architecture applications
  - Intel(R) MKL-DNN v2.2.3 (Git Hash 7336ca9f055cf1bfa13efb658fe15dc9b41f0740)
  - OpenMP 2019
  - LAPACK is enabled (usually provided by MKL)
  - CPU capability usage: AVX2
  - CUDA Runtime 11.3
  - NVCC architecture flags: -gencode;arch=compute_37,code=sm_37;-gencode;arch=compute_50,code=sm_50;-gencode;arch=compute_60,code=sm_60;-gencode;arch=compute_61,code=sm_61;-gencode;arch=compute_70,code=sm_70;-gencode;arch=compute_75,code=sm_75;-gencode;arch=compute_80,code=sm_80;-gencode;arch=compute_86,code=sm_86;-gencode;arch=compute_37,code=compute_37
  - CuDNN 8.2
  - Magma 2.5.4
  - Build settings: BLAS_INFO=mkl, BUILD_TYPE=Release, CUDA_VERSION=11.3, CUDNN_VERSION=8.2.0, CXX_COMPILER=C:/cb/pytorch_1000000000000/work/tmp_bin/sccache-cl.exe, CXX_FLAGS=/DWIN32 /D_WINDOWS /GR /EHsc /w /bigobj -DUSE_PTHREADPOOL -openmp:experimental -IC:/cb/pytorch_1000000000000/work/mkl/include -DNDEBUG -DUSE_KINETO -DLIBKINETO_NOCUPTI -DUSE_FBGEMM -DUSE_XNNPACK -DSYMBOLICATE_MOBILE_DEBUG_HANDLE -DEDGE_PROFILER_USE_KINETO, LAPACK_INFO=mkl, PERF_WITH_AVX=1, PERF_WITH_AVX2=1, PERF_WITH_AVX512=1, TORCH_VERSION=1.10.0, USE_CUDA=ON, USE_CUDNN=ON, USE_EXCEPTION_PTR=1, USE_GFLAGS=OFF, USE_GLOG=OFF, USE_MKL=ON, USE_MKLDNN=ON, USE_MPI=OFF, USE_NCCL=OFF, USE_NNPACK=OFF, USE_OPENMP=ON, 

    TorchVision: 0.11.0
    OpenCV: 4.11.0
    MMEngine: 0.10.6

Runtime environment:
    cudnn_benchmark: True
    mp_cfg: {'mp_start_method': 'fork', 'opencv_num_threads': 0}
    dist_cfg: {'backend': 'nccl'}
    seed: 921474305
    Distributed launcher: none
    Distributed training: False
    GPU number: 1
------------------------------------------------------------

2025/02/27 12:01:06 - mmengine - INFO - Config:
auto_scale_lr = dict(base_batch_size=2, enable=False)
backbone_embed_multi = dict(decay_mult=0.0, lr_mult=0.1)
backbone_norm_multi = dict(decay_mult=0.0, lr_mult=0.1)
crop_size = (
    1024,
    1024,
)
custom_imports = dict(allow_failed_imports=False, imports='mmdet.models')
custom_keys = dict({
    'absolute_pos_embed':
    dict(decay_mult=0.0, lr_mult=0.1),
    'backbone':
    dict(decay_mult=1.0, lr_mult=0.1),
    'backbone.norm':
    dict(decay_mult=0.0, lr_mult=0.1),
    'backbone.patch_embed.norm':
    dict(decay_mult=0.0, lr_mult=0.1),
    'backbone.stages.0.blocks.0.norm':
    dict(decay_mult=0.0, lr_mult=0.1),
    'backbone.stages.0.blocks.1.norm':
    dict(decay_mult=0.0, lr_mult=0.1),
    'backbone.stages.0.downsample.norm':
    dict(decay_mult=0.0, lr_mult=0.1),
    'backbone.stages.1.blocks.0.norm':
    dict(decay_mult=0.0, lr_mult=0.1),
    'backbone.stages.1.blocks.1.norm':
    dict(decay_mult=0.0, lr_mult=0.1),
    'backbone.stages.1.downsample.norm':
    dict(decay_mult=0.0, lr_mult=0.1),
    'backbone.stages.2.blocks.0.norm':
    dict(decay_mult=0.0, lr_mult=0.1),
    'backbone.stages.2.blocks.1.norm':
    dict(decay_mult=0.0, lr_mult=0.1),
    'backbone.stages.2.blocks.2.norm':
    dict(decay_mult=0.0, lr_mult=0.1),
    'backbone.stages.2.blocks.3.norm':
    dict(decay_mult=0.0, lr_mult=0.1),
    'backbone.stages.2.blocks.4.norm':
    dict(decay_mult=0.0, lr_mult=0.1),
    'backbone.stages.2.blocks.5.norm':
    dict(decay_mult=0.0, lr_mult=0.1),
    'backbone.stages.2.downsample.norm':
    dict(decay_mult=0.0, lr_mult=0.1),
    'backbone.stages.3.blocks.0.norm':
    dict(decay_mult=0.0, lr_mult=0.1),
    'backbone.stages.3.blocks.1.norm':
    dict(decay_mult=0.0, lr_mult=0.1),
    'level_embed':
    dict(decay_mult=0.0, lr_mult=1.0),
    'query_embed':
    dict(decay_mult=0.0, lr_mult=1.0),
    'query_feat':
    dict(decay_mult=0.0, lr_mult=1.0),
    'relative_position_bias_table':
    dict(decay_mult=0.0, lr_mult=0.1)
})
data_preprocessor = dict(
    bgr_to_rgb=True,
    mean=[
        123.675,
        116.28,
        103.53,
    ],
    pad_val=0,
    seg_pad_val=255,
    size=(
        1024,
        1024,
    ),
    std=[
        58.395,
        57.12,
        57.375,
    ],
    test_cfg=dict(size_divisor=32),
    type='SegDataPreProcessor')
data_root = 'C:\\ghaf'
dataset_type = 'ADE20KDataset'
default_hooks = dict(
    checkpoint=dict(
        by_epoch=False, interval=3500, save_best='mIoU',
        type='CheckpointHook'),
    logger=dict(interval=50, log_metric_by_epoch=False, type='LoggerHook'),
    param_scheduler=dict(type='ParamSchedulerHook'),
    sampler_seed=dict(type='DistSamplerSeedHook'),
    timer=dict(type='IterTimerHook'),
    visualization=dict(type='SegVisualizationHook'))
default_scope = 'mmseg'
depths = [
    2,
    2,
    6,
    2,
]
embed_multi = dict(decay_mult=0.0, lr_mult=1.0)
env_cfg = dict(
    cudnn_benchmark=True,
    dist_cfg=dict(backend='nccl'),
    mp_cfg=dict(mp_start_method='fork', opencv_num_threads=0))
img_ratios = [
    0.5,
    0.75,
    1.0,
    1.25,
    1.5,
    1.75,
]
launcher = 'none'
load_from = 'G:\\experiments\\mmsegmentation\\work_dirs\\mask2former_swin-t_8xb2-160k_ade20k-512x512_fastvit_23_25\\best_mIoU_iter_4000.pth'
log_level = 'INFO'
log_processor = dict(by_epoch=False)
model = dict(
    backbone=dict(
        resume=
        'https://docs-assets.developer.apple.com/ml-research/models/fastvit/image_classification_distilled_models/fastvit_ma36.pth.tar',
        type='fastvit_small'),
    data_preprocessor=dict(
        bgr_to_rgb=True,
        mean=[
            123.675,
            116.28,
            103.53,
        ],
        pad_val=0,
        seg_pad_val=255,
        size=(
            1024,
            1024,
        ),
        std=[
            58.395,
            57.12,
            57.375,
        ],
        test_cfg=dict(size_divisor=32),
        type='SegDataPreProcessor'),
    decode_head=dict(
        align_corners=False,
        enforce_decoder_input_project=False,
        feat_channels=256,
        in_channels=[
            76,
            152,
            304,
            608,
        ],
        loss_cls=dict(
            class_weight=[
                1.0,
                1.0,
                0.1,
            ],
            loss_weight=2.0,
            reduction='mean',
            type='mmdet.CrossEntropyLoss',
            use_sigmoid=False),
        loss_dice=dict(
            activate=True,
            eps=1.0,
            loss_weight=5.0,
            naive_dice=True,
            reduction='mean',
            type='mmdet.DiceLoss',
            use_sigmoid=True),
        loss_mask=dict(
            loss_weight=5.0,
            reduction='mean',
            type='mmdet.CrossEntropyLoss',
            use_sigmoid=True),
        num_classes=2,
        num_queries=100,
        num_transformer_feat_level=3,
        out_channels=256,
        pixel_decoder=dict(
            act_cfg=dict(type='ReLU'),
            encoder=dict(
                init_cfg=None,
                layer_cfg=dict(
                    ffn_cfg=dict(
                        act_cfg=dict(inplace=True, type='ReLU'),
                        embed_dims=256,
                        feedforward_channels=1024,
                        ffn_drop=0.0,
                        num_fcs=2),
                    self_attn_cfg=dict(
                        batch_first=True,
                        dropout=0.0,
                        embed_dims=256,
                        im2col_step=64,
                        init_cfg=None,
                        norm_cfg=None,
                        num_heads=8,
                        num_levels=3,
                        num_points=4)),
                num_layers=6),
            init_cfg=None,
            norm_cfg=dict(num_groups=32, type='GN'),
            num_outs=3,
            positional_encoding=dict(normalize=True, num_feats=128),
            type='mmdet.MSDeformAttnPixelDecoder'),
        positional_encoding=dict(normalize=True, num_feats=128),
        strides=[
            4,
            8,
            16,
            32,
        ],
        train_cfg=dict(
            assigner=dict(
                match_costs=[
                    dict(type='mmdet.ClassificationCost', weight=2.0),
                    dict(
                        type='mmdet.CrossEntropyLossCost',
                        use_sigmoid=True,
                        weight=5.0),
                    dict(
                        eps=1.0,
                        pred_act=True,
                        type='mmdet.DiceCost',
                        weight=5.0),
                ],
                type='mmdet.HungarianAssigner'),
            importance_sample_ratio=0.75,
            num_points=12544,
            oversample_ratio=3.0,
            sampler=dict(type='mmdet.MaskPseudoSampler')),
        transformer_decoder=dict(
            init_cfg=None,
            layer_cfg=dict(
                cross_attn_cfg=dict(
                    attn_drop=0.0,
                    batch_first=True,
                    dropout_layer=None,
                    embed_dims=256,
                    num_heads=8,
                    proj_drop=0.0),
                ffn_cfg=dict(
                    act_cfg=dict(inplace=True, type='ReLU'),
                    add_identity=True,
                    dropout_layer=None,
                    embed_dims=256,
                    feedforward_channels=2048,
                    ffn_drop=0.0,
                    num_fcs=2),
                self_attn_cfg=dict(
                    attn_drop=0.0,
                    batch_first=True,
                    dropout_layer=None,
                    embed_dims=256,
                    num_heads=8,
                    proj_drop=0.0)),
            num_layers=9,
            return_intermediate=True),
        type='Mask2FormerHead'),
    test_cfg=dict(mode='whole'),
    train_cfg=dict(),
    type='EncoderDecoder')
num_classes = 2
optim_wrapper = dict(
    clip_grad=dict(max_norm=0.01, norm_type=2),
    optimizer=dict(
        betas=(
            0.9,
            0.999,
        ),
        eps=1e-08,
        lr=0.0001,
        type='AdamW',
        weight_decay=0.05),
    paramwise_cfg=dict(
        custom_keys=dict({
            'absolute_pos_embed':
            dict(decay_mult=0.0, lr_mult=0.1),
            'backbone':
            dict(decay_mult=1.0, lr_mult=0.1),
            'backbone.norm':
            dict(decay_mult=0.0, lr_mult=0.1),
            'backbone.patch_embed.norm':
            dict(decay_mult=0.0, lr_mult=0.1),
            'backbone.stages.0.blocks.0.norm':
            dict(decay_mult=0.0, lr_mult=0.1),
            'backbone.stages.0.blocks.1.norm':
            dict(decay_mult=0.0, lr_mult=0.1),
            'backbone.stages.0.downsample.norm':
            dict(decay_mult=0.0, lr_mult=0.1),
            'backbone.stages.1.blocks.0.norm':
            dict(decay_mult=0.0, lr_mult=0.1),
            'backbone.stages.1.blocks.1.norm':
            dict(decay_mult=0.0, lr_mult=0.1),
            'backbone.stages.1.downsample.norm':
            dict(decay_mult=0.0, lr_mult=0.1),
            'backbone.stages.2.blocks.0.norm':
            dict(decay_mult=0.0, lr_mult=0.1),
            'backbone.stages.2.blocks.1.norm':
            dict(decay_mult=0.0, lr_mult=0.1),
            'backbone.stages.2.blocks.2.norm':
            dict(decay_mult=0.0, lr_mult=0.1),
            'backbone.stages.2.blocks.3.norm':
            dict(decay_mult=0.0, lr_mult=0.1),
            'backbone.stages.2.blocks.4.norm':
            dict(decay_mult=0.0, lr_mult=0.1),
            'backbone.stages.2.blocks.5.norm':
            dict(decay_mult=0.0, lr_mult=0.1),
            'backbone.stages.2.downsample.norm':
            dict(decay_mult=0.0, lr_mult=0.1),
            'backbone.stages.3.blocks.0.norm':
            dict(decay_mult=0.0, lr_mult=0.1),
            'backbone.stages.3.blocks.1.norm':
            dict(decay_mult=0.0, lr_mult=0.1),
            'level_embed':
            dict(decay_mult=0.0, lr_mult=1.0),
            'query_embed':
            dict(decay_mult=0.0, lr_mult=1.0),
            'query_feat':
            dict(decay_mult=0.0, lr_mult=1.0),
            'relative_position_bias_table':
            dict(decay_mult=0.0, lr_mult=0.1)
        }),
        norm_decay_mult=0.0),
    type='OptimWrapper')
optimizer = dict(
    betas=(
        0.9,
        0.999,
    ),
    eps=1e-08,
    lr=0.0001,
    type='AdamW',
    weight_decay=0.05)
param_scheduler = [
    dict(
        begin=0,
        by_epoch=False,
        end=160000,
        eta_min=0,
        power=0.9,
        type='PolyLR'),
]
pretrained = 'https://docs-assets.developer.apple.com/ml-research/models/fastvit/image_classification_distilled_models/fastvit_ma36.pth.tar'
resume = False
test_cfg = dict(type='TestLoop')
test_dataloader = dict(
    batch_size=1,
    dataset=dict(
        data_prefix=dict(
            img_path='validation/images',
            seg_map_path='validation/masks_refined'),
        data_root='C:\\ghaf',
        pipeline=[
            dict(type='LoadImageFromFile'),
            dict(reduce_zero_label=False, type='LoadAnnotations'),
            dict(type='PackSegInputs'),
        ],
        type='ADE20KDataset'),
    num_workers=2,
    persistent_workers=True,
    sampler=dict(shuffle=False, type='DefaultSampler'))
test_evaluator = dict(
    iou_metrics=[
        'mIoU',
    ], type='IoUMetric')
test_pipeline = [
    dict(type='LoadImageFromFile'),
    dict(reduce_zero_label=False, type='LoadAnnotations'),
    dict(type='PackSegInputs'),
]
train_cfg = dict(
    max_iters=160000, type='IterBasedTrainLoop', val_interval=3500)
train_dataloader = dict(
    batch_size=2,
    dataset=dict(
        data_prefix=dict(
            img_path='training/images', seg_map_path='training/masks'),
        data_root='C:\\ghaf',
        pipeline=[
            dict(type='LoadImageFromFile'),
            dict(reduce_zero_label=False, type='LoadAnnotations'),
            dict(prob=0.5, type='RandomFlip'),
            dict(type='PackSegInputs'),
        ],
        type='ADE20KDataset'),
    num_workers=2,
    persistent_workers=True,
    sampler=dict(shuffle=True, type='InfiniteSampler'))
train_pipeline = [
    dict(type='LoadImageFromFile'),
    dict(reduce_zero_label=False, type='LoadAnnotations'),
    dict(prob=0.5, type='RandomFlip'),
    dict(type='PackSegInputs'),
]
tta_model = dict(type='SegTTAModel')
val_cfg = dict(type='ValLoop')
val_dataloader = dict(
    batch_size=1,
    dataset=dict(
        data_prefix=dict(
            img_path='validation/images',
            seg_map_path='validation/masks_refined'),
        data_root='C:\\ghaf',
        pipeline=[
            dict(type='LoadImageFromFile'),
            dict(reduce_zero_label=False, type='LoadAnnotations'),
            dict(type='PackSegInputs'),
        ],
        type='ADE20KDataset'),
    num_workers=2,
    persistent_workers=True,
    sampler=dict(shuffle=False, type='DefaultSampler'))
val_evaluator = dict(
    iou_metrics=[
        'mIoU',
    ], type='IoUMetric')
vis_backends = [
    dict(type='LocalVisBackend'),
]
visualizer = dict(
    name='visualizer',
    type='SegLocalVisualizer',
    vis_backends=[
        dict(type='LocalVisBackend'),
    ])
work_dir = './work_dirs\\mask2former_swin-t_8xb2-160k_ade20k-512x512fast_all_data'

2025/02/27 12:01:09 - mmengine - INFO - Distributed training is not used, all SyncBatchNorm (SyncBN) layers in the model will be automatically reverted to BatchNormXd layers if they are used.
2025/02/27 12:01:09 - mmengine - INFO - Hooks will be executed in the following order:
before_run:
(VERY_HIGH   ) RuntimeInfoHook                    
(BELOW_NORMAL) LoggerHook                         
 -------------------- 
before_train:
(VERY_HIGH   ) RuntimeInfoHook                    
(NORMAL      ) IterTimerHook                      
(VERY_LOW    ) CheckpointHook                     
 -------------------- 
before_train_epoch:
(VERY_HIGH   ) RuntimeInfoHook                    
(NORMAL      ) IterTimerHook                      
(NORMAL      ) DistSamplerSeedHook                
 -------------------- 
before_train_iter:
(VERY_HIGH   ) RuntimeInfoHook                    
(NORMAL      ) IterTimerHook                      
 -------------------- 
after_train_iter:
(VERY_HIGH   ) RuntimeInfoHook                    
(NORMAL      ) IterTimerHook                      
(BELOW_NORMAL) LoggerHook                         
(LOW         ) ParamSchedulerHook                 
(VERY_LOW    ) CheckpointHook                     
 -------------------- 
after_train_epoch:
(NORMAL      ) IterTimerHook                      
(LOW         ) ParamSchedulerHook                 
(VERY_LOW    ) CheckpointHook                     
 -------------------- 
before_val:
(VERY_HIGH   ) RuntimeInfoHook                    
 -------------------- 
before_val_epoch:
(NORMAL      ) IterTimerHook                      
 -------------------- 
before_val_iter:
(NORMAL      ) IterTimerHook                      
 -------------------- 
after_val_iter:
(NORMAL      ) IterTimerHook                      
(NORMAL      ) SegVisualizationHook               
(BELOW_NORMAL) LoggerHook                         
 -------------------- 
after_val_epoch:
(VERY_HIGH   ) RuntimeInfoHook                    
(NORMAL      ) IterTimerHook                      
(BELOW_NORMAL) LoggerHook                         
(LOW         ) ParamSchedulerHook                 
(VERY_LOW    ) CheckpointHook                     
 -------------------- 
after_val:
(VERY_HIGH   ) RuntimeInfoHook                    
 -------------------- 
after_train:
(VERY_HIGH   ) RuntimeInfoHook                    
(VERY_LOW    ) CheckpointHook                     
 -------------------- 
before_test:
(VERY_HIGH   ) RuntimeInfoHook                    
 -------------------- 
before_test_epoch:
(NORMAL      ) IterTimerHook                      
 -------------------- 
before_test_iter:
(NORMAL      ) IterTimerHook                      
 -------------------- 
after_test_iter:
(NORMAL      ) IterTimerHook                      
(NORMAL      ) SegVisualizationHook               
(BELOW_NORMAL) LoggerHook                         
 -------------------- 
after_test_epoch:
(VERY_HIGH   ) RuntimeInfoHook                    
(NORMAL      ) IterTimerHook                      
(BELOW_NORMAL) LoggerHook                         
 -------------------- 
after_test:
(VERY_HIGH   ) RuntimeInfoHook                    
 -------------------- 
after_run:
(BELOW_NORMAL) LoggerHook                         
 -------------------- 
2025/02/27 12:01:25 - mmengine - INFO - paramwise_options -- backbone.patch_embed.0.rbr_conv.0.conv.weight:lr=1e-05
2025/02/27 12:01:25 - mmengine - INFO - paramwise_options -- backbone.patch_embed.0.rbr_conv.0.conv.weight:weight_decay=0.05
2025/02/27 12:01:25 - mmengine - INFO - paramwise_options -- backbone.patch_embed.0.rbr_conv.0.conv.weight:lr_mult=0.1
2025/02/27 12:01:25 - mmengine - INFO - paramwise_options -- backbone.patch_embed.0.rbr_conv.0.conv.weight:decay_mult=1.0
2025/02/27 12:01:25 - mmengine - INFO - paramwise_options -- backbone.patch_embed.0.rbr_conv.0.bn.weight:lr=1e-05
2025/02/27 12:01:25 - mmengine - INFO - paramwise_options -- backbone.patch_embed.0.rbr_conv.0.bn.weight:weight_decay=0.05
2025/02/27 12:01:25 - mmengine - INFO - paramwise_options -- backbone.patch_embed.0.rbr_conv.0.bn.weight:lr_mult=0.1
2025/02/27 12:01:25 - mmengine - INFO - paramwise_options -- backbone.patch_embed.0.rbr_conv.0.bn.weight:decay_mult=1.0
2025/02/27 12:01:25 - mmengine - INFO - paramwise_options -- backbone.patch_embed.0.rbr_conv.0.bn.bias:lr=1e-05
2025/02/27 12:01:25 - mmengine - INFO - paramwise_options -- backbone.patch_embed.0.rbr_conv.0.bn.bias:weight_decay=0.05
2025/02/27 12:01:25 - mmengine - INFO - paramwise_options -- backbone.patch_embed.0.rbr_conv.0.bn.bias:lr_mult=0.1
2025/02/27 12:01:25 - mmengine - INFO - paramwise_options -- backbone.patch_embed.0.rbr_conv.0.bn.bias:decay_mult=1.0
2025/02/27 12:01:25 - mmengine - INFO - paramwise_options -- backbone.patch_embed.0.rbr_scale.conv.weight:lr=1e-05
2025/02/27 12:01:25 - mmengine - INFO - paramwise_options -- backbone.patch_embed.0.rbr_scale.conv.weight:weight_decay=0.05
2025/02/27 12:01:25 - mmengine - INFO - paramwise_options -- backbone.patch_embed.0.rbr_scale.conv.weight:lr_mult=0.1
2025/02/27 12:01:25 - mmengine - INFO - paramwise_options -- backbone.patch_embed.0.rbr_scale.conv.weight:decay_mult=1.0
2025/02/27 12:01:25 - mmengine - INFO - paramwise_options -- backbone.patch_embed.0.rbr_scale.bn.weight:lr=1e-05
2025/02/27 12:01:25 - mmengine - INFO - paramwise_options -- backbone.patch_embed.0.rbr_scale.bn.weight:weight_decay=0.05
2025/02/27 12:01:25 - mmengine - INFO - paramwise_options -- backbone.patch_embed.0.rbr_scale.bn.weight:lr_mult=0.1
2025/02/27 12:01:25 - mmengine - INFO - paramwise_options -- backbone.patch_embed.0.rbr_scale.bn.weight:decay_mult=1.0
2025/02/27 12:01:25 - mmengine - INFO - paramwise_options -- backbone.patch_embed.0.rbr_scale.bn.bias:lr=1e-05
2025/02/27 12:01:25 - mmengine - INFO - paramwise_options -- backbone.patch_embed.0.rbr_scale.bn.bias:weight_decay=0.05
2025/02/27 12:01:25 - mmengine - INFO - paramwise_options -- backbone.patch_embed.0.rbr_scale.bn.bias:lr_mult=0.1
2025/02/27 12:01:25 - mmengine - INFO - paramwise_options -- backbone.patch_embed.0.rbr_scale.bn.bias:decay_mult=1.0
2025/02/27 12:01:25 - mmengine - INFO - paramwise_options -- backbone.patch_embed.1.rbr_conv.0.conv.weight:lr=1e-05
2025/02/27 12:01:25 - mmengine - INFO - paramwise_options -- backbone.patch_embed.1.rbr_conv.0.conv.weight:weight_decay=0.05
2025/02/27 12:01:25 - mmengine - INFO - paramwise_options -- backbone.patch_embed.1.rbr_conv.0.conv.weight:lr_mult=0.1
2025/02/27 12:01:25 - mmengine - INFO - paramwise_options -- backbone.patch_embed.1.rbr_conv.0.conv.weight:decay_mult=1.0
2025/02/27 12:01:25 - mmengine - INFO - paramwise_options -- backbone.patch_embed.1.rbr_conv.0.bn.weight:lr=1e-05
2025/02/27 12:01:25 - mmengine - INFO - paramwise_options -- backbone.patch_embed.1.rbr_conv.0.bn.weight:weight_decay=0.05
2025/02/27 12:01:25 - mmengine - INFO - paramwise_options -- backbone.patch_embed.1.rbr_conv.0.bn.weight:lr_mult=0.1
2025/02/27 12:01:25 - mmengine - INFO - paramwise_options -- backbone.patch_embed.1.rbr_conv.0.bn.weight:decay_mult=1.0
2025/02/27 12:01:25 - mmengine - INFO - paramwise_options -- backbone.patch_embed.1.rbr_conv.0.bn.bias:lr=1e-05
2025/02/27 12:01:25 - mmengine - INFO - paramwise_options -- backbone.patch_embed.1.rbr_conv.0.bn.bias:weight_decay=0.05
2025/02/27 12:01:25 - mmengine - INFO - paramwise_options -- backbone.patch_embed.1.rbr_conv.0.bn.bias:lr_mult=0.1
2025/02/27 12:01:25 - mmengine - INFO - paramwise_options -- backbone.patch_embed.1.rbr_conv.0.bn.bias:decay_mult=1.0
2025/02/27 12:01:25 - mmengine - INFO - paramwise_options -- backbone.patch_embed.1.rbr_scale.conv.weight:lr=1e-05
2025/02/27 12:01:25 - mmengine - INFO - paramwise_options -- backbone.patch_embed.1.rbr_scale.conv.weight:weight_decay=0.05
2025/02/27 12:01:25 - mmengine - INFO - paramwise_options -- backbone.patch_embed.1.rbr_scale.conv.weight:lr_mult=0.1
2025/02/27 12:01:25 - mmengine - INFO - paramwise_options -- backbone.patch_embed.1.rbr_scale.conv.weight:decay_mult=1.0
2025/02/27 12:01:25 - mmengine - INFO - paramwise_options -- backbone.patch_embed.1.rbr_scale.bn.weight:lr=1e-05
2025/02/27 12:01:25 - mmengine - INFO - paramwise_options -- backbone.patch_embed.1.rbr_scale.bn.weight:weight_decay=0.05
2025/02/27 12:01:25 - mmengine - INFO - paramwise_options -- backbone.patch_embed.1.rbr_scale.bn.weight:lr_mult=0.1
2025/02/27 12:01:25 - mmengine - INFO - paramwise_options -- backbone.patch_embed.1.rbr_scale.bn.weight:decay_mult=1.0
2025/02/27 12:01:25 - mmengine - INFO - paramwise_options -- backbone.patch_embed.1.rbr_scale.bn.bias:lr=1e-05
2025/02/27 12:01:25 - mmengine - INFO - paramwise_options -- backbone.patch_embed.1.rbr_scale.bn.bias:weight_decay=0.05
2025/02/27 12:01:25 - mmengine - INFO - paramwise_options -- backbone.patch_embed.1.rbr_scale.bn.bias:lr_mult=0.1
2025/02/27 12:01:25 - mmengine - INFO - paramwise_options -- backbone.patch_embed.1.rbr_scale.bn.bias:decay_mult=1.0
2025/02/27 12:01:25 - mmengine - INFO - paramwise_options -- backbone.patch_embed.2.rbr_skip.weight:lr=1e-05
2025/02/27 12:01:25 - mmengine - INFO - paramwise_options -- backbone.patch_embed.2.rbr_skip.weight:weight_decay=0.05
2025/02/27 12:01:25 - mmengine - INFO - paramwise_options -- backbone.patch_embed.2.rbr_skip.weight:lr_mult=0.1
2025/02/27 12:01:25 - mmengine - INFO - paramwise_options -- backbone.patch_embed.2.rbr_skip.weight:decay_mult=1.0
2025/02/27 12:01:25 - mmengine - INFO - paramwise_options -- backbone.patch_embed.2.rbr_skip.bias:lr=1e-05
2025/02/27 12:01:25 - mmengine - INFO - paramwise_options -- backbone.patch_embed.2.rbr_skip.bias:weight_decay=0.05
2025/02/27 12:01:25 - mmengine - INFO - paramwise_options -- backbone.patch_embed.2.rbr_skip.bias:lr_mult=0.1
2025/02/27 12:01:25 - mmengine - INFO - paramwise_options -- backbone.patch_embed.2.rbr_skip.bias:decay_mult=1.0
2025/02/27 12:01:25 - mmengine - INFO - paramwise_options -- backbone.patch_embed.2.rbr_conv.0.conv.weight:lr=1e-05
2025/02/27 12:01:25 - mmengine - INFO - paramwise_options -- backbone.patch_embed.2.rbr_conv.0.conv.weight:weight_decay=0.05
2025/02/27 12:01:25 - mmengine - INFO - paramwise_options -- backbone.patch_embed.2.rbr_conv.0.conv.weight:lr_mult=0.1
2025/02/27 12:01:25 - mmengine - INFO - paramwise_options -- backbone.patch_embed.2.rbr_conv.0.conv.weight:decay_mult=1.0
2025/02/27 12:01:25 - mmengine - INFO - paramwise_options -- backbone.patch_embed.2.rbr_conv.0.bn.weight:lr=1e-05
2025/02/27 12:01:25 - mmengine - INFO - paramwise_options -- backbone.patch_embed.2.rbr_conv.0.bn.weight:weight_decay=0.05
2025/02/27 12:01:25 - mmengine - INFO - paramwise_options -- backbone.patch_embed.2.rbr_conv.0.bn.weight:lr_mult=0.1
2025/02/27 12:01:25 - mmengine - INFO - paramwise_options -- backbone.patch_embed.2.rbr_conv.0.bn.weight:decay_mult=1.0
2025/02/27 12:01:25 - mmengine - INFO - paramwise_options -- backbone.patch_embed.2.rbr_conv.0.bn.bias:lr=1e-05
2025/02/27 12:01:25 - mmengine - INFO - paramwise_options -- backbone.patch_embed.2.rbr_conv.0.bn.bias:weight_decay=0.05
2025/02/27 12:01:25 - mmengine - INFO - paramwise_options -- backbone.patch_embed.2.rbr_conv.0.bn.bias:lr_mult=0.1
2025/02/27 12:01:25 - mmengine - INFO - paramwise_options -- backbone.patch_embed.2.rbr_conv.0.bn.bias:decay_mult=1.0
2025/02/27 12:01:25 - mmengine - INFO - paramwise_options -- backbone.network.0.0.layer_scale:lr=1e-05
2025/02/27 12:01:25 - mmengine - INFO - paramwise_options -- backbone.network.0.0.layer_scale:weight_decay=0.05
2025/02/27 12:01:25 - mmengine - INFO - paramwise_options -- backbone.network.0.0.layer_scale:lr_mult=0.1
2025/02/27 12:01:25 - mmengine - INFO - paramwise_options -- backbone.network.0.0.layer_scale:decay_mult=1.0
2025/02/27 12:01:25 - mmengine - INFO - paramwise_options -- backbone.network.0.0.token_mixer.layer_scale:lr=1e-05
2025/02/27 12:01:25 - mmengine - INFO - paramwise_options -- backbone.network.0.0.token_mixer.layer_scale:weight_decay=0.05
2025/02/27 12:01:25 - mmengine - INFO - paramwise_options -- backbone.network.0.0.token_mixer.layer_scale:lr_mult=0.1
2025/02/27 12:01:25 - mmengine - INFO - paramwise_options -- backbone.network.0.0.token_mixer.layer_scale:decay_mult=1.0
2025/02/27 12:01:25 - mmengine - INFO - paramwise_options -- backbone.network.0.0.token_mixer.norm.rbr_skip.weight:lr=1e-05
2025/02/27 12:01:25 - mmengine - INFO - paramwise_options -- backbone.network.0.0.token_mixer.norm.rbr_skip.weight:weight_decay=0.05
2025/02/27 12:01:25 - mmengine - INFO - paramwise_options -- backbone.network.0.0.token_mixer.norm.rbr_skip.weight:lr_mult=0.1
2025/02/27 12:01:25 - mmengine - INFO - paramwise_options -- backbone.network.0.0.token_mixer.norm.rbr_skip.weight:decay_mult=1.0
2025/02/27 12:01:25 - mmengine - INFO - paramwise_options -- backbone.network.0.0.token_mixer.norm.rbr_skip.bias:lr=1e-05
2025/02/27 12:01:25 - mmengine - INFO - paramwise_options -- backbone.network.0.0.token_mixer.norm.rbr_skip.bias:weight_decay=0.05
2025/02/27 12:01:25 - mmengine - INFO - paramwise_options -- backbone.network.0.0.token_mixer.norm.rbr_skip.bias:lr_mult=0.1
2025/02/27 12:01:25 - mmengine - INFO - paramwise_options -- backbone.network.0.0.token_mixer.norm.rbr_skip.bias:decay_mult=1.0
2025/02/27 12:01:25 - mmengine - INFO - paramwise_options -- backbone.network.0.0.token_mixer.mixer.rbr_skip.weight:lr=1e-05
2025/02/27 12:01:25 - mmengine - INFO - paramwise_options -- backbone.network.0.0.token_mixer.mixer.rbr_skip.weight:weight_decay=0.05
2025/02/27 12:01:25 - mmengine - INFO - paramwise_options -- backbone.network.0.0.token_mixer.mixer.rbr_skip.weight:lr_mult=0.1
2025/02/27 12:01:25 - mmengine - INFO - paramwise_options -- backbone.network.0.0.token_mixer.mixer.rbr_skip.weight:decay_mult=1.0
2025/02/27 12:01:25 - mmengine - INFO - paramwise_options -- backbone.network.0.0.token_mixer.mixer.rbr_skip.bias:lr=1e-05
2025/02/27 12:01:25 - mmengine - INFO - paramwise_options -- backbone.network.0.0.token_mixer.mixer.rbr_skip.bias:weight_decay=0.05
2025/02/27 12:01:25 - mmengine - INFO - paramwise_options -- backbone.network.0.0.token_mixer.mixer.rbr_skip.bias:lr_mult=0.1
2025/02/27 12:01:25 - mmengine - INFO - paramwise_options -- backbone.network.0.0.token_mixer.mixer.rbr_skip.bias:decay_mult=1.0
2025/02/27 12:01:25 - mmengine - INFO - paramwise_options -- backbone.network.0.0.token_mixer.mixer.rbr_conv.0.conv.weight:lr=1e-05
2025/02/27 12:01:25 - mmengine - INFO - paramwise_options -- backbone.network.0.0.token_mixer.mixer.rbr_conv.0.conv.weight:weight_decay=0.05
2025/02/27 12:01:25 - mmengine - INFO - paramwise_options -- backbone.network.0.0.token_mixer.mixer.rbr_conv.0.conv.weight:lr_mult=0.1
2025/02/27 12:01:25 - mmengine - INFO - paramwise_options -- backbone.network.0.0.token_mixer.mixer.rbr_conv.0.conv.weight:decay_mult=1.0
2025/02/27 12:01:25 - mmengine - INFO - paramwise_options -- backbone.network.0.0.token_mixer.mixer.rbr_conv.0.bn.weight:lr=1e-05
2025/02/27 12:01:25 - mmengine - INFO - paramwise_options -- backbone.network.0.0.token_mixer.mixer.rbr_conv.0.bn.weight:weight_decay=0.05
2025/02/27 12:01:25 - mmengine - INFO - paramwise_options -- backbone.network.0.0.token_mixer.mixer.rbr_conv.0.bn.weight:lr_mult=0.1
2025/02/27 12:01:25 - mmengine - INFO - paramwise_options -- backbone.network.0.0.token_mixer.mixer.rbr_conv.0.bn.weight:decay_mult=1.0
2025/02/27 12:01:25 - mmengine - INFO - paramwise_options -- backbone.network.0.0.token_mixer.mixer.rbr_conv.0.bn.bias:lr=1e-05
2025/02/27 12:01:25 - mmengine - INFO - paramwise_options -- backbone.network.0.0.token_mixer.mixer.rbr_conv.0.bn.bias:weight_decay=0.05
2025/02/27 12:01:25 - mmengine - INFO - paramwise_options -- backbone.network.0.0.token_mixer.mixer.rbr_conv.0.bn.bias:lr_mult=0.1
2025/02/27 12:01:25 - mmengine - INFO - paramwise_options -- backbone.network.0.0.token_mixer.mixer.rbr_conv.0.bn.bias:decay_mult=1.0
2025/02/27 12:01:25 - mmengine - INFO - paramwise_options -- backbone.network.0.0.token_mixer.mixer.rbr_scale.conv.weight:lr=1e-05
2025/02/27 12:01:25 - mmengine - INFO - paramwise_options -- backbone.network.0.0.token_mixer.mixer.rbr_scale.conv.weight:weight_decay=0.05
2025/02/27 12:01:25 - mmengine - INFO - paramwise_options -- backbone.network.0.0.token_mixer.mixer.rbr_scale.conv.weight:lr_mult=0.1
2025/02/27 12:01:25 - mmengine - INFO - paramwise_options -- backbone.network.0.0.token_mixer.mixer.rbr_scale.conv.weight:decay_mult=1.0
2025/02/27 12:01:25 - mmengine - INFO - paramwise_options -- backbone.network.0.0.token_mixer.mixer.rbr_scale.bn.weight:lr=1e-05
2025/02/27 12:01:25 - mmengine - INFO - paramwise_options -- backbone.network.0.0.token_mixer.mixer.rbr_scale.bn.weight:weight_decay=0.05
2025/02/27 12:01:25 - mmengine - INFO - paramwise_options -- backbone.network.0.0.token_mixer.mixer.rbr_scale.bn.weight:lr_mult=0.1
2025/02/27 12:01:25 - mmengine - INFO - paramwise_options -- backbone.network.0.0.token_mixer.mixer.rbr_scale.bn.weight:decay_mult=1.0
2025/02/27 12:01:25 - mmengine - INFO - paramwise_options -- backbone.network.0.0.token_mixer.mixer.rbr_scale.bn.bias:lr=1e-05
2025/02/27 12:01:25 - mmengine - INFO - paramwise_options -- backbone.network.0.0.token_mixer.mixer.rbr_scale.bn.bias:weight_decay=0.05
2025/02/27 12:01:25 - mmengine - INFO - paramwise_options -- backbone.network.0.0.token_mixer.mixer.rbr_scale.bn.bias:lr_mult=0.1
2025/02/27 12:01:25 - mmengine - INFO - paramwise_options -- backbone.network.0.0.token_mixer.mixer.rbr_scale.bn.bias:decay_mult=1.0
2025/02/27 12:01:25 - mmengine - INFO - paramwise_options -- backbone.network.0.0.convffn.conv.conv.weight:lr=1e-05
2025/02/27 12:01:25 - mmengine - INFO - paramwise_options -- backbone.network.0.0.convffn.conv.conv.weight:weight_decay=0.05
2025/02/27 12:01:25 - mmengine - INFO - paramwise_options -- backbone.network.0.0.convffn.conv.conv.weight:lr_mult=0.1
2025/02/27 12:01:25 - mmengine - INFO - paramwise_options -- backbone.network.0.0.convffn.conv.conv.weight:decay_mult=1.0
2025/02/27 12:01:25 - mmengine - INFO - paramwise_options -- backbone.network.0.0.convffn.conv.bn.weight:lr=1e-05
2025/02/27 12:01:25 - mmengine - INFO - paramwise_options -- backbone.network.0.0.convffn.conv.bn.weight:weight_decay=0.05
2025/02/27 12:01:25 - mmengine - INFO - paramwise_options -- backbone.network.0.0.convffn.conv.bn.weight:lr_mult=0.1
2025/02/27 12:01:25 - mmengine - INFO - paramwise_options -- backbone.network.0.0.convffn.conv.bn.weight:decay_mult=1.0
2025/02/27 12:01:25 - mmengine - INFO - paramwise_options -- backbone.network.0.0.convffn.conv.bn.bias:lr=1e-05
2025/02/27 12:01:25 - mmengine - INFO - paramwise_options -- backbone.network.0.0.convffn.conv.bn.bias:weight_decay=0.05
2025/02/27 12:01:25 - mmengine - INFO - paramwise_options -- backbone.network.0.0.convffn.conv.bn.bias:lr_mult=0.1
2025/02/27 12:01:25 - mmengine - INFO - paramwise_options -- backbone.network.0.0.convffn.conv.bn.bias:decay_mult=1.0
2025/02/27 12:01:25 - mmengine - INFO - paramwise_options -- backbone.network.0.0.convffn.fc1.weight:lr=1e-05
2025/02/27 12:01:25 - mmengine - INFO - paramwise_options -- backbone.network.0.0.convffn.fc1.weight:weight_decay=0.05
2025/02/27 12:01:25 - mmengine - INFO - paramwise_options -- backbone.network.0.0.convffn.fc1.weight:lr_mult=0.1
2025/02/27 12:01:25 - mmengine - INFO - paramwise_options -- backbone.network.0.0.convffn.fc1.weight:decay_mult=1.0
2025/02/27 12:01:25 - mmengine - INFO - paramwise_options -- backbone.network.0.0.convffn.fc1.bias:lr=1e-05
2025/02/27 12:01:25 - mmengine - INFO - paramwise_options -- backbone.network.0.0.convffn.fc1.bias:weight_decay=0.05
2025/02/27 12:01:25 - mmengine - INFO - paramwise_options -- backbone.network.0.0.convffn.fc1.bias:lr_mult=0.1
2025/02/27 12:01:25 - mmengine - INFO - paramwise_options -- backbone.network.0.0.convffn.fc1.bias:decay_mult=1.0
2025/02/27 12:01:25 - mmengine - INFO - paramwise_options -- backbone.network.0.0.convffn.fc2.weight:lr=1e-05
2025/02/27 12:01:25 - mmengine - INFO - paramwise_options -- backbone.network.0.0.convffn.fc2.weight:weight_decay=0.05
2025/02/27 12:01:25 - mmengine - INFO - paramwise_options -- backbone.network.0.0.convffn.fc2.weight:lr_mult=0.1
2025/02/27 12:01:25 - mmengine - INFO - paramwise_options -- backbone.network.0.0.convffn.fc2.weight:decay_mult=1.0
2025/02/27 12:01:25 - mmengine - INFO - paramwise_options -- backbone.network.0.0.convffn.fc2.bias:lr=1e-05
2025/02/27 12:01:25 - mmengine - INFO - paramwise_options -- backbone.network.0.0.convffn.fc2.bias:weight_decay=0.05
2025/02/27 12:01:25 - mmengine - INFO - paramwise_options -- backbone.network.0.0.convffn.fc2.bias:lr_mult=0.1
2025/02/27 12:01:25 - mmengine - INFO - paramwise_options -- backbone.network.0.0.convffn.fc2.bias:decay_mult=1.0
2025/02/27 12:01:25 - mmengine - INFO - paramwise_options -- backbone.network.0.1.layer_scale:lr=1e-05
2025/02/27 12:01:25 - mmengine - INFO - paramwise_options -- backbone.network.0.1.layer_scale:weight_decay=0.05
2025/02/27 12:01:25 - mmengine - INFO - paramwise_options -- backbone.network.0.1.layer_scale:lr_mult=0.1
2025/02/27 12:01:25 - mmengine - INFO - paramwise_options -- backbone.network.0.1.layer_scale:decay_mult=1.0
2025/02/27 12:01:25 - mmengine - INFO - paramwise_options -- backbone.network.0.1.token_mixer.layer_scale:lr=1e-05
2025/02/27 12:01:25 - mmengine - INFO - paramwise_options -- backbone.network.0.1.token_mixer.layer_scale:weight_decay=0.05
2025/02/27 12:01:25 - mmengine - INFO - paramwise_options -- backbone.network.0.1.token_mixer.layer_scale:lr_mult=0.1
2025/02/27 12:01:25 - mmengine - INFO - paramwise_options -- backbone.network.0.1.token_mixer.layer_scale:decay_mult=1.0
2025/02/27 12:01:25 - mmengine - INFO - paramwise_options -- backbone.network.0.1.token_mixer.norm.rbr_skip.weight:lr=1e-05
2025/02/27 12:01:25 - mmengine - INFO - paramwise_options -- backbone.network.0.1.token_mixer.norm.rbr_skip.weight:weight_decay=0.05
2025/02/27 12:01:25 - mmengine - INFO - paramwise_options -- backbone.network.0.1.token_mixer.norm.rbr_skip.weight:lr_mult=0.1
2025/02/27 12:01:25 - mmengine - INFO - paramwise_options -- backbone.network.0.1.token_mixer.norm.rbr_skip.weight:decay_mult=1.0
2025/02/27 12:01:25 - mmengine - INFO - paramwise_options -- backbone.network.0.1.token_mixer.norm.rbr_skip.bias:lr=1e-05
2025/02/27 12:01:25 - mmengine - INFO - paramwise_options -- backbone.network.0.1.token_mixer.norm.rbr_skip.bias:weight_decay=0.05
2025/02/27 12:01:25 - mmengine - INFO - paramwise_options -- backbone.network.0.1.token_mixer.norm.rbr_skip.bias:lr_mult=0.1
2025/02/27 12:01:25 - mmengine - INFO - paramwise_options -- backbone.network.0.1.token_mixer.norm.rbr_skip.bias:decay_mult=1.0
2025/02/27 12:01:25 - mmengine - INFO - paramwise_options -- backbone.network.0.1.token_mixer.mixer.rbr_skip.weight:lr=1e-05
2025/02/27 12:01:25 - mmengine - INFO - paramwise_options -- backbone.network.0.1.token_mixer.mixer.rbr_skip.weight:weight_decay=0.05
2025/02/27 12:01:25 - mmengine - INFO - paramwise_options -- backbone.network.0.1.token_mixer.mixer.rbr_skip.weight:lr_mult=0.1
2025/02/27 12:01:25 - mmengine - INFO - paramwise_options -- backbone.network.0.1.token_mixer.mixer.rbr_skip.weight:decay_mult=1.0
2025/02/27 12:01:25 - mmengine - INFO - paramwise_options -- backbone.network.0.1.token_mixer.mixer.rbr_skip.bias:lr=1e-05
2025/02/27 12:01:25 - mmengine - INFO - paramwise_options -- backbone.network.0.1.token_mixer.mixer.rbr_skip.bias:weight_decay=0.05
2025/02/27 12:01:25 - mmengine - INFO - paramwise_options -- backbone.network.0.1.token_mixer.mixer.rbr_skip.bias:lr_mult=0.1
2025/02/27 12:01:25 - mmengine - INFO - paramwise_options -- backbone.network.0.1.token_mixer.mixer.rbr_skip.bias:decay_mult=1.0
2025/02/27 12:01:25 - mmengine - INFO - paramwise_options -- backbone.network.0.1.token_mixer.mixer.rbr_conv.0.conv.weight:lr=1e-05
2025/02/27 12:01:25 - mmengine - INFO - paramwise_options -- backbone.network.0.1.token_mixer.mixer.rbr_conv.0.conv.weight:weight_decay=0.05
2025/02/27 12:01:25 - mmengine - INFO - paramwise_options -- backbone.network.0.1.token_mixer.mixer.rbr_conv.0.conv.weight:lr_mult=0.1
2025/02/27 12:01:25 - mmengine - INFO - paramwise_options -- backbone.network.0.1.token_mixer.mixer.rbr_conv.0.conv.weight:decay_mult=1.0
2025/02/27 12:01:25 - mmengine - INFO - paramwise_options -- backbone.network.0.1.token_mixer.mixer.rbr_conv.0.bn.weight:lr=1e-05
2025/02/27 12:01:25 - mmengine - INFO - paramwise_options -- backbone.network.0.1.token_mixer.mixer.rbr_conv.0.bn.weight:weight_decay=0.05
2025/02/27 12:01:25 - mmengine - INFO - paramwise_options -- backbone.network.0.1.token_mixer.mixer.rbr_conv.0.bn.weight:lr_mult=0.1
2025/02/27 12:01:25 - mmengine - INFO - paramwise_options -- backbone.network.0.1.token_mixer.mixer.rbr_conv.0.bn.weight:decay_mult=1.0
2025/02/27 12:01:25 - mmengine - INFO - paramwise_options -- backbone.network.0.1.token_mixer.mixer.rbr_conv.0.bn.bias:lr=1e-05
2025/02/27 12:01:25 - mmengine - INFO - paramwise_options -- backbone.network.0.1.token_mixer.mixer.rbr_conv.0.bn.bias:weight_decay=0.05
2025/02/27 12:01:25 - mmengine - INFO - paramwise_options -- backbone.network.0.1.token_mixer.mixer.rbr_conv.0.bn.bias:lr_mult=0.1
2025/02/27 12:01:25 - mmengine - INFO - paramwise_options -- backbone.network.0.1.token_mixer.mixer.rbr_conv.0.bn.bias:decay_mult=1.0
2025/02/27 12:01:25 - mmengine - INFO - paramwise_options -- backbone.network.0.1.token_mixer.mixer.rbr_scale.conv.weight:lr=1e-05
2025/02/27 12:01:25 - mmengine - INFO - paramwise_options -- backbone.network.0.1.token_mixer.mixer.rbr_scale.conv.weight:weight_decay=0.05
2025/02/27 12:01:25 - mmengine - INFO - paramwise_options -- backbone.network.0.1.token_mixer.mixer.rbr_scale.conv.weight:lr_mult=0.1
2025/02/27 12:01:25 - mmengine - INFO - paramwise_options -- backbone.network.0.1.token_mixer.mixer.rbr_scale.conv.weight:decay_mult=1.0
2025/02/27 12:01:25 - mmengine - INFO - paramwise_options -- backbone.network.0.1.token_mixer.mixer.rbr_scale.bn.weight:lr=1e-05
2025/02/27 12:01:25 - mmengine - INFO - paramwise_options -- backbone.network.0.1.token_mixer.mixer.rbr_scale.bn.weight:weight_decay=0.05
2025/02/27 12:01:25 - mmengine - INFO - paramwise_options -- backbone.network.0.1.token_mixer.mixer.rbr_scale.bn.weight:lr_mult=0.1
2025/02/27 12:01:25 - mmengine - INFO - paramwise_options -- backbone.network.0.1.token_mixer.mixer.rbr_scale.bn.weight:decay_mult=1.0
2025/02/27 12:01:25 - mmengine - INFO - paramwise_options -- backbone.network.0.1.token_mixer.mixer.rbr_scale.bn.bias:lr=1e-05
2025/02/27 12:01:25 - mmengine - INFO - paramwise_options -- backbone.network.0.1.token_mixer.mixer.rbr_scale.bn.bias:weight_decay=0.05
2025/02/27 12:01:25 - mmengine - INFO - paramwise_options -- backbone.network.0.1.token_mixer.mixer.rbr_scale.bn.bias:lr_mult=0.1
2025/02/27 12:01:25 - mmengine - INFO - paramwise_options -- backbone.network.0.1.token_mixer.mixer.rbr_scale.bn.bias:decay_mult=1.0
2025/02/27 12:01:25 - mmengine - INFO - paramwise_options -- backbone.network.0.1.convffn.conv.conv.weight:lr=1e-05
2025/02/27 12:01:25 - mmengine - INFO - paramwise_options -- backbone.network.0.1.convffn.conv.conv.weight:weight_decay=0.05
2025/02/27 12:01:25 - mmengine - INFO - paramwise_options -- backbone.network.0.1.convffn.conv.conv.weight:lr_mult=0.1
2025/02/27 12:01:25 - mmengine - INFO - paramwise_options -- backbone.network.0.1.convffn.conv.conv.weight:decay_mult=1.0
2025/02/27 12:01:25 - mmengine - INFO - paramwise_options -- backbone.network.0.1.convffn.conv.bn.weight:lr=1e-05
2025/02/27 12:01:25 - mmengine - INFO - paramwise_options -- backbone.network.0.1.convffn.conv.bn.weight:weight_decay=0.05
2025/02/27 12:01:25 - mmengine - INFO - paramwise_options -- backbone.network.0.1.convffn.conv.bn.weight:lr_mult=0.1
2025/02/27 12:01:25 - mmengine - INFO - paramwise_options -- backbone.network.0.1.convffn.conv.bn.weight:decay_mult=1.0
2025/02/27 12:01:25 - mmengine - INFO - paramwise_options -- backbone.network.0.1.convffn.conv.bn.bias:lr=1e-05
2025/02/27 12:01:25 - mmengine - INFO - paramwise_options -- backbone.network.0.1.convffn.conv.bn.bias:weight_decay=0.05
2025/02/27 12:01:25 - mmengine - INFO - paramwise_options -- backbone.network.0.1.convffn.conv.bn.bias:lr_mult=0.1
2025/02/27 12:01:25 - mmengine - INFO - paramwise_options -- backbone.network.0.1.convffn.conv.bn.bias:decay_mult=1.0
2025/02/27 12:01:25 - mmengine - INFO - paramwise_options -- backbone.network.0.1.convffn.fc1.weight:lr=1e-05
2025/02/27 12:01:25 - mmengine - INFO - paramwise_options -- backbone.network.0.1.convffn.fc1.weight:weight_decay=0.05
2025/02/27 12:01:25 - mmengine - INFO - paramwise_options -- backbone.network.0.1.convffn.fc1.weight:lr_mult=0.1
2025/02/27 12:01:25 - mmengine - INFO - paramwise_options -- backbone.network.0.1.convffn.fc1.weight:decay_mult=1.0
2025/02/27 12:01:25 - mmengine - INFO - paramwise_options -- backbone.network.0.1.convffn.fc1.bias:lr=1e-05
2025/02/27 12:01:25 - mmengine - INFO - paramwise_options -- backbone.network.0.1.convffn.fc1.bias:weight_decay=0.05
2025/02/27 12:01:25 - mmengine - INFO - paramwise_options -- backbone.network.0.1.convffn.fc1.bias:lr_mult=0.1
2025/02/27 12:01:25 - mmengine - INFO - paramwise_options -- backbone.network.0.1.convffn.fc1.bias:decay_mult=1.0
2025/02/27 12:01:25 - mmengine - INFO - paramwise_options -- backbone.network.0.1.convffn.fc2.weight:lr=1e-05
2025/02/27 12:01:25 - mmengine - INFO - paramwise_options -- backbone.network.0.1.convffn.fc2.weight:weight_decay=0.05
2025/02/27 12:01:25 - mmengine - INFO - paramwise_options -- backbone.network.0.1.convffn.fc2.weight:lr_mult=0.1
2025/02/27 12:01:25 - mmengine - INFO - paramwise_options -- backbone.network.0.1.convffn.fc2.weight:decay_mult=1.0
2025/02/27 12:01:25 - mmengine - INFO - paramwise_options -- backbone.network.0.1.convffn.fc2.bias:lr=1e-05
2025/02/27 12:01:25 - mmengine - INFO - paramwise_options -- backbone.network.0.1.convffn.fc2.bias:weight_decay=0.05
2025/02/27 12:01:25 - mmengine - INFO - paramwise_options -- backbone.network.0.1.convffn.fc2.bias:lr_mult=0.1
2025/02/27 12:01:25 - mmengine - INFO - paramwise_options -- backbone.network.0.1.convffn.fc2.bias:decay_mult=1.0
2025/02/27 12:01:25 - mmengine - INFO - paramwise_options -- backbone.network.0.2.layer_scale:lr=1e-05
2025/02/27 12:01:25 - mmengine - INFO - paramwise_options -- backbone.network.0.2.layer_scale:weight_decay=0.05
2025/02/27 12:01:25 - mmengine - INFO - paramwise_options -- backbone.network.0.2.layer_scale:lr_mult=0.1
2025/02/27 12:01:25 - mmengine - INFO - paramwise_options -- backbone.network.0.2.layer_scale:decay_mult=1.0
2025/02/27 12:01:25 - mmengine - INFO - paramwise_options -- backbone.network.0.2.token_mixer.layer_scale:lr=1e-05
2025/02/27 12:01:25 - mmengine - INFO - paramwise_options -- backbone.network.0.2.token_mixer.layer_scale:weight_decay=0.05
2025/02/27 12:01:25 - mmengine - INFO - paramwise_options -- backbone.network.0.2.token_mixer.layer_scale:lr_mult=0.1
2025/02/27 12:01:25 - mmengine - INFO - paramwise_options -- backbone.network.0.2.token_mixer.layer_scale:decay_mult=1.0
2025/02/27 12:01:25 - mmengine - INFO - paramwise_options -- backbone.network.0.2.token_mixer.norm.rbr_skip.weight:lr=1e-05
2025/02/27 12:01:25 - mmengine - INFO - paramwise_options -- backbone.network.0.2.token_mixer.norm.rbr_skip.weight:weight_decay=0.05
2025/02/27 12:01:25 - mmengine - INFO - paramwise_options -- backbone.network.0.2.token_mixer.norm.rbr_skip.weight:lr_mult=0.1
2025/02/27 12:01:25 - mmengine - INFO - paramwise_options -- backbone.network.0.2.token_mixer.norm.rbr_skip.weight:decay_mult=1.0
2025/02/27 12:01:25 - mmengine - INFO - paramwise_options -- backbone.network.0.2.token_mixer.norm.rbr_skip.bias:lr=1e-05
2025/02/27 12:01:25 - mmengine - INFO - paramwise_options -- backbone.network.0.2.token_mixer.norm.rbr_skip.bias:weight_decay=0.05
2025/02/27 12:01:25 - mmengine - INFO - paramwise_options -- backbone.network.0.2.token_mixer.norm.rbr_skip.bias:lr_mult=0.1
2025/02/27 12:01:25 - mmengine - INFO - paramwise_options -- backbone.network.0.2.token_mixer.norm.rbr_skip.bias:decay_mult=1.0
2025/02/27 12:01:25 - mmengine - INFO - paramwise_options -- backbone.network.0.2.token_mixer.mixer.rbr_skip.weight:lr=1e-05
2025/02/27 12:01:25 - mmengine - INFO - paramwise_options -- backbone.network.0.2.token_mixer.mixer.rbr_skip.weight:weight_decay=0.05
2025/02/27 12:01:25 - mmengine - INFO - paramwise_options -- backbone.network.0.2.token_mixer.mixer.rbr_skip.weight:lr_mult=0.1
2025/02/27 12:01:25 - mmengine - INFO - paramwise_options -- backbone.network.0.2.token_mixer.mixer.rbr_skip.weight:decay_mult=1.0
2025/02/27 12:01:25 - mmengine - INFO - paramwise_options -- backbone.network.0.2.token_mixer.mixer.rbr_skip.bias:lr=1e-05
2025/02/27 12:01:25 - mmengine - INFO - paramwise_options -- backbone.network.0.2.token_mixer.mixer.rbr_skip.bias:weight_decay=0.05
2025/02/27 12:01:25 - mmengine - INFO - paramwise_options -- backbone.network.0.2.token_mixer.mixer.rbr_skip.bias:lr_mult=0.1
2025/02/27 12:01:25 - mmengine - INFO - paramwise_options -- backbone.network.0.2.token_mixer.mixer.rbr_skip.bias:decay_mult=1.0
2025/02/27 12:01:25 - mmengine - INFO - paramwise_options -- backbone.network.0.2.token_mixer.mixer.rbr_conv.0.conv.weight:lr=1e-05
2025/02/27 12:01:25 - mmengine - INFO - paramwise_options -- backbone.network.0.2.token_mixer.mixer.rbr_conv.0.conv.weight:weight_decay=0.05
2025/02/27 12:01:25 - mmengine - INFO - paramwise_options -- backbone.network.0.2.token_mixer.mixer.rbr_conv.0.conv.weight:lr_mult=0.1
2025/02/27 12:01:25 - mmengine - INFO - paramwise_options -- backbone.network.0.2.token_mixer.mixer.rbr_conv.0.conv.weight:decay_mult=1.0
2025/02/27 12:01:25 - mmengine - INFO - paramwise_options -- backbone.network.0.2.token_mixer.mixer.rbr_conv.0.bn.weight:lr=1e-05
2025/02/27 12:01:25 - mmengine - INFO - paramwise_options -- backbone.network.0.2.token_mixer.mixer.rbr_conv.0.bn.weight:weight_decay=0.05
2025/02/27 12:01:25 - mmengine - INFO - paramwise_options -- backbone.network.0.2.token_mixer.mixer.rbr_conv.0.bn.weight:lr_mult=0.1
2025/02/27 12:01:25 - mmengine - INFO - paramwise_options -- backbone.network.0.2.token_mixer.mixer.rbr_conv.0.bn.weight:decay_mult=1.0
2025/02/27 12:01:25 - mmengine - INFO - paramwise_options -- backbone.network.0.2.token_mixer.mixer.rbr_conv.0.bn.bias:lr=1e-05
2025/02/27 12:01:25 - mmengine - INFO - paramwise_options -- backbone.network.0.2.token_mixer.mixer.rbr_conv.0.bn.bias:weight_decay=0.05
2025/02/27 12:01:25 - mmengine - INFO - paramwise_options -- backbone.network.0.2.token_mixer.mixer.rbr_conv.0.bn.bias:lr_mult=0.1
2025/02/27 12:01:25 - mmengine - INFO - paramwise_options -- backbone.network.0.2.token_mixer.mixer.rbr_conv.0.bn.bias:decay_mult=1.0
2025/02/27 12:01:25 - mmengine - INFO - paramwise_options -- backbone.network.0.2.token_mixer.mixer.rbr_scale.conv.weight:lr=1e-05
2025/02/27 12:01:25 - mmengine - INFO - paramwise_options -- backbone.network.0.2.token_mixer.mixer.rbr_scale.conv.weight:weight_decay=0.05
2025/02/27 12:01:25 - mmengine - INFO - paramwise_options -- backbone.network.0.2.token_mixer.mixer.rbr_scale.conv.weight:lr_mult=0.1
2025/02/27 12:01:25 - mmengine - INFO - paramwise_options -- backbone.network.0.2.token_mixer.mixer.rbr_scale.conv.weight:decay_mult=1.0
2025/02/27 12:01:25 - mmengine - INFO - paramwise_options -- backbone.network.0.2.token_mixer.mixer.rbr_scale.bn.weight:lr=1e-05
2025/02/27 12:01:25 - mmengine - INFO - paramwise_options -- backbone.network.0.2.token_mixer.mixer.rbr_scale.bn.weight:weight_decay=0.05
2025/02/27 12:01:25 - mmengine - INFO - paramwise_options -- backbone.network.0.2.token_mixer.mixer.rbr_scale.bn.weight:lr_mult=0.1
2025/02/27 12:01:25 - mmengine - INFO - paramwise_options -- backbone.network.0.2.token_mixer.mixer.rbr_scale.bn.weight:decay_mult=1.0
2025/02/27 12:01:25 - mmengine - INFO - paramwise_options -- backbone.network.0.2.token_mixer.mixer.rbr_scale.bn.bias:lr=1e-05
2025/02/27 12:01:25 - mmengine - INFO - paramwise_options -- backbone.network.0.2.token_mixer.mixer.rbr_scale.bn.bias:weight_decay=0.05
2025/02/27 12:01:25 - mmengine - INFO - paramwise_options -- backbone.network.0.2.token_mixer.mixer.rbr_scale.bn.bias:lr_mult=0.1
2025/02/27 12:01:25 - mmengine - INFO - paramwise_options -- backbone.network.0.2.token_mixer.mixer.rbr_scale.bn.bias:decay_mult=1.0
2025/02/27 12:01:25 - mmengine - INFO - paramwise_options -- backbone.network.0.2.convffn.conv.conv.weight:lr=1e-05
2025/02/27 12:01:25 - mmengine - INFO - paramwise_options -- backbone.network.0.2.convffn.conv.conv.weight:weight_decay=0.05
2025/02/27 12:01:25 - mmengine - INFO - paramwise_options -- backbone.network.0.2.convffn.conv.conv.weight:lr_mult=0.1
2025/02/27 12:01:25 - mmengine - INFO - paramwise_options -- backbone.network.0.2.convffn.conv.conv.weight:decay_mult=1.0
2025/02/27 12:01:25 - mmengine - INFO - paramwise_options -- backbone.network.0.2.convffn.conv.bn.weight:lr=1e-05
2025/02/27 12:01:25 - mmengine - INFO - paramwise_options -- backbone.network.0.2.convffn.conv.bn.weight:weight_decay=0.05
2025/02/27 12:01:25 - mmengine - INFO - paramwise_options -- backbone.network.0.2.convffn.conv.bn.weight:lr_mult=0.1
2025/02/27 12:01:25 - mmengine - INFO - paramwise_options -- backbone.network.0.2.convffn.conv.bn.weight:decay_mult=1.0
2025/02/27 12:01:25 - mmengine - INFO - paramwise_options -- backbone.network.0.2.convffn.conv.bn.bias:lr=1e-05
2025/02/27 12:01:25 - mmengine - INFO - paramwise_options -- backbone.network.0.2.convffn.conv.bn.bias:weight_decay=0.05
2025/02/27 12:01:25 - mmengine - INFO - paramwise_options -- backbone.network.0.2.convffn.conv.bn.bias:lr_mult=0.1
2025/02/27 12:01:25 - mmengine - INFO - paramwise_options -- backbone.network.0.2.convffn.conv.bn.bias:decay_mult=1.0
2025/02/27 12:01:25 - mmengine - INFO - paramwise_options -- backbone.network.0.2.convffn.fc1.weight:lr=1e-05
2025/02/27 12:01:25 - mmengine - INFO - paramwise_options -- backbone.network.0.2.convffn.fc1.weight:weight_decay=0.05
2025/02/27 12:01:25 - mmengine - INFO - paramwise_options -- backbone.network.0.2.convffn.fc1.weight:lr_mult=0.1
2025/02/27 12:01:25 - mmengine - INFO - paramwise_options -- backbone.network.0.2.convffn.fc1.weight:decay_mult=1.0
2025/02/27 12:01:25 - mmengine - INFO - paramwise_options -- backbone.network.0.2.convffn.fc1.bias:lr=1e-05
2025/02/27 12:01:25 - mmengine - INFO - paramwise_options -- backbone.network.0.2.convffn.fc1.bias:weight_decay=0.05
2025/02/27 12:01:25 - mmengine - INFO - paramwise_options -- backbone.network.0.2.convffn.fc1.bias:lr_mult=0.1
2025/02/27 12:01:25 - mmengine - INFO - paramwise_options -- backbone.network.0.2.convffn.fc1.bias:decay_mult=1.0
2025/02/27 12:01:25 - mmengine - INFO - paramwise_options -- backbone.network.0.2.convffn.fc2.weight:lr=1e-05
2025/02/27 12:01:25 - mmengine - INFO - paramwise_options -- backbone.network.0.2.convffn.fc2.weight:weight_decay=0.05
2025/02/27 12:01:25 - mmengine - INFO - paramwise_options -- backbone.network.0.2.convffn.fc2.weight:lr_mult=0.1
2025/02/27 12:01:25 - mmengine - INFO - paramwise_options -- backbone.network.0.2.convffn.fc2.weight:decay_mult=1.0
2025/02/27 12:01:25 - mmengine - INFO - paramwise_options -- backbone.network.0.2.convffn.fc2.bias:lr=1e-05
2025/02/27 12:01:25 - mmengine - INFO - paramwise_options -- backbone.network.0.2.convffn.fc2.bias:weight_decay=0.05
2025/02/27 12:01:25 - mmengine - INFO - paramwise_options -- backbone.network.0.2.convffn.fc2.bias:lr_mult=0.1
2025/02/27 12:01:25 - mmengine - INFO - paramwise_options -- backbone.network.0.2.convffn.fc2.bias:decay_mult=1.0
2025/02/27 12:01:25 - mmengine - INFO - paramwise_options -- backbone.network.0.3.layer_scale:lr=1e-05
2025/02/27 12:01:25 - mmengine - INFO - paramwise_options -- backbone.network.0.3.layer_scale:weight_decay=0.05
2025/02/27 12:01:25 - mmengine - INFO - paramwise_options -- backbone.network.0.3.layer_scale:lr_mult=0.1
2025/02/27 12:01:25 - mmengine - INFO - paramwise_options -- backbone.network.0.3.layer_scale:decay_mult=1.0
2025/02/27 12:01:25 - mmengine - INFO - paramwise_options -- backbone.network.0.3.token_mixer.layer_scale:lr=1e-05
2025/02/27 12:01:25 - mmengine - INFO - paramwise_options -- backbone.network.0.3.token_mixer.layer_scale:weight_decay=0.05
2025/02/27 12:01:25 - mmengine - INFO - paramwise_options -- backbone.network.0.3.token_mixer.layer_scale:lr_mult=0.1
2025/02/27 12:01:25 - mmengine - INFO - paramwise_options -- backbone.network.0.3.token_mixer.layer_scale:decay_mult=1.0
2025/02/27 12:01:25 - mmengine - INFO - paramwise_options -- backbone.network.0.3.token_mixer.norm.rbr_skip.weight:lr=1e-05
2025/02/27 12:01:25 - mmengine - INFO - paramwise_options -- backbone.network.0.3.token_mixer.norm.rbr_skip.weight:weight_decay=0.05
2025/02/27 12:01:25 - mmengine - INFO - paramwise_options -- backbone.network.0.3.token_mixer.norm.rbr_skip.weight:lr_mult=0.1
2025/02/27 12:01:25 - mmengine - INFO - paramwise_options -- backbone.network.0.3.token_mixer.norm.rbr_skip.weight:decay_mult=1.0
2025/02/27 12:01:25 - mmengine - INFO - paramwise_options -- backbone.network.0.3.token_mixer.norm.rbr_skip.bias:lr=1e-05
2025/02/27 12:01:25 - mmengine - INFO - paramwise_options -- backbone.network.0.3.token_mixer.norm.rbr_skip.bias:weight_decay=0.05
2025/02/27 12:01:25 - mmengine - INFO - paramwise_options -- backbone.network.0.3.token_mixer.norm.rbr_skip.bias:lr_mult=0.1
2025/02/27 12:01:25 - mmengine - INFO - paramwise_options -- backbone.network.0.3.token_mixer.norm.rbr_skip.bias:decay_mult=1.0
2025/02/27 12:01:25 - mmengine - INFO - paramwise_options -- backbone.network.0.3.token_mixer.mixer.rbr_skip.weight:lr=1e-05
2025/02/27 12:01:25 - mmengine - INFO - paramwise_options -- backbone.network.0.3.token_mixer.mixer.rbr_skip.weight:weight_decay=0.05
2025/02/27 12:01:25 - mmengine - INFO - paramwise_options -- backbone.network.0.3.token_mixer.mixer.rbr_skip.weight:lr_mult=0.1
2025/02/27 12:01:25 - mmengine - INFO - paramwise_options -- backbone.network.0.3.token_mixer.mixer.rbr_skip.weight:decay_mult=1.0
2025/02/27 12:01:25 - mmengine - INFO - paramwise_options -- backbone.network.0.3.token_mixer.mixer.rbr_skip.bias:lr=1e-05
2025/02/27 12:01:25 - mmengine - INFO - paramwise_options -- backbone.network.0.3.token_mixer.mixer.rbr_skip.bias:weight_decay=0.05
2025/02/27 12:01:25 - mmengine - INFO - paramwise_options -- backbone.network.0.3.token_mixer.mixer.rbr_skip.bias:lr_mult=0.1
2025/02/27 12:01:25 - mmengine - INFO - paramwise_options -- backbone.network.0.3.token_mixer.mixer.rbr_skip.bias:decay_mult=1.0
2025/02/27 12:01:25 - mmengine - INFO - paramwise_options -- backbone.network.0.3.token_mixer.mixer.rbr_conv.0.conv.weight:lr=1e-05
2025/02/27 12:01:25 - mmengine - INFO - paramwise_options -- backbone.network.0.3.token_mixer.mixer.rbr_conv.0.conv.weight:weight_decay=0.05
2025/02/27 12:01:25 - mmengine - INFO - paramwise_options -- backbone.network.0.3.token_mixer.mixer.rbr_conv.0.conv.weight:lr_mult=0.1
2025/02/27 12:01:25 - mmengine - INFO - paramwise_options -- backbone.network.0.3.token_mixer.mixer.rbr_conv.0.conv.weight:decay_mult=1.0
2025/02/27 12:01:25 - mmengine - INFO - paramwise_options -- backbone.network.0.3.token_mixer.mixer.rbr_conv.0.bn.weight:lr=1e-05
2025/02/27 12:01:25 - mmengine - INFO - paramwise_options -- backbone.network.0.3.token_mixer.mixer.rbr_conv.0.bn.weight:weight_decay=0.05
2025/02/27 12:01:25 - mmengine - INFO - paramwise_options -- backbone.network.0.3.token_mixer.mixer.rbr_conv.0.bn.weight:lr_mult=0.1
2025/02/27 12:01:25 - mmengine - INFO - paramwise_options -- backbone.network.0.3.token_mixer.mixer.rbr_conv.0.bn.weight:decay_mult=1.0
2025/02/27 12:01:25 - mmengine - INFO - paramwise_options -- backbone.network.0.3.token_mixer.mixer.rbr_conv.0.bn.bias:lr=1e-05
2025/02/27 12:01:25 - mmengine - INFO - paramwise_options -- backbone.network.0.3.token_mixer.mixer.rbr_conv.0.bn.bias:weight_decay=0.05
2025/02/27 12:01:25 - mmengine - INFO - paramwise_options -- backbone.network.0.3.token_mixer.mixer.rbr_conv.0.bn.bias:lr_mult=0.1
2025/02/27 12:01:25 - mmengine - INFO - paramwise_options -- backbone.network.0.3.token_mixer.mixer.rbr_conv.0.bn.bias:decay_mult=1.0
2025/02/27 12:01:25 - mmengine - INFO - paramwise_options -- backbone.network.0.3.token_mixer.mixer.rbr_scale.conv.weight:lr=1e-05
2025/02/27 12:01:25 - mmengine - INFO - paramwise_options -- backbone.network.0.3.token_mixer.mixer.rbr_scale.conv.weight:weight_decay=0.05
2025/02/27 12:01:25 - mmengine - INFO - paramwise_options -- backbone.network.0.3.token_mixer.mixer.rbr_scale.conv.weight:lr_mult=0.1
2025/02/27 12:01:25 - mmengine - INFO - paramwise_options -- backbone.network.0.3.token_mixer.mixer.rbr_scale.conv.weight:decay_mult=1.0
2025/02/27 12:01:25 - mmengine - INFO - paramwise_options -- backbone.network.0.3.token_mixer.mixer.rbr_scale.bn.weight:lr=1e-05
2025/02/27 12:01:25 - mmengine - INFO - paramwise_options -- backbone.network.0.3.token_mixer.mixer.rbr_scale.bn.weight:weight_decay=0.05
2025/02/27 12:01:25 - mmengine - INFO - paramwise_options -- backbone.network.0.3.token_mixer.mixer.rbr_scale.bn.weight:lr_mult=0.1
2025/02/27 12:01:25 - mmengine - INFO - paramwise_options -- backbone.network.0.3.token_mixer.mixer.rbr_scale.bn.weight:decay_mult=1.0
2025/02/27 12:01:25 - mmengine - INFO - paramwise_options -- backbone.network.0.3.token_mixer.mixer.rbr_scale.bn.bias:lr=1e-05
2025/02/27 12:01:25 - mmengine - INFO - paramwise_options -- backbone.network.0.3.token_mixer.mixer.rbr_scale.bn.bias:weight_decay=0.05
2025/02/27 12:01:25 - mmengine - INFO - paramwise_options -- backbone.network.0.3.token_mixer.mixer.rbr_scale.bn.bias:lr_mult=0.1
2025/02/27 12:01:25 - mmengine - INFO - paramwise_options -- backbone.network.0.3.token_mixer.mixer.rbr_scale.bn.bias:decay_mult=1.0
2025/02/27 12:01:25 - mmengine - INFO - paramwise_options -- backbone.network.0.3.convffn.conv.conv.weight:lr=1e-05
2025/02/27 12:01:25 - mmengine - INFO - paramwise_options -- backbone.network.0.3.convffn.conv.conv.weight:weight_decay=0.05
2025/02/27 12:01:25 - mmengine - INFO - paramwise_options -- backbone.network.0.3.convffn.conv.conv.weight:lr_mult=0.1
2025/02/27 12:01:25 - mmengine - INFO - paramwise_options -- backbone.network.0.3.convffn.conv.conv.weight:decay_mult=1.0
2025/02/27 12:01:25 - mmengine - INFO - paramwise_options -- backbone.network.0.3.convffn.conv.bn.weight:lr=1e-05
2025/02/27 12:01:25 - mmengine - INFO - paramwise_options -- backbone.network.0.3.convffn.conv.bn.weight:weight_decay=0.05
2025/02/27 12:01:25 - mmengine - INFO - paramwise_options -- backbone.network.0.3.convffn.conv.bn.weight:lr_mult=0.1
2025/02/27 12:01:25 - mmengine - INFO - paramwise_options -- backbone.network.0.3.convffn.conv.bn.weight:decay_mult=1.0
2025/02/27 12:01:25 - mmengine - INFO - paramwise_options -- backbone.network.0.3.convffn.conv.bn.bias:lr=1e-05
2025/02/27 12:01:25 - mmengine - INFO - paramwise_options -- backbone.network.0.3.convffn.conv.bn.bias:weight_decay=0.05
2025/02/27 12:01:25 - mmengine - INFO - paramwise_options -- backbone.network.0.3.convffn.conv.bn.bias:lr_mult=0.1
2025/02/27 12:01:25 - mmengine - INFO - paramwise_options -- backbone.network.0.3.convffn.conv.bn.bias:decay_mult=1.0
2025/02/27 12:01:25 - mmengine - INFO - paramwise_options -- backbone.network.0.3.convffn.fc1.weight:lr=1e-05
2025/02/27 12:01:25 - mmengine - INFO - paramwise_options -- backbone.network.0.3.convffn.fc1.weight:weight_decay=0.05
2025/02/27 12:01:25 - mmengine - INFO - paramwise_options -- backbone.network.0.3.convffn.fc1.weight:lr_mult=0.1
2025/02/27 12:01:25 - mmengine - INFO - paramwise_options -- backbone.network.0.3.convffn.fc1.weight:decay_mult=1.0
2025/02/27 12:01:25 - mmengine - INFO - paramwise_options -- backbone.network.0.3.convffn.fc1.bias:lr=1e-05
2025/02/27 12:01:25 - mmengine - INFO - paramwise_options -- backbone.network.0.3.convffn.fc1.bias:weight_decay=0.05
2025/02/27 12:01:25 - mmengine - INFO - paramwise_options -- backbone.network.0.3.convffn.fc1.bias:lr_mult=0.1
2025/02/27 12:01:25 - mmengine - INFO - paramwise_options -- backbone.network.0.3.convffn.fc1.bias:decay_mult=1.0
2025/02/27 12:01:25 - mmengine - INFO - paramwise_options -- backbone.network.0.3.convffn.fc2.weight:lr=1e-05
2025/02/27 12:01:25 - mmengine - INFO - paramwise_options -- backbone.network.0.3.convffn.fc2.weight:weight_decay=0.05
2025/02/27 12:01:25 - mmengine - INFO - paramwise_options -- backbone.network.0.3.convffn.fc2.weight:lr_mult=0.1
2025/02/27 12:01:25 - mmengine - INFO - paramwise_options -- backbone.network.0.3.convffn.fc2.weight:decay_mult=1.0
2025/02/27 12:01:25 - mmengine - INFO - paramwise_options -- backbone.network.0.3.convffn.fc2.bias:lr=1e-05
2025/02/27 12:01:25 - mmengine - INFO - paramwise_options -- backbone.network.0.3.convffn.fc2.bias:weight_decay=0.05
2025/02/27 12:01:25 - mmengine - INFO - paramwise_options -- backbone.network.0.3.convffn.fc2.bias:lr_mult=0.1
2025/02/27 12:01:25 - mmengine - INFO - paramwise_options -- backbone.network.0.3.convffn.fc2.bias:decay_mult=1.0
2025/02/27 12:01:25 - mmengine - INFO - paramwise_options -- backbone.network.0.4.layer_scale:lr=1e-05
2025/02/27 12:01:25 - mmengine - INFO - paramwise_options -- backbone.network.0.4.layer_scale:weight_decay=0.05
2025/02/27 12:01:25 - mmengine - INFO - paramwise_options -- backbone.network.0.4.layer_scale:lr_mult=0.1
2025/02/27 12:01:25 - mmengine - INFO - paramwise_options -- backbone.network.0.4.layer_scale:decay_mult=1.0
2025/02/27 12:01:25 - mmengine - INFO - paramwise_options -- backbone.network.0.4.token_mixer.layer_scale:lr=1e-05
2025/02/27 12:01:25 - mmengine - INFO - paramwise_options -- backbone.network.0.4.token_mixer.layer_scale:weight_decay=0.05
2025/02/27 12:01:25 - mmengine - INFO - paramwise_options -- backbone.network.0.4.token_mixer.layer_scale:lr_mult=0.1
2025/02/27 12:01:25 - mmengine - INFO - paramwise_options -- backbone.network.0.4.token_mixer.layer_scale:decay_mult=1.0
2025/02/27 12:01:25 - mmengine - INFO - paramwise_options -- backbone.network.0.4.token_mixer.norm.rbr_skip.weight:lr=1e-05
2025/02/27 12:01:25 - mmengine - INFO - paramwise_options -- backbone.network.0.4.token_mixer.norm.rbr_skip.weight:weight_decay=0.05
2025/02/27 12:01:25 - mmengine - INFO - paramwise_options -- backbone.network.0.4.token_mixer.norm.rbr_skip.weight:lr_mult=0.1
2025/02/27 12:01:25 - mmengine - INFO - paramwise_options -- backbone.network.0.4.token_mixer.norm.rbr_skip.weight:decay_mult=1.0
2025/02/27 12:01:25 - mmengine - INFO - paramwise_options -- backbone.network.0.4.token_mixer.norm.rbr_skip.bias:lr=1e-05
2025/02/27 12:01:25 - mmengine - INFO - paramwise_options -- backbone.network.0.4.token_mixer.norm.rbr_skip.bias:weight_decay=0.05
2025/02/27 12:01:25 - mmengine - INFO - paramwise_options -- backbone.network.0.4.token_mixer.norm.rbr_skip.bias:lr_mult=0.1
2025/02/27 12:01:25 - mmengine - INFO - paramwise_options -- backbone.network.0.4.token_mixer.norm.rbr_skip.bias:decay_mult=1.0
2025/02/27 12:01:25 - mmengine - INFO - paramwise_options -- backbone.network.0.4.token_mixer.mixer.rbr_skip.weight:lr=1e-05
2025/02/27 12:01:25 - mmengine - INFO - paramwise_options -- backbone.network.0.4.token_mixer.mixer.rbr_skip.weight:weight_decay=0.05
2025/02/27 12:01:25 - mmengine - INFO - paramwise_options -- backbone.network.0.4.token_mixer.mixer.rbr_skip.weight:lr_mult=0.1
2025/02/27 12:01:25 - mmengine - INFO - paramwise_options -- backbone.network.0.4.token_mixer.mixer.rbr_skip.weight:decay_mult=1.0
2025/02/27 12:01:25 - mmengine - INFO - paramwise_options -- backbone.network.0.4.token_mixer.mixer.rbr_skip.bias:lr=1e-05
2025/02/27 12:01:25 - mmengine - INFO - paramwise_options -- backbone.network.0.4.token_mixer.mixer.rbr_skip.bias:weight_decay=0.05
2025/02/27 12:01:25 - mmengine - INFO - paramwise_options -- backbone.network.0.4.token_mixer.mixer.rbr_skip.bias:lr_mult=0.1
2025/02/27 12:01:25 - mmengine - INFO - paramwise_options -- backbone.network.0.4.token_mixer.mixer.rbr_skip.bias:decay_mult=1.0
2025/02/27 12:01:25 - mmengine - INFO - paramwise_options -- backbone.network.0.4.token_mixer.mixer.rbr_conv.0.conv.weight:lr=1e-05
2025/02/27 12:01:25 - mmengine - INFO - paramwise_options -- backbone.network.0.4.token_mixer.mixer.rbr_conv.0.conv.weight:weight_decay=0.05
2025/02/27 12:01:25 - mmengine - INFO - paramwise_options -- backbone.network.0.4.token_mixer.mixer.rbr_conv.0.conv.weight:lr_mult=0.1
2025/02/27 12:01:25 - mmengine - INFO - paramwise_options -- backbone.network.0.4.token_mixer.mixer.rbr_conv.0.conv.weight:decay_mult=1.0
2025/02/27 12:01:25 - mmengine - INFO - paramwise_options -- backbone.network.0.4.token_mixer.mixer.rbr_conv.0.bn.weight:lr=1e-05
2025/02/27 12:01:25 - mmengine - INFO - paramwise_options -- backbone.network.0.4.token_mixer.mixer.rbr_conv.0.bn.weight:weight_decay=0.05
2025/02/27 12:01:25 - mmengine - INFO - paramwise_options -- backbone.network.0.4.token_mixer.mixer.rbr_conv.0.bn.weight:lr_mult=0.1
2025/02/27 12:01:25 - mmengine - INFO - paramwise_options -- backbone.network.0.4.token_mixer.mixer.rbr_conv.0.bn.weight:decay_mult=1.0
2025/02/27 12:01:25 - mmengine - INFO - paramwise_options -- backbone.network.0.4.token_mixer.mixer.rbr_conv.0.bn.bias:lr=1e-05
2025/02/27 12:01:25 - mmengine - INFO - paramwise_options -- backbone.network.0.4.token_mixer.mixer.rbr_conv.0.bn.bias:weight_decay=0.05
2025/02/27 12:01:25 - mmengine - INFO - paramwise_options -- backbone.network.0.4.token_mixer.mixer.rbr_conv.0.bn.bias:lr_mult=0.1
2025/02/27 12:01:25 - mmengine - INFO - paramwise_options -- backbone.network.0.4.token_mixer.mixer.rbr_conv.0.bn.bias:decay_mult=1.0
2025/02/27 12:01:25 - mmengine - INFO - paramwise_options -- backbone.network.0.4.token_mixer.mixer.rbr_scale.conv.weight:lr=1e-05
2025/02/27 12:01:25 - mmengine - INFO - paramwise_options -- backbone.network.0.4.token_mixer.mixer.rbr_scale.conv.weight:weight_decay=0.05
2025/02/27 12:01:25 - mmengine - INFO - paramwise_options -- backbone.network.0.4.token_mixer.mixer.rbr_scale.conv.weight:lr_mult=0.1
2025/02/27 12:01:25 - mmengine - INFO - paramwise_options -- backbone.network.0.4.token_mixer.mixer.rbr_scale.conv.weight:decay_mult=1.0
2025/02/27 12:01:25 - mmengine - INFO - paramwise_options -- backbone.network.0.4.token_mixer.mixer.rbr_scale.bn.weight:lr=1e-05
2025/02/27 12:01:25 - mmengine - INFO - paramwise_options -- backbone.network.0.4.token_mixer.mixer.rbr_scale.bn.weight:weight_decay=0.05
2025/02/27 12:01:25 - mmengine - INFO - paramwise_options -- backbone.network.0.4.token_mixer.mixer.rbr_scale.bn.weight:lr_mult=0.1
2025/02/27 12:01:25 - mmengine - INFO - paramwise_options -- backbone.network.0.4.token_mixer.mixer.rbr_scale.bn.weight:decay_mult=1.0
2025/02/27 12:01:25 - mmengine - INFO - paramwise_options -- backbone.network.0.4.token_mixer.mixer.rbr_scale.bn.bias:lr=1e-05
2025/02/27 12:01:25 - mmengine - INFO - paramwise_options -- backbone.network.0.4.token_mixer.mixer.rbr_scale.bn.bias:weight_decay=0.05
2025/02/27 12:01:25 - mmengine - INFO - paramwise_options -- backbone.network.0.4.token_mixer.mixer.rbr_scale.bn.bias:lr_mult=0.1
2025/02/27 12:01:25 - mmengine - INFO - paramwise_options -- backbone.network.0.4.token_mixer.mixer.rbr_scale.bn.bias:decay_mult=1.0
2025/02/27 12:01:25 - mmengine - INFO - paramwise_options -- backbone.network.0.4.convffn.conv.conv.weight:lr=1e-05
2025/02/27 12:01:25 - mmengine - INFO - paramwise_options -- backbone.network.0.4.convffn.conv.conv.weight:weight_decay=0.05
2025/02/27 12:01:25 - mmengine - INFO - paramwise_options -- backbone.network.0.4.convffn.conv.conv.weight:lr_mult=0.1
2025/02/27 12:01:25 - mmengine - INFO - paramwise_options -- backbone.network.0.4.convffn.conv.conv.weight:decay_mult=1.0
2025/02/27 12:01:25 - mmengine - INFO - paramwise_options -- backbone.network.0.4.convffn.conv.bn.weight:lr=1e-05
2025/02/27 12:01:25 - mmengine - INFO - paramwise_options -- backbone.network.0.4.convffn.conv.bn.weight:weight_decay=0.05
2025/02/27 12:01:25 - mmengine - INFO - paramwise_options -- backbone.network.0.4.convffn.conv.bn.weight:lr_mult=0.1
2025/02/27 12:01:25 - mmengine - INFO - paramwise_options -- backbone.network.0.4.convffn.conv.bn.weight:decay_mult=1.0
2025/02/27 12:01:25 - mmengine - INFO - paramwise_options -- backbone.network.0.4.convffn.conv.bn.bias:lr=1e-05
2025/02/27 12:01:25 - mmengine - INFO - paramwise_options -- backbone.network.0.4.convffn.conv.bn.bias:weight_decay=0.05
2025/02/27 12:01:25 - mmengine - INFO - paramwise_options -- backbone.network.0.4.convffn.conv.bn.bias:lr_mult=0.1
2025/02/27 12:01:25 - mmengine - INFO - paramwise_options -- backbone.network.0.4.convffn.conv.bn.bias:decay_mult=1.0
2025/02/27 12:01:25 - mmengine - INFO - paramwise_options -- backbone.network.0.4.convffn.fc1.weight:lr=1e-05
2025/02/27 12:01:25 - mmengine - INFO - paramwise_options -- backbone.network.0.4.convffn.fc1.weight:weight_decay=0.05
2025/02/27 12:01:25 - mmengine - INFO - paramwise_options -- backbone.network.0.4.convffn.fc1.weight:lr_mult=0.1
2025/02/27 12:01:25 - mmengine - INFO - paramwise_options -- backbone.network.0.4.convffn.fc1.weight:decay_mult=1.0
2025/02/27 12:01:25 - mmengine - INFO - paramwise_options -- backbone.network.0.4.convffn.fc1.bias:lr=1e-05
2025/02/27 12:01:25 - mmengine - INFO - paramwise_options -- backbone.network.0.4.convffn.fc1.bias:weight_decay=0.05
2025/02/27 12:01:25 - mmengine - INFO - paramwise_options -- backbone.network.0.4.convffn.fc1.bias:lr_mult=0.1
2025/02/27 12:01:25 - mmengine - INFO - paramwise_options -- backbone.network.0.4.convffn.fc1.bias:decay_mult=1.0
2025/02/27 12:01:25 - mmengine - INFO - paramwise_options -- backbone.network.0.4.convffn.fc2.weight:lr=1e-05
2025/02/27 12:01:25 - mmengine - INFO - paramwise_options -- backbone.network.0.4.convffn.fc2.weight:weight_decay=0.05
2025/02/27 12:01:25 - mmengine - INFO - paramwise_options -- backbone.network.0.4.convffn.fc2.weight:lr_mult=0.1
2025/02/27 12:01:25 - mmengine - INFO - paramwise_options -- backbone.network.0.4.convffn.fc2.weight:decay_mult=1.0
2025/02/27 12:01:25 - mmengine - INFO - paramwise_options -- backbone.network.0.4.convffn.fc2.bias:lr=1e-05
2025/02/27 12:01:25 - mmengine - INFO - paramwise_options -- backbone.network.0.4.convffn.fc2.bias:weight_decay=0.05
2025/02/27 12:01:25 - mmengine - INFO - paramwise_options -- backbone.network.0.4.convffn.fc2.bias:lr_mult=0.1
2025/02/27 12:01:25 - mmengine - INFO - paramwise_options -- backbone.network.0.4.convffn.fc2.bias:decay_mult=1.0
2025/02/27 12:01:25 - mmengine - INFO - paramwise_options -- backbone.network.0.5.layer_scale:lr=1e-05
2025/02/27 12:01:25 - mmengine - INFO - paramwise_options -- backbone.network.0.5.layer_scale:weight_decay=0.05
2025/02/27 12:01:25 - mmengine - INFO - paramwise_options -- backbone.network.0.5.layer_scale:lr_mult=0.1
2025/02/27 12:01:25 - mmengine - INFO - paramwise_options -- backbone.network.0.5.layer_scale:decay_mult=1.0
2025/02/27 12:01:25 - mmengine - INFO - paramwise_options -- backbone.network.0.5.token_mixer.layer_scale:lr=1e-05
2025/02/27 12:01:25 - mmengine - INFO - paramwise_options -- backbone.network.0.5.token_mixer.layer_scale:weight_decay=0.05
2025/02/27 12:01:25 - mmengine - INFO - paramwise_options -- backbone.network.0.5.token_mixer.layer_scale:lr_mult=0.1
2025/02/27 12:01:25 - mmengine - INFO - paramwise_options -- backbone.network.0.5.token_mixer.layer_scale:decay_mult=1.0
2025/02/27 12:01:25 - mmengine - INFO - paramwise_options -- backbone.network.0.5.token_mixer.norm.rbr_skip.weight:lr=1e-05
2025/02/27 12:01:25 - mmengine - INFO - paramwise_options -- backbone.network.0.5.token_mixer.norm.rbr_skip.weight:weight_decay=0.05
2025/02/27 12:01:25 - mmengine - INFO - paramwise_options -- backbone.network.0.5.token_mixer.norm.rbr_skip.weight:lr_mult=0.1
2025/02/27 12:01:25 - mmengine - INFO - paramwise_options -- backbone.network.0.5.token_mixer.norm.rbr_skip.weight:decay_mult=1.0
2025/02/27 12:01:25 - mmengine - INFO - paramwise_options -- backbone.network.0.5.token_mixer.norm.rbr_skip.bias:lr=1e-05
2025/02/27 12:01:25 - mmengine - INFO - paramwise_options -- backbone.network.0.5.token_mixer.norm.rbr_skip.bias:weight_decay=0.05
2025/02/27 12:01:25 - mmengine - INFO - paramwise_options -- backbone.network.0.5.token_mixer.norm.rbr_skip.bias:lr_mult=0.1
2025/02/27 12:01:25 - mmengine - INFO - paramwise_options -- backbone.network.0.5.token_mixer.norm.rbr_skip.bias:decay_mult=1.0
2025/02/27 12:01:25 - mmengine - INFO - paramwise_options -- backbone.network.0.5.token_mixer.mixer.rbr_skip.weight:lr=1e-05
2025/02/27 12:01:25 - mmengine - INFO - paramwise_options -- backbone.network.0.5.token_mixer.mixer.rbr_skip.weight:weight_decay=0.05
2025/02/27 12:01:25 - mmengine - INFO - paramwise_options -- backbone.network.0.5.token_mixer.mixer.rbr_skip.weight:lr_mult=0.1
2025/02/27 12:01:25 - mmengine - INFO - paramwise_options -- backbone.network.0.5.token_mixer.mixer.rbr_skip.weight:decay_mult=1.0
2025/02/27 12:01:25 - mmengine - INFO - paramwise_options -- backbone.network.0.5.token_mixer.mixer.rbr_skip.bias:lr=1e-05
2025/02/27 12:01:25 - mmengine - INFO - paramwise_options -- backbone.network.0.5.token_mixer.mixer.rbr_skip.bias:weight_decay=0.05
2025/02/27 12:01:25 - mmengine - INFO - paramwise_options -- backbone.network.0.5.token_mixer.mixer.rbr_skip.bias:lr_mult=0.1
2025/02/27 12:01:25 - mmengine - INFO - paramwise_options -- backbone.network.0.5.token_mixer.mixer.rbr_skip.bias:decay_mult=1.0
2025/02/27 12:01:25 - mmengine - INFO - paramwise_options -- backbone.network.0.5.token_mixer.mixer.rbr_conv.0.conv.weight:lr=1e-05
2025/02/27 12:01:25 - mmengine - INFO - paramwise_options -- backbone.network.0.5.token_mixer.mixer.rbr_conv.0.conv.weight:weight_decay=0.05
2025/02/27 12:01:25 - mmengine - INFO - paramwise_options -- backbone.network.0.5.token_mixer.mixer.rbr_conv.0.conv.weight:lr_mult=0.1
2025/02/27 12:01:25 - mmengine - INFO - paramwise_options -- backbone.network.0.5.token_mixer.mixer.rbr_conv.0.conv.weight:decay_mult=1.0
2025/02/27 12:01:25 - mmengine - INFO - paramwise_options -- backbone.network.0.5.token_mixer.mixer.rbr_conv.0.bn.weight:lr=1e-05
2025/02/27 12:01:25 - mmengine - INFO - paramwise_options -- backbone.network.0.5.token_mixer.mixer.rbr_conv.0.bn.weight:weight_decay=0.05
2025/02/27 12:01:25 - mmengine - INFO - paramwise_options -- backbone.network.0.5.token_mixer.mixer.rbr_conv.0.bn.weight:lr_mult=0.1
2025/02/27 12:01:25 - mmengine - INFO - paramwise_options -- backbone.network.0.5.token_mixer.mixer.rbr_conv.0.bn.weight:decay_mult=1.0
2025/02/27 12:01:25 - mmengine - INFO - paramwise_options -- backbone.network.0.5.token_mixer.mixer.rbr_conv.0.bn.bias:lr=1e-05
2025/02/27 12:01:25 - mmengine - INFO - paramwise_options -- backbone.network.0.5.token_mixer.mixer.rbr_conv.0.bn.bias:weight_decay=0.05
2025/02/27 12:01:25 - mmengine - INFO - paramwise_options -- backbone.network.0.5.token_mixer.mixer.rbr_conv.0.bn.bias:lr_mult=0.1
2025/02/27 12:01:25 - mmengine - INFO - paramwise_options -- backbone.network.0.5.token_mixer.mixer.rbr_conv.0.bn.bias:decay_mult=1.0
2025/02/27 12:01:25 - mmengine - INFO - paramwise_options -- backbone.network.0.5.token_mixer.mixer.rbr_scale.conv.weight:lr=1e-05
2025/02/27 12:01:25 - mmengine - INFO - paramwise_options -- backbone.network.0.5.token_mixer.mixer.rbr_scale.conv.weight:weight_decay=0.05
2025/02/27 12:01:25 - mmengine - INFO - paramwise_options -- backbone.network.0.5.token_mixer.mixer.rbr_scale.conv.weight:lr_mult=0.1
2025/02/27 12:01:25 - mmengine - INFO - paramwise_options -- backbone.network.0.5.token_mixer.mixer.rbr_scale.conv.weight:decay_mult=1.0
2025/02/27 12:01:25 - mmengine - INFO - paramwise_options -- backbone.network.0.5.token_mixer.mixer.rbr_scale.bn.weight:lr=1e-05
2025/02/27 12:01:25 - mmengine - INFO - paramwise_options -- backbone.network.0.5.token_mixer.mixer.rbr_scale.bn.weight:weight_decay=0.05
2025/02/27 12:01:25 - mmengine - INFO - paramwise_options -- backbone.network.0.5.token_mixer.mixer.rbr_scale.bn.weight:lr_mult=0.1
2025/02/27 12:01:25 - mmengine - INFO - paramwise_options -- backbone.network.0.5.token_mixer.mixer.rbr_scale.bn.weight:decay_mult=1.0
2025/02/27 12:01:25 - mmengine - INFO - paramwise_options -- backbone.network.0.5.token_mixer.mixer.rbr_scale.bn.bias:lr=1e-05
2025/02/27 12:01:25 - mmengine - INFO - paramwise_options -- backbone.network.0.5.token_mixer.mixer.rbr_scale.bn.bias:weight_decay=0.05
2025/02/27 12:01:25 - mmengine - INFO - paramwise_options -- backbone.network.0.5.token_mixer.mixer.rbr_scale.bn.bias:lr_mult=0.1
2025/02/27 12:01:25 - mmengine - INFO - paramwise_options -- backbone.network.0.5.token_mixer.mixer.rbr_scale.bn.bias:decay_mult=1.0
2025/02/27 12:01:25 - mmengine - INFO - paramwise_options -- backbone.network.0.5.convffn.conv.conv.weight:lr=1e-05
2025/02/27 12:01:25 - mmengine - INFO - paramwise_options -- backbone.network.0.5.convffn.conv.conv.weight:weight_decay=0.05
2025/02/27 12:01:25 - mmengine - INFO - paramwise_options -- backbone.network.0.5.convffn.conv.conv.weight:lr_mult=0.1
2025/02/27 12:01:25 - mmengine - INFO - paramwise_options -- backbone.network.0.5.convffn.conv.conv.weight:decay_mult=1.0
2025/02/27 12:01:25 - mmengine - INFO - paramwise_options -- backbone.network.0.5.convffn.conv.bn.weight:lr=1e-05
2025/02/27 12:01:25 - mmengine - INFO - paramwise_options -- backbone.network.0.5.convffn.conv.bn.weight:weight_decay=0.05
2025/02/27 12:01:25 - mmengine - INFO - paramwise_options -- backbone.network.0.5.convffn.conv.bn.weight:lr_mult=0.1
2025/02/27 12:01:25 - mmengine - INFO - paramwise_options -- backbone.network.0.5.convffn.conv.bn.weight:decay_mult=1.0
2025/02/27 12:01:25 - mmengine - INFO - paramwise_options -- backbone.network.0.5.convffn.conv.bn.bias:lr=1e-05
2025/02/27 12:01:25 - mmengine - INFO - paramwise_options -- backbone.network.0.5.convffn.conv.bn.bias:weight_decay=0.05
2025/02/27 12:01:25 - mmengine - INFO - paramwise_options -- backbone.network.0.5.convffn.conv.bn.bias:lr_mult=0.1
2025/02/27 12:01:25 - mmengine - INFO - paramwise_options -- backbone.network.0.5.convffn.conv.bn.bias:decay_mult=1.0
2025/02/27 12:01:25 - mmengine - INFO - paramwise_options -- backbone.network.0.5.convffn.fc1.weight:lr=1e-05
2025/02/27 12:01:25 - mmengine - INFO - paramwise_options -- backbone.network.0.5.convffn.fc1.weight:weight_decay=0.05
2025/02/27 12:01:25 - mmengine - INFO - paramwise_options -- backbone.network.0.5.convffn.fc1.weight:lr_mult=0.1
2025/02/27 12:01:25 - mmengine - INFO - paramwise_options -- backbone.network.0.5.convffn.fc1.weight:decay_mult=1.0
2025/02/27 12:01:25 - mmengine - INFO - paramwise_options -- backbone.network.0.5.convffn.fc1.bias:lr=1e-05
2025/02/27 12:01:25 - mmengine - INFO - paramwise_options -- backbone.network.0.5.convffn.fc1.bias:weight_decay=0.05
2025/02/27 12:01:25 - mmengine - INFO - paramwise_options -- backbone.network.0.5.convffn.fc1.bias:lr_mult=0.1
2025/02/27 12:01:25 - mmengine - INFO - paramwise_options -- backbone.network.0.5.convffn.fc1.bias:decay_mult=1.0
2025/02/27 12:01:25 - mmengine - INFO - paramwise_options -- backbone.network.0.5.convffn.fc2.weight:lr=1e-05
2025/02/27 12:01:25 - mmengine - INFO - paramwise_options -- backbone.network.0.5.convffn.fc2.weight:weight_decay=0.05
2025/02/27 12:01:25 - mmengine - INFO - paramwise_options -- backbone.network.0.5.convffn.fc2.weight:lr_mult=0.1
2025/02/27 12:01:25 - mmengine - INFO - paramwise_options -- backbone.network.0.5.convffn.fc2.weight:decay_mult=1.0
2025/02/27 12:01:25 - mmengine - INFO - paramwise_options -- backbone.network.0.5.convffn.fc2.bias:lr=1e-05
2025/02/27 12:01:25 - mmengine - INFO - paramwise_options -- backbone.network.0.5.convffn.fc2.bias:weight_decay=0.05
2025/02/27 12:01:25 - mmengine - INFO - paramwise_options -- backbone.network.0.5.convffn.fc2.bias:lr_mult=0.1
2025/02/27 12:01:25 - mmengine - INFO - paramwise_options -- backbone.network.0.5.convffn.fc2.bias:decay_mult=1.0
2025/02/27 12:01:25 - mmengine - INFO - paramwise_options -- backbone.network.1.proj.0.lkb_origin.conv.weight:lr=1e-05
2025/02/27 12:01:25 - mmengine - INFO - paramwise_options -- backbone.network.1.proj.0.lkb_origin.conv.weight:weight_decay=0.05
2025/02/27 12:01:25 - mmengine - INFO - paramwise_options -- backbone.network.1.proj.0.lkb_origin.conv.weight:lr_mult=0.1
2025/02/27 12:01:25 - mmengine - INFO - paramwise_options -- backbone.network.1.proj.0.lkb_origin.conv.weight:decay_mult=1.0
2025/02/27 12:01:25 - mmengine - INFO - paramwise_options -- backbone.network.1.proj.0.lkb_origin.bn.weight:lr=1e-05
2025/02/27 12:01:25 - mmengine - INFO - paramwise_options -- backbone.network.1.proj.0.lkb_origin.bn.weight:weight_decay=0.05
2025/02/27 12:01:25 - mmengine - INFO - paramwise_options -- backbone.network.1.proj.0.lkb_origin.bn.weight:lr_mult=0.1
2025/02/27 12:01:25 - mmengine - INFO - paramwise_options -- backbone.network.1.proj.0.lkb_origin.bn.weight:decay_mult=1.0
2025/02/27 12:01:25 - mmengine - INFO - paramwise_options -- backbone.network.1.proj.0.lkb_origin.bn.bias:lr=1e-05
2025/02/27 12:01:25 - mmengine - INFO - paramwise_options -- backbone.network.1.proj.0.lkb_origin.bn.bias:weight_decay=0.05
2025/02/27 12:01:25 - mmengine - INFO - paramwise_options -- backbone.network.1.proj.0.lkb_origin.bn.bias:lr_mult=0.1
2025/02/27 12:01:25 - mmengine - INFO - paramwise_options -- backbone.network.1.proj.0.lkb_origin.bn.bias:decay_mult=1.0
2025/02/27 12:01:25 - mmengine - INFO - paramwise_options -- backbone.network.1.proj.0.small_conv.conv.weight:lr=1e-05
2025/02/27 12:01:25 - mmengine - INFO - paramwise_options -- backbone.network.1.proj.0.small_conv.conv.weight:weight_decay=0.05
2025/02/27 12:01:25 - mmengine - INFO - paramwise_options -- backbone.network.1.proj.0.small_conv.conv.weight:lr_mult=0.1
2025/02/27 12:01:25 - mmengine - INFO - paramwise_options -- backbone.network.1.proj.0.small_conv.conv.weight:decay_mult=1.0
2025/02/27 12:01:25 - mmengine - INFO - paramwise_options -- backbone.network.1.proj.0.small_conv.bn.weight:lr=1e-05
2025/02/27 12:01:25 - mmengine - INFO - paramwise_options -- backbone.network.1.proj.0.small_conv.bn.weight:weight_decay=0.05
2025/02/27 12:01:25 - mmengine - INFO - paramwise_options -- backbone.network.1.proj.0.small_conv.bn.weight:lr_mult=0.1
2025/02/27 12:01:25 - mmengine - INFO - paramwise_options -- backbone.network.1.proj.0.small_conv.bn.weight:decay_mult=1.0
2025/02/27 12:01:25 - mmengine - INFO - paramwise_options -- backbone.network.1.proj.0.small_conv.bn.bias:lr=1e-05
2025/02/27 12:01:25 - mmengine - INFO - paramwise_options -- backbone.network.1.proj.0.small_conv.bn.bias:weight_decay=0.05
2025/02/27 12:01:25 - mmengine - INFO - paramwise_options -- backbone.network.1.proj.0.small_conv.bn.bias:lr_mult=0.1
2025/02/27 12:01:25 - mmengine - INFO - paramwise_options -- backbone.network.1.proj.0.small_conv.bn.bias:decay_mult=1.0
2025/02/27 12:01:25 - mmengine - INFO - paramwise_options -- backbone.network.1.proj.1.rbr_skip.weight:lr=1e-05
2025/02/27 12:01:25 - mmengine - INFO - paramwise_options -- backbone.network.1.proj.1.rbr_skip.weight:weight_decay=0.05
2025/02/27 12:01:25 - mmengine - INFO - paramwise_options -- backbone.network.1.proj.1.rbr_skip.weight:lr_mult=0.1
2025/02/27 12:01:25 - mmengine - INFO - paramwise_options -- backbone.network.1.proj.1.rbr_skip.weight:decay_mult=1.0
2025/02/27 12:01:25 - mmengine - INFO - paramwise_options -- backbone.network.1.proj.1.rbr_skip.bias:lr=1e-05
2025/02/27 12:01:25 - mmengine - INFO - paramwise_options -- backbone.network.1.proj.1.rbr_skip.bias:weight_decay=0.05
2025/02/27 12:01:25 - mmengine - INFO - paramwise_options -- backbone.network.1.proj.1.rbr_skip.bias:lr_mult=0.1
2025/02/27 12:01:25 - mmengine - INFO - paramwise_options -- backbone.network.1.proj.1.rbr_skip.bias:decay_mult=1.0
2025/02/27 12:01:25 - mmengine - INFO - paramwise_options -- backbone.network.1.proj.1.rbr_conv.0.conv.weight:lr=1e-05
2025/02/27 12:01:25 - mmengine - INFO - paramwise_options -- backbone.network.1.proj.1.rbr_conv.0.conv.weight:weight_decay=0.05
2025/02/27 12:01:25 - mmengine - INFO - paramwise_options -- backbone.network.1.proj.1.rbr_conv.0.conv.weight:lr_mult=0.1
2025/02/27 12:01:25 - mmengine - INFO - paramwise_options -- backbone.network.1.proj.1.rbr_conv.0.conv.weight:decay_mult=1.0
2025/02/27 12:01:25 - mmengine - INFO - paramwise_options -- backbone.network.1.proj.1.rbr_conv.0.bn.weight:lr=1e-05
2025/02/27 12:01:25 - mmengine - INFO - paramwise_options -- backbone.network.1.proj.1.rbr_conv.0.bn.weight:weight_decay=0.05
2025/02/27 12:01:25 - mmengine - INFO - paramwise_options -- backbone.network.1.proj.1.rbr_conv.0.bn.weight:lr_mult=0.1
2025/02/27 12:01:25 - mmengine - INFO - paramwise_options -- backbone.network.1.proj.1.rbr_conv.0.bn.weight:decay_mult=1.0
2025/02/27 12:01:25 - mmengine - INFO - paramwise_options -- backbone.network.1.proj.1.rbr_conv.0.bn.bias:lr=1e-05
2025/02/27 12:01:25 - mmengine - INFO - paramwise_options -- backbone.network.1.proj.1.rbr_conv.0.bn.bias:weight_decay=0.05
2025/02/27 12:01:25 - mmengine - INFO - paramwise_options -- backbone.network.1.proj.1.rbr_conv.0.bn.bias:lr_mult=0.1
2025/02/27 12:01:25 - mmengine - INFO - paramwise_options -- backbone.network.1.proj.1.rbr_conv.0.bn.bias:decay_mult=1.0
2025/02/27 12:01:25 - mmengine - INFO - paramwise_options -- backbone.network.2.0.layer_scale:lr=1e-05
2025/02/27 12:01:25 - mmengine - INFO - paramwise_options -- backbone.network.2.0.layer_scale:weight_decay=0.05
2025/02/27 12:01:25 - mmengine - INFO - paramwise_options -- backbone.network.2.0.layer_scale:lr_mult=0.1
2025/02/27 12:01:25 - mmengine - INFO - paramwise_options -- backbone.network.2.0.layer_scale:decay_mult=1.0
2025/02/27 12:01:25 - mmengine - INFO - paramwise_options -- backbone.network.2.0.token_mixer.layer_scale:lr=1e-05
2025/02/27 12:01:25 - mmengine - INFO - paramwise_options -- backbone.network.2.0.token_mixer.layer_scale:weight_decay=0.05
2025/02/27 12:01:25 - mmengine - INFO - paramwise_options -- backbone.network.2.0.token_mixer.layer_scale:lr_mult=0.1
2025/02/27 12:01:25 - mmengine - INFO - paramwise_options -- backbone.network.2.0.token_mixer.layer_scale:decay_mult=1.0
2025/02/27 12:01:25 - mmengine - INFO - paramwise_options -- backbone.network.2.0.token_mixer.norm.rbr_skip.weight:lr=1e-05
2025/02/27 12:01:25 - mmengine - INFO - paramwise_options -- backbone.network.2.0.token_mixer.norm.rbr_skip.weight:weight_decay=0.05
2025/02/27 12:01:25 - mmengine - INFO - paramwise_options -- backbone.network.2.0.token_mixer.norm.rbr_skip.weight:lr_mult=0.1
2025/02/27 12:01:25 - mmengine - INFO - paramwise_options -- backbone.network.2.0.token_mixer.norm.rbr_skip.weight:decay_mult=1.0
2025/02/27 12:01:25 - mmengine - INFO - paramwise_options -- backbone.network.2.0.token_mixer.norm.rbr_skip.bias:lr=1e-05
2025/02/27 12:01:25 - mmengine - INFO - paramwise_options -- backbone.network.2.0.token_mixer.norm.rbr_skip.bias:weight_decay=0.05
2025/02/27 12:01:25 - mmengine - INFO - paramwise_options -- backbone.network.2.0.token_mixer.norm.rbr_skip.bias:lr_mult=0.1
2025/02/27 12:01:25 - mmengine - INFO - paramwise_options -- backbone.network.2.0.token_mixer.norm.rbr_skip.bias:decay_mult=1.0
2025/02/27 12:01:25 - mmengine - INFO - paramwise_options -- backbone.network.2.0.token_mixer.mixer.rbr_skip.weight:lr=1e-05
2025/02/27 12:01:25 - mmengine - INFO - paramwise_options -- backbone.network.2.0.token_mixer.mixer.rbr_skip.weight:weight_decay=0.05
2025/02/27 12:01:25 - mmengine - INFO - paramwise_options -- backbone.network.2.0.token_mixer.mixer.rbr_skip.weight:lr_mult=0.1
2025/02/27 12:01:25 - mmengine - INFO - paramwise_options -- backbone.network.2.0.token_mixer.mixer.rbr_skip.weight:decay_mult=1.0
2025/02/27 12:01:25 - mmengine - INFO - paramwise_options -- backbone.network.2.0.token_mixer.mixer.rbr_skip.bias:lr=1e-05
2025/02/27 12:01:25 - mmengine - INFO - paramwise_options -- backbone.network.2.0.token_mixer.mixer.rbr_skip.bias:weight_decay=0.05
2025/02/27 12:01:25 - mmengine - INFO - paramwise_options -- backbone.network.2.0.token_mixer.mixer.rbr_skip.bias:lr_mult=0.1
2025/02/27 12:01:25 - mmengine - INFO - paramwise_options -- backbone.network.2.0.token_mixer.mixer.rbr_skip.bias:decay_mult=1.0
2025/02/27 12:01:25 - mmengine - INFO - paramwise_options -- backbone.network.2.0.token_mixer.mixer.rbr_conv.0.conv.weight:lr=1e-05
2025/02/27 12:01:25 - mmengine - INFO - paramwise_options -- backbone.network.2.0.token_mixer.mixer.rbr_conv.0.conv.weight:weight_decay=0.05
2025/02/27 12:01:25 - mmengine - INFO - paramwise_options -- backbone.network.2.0.token_mixer.mixer.rbr_conv.0.conv.weight:lr_mult=0.1
2025/02/27 12:01:25 - mmengine - INFO - paramwise_options -- backbone.network.2.0.token_mixer.mixer.rbr_conv.0.conv.weight:decay_mult=1.0
2025/02/27 12:01:25 - mmengine - INFO - paramwise_options -- backbone.network.2.0.token_mixer.mixer.rbr_conv.0.bn.weight:lr=1e-05
2025/02/27 12:01:25 - mmengine - INFO - paramwise_options -- backbone.network.2.0.token_mixer.mixer.rbr_conv.0.bn.weight:weight_decay=0.05
2025/02/27 12:01:25 - mmengine - INFO - paramwise_options -- backbone.network.2.0.token_mixer.mixer.rbr_conv.0.bn.weight:lr_mult=0.1
2025/02/27 12:01:25 - mmengine - INFO - paramwise_options -- backbone.network.2.0.token_mixer.mixer.rbr_conv.0.bn.weight:decay_mult=1.0
2025/02/27 12:01:25 - mmengine - INFO - paramwise_options -- backbone.network.2.0.token_mixer.mixer.rbr_conv.0.bn.bias:lr=1e-05
2025/02/27 12:01:25 - mmengine - INFO - paramwise_options -- backbone.network.2.0.token_mixer.mixer.rbr_conv.0.bn.bias:weight_decay=0.05
2025/02/27 12:01:25 - mmengine - INFO - paramwise_options -- backbone.network.2.0.token_mixer.mixer.rbr_conv.0.bn.bias:lr_mult=0.1
2025/02/27 12:01:25 - mmengine - INFO - paramwise_options -- backbone.network.2.0.token_mixer.mixer.rbr_conv.0.bn.bias:decay_mult=1.0
2025/02/27 12:01:25 - mmengine - INFO - paramwise_options -- backbone.network.2.0.token_mixer.mixer.rbr_scale.conv.weight:lr=1e-05
2025/02/27 12:01:25 - mmengine - INFO - paramwise_options -- backbone.network.2.0.token_mixer.mixer.rbr_scale.conv.weight:weight_decay=0.05
2025/02/27 12:01:25 - mmengine - INFO - paramwise_options -- backbone.network.2.0.token_mixer.mixer.rbr_scale.conv.weight:lr_mult=0.1
2025/02/27 12:01:25 - mmengine - INFO - paramwise_options -- backbone.network.2.0.token_mixer.mixer.rbr_scale.conv.weight:decay_mult=1.0
2025/02/27 12:01:25 - mmengine - INFO - paramwise_options -- backbone.network.2.0.token_mixer.mixer.rbr_scale.bn.weight:lr=1e-05
2025/02/27 12:01:25 - mmengine - INFO - paramwise_options -- backbone.network.2.0.token_mixer.mixer.rbr_scale.bn.weight:weight_decay=0.05
2025/02/27 12:01:25 - mmengine - INFO - paramwise_options -- backbone.network.2.0.token_mixer.mixer.rbr_scale.bn.weight:lr_mult=0.1
2025/02/27 12:01:25 - mmengine - INFO - paramwise_options -- backbone.network.2.0.token_mixer.mixer.rbr_scale.bn.weight:decay_mult=1.0
2025/02/27 12:01:25 - mmengine - INFO - paramwise_options -- backbone.network.2.0.token_mixer.mixer.rbr_scale.bn.bias:lr=1e-05
2025/02/27 12:01:25 - mmengine - INFO - paramwise_options -- backbone.network.2.0.token_mixer.mixer.rbr_scale.bn.bias:weight_decay=0.05
2025/02/27 12:01:25 - mmengine - INFO - paramwise_options -- backbone.network.2.0.token_mixer.mixer.rbr_scale.bn.bias:lr_mult=0.1
2025/02/27 12:01:25 - mmengine - INFO - paramwise_options -- backbone.network.2.0.token_mixer.mixer.rbr_scale.bn.bias:decay_mult=1.0
2025/02/27 12:01:25 - mmengine - INFO - paramwise_options -- backbone.network.2.0.convffn.conv.conv.weight:lr=1e-05
2025/02/27 12:01:25 - mmengine - INFO - paramwise_options -- backbone.network.2.0.convffn.conv.conv.weight:weight_decay=0.05
2025/02/27 12:01:25 - mmengine - INFO - paramwise_options -- backbone.network.2.0.convffn.conv.conv.weight:lr_mult=0.1
2025/02/27 12:01:25 - mmengine - INFO - paramwise_options -- backbone.network.2.0.convffn.conv.conv.weight:decay_mult=1.0
2025/02/27 12:01:25 - mmengine - INFO - paramwise_options -- backbone.network.2.0.convffn.conv.bn.weight:lr=1e-05
2025/02/27 12:01:25 - mmengine - INFO - paramwise_options -- backbone.network.2.0.convffn.conv.bn.weight:weight_decay=0.05
2025/02/27 12:01:25 - mmengine - INFO - paramwise_options -- backbone.network.2.0.convffn.conv.bn.weight:lr_mult=0.1
2025/02/27 12:01:25 - mmengine - INFO - paramwise_options -- backbone.network.2.0.convffn.conv.bn.weight:decay_mult=1.0
2025/02/27 12:01:25 - mmengine - INFO - paramwise_options -- backbone.network.2.0.convffn.conv.bn.bias:lr=1e-05
2025/02/27 12:01:25 - mmengine - INFO - paramwise_options -- backbone.network.2.0.convffn.conv.bn.bias:weight_decay=0.05
2025/02/27 12:01:25 - mmengine - INFO - paramwise_options -- backbone.network.2.0.convffn.conv.bn.bias:lr_mult=0.1
2025/02/27 12:01:25 - mmengine - INFO - paramwise_options -- backbone.network.2.0.convffn.conv.bn.bias:decay_mult=1.0
2025/02/27 12:01:25 - mmengine - INFO - paramwise_options -- backbone.network.2.0.convffn.fc1.weight:lr=1e-05
2025/02/27 12:01:25 - mmengine - INFO - paramwise_options -- backbone.network.2.0.convffn.fc1.weight:weight_decay=0.05
2025/02/27 12:01:25 - mmengine - INFO - paramwise_options -- backbone.network.2.0.convffn.fc1.weight:lr_mult=0.1
2025/02/27 12:01:25 - mmengine - INFO - paramwise_options -- backbone.network.2.0.convffn.fc1.weight:decay_mult=1.0
2025/02/27 12:01:25 - mmengine - INFO - paramwise_options -- backbone.network.2.0.convffn.fc1.bias:lr=1e-05
2025/02/27 12:01:25 - mmengine - INFO - paramwise_options -- backbone.network.2.0.convffn.fc1.bias:weight_decay=0.05
2025/02/27 12:01:25 - mmengine - INFO - paramwise_options -- backbone.network.2.0.convffn.fc1.bias:lr_mult=0.1
2025/02/27 12:01:25 - mmengine - INFO - paramwise_options -- backbone.network.2.0.convffn.fc1.bias:decay_mult=1.0
2025/02/27 12:01:25 - mmengine - INFO - paramwise_options -- backbone.network.2.0.convffn.fc2.weight:lr=1e-05
2025/02/27 12:01:25 - mmengine - INFO - paramwise_options -- backbone.network.2.0.convffn.fc2.weight:weight_decay=0.05
2025/02/27 12:01:25 - mmengine - INFO - paramwise_options -- backbone.network.2.0.convffn.fc2.weight:lr_mult=0.1
2025/02/27 12:01:25 - mmengine - INFO - paramwise_options -- backbone.network.2.0.convffn.fc2.weight:decay_mult=1.0
2025/02/27 12:01:25 - mmengine - INFO - paramwise_options -- backbone.network.2.0.convffn.fc2.bias:lr=1e-05
2025/02/27 12:01:25 - mmengine - INFO - paramwise_options -- backbone.network.2.0.convffn.fc2.bias:weight_decay=0.05
2025/02/27 12:01:25 - mmengine - INFO - paramwise_options -- backbone.network.2.0.convffn.fc2.bias:lr_mult=0.1
2025/02/27 12:01:25 - mmengine - INFO - paramwise_options -- backbone.network.2.0.convffn.fc2.bias:decay_mult=1.0
2025/02/27 12:01:25 - mmengine - INFO - paramwise_options -- backbone.network.2.1.layer_scale:lr=1e-05
2025/02/27 12:01:25 - mmengine - INFO - paramwise_options -- backbone.network.2.1.layer_scale:weight_decay=0.05
2025/02/27 12:01:25 - mmengine - INFO - paramwise_options -- backbone.network.2.1.layer_scale:lr_mult=0.1
2025/02/27 12:01:25 - mmengine - INFO - paramwise_options -- backbone.network.2.1.layer_scale:decay_mult=1.0
2025/02/27 12:01:25 - mmengine - INFO - paramwise_options -- backbone.network.2.1.token_mixer.layer_scale:lr=1e-05
2025/02/27 12:01:25 - mmengine - INFO - paramwise_options -- backbone.network.2.1.token_mixer.layer_scale:weight_decay=0.05
2025/02/27 12:01:25 - mmengine - INFO - paramwise_options -- backbone.network.2.1.token_mixer.layer_scale:lr_mult=0.1
2025/02/27 12:01:25 - mmengine - INFO - paramwise_options -- backbone.network.2.1.token_mixer.layer_scale:decay_mult=1.0
2025/02/27 12:01:25 - mmengine - INFO - paramwise_options -- backbone.network.2.1.token_mixer.norm.rbr_skip.weight:lr=1e-05
2025/02/27 12:01:25 - mmengine - INFO - paramwise_options -- backbone.network.2.1.token_mixer.norm.rbr_skip.weight:weight_decay=0.05
2025/02/27 12:01:25 - mmengine - INFO - paramwise_options -- backbone.network.2.1.token_mixer.norm.rbr_skip.weight:lr_mult=0.1
2025/02/27 12:01:25 - mmengine - INFO - paramwise_options -- backbone.network.2.1.token_mixer.norm.rbr_skip.weight:decay_mult=1.0
2025/02/27 12:01:25 - mmengine - INFO - paramwise_options -- backbone.network.2.1.token_mixer.norm.rbr_skip.bias:lr=1e-05
2025/02/27 12:01:25 - mmengine - INFO - paramwise_options -- backbone.network.2.1.token_mixer.norm.rbr_skip.bias:weight_decay=0.05
2025/02/27 12:01:25 - mmengine - INFO - paramwise_options -- backbone.network.2.1.token_mixer.norm.rbr_skip.bias:lr_mult=0.1
2025/02/27 12:01:25 - mmengine - INFO - paramwise_options -- backbone.network.2.1.token_mixer.norm.rbr_skip.bias:decay_mult=1.0
2025/02/27 12:01:25 - mmengine - INFO - paramwise_options -- backbone.network.2.1.token_mixer.mixer.rbr_skip.weight:lr=1e-05
2025/02/27 12:01:25 - mmengine - INFO - paramwise_options -- backbone.network.2.1.token_mixer.mixer.rbr_skip.weight:weight_decay=0.05
2025/02/27 12:01:25 - mmengine - INFO - paramwise_options -- backbone.network.2.1.token_mixer.mixer.rbr_skip.weight:lr_mult=0.1
2025/02/27 12:01:25 - mmengine - INFO - paramwise_options -- backbone.network.2.1.token_mixer.mixer.rbr_skip.weight:decay_mult=1.0
2025/02/27 12:01:25 - mmengine - INFO - paramwise_options -- backbone.network.2.1.token_mixer.mixer.rbr_skip.bias:lr=1e-05
2025/02/27 12:01:25 - mmengine - INFO - paramwise_options -- backbone.network.2.1.token_mixer.mixer.rbr_skip.bias:weight_decay=0.05
2025/02/27 12:01:25 - mmengine - INFO - paramwise_options -- backbone.network.2.1.token_mixer.mixer.rbr_skip.bias:lr_mult=0.1
2025/02/27 12:01:25 - mmengine - INFO - paramwise_options -- backbone.network.2.1.token_mixer.mixer.rbr_skip.bias:decay_mult=1.0
2025/02/27 12:01:25 - mmengine - INFO - paramwise_options -- backbone.network.2.1.token_mixer.mixer.rbr_conv.0.conv.weight:lr=1e-05
2025/02/27 12:01:25 - mmengine - INFO - paramwise_options -- backbone.network.2.1.token_mixer.mixer.rbr_conv.0.conv.weight:weight_decay=0.05
2025/02/27 12:01:25 - mmengine - INFO - paramwise_options -- backbone.network.2.1.token_mixer.mixer.rbr_conv.0.conv.weight:lr_mult=0.1
2025/02/27 12:01:25 - mmengine - INFO - paramwise_options -- backbone.network.2.1.token_mixer.mixer.rbr_conv.0.conv.weight:decay_mult=1.0
2025/02/27 12:01:25 - mmengine - INFO - paramwise_options -- backbone.network.2.1.token_mixer.mixer.rbr_conv.0.bn.weight:lr=1e-05
2025/02/27 12:01:25 - mmengine - INFO - paramwise_options -- backbone.network.2.1.token_mixer.mixer.rbr_conv.0.bn.weight:weight_decay=0.05
2025/02/27 12:01:25 - mmengine - INFO - paramwise_options -- backbone.network.2.1.token_mixer.mixer.rbr_conv.0.bn.weight:lr_mult=0.1
2025/02/27 12:01:25 - mmengine - INFO - paramwise_options -- backbone.network.2.1.token_mixer.mixer.rbr_conv.0.bn.weight:decay_mult=1.0
2025/02/27 12:01:25 - mmengine - INFO - paramwise_options -- backbone.network.2.1.token_mixer.mixer.rbr_conv.0.bn.bias:lr=1e-05
2025/02/27 12:01:25 - mmengine - INFO - paramwise_options -- backbone.network.2.1.token_mixer.mixer.rbr_conv.0.bn.bias:weight_decay=0.05
2025/02/27 12:01:25 - mmengine - INFO - paramwise_options -- backbone.network.2.1.token_mixer.mixer.rbr_conv.0.bn.bias:lr_mult=0.1
2025/02/27 12:01:25 - mmengine - INFO - paramwise_options -- backbone.network.2.1.token_mixer.mixer.rbr_conv.0.bn.bias:decay_mult=1.0
2025/02/27 12:01:25 - mmengine - INFO - paramwise_options -- backbone.network.2.1.token_mixer.mixer.rbr_scale.conv.weight:lr=1e-05
2025/02/27 12:01:25 - mmengine - INFO - paramwise_options -- backbone.network.2.1.token_mixer.mixer.rbr_scale.conv.weight:weight_decay=0.05
2025/02/27 12:01:25 - mmengine - INFO - paramwise_options -- backbone.network.2.1.token_mixer.mixer.rbr_scale.conv.weight:lr_mult=0.1
2025/02/27 12:01:25 - mmengine - INFO - paramwise_options -- backbone.network.2.1.token_mixer.mixer.rbr_scale.conv.weight:decay_mult=1.0
2025/02/27 12:01:25 - mmengine - INFO - paramwise_options -- backbone.network.2.1.token_mixer.mixer.rbr_scale.bn.weight:lr=1e-05
2025/02/27 12:01:25 - mmengine - INFO - paramwise_options -- backbone.network.2.1.token_mixer.mixer.rbr_scale.bn.weight:weight_decay=0.05
2025/02/27 12:01:25 - mmengine - INFO - paramwise_options -- backbone.network.2.1.token_mixer.mixer.rbr_scale.bn.weight:lr_mult=0.1
2025/02/27 12:01:25 - mmengine - INFO - paramwise_options -- backbone.network.2.1.token_mixer.mixer.rbr_scale.bn.weight:decay_mult=1.0
2025/02/27 12:01:25 - mmengine - INFO - paramwise_options -- backbone.network.2.1.token_mixer.mixer.rbr_scale.bn.bias:lr=1e-05
2025/02/27 12:01:26 - mmengine - INFO - paramwise_options -- backbone.network.2.1.token_mixer.mixer.rbr_scale.bn.bias:weight_decay=0.05
2025/02/27 12:01:26 - mmengine - INFO - paramwise_options -- backbone.network.2.1.token_mixer.mixer.rbr_scale.bn.bias:lr_mult=0.1
2025/02/27 12:01:26 - mmengine - INFO - paramwise_options -- backbone.network.2.1.token_mixer.mixer.rbr_scale.bn.bias:decay_mult=1.0
2025/02/27 12:01:26 - mmengine - INFO - paramwise_options -- backbone.network.2.1.convffn.conv.conv.weight:lr=1e-05
2025/02/27 12:01:26 - mmengine - INFO - paramwise_options -- backbone.network.2.1.convffn.conv.conv.weight:weight_decay=0.05
2025/02/27 12:01:26 - mmengine - INFO - paramwise_options -- backbone.network.2.1.convffn.conv.conv.weight:lr_mult=0.1
2025/02/27 12:01:26 - mmengine - INFO - paramwise_options -- backbone.network.2.1.convffn.conv.conv.weight:decay_mult=1.0
2025/02/27 12:01:26 - mmengine - INFO - paramwise_options -- backbone.network.2.1.convffn.conv.bn.weight:lr=1e-05
2025/02/27 12:01:26 - mmengine - INFO - paramwise_options -- backbone.network.2.1.convffn.conv.bn.weight:weight_decay=0.05
2025/02/27 12:01:26 - mmengine - INFO - paramwise_options -- backbone.network.2.1.convffn.conv.bn.weight:lr_mult=0.1
2025/02/27 12:01:26 - mmengine - INFO - paramwise_options -- backbone.network.2.1.convffn.conv.bn.weight:decay_mult=1.0
2025/02/27 12:01:26 - mmengine - INFO - paramwise_options -- backbone.network.2.1.convffn.conv.bn.bias:lr=1e-05
2025/02/27 12:01:26 - mmengine - INFO - paramwise_options -- backbone.network.2.1.convffn.conv.bn.bias:weight_decay=0.05
2025/02/27 12:01:26 - mmengine - INFO - paramwise_options -- backbone.network.2.1.convffn.conv.bn.bias:lr_mult=0.1
2025/02/27 12:01:26 - mmengine - INFO - paramwise_options -- backbone.network.2.1.convffn.conv.bn.bias:decay_mult=1.0
2025/02/27 12:01:26 - mmengine - INFO - paramwise_options -- backbone.network.2.1.convffn.fc1.weight:lr=1e-05
2025/02/27 12:01:26 - mmengine - INFO - paramwise_options -- backbone.network.2.1.convffn.fc1.weight:weight_decay=0.05
2025/02/27 12:01:26 - mmengine - INFO - paramwise_options -- backbone.network.2.1.convffn.fc1.weight:lr_mult=0.1
2025/02/27 12:01:26 - mmengine - INFO - paramwise_options -- backbone.network.2.1.convffn.fc1.weight:decay_mult=1.0
2025/02/27 12:01:26 - mmengine - INFO - paramwise_options -- backbone.network.2.1.convffn.fc1.bias:lr=1e-05
2025/02/27 12:01:26 - mmengine - INFO - paramwise_options -- backbone.network.2.1.convffn.fc1.bias:weight_decay=0.05
2025/02/27 12:01:26 - mmengine - INFO - paramwise_options -- backbone.network.2.1.convffn.fc1.bias:lr_mult=0.1
2025/02/27 12:01:26 - mmengine - INFO - paramwise_options -- backbone.network.2.1.convffn.fc1.bias:decay_mult=1.0
2025/02/27 12:01:26 - mmengine - INFO - paramwise_options -- backbone.network.2.1.convffn.fc2.weight:lr=1e-05
2025/02/27 12:01:26 - mmengine - INFO - paramwise_options -- backbone.network.2.1.convffn.fc2.weight:weight_decay=0.05
2025/02/27 12:01:26 - mmengine - INFO - paramwise_options -- backbone.network.2.1.convffn.fc2.weight:lr_mult=0.1
2025/02/27 12:01:26 - mmengine - INFO - paramwise_options -- backbone.network.2.1.convffn.fc2.weight:decay_mult=1.0
2025/02/27 12:01:26 - mmengine - INFO - paramwise_options -- backbone.network.2.1.convffn.fc2.bias:lr=1e-05
2025/02/27 12:01:26 - mmengine - INFO - paramwise_options -- backbone.network.2.1.convffn.fc2.bias:weight_decay=0.05
2025/02/27 12:01:26 - mmengine - INFO - paramwise_options -- backbone.network.2.1.convffn.fc2.bias:lr_mult=0.1
2025/02/27 12:01:26 - mmengine - INFO - paramwise_options -- backbone.network.2.1.convffn.fc2.bias:decay_mult=1.0
2025/02/27 12:01:26 - mmengine - INFO - paramwise_options -- backbone.network.2.2.layer_scale:lr=1e-05
2025/02/27 12:01:26 - mmengine - INFO - paramwise_options -- backbone.network.2.2.layer_scale:weight_decay=0.05
2025/02/27 12:01:26 - mmengine - INFO - paramwise_options -- backbone.network.2.2.layer_scale:lr_mult=0.1
2025/02/27 12:01:26 - mmengine - INFO - paramwise_options -- backbone.network.2.2.layer_scale:decay_mult=1.0
2025/02/27 12:01:26 - mmengine - INFO - paramwise_options -- backbone.network.2.2.token_mixer.layer_scale:lr=1e-05
2025/02/27 12:01:26 - mmengine - INFO - paramwise_options -- backbone.network.2.2.token_mixer.layer_scale:weight_decay=0.05
2025/02/27 12:01:26 - mmengine - INFO - paramwise_options -- backbone.network.2.2.token_mixer.layer_scale:lr_mult=0.1
2025/02/27 12:01:26 - mmengine - INFO - paramwise_options -- backbone.network.2.2.token_mixer.layer_scale:decay_mult=1.0
2025/02/27 12:01:26 - mmengine - INFO - paramwise_options -- backbone.network.2.2.token_mixer.norm.rbr_skip.weight:lr=1e-05
2025/02/27 12:01:26 - mmengine - INFO - paramwise_options -- backbone.network.2.2.token_mixer.norm.rbr_skip.weight:weight_decay=0.05
2025/02/27 12:01:26 - mmengine - INFO - paramwise_options -- backbone.network.2.2.token_mixer.norm.rbr_skip.weight:lr_mult=0.1
2025/02/27 12:01:26 - mmengine - INFO - paramwise_options -- backbone.network.2.2.token_mixer.norm.rbr_skip.weight:decay_mult=1.0
2025/02/27 12:01:26 - mmengine - INFO - paramwise_options -- backbone.network.2.2.token_mixer.norm.rbr_skip.bias:lr=1e-05
2025/02/27 12:01:26 - mmengine - INFO - paramwise_options -- backbone.network.2.2.token_mixer.norm.rbr_skip.bias:weight_decay=0.05
2025/02/27 12:01:26 - mmengine - INFO - paramwise_options -- backbone.network.2.2.token_mixer.norm.rbr_skip.bias:lr_mult=0.1
2025/02/27 12:01:26 - mmengine - INFO - paramwise_options -- backbone.network.2.2.token_mixer.norm.rbr_skip.bias:decay_mult=1.0
2025/02/27 12:01:26 - mmengine - INFO - paramwise_options -- backbone.network.2.2.token_mixer.mixer.rbr_skip.weight:lr=1e-05
2025/02/27 12:01:26 - mmengine - INFO - paramwise_options -- backbone.network.2.2.token_mixer.mixer.rbr_skip.weight:weight_decay=0.05
2025/02/27 12:01:26 - mmengine - INFO - paramwise_options -- backbone.network.2.2.token_mixer.mixer.rbr_skip.weight:lr_mult=0.1
2025/02/27 12:01:26 - mmengine - INFO - paramwise_options -- backbone.network.2.2.token_mixer.mixer.rbr_skip.weight:decay_mult=1.0
2025/02/27 12:01:26 - mmengine - INFO - paramwise_options -- backbone.network.2.2.token_mixer.mixer.rbr_skip.bias:lr=1e-05
2025/02/27 12:01:26 - mmengine - INFO - paramwise_options -- backbone.network.2.2.token_mixer.mixer.rbr_skip.bias:weight_decay=0.05
2025/02/27 12:01:26 - mmengine - INFO - paramwise_options -- backbone.network.2.2.token_mixer.mixer.rbr_skip.bias:lr_mult=0.1
2025/02/27 12:01:26 - mmengine - INFO - paramwise_options -- backbone.network.2.2.token_mixer.mixer.rbr_skip.bias:decay_mult=1.0
2025/02/27 12:01:26 - mmengine - INFO - paramwise_options -- backbone.network.2.2.token_mixer.mixer.rbr_conv.0.conv.weight:lr=1e-05
2025/02/27 12:01:26 - mmengine - INFO - paramwise_options -- backbone.network.2.2.token_mixer.mixer.rbr_conv.0.conv.weight:weight_decay=0.05
2025/02/27 12:01:26 - mmengine - INFO - paramwise_options -- backbone.network.2.2.token_mixer.mixer.rbr_conv.0.conv.weight:lr_mult=0.1
2025/02/27 12:01:26 - mmengine - INFO - paramwise_options -- backbone.network.2.2.token_mixer.mixer.rbr_conv.0.conv.weight:decay_mult=1.0
2025/02/27 12:01:26 - mmengine - INFO - paramwise_options -- backbone.network.2.2.token_mixer.mixer.rbr_conv.0.bn.weight:lr=1e-05
2025/02/27 12:01:26 - mmengine - INFO - paramwise_options -- backbone.network.2.2.token_mixer.mixer.rbr_conv.0.bn.weight:weight_decay=0.05
2025/02/27 12:01:26 - mmengine - INFO - paramwise_options -- backbone.network.2.2.token_mixer.mixer.rbr_conv.0.bn.weight:lr_mult=0.1
2025/02/27 12:01:26 - mmengine - INFO - paramwise_options -- backbone.network.2.2.token_mixer.mixer.rbr_conv.0.bn.weight:decay_mult=1.0
2025/02/27 12:01:26 - mmengine - INFO - paramwise_options -- backbone.network.2.2.token_mixer.mixer.rbr_conv.0.bn.bias:lr=1e-05
2025/02/27 12:01:26 - mmengine - INFO - paramwise_options -- backbone.network.2.2.token_mixer.mixer.rbr_conv.0.bn.bias:weight_decay=0.05
2025/02/27 12:01:26 - mmengine - INFO - paramwise_options -- backbone.network.2.2.token_mixer.mixer.rbr_conv.0.bn.bias:lr_mult=0.1
2025/02/27 12:01:26 - mmengine - INFO - paramwise_options -- backbone.network.2.2.token_mixer.mixer.rbr_conv.0.bn.bias:decay_mult=1.0
2025/02/27 12:01:26 - mmengine - INFO - paramwise_options -- backbone.network.2.2.token_mixer.mixer.rbr_scale.conv.weight:lr=1e-05
2025/02/27 12:01:26 - mmengine - INFO - paramwise_options -- backbone.network.2.2.token_mixer.mixer.rbr_scale.conv.weight:weight_decay=0.05
2025/02/27 12:01:26 - mmengine - INFO - paramwise_options -- backbone.network.2.2.token_mixer.mixer.rbr_scale.conv.weight:lr_mult=0.1
2025/02/27 12:01:26 - mmengine - INFO - paramwise_options -- backbone.network.2.2.token_mixer.mixer.rbr_scale.conv.weight:decay_mult=1.0
2025/02/27 12:01:26 - mmengine - INFO - paramwise_options -- backbone.network.2.2.token_mixer.mixer.rbr_scale.bn.weight:lr=1e-05
2025/02/27 12:01:26 - mmengine - INFO - paramwise_options -- backbone.network.2.2.token_mixer.mixer.rbr_scale.bn.weight:weight_decay=0.05
2025/02/27 12:01:26 - mmengine - INFO - paramwise_options -- backbone.network.2.2.token_mixer.mixer.rbr_scale.bn.weight:lr_mult=0.1
2025/02/27 12:01:26 - mmengine - INFO - paramwise_options -- backbone.network.2.2.token_mixer.mixer.rbr_scale.bn.weight:decay_mult=1.0
2025/02/27 12:01:26 - mmengine - INFO - paramwise_options -- backbone.network.2.2.token_mixer.mixer.rbr_scale.bn.bias:lr=1e-05
2025/02/27 12:01:26 - mmengine - INFO - paramwise_options -- backbone.network.2.2.token_mixer.mixer.rbr_scale.bn.bias:weight_decay=0.05
2025/02/27 12:01:26 - mmengine - INFO - paramwise_options -- backbone.network.2.2.token_mixer.mixer.rbr_scale.bn.bias:lr_mult=0.1
2025/02/27 12:01:26 - mmengine - INFO - paramwise_options -- backbone.network.2.2.token_mixer.mixer.rbr_scale.bn.bias:decay_mult=1.0
2025/02/27 12:01:26 - mmengine - INFO - paramwise_options -- backbone.network.2.2.convffn.conv.conv.weight:lr=1e-05
2025/02/27 12:01:26 - mmengine - INFO - paramwise_options -- backbone.network.2.2.convffn.conv.conv.weight:weight_decay=0.05
2025/02/27 12:01:26 - mmengine - INFO - paramwise_options -- backbone.network.2.2.convffn.conv.conv.weight:lr_mult=0.1
2025/02/27 12:01:26 - mmengine - INFO - paramwise_options -- backbone.network.2.2.convffn.conv.conv.weight:decay_mult=1.0
2025/02/27 12:01:26 - mmengine - INFO - paramwise_options -- backbone.network.2.2.convffn.conv.bn.weight:lr=1e-05
2025/02/27 12:01:26 - mmengine - INFO - paramwise_options -- backbone.network.2.2.convffn.conv.bn.weight:weight_decay=0.05
2025/02/27 12:01:26 - mmengine - INFO - paramwise_options -- backbone.network.2.2.convffn.conv.bn.weight:lr_mult=0.1
2025/02/27 12:01:26 - mmengine - INFO - paramwise_options -- backbone.network.2.2.convffn.conv.bn.weight:decay_mult=1.0
2025/02/27 12:01:26 - mmengine - INFO - paramwise_options -- backbone.network.2.2.convffn.conv.bn.bias:lr=1e-05
2025/02/27 12:01:26 - mmengine - INFO - paramwise_options -- backbone.network.2.2.convffn.conv.bn.bias:weight_decay=0.05
2025/02/27 12:01:26 - mmengine - INFO - paramwise_options -- backbone.network.2.2.convffn.conv.bn.bias:lr_mult=0.1
2025/02/27 12:01:26 - mmengine - INFO - paramwise_options -- backbone.network.2.2.convffn.conv.bn.bias:decay_mult=1.0
2025/02/27 12:01:26 - mmengine - INFO - paramwise_options -- backbone.network.2.2.convffn.fc1.weight:lr=1e-05
2025/02/27 12:01:26 - mmengine - INFO - paramwise_options -- backbone.network.2.2.convffn.fc1.weight:weight_decay=0.05
2025/02/27 12:01:26 - mmengine - INFO - paramwise_options -- backbone.network.2.2.convffn.fc1.weight:lr_mult=0.1
2025/02/27 12:01:26 - mmengine - INFO - paramwise_options -- backbone.network.2.2.convffn.fc1.weight:decay_mult=1.0
2025/02/27 12:01:26 - mmengine - INFO - paramwise_options -- backbone.network.2.2.convffn.fc1.bias:lr=1e-05
2025/02/27 12:01:26 - mmengine - INFO - paramwise_options -- backbone.network.2.2.convffn.fc1.bias:weight_decay=0.05
2025/02/27 12:01:26 - mmengine - INFO - paramwise_options -- backbone.network.2.2.convffn.fc1.bias:lr_mult=0.1
2025/02/27 12:01:26 - mmengine - INFO - paramwise_options -- backbone.network.2.2.convffn.fc1.bias:decay_mult=1.0
2025/02/27 12:01:26 - mmengine - INFO - paramwise_options -- backbone.network.2.2.convffn.fc2.weight:lr=1e-05
2025/02/27 12:01:26 - mmengine - INFO - paramwise_options -- backbone.network.2.2.convffn.fc2.weight:weight_decay=0.05
2025/02/27 12:01:26 - mmengine - INFO - paramwise_options -- backbone.network.2.2.convffn.fc2.weight:lr_mult=0.1
2025/02/27 12:01:26 - mmengine - INFO - paramwise_options -- backbone.network.2.2.convffn.fc2.weight:decay_mult=1.0
2025/02/27 12:01:26 - mmengine - INFO - paramwise_options -- backbone.network.2.2.convffn.fc2.bias:lr=1e-05
2025/02/27 12:01:26 - mmengine - INFO - paramwise_options -- backbone.network.2.2.convffn.fc2.bias:weight_decay=0.05
2025/02/27 12:01:26 - mmengine - INFO - paramwise_options -- backbone.network.2.2.convffn.fc2.bias:lr_mult=0.1
2025/02/27 12:01:26 - mmengine - INFO - paramwise_options -- backbone.network.2.2.convffn.fc2.bias:decay_mult=1.0
2025/02/27 12:01:26 - mmengine - INFO - paramwise_options -- backbone.network.2.3.layer_scale:lr=1e-05
2025/02/27 12:01:26 - mmengine - INFO - paramwise_options -- backbone.network.2.3.layer_scale:weight_decay=0.05
2025/02/27 12:01:26 - mmengine - INFO - paramwise_options -- backbone.network.2.3.layer_scale:lr_mult=0.1
2025/02/27 12:01:26 - mmengine - INFO - paramwise_options -- backbone.network.2.3.layer_scale:decay_mult=1.0
2025/02/27 12:01:26 - mmengine - INFO - paramwise_options -- backbone.network.2.3.token_mixer.layer_scale:lr=1e-05
2025/02/27 12:01:26 - mmengine - INFO - paramwise_options -- backbone.network.2.3.token_mixer.layer_scale:weight_decay=0.05
2025/02/27 12:01:26 - mmengine - INFO - paramwise_options -- backbone.network.2.3.token_mixer.layer_scale:lr_mult=0.1
2025/02/27 12:01:26 - mmengine - INFO - paramwise_options -- backbone.network.2.3.token_mixer.layer_scale:decay_mult=1.0
2025/02/27 12:01:26 - mmengine - INFO - paramwise_options -- backbone.network.2.3.token_mixer.norm.rbr_skip.weight:lr=1e-05
2025/02/27 12:01:26 - mmengine - INFO - paramwise_options -- backbone.network.2.3.token_mixer.norm.rbr_skip.weight:weight_decay=0.05
2025/02/27 12:01:26 - mmengine - INFO - paramwise_options -- backbone.network.2.3.token_mixer.norm.rbr_skip.weight:lr_mult=0.1
2025/02/27 12:01:26 - mmengine - INFO - paramwise_options -- backbone.network.2.3.token_mixer.norm.rbr_skip.weight:decay_mult=1.0
2025/02/27 12:01:26 - mmengine - INFO - paramwise_options -- backbone.network.2.3.token_mixer.norm.rbr_skip.bias:lr=1e-05
2025/02/27 12:01:26 - mmengine - INFO - paramwise_options -- backbone.network.2.3.token_mixer.norm.rbr_skip.bias:weight_decay=0.05
2025/02/27 12:01:26 - mmengine - INFO - paramwise_options -- backbone.network.2.3.token_mixer.norm.rbr_skip.bias:lr_mult=0.1
2025/02/27 12:01:26 - mmengine - INFO - paramwise_options -- backbone.network.2.3.token_mixer.norm.rbr_skip.bias:decay_mult=1.0
2025/02/27 12:01:26 - mmengine - INFO - paramwise_options -- backbone.network.2.3.token_mixer.mixer.rbr_skip.weight:lr=1e-05
2025/02/27 12:01:26 - mmengine - INFO - paramwise_options -- backbone.network.2.3.token_mixer.mixer.rbr_skip.weight:weight_decay=0.05
2025/02/27 12:01:26 - mmengine - INFO - paramwise_options -- backbone.network.2.3.token_mixer.mixer.rbr_skip.weight:lr_mult=0.1
2025/02/27 12:01:26 - mmengine - INFO - paramwise_options -- backbone.network.2.3.token_mixer.mixer.rbr_skip.weight:decay_mult=1.0
2025/02/27 12:01:26 - mmengine - INFO - paramwise_options -- backbone.network.2.3.token_mixer.mixer.rbr_skip.bias:lr=1e-05
2025/02/27 12:01:26 - mmengine - INFO - paramwise_options -- backbone.network.2.3.token_mixer.mixer.rbr_skip.bias:weight_decay=0.05
2025/02/27 12:01:26 - mmengine - INFO - paramwise_options -- backbone.network.2.3.token_mixer.mixer.rbr_skip.bias:lr_mult=0.1
2025/02/27 12:01:26 - mmengine - INFO - paramwise_options -- backbone.network.2.3.token_mixer.mixer.rbr_skip.bias:decay_mult=1.0
2025/02/27 12:01:26 - mmengine - INFO - paramwise_options -- backbone.network.2.3.token_mixer.mixer.rbr_conv.0.conv.weight:lr=1e-05
2025/02/27 12:01:26 - mmengine - INFO - paramwise_options -- backbone.network.2.3.token_mixer.mixer.rbr_conv.0.conv.weight:weight_decay=0.05
2025/02/27 12:01:26 - mmengine - INFO - paramwise_options -- backbone.network.2.3.token_mixer.mixer.rbr_conv.0.conv.weight:lr_mult=0.1
2025/02/27 12:01:26 - mmengine - INFO - paramwise_options -- backbone.network.2.3.token_mixer.mixer.rbr_conv.0.conv.weight:decay_mult=1.0
2025/02/27 12:01:26 - mmengine - INFO - paramwise_options -- backbone.network.2.3.token_mixer.mixer.rbr_conv.0.bn.weight:lr=1e-05
2025/02/27 12:01:26 - mmengine - INFO - paramwise_options -- backbone.network.2.3.token_mixer.mixer.rbr_conv.0.bn.weight:weight_decay=0.05
2025/02/27 12:01:26 - mmengine - INFO - paramwise_options -- backbone.network.2.3.token_mixer.mixer.rbr_conv.0.bn.weight:lr_mult=0.1
2025/02/27 12:01:26 - mmengine - INFO - paramwise_options -- backbone.network.2.3.token_mixer.mixer.rbr_conv.0.bn.weight:decay_mult=1.0
2025/02/27 12:01:26 - mmengine - INFO - paramwise_options -- backbone.network.2.3.token_mixer.mixer.rbr_conv.0.bn.bias:lr=1e-05
2025/02/27 12:01:26 - mmengine - INFO - paramwise_options -- backbone.network.2.3.token_mixer.mixer.rbr_conv.0.bn.bias:weight_decay=0.05
2025/02/27 12:01:26 - mmengine - INFO - paramwise_options -- backbone.network.2.3.token_mixer.mixer.rbr_conv.0.bn.bias:lr_mult=0.1
2025/02/27 12:01:26 - mmengine - INFO - paramwise_options -- backbone.network.2.3.token_mixer.mixer.rbr_conv.0.bn.bias:decay_mult=1.0
2025/02/27 12:01:26 - mmengine - INFO - paramwise_options -- backbone.network.2.3.token_mixer.mixer.rbr_scale.conv.weight:lr=1e-05
2025/02/27 12:01:26 - mmengine - INFO - paramwise_options -- backbone.network.2.3.token_mixer.mixer.rbr_scale.conv.weight:weight_decay=0.05
2025/02/27 12:01:26 - mmengine - INFO - paramwise_options -- backbone.network.2.3.token_mixer.mixer.rbr_scale.conv.weight:lr_mult=0.1
2025/02/27 12:01:26 - mmengine - INFO - paramwise_options -- backbone.network.2.3.token_mixer.mixer.rbr_scale.conv.weight:decay_mult=1.0
2025/02/27 12:01:26 - mmengine - INFO - paramwise_options -- backbone.network.2.3.token_mixer.mixer.rbr_scale.bn.weight:lr=1e-05
2025/02/27 12:01:26 - mmengine - INFO - paramwise_options -- backbone.network.2.3.token_mixer.mixer.rbr_scale.bn.weight:weight_decay=0.05
2025/02/27 12:01:26 - mmengine - INFO - paramwise_options -- backbone.network.2.3.token_mixer.mixer.rbr_scale.bn.weight:lr_mult=0.1
2025/02/27 12:01:26 - mmengine - INFO - paramwise_options -- backbone.network.2.3.token_mixer.mixer.rbr_scale.bn.weight:decay_mult=1.0
2025/02/27 12:01:26 - mmengine - INFO - paramwise_options -- backbone.network.2.3.token_mixer.mixer.rbr_scale.bn.bias:lr=1e-05
2025/02/27 12:01:26 - mmengine - INFO - paramwise_options -- backbone.network.2.3.token_mixer.mixer.rbr_scale.bn.bias:weight_decay=0.05
2025/02/27 12:01:26 - mmengine - INFO - paramwise_options -- backbone.network.2.3.token_mixer.mixer.rbr_scale.bn.bias:lr_mult=0.1
2025/02/27 12:01:26 - mmengine - INFO - paramwise_options -- backbone.network.2.3.token_mixer.mixer.rbr_scale.bn.bias:decay_mult=1.0
2025/02/27 12:01:26 - mmengine - INFO - paramwise_options -- backbone.network.2.3.convffn.conv.conv.weight:lr=1e-05
2025/02/27 12:01:26 - mmengine - INFO - paramwise_options -- backbone.network.2.3.convffn.conv.conv.weight:weight_decay=0.05
2025/02/27 12:01:26 - mmengine - INFO - paramwise_options -- backbone.network.2.3.convffn.conv.conv.weight:lr_mult=0.1
2025/02/27 12:01:26 - mmengine - INFO - paramwise_options -- backbone.network.2.3.convffn.conv.conv.weight:decay_mult=1.0
2025/02/27 12:01:26 - mmengine - INFO - paramwise_options -- backbone.network.2.3.convffn.conv.bn.weight:lr=1e-05
2025/02/27 12:01:26 - mmengine - INFO - paramwise_options -- backbone.network.2.3.convffn.conv.bn.weight:weight_decay=0.05
2025/02/27 12:01:26 - mmengine - INFO - paramwise_options -- backbone.network.2.3.convffn.conv.bn.weight:lr_mult=0.1
2025/02/27 12:01:26 - mmengine - INFO - paramwise_options -- backbone.network.2.3.convffn.conv.bn.weight:decay_mult=1.0
2025/02/27 12:01:26 - mmengine - INFO - paramwise_options -- backbone.network.2.3.convffn.conv.bn.bias:lr=1e-05
2025/02/27 12:01:26 - mmengine - INFO - paramwise_options -- backbone.network.2.3.convffn.conv.bn.bias:weight_decay=0.05
2025/02/27 12:01:26 - mmengine - INFO - paramwise_options -- backbone.network.2.3.convffn.conv.bn.bias:lr_mult=0.1
2025/02/27 12:01:26 - mmengine - INFO - paramwise_options -- backbone.network.2.3.convffn.conv.bn.bias:decay_mult=1.0
2025/02/27 12:01:26 - mmengine - INFO - paramwise_options -- backbone.network.2.3.convffn.fc1.weight:lr=1e-05
2025/02/27 12:01:26 - mmengine - INFO - paramwise_options -- backbone.network.2.3.convffn.fc1.weight:weight_decay=0.05
2025/02/27 12:01:26 - mmengine - INFO - paramwise_options -- backbone.network.2.3.convffn.fc1.weight:lr_mult=0.1
2025/02/27 12:01:26 - mmengine - INFO - paramwise_options -- backbone.network.2.3.convffn.fc1.weight:decay_mult=1.0
2025/02/27 12:01:26 - mmengine - INFO - paramwise_options -- backbone.network.2.3.convffn.fc1.bias:lr=1e-05
2025/02/27 12:01:26 - mmengine - INFO - paramwise_options -- backbone.network.2.3.convffn.fc1.bias:weight_decay=0.05
2025/02/27 12:01:26 - mmengine - INFO - paramwise_options -- backbone.network.2.3.convffn.fc1.bias:lr_mult=0.1
2025/02/27 12:01:26 - mmengine - INFO - paramwise_options -- backbone.network.2.3.convffn.fc1.bias:decay_mult=1.0
2025/02/27 12:01:26 - mmengine - INFO - paramwise_options -- backbone.network.2.3.convffn.fc2.weight:lr=1e-05
2025/02/27 12:01:26 - mmengine - INFO - paramwise_options -- backbone.network.2.3.convffn.fc2.weight:weight_decay=0.05
2025/02/27 12:01:26 - mmengine - INFO - paramwise_options -- backbone.network.2.3.convffn.fc2.weight:lr_mult=0.1
2025/02/27 12:01:26 - mmengine - INFO - paramwise_options -- backbone.network.2.3.convffn.fc2.weight:decay_mult=1.0
2025/02/27 12:01:26 - mmengine - INFO - paramwise_options -- backbone.network.2.3.convffn.fc2.bias:lr=1e-05
2025/02/27 12:01:26 - mmengine - INFO - paramwise_options -- backbone.network.2.3.convffn.fc2.bias:weight_decay=0.05
2025/02/27 12:01:26 - mmengine - INFO - paramwise_options -- backbone.network.2.3.convffn.fc2.bias:lr_mult=0.1
2025/02/27 12:01:26 - mmengine - INFO - paramwise_options -- backbone.network.2.3.convffn.fc2.bias:decay_mult=1.0
2025/02/27 12:01:26 - mmengine - INFO - paramwise_options -- backbone.network.2.4.layer_scale:lr=1e-05
2025/02/27 12:01:26 - mmengine - INFO - paramwise_options -- backbone.network.2.4.layer_scale:weight_decay=0.05
2025/02/27 12:01:26 - mmengine - INFO - paramwise_options -- backbone.network.2.4.layer_scale:lr_mult=0.1
2025/02/27 12:01:26 - mmengine - INFO - paramwise_options -- backbone.network.2.4.layer_scale:decay_mult=1.0
2025/02/27 12:01:26 - mmengine - INFO - paramwise_options -- backbone.network.2.4.token_mixer.layer_scale:lr=1e-05
2025/02/27 12:01:26 - mmengine - INFO - paramwise_options -- backbone.network.2.4.token_mixer.layer_scale:weight_decay=0.05
2025/02/27 12:01:26 - mmengine - INFO - paramwise_options -- backbone.network.2.4.token_mixer.layer_scale:lr_mult=0.1
2025/02/27 12:01:26 - mmengine - INFO - paramwise_options -- backbone.network.2.4.token_mixer.layer_scale:decay_mult=1.0
2025/02/27 12:01:26 - mmengine - INFO - paramwise_options -- backbone.network.2.4.token_mixer.norm.rbr_skip.weight:lr=1e-05
2025/02/27 12:01:26 - mmengine - INFO - paramwise_options -- backbone.network.2.4.token_mixer.norm.rbr_skip.weight:weight_decay=0.05
2025/02/27 12:01:26 - mmengine - INFO - paramwise_options -- backbone.network.2.4.token_mixer.norm.rbr_skip.weight:lr_mult=0.1
2025/02/27 12:01:26 - mmengine - INFO - paramwise_options -- backbone.network.2.4.token_mixer.norm.rbr_skip.weight:decay_mult=1.0
2025/02/27 12:01:26 - mmengine - INFO - paramwise_options -- backbone.network.2.4.token_mixer.norm.rbr_skip.bias:lr=1e-05
2025/02/27 12:01:26 - mmengine - INFO - paramwise_options -- backbone.network.2.4.token_mixer.norm.rbr_skip.bias:weight_decay=0.05
2025/02/27 12:01:26 - mmengine - INFO - paramwise_options -- backbone.network.2.4.token_mixer.norm.rbr_skip.bias:lr_mult=0.1
2025/02/27 12:01:26 - mmengine - INFO - paramwise_options -- backbone.network.2.4.token_mixer.norm.rbr_skip.bias:decay_mult=1.0
2025/02/27 12:01:26 - mmengine - INFO - paramwise_options -- backbone.network.2.4.token_mixer.mixer.rbr_skip.weight:lr=1e-05
2025/02/27 12:01:26 - mmengine - INFO - paramwise_options -- backbone.network.2.4.token_mixer.mixer.rbr_skip.weight:weight_decay=0.05
2025/02/27 12:01:26 - mmengine - INFO - paramwise_options -- backbone.network.2.4.token_mixer.mixer.rbr_skip.weight:lr_mult=0.1
2025/02/27 12:01:26 - mmengine - INFO - paramwise_options -- backbone.network.2.4.token_mixer.mixer.rbr_skip.weight:decay_mult=1.0
2025/02/27 12:01:26 - mmengine - INFO - paramwise_options -- backbone.network.2.4.token_mixer.mixer.rbr_skip.bias:lr=1e-05
2025/02/27 12:01:26 - mmengine - INFO - paramwise_options -- backbone.network.2.4.token_mixer.mixer.rbr_skip.bias:weight_decay=0.05
2025/02/27 12:01:26 - mmengine - INFO - paramwise_options -- backbone.network.2.4.token_mixer.mixer.rbr_skip.bias:lr_mult=0.1
2025/02/27 12:01:26 - mmengine - INFO - paramwise_options -- backbone.network.2.4.token_mixer.mixer.rbr_skip.bias:decay_mult=1.0
2025/02/27 12:01:26 - mmengine - INFO - paramwise_options -- backbone.network.2.4.token_mixer.mixer.rbr_conv.0.conv.weight:lr=1e-05
2025/02/27 12:01:26 - mmengine - INFO - paramwise_options -- backbone.network.2.4.token_mixer.mixer.rbr_conv.0.conv.weight:weight_decay=0.05
2025/02/27 12:01:26 - mmengine - INFO - paramwise_options -- backbone.network.2.4.token_mixer.mixer.rbr_conv.0.conv.weight:lr_mult=0.1
2025/02/27 12:01:26 - mmengine - INFO - paramwise_options -- backbone.network.2.4.token_mixer.mixer.rbr_conv.0.conv.weight:decay_mult=1.0
2025/02/27 12:01:26 - mmengine - INFO - paramwise_options -- backbone.network.2.4.token_mixer.mixer.rbr_conv.0.bn.weight:lr=1e-05
2025/02/27 12:01:26 - mmengine - INFO - paramwise_options -- backbone.network.2.4.token_mixer.mixer.rbr_conv.0.bn.weight:weight_decay=0.05
2025/02/27 12:01:26 - mmengine - INFO - paramwise_options -- backbone.network.2.4.token_mixer.mixer.rbr_conv.0.bn.weight:lr_mult=0.1
2025/02/27 12:01:26 - mmengine - INFO - paramwise_options -- backbone.network.2.4.token_mixer.mixer.rbr_conv.0.bn.weight:decay_mult=1.0
2025/02/27 12:01:26 - mmengine - INFO - paramwise_options -- backbone.network.2.4.token_mixer.mixer.rbr_conv.0.bn.bias:lr=1e-05
2025/02/27 12:01:26 - mmengine - INFO - paramwise_options -- backbone.network.2.4.token_mixer.mixer.rbr_conv.0.bn.bias:weight_decay=0.05
2025/02/27 12:01:26 - mmengine - INFO - paramwise_options -- backbone.network.2.4.token_mixer.mixer.rbr_conv.0.bn.bias:lr_mult=0.1
2025/02/27 12:01:26 - mmengine - INFO - paramwise_options -- backbone.network.2.4.token_mixer.mixer.rbr_conv.0.bn.bias:decay_mult=1.0
2025/02/27 12:01:26 - mmengine - INFO - paramwise_options -- backbone.network.2.4.token_mixer.mixer.rbr_scale.conv.weight:lr=1e-05
2025/02/27 12:01:26 - mmengine - INFO - paramwise_options -- backbone.network.2.4.token_mixer.mixer.rbr_scale.conv.weight:weight_decay=0.05
2025/02/27 12:01:26 - mmengine - INFO - paramwise_options -- backbone.network.2.4.token_mixer.mixer.rbr_scale.conv.weight:lr_mult=0.1
2025/02/27 12:01:26 - mmengine - INFO - paramwise_options -- backbone.network.2.4.token_mixer.mixer.rbr_scale.conv.weight:decay_mult=1.0
2025/02/27 12:01:26 - mmengine - INFO - paramwise_options -- backbone.network.2.4.token_mixer.mixer.rbr_scale.bn.weight:lr=1e-05
2025/02/27 12:01:26 - mmengine - INFO - paramwise_options -- backbone.network.2.4.token_mixer.mixer.rbr_scale.bn.weight:weight_decay=0.05
2025/02/27 12:01:26 - mmengine - INFO - paramwise_options -- backbone.network.2.4.token_mixer.mixer.rbr_scale.bn.weight:lr_mult=0.1
2025/02/27 12:01:26 - mmengine - INFO - paramwise_options -- backbone.network.2.4.token_mixer.mixer.rbr_scale.bn.weight:decay_mult=1.0
2025/02/27 12:01:26 - mmengine - INFO - paramwise_options -- backbone.network.2.4.token_mixer.mixer.rbr_scale.bn.bias:lr=1e-05
2025/02/27 12:01:26 - mmengine - INFO - paramwise_options -- backbone.network.2.4.token_mixer.mixer.rbr_scale.bn.bias:weight_decay=0.05
2025/02/27 12:01:26 - mmengine - INFO - paramwise_options -- backbone.network.2.4.token_mixer.mixer.rbr_scale.bn.bias:lr_mult=0.1
2025/02/27 12:01:26 - mmengine - INFO - paramwise_options -- backbone.network.2.4.token_mixer.mixer.rbr_scale.bn.bias:decay_mult=1.0
2025/02/27 12:01:26 - mmengine - INFO - paramwise_options -- backbone.network.2.4.convffn.conv.conv.weight:lr=1e-05
2025/02/27 12:01:26 - mmengine - INFO - paramwise_options -- backbone.network.2.4.convffn.conv.conv.weight:weight_decay=0.05
2025/02/27 12:01:26 - mmengine - INFO - paramwise_options -- backbone.network.2.4.convffn.conv.conv.weight:lr_mult=0.1
2025/02/27 12:01:26 - mmengine - INFO - paramwise_options -- backbone.network.2.4.convffn.conv.conv.weight:decay_mult=1.0
2025/02/27 12:01:26 - mmengine - INFO - paramwise_options -- backbone.network.2.4.convffn.conv.bn.weight:lr=1e-05
2025/02/27 12:01:26 - mmengine - INFO - paramwise_options -- backbone.network.2.4.convffn.conv.bn.weight:weight_decay=0.05
2025/02/27 12:01:26 - mmengine - INFO - paramwise_options -- backbone.network.2.4.convffn.conv.bn.weight:lr_mult=0.1
2025/02/27 12:01:26 - mmengine - INFO - paramwise_options -- backbone.network.2.4.convffn.conv.bn.weight:decay_mult=1.0
2025/02/27 12:01:26 - mmengine - INFO - paramwise_options -- backbone.network.2.4.convffn.conv.bn.bias:lr=1e-05
2025/02/27 12:01:26 - mmengine - INFO - paramwise_options -- backbone.network.2.4.convffn.conv.bn.bias:weight_decay=0.05
2025/02/27 12:01:26 - mmengine - INFO - paramwise_options -- backbone.network.2.4.convffn.conv.bn.bias:lr_mult=0.1
2025/02/27 12:01:26 - mmengine - INFO - paramwise_options -- backbone.network.2.4.convffn.conv.bn.bias:decay_mult=1.0
2025/02/27 12:01:26 - mmengine - INFO - paramwise_options -- backbone.network.2.4.convffn.fc1.weight:lr=1e-05
2025/02/27 12:01:26 - mmengine - INFO - paramwise_options -- backbone.network.2.4.convffn.fc1.weight:weight_decay=0.05
2025/02/27 12:01:26 - mmengine - INFO - paramwise_options -- backbone.network.2.4.convffn.fc1.weight:lr_mult=0.1
2025/02/27 12:01:26 - mmengine - INFO - paramwise_options -- backbone.network.2.4.convffn.fc1.weight:decay_mult=1.0
2025/02/27 12:01:26 - mmengine - INFO - paramwise_options -- backbone.network.2.4.convffn.fc1.bias:lr=1e-05
2025/02/27 12:01:26 - mmengine - INFO - paramwise_options -- backbone.network.2.4.convffn.fc1.bias:weight_decay=0.05
2025/02/27 12:01:26 - mmengine - INFO - paramwise_options -- backbone.network.2.4.convffn.fc1.bias:lr_mult=0.1
2025/02/27 12:01:26 - mmengine - INFO - paramwise_options -- backbone.network.2.4.convffn.fc1.bias:decay_mult=1.0
2025/02/27 12:01:26 - mmengine - INFO - paramwise_options -- backbone.network.2.4.convffn.fc2.weight:lr=1e-05
2025/02/27 12:01:26 - mmengine - INFO - paramwise_options -- backbone.network.2.4.convffn.fc2.weight:weight_decay=0.05
2025/02/27 12:01:26 - mmengine - INFO - paramwise_options -- backbone.network.2.4.convffn.fc2.weight:lr_mult=0.1
2025/02/27 12:01:26 - mmengine - INFO - paramwise_options -- backbone.network.2.4.convffn.fc2.weight:decay_mult=1.0
2025/02/27 12:01:26 - mmengine - INFO - paramwise_options -- backbone.network.2.4.convffn.fc2.bias:lr=1e-05
2025/02/27 12:01:26 - mmengine - INFO - paramwise_options -- backbone.network.2.4.convffn.fc2.bias:weight_decay=0.05
2025/02/27 12:01:26 - mmengine - INFO - paramwise_options -- backbone.network.2.4.convffn.fc2.bias:lr_mult=0.1
2025/02/27 12:01:26 - mmengine - INFO - paramwise_options -- backbone.network.2.4.convffn.fc2.bias:decay_mult=1.0
2025/02/27 12:01:26 - mmengine - INFO - paramwise_options -- backbone.network.2.5.layer_scale:lr=1e-05
2025/02/27 12:01:26 - mmengine - INFO - paramwise_options -- backbone.network.2.5.layer_scale:weight_decay=0.05
2025/02/27 12:01:26 - mmengine - INFO - paramwise_options -- backbone.network.2.5.layer_scale:lr_mult=0.1
2025/02/27 12:01:26 - mmengine - INFO - paramwise_options -- backbone.network.2.5.layer_scale:decay_mult=1.0
2025/02/27 12:01:26 - mmengine - INFO - paramwise_options -- backbone.network.2.5.token_mixer.layer_scale:lr=1e-05
2025/02/27 12:01:26 - mmengine - INFO - paramwise_options -- backbone.network.2.5.token_mixer.layer_scale:weight_decay=0.05
2025/02/27 12:01:26 - mmengine - INFO - paramwise_options -- backbone.network.2.5.token_mixer.layer_scale:lr_mult=0.1
2025/02/27 12:01:26 - mmengine - INFO - paramwise_options -- backbone.network.2.5.token_mixer.layer_scale:decay_mult=1.0
2025/02/27 12:01:26 - mmengine - INFO - paramwise_options -- backbone.network.2.5.token_mixer.norm.rbr_skip.weight:lr=1e-05
2025/02/27 12:01:26 - mmengine - INFO - paramwise_options -- backbone.network.2.5.token_mixer.norm.rbr_skip.weight:weight_decay=0.05
2025/02/27 12:01:26 - mmengine - INFO - paramwise_options -- backbone.network.2.5.token_mixer.norm.rbr_skip.weight:lr_mult=0.1
2025/02/27 12:01:26 - mmengine - INFO - paramwise_options -- backbone.network.2.5.token_mixer.norm.rbr_skip.weight:decay_mult=1.0
2025/02/27 12:01:26 - mmengine - INFO - paramwise_options -- backbone.network.2.5.token_mixer.norm.rbr_skip.bias:lr=1e-05
2025/02/27 12:01:26 - mmengine - INFO - paramwise_options -- backbone.network.2.5.token_mixer.norm.rbr_skip.bias:weight_decay=0.05
2025/02/27 12:01:26 - mmengine - INFO - paramwise_options -- backbone.network.2.5.token_mixer.norm.rbr_skip.bias:lr_mult=0.1
2025/02/27 12:01:26 - mmengine - INFO - paramwise_options -- backbone.network.2.5.token_mixer.norm.rbr_skip.bias:decay_mult=1.0
2025/02/27 12:01:26 - mmengine - INFO - paramwise_options -- backbone.network.2.5.token_mixer.mixer.rbr_skip.weight:lr=1e-05
2025/02/27 12:01:26 - mmengine - INFO - paramwise_options -- backbone.network.2.5.token_mixer.mixer.rbr_skip.weight:weight_decay=0.05
2025/02/27 12:01:26 - mmengine - INFO - paramwise_options -- backbone.network.2.5.token_mixer.mixer.rbr_skip.weight:lr_mult=0.1
2025/02/27 12:01:26 - mmengine - INFO - paramwise_options -- backbone.network.2.5.token_mixer.mixer.rbr_skip.weight:decay_mult=1.0
2025/02/27 12:01:26 - mmengine - INFO - paramwise_options -- backbone.network.2.5.token_mixer.mixer.rbr_skip.bias:lr=1e-05
2025/02/27 12:01:26 - mmengine - INFO - paramwise_options -- backbone.network.2.5.token_mixer.mixer.rbr_skip.bias:weight_decay=0.05
2025/02/27 12:01:26 - mmengine - INFO - paramwise_options -- backbone.network.2.5.token_mixer.mixer.rbr_skip.bias:lr_mult=0.1
2025/02/27 12:01:26 - mmengine - INFO - paramwise_options -- backbone.network.2.5.token_mixer.mixer.rbr_skip.bias:decay_mult=1.0
2025/02/27 12:01:26 - mmengine - INFO - paramwise_options -- backbone.network.2.5.token_mixer.mixer.rbr_conv.0.conv.weight:lr=1e-05
2025/02/27 12:01:26 - mmengine - INFO - paramwise_options -- backbone.network.2.5.token_mixer.mixer.rbr_conv.0.conv.weight:weight_decay=0.05
2025/02/27 12:01:26 - mmengine - INFO - paramwise_options -- backbone.network.2.5.token_mixer.mixer.rbr_conv.0.conv.weight:lr_mult=0.1
2025/02/27 12:01:26 - mmengine - INFO - paramwise_options -- backbone.network.2.5.token_mixer.mixer.rbr_conv.0.conv.weight:decay_mult=1.0
2025/02/27 12:01:26 - mmengine - INFO - paramwise_options -- backbone.network.2.5.token_mixer.mixer.rbr_conv.0.bn.weight:lr=1e-05
2025/02/27 12:01:26 - mmengine - INFO - paramwise_options -- backbone.network.2.5.token_mixer.mixer.rbr_conv.0.bn.weight:weight_decay=0.05
2025/02/27 12:01:26 - mmengine - INFO - paramwise_options -- backbone.network.2.5.token_mixer.mixer.rbr_conv.0.bn.weight:lr_mult=0.1
2025/02/27 12:01:26 - mmengine - INFO - paramwise_options -- backbone.network.2.5.token_mixer.mixer.rbr_conv.0.bn.weight:decay_mult=1.0
2025/02/27 12:01:26 - mmengine - INFO - paramwise_options -- backbone.network.2.5.token_mixer.mixer.rbr_conv.0.bn.bias:lr=1e-05
2025/02/27 12:01:26 - mmengine - INFO - paramwise_options -- backbone.network.2.5.token_mixer.mixer.rbr_conv.0.bn.bias:weight_decay=0.05
2025/02/27 12:01:26 - mmengine - INFO - paramwise_options -- backbone.network.2.5.token_mixer.mixer.rbr_conv.0.bn.bias:lr_mult=0.1
2025/02/27 12:01:26 - mmengine - INFO - paramwise_options -- backbone.network.2.5.token_mixer.mixer.rbr_conv.0.bn.bias:decay_mult=1.0
2025/02/27 12:01:26 - mmengine - INFO - paramwise_options -- backbone.network.2.5.token_mixer.mixer.rbr_scale.conv.weight:lr=1e-05
2025/02/27 12:01:26 - mmengine - INFO - paramwise_options -- backbone.network.2.5.token_mixer.mixer.rbr_scale.conv.weight:weight_decay=0.05
2025/02/27 12:01:26 - mmengine - INFO - paramwise_options -- backbone.network.2.5.token_mixer.mixer.rbr_scale.conv.weight:lr_mult=0.1
2025/02/27 12:01:26 - mmengine - INFO - paramwise_options -- backbone.network.2.5.token_mixer.mixer.rbr_scale.conv.weight:decay_mult=1.0
2025/02/27 12:01:26 - mmengine - INFO - paramwise_options -- backbone.network.2.5.token_mixer.mixer.rbr_scale.bn.weight:lr=1e-05
2025/02/27 12:01:26 - mmengine - INFO - paramwise_options -- backbone.network.2.5.token_mixer.mixer.rbr_scale.bn.weight:weight_decay=0.05
2025/02/27 12:01:26 - mmengine - INFO - paramwise_options -- backbone.network.2.5.token_mixer.mixer.rbr_scale.bn.weight:lr_mult=0.1
2025/02/27 12:01:26 - mmengine - INFO - paramwise_options -- backbone.network.2.5.token_mixer.mixer.rbr_scale.bn.weight:decay_mult=1.0
2025/02/27 12:01:26 - mmengine - INFO - paramwise_options -- backbone.network.2.5.token_mixer.mixer.rbr_scale.bn.bias:lr=1e-05
2025/02/27 12:01:26 - mmengine - INFO - paramwise_options -- backbone.network.2.5.token_mixer.mixer.rbr_scale.bn.bias:weight_decay=0.05
2025/02/27 12:01:26 - mmengine - INFO - paramwise_options -- backbone.network.2.5.token_mixer.mixer.rbr_scale.bn.bias:lr_mult=0.1
2025/02/27 12:01:26 - mmengine - INFO - paramwise_options -- backbone.network.2.5.token_mixer.mixer.rbr_scale.bn.bias:decay_mult=1.0
2025/02/27 12:01:26 - mmengine - INFO - paramwise_options -- backbone.network.2.5.convffn.conv.conv.weight:lr=1e-05
2025/02/27 12:01:26 - mmengine - INFO - paramwise_options -- backbone.network.2.5.convffn.conv.conv.weight:weight_decay=0.05
2025/02/27 12:01:26 - mmengine - INFO - paramwise_options -- backbone.network.2.5.convffn.conv.conv.weight:lr_mult=0.1
2025/02/27 12:01:26 - mmengine - INFO - paramwise_options -- backbone.network.2.5.convffn.conv.conv.weight:decay_mult=1.0
2025/02/27 12:01:26 - mmengine - INFO - paramwise_options -- backbone.network.2.5.convffn.conv.bn.weight:lr=1e-05
2025/02/27 12:01:26 - mmengine - INFO - paramwise_options -- backbone.network.2.5.convffn.conv.bn.weight:weight_decay=0.05
2025/02/27 12:01:26 - mmengine - INFO - paramwise_options -- backbone.network.2.5.convffn.conv.bn.weight:lr_mult=0.1
2025/02/27 12:01:26 - mmengine - INFO - paramwise_options -- backbone.network.2.5.convffn.conv.bn.weight:decay_mult=1.0
2025/02/27 12:01:26 - mmengine - INFO - paramwise_options -- backbone.network.2.5.convffn.conv.bn.bias:lr=1e-05
2025/02/27 12:01:26 - mmengine - INFO - paramwise_options -- backbone.network.2.5.convffn.conv.bn.bias:weight_decay=0.05
2025/02/27 12:01:26 - mmengine - INFO - paramwise_options -- backbone.network.2.5.convffn.conv.bn.bias:lr_mult=0.1
2025/02/27 12:01:26 - mmengine - INFO - paramwise_options -- backbone.network.2.5.convffn.conv.bn.bias:decay_mult=1.0
2025/02/27 12:01:26 - mmengine - INFO - paramwise_options -- backbone.network.2.5.convffn.fc1.weight:lr=1e-05
2025/02/27 12:01:26 - mmengine - INFO - paramwise_options -- backbone.network.2.5.convffn.fc1.weight:weight_decay=0.05
2025/02/27 12:01:26 - mmengine - INFO - paramwise_options -- backbone.network.2.5.convffn.fc1.weight:lr_mult=0.1
2025/02/27 12:01:26 - mmengine - INFO - paramwise_options -- backbone.network.2.5.convffn.fc1.weight:decay_mult=1.0
2025/02/27 12:01:26 - mmengine - INFO - paramwise_options -- backbone.network.2.5.convffn.fc1.bias:lr=1e-05
2025/02/27 12:01:26 - mmengine - INFO - paramwise_options -- backbone.network.2.5.convffn.fc1.bias:weight_decay=0.05
2025/02/27 12:01:26 - mmengine - INFO - paramwise_options -- backbone.network.2.5.convffn.fc1.bias:lr_mult=0.1
2025/02/27 12:01:26 - mmengine - INFO - paramwise_options -- backbone.network.2.5.convffn.fc1.bias:decay_mult=1.0
2025/02/27 12:01:26 - mmengine - INFO - paramwise_options -- backbone.network.2.5.convffn.fc2.weight:lr=1e-05
2025/02/27 12:01:26 - mmengine - INFO - paramwise_options -- backbone.network.2.5.convffn.fc2.weight:weight_decay=0.05
2025/02/27 12:01:26 - mmengine - INFO - paramwise_options -- backbone.network.2.5.convffn.fc2.weight:lr_mult=0.1
2025/02/27 12:01:26 - mmengine - INFO - paramwise_options -- backbone.network.2.5.convffn.fc2.weight:decay_mult=1.0
2025/02/27 12:01:26 - mmengine - INFO - paramwise_options -- backbone.network.2.5.convffn.fc2.bias:lr=1e-05
2025/02/27 12:01:26 - mmengine - INFO - paramwise_options -- backbone.network.2.5.convffn.fc2.bias:weight_decay=0.05
2025/02/27 12:01:26 - mmengine - INFO - paramwise_options -- backbone.network.2.5.convffn.fc2.bias:lr_mult=0.1
2025/02/27 12:01:26 - mmengine - INFO - paramwise_options -- backbone.network.2.5.convffn.fc2.bias:decay_mult=1.0
2025/02/27 12:01:26 - mmengine - INFO - paramwise_options -- backbone.network.3.proj.0.lkb_origin.conv.weight:lr=1e-05
2025/02/27 12:01:26 - mmengine - INFO - paramwise_options -- backbone.network.3.proj.0.lkb_origin.conv.weight:weight_decay=0.05
2025/02/27 12:01:26 - mmengine - INFO - paramwise_options -- backbone.network.3.proj.0.lkb_origin.conv.weight:lr_mult=0.1
2025/02/27 12:01:26 - mmengine - INFO - paramwise_options -- backbone.network.3.proj.0.lkb_origin.conv.weight:decay_mult=1.0
2025/02/27 12:01:26 - mmengine - INFO - paramwise_options -- backbone.network.3.proj.0.lkb_origin.bn.weight:lr=1e-05
2025/02/27 12:01:26 - mmengine - INFO - paramwise_options -- backbone.network.3.proj.0.lkb_origin.bn.weight:weight_decay=0.05
2025/02/27 12:01:26 - mmengine - INFO - paramwise_options -- backbone.network.3.proj.0.lkb_origin.bn.weight:lr_mult=0.1
2025/02/27 12:01:26 - mmengine - INFO - paramwise_options -- backbone.network.3.proj.0.lkb_origin.bn.weight:decay_mult=1.0
2025/02/27 12:01:26 - mmengine - INFO - paramwise_options -- backbone.network.3.proj.0.lkb_origin.bn.bias:lr=1e-05
2025/02/27 12:01:26 - mmengine - INFO - paramwise_options -- backbone.network.3.proj.0.lkb_origin.bn.bias:weight_decay=0.05
2025/02/27 12:01:26 - mmengine - INFO - paramwise_options -- backbone.network.3.proj.0.lkb_origin.bn.bias:lr_mult=0.1
2025/02/27 12:01:26 - mmengine - INFO - paramwise_options -- backbone.network.3.proj.0.lkb_origin.bn.bias:decay_mult=1.0
2025/02/27 12:01:26 - mmengine - INFO - paramwise_options -- backbone.network.3.proj.0.small_conv.conv.weight:lr=1e-05
2025/02/27 12:01:26 - mmengine - INFO - paramwise_options -- backbone.network.3.proj.0.small_conv.conv.weight:weight_decay=0.05
2025/02/27 12:01:26 - mmengine - INFO - paramwise_options -- backbone.network.3.proj.0.small_conv.conv.weight:lr_mult=0.1
2025/02/27 12:01:26 - mmengine - INFO - paramwise_options -- backbone.network.3.proj.0.small_conv.conv.weight:decay_mult=1.0
2025/02/27 12:01:26 - mmengine - INFO - paramwise_options -- backbone.network.3.proj.0.small_conv.bn.weight:lr=1e-05
2025/02/27 12:01:26 - mmengine - INFO - paramwise_options -- backbone.network.3.proj.0.small_conv.bn.weight:weight_decay=0.05
2025/02/27 12:01:26 - mmengine - INFO - paramwise_options -- backbone.network.3.proj.0.small_conv.bn.weight:lr_mult=0.1
2025/02/27 12:01:26 - mmengine - INFO - paramwise_options -- backbone.network.3.proj.0.small_conv.bn.weight:decay_mult=1.0
2025/02/27 12:01:26 - mmengine - INFO - paramwise_options -- backbone.network.3.proj.0.small_conv.bn.bias:lr=1e-05
2025/02/27 12:01:26 - mmengine - INFO - paramwise_options -- backbone.network.3.proj.0.small_conv.bn.bias:weight_decay=0.05
2025/02/27 12:01:26 - mmengine - INFO - paramwise_options -- backbone.network.3.proj.0.small_conv.bn.bias:lr_mult=0.1
2025/02/27 12:01:26 - mmengine - INFO - paramwise_options -- backbone.network.3.proj.0.small_conv.bn.bias:decay_mult=1.0
2025/02/27 12:01:26 - mmengine - INFO - paramwise_options -- backbone.network.3.proj.1.rbr_skip.weight:lr=1e-05
2025/02/27 12:01:26 - mmengine - INFO - paramwise_options -- backbone.network.3.proj.1.rbr_skip.weight:weight_decay=0.05
2025/02/27 12:01:26 - mmengine - INFO - paramwise_options -- backbone.network.3.proj.1.rbr_skip.weight:lr_mult=0.1
2025/02/27 12:01:26 - mmengine - INFO - paramwise_options -- backbone.network.3.proj.1.rbr_skip.weight:decay_mult=1.0
2025/02/27 12:01:26 - mmengine - INFO - paramwise_options -- backbone.network.3.proj.1.rbr_skip.bias:lr=1e-05
2025/02/27 12:01:26 - mmengine - INFO - paramwise_options -- backbone.network.3.proj.1.rbr_skip.bias:weight_decay=0.05
2025/02/27 12:01:26 - mmengine - INFO - paramwise_options -- backbone.network.3.proj.1.rbr_skip.bias:lr_mult=0.1
2025/02/27 12:01:26 - mmengine - INFO - paramwise_options -- backbone.network.3.proj.1.rbr_skip.bias:decay_mult=1.0
2025/02/27 12:01:26 - mmengine - INFO - paramwise_options -- backbone.network.3.proj.1.rbr_conv.0.conv.weight:lr=1e-05
2025/02/27 12:01:26 - mmengine - INFO - paramwise_options -- backbone.network.3.proj.1.rbr_conv.0.conv.weight:weight_decay=0.05
2025/02/27 12:01:26 - mmengine - INFO - paramwise_options -- backbone.network.3.proj.1.rbr_conv.0.conv.weight:lr_mult=0.1
2025/02/27 12:01:26 - mmengine - INFO - paramwise_options -- backbone.network.3.proj.1.rbr_conv.0.conv.weight:decay_mult=1.0
2025/02/27 12:01:26 - mmengine - INFO - paramwise_options -- backbone.network.3.proj.1.rbr_conv.0.bn.weight:lr=1e-05
2025/02/27 12:01:26 - mmengine - INFO - paramwise_options -- backbone.network.3.proj.1.rbr_conv.0.bn.weight:weight_decay=0.05
2025/02/27 12:01:26 - mmengine - INFO - paramwise_options -- backbone.network.3.proj.1.rbr_conv.0.bn.weight:lr_mult=0.1
2025/02/27 12:01:26 - mmengine - INFO - paramwise_options -- backbone.network.3.proj.1.rbr_conv.0.bn.weight:decay_mult=1.0
2025/02/27 12:01:26 - mmengine - INFO - paramwise_options -- backbone.network.3.proj.1.rbr_conv.0.bn.bias:lr=1e-05
2025/02/27 12:01:26 - mmengine - INFO - paramwise_options -- backbone.network.3.proj.1.rbr_conv.0.bn.bias:weight_decay=0.05
2025/02/27 12:01:26 - mmengine - INFO - paramwise_options -- backbone.network.3.proj.1.rbr_conv.0.bn.bias:lr_mult=0.1
2025/02/27 12:01:26 - mmengine - INFO - paramwise_options -- backbone.network.3.proj.1.rbr_conv.0.bn.bias:decay_mult=1.0
2025/02/27 12:01:26 - mmengine - INFO - paramwise_options -- backbone.network.4.0.layer_scale:lr=1e-05
2025/02/27 12:01:26 - mmengine - INFO - paramwise_options -- backbone.network.4.0.layer_scale:weight_decay=0.05
2025/02/27 12:01:26 - mmengine - INFO - paramwise_options -- backbone.network.4.0.layer_scale:lr_mult=0.1
2025/02/27 12:01:26 - mmengine - INFO - paramwise_options -- backbone.network.4.0.layer_scale:decay_mult=1.0
2025/02/27 12:01:26 - mmengine - INFO - paramwise_options -- backbone.network.4.0.token_mixer.layer_scale:lr=1e-05
2025/02/27 12:01:26 - mmengine - INFO - paramwise_options -- backbone.network.4.0.token_mixer.layer_scale:weight_decay=0.05
2025/02/27 12:01:26 - mmengine - INFO - paramwise_options -- backbone.network.4.0.token_mixer.layer_scale:lr_mult=0.1
2025/02/27 12:01:26 - mmengine - INFO - paramwise_options -- backbone.network.4.0.token_mixer.layer_scale:decay_mult=1.0
2025/02/27 12:01:26 - mmengine - INFO - paramwise_options -- backbone.network.4.0.token_mixer.norm.rbr_skip.weight:lr=1e-05
2025/02/27 12:01:26 - mmengine - INFO - paramwise_options -- backbone.network.4.0.token_mixer.norm.rbr_skip.weight:weight_decay=0.05
2025/02/27 12:01:26 - mmengine - INFO - paramwise_options -- backbone.network.4.0.token_mixer.norm.rbr_skip.weight:lr_mult=0.1
2025/02/27 12:01:26 - mmengine - INFO - paramwise_options -- backbone.network.4.0.token_mixer.norm.rbr_skip.weight:decay_mult=1.0
2025/02/27 12:01:26 - mmengine - INFO - paramwise_options -- backbone.network.4.0.token_mixer.norm.rbr_skip.bias:lr=1e-05
2025/02/27 12:01:26 - mmengine - INFO - paramwise_options -- backbone.network.4.0.token_mixer.norm.rbr_skip.bias:weight_decay=0.05
2025/02/27 12:01:26 - mmengine - INFO - paramwise_options -- backbone.network.4.0.token_mixer.norm.rbr_skip.bias:lr_mult=0.1
2025/02/27 12:01:26 - mmengine - INFO - paramwise_options -- backbone.network.4.0.token_mixer.norm.rbr_skip.bias:decay_mult=1.0
2025/02/27 12:01:26 - mmengine - INFO - paramwise_options -- backbone.network.4.0.token_mixer.mixer.rbr_skip.weight:lr=1e-05
2025/02/27 12:01:26 - mmengine - INFO - paramwise_options -- backbone.network.4.0.token_mixer.mixer.rbr_skip.weight:weight_decay=0.05
2025/02/27 12:01:26 - mmengine - INFO - paramwise_options -- backbone.network.4.0.token_mixer.mixer.rbr_skip.weight:lr_mult=0.1
2025/02/27 12:01:26 - mmengine - INFO - paramwise_options -- backbone.network.4.0.token_mixer.mixer.rbr_skip.weight:decay_mult=1.0
2025/02/27 12:01:26 - mmengine - INFO - paramwise_options -- backbone.network.4.0.token_mixer.mixer.rbr_skip.bias:lr=1e-05
2025/02/27 12:01:26 - mmengine - INFO - paramwise_options -- backbone.network.4.0.token_mixer.mixer.rbr_skip.bias:weight_decay=0.05
2025/02/27 12:01:26 - mmengine - INFO - paramwise_options -- backbone.network.4.0.token_mixer.mixer.rbr_skip.bias:lr_mult=0.1
2025/02/27 12:01:26 - mmengine - INFO - paramwise_options -- backbone.network.4.0.token_mixer.mixer.rbr_skip.bias:decay_mult=1.0
2025/02/27 12:01:26 - mmengine - INFO - paramwise_options -- backbone.network.4.0.token_mixer.mixer.rbr_conv.0.conv.weight:lr=1e-05
2025/02/27 12:01:26 - mmengine - INFO - paramwise_options -- backbone.network.4.0.token_mixer.mixer.rbr_conv.0.conv.weight:weight_decay=0.05
2025/02/27 12:01:26 - mmengine - INFO - paramwise_options -- backbone.network.4.0.token_mixer.mixer.rbr_conv.0.conv.weight:lr_mult=0.1
2025/02/27 12:01:26 - mmengine - INFO - paramwise_options -- backbone.network.4.0.token_mixer.mixer.rbr_conv.0.conv.weight:decay_mult=1.0
2025/02/27 12:01:26 - mmengine - INFO - paramwise_options -- backbone.network.4.0.token_mixer.mixer.rbr_conv.0.bn.weight:lr=1e-05
2025/02/27 12:01:26 - mmengine - INFO - paramwise_options -- backbone.network.4.0.token_mixer.mixer.rbr_conv.0.bn.weight:weight_decay=0.05
2025/02/27 12:01:26 - mmengine - INFO - paramwise_options -- backbone.network.4.0.token_mixer.mixer.rbr_conv.0.bn.weight:lr_mult=0.1
2025/02/27 12:01:26 - mmengine - INFO - paramwise_options -- backbone.network.4.0.token_mixer.mixer.rbr_conv.0.bn.weight:decay_mult=1.0
2025/02/27 12:01:26 - mmengine - INFO - paramwise_options -- backbone.network.4.0.token_mixer.mixer.rbr_conv.0.bn.bias:lr=1e-05
2025/02/27 12:01:26 - mmengine - INFO - paramwise_options -- backbone.network.4.0.token_mixer.mixer.rbr_conv.0.bn.bias:weight_decay=0.05
2025/02/27 12:01:26 - mmengine - INFO - paramwise_options -- backbone.network.4.0.token_mixer.mixer.rbr_conv.0.bn.bias:lr_mult=0.1
2025/02/27 12:01:26 - mmengine - INFO - paramwise_options -- backbone.network.4.0.token_mixer.mixer.rbr_conv.0.bn.bias:decay_mult=1.0
2025/02/27 12:01:26 - mmengine - INFO - paramwise_options -- backbone.network.4.0.token_mixer.mixer.rbr_scale.conv.weight:lr=1e-05
2025/02/27 12:01:26 - mmengine - INFO - paramwise_options -- backbone.network.4.0.token_mixer.mixer.rbr_scale.conv.weight:weight_decay=0.05
2025/02/27 12:01:26 - mmengine - INFO - paramwise_options -- backbone.network.4.0.token_mixer.mixer.rbr_scale.conv.weight:lr_mult=0.1
2025/02/27 12:01:26 - mmengine - INFO - paramwise_options -- backbone.network.4.0.token_mixer.mixer.rbr_scale.conv.weight:decay_mult=1.0
2025/02/27 12:01:26 - mmengine - INFO - paramwise_options -- backbone.network.4.0.token_mixer.mixer.rbr_scale.bn.weight:lr=1e-05
2025/02/27 12:01:26 - mmengine - INFO - paramwise_options -- backbone.network.4.0.token_mixer.mixer.rbr_scale.bn.weight:weight_decay=0.05
2025/02/27 12:01:26 - mmengine - INFO - paramwise_options -- backbone.network.4.0.token_mixer.mixer.rbr_scale.bn.weight:lr_mult=0.1
2025/02/27 12:01:26 - mmengine - INFO - paramwise_options -- backbone.network.4.0.token_mixer.mixer.rbr_scale.bn.weight:decay_mult=1.0
2025/02/27 12:01:26 - mmengine - INFO - paramwise_options -- backbone.network.4.0.token_mixer.mixer.rbr_scale.bn.bias:lr=1e-05
2025/02/27 12:01:26 - mmengine - INFO - paramwise_options -- backbone.network.4.0.token_mixer.mixer.rbr_scale.bn.bias:weight_decay=0.05
2025/02/27 12:01:26 - mmengine - INFO - paramwise_options -- backbone.network.4.0.token_mixer.mixer.rbr_scale.bn.bias:lr_mult=0.1
2025/02/27 12:01:26 - mmengine - INFO - paramwise_options -- backbone.network.4.0.token_mixer.mixer.rbr_scale.bn.bias:decay_mult=1.0
2025/02/27 12:01:26 - mmengine - INFO - paramwise_options -- backbone.network.4.0.convffn.conv.conv.weight:lr=1e-05
2025/02/27 12:01:26 - mmengine - INFO - paramwise_options -- backbone.network.4.0.convffn.conv.conv.weight:weight_decay=0.05
2025/02/27 12:01:26 - mmengine - INFO - paramwise_options -- backbone.network.4.0.convffn.conv.conv.weight:lr_mult=0.1
2025/02/27 12:01:26 - mmengine - INFO - paramwise_options -- backbone.network.4.0.convffn.conv.conv.weight:decay_mult=1.0
2025/02/27 12:01:26 - mmengine - INFO - paramwise_options -- backbone.network.4.0.convffn.conv.bn.weight:lr=1e-05
2025/02/27 12:01:26 - mmengine - INFO - paramwise_options -- backbone.network.4.0.convffn.conv.bn.weight:weight_decay=0.05
2025/02/27 12:01:26 - mmengine - INFO - paramwise_options -- backbone.network.4.0.convffn.conv.bn.weight:lr_mult=0.1
2025/02/27 12:01:26 - mmengine - INFO - paramwise_options -- backbone.network.4.0.convffn.conv.bn.weight:decay_mult=1.0
2025/02/27 12:01:26 - mmengine - INFO - paramwise_options -- backbone.network.4.0.convffn.conv.bn.bias:lr=1e-05
2025/02/27 12:01:26 - mmengine - INFO - paramwise_options -- backbone.network.4.0.convffn.conv.bn.bias:weight_decay=0.05
2025/02/27 12:01:26 - mmengine - INFO - paramwise_options -- backbone.network.4.0.convffn.conv.bn.bias:lr_mult=0.1
2025/02/27 12:01:26 - mmengine - INFO - paramwise_options -- backbone.network.4.0.convffn.conv.bn.bias:decay_mult=1.0
2025/02/27 12:01:26 - mmengine - INFO - paramwise_options -- backbone.network.4.0.convffn.fc1.weight:lr=1e-05
2025/02/27 12:01:26 - mmengine - INFO - paramwise_options -- backbone.network.4.0.convffn.fc1.weight:weight_decay=0.05
2025/02/27 12:01:26 - mmengine - INFO - paramwise_options -- backbone.network.4.0.convffn.fc1.weight:lr_mult=0.1
2025/02/27 12:01:26 - mmengine - INFO - paramwise_options -- backbone.network.4.0.convffn.fc1.weight:decay_mult=1.0
2025/02/27 12:01:26 - mmengine - INFO - paramwise_options -- backbone.network.4.0.convffn.fc1.bias:lr=1e-05
2025/02/27 12:01:26 - mmengine - INFO - paramwise_options -- backbone.network.4.0.convffn.fc1.bias:weight_decay=0.05
2025/02/27 12:01:26 - mmengine - INFO - paramwise_options -- backbone.network.4.0.convffn.fc1.bias:lr_mult=0.1
2025/02/27 12:01:26 - mmengine - INFO - paramwise_options -- backbone.network.4.0.convffn.fc1.bias:decay_mult=1.0
2025/02/27 12:01:26 - mmengine - INFO - paramwise_options -- backbone.network.4.0.convffn.fc2.weight:lr=1e-05
2025/02/27 12:01:26 - mmengine - INFO - paramwise_options -- backbone.network.4.0.convffn.fc2.weight:weight_decay=0.05
2025/02/27 12:01:26 - mmengine - INFO - paramwise_options -- backbone.network.4.0.convffn.fc2.weight:lr_mult=0.1
2025/02/27 12:01:26 - mmengine - INFO - paramwise_options -- backbone.network.4.0.convffn.fc2.weight:decay_mult=1.0
2025/02/27 12:01:26 - mmengine - INFO - paramwise_options -- backbone.network.4.0.convffn.fc2.bias:lr=1e-05
2025/02/27 12:01:26 - mmengine - INFO - paramwise_options -- backbone.network.4.0.convffn.fc2.bias:weight_decay=0.05
2025/02/27 12:01:26 - mmengine - INFO - paramwise_options -- backbone.network.4.0.convffn.fc2.bias:lr_mult=0.1
2025/02/27 12:01:26 - mmengine - INFO - paramwise_options -- backbone.network.4.0.convffn.fc2.bias:decay_mult=1.0
2025/02/27 12:01:26 - mmengine - INFO - paramwise_options -- backbone.network.4.1.layer_scale:lr=1e-05
2025/02/27 12:01:26 - mmengine - INFO - paramwise_options -- backbone.network.4.1.layer_scale:weight_decay=0.05
2025/02/27 12:01:26 - mmengine - INFO - paramwise_options -- backbone.network.4.1.layer_scale:lr_mult=0.1
2025/02/27 12:01:26 - mmengine - INFO - paramwise_options -- backbone.network.4.1.layer_scale:decay_mult=1.0
2025/02/27 12:01:26 - mmengine - INFO - paramwise_options -- backbone.network.4.1.token_mixer.layer_scale:lr=1e-05
2025/02/27 12:01:26 - mmengine - INFO - paramwise_options -- backbone.network.4.1.token_mixer.layer_scale:weight_decay=0.05
2025/02/27 12:01:26 - mmengine - INFO - paramwise_options -- backbone.network.4.1.token_mixer.layer_scale:lr_mult=0.1
2025/02/27 12:01:26 - mmengine - INFO - paramwise_options -- backbone.network.4.1.token_mixer.layer_scale:decay_mult=1.0
2025/02/27 12:01:26 - mmengine - INFO - paramwise_options -- backbone.network.4.1.token_mixer.norm.rbr_skip.weight:lr=1e-05
2025/02/27 12:01:26 - mmengine - INFO - paramwise_options -- backbone.network.4.1.token_mixer.norm.rbr_skip.weight:weight_decay=0.05
2025/02/27 12:01:26 - mmengine - INFO - paramwise_options -- backbone.network.4.1.token_mixer.norm.rbr_skip.weight:lr_mult=0.1
2025/02/27 12:01:26 - mmengine - INFO - paramwise_options -- backbone.network.4.1.token_mixer.norm.rbr_skip.weight:decay_mult=1.0
2025/02/27 12:01:26 - mmengine - INFO - paramwise_options -- backbone.network.4.1.token_mixer.norm.rbr_skip.bias:lr=1e-05
2025/02/27 12:01:26 - mmengine - INFO - paramwise_options -- backbone.network.4.1.token_mixer.norm.rbr_skip.bias:weight_decay=0.05
2025/02/27 12:01:26 - mmengine - INFO - paramwise_options -- backbone.network.4.1.token_mixer.norm.rbr_skip.bias:lr_mult=0.1
2025/02/27 12:01:26 - mmengine - INFO - paramwise_options -- backbone.network.4.1.token_mixer.norm.rbr_skip.bias:decay_mult=1.0
2025/02/27 12:01:26 - mmengine - INFO - paramwise_options -- backbone.network.4.1.token_mixer.mixer.rbr_skip.weight:lr=1e-05
2025/02/27 12:01:26 - mmengine - INFO - paramwise_options -- backbone.network.4.1.token_mixer.mixer.rbr_skip.weight:weight_decay=0.05
2025/02/27 12:01:26 - mmengine - INFO - paramwise_options -- backbone.network.4.1.token_mixer.mixer.rbr_skip.weight:lr_mult=0.1
2025/02/27 12:01:26 - mmengine - INFO - paramwise_options -- backbone.network.4.1.token_mixer.mixer.rbr_skip.weight:decay_mult=1.0
2025/02/27 12:01:26 - mmengine - INFO - paramwise_options -- backbone.network.4.1.token_mixer.mixer.rbr_skip.bias:lr=1e-05
2025/02/27 12:01:26 - mmengine - INFO - paramwise_options -- backbone.network.4.1.token_mixer.mixer.rbr_skip.bias:weight_decay=0.05
2025/02/27 12:01:26 - mmengine - INFO - paramwise_options -- backbone.network.4.1.token_mixer.mixer.rbr_skip.bias:lr_mult=0.1
2025/02/27 12:01:26 - mmengine - INFO - paramwise_options -- backbone.network.4.1.token_mixer.mixer.rbr_skip.bias:decay_mult=1.0
2025/02/27 12:01:26 - mmengine - INFO - paramwise_options -- backbone.network.4.1.token_mixer.mixer.rbr_conv.0.conv.weight:lr=1e-05
2025/02/27 12:01:26 - mmengine - INFO - paramwise_options -- backbone.network.4.1.token_mixer.mixer.rbr_conv.0.conv.weight:weight_decay=0.05
2025/02/27 12:01:26 - mmengine - INFO - paramwise_options -- backbone.network.4.1.token_mixer.mixer.rbr_conv.0.conv.weight:lr_mult=0.1
2025/02/27 12:01:26 - mmengine - INFO - paramwise_options -- backbone.network.4.1.token_mixer.mixer.rbr_conv.0.conv.weight:decay_mult=1.0
2025/02/27 12:01:26 - mmengine - INFO - paramwise_options -- backbone.network.4.1.token_mixer.mixer.rbr_conv.0.bn.weight:lr=1e-05
2025/02/27 12:01:26 - mmengine - INFO - paramwise_options -- backbone.network.4.1.token_mixer.mixer.rbr_conv.0.bn.weight:weight_decay=0.05
2025/02/27 12:01:26 - mmengine - INFO - paramwise_options -- backbone.network.4.1.token_mixer.mixer.rbr_conv.0.bn.weight:lr_mult=0.1
2025/02/27 12:01:26 - mmengine - INFO - paramwise_options -- backbone.network.4.1.token_mixer.mixer.rbr_conv.0.bn.weight:decay_mult=1.0
2025/02/27 12:01:26 - mmengine - INFO - paramwise_options -- backbone.network.4.1.token_mixer.mixer.rbr_conv.0.bn.bias:lr=1e-05
2025/02/27 12:01:26 - mmengine - INFO - paramwise_options -- backbone.network.4.1.token_mixer.mixer.rbr_conv.0.bn.bias:weight_decay=0.05
2025/02/27 12:01:26 - mmengine - INFO - paramwise_options -- backbone.network.4.1.token_mixer.mixer.rbr_conv.0.bn.bias:lr_mult=0.1
2025/02/27 12:01:26 - mmengine - INFO - paramwise_options -- backbone.network.4.1.token_mixer.mixer.rbr_conv.0.bn.bias:decay_mult=1.0
2025/02/27 12:01:26 - mmengine - INFO - paramwise_options -- backbone.network.4.1.token_mixer.mixer.rbr_scale.conv.weight:lr=1e-05
2025/02/27 12:01:26 - mmengine - INFO - paramwise_options -- backbone.network.4.1.token_mixer.mixer.rbr_scale.conv.weight:weight_decay=0.05
2025/02/27 12:01:26 - mmengine - INFO - paramwise_options -- backbone.network.4.1.token_mixer.mixer.rbr_scale.conv.weight:lr_mult=0.1
2025/02/27 12:01:26 - mmengine - INFO - paramwise_options -- backbone.network.4.1.token_mixer.mixer.rbr_scale.conv.weight:decay_mult=1.0
2025/02/27 12:01:26 - mmengine - INFO - paramwise_options -- backbone.network.4.1.token_mixer.mixer.rbr_scale.bn.weight:lr=1e-05
2025/02/27 12:01:26 - mmengine - INFO - paramwise_options -- backbone.network.4.1.token_mixer.mixer.rbr_scale.bn.weight:weight_decay=0.05
2025/02/27 12:01:26 - mmengine - INFO - paramwise_options -- backbone.network.4.1.token_mixer.mixer.rbr_scale.bn.weight:lr_mult=0.1
2025/02/27 12:01:26 - mmengine - INFO - paramwise_options -- backbone.network.4.1.token_mixer.mixer.rbr_scale.bn.weight:decay_mult=1.0
2025/02/27 12:01:26 - mmengine - INFO - paramwise_options -- backbone.network.4.1.token_mixer.mixer.rbr_scale.bn.bias:lr=1e-05
2025/02/27 12:01:26 - mmengine - INFO - paramwise_options -- backbone.network.4.1.token_mixer.mixer.rbr_scale.bn.bias:weight_decay=0.05
2025/02/27 12:01:26 - mmengine - INFO - paramwise_options -- backbone.network.4.1.token_mixer.mixer.rbr_scale.bn.bias:lr_mult=0.1
2025/02/27 12:01:26 - mmengine - INFO - paramwise_options -- backbone.network.4.1.token_mixer.mixer.rbr_scale.bn.bias:decay_mult=1.0
2025/02/27 12:01:26 - mmengine - INFO - paramwise_options -- backbone.network.4.1.convffn.conv.conv.weight:lr=1e-05
2025/02/27 12:01:26 - mmengine - INFO - paramwise_options -- backbone.network.4.1.convffn.conv.conv.weight:weight_decay=0.05
2025/02/27 12:01:26 - mmengine - INFO - paramwise_options -- backbone.network.4.1.convffn.conv.conv.weight:lr_mult=0.1
2025/02/27 12:01:26 - mmengine - INFO - paramwise_options -- backbone.network.4.1.convffn.conv.conv.weight:decay_mult=1.0
2025/02/27 12:01:26 - mmengine - INFO - paramwise_options -- backbone.network.4.1.convffn.conv.bn.weight:lr=1e-05
2025/02/27 12:01:26 - mmengine - INFO - paramwise_options -- backbone.network.4.1.convffn.conv.bn.weight:weight_decay=0.05
2025/02/27 12:01:26 - mmengine - INFO - paramwise_options -- backbone.network.4.1.convffn.conv.bn.weight:lr_mult=0.1
2025/02/27 12:01:26 - mmengine - INFO - paramwise_options -- backbone.network.4.1.convffn.conv.bn.weight:decay_mult=1.0
2025/02/27 12:01:26 - mmengine - INFO - paramwise_options -- backbone.network.4.1.convffn.conv.bn.bias:lr=1e-05
2025/02/27 12:01:26 - mmengine - INFO - paramwise_options -- backbone.network.4.1.convffn.conv.bn.bias:weight_decay=0.05
2025/02/27 12:01:26 - mmengine - INFO - paramwise_options -- backbone.network.4.1.convffn.conv.bn.bias:lr_mult=0.1
2025/02/27 12:01:26 - mmengine - INFO - paramwise_options -- backbone.network.4.1.convffn.conv.bn.bias:decay_mult=1.0
2025/02/27 12:01:26 - mmengine - INFO - paramwise_options -- backbone.network.4.1.convffn.fc1.weight:lr=1e-05
2025/02/27 12:01:26 - mmengine - INFO - paramwise_options -- backbone.network.4.1.convffn.fc1.weight:weight_decay=0.05
2025/02/27 12:01:26 - mmengine - INFO - paramwise_options -- backbone.network.4.1.convffn.fc1.weight:lr_mult=0.1
2025/02/27 12:01:26 - mmengine - INFO - paramwise_options -- backbone.network.4.1.convffn.fc1.weight:decay_mult=1.0
2025/02/27 12:01:26 - mmengine - INFO - paramwise_options -- backbone.network.4.1.convffn.fc1.bias:lr=1e-05
2025/02/27 12:01:26 - mmengine - INFO - paramwise_options -- backbone.network.4.1.convffn.fc1.bias:weight_decay=0.05
2025/02/27 12:01:26 - mmengine - INFO - paramwise_options -- backbone.network.4.1.convffn.fc1.bias:lr_mult=0.1
2025/02/27 12:01:26 - mmengine - INFO - paramwise_options -- backbone.network.4.1.convffn.fc1.bias:decay_mult=1.0
2025/02/27 12:01:26 - mmengine - INFO - paramwise_options -- backbone.network.4.1.convffn.fc2.weight:lr=1e-05
2025/02/27 12:01:26 - mmengine - INFO - paramwise_options -- backbone.network.4.1.convffn.fc2.weight:weight_decay=0.05
2025/02/27 12:01:26 - mmengine - INFO - paramwise_options -- backbone.network.4.1.convffn.fc2.weight:lr_mult=0.1
2025/02/27 12:01:26 - mmengine - INFO - paramwise_options -- backbone.network.4.1.convffn.fc2.weight:decay_mult=1.0
2025/02/27 12:01:26 - mmengine - INFO - paramwise_options -- backbone.network.4.1.convffn.fc2.bias:lr=1e-05
2025/02/27 12:01:26 - mmengine - INFO - paramwise_options -- backbone.network.4.1.convffn.fc2.bias:weight_decay=0.05
2025/02/27 12:01:26 - mmengine - INFO - paramwise_options -- backbone.network.4.1.convffn.fc2.bias:lr_mult=0.1
2025/02/27 12:01:26 - mmengine - INFO - paramwise_options -- backbone.network.4.1.convffn.fc2.bias:decay_mult=1.0
2025/02/27 12:01:26 - mmengine - INFO - paramwise_options -- backbone.network.4.2.layer_scale:lr=1e-05
2025/02/27 12:01:26 - mmengine - INFO - paramwise_options -- backbone.network.4.2.layer_scale:weight_decay=0.05
2025/02/27 12:01:26 - mmengine - INFO - paramwise_options -- backbone.network.4.2.layer_scale:lr_mult=0.1
2025/02/27 12:01:26 - mmengine - INFO - paramwise_options -- backbone.network.4.2.layer_scale:decay_mult=1.0
2025/02/27 12:01:26 - mmengine - INFO - paramwise_options -- backbone.network.4.2.token_mixer.layer_scale:lr=1e-05
2025/02/27 12:01:26 - mmengine - INFO - paramwise_options -- backbone.network.4.2.token_mixer.layer_scale:weight_decay=0.05
2025/02/27 12:01:26 - mmengine - INFO - paramwise_options -- backbone.network.4.2.token_mixer.layer_scale:lr_mult=0.1
2025/02/27 12:01:26 - mmengine - INFO - paramwise_options -- backbone.network.4.2.token_mixer.layer_scale:decay_mult=1.0
2025/02/27 12:01:26 - mmengine - INFO - paramwise_options -- backbone.network.4.2.token_mixer.norm.rbr_skip.weight:lr=1e-05
2025/02/27 12:01:26 - mmengine - INFO - paramwise_options -- backbone.network.4.2.token_mixer.norm.rbr_skip.weight:weight_decay=0.05
2025/02/27 12:01:26 - mmengine - INFO - paramwise_options -- backbone.network.4.2.token_mixer.norm.rbr_skip.weight:lr_mult=0.1
2025/02/27 12:01:26 - mmengine - INFO - paramwise_options -- backbone.network.4.2.token_mixer.norm.rbr_skip.weight:decay_mult=1.0
2025/02/27 12:01:26 - mmengine - INFO - paramwise_options -- backbone.network.4.2.token_mixer.norm.rbr_skip.bias:lr=1e-05
2025/02/27 12:01:26 - mmengine - INFO - paramwise_options -- backbone.network.4.2.token_mixer.norm.rbr_skip.bias:weight_decay=0.05
2025/02/27 12:01:26 - mmengine - INFO - paramwise_options -- backbone.network.4.2.token_mixer.norm.rbr_skip.bias:lr_mult=0.1
2025/02/27 12:01:26 - mmengine - INFO - paramwise_options -- backbone.network.4.2.token_mixer.norm.rbr_skip.bias:decay_mult=1.0
2025/02/27 12:01:26 - mmengine - INFO - paramwise_options -- backbone.network.4.2.token_mixer.mixer.rbr_skip.weight:lr=1e-05
2025/02/27 12:01:26 - mmengine - INFO - paramwise_options -- backbone.network.4.2.token_mixer.mixer.rbr_skip.weight:weight_decay=0.05
2025/02/27 12:01:26 - mmengine - INFO - paramwise_options -- backbone.network.4.2.token_mixer.mixer.rbr_skip.weight:lr_mult=0.1
2025/02/27 12:01:26 - mmengine - INFO - paramwise_options -- backbone.network.4.2.token_mixer.mixer.rbr_skip.weight:decay_mult=1.0
2025/02/27 12:01:26 - mmengine - INFO - paramwise_options -- backbone.network.4.2.token_mixer.mixer.rbr_skip.bias:lr=1e-05
2025/02/27 12:01:26 - mmengine - INFO - paramwise_options -- backbone.network.4.2.token_mixer.mixer.rbr_skip.bias:weight_decay=0.05
2025/02/27 12:01:26 - mmengine - INFO - paramwise_options -- backbone.network.4.2.token_mixer.mixer.rbr_skip.bias:lr_mult=0.1
2025/02/27 12:01:26 - mmengine - INFO - paramwise_options -- backbone.network.4.2.token_mixer.mixer.rbr_skip.bias:decay_mult=1.0
2025/02/27 12:01:26 - mmengine - INFO - paramwise_options -- backbone.network.4.2.token_mixer.mixer.rbr_conv.0.conv.weight:lr=1e-05
2025/02/27 12:01:26 - mmengine - INFO - paramwise_options -- backbone.network.4.2.token_mixer.mixer.rbr_conv.0.conv.weight:weight_decay=0.05
2025/02/27 12:01:26 - mmengine - INFO - paramwise_options -- backbone.network.4.2.token_mixer.mixer.rbr_conv.0.conv.weight:lr_mult=0.1
2025/02/27 12:01:26 - mmengine - INFO - paramwise_options -- backbone.network.4.2.token_mixer.mixer.rbr_conv.0.conv.weight:decay_mult=1.0
2025/02/27 12:01:26 - mmengine - INFO - paramwise_options -- backbone.network.4.2.token_mixer.mixer.rbr_conv.0.bn.weight:lr=1e-05
2025/02/27 12:01:26 - mmengine - INFO - paramwise_options -- backbone.network.4.2.token_mixer.mixer.rbr_conv.0.bn.weight:weight_decay=0.05
2025/02/27 12:01:26 - mmengine - INFO - paramwise_options -- backbone.network.4.2.token_mixer.mixer.rbr_conv.0.bn.weight:lr_mult=0.1
2025/02/27 12:01:26 - mmengine - INFO - paramwise_options -- backbone.network.4.2.token_mixer.mixer.rbr_conv.0.bn.weight:decay_mult=1.0
2025/02/27 12:01:26 - mmengine - INFO - paramwise_options -- backbone.network.4.2.token_mixer.mixer.rbr_conv.0.bn.bias:lr=1e-05
2025/02/27 12:01:26 - mmengine - INFO - paramwise_options -- backbone.network.4.2.token_mixer.mixer.rbr_conv.0.bn.bias:weight_decay=0.05
2025/02/27 12:01:26 - mmengine - INFO - paramwise_options -- backbone.network.4.2.token_mixer.mixer.rbr_conv.0.bn.bias:lr_mult=0.1
2025/02/27 12:01:26 - mmengine - INFO - paramwise_options -- backbone.network.4.2.token_mixer.mixer.rbr_conv.0.bn.bias:decay_mult=1.0
2025/02/27 12:01:26 - mmengine - INFO - paramwise_options -- backbone.network.4.2.token_mixer.mixer.rbr_scale.conv.weight:lr=1e-05
2025/02/27 12:01:26 - mmengine - INFO - paramwise_options -- backbone.network.4.2.token_mixer.mixer.rbr_scale.conv.weight:weight_decay=0.05
2025/02/27 12:01:26 - mmengine - INFO - paramwise_options -- backbone.network.4.2.token_mixer.mixer.rbr_scale.conv.weight:lr_mult=0.1
2025/02/27 12:01:26 - mmengine - INFO - paramwise_options -- backbone.network.4.2.token_mixer.mixer.rbr_scale.conv.weight:decay_mult=1.0
2025/02/27 12:01:26 - mmengine - INFO - paramwise_options -- backbone.network.4.2.token_mixer.mixer.rbr_scale.bn.weight:lr=1e-05
2025/02/27 12:01:26 - mmengine - INFO - paramwise_options -- backbone.network.4.2.token_mixer.mixer.rbr_scale.bn.weight:weight_decay=0.05
2025/02/27 12:01:26 - mmengine - INFO - paramwise_options -- backbone.network.4.2.token_mixer.mixer.rbr_scale.bn.weight:lr_mult=0.1
2025/02/27 12:01:26 - mmengine - INFO - paramwise_options -- backbone.network.4.2.token_mixer.mixer.rbr_scale.bn.weight:decay_mult=1.0
2025/02/27 12:01:26 - mmengine - INFO - paramwise_options -- backbone.network.4.2.token_mixer.mixer.rbr_scale.bn.bias:lr=1e-05
2025/02/27 12:01:26 - mmengine - INFO - paramwise_options -- backbone.network.4.2.token_mixer.mixer.rbr_scale.bn.bias:weight_decay=0.05
2025/02/27 12:01:26 - mmengine - INFO - paramwise_options -- backbone.network.4.2.token_mixer.mixer.rbr_scale.bn.bias:lr_mult=0.1
2025/02/27 12:01:26 - mmengine - INFO - paramwise_options -- backbone.network.4.2.token_mixer.mixer.rbr_scale.bn.bias:decay_mult=1.0
2025/02/27 12:01:26 - mmengine - INFO - paramwise_options -- backbone.network.4.2.convffn.conv.conv.weight:lr=1e-05
2025/02/27 12:01:26 - mmengine - INFO - paramwise_options -- backbone.network.4.2.convffn.conv.conv.weight:weight_decay=0.05
2025/02/27 12:01:26 - mmengine - INFO - paramwise_options -- backbone.network.4.2.convffn.conv.conv.weight:lr_mult=0.1
2025/02/27 12:01:26 - mmengine - INFO - paramwise_options -- backbone.network.4.2.convffn.conv.conv.weight:decay_mult=1.0
2025/02/27 12:01:26 - mmengine - INFO - paramwise_options -- backbone.network.4.2.convffn.conv.bn.weight:lr=1e-05
2025/02/27 12:01:26 - mmengine - INFO - paramwise_options -- backbone.network.4.2.convffn.conv.bn.weight:weight_decay=0.05
2025/02/27 12:01:26 - mmengine - INFO - paramwise_options -- backbone.network.4.2.convffn.conv.bn.weight:lr_mult=0.1
2025/02/27 12:01:26 - mmengine - INFO - paramwise_options -- backbone.network.4.2.convffn.conv.bn.weight:decay_mult=1.0
2025/02/27 12:01:26 - mmengine - INFO - paramwise_options -- backbone.network.4.2.convffn.conv.bn.bias:lr=1e-05
2025/02/27 12:01:26 - mmengine - INFO - paramwise_options -- backbone.network.4.2.convffn.conv.bn.bias:weight_decay=0.05
2025/02/27 12:01:26 - mmengine - INFO - paramwise_options -- backbone.network.4.2.convffn.conv.bn.bias:lr_mult=0.1
2025/02/27 12:01:26 - mmengine - INFO - paramwise_options -- backbone.network.4.2.convffn.conv.bn.bias:decay_mult=1.0
2025/02/27 12:01:26 - mmengine - INFO - paramwise_options -- backbone.network.4.2.convffn.fc1.weight:lr=1e-05
2025/02/27 12:01:26 - mmengine - INFO - paramwise_options -- backbone.network.4.2.convffn.fc1.weight:weight_decay=0.05
2025/02/27 12:01:26 - mmengine - INFO - paramwise_options -- backbone.network.4.2.convffn.fc1.weight:lr_mult=0.1
2025/02/27 12:01:26 - mmengine - INFO - paramwise_options -- backbone.network.4.2.convffn.fc1.weight:decay_mult=1.0
2025/02/27 12:01:26 - mmengine - INFO - paramwise_options -- backbone.network.4.2.convffn.fc1.bias:lr=1e-05
2025/02/27 12:01:26 - mmengine - INFO - paramwise_options -- backbone.network.4.2.convffn.fc1.bias:weight_decay=0.05
2025/02/27 12:01:26 - mmengine - INFO - paramwise_options -- backbone.network.4.2.convffn.fc1.bias:lr_mult=0.1
2025/02/27 12:01:26 - mmengine - INFO - paramwise_options -- backbone.network.4.2.convffn.fc1.bias:decay_mult=1.0
2025/02/27 12:01:26 - mmengine - INFO - paramwise_options -- backbone.network.4.2.convffn.fc2.weight:lr=1e-05
2025/02/27 12:01:26 - mmengine - INFO - paramwise_options -- backbone.network.4.2.convffn.fc2.weight:weight_decay=0.05
2025/02/27 12:01:26 - mmengine - INFO - paramwise_options -- backbone.network.4.2.convffn.fc2.weight:lr_mult=0.1
2025/02/27 12:01:26 - mmengine - INFO - paramwise_options -- backbone.network.4.2.convffn.fc2.weight:decay_mult=1.0
2025/02/27 12:01:26 - mmengine - INFO - paramwise_options -- backbone.network.4.2.convffn.fc2.bias:lr=1e-05
2025/02/27 12:01:26 - mmengine - INFO - paramwise_options -- backbone.network.4.2.convffn.fc2.bias:weight_decay=0.05
2025/02/27 12:01:26 - mmengine - INFO - paramwise_options -- backbone.network.4.2.convffn.fc2.bias:lr_mult=0.1
2025/02/27 12:01:26 - mmengine - INFO - paramwise_options -- backbone.network.4.2.convffn.fc2.bias:decay_mult=1.0
2025/02/27 12:01:26 - mmengine - INFO - paramwise_options -- backbone.network.4.3.layer_scale:lr=1e-05
2025/02/27 12:01:26 - mmengine - INFO - paramwise_options -- backbone.network.4.3.layer_scale:weight_decay=0.05
2025/02/27 12:01:26 - mmengine - INFO - paramwise_options -- backbone.network.4.3.layer_scale:lr_mult=0.1
2025/02/27 12:01:26 - mmengine - INFO - paramwise_options -- backbone.network.4.3.layer_scale:decay_mult=1.0
2025/02/27 12:01:26 - mmengine - INFO - paramwise_options -- backbone.network.4.3.token_mixer.layer_scale:lr=1e-05
2025/02/27 12:01:26 - mmengine - INFO - paramwise_options -- backbone.network.4.3.token_mixer.layer_scale:weight_decay=0.05
2025/02/27 12:01:26 - mmengine - INFO - paramwise_options -- backbone.network.4.3.token_mixer.layer_scale:lr_mult=0.1
2025/02/27 12:01:26 - mmengine - INFO - paramwise_options -- backbone.network.4.3.token_mixer.layer_scale:decay_mult=1.0
2025/02/27 12:01:26 - mmengine - INFO - paramwise_options -- backbone.network.4.3.token_mixer.norm.rbr_skip.weight:lr=1e-05
2025/02/27 12:01:26 - mmengine - INFO - paramwise_options -- backbone.network.4.3.token_mixer.norm.rbr_skip.weight:weight_decay=0.05
2025/02/27 12:01:26 - mmengine - INFO - paramwise_options -- backbone.network.4.3.token_mixer.norm.rbr_skip.weight:lr_mult=0.1
2025/02/27 12:01:26 - mmengine - INFO - paramwise_options -- backbone.network.4.3.token_mixer.norm.rbr_skip.weight:decay_mult=1.0
2025/02/27 12:01:26 - mmengine - INFO - paramwise_options -- backbone.network.4.3.token_mixer.norm.rbr_skip.bias:lr=1e-05
2025/02/27 12:01:26 - mmengine - INFO - paramwise_options -- backbone.network.4.3.token_mixer.norm.rbr_skip.bias:weight_decay=0.05
2025/02/27 12:01:26 - mmengine - INFO - paramwise_options -- backbone.network.4.3.token_mixer.norm.rbr_skip.bias:lr_mult=0.1
2025/02/27 12:01:26 - mmengine - INFO - paramwise_options -- backbone.network.4.3.token_mixer.norm.rbr_skip.bias:decay_mult=1.0
2025/02/27 12:01:26 - mmengine - INFO - paramwise_options -- backbone.network.4.3.token_mixer.mixer.rbr_skip.weight:lr=1e-05
2025/02/27 12:01:26 - mmengine - INFO - paramwise_options -- backbone.network.4.3.token_mixer.mixer.rbr_skip.weight:weight_decay=0.05
2025/02/27 12:01:26 - mmengine - INFO - paramwise_options -- backbone.network.4.3.token_mixer.mixer.rbr_skip.weight:lr_mult=0.1
2025/02/27 12:01:26 - mmengine - INFO - paramwise_options -- backbone.network.4.3.token_mixer.mixer.rbr_skip.weight:decay_mult=1.0
2025/02/27 12:01:26 - mmengine - INFO - paramwise_options -- backbone.network.4.3.token_mixer.mixer.rbr_skip.bias:lr=1e-05
2025/02/27 12:01:26 - mmengine - INFO - paramwise_options -- backbone.network.4.3.token_mixer.mixer.rbr_skip.bias:weight_decay=0.05
2025/02/27 12:01:26 - mmengine - INFO - paramwise_options -- backbone.network.4.3.token_mixer.mixer.rbr_skip.bias:lr_mult=0.1
2025/02/27 12:01:26 - mmengine - INFO - paramwise_options -- backbone.network.4.3.token_mixer.mixer.rbr_skip.bias:decay_mult=1.0
2025/02/27 12:01:26 - mmengine - INFO - paramwise_options -- backbone.network.4.3.token_mixer.mixer.rbr_conv.0.conv.weight:lr=1e-05
2025/02/27 12:01:26 - mmengine - INFO - paramwise_options -- backbone.network.4.3.token_mixer.mixer.rbr_conv.0.conv.weight:weight_decay=0.05
2025/02/27 12:01:26 - mmengine - INFO - paramwise_options -- backbone.network.4.3.token_mixer.mixer.rbr_conv.0.conv.weight:lr_mult=0.1
2025/02/27 12:01:26 - mmengine - INFO - paramwise_options -- backbone.network.4.3.token_mixer.mixer.rbr_conv.0.conv.weight:decay_mult=1.0
2025/02/27 12:01:26 - mmengine - INFO - paramwise_options -- backbone.network.4.3.token_mixer.mixer.rbr_conv.0.bn.weight:lr=1e-05
2025/02/27 12:01:26 - mmengine - INFO - paramwise_options -- backbone.network.4.3.token_mixer.mixer.rbr_conv.0.bn.weight:weight_decay=0.05
2025/02/27 12:01:26 - mmengine - INFO - paramwise_options -- backbone.network.4.3.token_mixer.mixer.rbr_conv.0.bn.weight:lr_mult=0.1
2025/02/27 12:01:26 - mmengine - INFO - paramwise_options -- backbone.network.4.3.token_mixer.mixer.rbr_conv.0.bn.weight:decay_mult=1.0
2025/02/27 12:01:26 - mmengine - INFO - paramwise_options -- backbone.network.4.3.token_mixer.mixer.rbr_conv.0.bn.bias:lr=1e-05
2025/02/27 12:01:26 - mmengine - INFO - paramwise_options -- backbone.network.4.3.token_mixer.mixer.rbr_conv.0.bn.bias:weight_decay=0.05
2025/02/27 12:01:26 - mmengine - INFO - paramwise_options -- backbone.network.4.3.token_mixer.mixer.rbr_conv.0.bn.bias:lr_mult=0.1
2025/02/27 12:01:26 - mmengine - INFO - paramwise_options -- backbone.network.4.3.token_mixer.mixer.rbr_conv.0.bn.bias:decay_mult=1.0
2025/02/27 12:01:26 - mmengine - INFO - paramwise_options -- backbone.network.4.3.token_mixer.mixer.rbr_scale.conv.weight:lr=1e-05
2025/02/27 12:01:26 - mmengine - INFO - paramwise_options -- backbone.network.4.3.token_mixer.mixer.rbr_scale.conv.weight:weight_decay=0.05
2025/02/27 12:01:26 - mmengine - INFO - paramwise_options -- backbone.network.4.3.token_mixer.mixer.rbr_scale.conv.weight:lr_mult=0.1
2025/02/27 12:01:26 - mmengine - INFO - paramwise_options -- backbone.network.4.3.token_mixer.mixer.rbr_scale.conv.weight:decay_mult=1.0
2025/02/27 12:01:26 - mmengine - INFO - paramwise_options -- backbone.network.4.3.token_mixer.mixer.rbr_scale.bn.weight:lr=1e-05
2025/02/27 12:01:26 - mmengine - INFO - paramwise_options -- backbone.network.4.3.token_mixer.mixer.rbr_scale.bn.weight:weight_decay=0.05
2025/02/27 12:01:26 - mmengine - INFO - paramwise_options -- backbone.network.4.3.token_mixer.mixer.rbr_scale.bn.weight:lr_mult=0.1
2025/02/27 12:01:26 - mmengine - INFO - paramwise_options -- backbone.network.4.3.token_mixer.mixer.rbr_scale.bn.weight:decay_mult=1.0
2025/02/27 12:01:26 - mmengine - INFO - paramwise_options -- backbone.network.4.3.token_mixer.mixer.rbr_scale.bn.bias:lr=1e-05
2025/02/27 12:01:26 - mmengine - INFO - paramwise_options -- backbone.network.4.3.token_mixer.mixer.rbr_scale.bn.bias:weight_decay=0.05
2025/02/27 12:01:26 - mmengine - INFO - paramwise_options -- backbone.network.4.3.token_mixer.mixer.rbr_scale.bn.bias:lr_mult=0.1
2025/02/27 12:01:26 - mmengine - INFO - paramwise_options -- backbone.network.4.3.token_mixer.mixer.rbr_scale.bn.bias:decay_mult=1.0
2025/02/27 12:01:26 - mmengine - INFO - paramwise_options -- backbone.network.4.3.convffn.conv.conv.weight:lr=1e-05
2025/02/27 12:01:26 - mmengine - INFO - paramwise_options -- backbone.network.4.3.convffn.conv.conv.weight:weight_decay=0.05
2025/02/27 12:01:26 - mmengine - INFO - paramwise_options -- backbone.network.4.3.convffn.conv.conv.weight:lr_mult=0.1
2025/02/27 12:01:26 - mmengine - INFO - paramwise_options -- backbone.network.4.3.convffn.conv.conv.weight:decay_mult=1.0
2025/02/27 12:01:26 - mmengine - INFO - paramwise_options -- backbone.network.4.3.convffn.conv.bn.weight:lr=1e-05
2025/02/27 12:01:26 - mmengine - INFO - paramwise_options -- backbone.network.4.3.convffn.conv.bn.weight:weight_decay=0.05
2025/02/27 12:01:26 - mmengine - INFO - paramwise_options -- backbone.network.4.3.convffn.conv.bn.weight:lr_mult=0.1
2025/02/27 12:01:26 - mmengine - INFO - paramwise_options -- backbone.network.4.3.convffn.conv.bn.weight:decay_mult=1.0
2025/02/27 12:01:26 - mmengine - INFO - paramwise_options -- backbone.network.4.3.convffn.conv.bn.bias:lr=1e-05
2025/02/27 12:01:26 - mmengine - INFO - paramwise_options -- backbone.network.4.3.convffn.conv.bn.bias:weight_decay=0.05
2025/02/27 12:01:26 - mmengine - INFO - paramwise_options -- backbone.network.4.3.convffn.conv.bn.bias:lr_mult=0.1
2025/02/27 12:01:26 - mmengine - INFO - paramwise_options -- backbone.network.4.3.convffn.conv.bn.bias:decay_mult=1.0
2025/02/27 12:01:26 - mmengine - INFO - paramwise_options -- backbone.network.4.3.convffn.fc1.weight:lr=1e-05
2025/02/27 12:01:26 - mmengine - INFO - paramwise_options -- backbone.network.4.3.convffn.fc1.weight:weight_decay=0.05
2025/02/27 12:01:26 - mmengine - INFO - paramwise_options -- backbone.network.4.3.convffn.fc1.weight:lr_mult=0.1
2025/02/27 12:01:26 - mmengine - INFO - paramwise_options -- backbone.network.4.3.convffn.fc1.weight:decay_mult=1.0
2025/02/27 12:01:26 - mmengine - INFO - paramwise_options -- backbone.network.4.3.convffn.fc1.bias:lr=1e-05
2025/02/27 12:01:26 - mmengine - INFO - paramwise_options -- backbone.network.4.3.convffn.fc1.bias:weight_decay=0.05
2025/02/27 12:01:26 - mmengine - INFO - paramwise_options -- backbone.network.4.3.convffn.fc1.bias:lr_mult=0.1
2025/02/27 12:01:26 - mmengine - INFO - paramwise_options -- backbone.network.4.3.convffn.fc1.bias:decay_mult=1.0
2025/02/27 12:01:26 - mmengine - INFO - paramwise_options -- backbone.network.4.3.convffn.fc2.weight:lr=1e-05
2025/02/27 12:01:26 - mmengine - INFO - paramwise_options -- backbone.network.4.3.convffn.fc2.weight:weight_decay=0.05
2025/02/27 12:01:26 - mmengine - INFO - paramwise_options -- backbone.network.4.3.convffn.fc2.weight:lr_mult=0.1
2025/02/27 12:01:26 - mmengine - INFO - paramwise_options -- backbone.network.4.3.convffn.fc2.weight:decay_mult=1.0
2025/02/27 12:01:26 - mmengine - INFO - paramwise_options -- backbone.network.4.3.convffn.fc2.bias:lr=1e-05
2025/02/27 12:01:26 - mmengine - INFO - paramwise_options -- backbone.network.4.3.convffn.fc2.bias:weight_decay=0.05
2025/02/27 12:01:26 - mmengine - INFO - paramwise_options -- backbone.network.4.3.convffn.fc2.bias:lr_mult=0.1
2025/02/27 12:01:26 - mmengine - INFO - paramwise_options -- backbone.network.4.3.convffn.fc2.bias:decay_mult=1.0
2025/02/27 12:01:26 - mmengine - INFO - paramwise_options -- backbone.network.4.4.layer_scale:lr=1e-05
2025/02/27 12:01:26 - mmengine - INFO - paramwise_options -- backbone.network.4.4.layer_scale:weight_decay=0.05
2025/02/27 12:01:26 - mmengine - INFO - paramwise_options -- backbone.network.4.4.layer_scale:lr_mult=0.1
2025/02/27 12:01:26 - mmengine - INFO - paramwise_options -- backbone.network.4.4.layer_scale:decay_mult=1.0
2025/02/27 12:01:26 - mmengine - INFO - paramwise_options -- backbone.network.4.4.token_mixer.layer_scale:lr=1e-05
2025/02/27 12:01:26 - mmengine - INFO - paramwise_options -- backbone.network.4.4.token_mixer.layer_scale:weight_decay=0.05
2025/02/27 12:01:26 - mmengine - INFO - paramwise_options -- backbone.network.4.4.token_mixer.layer_scale:lr_mult=0.1
2025/02/27 12:01:26 - mmengine - INFO - paramwise_options -- backbone.network.4.4.token_mixer.layer_scale:decay_mult=1.0
2025/02/27 12:01:26 - mmengine - INFO - paramwise_options -- backbone.network.4.4.token_mixer.norm.rbr_skip.weight:lr=1e-05
2025/02/27 12:01:26 - mmengine - INFO - paramwise_options -- backbone.network.4.4.token_mixer.norm.rbr_skip.weight:weight_decay=0.05
2025/02/27 12:01:26 - mmengine - INFO - paramwise_options -- backbone.network.4.4.token_mixer.norm.rbr_skip.weight:lr_mult=0.1
2025/02/27 12:01:26 - mmengine - INFO - paramwise_options -- backbone.network.4.4.token_mixer.norm.rbr_skip.weight:decay_mult=1.0
2025/02/27 12:01:26 - mmengine - INFO - paramwise_options -- backbone.network.4.4.token_mixer.norm.rbr_skip.bias:lr=1e-05
2025/02/27 12:01:26 - mmengine - INFO - paramwise_options -- backbone.network.4.4.token_mixer.norm.rbr_skip.bias:weight_decay=0.05
2025/02/27 12:01:26 - mmengine - INFO - paramwise_options -- backbone.network.4.4.token_mixer.norm.rbr_skip.bias:lr_mult=0.1
2025/02/27 12:01:26 - mmengine - INFO - paramwise_options -- backbone.network.4.4.token_mixer.norm.rbr_skip.bias:decay_mult=1.0
2025/02/27 12:01:26 - mmengine - INFO - paramwise_options -- backbone.network.4.4.token_mixer.mixer.rbr_skip.weight:lr=1e-05
2025/02/27 12:01:26 - mmengine - INFO - paramwise_options -- backbone.network.4.4.token_mixer.mixer.rbr_skip.weight:weight_decay=0.05
2025/02/27 12:01:26 - mmengine - INFO - paramwise_options -- backbone.network.4.4.token_mixer.mixer.rbr_skip.weight:lr_mult=0.1
2025/02/27 12:01:26 - mmengine - INFO - paramwise_options -- backbone.network.4.4.token_mixer.mixer.rbr_skip.weight:decay_mult=1.0
2025/02/27 12:01:26 - mmengine - INFO - paramwise_options -- backbone.network.4.4.token_mixer.mixer.rbr_skip.bias:lr=1e-05
2025/02/27 12:01:26 - mmengine - INFO - paramwise_options -- backbone.network.4.4.token_mixer.mixer.rbr_skip.bias:weight_decay=0.05
2025/02/27 12:01:26 - mmengine - INFO - paramwise_options -- backbone.network.4.4.token_mixer.mixer.rbr_skip.bias:lr_mult=0.1
2025/02/27 12:01:26 - mmengine - INFO - paramwise_options -- backbone.network.4.4.token_mixer.mixer.rbr_skip.bias:decay_mult=1.0
2025/02/27 12:01:26 - mmengine - INFO - paramwise_options -- backbone.network.4.4.token_mixer.mixer.rbr_conv.0.conv.weight:lr=1e-05
2025/02/27 12:01:26 - mmengine - INFO - paramwise_options -- backbone.network.4.4.token_mixer.mixer.rbr_conv.0.conv.weight:weight_decay=0.05
2025/02/27 12:01:26 - mmengine - INFO - paramwise_options -- backbone.network.4.4.token_mixer.mixer.rbr_conv.0.conv.weight:lr_mult=0.1
2025/02/27 12:01:26 - mmengine - INFO - paramwise_options -- backbone.network.4.4.token_mixer.mixer.rbr_conv.0.conv.weight:decay_mult=1.0
2025/02/27 12:01:26 - mmengine - INFO - paramwise_options -- backbone.network.4.4.token_mixer.mixer.rbr_conv.0.bn.weight:lr=1e-05
2025/02/27 12:01:26 - mmengine - INFO - paramwise_options -- backbone.network.4.4.token_mixer.mixer.rbr_conv.0.bn.weight:weight_decay=0.05
2025/02/27 12:01:26 - mmengine - INFO - paramwise_options -- backbone.network.4.4.token_mixer.mixer.rbr_conv.0.bn.weight:lr_mult=0.1
2025/02/27 12:01:26 - mmengine - INFO - paramwise_options -- backbone.network.4.4.token_mixer.mixer.rbr_conv.0.bn.weight:decay_mult=1.0
2025/02/27 12:01:26 - mmengine - INFO - paramwise_options -- backbone.network.4.4.token_mixer.mixer.rbr_conv.0.bn.bias:lr=1e-05
2025/02/27 12:01:26 - mmengine - INFO - paramwise_options -- backbone.network.4.4.token_mixer.mixer.rbr_conv.0.bn.bias:weight_decay=0.05
2025/02/27 12:01:26 - mmengine - INFO - paramwise_options -- backbone.network.4.4.token_mixer.mixer.rbr_conv.0.bn.bias:lr_mult=0.1
2025/02/27 12:01:26 - mmengine - INFO - paramwise_options -- backbone.network.4.4.token_mixer.mixer.rbr_conv.0.bn.bias:decay_mult=1.0
2025/02/27 12:01:26 - mmengine - INFO - paramwise_options -- backbone.network.4.4.token_mixer.mixer.rbr_scale.conv.weight:lr=1e-05
2025/02/27 12:01:26 - mmengine - INFO - paramwise_options -- backbone.network.4.4.token_mixer.mixer.rbr_scale.conv.weight:weight_decay=0.05
2025/02/27 12:01:26 - mmengine - INFO - paramwise_options -- backbone.network.4.4.token_mixer.mixer.rbr_scale.conv.weight:lr_mult=0.1
2025/02/27 12:01:26 - mmengine - INFO - paramwise_options -- backbone.network.4.4.token_mixer.mixer.rbr_scale.conv.weight:decay_mult=1.0
2025/02/27 12:01:26 - mmengine - INFO - paramwise_options -- backbone.network.4.4.token_mixer.mixer.rbr_scale.bn.weight:lr=1e-05
2025/02/27 12:01:26 - mmengine - INFO - paramwise_options -- backbone.network.4.4.token_mixer.mixer.rbr_scale.bn.weight:weight_decay=0.05
2025/02/27 12:01:26 - mmengine - INFO - paramwise_options -- backbone.network.4.4.token_mixer.mixer.rbr_scale.bn.weight:lr_mult=0.1
2025/02/27 12:01:26 - mmengine - INFO - paramwise_options -- backbone.network.4.4.token_mixer.mixer.rbr_scale.bn.weight:decay_mult=1.0
2025/02/27 12:01:26 - mmengine - INFO - paramwise_options -- backbone.network.4.4.token_mixer.mixer.rbr_scale.bn.bias:lr=1e-05
2025/02/27 12:01:26 - mmengine - INFO - paramwise_options -- backbone.network.4.4.token_mixer.mixer.rbr_scale.bn.bias:weight_decay=0.05
2025/02/27 12:01:26 - mmengine - INFO - paramwise_options -- backbone.network.4.4.token_mixer.mixer.rbr_scale.bn.bias:lr_mult=0.1
2025/02/27 12:01:26 - mmengine - INFO - paramwise_options -- backbone.network.4.4.token_mixer.mixer.rbr_scale.bn.bias:decay_mult=1.0
2025/02/27 12:01:26 - mmengine - INFO - paramwise_options -- backbone.network.4.4.convffn.conv.conv.weight:lr=1e-05
2025/02/27 12:01:26 - mmengine - INFO - paramwise_options -- backbone.network.4.4.convffn.conv.conv.weight:weight_decay=0.05
2025/02/27 12:01:26 - mmengine - INFO - paramwise_options -- backbone.network.4.4.convffn.conv.conv.weight:lr_mult=0.1
2025/02/27 12:01:26 - mmengine - INFO - paramwise_options -- backbone.network.4.4.convffn.conv.conv.weight:decay_mult=1.0
2025/02/27 12:01:26 - mmengine - INFO - paramwise_options -- backbone.network.4.4.convffn.conv.bn.weight:lr=1e-05
2025/02/27 12:01:26 - mmengine - INFO - paramwise_options -- backbone.network.4.4.convffn.conv.bn.weight:weight_decay=0.05
2025/02/27 12:01:26 - mmengine - INFO - paramwise_options -- backbone.network.4.4.convffn.conv.bn.weight:lr_mult=0.1
2025/02/27 12:01:26 - mmengine - INFO - paramwise_options -- backbone.network.4.4.convffn.conv.bn.weight:decay_mult=1.0
2025/02/27 12:01:26 - mmengine - INFO - paramwise_options -- backbone.network.4.4.convffn.conv.bn.bias:lr=1e-05
2025/02/27 12:01:26 - mmengine - INFO - paramwise_options -- backbone.network.4.4.convffn.conv.bn.bias:weight_decay=0.05
2025/02/27 12:01:26 - mmengine - INFO - paramwise_options -- backbone.network.4.4.convffn.conv.bn.bias:lr_mult=0.1
2025/02/27 12:01:26 - mmengine - INFO - paramwise_options -- backbone.network.4.4.convffn.conv.bn.bias:decay_mult=1.0
2025/02/27 12:01:26 - mmengine - INFO - paramwise_options -- backbone.network.4.4.convffn.fc1.weight:lr=1e-05
2025/02/27 12:01:26 - mmengine - INFO - paramwise_options -- backbone.network.4.4.convffn.fc1.weight:weight_decay=0.05
2025/02/27 12:01:26 - mmengine - INFO - paramwise_options -- backbone.network.4.4.convffn.fc1.weight:lr_mult=0.1
2025/02/27 12:01:26 - mmengine - INFO - paramwise_options -- backbone.network.4.4.convffn.fc1.weight:decay_mult=1.0
2025/02/27 12:01:26 - mmengine - INFO - paramwise_options -- backbone.network.4.4.convffn.fc1.bias:lr=1e-05
2025/02/27 12:01:26 - mmengine - INFO - paramwise_options -- backbone.network.4.4.convffn.fc1.bias:weight_decay=0.05
2025/02/27 12:01:26 - mmengine - INFO - paramwise_options -- backbone.network.4.4.convffn.fc1.bias:lr_mult=0.1
2025/02/27 12:01:26 - mmengine - INFO - paramwise_options -- backbone.network.4.4.convffn.fc1.bias:decay_mult=1.0
2025/02/27 12:01:26 - mmengine - INFO - paramwise_options -- backbone.network.4.4.convffn.fc2.weight:lr=1e-05
2025/02/27 12:01:26 - mmengine - INFO - paramwise_options -- backbone.network.4.4.convffn.fc2.weight:weight_decay=0.05
2025/02/27 12:01:26 - mmengine - INFO - paramwise_options -- backbone.network.4.4.convffn.fc2.weight:lr_mult=0.1
2025/02/27 12:01:26 - mmengine - INFO - paramwise_options -- backbone.network.4.4.convffn.fc2.weight:decay_mult=1.0
2025/02/27 12:01:26 - mmengine - INFO - paramwise_options -- backbone.network.4.4.convffn.fc2.bias:lr=1e-05
2025/02/27 12:01:26 - mmengine - INFO - paramwise_options -- backbone.network.4.4.convffn.fc2.bias:weight_decay=0.05
2025/02/27 12:01:26 - mmengine - INFO - paramwise_options -- backbone.network.4.4.convffn.fc2.bias:lr_mult=0.1
2025/02/27 12:01:26 - mmengine - INFO - paramwise_options -- backbone.network.4.4.convffn.fc2.bias:decay_mult=1.0
2025/02/27 12:01:26 - mmengine - INFO - paramwise_options -- backbone.network.4.5.layer_scale:lr=1e-05
2025/02/27 12:01:26 - mmengine - INFO - paramwise_options -- backbone.network.4.5.layer_scale:weight_decay=0.05
2025/02/27 12:01:26 - mmengine - INFO - paramwise_options -- backbone.network.4.5.layer_scale:lr_mult=0.1
2025/02/27 12:01:26 - mmengine - INFO - paramwise_options -- backbone.network.4.5.layer_scale:decay_mult=1.0
2025/02/27 12:01:26 - mmengine - INFO - paramwise_options -- backbone.network.4.5.token_mixer.layer_scale:lr=1e-05
2025/02/27 12:01:26 - mmengine - INFO - paramwise_options -- backbone.network.4.5.token_mixer.layer_scale:weight_decay=0.05
2025/02/27 12:01:26 - mmengine - INFO - paramwise_options -- backbone.network.4.5.token_mixer.layer_scale:lr_mult=0.1
2025/02/27 12:01:26 - mmengine - INFO - paramwise_options -- backbone.network.4.5.token_mixer.layer_scale:decay_mult=1.0
2025/02/27 12:01:26 - mmengine - INFO - paramwise_options -- backbone.network.4.5.token_mixer.norm.rbr_skip.weight:lr=1e-05
2025/02/27 12:01:26 - mmengine - INFO - paramwise_options -- backbone.network.4.5.token_mixer.norm.rbr_skip.weight:weight_decay=0.05
2025/02/27 12:01:26 - mmengine - INFO - paramwise_options -- backbone.network.4.5.token_mixer.norm.rbr_skip.weight:lr_mult=0.1
2025/02/27 12:01:26 - mmengine - INFO - paramwise_options -- backbone.network.4.5.token_mixer.norm.rbr_skip.weight:decay_mult=1.0
2025/02/27 12:01:26 - mmengine - INFO - paramwise_options -- backbone.network.4.5.token_mixer.norm.rbr_skip.bias:lr=1e-05
2025/02/27 12:01:26 - mmengine - INFO - paramwise_options -- backbone.network.4.5.token_mixer.norm.rbr_skip.bias:weight_decay=0.05
2025/02/27 12:01:26 - mmengine - INFO - paramwise_options -- backbone.network.4.5.token_mixer.norm.rbr_skip.bias:lr_mult=0.1
2025/02/27 12:01:26 - mmengine - INFO - paramwise_options -- backbone.network.4.5.token_mixer.norm.rbr_skip.bias:decay_mult=1.0
2025/02/27 12:01:26 - mmengine - INFO - paramwise_options -- backbone.network.4.5.token_mixer.mixer.rbr_skip.weight:lr=1e-05
2025/02/27 12:01:26 - mmengine - INFO - paramwise_options -- backbone.network.4.5.token_mixer.mixer.rbr_skip.weight:weight_decay=0.05
2025/02/27 12:01:26 - mmengine - INFO - paramwise_options -- backbone.network.4.5.token_mixer.mixer.rbr_skip.weight:lr_mult=0.1
2025/02/27 12:01:26 - mmengine - INFO - paramwise_options -- backbone.network.4.5.token_mixer.mixer.rbr_skip.weight:decay_mult=1.0
2025/02/27 12:01:26 - mmengine - INFO - paramwise_options -- backbone.network.4.5.token_mixer.mixer.rbr_skip.bias:lr=1e-05
2025/02/27 12:01:26 - mmengine - INFO - paramwise_options -- backbone.network.4.5.token_mixer.mixer.rbr_skip.bias:weight_decay=0.05
2025/02/27 12:01:26 - mmengine - INFO - paramwise_options -- backbone.network.4.5.token_mixer.mixer.rbr_skip.bias:lr_mult=0.1
2025/02/27 12:01:26 - mmengine - INFO - paramwise_options -- backbone.network.4.5.token_mixer.mixer.rbr_skip.bias:decay_mult=1.0
2025/02/27 12:01:26 - mmengine - INFO - paramwise_options -- backbone.network.4.5.token_mixer.mixer.rbr_conv.0.conv.weight:lr=1e-05
2025/02/27 12:01:26 - mmengine - INFO - paramwise_options -- backbone.network.4.5.token_mixer.mixer.rbr_conv.0.conv.weight:weight_decay=0.05
2025/02/27 12:01:26 - mmengine - INFO - paramwise_options -- backbone.network.4.5.token_mixer.mixer.rbr_conv.0.conv.weight:lr_mult=0.1
2025/02/27 12:01:26 - mmengine - INFO - paramwise_options -- backbone.network.4.5.token_mixer.mixer.rbr_conv.0.conv.weight:decay_mult=1.0
2025/02/27 12:01:26 - mmengine - INFO - paramwise_options -- backbone.network.4.5.token_mixer.mixer.rbr_conv.0.bn.weight:lr=1e-05
2025/02/27 12:01:26 - mmengine - INFO - paramwise_options -- backbone.network.4.5.token_mixer.mixer.rbr_conv.0.bn.weight:weight_decay=0.05
2025/02/27 12:01:26 - mmengine - INFO - paramwise_options -- backbone.network.4.5.token_mixer.mixer.rbr_conv.0.bn.weight:lr_mult=0.1
2025/02/27 12:01:26 - mmengine - INFO - paramwise_options -- backbone.network.4.5.token_mixer.mixer.rbr_conv.0.bn.weight:decay_mult=1.0
2025/02/27 12:01:26 - mmengine - INFO - paramwise_options -- backbone.network.4.5.token_mixer.mixer.rbr_conv.0.bn.bias:lr=1e-05
2025/02/27 12:01:26 - mmengine - INFO - paramwise_options -- backbone.network.4.5.token_mixer.mixer.rbr_conv.0.bn.bias:weight_decay=0.05
2025/02/27 12:01:26 - mmengine - INFO - paramwise_options -- backbone.network.4.5.token_mixer.mixer.rbr_conv.0.bn.bias:lr_mult=0.1
2025/02/27 12:01:26 - mmengine - INFO - paramwise_options -- backbone.network.4.5.token_mixer.mixer.rbr_conv.0.bn.bias:decay_mult=1.0
2025/02/27 12:01:26 - mmengine - INFO - paramwise_options -- backbone.network.4.5.token_mixer.mixer.rbr_scale.conv.weight:lr=1e-05
2025/02/27 12:01:26 - mmengine - INFO - paramwise_options -- backbone.network.4.5.token_mixer.mixer.rbr_scale.conv.weight:weight_decay=0.05
2025/02/27 12:01:26 - mmengine - INFO - paramwise_options -- backbone.network.4.5.token_mixer.mixer.rbr_scale.conv.weight:lr_mult=0.1
2025/02/27 12:01:26 - mmengine - INFO - paramwise_options -- backbone.network.4.5.token_mixer.mixer.rbr_scale.conv.weight:decay_mult=1.0
2025/02/27 12:01:26 - mmengine - INFO - paramwise_options -- backbone.network.4.5.token_mixer.mixer.rbr_scale.bn.weight:lr=1e-05
2025/02/27 12:01:26 - mmengine - INFO - paramwise_options -- backbone.network.4.5.token_mixer.mixer.rbr_scale.bn.weight:weight_decay=0.05
2025/02/27 12:01:26 - mmengine - INFO - paramwise_options -- backbone.network.4.5.token_mixer.mixer.rbr_scale.bn.weight:lr_mult=0.1
2025/02/27 12:01:26 - mmengine - INFO - paramwise_options -- backbone.network.4.5.token_mixer.mixer.rbr_scale.bn.weight:decay_mult=1.0
2025/02/27 12:01:26 - mmengine - INFO - paramwise_options -- backbone.network.4.5.token_mixer.mixer.rbr_scale.bn.bias:lr=1e-05
2025/02/27 12:01:26 - mmengine - INFO - paramwise_options -- backbone.network.4.5.token_mixer.mixer.rbr_scale.bn.bias:weight_decay=0.05
2025/02/27 12:01:26 - mmengine - INFO - paramwise_options -- backbone.network.4.5.token_mixer.mixer.rbr_scale.bn.bias:lr_mult=0.1
2025/02/27 12:01:26 - mmengine - INFO - paramwise_options -- backbone.network.4.5.token_mixer.mixer.rbr_scale.bn.bias:decay_mult=1.0
2025/02/27 12:01:26 - mmengine - INFO - paramwise_options -- backbone.network.4.5.convffn.conv.conv.weight:lr=1e-05
2025/02/27 12:01:26 - mmengine - INFO - paramwise_options -- backbone.network.4.5.convffn.conv.conv.weight:weight_decay=0.05
2025/02/27 12:01:26 - mmengine - INFO - paramwise_options -- backbone.network.4.5.convffn.conv.conv.weight:lr_mult=0.1
2025/02/27 12:01:26 - mmengine - INFO - paramwise_options -- backbone.network.4.5.convffn.conv.conv.weight:decay_mult=1.0
2025/02/27 12:01:26 - mmengine - INFO - paramwise_options -- backbone.network.4.5.convffn.conv.bn.weight:lr=1e-05
2025/02/27 12:01:26 - mmengine - INFO - paramwise_options -- backbone.network.4.5.convffn.conv.bn.weight:weight_decay=0.05
2025/02/27 12:01:26 - mmengine - INFO - paramwise_options -- backbone.network.4.5.convffn.conv.bn.weight:lr_mult=0.1
2025/02/27 12:01:26 - mmengine - INFO - paramwise_options -- backbone.network.4.5.convffn.conv.bn.weight:decay_mult=1.0
2025/02/27 12:01:26 - mmengine - INFO - paramwise_options -- backbone.network.4.5.convffn.conv.bn.bias:lr=1e-05
2025/02/27 12:01:26 - mmengine - INFO - paramwise_options -- backbone.network.4.5.convffn.conv.bn.bias:weight_decay=0.05
2025/02/27 12:01:26 - mmengine - INFO - paramwise_options -- backbone.network.4.5.convffn.conv.bn.bias:lr_mult=0.1
2025/02/27 12:01:26 - mmengine - INFO - paramwise_options -- backbone.network.4.5.convffn.conv.bn.bias:decay_mult=1.0
2025/02/27 12:01:26 - mmengine - INFO - paramwise_options -- backbone.network.4.5.convffn.fc1.weight:lr=1e-05
2025/02/27 12:01:26 - mmengine - INFO - paramwise_options -- backbone.network.4.5.convffn.fc1.weight:weight_decay=0.05
2025/02/27 12:01:26 - mmengine - INFO - paramwise_options -- backbone.network.4.5.convffn.fc1.weight:lr_mult=0.1
2025/02/27 12:01:26 - mmengine - INFO - paramwise_options -- backbone.network.4.5.convffn.fc1.weight:decay_mult=1.0
2025/02/27 12:01:26 - mmengine - INFO - paramwise_options -- backbone.network.4.5.convffn.fc1.bias:lr=1e-05
2025/02/27 12:01:26 - mmengine - INFO - paramwise_options -- backbone.network.4.5.convffn.fc1.bias:weight_decay=0.05
2025/02/27 12:01:26 - mmengine - INFO - paramwise_options -- backbone.network.4.5.convffn.fc1.bias:lr_mult=0.1
2025/02/27 12:01:26 - mmengine - INFO - paramwise_options -- backbone.network.4.5.convffn.fc1.bias:decay_mult=1.0
2025/02/27 12:01:26 - mmengine - INFO - paramwise_options -- backbone.network.4.5.convffn.fc2.weight:lr=1e-05
2025/02/27 12:01:26 - mmengine - INFO - paramwise_options -- backbone.network.4.5.convffn.fc2.weight:weight_decay=0.05
2025/02/27 12:01:26 - mmengine - INFO - paramwise_options -- backbone.network.4.5.convffn.fc2.weight:lr_mult=0.1
2025/02/27 12:01:26 - mmengine - INFO - paramwise_options -- backbone.network.4.5.convffn.fc2.weight:decay_mult=1.0
2025/02/27 12:01:26 - mmengine - INFO - paramwise_options -- backbone.network.4.5.convffn.fc2.bias:lr=1e-05
2025/02/27 12:01:26 - mmengine - INFO - paramwise_options -- backbone.network.4.5.convffn.fc2.bias:weight_decay=0.05
2025/02/27 12:01:26 - mmengine - INFO - paramwise_options -- backbone.network.4.5.convffn.fc2.bias:lr_mult=0.1
2025/02/27 12:01:26 - mmengine - INFO - paramwise_options -- backbone.network.4.5.convffn.fc2.bias:decay_mult=1.0
2025/02/27 12:01:26 - mmengine - INFO - paramwise_options -- backbone.network.4.6.layer_scale:lr=1e-05
2025/02/27 12:01:26 - mmengine - INFO - paramwise_options -- backbone.network.4.6.layer_scale:weight_decay=0.05
2025/02/27 12:01:26 - mmengine - INFO - paramwise_options -- backbone.network.4.6.layer_scale:lr_mult=0.1
2025/02/27 12:01:26 - mmengine - INFO - paramwise_options -- backbone.network.4.6.layer_scale:decay_mult=1.0
2025/02/27 12:01:26 - mmengine - INFO - paramwise_options -- backbone.network.4.6.token_mixer.layer_scale:lr=1e-05
2025/02/27 12:01:26 - mmengine - INFO - paramwise_options -- backbone.network.4.6.token_mixer.layer_scale:weight_decay=0.05
2025/02/27 12:01:26 - mmengine - INFO - paramwise_options -- backbone.network.4.6.token_mixer.layer_scale:lr_mult=0.1
2025/02/27 12:01:26 - mmengine - INFO - paramwise_options -- backbone.network.4.6.token_mixer.layer_scale:decay_mult=1.0
2025/02/27 12:01:26 - mmengine - INFO - paramwise_options -- backbone.network.4.6.token_mixer.norm.rbr_skip.weight:lr=1e-05
2025/02/27 12:01:26 - mmengine - INFO - paramwise_options -- backbone.network.4.6.token_mixer.norm.rbr_skip.weight:weight_decay=0.05
2025/02/27 12:01:26 - mmengine - INFO - paramwise_options -- backbone.network.4.6.token_mixer.norm.rbr_skip.weight:lr_mult=0.1
2025/02/27 12:01:26 - mmengine - INFO - paramwise_options -- backbone.network.4.6.token_mixer.norm.rbr_skip.weight:decay_mult=1.0
2025/02/27 12:01:26 - mmengine - INFO - paramwise_options -- backbone.network.4.6.token_mixer.norm.rbr_skip.bias:lr=1e-05
2025/02/27 12:01:26 - mmengine - INFO - paramwise_options -- backbone.network.4.6.token_mixer.norm.rbr_skip.bias:weight_decay=0.05
2025/02/27 12:01:26 - mmengine - INFO - paramwise_options -- backbone.network.4.6.token_mixer.norm.rbr_skip.bias:lr_mult=0.1
2025/02/27 12:01:26 - mmengine - INFO - paramwise_options -- backbone.network.4.6.token_mixer.norm.rbr_skip.bias:decay_mult=1.0
2025/02/27 12:01:26 - mmengine - INFO - paramwise_options -- backbone.network.4.6.token_mixer.mixer.rbr_skip.weight:lr=1e-05
2025/02/27 12:01:26 - mmengine - INFO - paramwise_options -- backbone.network.4.6.token_mixer.mixer.rbr_skip.weight:weight_decay=0.05
2025/02/27 12:01:26 - mmengine - INFO - paramwise_options -- backbone.network.4.6.token_mixer.mixer.rbr_skip.weight:lr_mult=0.1
2025/02/27 12:01:26 - mmengine - INFO - paramwise_options -- backbone.network.4.6.token_mixer.mixer.rbr_skip.weight:decay_mult=1.0
2025/02/27 12:01:26 - mmengine - INFO - paramwise_options -- backbone.network.4.6.token_mixer.mixer.rbr_skip.bias:lr=1e-05
2025/02/27 12:01:26 - mmengine - INFO - paramwise_options -- backbone.network.4.6.token_mixer.mixer.rbr_skip.bias:weight_decay=0.05
2025/02/27 12:01:26 - mmengine - INFO - paramwise_options -- backbone.network.4.6.token_mixer.mixer.rbr_skip.bias:lr_mult=0.1
2025/02/27 12:01:26 - mmengine - INFO - paramwise_options -- backbone.network.4.6.token_mixer.mixer.rbr_skip.bias:decay_mult=1.0
2025/02/27 12:01:26 - mmengine - INFO - paramwise_options -- backbone.network.4.6.token_mixer.mixer.rbr_conv.0.conv.weight:lr=1e-05
2025/02/27 12:01:26 - mmengine - INFO - paramwise_options -- backbone.network.4.6.token_mixer.mixer.rbr_conv.0.conv.weight:weight_decay=0.05
2025/02/27 12:01:26 - mmengine - INFO - paramwise_options -- backbone.network.4.6.token_mixer.mixer.rbr_conv.0.conv.weight:lr_mult=0.1
2025/02/27 12:01:26 - mmengine - INFO - paramwise_options -- backbone.network.4.6.token_mixer.mixer.rbr_conv.0.conv.weight:decay_mult=1.0
2025/02/27 12:01:26 - mmengine - INFO - paramwise_options -- backbone.network.4.6.token_mixer.mixer.rbr_conv.0.bn.weight:lr=1e-05
2025/02/27 12:01:26 - mmengine - INFO - paramwise_options -- backbone.network.4.6.token_mixer.mixer.rbr_conv.0.bn.weight:weight_decay=0.05
2025/02/27 12:01:26 - mmengine - INFO - paramwise_options -- backbone.network.4.6.token_mixer.mixer.rbr_conv.0.bn.weight:lr_mult=0.1
2025/02/27 12:01:26 - mmengine - INFO - paramwise_options -- backbone.network.4.6.token_mixer.mixer.rbr_conv.0.bn.weight:decay_mult=1.0
2025/02/27 12:01:26 - mmengine - INFO - paramwise_options -- backbone.network.4.6.token_mixer.mixer.rbr_conv.0.bn.bias:lr=1e-05
2025/02/27 12:01:26 - mmengine - INFO - paramwise_options -- backbone.network.4.6.token_mixer.mixer.rbr_conv.0.bn.bias:weight_decay=0.05
2025/02/27 12:01:26 - mmengine - INFO - paramwise_options -- backbone.network.4.6.token_mixer.mixer.rbr_conv.0.bn.bias:lr_mult=0.1
2025/02/27 12:01:26 - mmengine - INFO - paramwise_options -- backbone.network.4.6.token_mixer.mixer.rbr_conv.0.bn.bias:decay_mult=1.0
2025/02/27 12:01:26 - mmengine - INFO - paramwise_options -- backbone.network.4.6.token_mixer.mixer.rbr_scale.conv.weight:lr=1e-05
2025/02/27 12:01:26 - mmengine - INFO - paramwise_options -- backbone.network.4.6.token_mixer.mixer.rbr_scale.conv.weight:weight_decay=0.05
2025/02/27 12:01:26 - mmengine - INFO - paramwise_options -- backbone.network.4.6.token_mixer.mixer.rbr_scale.conv.weight:lr_mult=0.1
2025/02/27 12:01:26 - mmengine - INFO - paramwise_options -- backbone.network.4.6.token_mixer.mixer.rbr_scale.conv.weight:decay_mult=1.0
2025/02/27 12:01:26 - mmengine - INFO - paramwise_options -- backbone.network.4.6.token_mixer.mixer.rbr_scale.bn.weight:lr=1e-05
2025/02/27 12:01:26 - mmengine - INFO - paramwise_options -- backbone.network.4.6.token_mixer.mixer.rbr_scale.bn.weight:weight_decay=0.05
2025/02/27 12:01:26 - mmengine - INFO - paramwise_options -- backbone.network.4.6.token_mixer.mixer.rbr_scale.bn.weight:lr_mult=0.1
2025/02/27 12:01:26 - mmengine - INFO - paramwise_options -- backbone.network.4.6.token_mixer.mixer.rbr_scale.bn.weight:decay_mult=1.0
2025/02/27 12:01:26 - mmengine - INFO - paramwise_options -- backbone.network.4.6.token_mixer.mixer.rbr_scale.bn.bias:lr=1e-05
2025/02/27 12:01:26 - mmengine - INFO - paramwise_options -- backbone.network.4.6.token_mixer.mixer.rbr_scale.bn.bias:weight_decay=0.05
2025/02/27 12:01:26 - mmengine - INFO - paramwise_options -- backbone.network.4.6.token_mixer.mixer.rbr_scale.bn.bias:lr_mult=0.1
2025/02/27 12:01:26 - mmengine - INFO - paramwise_options -- backbone.network.4.6.token_mixer.mixer.rbr_scale.bn.bias:decay_mult=1.0
2025/02/27 12:01:26 - mmengine - INFO - paramwise_options -- backbone.network.4.6.convffn.conv.conv.weight:lr=1e-05
2025/02/27 12:01:26 - mmengine - INFO - paramwise_options -- backbone.network.4.6.convffn.conv.conv.weight:weight_decay=0.05
2025/02/27 12:01:26 - mmengine - INFO - paramwise_options -- backbone.network.4.6.convffn.conv.conv.weight:lr_mult=0.1
2025/02/27 12:01:26 - mmengine - INFO - paramwise_options -- backbone.network.4.6.convffn.conv.conv.weight:decay_mult=1.0
2025/02/27 12:01:26 - mmengine - INFO - paramwise_options -- backbone.network.4.6.convffn.conv.bn.weight:lr=1e-05
2025/02/27 12:01:26 - mmengine - INFO - paramwise_options -- backbone.network.4.6.convffn.conv.bn.weight:weight_decay=0.05
2025/02/27 12:01:26 - mmengine - INFO - paramwise_options -- backbone.network.4.6.convffn.conv.bn.weight:lr_mult=0.1
2025/02/27 12:01:26 - mmengine - INFO - paramwise_options -- backbone.network.4.6.convffn.conv.bn.weight:decay_mult=1.0
2025/02/27 12:01:26 - mmengine - INFO - paramwise_options -- backbone.network.4.6.convffn.conv.bn.bias:lr=1e-05
2025/02/27 12:01:26 - mmengine - INFO - paramwise_options -- backbone.network.4.6.convffn.conv.bn.bias:weight_decay=0.05
2025/02/27 12:01:26 - mmengine - INFO - paramwise_options -- backbone.network.4.6.convffn.conv.bn.bias:lr_mult=0.1
2025/02/27 12:01:26 - mmengine - INFO - paramwise_options -- backbone.network.4.6.convffn.conv.bn.bias:decay_mult=1.0
2025/02/27 12:01:26 - mmengine - INFO - paramwise_options -- backbone.network.4.6.convffn.fc1.weight:lr=1e-05
2025/02/27 12:01:26 - mmengine - INFO - paramwise_options -- backbone.network.4.6.convffn.fc1.weight:weight_decay=0.05
2025/02/27 12:01:26 - mmengine - INFO - paramwise_options -- backbone.network.4.6.convffn.fc1.weight:lr_mult=0.1
2025/02/27 12:01:26 - mmengine - INFO - paramwise_options -- backbone.network.4.6.convffn.fc1.weight:decay_mult=1.0
2025/02/27 12:01:26 - mmengine - INFO - paramwise_options -- backbone.network.4.6.convffn.fc1.bias:lr=1e-05
2025/02/27 12:01:26 - mmengine - INFO - paramwise_options -- backbone.network.4.6.convffn.fc1.bias:weight_decay=0.05
2025/02/27 12:01:26 - mmengine - INFO - paramwise_options -- backbone.network.4.6.convffn.fc1.bias:lr_mult=0.1
2025/02/27 12:01:26 - mmengine - INFO - paramwise_options -- backbone.network.4.6.convffn.fc1.bias:decay_mult=1.0
2025/02/27 12:01:26 - mmengine - INFO - paramwise_options -- backbone.network.4.6.convffn.fc2.weight:lr=1e-05
2025/02/27 12:01:26 - mmengine - INFO - paramwise_options -- backbone.network.4.6.convffn.fc2.weight:weight_decay=0.05
2025/02/27 12:01:26 - mmengine - INFO - paramwise_options -- backbone.network.4.6.convffn.fc2.weight:lr_mult=0.1
2025/02/27 12:01:26 - mmengine - INFO - paramwise_options -- backbone.network.4.6.convffn.fc2.weight:decay_mult=1.0
2025/02/27 12:01:26 - mmengine - INFO - paramwise_options -- backbone.network.4.6.convffn.fc2.bias:lr=1e-05
2025/02/27 12:01:26 - mmengine - INFO - paramwise_options -- backbone.network.4.6.convffn.fc2.bias:weight_decay=0.05
2025/02/27 12:01:26 - mmengine - INFO - paramwise_options -- backbone.network.4.6.convffn.fc2.bias:lr_mult=0.1
2025/02/27 12:01:26 - mmengine - INFO - paramwise_options -- backbone.network.4.6.convffn.fc2.bias:decay_mult=1.0
2025/02/27 12:01:26 - mmengine - INFO - paramwise_options -- backbone.network.4.7.layer_scale:lr=1e-05
2025/02/27 12:01:26 - mmengine - INFO - paramwise_options -- backbone.network.4.7.layer_scale:weight_decay=0.05
2025/02/27 12:01:26 - mmengine - INFO - paramwise_options -- backbone.network.4.7.layer_scale:lr_mult=0.1
2025/02/27 12:01:26 - mmengine - INFO - paramwise_options -- backbone.network.4.7.layer_scale:decay_mult=1.0
2025/02/27 12:01:26 - mmengine - INFO - paramwise_options -- backbone.network.4.7.token_mixer.layer_scale:lr=1e-05
2025/02/27 12:01:26 - mmengine - INFO - paramwise_options -- backbone.network.4.7.token_mixer.layer_scale:weight_decay=0.05
2025/02/27 12:01:26 - mmengine - INFO - paramwise_options -- backbone.network.4.7.token_mixer.layer_scale:lr_mult=0.1
2025/02/27 12:01:26 - mmengine - INFO - paramwise_options -- backbone.network.4.7.token_mixer.layer_scale:decay_mult=1.0
2025/02/27 12:01:26 - mmengine - INFO - paramwise_options -- backbone.network.4.7.token_mixer.norm.rbr_skip.weight:lr=1e-05
2025/02/27 12:01:26 - mmengine - INFO - paramwise_options -- backbone.network.4.7.token_mixer.norm.rbr_skip.weight:weight_decay=0.05
2025/02/27 12:01:26 - mmengine - INFO - paramwise_options -- backbone.network.4.7.token_mixer.norm.rbr_skip.weight:lr_mult=0.1
2025/02/27 12:01:26 - mmengine - INFO - paramwise_options -- backbone.network.4.7.token_mixer.norm.rbr_skip.weight:decay_mult=1.0
2025/02/27 12:01:26 - mmengine - INFO - paramwise_options -- backbone.network.4.7.token_mixer.norm.rbr_skip.bias:lr=1e-05
2025/02/27 12:01:26 - mmengine - INFO - paramwise_options -- backbone.network.4.7.token_mixer.norm.rbr_skip.bias:weight_decay=0.05
2025/02/27 12:01:26 - mmengine - INFO - paramwise_options -- backbone.network.4.7.token_mixer.norm.rbr_skip.bias:lr_mult=0.1
2025/02/27 12:01:26 - mmengine - INFO - paramwise_options -- backbone.network.4.7.token_mixer.norm.rbr_skip.bias:decay_mult=1.0
2025/02/27 12:01:26 - mmengine - INFO - paramwise_options -- backbone.network.4.7.token_mixer.mixer.rbr_skip.weight:lr=1e-05
2025/02/27 12:01:26 - mmengine - INFO - paramwise_options -- backbone.network.4.7.token_mixer.mixer.rbr_skip.weight:weight_decay=0.05
2025/02/27 12:01:26 - mmengine - INFO - paramwise_options -- backbone.network.4.7.token_mixer.mixer.rbr_skip.weight:lr_mult=0.1
2025/02/27 12:01:26 - mmengine - INFO - paramwise_options -- backbone.network.4.7.token_mixer.mixer.rbr_skip.weight:decay_mult=1.0
2025/02/27 12:01:26 - mmengine - INFO - paramwise_options -- backbone.network.4.7.token_mixer.mixer.rbr_skip.bias:lr=1e-05
2025/02/27 12:01:26 - mmengine - INFO - paramwise_options -- backbone.network.4.7.token_mixer.mixer.rbr_skip.bias:weight_decay=0.05
2025/02/27 12:01:26 - mmengine - INFO - paramwise_options -- backbone.network.4.7.token_mixer.mixer.rbr_skip.bias:lr_mult=0.1
2025/02/27 12:01:26 - mmengine - INFO - paramwise_options -- backbone.network.4.7.token_mixer.mixer.rbr_skip.bias:decay_mult=1.0
2025/02/27 12:01:26 - mmengine - INFO - paramwise_options -- backbone.network.4.7.token_mixer.mixer.rbr_conv.0.conv.weight:lr=1e-05
2025/02/27 12:01:26 - mmengine - INFO - paramwise_options -- backbone.network.4.7.token_mixer.mixer.rbr_conv.0.conv.weight:weight_decay=0.05
2025/02/27 12:01:26 - mmengine - INFO - paramwise_options -- backbone.network.4.7.token_mixer.mixer.rbr_conv.0.conv.weight:lr_mult=0.1
2025/02/27 12:01:26 - mmengine - INFO - paramwise_options -- backbone.network.4.7.token_mixer.mixer.rbr_conv.0.conv.weight:decay_mult=1.0
2025/02/27 12:01:26 - mmengine - INFO - paramwise_options -- backbone.network.4.7.token_mixer.mixer.rbr_conv.0.bn.weight:lr=1e-05
2025/02/27 12:01:26 - mmengine - INFO - paramwise_options -- backbone.network.4.7.token_mixer.mixer.rbr_conv.0.bn.weight:weight_decay=0.05
2025/02/27 12:01:26 - mmengine - INFO - paramwise_options -- backbone.network.4.7.token_mixer.mixer.rbr_conv.0.bn.weight:lr_mult=0.1
2025/02/27 12:01:26 - mmengine - INFO - paramwise_options -- backbone.network.4.7.token_mixer.mixer.rbr_conv.0.bn.weight:decay_mult=1.0
2025/02/27 12:01:26 - mmengine - INFO - paramwise_options -- backbone.network.4.7.token_mixer.mixer.rbr_conv.0.bn.bias:lr=1e-05
2025/02/27 12:01:26 - mmengine - INFO - paramwise_options -- backbone.network.4.7.token_mixer.mixer.rbr_conv.0.bn.bias:weight_decay=0.05
2025/02/27 12:01:26 - mmengine - INFO - paramwise_options -- backbone.network.4.7.token_mixer.mixer.rbr_conv.0.bn.bias:lr_mult=0.1
2025/02/27 12:01:26 - mmengine - INFO - paramwise_options -- backbone.network.4.7.token_mixer.mixer.rbr_conv.0.bn.bias:decay_mult=1.0
2025/02/27 12:01:26 - mmengine - INFO - paramwise_options -- backbone.network.4.7.token_mixer.mixer.rbr_scale.conv.weight:lr=1e-05
2025/02/27 12:01:26 - mmengine - INFO - paramwise_options -- backbone.network.4.7.token_mixer.mixer.rbr_scale.conv.weight:weight_decay=0.05
2025/02/27 12:01:26 - mmengine - INFO - paramwise_options -- backbone.network.4.7.token_mixer.mixer.rbr_scale.conv.weight:lr_mult=0.1
2025/02/27 12:01:26 - mmengine - INFO - paramwise_options -- backbone.network.4.7.token_mixer.mixer.rbr_scale.conv.weight:decay_mult=1.0
2025/02/27 12:01:26 - mmengine - INFO - paramwise_options -- backbone.network.4.7.token_mixer.mixer.rbr_scale.bn.weight:lr=1e-05
2025/02/27 12:01:26 - mmengine - INFO - paramwise_options -- backbone.network.4.7.token_mixer.mixer.rbr_scale.bn.weight:weight_decay=0.05
2025/02/27 12:01:26 - mmengine - INFO - paramwise_options -- backbone.network.4.7.token_mixer.mixer.rbr_scale.bn.weight:lr_mult=0.1
2025/02/27 12:01:26 - mmengine - INFO - paramwise_options -- backbone.network.4.7.token_mixer.mixer.rbr_scale.bn.weight:decay_mult=1.0
2025/02/27 12:01:26 - mmengine - INFO - paramwise_options -- backbone.network.4.7.token_mixer.mixer.rbr_scale.bn.bias:lr=1e-05
2025/02/27 12:01:26 - mmengine - INFO - paramwise_options -- backbone.network.4.7.token_mixer.mixer.rbr_scale.bn.bias:weight_decay=0.05
2025/02/27 12:01:26 - mmengine - INFO - paramwise_options -- backbone.network.4.7.token_mixer.mixer.rbr_scale.bn.bias:lr_mult=0.1
2025/02/27 12:01:26 - mmengine - INFO - paramwise_options -- backbone.network.4.7.token_mixer.mixer.rbr_scale.bn.bias:decay_mult=1.0
2025/02/27 12:01:26 - mmengine - INFO - paramwise_options -- backbone.network.4.7.convffn.conv.conv.weight:lr=1e-05
2025/02/27 12:01:26 - mmengine - INFO - paramwise_options -- backbone.network.4.7.convffn.conv.conv.weight:weight_decay=0.05
2025/02/27 12:01:26 - mmengine - INFO - paramwise_options -- backbone.network.4.7.convffn.conv.conv.weight:lr_mult=0.1
2025/02/27 12:01:26 - mmengine - INFO - paramwise_options -- backbone.network.4.7.convffn.conv.conv.weight:decay_mult=1.0
2025/02/27 12:01:26 - mmengine - INFO - paramwise_options -- backbone.network.4.7.convffn.conv.bn.weight:lr=1e-05
2025/02/27 12:01:26 - mmengine - INFO - paramwise_options -- backbone.network.4.7.convffn.conv.bn.weight:weight_decay=0.05
2025/02/27 12:01:26 - mmengine - INFO - paramwise_options -- backbone.network.4.7.convffn.conv.bn.weight:lr_mult=0.1
2025/02/27 12:01:26 - mmengine - INFO - paramwise_options -- backbone.network.4.7.convffn.conv.bn.weight:decay_mult=1.0
2025/02/27 12:01:26 - mmengine - INFO - paramwise_options -- backbone.network.4.7.convffn.conv.bn.bias:lr=1e-05
2025/02/27 12:01:26 - mmengine - INFO - paramwise_options -- backbone.network.4.7.convffn.conv.bn.bias:weight_decay=0.05
2025/02/27 12:01:26 - mmengine - INFO - paramwise_options -- backbone.network.4.7.convffn.conv.bn.bias:lr_mult=0.1
2025/02/27 12:01:26 - mmengine - INFO - paramwise_options -- backbone.network.4.7.convffn.conv.bn.bias:decay_mult=1.0
2025/02/27 12:01:26 - mmengine - INFO - paramwise_options -- backbone.network.4.7.convffn.fc1.weight:lr=1e-05
2025/02/27 12:01:26 - mmengine - INFO - paramwise_options -- backbone.network.4.7.convffn.fc1.weight:weight_decay=0.05
2025/02/27 12:01:26 - mmengine - INFO - paramwise_options -- backbone.network.4.7.convffn.fc1.weight:lr_mult=0.1
2025/02/27 12:01:26 - mmengine - INFO - paramwise_options -- backbone.network.4.7.convffn.fc1.weight:decay_mult=1.0
2025/02/27 12:01:26 - mmengine - INFO - paramwise_options -- backbone.network.4.7.convffn.fc1.bias:lr=1e-05
2025/02/27 12:01:26 - mmengine - INFO - paramwise_options -- backbone.network.4.7.convffn.fc1.bias:weight_decay=0.05
2025/02/27 12:01:26 - mmengine - INFO - paramwise_options -- backbone.network.4.7.convffn.fc1.bias:lr_mult=0.1
2025/02/27 12:01:26 - mmengine - INFO - paramwise_options -- backbone.network.4.7.convffn.fc1.bias:decay_mult=1.0
2025/02/27 12:01:26 - mmengine - INFO - paramwise_options -- backbone.network.4.7.convffn.fc2.weight:lr=1e-05
2025/02/27 12:01:26 - mmengine - INFO - paramwise_options -- backbone.network.4.7.convffn.fc2.weight:weight_decay=0.05
2025/02/27 12:01:26 - mmengine - INFO - paramwise_options -- backbone.network.4.7.convffn.fc2.weight:lr_mult=0.1
2025/02/27 12:01:26 - mmengine - INFO - paramwise_options -- backbone.network.4.7.convffn.fc2.weight:decay_mult=1.0
2025/02/27 12:01:26 - mmengine - INFO - paramwise_options -- backbone.network.4.7.convffn.fc2.bias:lr=1e-05
2025/02/27 12:01:26 - mmengine - INFO - paramwise_options -- backbone.network.4.7.convffn.fc2.bias:weight_decay=0.05
2025/02/27 12:01:26 - mmengine - INFO - paramwise_options -- backbone.network.4.7.convffn.fc2.bias:lr_mult=0.1
2025/02/27 12:01:26 - mmengine - INFO - paramwise_options -- backbone.network.4.7.convffn.fc2.bias:decay_mult=1.0
2025/02/27 12:01:26 - mmengine - INFO - paramwise_options -- backbone.network.4.8.layer_scale:lr=1e-05
2025/02/27 12:01:26 - mmengine - INFO - paramwise_options -- backbone.network.4.8.layer_scale:weight_decay=0.05
2025/02/27 12:01:26 - mmengine - INFO - paramwise_options -- backbone.network.4.8.layer_scale:lr_mult=0.1
2025/02/27 12:01:26 - mmengine - INFO - paramwise_options -- backbone.network.4.8.layer_scale:decay_mult=1.0
2025/02/27 12:01:27 - mmengine - INFO - paramwise_options -- backbone.network.4.8.token_mixer.layer_scale:lr=1e-05
2025/02/27 12:01:27 - mmengine - INFO - paramwise_options -- backbone.network.4.8.token_mixer.layer_scale:weight_decay=0.05
2025/02/27 12:01:27 - mmengine - INFO - paramwise_options -- backbone.network.4.8.token_mixer.layer_scale:lr_mult=0.1
2025/02/27 12:01:27 - mmengine - INFO - paramwise_options -- backbone.network.4.8.token_mixer.layer_scale:decay_mult=1.0
2025/02/27 12:01:27 - mmengine - INFO - paramwise_options -- backbone.network.4.8.token_mixer.norm.rbr_skip.weight:lr=1e-05
2025/02/27 12:01:27 - mmengine - INFO - paramwise_options -- backbone.network.4.8.token_mixer.norm.rbr_skip.weight:weight_decay=0.05
2025/02/27 12:01:27 - mmengine - INFO - paramwise_options -- backbone.network.4.8.token_mixer.norm.rbr_skip.weight:lr_mult=0.1
2025/02/27 12:01:27 - mmengine - INFO - paramwise_options -- backbone.network.4.8.token_mixer.norm.rbr_skip.weight:decay_mult=1.0
2025/02/27 12:01:27 - mmengine - INFO - paramwise_options -- backbone.network.4.8.token_mixer.norm.rbr_skip.bias:lr=1e-05
2025/02/27 12:01:27 - mmengine - INFO - paramwise_options -- backbone.network.4.8.token_mixer.norm.rbr_skip.bias:weight_decay=0.05
2025/02/27 12:01:27 - mmengine - INFO - paramwise_options -- backbone.network.4.8.token_mixer.norm.rbr_skip.bias:lr_mult=0.1
2025/02/27 12:01:27 - mmengine - INFO - paramwise_options -- backbone.network.4.8.token_mixer.norm.rbr_skip.bias:decay_mult=1.0
2025/02/27 12:01:27 - mmengine - INFO - paramwise_options -- backbone.network.4.8.token_mixer.mixer.rbr_skip.weight:lr=1e-05
2025/02/27 12:01:27 - mmengine - INFO - paramwise_options -- backbone.network.4.8.token_mixer.mixer.rbr_skip.weight:weight_decay=0.05
2025/02/27 12:01:27 - mmengine - INFO - paramwise_options -- backbone.network.4.8.token_mixer.mixer.rbr_skip.weight:lr_mult=0.1
2025/02/27 12:01:27 - mmengine - INFO - paramwise_options -- backbone.network.4.8.token_mixer.mixer.rbr_skip.weight:decay_mult=1.0
2025/02/27 12:01:27 - mmengine - INFO - paramwise_options -- backbone.network.4.8.token_mixer.mixer.rbr_skip.bias:lr=1e-05
2025/02/27 12:01:27 - mmengine - INFO - paramwise_options -- backbone.network.4.8.token_mixer.mixer.rbr_skip.bias:weight_decay=0.05
2025/02/27 12:01:27 - mmengine - INFO - paramwise_options -- backbone.network.4.8.token_mixer.mixer.rbr_skip.bias:lr_mult=0.1
2025/02/27 12:01:27 - mmengine - INFO - paramwise_options -- backbone.network.4.8.token_mixer.mixer.rbr_skip.bias:decay_mult=1.0
2025/02/27 12:01:27 - mmengine - INFO - paramwise_options -- backbone.network.4.8.token_mixer.mixer.rbr_conv.0.conv.weight:lr=1e-05
2025/02/27 12:01:27 - mmengine - INFO - paramwise_options -- backbone.network.4.8.token_mixer.mixer.rbr_conv.0.conv.weight:weight_decay=0.05
2025/02/27 12:01:27 - mmengine - INFO - paramwise_options -- backbone.network.4.8.token_mixer.mixer.rbr_conv.0.conv.weight:lr_mult=0.1
2025/02/27 12:01:27 - mmengine - INFO - paramwise_options -- backbone.network.4.8.token_mixer.mixer.rbr_conv.0.conv.weight:decay_mult=1.0
2025/02/27 12:01:27 - mmengine - INFO - paramwise_options -- backbone.network.4.8.token_mixer.mixer.rbr_conv.0.bn.weight:lr=1e-05
2025/02/27 12:01:27 - mmengine - INFO - paramwise_options -- backbone.network.4.8.token_mixer.mixer.rbr_conv.0.bn.weight:weight_decay=0.05
2025/02/27 12:01:27 - mmengine - INFO - paramwise_options -- backbone.network.4.8.token_mixer.mixer.rbr_conv.0.bn.weight:lr_mult=0.1
2025/02/27 12:01:27 - mmengine - INFO - paramwise_options -- backbone.network.4.8.token_mixer.mixer.rbr_conv.0.bn.weight:decay_mult=1.0
2025/02/27 12:01:27 - mmengine - INFO - paramwise_options -- backbone.network.4.8.token_mixer.mixer.rbr_conv.0.bn.bias:lr=1e-05
2025/02/27 12:01:27 - mmengine - INFO - paramwise_options -- backbone.network.4.8.token_mixer.mixer.rbr_conv.0.bn.bias:weight_decay=0.05
2025/02/27 12:01:27 - mmengine - INFO - paramwise_options -- backbone.network.4.8.token_mixer.mixer.rbr_conv.0.bn.bias:lr_mult=0.1
2025/02/27 12:01:27 - mmengine - INFO - paramwise_options -- backbone.network.4.8.token_mixer.mixer.rbr_conv.0.bn.bias:decay_mult=1.0
2025/02/27 12:01:27 - mmengine - INFO - paramwise_options -- backbone.network.4.8.token_mixer.mixer.rbr_scale.conv.weight:lr=1e-05
2025/02/27 12:01:27 - mmengine - INFO - paramwise_options -- backbone.network.4.8.token_mixer.mixer.rbr_scale.conv.weight:weight_decay=0.05
2025/02/27 12:01:27 - mmengine - INFO - paramwise_options -- backbone.network.4.8.token_mixer.mixer.rbr_scale.conv.weight:lr_mult=0.1
2025/02/27 12:01:27 - mmengine - INFO - paramwise_options -- backbone.network.4.8.token_mixer.mixer.rbr_scale.conv.weight:decay_mult=1.0
2025/02/27 12:01:27 - mmengine - INFO - paramwise_options -- backbone.network.4.8.token_mixer.mixer.rbr_scale.bn.weight:lr=1e-05
2025/02/27 12:01:27 - mmengine - INFO - paramwise_options -- backbone.network.4.8.token_mixer.mixer.rbr_scale.bn.weight:weight_decay=0.05
2025/02/27 12:01:27 - mmengine - INFO - paramwise_options -- backbone.network.4.8.token_mixer.mixer.rbr_scale.bn.weight:lr_mult=0.1
2025/02/27 12:01:27 - mmengine - INFO - paramwise_options -- backbone.network.4.8.token_mixer.mixer.rbr_scale.bn.weight:decay_mult=1.0
2025/02/27 12:01:27 - mmengine - INFO - paramwise_options -- backbone.network.4.8.token_mixer.mixer.rbr_scale.bn.bias:lr=1e-05
2025/02/27 12:01:27 - mmengine - INFO - paramwise_options -- backbone.network.4.8.token_mixer.mixer.rbr_scale.bn.bias:weight_decay=0.05
2025/02/27 12:01:27 - mmengine - INFO - paramwise_options -- backbone.network.4.8.token_mixer.mixer.rbr_scale.bn.bias:lr_mult=0.1
2025/02/27 12:01:27 - mmengine - INFO - paramwise_options -- backbone.network.4.8.token_mixer.mixer.rbr_scale.bn.bias:decay_mult=1.0
2025/02/27 12:01:27 - mmengine - INFO - paramwise_options -- backbone.network.4.8.convffn.conv.conv.weight:lr=1e-05
2025/02/27 12:01:27 - mmengine - INFO - paramwise_options -- backbone.network.4.8.convffn.conv.conv.weight:weight_decay=0.05
2025/02/27 12:01:27 - mmengine - INFO - paramwise_options -- backbone.network.4.8.convffn.conv.conv.weight:lr_mult=0.1
2025/02/27 12:01:27 - mmengine - INFO - paramwise_options -- backbone.network.4.8.convffn.conv.conv.weight:decay_mult=1.0
2025/02/27 12:01:27 - mmengine - INFO - paramwise_options -- backbone.network.4.8.convffn.conv.bn.weight:lr=1e-05
2025/02/27 12:01:27 - mmengine - INFO - paramwise_options -- backbone.network.4.8.convffn.conv.bn.weight:weight_decay=0.05
2025/02/27 12:01:27 - mmengine - INFO - paramwise_options -- backbone.network.4.8.convffn.conv.bn.weight:lr_mult=0.1
2025/02/27 12:01:27 - mmengine - INFO - paramwise_options -- backbone.network.4.8.convffn.conv.bn.weight:decay_mult=1.0
2025/02/27 12:01:27 - mmengine - INFO - paramwise_options -- backbone.network.4.8.convffn.conv.bn.bias:lr=1e-05
2025/02/27 12:01:27 - mmengine - INFO - paramwise_options -- backbone.network.4.8.convffn.conv.bn.bias:weight_decay=0.05
2025/02/27 12:01:27 - mmengine - INFO - paramwise_options -- backbone.network.4.8.convffn.conv.bn.bias:lr_mult=0.1
2025/02/27 12:01:27 - mmengine - INFO - paramwise_options -- backbone.network.4.8.convffn.conv.bn.bias:decay_mult=1.0
2025/02/27 12:01:27 - mmengine - INFO - paramwise_options -- backbone.network.4.8.convffn.fc1.weight:lr=1e-05
2025/02/27 12:01:27 - mmengine - INFO - paramwise_options -- backbone.network.4.8.convffn.fc1.weight:weight_decay=0.05
2025/02/27 12:01:27 - mmengine - INFO - paramwise_options -- backbone.network.4.8.convffn.fc1.weight:lr_mult=0.1
2025/02/27 12:01:27 - mmengine - INFO - paramwise_options -- backbone.network.4.8.convffn.fc1.weight:decay_mult=1.0
2025/02/27 12:01:27 - mmengine - INFO - paramwise_options -- backbone.network.4.8.convffn.fc1.bias:lr=1e-05
2025/02/27 12:01:27 - mmengine - INFO - paramwise_options -- backbone.network.4.8.convffn.fc1.bias:weight_decay=0.05
2025/02/27 12:01:27 - mmengine - INFO - paramwise_options -- backbone.network.4.8.convffn.fc1.bias:lr_mult=0.1
2025/02/27 12:01:27 - mmengine - INFO - paramwise_options -- backbone.network.4.8.convffn.fc1.bias:decay_mult=1.0
2025/02/27 12:01:27 - mmengine - INFO - paramwise_options -- backbone.network.4.8.convffn.fc2.weight:lr=1e-05
2025/02/27 12:01:27 - mmengine - INFO - paramwise_options -- backbone.network.4.8.convffn.fc2.weight:weight_decay=0.05
2025/02/27 12:01:27 - mmengine - INFO - paramwise_options -- backbone.network.4.8.convffn.fc2.weight:lr_mult=0.1
2025/02/27 12:01:27 - mmengine - INFO - paramwise_options -- backbone.network.4.8.convffn.fc2.weight:decay_mult=1.0
2025/02/27 12:01:27 - mmengine - INFO - paramwise_options -- backbone.network.4.8.convffn.fc2.bias:lr=1e-05
2025/02/27 12:01:27 - mmengine - INFO - paramwise_options -- backbone.network.4.8.convffn.fc2.bias:weight_decay=0.05
2025/02/27 12:01:27 - mmengine - INFO - paramwise_options -- backbone.network.4.8.convffn.fc2.bias:lr_mult=0.1
2025/02/27 12:01:27 - mmengine - INFO - paramwise_options -- backbone.network.4.8.convffn.fc2.bias:decay_mult=1.0
2025/02/27 12:01:27 - mmengine - INFO - paramwise_options -- backbone.network.4.9.layer_scale:lr=1e-05
2025/02/27 12:01:27 - mmengine - INFO - paramwise_options -- backbone.network.4.9.layer_scale:weight_decay=0.05
2025/02/27 12:01:27 - mmengine - INFO - paramwise_options -- backbone.network.4.9.layer_scale:lr_mult=0.1
2025/02/27 12:01:27 - mmengine - INFO - paramwise_options -- backbone.network.4.9.layer_scale:decay_mult=1.0
2025/02/27 12:01:27 - mmengine - INFO - paramwise_options -- backbone.network.4.9.token_mixer.layer_scale:lr=1e-05
2025/02/27 12:01:27 - mmengine - INFO - paramwise_options -- backbone.network.4.9.token_mixer.layer_scale:weight_decay=0.05
2025/02/27 12:01:27 - mmengine - INFO - paramwise_options -- backbone.network.4.9.token_mixer.layer_scale:lr_mult=0.1
2025/02/27 12:01:27 - mmengine - INFO - paramwise_options -- backbone.network.4.9.token_mixer.layer_scale:decay_mult=1.0
2025/02/27 12:01:27 - mmengine - INFO - paramwise_options -- backbone.network.4.9.token_mixer.norm.rbr_skip.weight:lr=1e-05
2025/02/27 12:01:27 - mmengine - INFO - paramwise_options -- backbone.network.4.9.token_mixer.norm.rbr_skip.weight:weight_decay=0.05
2025/02/27 12:01:27 - mmengine - INFO - paramwise_options -- backbone.network.4.9.token_mixer.norm.rbr_skip.weight:lr_mult=0.1
2025/02/27 12:01:27 - mmengine - INFO - paramwise_options -- backbone.network.4.9.token_mixer.norm.rbr_skip.weight:decay_mult=1.0
2025/02/27 12:01:27 - mmengine - INFO - paramwise_options -- backbone.network.4.9.token_mixer.norm.rbr_skip.bias:lr=1e-05
2025/02/27 12:01:27 - mmengine - INFO - paramwise_options -- backbone.network.4.9.token_mixer.norm.rbr_skip.bias:weight_decay=0.05
2025/02/27 12:01:27 - mmengine - INFO - paramwise_options -- backbone.network.4.9.token_mixer.norm.rbr_skip.bias:lr_mult=0.1
2025/02/27 12:01:27 - mmengine - INFO - paramwise_options -- backbone.network.4.9.token_mixer.norm.rbr_skip.bias:decay_mult=1.0
2025/02/27 12:01:27 - mmengine - INFO - paramwise_options -- backbone.network.4.9.token_mixer.mixer.rbr_skip.weight:lr=1e-05
2025/02/27 12:01:27 - mmengine - INFO - paramwise_options -- backbone.network.4.9.token_mixer.mixer.rbr_skip.weight:weight_decay=0.05
2025/02/27 12:01:27 - mmengine - INFO - paramwise_options -- backbone.network.4.9.token_mixer.mixer.rbr_skip.weight:lr_mult=0.1
2025/02/27 12:01:27 - mmengine - INFO - paramwise_options -- backbone.network.4.9.token_mixer.mixer.rbr_skip.weight:decay_mult=1.0
2025/02/27 12:01:27 - mmengine - INFO - paramwise_options -- backbone.network.4.9.token_mixer.mixer.rbr_skip.bias:lr=1e-05
2025/02/27 12:01:27 - mmengine - INFO - paramwise_options -- backbone.network.4.9.token_mixer.mixer.rbr_skip.bias:weight_decay=0.05
2025/02/27 12:01:27 - mmengine - INFO - paramwise_options -- backbone.network.4.9.token_mixer.mixer.rbr_skip.bias:lr_mult=0.1
2025/02/27 12:01:27 - mmengine - INFO - paramwise_options -- backbone.network.4.9.token_mixer.mixer.rbr_skip.bias:decay_mult=1.0
2025/02/27 12:01:27 - mmengine - INFO - paramwise_options -- backbone.network.4.9.token_mixer.mixer.rbr_conv.0.conv.weight:lr=1e-05
2025/02/27 12:01:27 - mmengine - INFO - paramwise_options -- backbone.network.4.9.token_mixer.mixer.rbr_conv.0.conv.weight:weight_decay=0.05
2025/02/27 12:01:27 - mmengine - INFO - paramwise_options -- backbone.network.4.9.token_mixer.mixer.rbr_conv.0.conv.weight:lr_mult=0.1
2025/02/27 12:01:27 - mmengine - INFO - paramwise_options -- backbone.network.4.9.token_mixer.mixer.rbr_conv.0.conv.weight:decay_mult=1.0
2025/02/27 12:01:27 - mmengine - INFO - paramwise_options -- backbone.network.4.9.token_mixer.mixer.rbr_conv.0.bn.weight:lr=1e-05
2025/02/27 12:01:27 - mmengine - INFO - paramwise_options -- backbone.network.4.9.token_mixer.mixer.rbr_conv.0.bn.weight:weight_decay=0.05
2025/02/27 12:01:27 - mmengine - INFO - paramwise_options -- backbone.network.4.9.token_mixer.mixer.rbr_conv.0.bn.weight:lr_mult=0.1
2025/02/27 12:01:27 - mmengine - INFO - paramwise_options -- backbone.network.4.9.token_mixer.mixer.rbr_conv.0.bn.weight:decay_mult=1.0
2025/02/27 12:01:27 - mmengine - INFO - paramwise_options -- backbone.network.4.9.token_mixer.mixer.rbr_conv.0.bn.bias:lr=1e-05
2025/02/27 12:01:27 - mmengine - INFO - paramwise_options -- backbone.network.4.9.token_mixer.mixer.rbr_conv.0.bn.bias:weight_decay=0.05
2025/02/27 12:01:27 - mmengine - INFO - paramwise_options -- backbone.network.4.9.token_mixer.mixer.rbr_conv.0.bn.bias:lr_mult=0.1
2025/02/27 12:01:27 - mmengine - INFO - paramwise_options -- backbone.network.4.9.token_mixer.mixer.rbr_conv.0.bn.bias:decay_mult=1.0
2025/02/27 12:01:27 - mmengine - INFO - paramwise_options -- backbone.network.4.9.token_mixer.mixer.rbr_scale.conv.weight:lr=1e-05
2025/02/27 12:01:27 - mmengine - INFO - paramwise_options -- backbone.network.4.9.token_mixer.mixer.rbr_scale.conv.weight:weight_decay=0.05
2025/02/27 12:01:27 - mmengine - INFO - paramwise_options -- backbone.network.4.9.token_mixer.mixer.rbr_scale.conv.weight:lr_mult=0.1
2025/02/27 12:01:27 - mmengine - INFO - paramwise_options -- backbone.network.4.9.token_mixer.mixer.rbr_scale.conv.weight:decay_mult=1.0
2025/02/27 12:01:27 - mmengine - INFO - paramwise_options -- backbone.network.4.9.token_mixer.mixer.rbr_scale.bn.weight:lr=1e-05
2025/02/27 12:01:27 - mmengine - INFO - paramwise_options -- backbone.network.4.9.token_mixer.mixer.rbr_scale.bn.weight:weight_decay=0.05
2025/02/27 12:01:27 - mmengine - INFO - paramwise_options -- backbone.network.4.9.token_mixer.mixer.rbr_scale.bn.weight:lr_mult=0.1
2025/02/27 12:01:27 - mmengine - INFO - paramwise_options -- backbone.network.4.9.token_mixer.mixer.rbr_scale.bn.weight:decay_mult=1.0
2025/02/27 12:01:27 - mmengine - INFO - paramwise_options -- backbone.network.4.9.token_mixer.mixer.rbr_scale.bn.bias:lr=1e-05
2025/02/27 12:01:27 - mmengine - INFO - paramwise_options -- backbone.network.4.9.token_mixer.mixer.rbr_scale.bn.bias:weight_decay=0.05
2025/02/27 12:01:27 - mmengine - INFO - paramwise_options -- backbone.network.4.9.token_mixer.mixer.rbr_scale.bn.bias:lr_mult=0.1
2025/02/27 12:01:27 - mmengine - INFO - paramwise_options -- backbone.network.4.9.token_mixer.mixer.rbr_scale.bn.bias:decay_mult=1.0
2025/02/27 12:01:27 - mmengine - INFO - paramwise_options -- backbone.network.4.9.convffn.conv.conv.weight:lr=1e-05
2025/02/27 12:01:27 - mmengine - INFO - paramwise_options -- backbone.network.4.9.convffn.conv.conv.weight:weight_decay=0.05
2025/02/27 12:01:27 - mmengine - INFO - paramwise_options -- backbone.network.4.9.convffn.conv.conv.weight:lr_mult=0.1
2025/02/27 12:01:27 - mmengine - INFO - paramwise_options -- backbone.network.4.9.convffn.conv.conv.weight:decay_mult=1.0
2025/02/27 12:01:27 - mmengine - INFO - paramwise_options -- backbone.network.4.9.convffn.conv.bn.weight:lr=1e-05
2025/02/27 12:01:27 - mmengine - INFO - paramwise_options -- backbone.network.4.9.convffn.conv.bn.weight:weight_decay=0.05
2025/02/27 12:01:27 - mmengine - INFO - paramwise_options -- backbone.network.4.9.convffn.conv.bn.weight:lr_mult=0.1
2025/02/27 12:01:27 - mmengine - INFO - paramwise_options -- backbone.network.4.9.convffn.conv.bn.weight:decay_mult=1.0
2025/02/27 12:01:27 - mmengine - INFO - paramwise_options -- backbone.network.4.9.convffn.conv.bn.bias:lr=1e-05
2025/02/27 12:01:27 - mmengine - INFO - paramwise_options -- backbone.network.4.9.convffn.conv.bn.bias:weight_decay=0.05
2025/02/27 12:01:27 - mmengine - INFO - paramwise_options -- backbone.network.4.9.convffn.conv.bn.bias:lr_mult=0.1
2025/02/27 12:01:27 - mmengine - INFO - paramwise_options -- backbone.network.4.9.convffn.conv.bn.bias:decay_mult=1.0
2025/02/27 12:01:27 - mmengine - INFO - paramwise_options -- backbone.network.4.9.convffn.fc1.weight:lr=1e-05
2025/02/27 12:01:27 - mmengine - INFO - paramwise_options -- backbone.network.4.9.convffn.fc1.weight:weight_decay=0.05
2025/02/27 12:01:27 - mmengine - INFO - paramwise_options -- backbone.network.4.9.convffn.fc1.weight:lr_mult=0.1
2025/02/27 12:01:27 - mmengine - INFO - paramwise_options -- backbone.network.4.9.convffn.fc1.weight:decay_mult=1.0
2025/02/27 12:01:27 - mmengine - INFO - paramwise_options -- backbone.network.4.9.convffn.fc1.bias:lr=1e-05
2025/02/27 12:01:27 - mmengine - INFO - paramwise_options -- backbone.network.4.9.convffn.fc1.bias:weight_decay=0.05
2025/02/27 12:01:27 - mmengine - INFO - paramwise_options -- backbone.network.4.9.convffn.fc1.bias:lr_mult=0.1
2025/02/27 12:01:27 - mmengine - INFO - paramwise_options -- backbone.network.4.9.convffn.fc1.bias:decay_mult=1.0
2025/02/27 12:01:27 - mmengine - INFO - paramwise_options -- backbone.network.4.9.convffn.fc2.weight:lr=1e-05
2025/02/27 12:01:27 - mmengine - INFO - paramwise_options -- backbone.network.4.9.convffn.fc2.weight:weight_decay=0.05
2025/02/27 12:01:27 - mmengine - INFO - paramwise_options -- backbone.network.4.9.convffn.fc2.weight:lr_mult=0.1
2025/02/27 12:01:27 - mmengine - INFO - paramwise_options -- backbone.network.4.9.convffn.fc2.weight:decay_mult=1.0
2025/02/27 12:01:27 - mmengine - INFO - paramwise_options -- backbone.network.4.9.convffn.fc2.bias:lr=1e-05
2025/02/27 12:01:27 - mmengine - INFO - paramwise_options -- backbone.network.4.9.convffn.fc2.bias:weight_decay=0.05
2025/02/27 12:01:27 - mmengine - INFO - paramwise_options -- backbone.network.4.9.convffn.fc2.bias:lr_mult=0.1
2025/02/27 12:01:27 - mmengine - INFO - paramwise_options -- backbone.network.4.9.convffn.fc2.bias:decay_mult=1.0
2025/02/27 12:01:27 - mmengine - INFO - paramwise_options -- backbone.network.4.10.layer_scale:lr=1e-05
2025/02/27 12:01:27 - mmengine - INFO - paramwise_options -- backbone.network.4.10.layer_scale:weight_decay=0.05
2025/02/27 12:01:27 - mmengine - INFO - paramwise_options -- backbone.network.4.10.layer_scale:lr_mult=0.1
2025/02/27 12:01:27 - mmengine - INFO - paramwise_options -- backbone.network.4.10.layer_scale:decay_mult=1.0
2025/02/27 12:01:27 - mmengine - INFO - paramwise_options -- backbone.network.4.10.token_mixer.layer_scale:lr=1e-05
2025/02/27 12:01:27 - mmengine - INFO - paramwise_options -- backbone.network.4.10.token_mixer.layer_scale:weight_decay=0.05
2025/02/27 12:01:27 - mmengine - INFO - paramwise_options -- backbone.network.4.10.token_mixer.layer_scale:lr_mult=0.1
2025/02/27 12:01:27 - mmengine - INFO - paramwise_options -- backbone.network.4.10.token_mixer.layer_scale:decay_mult=1.0
2025/02/27 12:01:27 - mmengine - INFO - paramwise_options -- backbone.network.4.10.token_mixer.norm.rbr_skip.weight:lr=1e-05
2025/02/27 12:01:27 - mmengine - INFO - paramwise_options -- backbone.network.4.10.token_mixer.norm.rbr_skip.weight:weight_decay=0.05
2025/02/27 12:01:27 - mmengine - INFO - paramwise_options -- backbone.network.4.10.token_mixer.norm.rbr_skip.weight:lr_mult=0.1
2025/02/27 12:01:27 - mmengine - INFO - paramwise_options -- backbone.network.4.10.token_mixer.norm.rbr_skip.weight:decay_mult=1.0
2025/02/27 12:01:27 - mmengine - INFO - paramwise_options -- backbone.network.4.10.token_mixer.norm.rbr_skip.bias:lr=1e-05
2025/02/27 12:01:27 - mmengine - INFO - paramwise_options -- backbone.network.4.10.token_mixer.norm.rbr_skip.bias:weight_decay=0.05
2025/02/27 12:01:27 - mmengine - INFO - paramwise_options -- backbone.network.4.10.token_mixer.norm.rbr_skip.bias:lr_mult=0.1
2025/02/27 12:01:27 - mmengine - INFO - paramwise_options -- backbone.network.4.10.token_mixer.norm.rbr_skip.bias:decay_mult=1.0
2025/02/27 12:01:27 - mmengine - INFO - paramwise_options -- backbone.network.4.10.token_mixer.mixer.rbr_skip.weight:lr=1e-05
2025/02/27 12:01:27 - mmengine - INFO - paramwise_options -- backbone.network.4.10.token_mixer.mixer.rbr_skip.weight:weight_decay=0.05
2025/02/27 12:01:27 - mmengine - INFO - paramwise_options -- backbone.network.4.10.token_mixer.mixer.rbr_skip.weight:lr_mult=0.1
2025/02/27 12:01:27 - mmengine - INFO - paramwise_options -- backbone.network.4.10.token_mixer.mixer.rbr_skip.weight:decay_mult=1.0
2025/02/27 12:01:27 - mmengine - INFO - paramwise_options -- backbone.network.4.10.token_mixer.mixer.rbr_skip.bias:lr=1e-05
2025/02/27 12:01:27 - mmengine - INFO - paramwise_options -- backbone.network.4.10.token_mixer.mixer.rbr_skip.bias:weight_decay=0.05
2025/02/27 12:01:27 - mmengine - INFO - paramwise_options -- backbone.network.4.10.token_mixer.mixer.rbr_skip.bias:lr_mult=0.1
2025/02/27 12:01:27 - mmengine - INFO - paramwise_options -- backbone.network.4.10.token_mixer.mixer.rbr_skip.bias:decay_mult=1.0
2025/02/27 12:01:27 - mmengine - INFO - paramwise_options -- backbone.network.4.10.token_mixer.mixer.rbr_conv.0.conv.weight:lr=1e-05
2025/02/27 12:01:27 - mmengine - INFO - paramwise_options -- backbone.network.4.10.token_mixer.mixer.rbr_conv.0.conv.weight:weight_decay=0.05
2025/02/27 12:01:27 - mmengine - INFO - paramwise_options -- backbone.network.4.10.token_mixer.mixer.rbr_conv.0.conv.weight:lr_mult=0.1
2025/02/27 12:01:27 - mmengine - INFO - paramwise_options -- backbone.network.4.10.token_mixer.mixer.rbr_conv.0.conv.weight:decay_mult=1.0
2025/02/27 12:01:27 - mmengine - INFO - paramwise_options -- backbone.network.4.10.token_mixer.mixer.rbr_conv.0.bn.weight:lr=1e-05
2025/02/27 12:01:27 - mmengine - INFO - paramwise_options -- backbone.network.4.10.token_mixer.mixer.rbr_conv.0.bn.weight:weight_decay=0.05
2025/02/27 12:01:27 - mmengine - INFO - paramwise_options -- backbone.network.4.10.token_mixer.mixer.rbr_conv.0.bn.weight:lr_mult=0.1
2025/02/27 12:01:27 - mmengine - INFO - paramwise_options -- backbone.network.4.10.token_mixer.mixer.rbr_conv.0.bn.weight:decay_mult=1.0
2025/02/27 12:01:27 - mmengine - INFO - paramwise_options -- backbone.network.4.10.token_mixer.mixer.rbr_conv.0.bn.bias:lr=1e-05
2025/02/27 12:01:27 - mmengine - INFO - paramwise_options -- backbone.network.4.10.token_mixer.mixer.rbr_conv.0.bn.bias:weight_decay=0.05
2025/02/27 12:01:27 - mmengine - INFO - paramwise_options -- backbone.network.4.10.token_mixer.mixer.rbr_conv.0.bn.bias:lr_mult=0.1
2025/02/27 12:01:27 - mmengine - INFO - paramwise_options -- backbone.network.4.10.token_mixer.mixer.rbr_conv.0.bn.bias:decay_mult=1.0
2025/02/27 12:01:27 - mmengine - INFO - paramwise_options -- backbone.network.4.10.token_mixer.mixer.rbr_scale.conv.weight:lr=1e-05
2025/02/27 12:01:27 - mmengine - INFO - paramwise_options -- backbone.network.4.10.token_mixer.mixer.rbr_scale.conv.weight:weight_decay=0.05
2025/02/27 12:01:27 - mmengine - INFO - paramwise_options -- backbone.network.4.10.token_mixer.mixer.rbr_scale.conv.weight:lr_mult=0.1
2025/02/27 12:01:27 - mmengine - INFO - paramwise_options -- backbone.network.4.10.token_mixer.mixer.rbr_scale.conv.weight:decay_mult=1.0
2025/02/27 12:01:27 - mmengine - INFO - paramwise_options -- backbone.network.4.10.token_mixer.mixer.rbr_scale.bn.weight:lr=1e-05
2025/02/27 12:01:27 - mmengine - INFO - paramwise_options -- backbone.network.4.10.token_mixer.mixer.rbr_scale.bn.weight:weight_decay=0.05
2025/02/27 12:01:27 - mmengine - INFO - paramwise_options -- backbone.network.4.10.token_mixer.mixer.rbr_scale.bn.weight:lr_mult=0.1
2025/02/27 12:01:27 - mmengine - INFO - paramwise_options -- backbone.network.4.10.token_mixer.mixer.rbr_scale.bn.weight:decay_mult=1.0
2025/02/27 12:01:27 - mmengine - INFO - paramwise_options -- backbone.network.4.10.token_mixer.mixer.rbr_scale.bn.bias:lr=1e-05
2025/02/27 12:01:27 - mmengine - INFO - paramwise_options -- backbone.network.4.10.token_mixer.mixer.rbr_scale.bn.bias:weight_decay=0.05
2025/02/27 12:01:27 - mmengine - INFO - paramwise_options -- backbone.network.4.10.token_mixer.mixer.rbr_scale.bn.bias:lr_mult=0.1
2025/02/27 12:01:27 - mmengine - INFO - paramwise_options -- backbone.network.4.10.token_mixer.mixer.rbr_scale.bn.bias:decay_mult=1.0
2025/02/27 12:01:27 - mmengine - INFO - paramwise_options -- backbone.network.4.10.convffn.conv.conv.weight:lr=1e-05
2025/02/27 12:01:27 - mmengine - INFO - paramwise_options -- backbone.network.4.10.convffn.conv.conv.weight:weight_decay=0.05
2025/02/27 12:01:27 - mmengine - INFO - paramwise_options -- backbone.network.4.10.convffn.conv.conv.weight:lr_mult=0.1
2025/02/27 12:01:27 - mmengine - INFO - paramwise_options -- backbone.network.4.10.convffn.conv.conv.weight:decay_mult=1.0
2025/02/27 12:01:27 - mmengine - INFO - paramwise_options -- backbone.network.4.10.convffn.conv.bn.weight:lr=1e-05
2025/02/27 12:01:27 - mmengine - INFO - paramwise_options -- backbone.network.4.10.convffn.conv.bn.weight:weight_decay=0.05
2025/02/27 12:01:27 - mmengine - INFO - paramwise_options -- backbone.network.4.10.convffn.conv.bn.weight:lr_mult=0.1
2025/02/27 12:01:27 - mmengine - INFO - paramwise_options -- backbone.network.4.10.convffn.conv.bn.weight:decay_mult=1.0
2025/02/27 12:01:27 - mmengine - INFO - paramwise_options -- backbone.network.4.10.convffn.conv.bn.bias:lr=1e-05
2025/02/27 12:01:27 - mmengine - INFO - paramwise_options -- backbone.network.4.10.convffn.conv.bn.bias:weight_decay=0.05
2025/02/27 12:01:27 - mmengine - INFO - paramwise_options -- backbone.network.4.10.convffn.conv.bn.bias:lr_mult=0.1
2025/02/27 12:01:27 - mmengine - INFO - paramwise_options -- backbone.network.4.10.convffn.conv.bn.bias:decay_mult=1.0
2025/02/27 12:01:27 - mmengine - INFO - paramwise_options -- backbone.network.4.10.convffn.fc1.weight:lr=1e-05
2025/02/27 12:01:27 - mmengine - INFO - paramwise_options -- backbone.network.4.10.convffn.fc1.weight:weight_decay=0.05
2025/02/27 12:01:27 - mmengine - INFO - paramwise_options -- backbone.network.4.10.convffn.fc1.weight:lr_mult=0.1
2025/02/27 12:01:27 - mmengine - INFO - paramwise_options -- backbone.network.4.10.convffn.fc1.weight:decay_mult=1.0
2025/02/27 12:01:27 - mmengine - INFO - paramwise_options -- backbone.network.4.10.convffn.fc1.bias:lr=1e-05
2025/02/27 12:01:27 - mmengine - INFO - paramwise_options -- backbone.network.4.10.convffn.fc1.bias:weight_decay=0.05
2025/02/27 12:01:27 - mmengine - INFO - paramwise_options -- backbone.network.4.10.convffn.fc1.bias:lr_mult=0.1
2025/02/27 12:01:27 - mmengine - INFO - paramwise_options -- backbone.network.4.10.convffn.fc1.bias:decay_mult=1.0
2025/02/27 12:01:27 - mmengine - INFO - paramwise_options -- backbone.network.4.10.convffn.fc2.weight:lr=1e-05
2025/02/27 12:01:27 - mmengine - INFO - paramwise_options -- backbone.network.4.10.convffn.fc2.weight:weight_decay=0.05
2025/02/27 12:01:27 - mmengine - INFO - paramwise_options -- backbone.network.4.10.convffn.fc2.weight:lr_mult=0.1
2025/02/27 12:01:27 - mmengine - INFO - paramwise_options -- backbone.network.4.10.convffn.fc2.weight:decay_mult=1.0
2025/02/27 12:01:27 - mmengine - INFO - paramwise_options -- backbone.network.4.10.convffn.fc2.bias:lr=1e-05
2025/02/27 12:01:27 - mmengine - INFO - paramwise_options -- backbone.network.4.10.convffn.fc2.bias:weight_decay=0.05
2025/02/27 12:01:27 - mmengine - INFO - paramwise_options -- backbone.network.4.10.convffn.fc2.bias:lr_mult=0.1
2025/02/27 12:01:27 - mmengine - INFO - paramwise_options -- backbone.network.4.10.convffn.fc2.bias:decay_mult=1.0
2025/02/27 12:01:27 - mmengine - INFO - paramwise_options -- backbone.network.4.11.layer_scale:lr=1e-05
2025/02/27 12:01:27 - mmengine - INFO - paramwise_options -- backbone.network.4.11.layer_scale:weight_decay=0.05
2025/02/27 12:01:27 - mmengine - INFO - paramwise_options -- backbone.network.4.11.layer_scale:lr_mult=0.1
2025/02/27 12:01:27 - mmengine - INFO - paramwise_options -- backbone.network.4.11.layer_scale:decay_mult=1.0
2025/02/27 12:01:27 - mmengine - INFO - paramwise_options -- backbone.network.4.11.token_mixer.layer_scale:lr=1e-05
2025/02/27 12:01:27 - mmengine - INFO - paramwise_options -- backbone.network.4.11.token_mixer.layer_scale:weight_decay=0.05
2025/02/27 12:01:27 - mmengine - INFO - paramwise_options -- backbone.network.4.11.token_mixer.layer_scale:lr_mult=0.1
2025/02/27 12:01:27 - mmengine - INFO - paramwise_options -- backbone.network.4.11.token_mixer.layer_scale:decay_mult=1.0
2025/02/27 12:01:27 - mmengine - INFO - paramwise_options -- backbone.network.4.11.token_mixer.norm.rbr_skip.weight:lr=1e-05
2025/02/27 12:01:27 - mmengine - INFO - paramwise_options -- backbone.network.4.11.token_mixer.norm.rbr_skip.weight:weight_decay=0.05
2025/02/27 12:01:27 - mmengine - INFO - paramwise_options -- backbone.network.4.11.token_mixer.norm.rbr_skip.weight:lr_mult=0.1
2025/02/27 12:01:27 - mmengine - INFO - paramwise_options -- backbone.network.4.11.token_mixer.norm.rbr_skip.weight:decay_mult=1.0
2025/02/27 12:01:27 - mmengine - INFO - paramwise_options -- backbone.network.4.11.token_mixer.norm.rbr_skip.bias:lr=1e-05
2025/02/27 12:01:27 - mmengine - INFO - paramwise_options -- backbone.network.4.11.token_mixer.norm.rbr_skip.bias:weight_decay=0.05
2025/02/27 12:01:27 - mmengine - INFO - paramwise_options -- backbone.network.4.11.token_mixer.norm.rbr_skip.bias:lr_mult=0.1
2025/02/27 12:01:27 - mmengine - INFO - paramwise_options -- backbone.network.4.11.token_mixer.norm.rbr_skip.bias:decay_mult=1.0
2025/02/27 12:01:27 - mmengine - INFO - paramwise_options -- backbone.network.4.11.token_mixer.mixer.rbr_skip.weight:lr=1e-05
2025/02/27 12:01:27 - mmengine - INFO - paramwise_options -- backbone.network.4.11.token_mixer.mixer.rbr_skip.weight:weight_decay=0.05
2025/02/27 12:01:27 - mmengine - INFO - paramwise_options -- backbone.network.4.11.token_mixer.mixer.rbr_skip.weight:lr_mult=0.1
2025/02/27 12:01:27 - mmengine - INFO - paramwise_options -- backbone.network.4.11.token_mixer.mixer.rbr_skip.weight:decay_mult=1.0
2025/02/27 12:01:27 - mmengine - INFO - paramwise_options -- backbone.network.4.11.token_mixer.mixer.rbr_skip.bias:lr=1e-05
2025/02/27 12:01:27 - mmengine - INFO - paramwise_options -- backbone.network.4.11.token_mixer.mixer.rbr_skip.bias:weight_decay=0.05
2025/02/27 12:01:27 - mmengine - INFO - paramwise_options -- backbone.network.4.11.token_mixer.mixer.rbr_skip.bias:lr_mult=0.1
2025/02/27 12:01:27 - mmengine - INFO - paramwise_options -- backbone.network.4.11.token_mixer.mixer.rbr_skip.bias:decay_mult=1.0
2025/02/27 12:01:27 - mmengine - INFO - paramwise_options -- backbone.network.4.11.token_mixer.mixer.rbr_conv.0.conv.weight:lr=1e-05
2025/02/27 12:01:27 - mmengine - INFO - paramwise_options -- backbone.network.4.11.token_mixer.mixer.rbr_conv.0.conv.weight:weight_decay=0.05
2025/02/27 12:01:27 - mmengine - INFO - paramwise_options -- backbone.network.4.11.token_mixer.mixer.rbr_conv.0.conv.weight:lr_mult=0.1
2025/02/27 12:01:27 - mmengine - INFO - paramwise_options -- backbone.network.4.11.token_mixer.mixer.rbr_conv.0.conv.weight:decay_mult=1.0
2025/02/27 12:01:27 - mmengine - INFO - paramwise_options -- backbone.network.4.11.token_mixer.mixer.rbr_conv.0.bn.weight:lr=1e-05
2025/02/27 12:01:27 - mmengine - INFO - paramwise_options -- backbone.network.4.11.token_mixer.mixer.rbr_conv.0.bn.weight:weight_decay=0.05
2025/02/27 12:01:27 - mmengine - INFO - paramwise_options -- backbone.network.4.11.token_mixer.mixer.rbr_conv.0.bn.weight:lr_mult=0.1
2025/02/27 12:01:27 - mmengine - INFO - paramwise_options -- backbone.network.4.11.token_mixer.mixer.rbr_conv.0.bn.weight:decay_mult=1.0
2025/02/27 12:01:27 - mmengine - INFO - paramwise_options -- backbone.network.4.11.token_mixer.mixer.rbr_conv.0.bn.bias:lr=1e-05
2025/02/27 12:01:27 - mmengine - INFO - paramwise_options -- backbone.network.4.11.token_mixer.mixer.rbr_conv.0.bn.bias:weight_decay=0.05
2025/02/27 12:01:27 - mmengine - INFO - paramwise_options -- backbone.network.4.11.token_mixer.mixer.rbr_conv.0.bn.bias:lr_mult=0.1
2025/02/27 12:01:27 - mmengine - INFO - paramwise_options -- backbone.network.4.11.token_mixer.mixer.rbr_conv.0.bn.bias:decay_mult=1.0
2025/02/27 12:01:27 - mmengine - INFO - paramwise_options -- backbone.network.4.11.token_mixer.mixer.rbr_scale.conv.weight:lr=1e-05
2025/02/27 12:01:27 - mmengine - INFO - paramwise_options -- backbone.network.4.11.token_mixer.mixer.rbr_scale.conv.weight:weight_decay=0.05
2025/02/27 12:01:27 - mmengine - INFO - paramwise_options -- backbone.network.4.11.token_mixer.mixer.rbr_scale.conv.weight:lr_mult=0.1
2025/02/27 12:01:27 - mmengine - INFO - paramwise_options -- backbone.network.4.11.token_mixer.mixer.rbr_scale.conv.weight:decay_mult=1.0
2025/02/27 12:01:27 - mmengine - INFO - paramwise_options -- backbone.network.4.11.token_mixer.mixer.rbr_scale.bn.weight:lr=1e-05
2025/02/27 12:01:27 - mmengine - INFO - paramwise_options -- backbone.network.4.11.token_mixer.mixer.rbr_scale.bn.weight:weight_decay=0.05
2025/02/27 12:01:27 - mmengine - INFO - paramwise_options -- backbone.network.4.11.token_mixer.mixer.rbr_scale.bn.weight:lr_mult=0.1
2025/02/27 12:01:27 - mmengine - INFO - paramwise_options -- backbone.network.4.11.token_mixer.mixer.rbr_scale.bn.weight:decay_mult=1.0
2025/02/27 12:01:27 - mmengine - INFO - paramwise_options -- backbone.network.4.11.token_mixer.mixer.rbr_scale.bn.bias:lr=1e-05
2025/02/27 12:01:27 - mmengine - INFO - paramwise_options -- backbone.network.4.11.token_mixer.mixer.rbr_scale.bn.bias:weight_decay=0.05
2025/02/27 12:01:27 - mmengine - INFO - paramwise_options -- backbone.network.4.11.token_mixer.mixer.rbr_scale.bn.bias:lr_mult=0.1
2025/02/27 12:01:27 - mmengine - INFO - paramwise_options -- backbone.network.4.11.token_mixer.mixer.rbr_scale.bn.bias:decay_mult=1.0
2025/02/27 12:01:27 - mmengine - INFO - paramwise_options -- backbone.network.4.11.convffn.conv.conv.weight:lr=1e-05
2025/02/27 12:01:27 - mmengine - INFO - paramwise_options -- backbone.network.4.11.convffn.conv.conv.weight:weight_decay=0.05
2025/02/27 12:01:27 - mmengine - INFO - paramwise_options -- backbone.network.4.11.convffn.conv.conv.weight:lr_mult=0.1
2025/02/27 12:01:27 - mmengine - INFO - paramwise_options -- backbone.network.4.11.convffn.conv.conv.weight:decay_mult=1.0
2025/02/27 12:01:27 - mmengine - INFO - paramwise_options -- backbone.network.4.11.convffn.conv.bn.weight:lr=1e-05
2025/02/27 12:01:27 - mmengine - INFO - paramwise_options -- backbone.network.4.11.convffn.conv.bn.weight:weight_decay=0.05
2025/02/27 12:01:27 - mmengine - INFO - paramwise_options -- backbone.network.4.11.convffn.conv.bn.weight:lr_mult=0.1
2025/02/27 12:01:27 - mmengine - INFO - paramwise_options -- backbone.network.4.11.convffn.conv.bn.weight:decay_mult=1.0
2025/02/27 12:01:27 - mmengine - INFO - paramwise_options -- backbone.network.4.11.convffn.conv.bn.bias:lr=1e-05
2025/02/27 12:01:27 - mmengine - INFO - paramwise_options -- backbone.network.4.11.convffn.conv.bn.bias:weight_decay=0.05
2025/02/27 12:01:27 - mmengine - INFO - paramwise_options -- backbone.network.4.11.convffn.conv.bn.bias:lr_mult=0.1
2025/02/27 12:01:27 - mmengine - INFO - paramwise_options -- backbone.network.4.11.convffn.conv.bn.bias:decay_mult=1.0
2025/02/27 12:01:27 - mmengine - INFO - paramwise_options -- backbone.network.4.11.convffn.fc1.weight:lr=1e-05
2025/02/27 12:01:27 - mmengine - INFO - paramwise_options -- backbone.network.4.11.convffn.fc1.weight:weight_decay=0.05
2025/02/27 12:01:27 - mmengine - INFO - paramwise_options -- backbone.network.4.11.convffn.fc1.weight:lr_mult=0.1
2025/02/27 12:01:27 - mmengine - INFO - paramwise_options -- backbone.network.4.11.convffn.fc1.weight:decay_mult=1.0
2025/02/27 12:01:27 - mmengine - INFO - paramwise_options -- backbone.network.4.11.convffn.fc1.bias:lr=1e-05
2025/02/27 12:01:27 - mmengine - INFO - paramwise_options -- backbone.network.4.11.convffn.fc1.bias:weight_decay=0.05
2025/02/27 12:01:27 - mmengine - INFO - paramwise_options -- backbone.network.4.11.convffn.fc1.bias:lr_mult=0.1
2025/02/27 12:01:27 - mmengine - INFO - paramwise_options -- backbone.network.4.11.convffn.fc1.bias:decay_mult=1.0
2025/02/27 12:01:27 - mmengine - INFO - paramwise_options -- backbone.network.4.11.convffn.fc2.weight:lr=1e-05
2025/02/27 12:01:27 - mmengine - INFO - paramwise_options -- backbone.network.4.11.convffn.fc2.weight:weight_decay=0.05
2025/02/27 12:01:27 - mmengine - INFO - paramwise_options -- backbone.network.4.11.convffn.fc2.weight:lr_mult=0.1
2025/02/27 12:01:27 - mmengine - INFO - paramwise_options -- backbone.network.4.11.convffn.fc2.weight:decay_mult=1.0
2025/02/27 12:01:27 - mmengine - INFO - paramwise_options -- backbone.network.4.11.convffn.fc2.bias:lr=1e-05
2025/02/27 12:01:27 - mmengine - INFO - paramwise_options -- backbone.network.4.11.convffn.fc2.bias:weight_decay=0.05
2025/02/27 12:01:27 - mmengine - INFO - paramwise_options -- backbone.network.4.11.convffn.fc2.bias:lr_mult=0.1
2025/02/27 12:01:27 - mmengine - INFO - paramwise_options -- backbone.network.4.11.convffn.fc2.bias:decay_mult=1.0
2025/02/27 12:01:27 - mmengine - INFO - paramwise_options -- backbone.network.4.12.layer_scale:lr=1e-05
2025/02/27 12:01:27 - mmengine - INFO - paramwise_options -- backbone.network.4.12.layer_scale:weight_decay=0.05
2025/02/27 12:01:27 - mmengine - INFO - paramwise_options -- backbone.network.4.12.layer_scale:lr_mult=0.1
2025/02/27 12:01:27 - mmengine - INFO - paramwise_options -- backbone.network.4.12.layer_scale:decay_mult=1.0
2025/02/27 12:01:27 - mmengine - INFO - paramwise_options -- backbone.network.4.12.token_mixer.layer_scale:lr=1e-05
2025/02/27 12:01:27 - mmengine - INFO - paramwise_options -- backbone.network.4.12.token_mixer.layer_scale:weight_decay=0.05
2025/02/27 12:01:27 - mmengine - INFO - paramwise_options -- backbone.network.4.12.token_mixer.layer_scale:lr_mult=0.1
2025/02/27 12:01:27 - mmengine - INFO - paramwise_options -- backbone.network.4.12.token_mixer.layer_scale:decay_mult=1.0
2025/02/27 12:01:27 - mmengine - INFO - paramwise_options -- backbone.network.4.12.token_mixer.norm.rbr_skip.weight:lr=1e-05
2025/02/27 12:01:27 - mmengine - INFO - paramwise_options -- backbone.network.4.12.token_mixer.norm.rbr_skip.weight:weight_decay=0.05
2025/02/27 12:01:27 - mmengine - INFO - paramwise_options -- backbone.network.4.12.token_mixer.norm.rbr_skip.weight:lr_mult=0.1
2025/02/27 12:01:27 - mmengine - INFO - paramwise_options -- backbone.network.4.12.token_mixer.norm.rbr_skip.weight:decay_mult=1.0
2025/02/27 12:01:27 - mmengine - INFO - paramwise_options -- backbone.network.4.12.token_mixer.norm.rbr_skip.bias:lr=1e-05
2025/02/27 12:01:27 - mmengine - INFO - paramwise_options -- backbone.network.4.12.token_mixer.norm.rbr_skip.bias:weight_decay=0.05
2025/02/27 12:01:27 - mmengine - INFO - paramwise_options -- backbone.network.4.12.token_mixer.norm.rbr_skip.bias:lr_mult=0.1
2025/02/27 12:01:27 - mmengine - INFO - paramwise_options -- backbone.network.4.12.token_mixer.norm.rbr_skip.bias:decay_mult=1.0
2025/02/27 12:01:27 - mmengine - INFO - paramwise_options -- backbone.network.4.12.token_mixer.mixer.rbr_skip.weight:lr=1e-05
2025/02/27 12:01:27 - mmengine - INFO - paramwise_options -- backbone.network.4.12.token_mixer.mixer.rbr_skip.weight:weight_decay=0.05
2025/02/27 12:01:27 - mmengine - INFO - paramwise_options -- backbone.network.4.12.token_mixer.mixer.rbr_skip.weight:lr_mult=0.1
2025/02/27 12:01:27 - mmengine - INFO - paramwise_options -- backbone.network.4.12.token_mixer.mixer.rbr_skip.weight:decay_mult=1.0
2025/02/27 12:01:27 - mmengine - INFO - paramwise_options -- backbone.network.4.12.token_mixer.mixer.rbr_skip.bias:lr=1e-05
2025/02/27 12:01:27 - mmengine - INFO - paramwise_options -- backbone.network.4.12.token_mixer.mixer.rbr_skip.bias:weight_decay=0.05
2025/02/27 12:01:27 - mmengine - INFO - paramwise_options -- backbone.network.4.12.token_mixer.mixer.rbr_skip.bias:lr_mult=0.1
2025/02/27 12:01:27 - mmengine - INFO - paramwise_options -- backbone.network.4.12.token_mixer.mixer.rbr_skip.bias:decay_mult=1.0
2025/02/27 12:01:27 - mmengine - INFO - paramwise_options -- backbone.network.4.12.token_mixer.mixer.rbr_conv.0.conv.weight:lr=1e-05
2025/02/27 12:01:27 - mmengine - INFO - paramwise_options -- backbone.network.4.12.token_mixer.mixer.rbr_conv.0.conv.weight:weight_decay=0.05
2025/02/27 12:01:27 - mmengine - INFO - paramwise_options -- backbone.network.4.12.token_mixer.mixer.rbr_conv.0.conv.weight:lr_mult=0.1
2025/02/27 12:01:27 - mmengine - INFO - paramwise_options -- backbone.network.4.12.token_mixer.mixer.rbr_conv.0.conv.weight:decay_mult=1.0
2025/02/27 12:01:27 - mmengine - INFO - paramwise_options -- backbone.network.4.12.token_mixer.mixer.rbr_conv.0.bn.weight:lr=1e-05
2025/02/27 12:01:27 - mmengine - INFO - paramwise_options -- backbone.network.4.12.token_mixer.mixer.rbr_conv.0.bn.weight:weight_decay=0.05
2025/02/27 12:01:27 - mmengine - INFO - paramwise_options -- backbone.network.4.12.token_mixer.mixer.rbr_conv.0.bn.weight:lr_mult=0.1
2025/02/27 12:01:27 - mmengine - INFO - paramwise_options -- backbone.network.4.12.token_mixer.mixer.rbr_conv.0.bn.weight:decay_mult=1.0
2025/02/27 12:01:27 - mmengine - INFO - paramwise_options -- backbone.network.4.12.token_mixer.mixer.rbr_conv.0.bn.bias:lr=1e-05
2025/02/27 12:01:27 - mmengine - INFO - paramwise_options -- backbone.network.4.12.token_mixer.mixer.rbr_conv.0.bn.bias:weight_decay=0.05
2025/02/27 12:01:27 - mmengine - INFO - paramwise_options -- backbone.network.4.12.token_mixer.mixer.rbr_conv.0.bn.bias:lr_mult=0.1
2025/02/27 12:01:27 - mmengine - INFO - paramwise_options -- backbone.network.4.12.token_mixer.mixer.rbr_conv.0.bn.bias:decay_mult=1.0
2025/02/27 12:01:27 - mmengine - INFO - paramwise_options -- backbone.network.4.12.token_mixer.mixer.rbr_scale.conv.weight:lr=1e-05
2025/02/27 12:01:27 - mmengine - INFO - paramwise_options -- backbone.network.4.12.token_mixer.mixer.rbr_scale.conv.weight:weight_decay=0.05
2025/02/27 12:01:27 - mmengine - INFO - paramwise_options -- backbone.network.4.12.token_mixer.mixer.rbr_scale.conv.weight:lr_mult=0.1
2025/02/27 12:01:27 - mmengine - INFO - paramwise_options -- backbone.network.4.12.token_mixer.mixer.rbr_scale.conv.weight:decay_mult=1.0
2025/02/27 12:01:27 - mmengine - INFO - paramwise_options -- backbone.network.4.12.token_mixer.mixer.rbr_scale.bn.weight:lr=1e-05
2025/02/27 12:01:27 - mmengine - INFO - paramwise_options -- backbone.network.4.12.token_mixer.mixer.rbr_scale.bn.weight:weight_decay=0.05
2025/02/27 12:01:27 - mmengine - INFO - paramwise_options -- backbone.network.4.12.token_mixer.mixer.rbr_scale.bn.weight:lr_mult=0.1
2025/02/27 12:01:27 - mmengine - INFO - paramwise_options -- backbone.network.4.12.token_mixer.mixer.rbr_scale.bn.weight:decay_mult=1.0
2025/02/27 12:01:27 - mmengine - INFO - paramwise_options -- backbone.network.4.12.token_mixer.mixer.rbr_scale.bn.bias:lr=1e-05
2025/02/27 12:01:27 - mmengine - INFO - paramwise_options -- backbone.network.4.12.token_mixer.mixer.rbr_scale.bn.bias:weight_decay=0.05
2025/02/27 12:01:27 - mmengine - INFO - paramwise_options -- backbone.network.4.12.token_mixer.mixer.rbr_scale.bn.bias:lr_mult=0.1
2025/02/27 12:01:27 - mmengine - INFO - paramwise_options -- backbone.network.4.12.token_mixer.mixer.rbr_scale.bn.bias:decay_mult=1.0
2025/02/27 12:01:27 - mmengine - INFO - paramwise_options -- backbone.network.4.12.convffn.conv.conv.weight:lr=1e-05
2025/02/27 12:01:27 - mmengine - INFO - paramwise_options -- backbone.network.4.12.convffn.conv.conv.weight:weight_decay=0.05
2025/02/27 12:01:27 - mmengine - INFO - paramwise_options -- backbone.network.4.12.convffn.conv.conv.weight:lr_mult=0.1
2025/02/27 12:01:27 - mmengine - INFO - paramwise_options -- backbone.network.4.12.convffn.conv.conv.weight:decay_mult=1.0
2025/02/27 12:01:27 - mmengine - INFO - paramwise_options -- backbone.network.4.12.convffn.conv.bn.weight:lr=1e-05
2025/02/27 12:01:27 - mmengine - INFO - paramwise_options -- backbone.network.4.12.convffn.conv.bn.weight:weight_decay=0.05
2025/02/27 12:01:27 - mmengine - INFO - paramwise_options -- backbone.network.4.12.convffn.conv.bn.weight:lr_mult=0.1
2025/02/27 12:01:27 - mmengine - INFO - paramwise_options -- backbone.network.4.12.convffn.conv.bn.weight:decay_mult=1.0
2025/02/27 12:01:27 - mmengine - INFO - paramwise_options -- backbone.network.4.12.convffn.conv.bn.bias:lr=1e-05
2025/02/27 12:01:27 - mmengine - INFO - paramwise_options -- backbone.network.4.12.convffn.conv.bn.bias:weight_decay=0.05
2025/02/27 12:01:27 - mmengine - INFO - paramwise_options -- backbone.network.4.12.convffn.conv.bn.bias:lr_mult=0.1
2025/02/27 12:01:27 - mmengine - INFO - paramwise_options -- backbone.network.4.12.convffn.conv.bn.bias:decay_mult=1.0
2025/02/27 12:01:27 - mmengine - INFO - paramwise_options -- backbone.network.4.12.convffn.fc1.weight:lr=1e-05
2025/02/27 12:01:27 - mmengine - INFO - paramwise_options -- backbone.network.4.12.convffn.fc1.weight:weight_decay=0.05
2025/02/27 12:01:27 - mmengine - INFO - paramwise_options -- backbone.network.4.12.convffn.fc1.weight:lr_mult=0.1
2025/02/27 12:01:27 - mmengine - INFO - paramwise_options -- backbone.network.4.12.convffn.fc1.weight:decay_mult=1.0
2025/02/27 12:01:27 - mmengine - INFO - paramwise_options -- backbone.network.4.12.convffn.fc1.bias:lr=1e-05
2025/02/27 12:01:27 - mmengine - INFO - paramwise_options -- backbone.network.4.12.convffn.fc1.bias:weight_decay=0.05
2025/02/27 12:01:27 - mmengine - INFO - paramwise_options -- backbone.network.4.12.convffn.fc1.bias:lr_mult=0.1
2025/02/27 12:01:27 - mmengine - INFO - paramwise_options -- backbone.network.4.12.convffn.fc1.bias:decay_mult=1.0
2025/02/27 12:01:27 - mmengine - INFO - paramwise_options -- backbone.network.4.12.convffn.fc2.weight:lr=1e-05
2025/02/27 12:01:27 - mmengine - INFO - paramwise_options -- backbone.network.4.12.convffn.fc2.weight:weight_decay=0.05
2025/02/27 12:01:27 - mmengine - INFO - paramwise_options -- backbone.network.4.12.convffn.fc2.weight:lr_mult=0.1
2025/02/27 12:01:27 - mmengine - INFO - paramwise_options -- backbone.network.4.12.convffn.fc2.weight:decay_mult=1.0
2025/02/27 12:01:27 - mmengine - INFO - paramwise_options -- backbone.network.4.12.convffn.fc2.bias:lr=1e-05
2025/02/27 12:01:27 - mmengine - INFO - paramwise_options -- backbone.network.4.12.convffn.fc2.bias:weight_decay=0.05
2025/02/27 12:01:27 - mmengine - INFO - paramwise_options -- backbone.network.4.12.convffn.fc2.bias:lr_mult=0.1
2025/02/27 12:01:27 - mmengine - INFO - paramwise_options -- backbone.network.4.12.convffn.fc2.bias:decay_mult=1.0
2025/02/27 12:01:27 - mmengine - INFO - paramwise_options -- backbone.network.4.13.layer_scale:lr=1e-05
2025/02/27 12:01:27 - mmengine - INFO - paramwise_options -- backbone.network.4.13.layer_scale:weight_decay=0.05
2025/02/27 12:01:27 - mmengine - INFO - paramwise_options -- backbone.network.4.13.layer_scale:lr_mult=0.1
2025/02/27 12:01:27 - mmengine - INFO - paramwise_options -- backbone.network.4.13.layer_scale:decay_mult=1.0
2025/02/27 12:01:27 - mmengine - INFO - paramwise_options -- backbone.network.4.13.token_mixer.layer_scale:lr=1e-05
2025/02/27 12:01:27 - mmengine - INFO - paramwise_options -- backbone.network.4.13.token_mixer.layer_scale:weight_decay=0.05
2025/02/27 12:01:27 - mmengine - INFO - paramwise_options -- backbone.network.4.13.token_mixer.layer_scale:lr_mult=0.1
2025/02/27 12:01:27 - mmengine - INFO - paramwise_options -- backbone.network.4.13.token_mixer.layer_scale:decay_mult=1.0
2025/02/27 12:01:27 - mmengine - INFO - paramwise_options -- backbone.network.4.13.token_mixer.norm.rbr_skip.weight:lr=1e-05
2025/02/27 12:01:27 - mmengine - INFO - paramwise_options -- backbone.network.4.13.token_mixer.norm.rbr_skip.weight:weight_decay=0.05
2025/02/27 12:01:27 - mmengine - INFO - paramwise_options -- backbone.network.4.13.token_mixer.norm.rbr_skip.weight:lr_mult=0.1
2025/02/27 12:01:27 - mmengine - INFO - paramwise_options -- backbone.network.4.13.token_mixer.norm.rbr_skip.weight:decay_mult=1.0
2025/02/27 12:01:27 - mmengine - INFO - paramwise_options -- backbone.network.4.13.token_mixer.norm.rbr_skip.bias:lr=1e-05
2025/02/27 12:01:27 - mmengine - INFO - paramwise_options -- backbone.network.4.13.token_mixer.norm.rbr_skip.bias:weight_decay=0.05
2025/02/27 12:01:27 - mmengine - INFO - paramwise_options -- backbone.network.4.13.token_mixer.norm.rbr_skip.bias:lr_mult=0.1
2025/02/27 12:01:27 - mmengine - INFO - paramwise_options -- backbone.network.4.13.token_mixer.norm.rbr_skip.bias:decay_mult=1.0
2025/02/27 12:01:27 - mmengine - INFO - paramwise_options -- backbone.network.4.13.token_mixer.mixer.rbr_skip.weight:lr=1e-05
2025/02/27 12:01:27 - mmengine - INFO - paramwise_options -- backbone.network.4.13.token_mixer.mixer.rbr_skip.weight:weight_decay=0.05
2025/02/27 12:01:27 - mmengine - INFO - paramwise_options -- backbone.network.4.13.token_mixer.mixer.rbr_skip.weight:lr_mult=0.1
2025/02/27 12:01:27 - mmengine - INFO - paramwise_options -- backbone.network.4.13.token_mixer.mixer.rbr_skip.weight:decay_mult=1.0
2025/02/27 12:01:27 - mmengine - INFO - paramwise_options -- backbone.network.4.13.token_mixer.mixer.rbr_skip.bias:lr=1e-05
2025/02/27 12:01:27 - mmengine - INFO - paramwise_options -- backbone.network.4.13.token_mixer.mixer.rbr_skip.bias:weight_decay=0.05
2025/02/27 12:01:27 - mmengine - INFO - paramwise_options -- backbone.network.4.13.token_mixer.mixer.rbr_skip.bias:lr_mult=0.1
2025/02/27 12:01:27 - mmengine - INFO - paramwise_options -- backbone.network.4.13.token_mixer.mixer.rbr_skip.bias:decay_mult=1.0
2025/02/27 12:01:27 - mmengine - INFO - paramwise_options -- backbone.network.4.13.token_mixer.mixer.rbr_conv.0.conv.weight:lr=1e-05
2025/02/27 12:01:27 - mmengine - INFO - paramwise_options -- backbone.network.4.13.token_mixer.mixer.rbr_conv.0.conv.weight:weight_decay=0.05
2025/02/27 12:01:27 - mmengine - INFO - paramwise_options -- backbone.network.4.13.token_mixer.mixer.rbr_conv.0.conv.weight:lr_mult=0.1
2025/02/27 12:01:27 - mmengine - INFO - paramwise_options -- backbone.network.4.13.token_mixer.mixer.rbr_conv.0.conv.weight:decay_mult=1.0
2025/02/27 12:01:27 - mmengine - INFO - paramwise_options -- backbone.network.4.13.token_mixer.mixer.rbr_conv.0.bn.weight:lr=1e-05
2025/02/27 12:01:27 - mmengine - INFO - paramwise_options -- backbone.network.4.13.token_mixer.mixer.rbr_conv.0.bn.weight:weight_decay=0.05
2025/02/27 12:01:27 - mmengine - INFO - paramwise_options -- backbone.network.4.13.token_mixer.mixer.rbr_conv.0.bn.weight:lr_mult=0.1
2025/02/27 12:01:27 - mmengine - INFO - paramwise_options -- backbone.network.4.13.token_mixer.mixer.rbr_conv.0.bn.weight:decay_mult=1.0
2025/02/27 12:01:27 - mmengine - INFO - paramwise_options -- backbone.network.4.13.token_mixer.mixer.rbr_conv.0.bn.bias:lr=1e-05
2025/02/27 12:01:27 - mmengine - INFO - paramwise_options -- backbone.network.4.13.token_mixer.mixer.rbr_conv.0.bn.bias:weight_decay=0.05
2025/02/27 12:01:27 - mmengine - INFO - paramwise_options -- backbone.network.4.13.token_mixer.mixer.rbr_conv.0.bn.bias:lr_mult=0.1
2025/02/27 12:01:27 - mmengine - INFO - paramwise_options -- backbone.network.4.13.token_mixer.mixer.rbr_conv.0.bn.bias:decay_mult=1.0
2025/02/27 12:01:27 - mmengine - INFO - paramwise_options -- backbone.network.4.13.token_mixer.mixer.rbr_scale.conv.weight:lr=1e-05
2025/02/27 12:01:27 - mmengine - INFO - paramwise_options -- backbone.network.4.13.token_mixer.mixer.rbr_scale.conv.weight:weight_decay=0.05
2025/02/27 12:01:27 - mmengine - INFO - paramwise_options -- backbone.network.4.13.token_mixer.mixer.rbr_scale.conv.weight:lr_mult=0.1
2025/02/27 12:01:27 - mmengine - INFO - paramwise_options -- backbone.network.4.13.token_mixer.mixer.rbr_scale.conv.weight:decay_mult=1.0
2025/02/27 12:01:27 - mmengine - INFO - paramwise_options -- backbone.network.4.13.token_mixer.mixer.rbr_scale.bn.weight:lr=1e-05
2025/02/27 12:01:27 - mmengine - INFO - paramwise_options -- backbone.network.4.13.token_mixer.mixer.rbr_scale.bn.weight:weight_decay=0.05
2025/02/27 12:01:27 - mmengine - INFO - paramwise_options -- backbone.network.4.13.token_mixer.mixer.rbr_scale.bn.weight:lr_mult=0.1
2025/02/27 12:01:27 - mmengine - INFO - paramwise_options -- backbone.network.4.13.token_mixer.mixer.rbr_scale.bn.weight:decay_mult=1.0
2025/02/27 12:01:27 - mmengine - INFO - paramwise_options -- backbone.network.4.13.token_mixer.mixer.rbr_scale.bn.bias:lr=1e-05
2025/02/27 12:01:27 - mmengine - INFO - paramwise_options -- backbone.network.4.13.token_mixer.mixer.rbr_scale.bn.bias:weight_decay=0.05
2025/02/27 12:01:27 - mmengine - INFO - paramwise_options -- backbone.network.4.13.token_mixer.mixer.rbr_scale.bn.bias:lr_mult=0.1
2025/02/27 12:01:27 - mmengine - INFO - paramwise_options -- backbone.network.4.13.token_mixer.mixer.rbr_scale.bn.bias:decay_mult=1.0
2025/02/27 12:01:27 - mmengine - INFO - paramwise_options -- backbone.network.4.13.convffn.conv.conv.weight:lr=1e-05
2025/02/27 12:01:27 - mmengine - INFO - paramwise_options -- backbone.network.4.13.convffn.conv.conv.weight:weight_decay=0.05
2025/02/27 12:01:27 - mmengine - INFO - paramwise_options -- backbone.network.4.13.convffn.conv.conv.weight:lr_mult=0.1
2025/02/27 12:01:27 - mmengine - INFO - paramwise_options -- backbone.network.4.13.convffn.conv.conv.weight:decay_mult=1.0
2025/02/27 12:01:27 - mmengine - INFO - paramwise_options -- backbone.network.4.13.convffn.conv.bn.weight:lr=1e-05
2025/02/27 12:01:27 - mmengine - INFO - paramwise_options -- backbone.network.4.13.convffn.conv.bn.weight:weight_decay=0.05
2025/02/27 12:01:27 - mmengine - INFO - paramwise_options -- backbone.network.4.13.convffn.conv.bn.weight:lr_mult=0.1
2025/02/27 12:01:27 - mmengine - INFO - paramwise_options -- backbone.network.4.13.convffn.conv.bn.weight:decay_mult=1.0
2025/02/27 12:01:27 - mmengine - INFO - paramwise_options -- backbone.network.4.13.convffn.conv.bn.bias:lr=1e-05
2025/02/27 12:01:27 - mmengine - INFO - paramwise_options -- backbone.network.4.13.convffn.conv.bn.bias:weight_decay=0.05
2025/02/27 12:01:27 - mmengine - INFO - paramwise_options -- backbone.network.4.13.convffn.conv.bn.bias:lr_mult=0.1
2025/02/27 12:01:27 - mmengine - INFO - paramwise_options -- backbone.network.4.13.convffn.conv.bn.bias:decay_mult=1.0
2025/02/27 12:01:27 - mmengine - INFO - paramwise_options -- backbone.network.4.13.convffn.fc1.weight:lr=1e-05
2025/02/27 12:01:27 - mmengine - INFO - paramwise_options -- backbone.network.4.13.convffn.fc1.weight:weight_decay=0.05
2025/02/27 12:01:27 - mmengine - INFO - paramwise_options -- backbone.network.4.13.convffn.fc1.weight:lr_mult=0.1
2025/02/27 12:01:27 - mmengine - INFO - paramwise_options -- backbone.network.4.13.convffn.fc1.weight:decay_mult=1.0
2025/02/27 12:01:27 - mmengine - INFO - paramwise_options -- backbone.network.4.13.convffn.fc1.bias:lr=1e-05
2025/02/27 12:01:27 - mmengine - INFO - paramwise_options -- backbone.network.4.13.convffn.fc1.bias:weight_decay=0.05
2025/02/27 12:01:27 - mmengine - INFO - paramwise_options -- backbone.network.4.13.convffn.fc1.bias:lr_mult=0.1
2025/02/27 12:01:27 - mmengine - INFO - paramwise_options -- backbone.network.4.13.convffn.fc1.bias:decay_mult=1.0
2025/02/27 12:01:27 - mmengine - INFO - paramwise_options -- backbone.network.4.13.convffn.fc2.weight:lr=1e-05
2025/02/27 12:01:27 - mmengine - INFO - paramwise_options -- backbone.network.4.13.convffn.fc2.weight:weight_decay=0.05
2025/02/27 12:01:27 - mmengine - INFO - paramwise_options -- backbone.network.4.13.convffn.fc2.weight:lr_mult=0.1
2025/02/27 12:01:27 - mmengine - INFO - paramwise_options -- backbone.network.4.13.convffn.fc2.weight:decay_mult=1.0
2025/02/27 12:01:27 - mmengine - INFO - paramwise_options -- backbone.network.4.13.convffn.fc2.bias:lr=1e-05
2025/02/27 12:01:27 - mmengine - INFO - paramwise_options -- backbone.network.4.13.convffn.fc2.bias:weight_decay=0.05
2025/02/27 12:01:27 - mmengine - INFO - paramwise_options -- backbone.network.4.13.convffn.fc2.bias:lr_mult=0.1
2025/02/27 12:01:27 - mmengine - INFO - paramwise_options -- backbone.network.4.13.convffn.fc2.bias:decay_mult=1.0
2025/02/27 12:01:27 - mmengine - INFO - paramwise_options -- backbone.network.4.14.layer_scale:lr=1e-05
2025/02/27 12:01:27 - mmengine - INFO - paramwise_options -- backbone.network.4.14.layer_scale:weight_decay=0.05
2025/02/27 12:01:27 - mmengine - INFO - paramwise_options -- backbone.network.4.14.layer_scale:lr_mult=0.1
2025/02/27 12:01:27 - mmengine - INFO - paramwise_options -- backbone.network.4.14.layer_scale:decay_mult=1.0
2025/02/27 12:01:27 - mmengine - INFO - paramwise_options -- backbone.network.4.14.token_mixer.layer_scale:lr=1e-05
2025/02/27 12:01:27 - mmengine - INFO - paramwise_options -- backbone.network.4.14.token_mixer.layer_scale:weight_decay=0.05
2025/02/27 12:01:27 - mmengine - INFO - paramwise_options -- backbone.network.4.14.token_mixer.layer_scale:lr_mult=0.1
2025/02/27 12:01:27 - mmengine - INFO - paramwise_options -- backbone.network.4.14.token_mixer.layer_scale:decay_mult=1.0
2025/02/27 12:01:27 - mmengine - INFO - paramwise_options -- backbone.network.4.14.token_mixer.norm.rbr_skip.weight:lr=1e-05
2025/02/27 12:01:27 - mmengine - INFO - paramwise_options -- backbone.network.4.14.token_mixer.norm.rbr_skip.weight:weight_decay=0.05
2025/02/27 12:01:27 - mmengine - INFO - paramwise_options -- backbone.network.4.14.token_mixer.norm.rbr_skip.weight:lr_mult=0.1
2025/02/27 12:01:27 - mmengine - INFO - paramwise_options -- backbone.network.4.14.token_mixer.norm.rbr_skip.weight:decay_mult=1.0
2025/02/27 12:01:27 - mmengine - INFO - paramwise_options -- backbone.network.4.14.token_mixer.norm.rbr_skip.bias:lr=1e-05
2025/02/27 12:01:27 - mmengine - INFO - paramwise_options -- backbone.network.4.14.token_mixer.norm.rbr_skip.bias:weight_decay=0.05
2025/02/27 12:01:27 - mmengine - INFO - paramwise_options -- backbone.network.4.14.token_mixer.norm.rbr_skip.bias:lr_mult=0.1
2025/02/27 12:01:27 - mmengine - INFO - paramwise_options -- backbone.network.4.14.token_mixer.norm.rbr_skip.bias:decay_mult=1.0
2025/02/27 12:01:27 - mmengine - INFO - paramwise_options -- backbone.network.4.14.token_mixer.mixer.rbr_skip.weight:lr=1e-05
2025/02/27 12:01:27 - mmengine - INFO - paramwise_options -- backbone.network.4.14.token_mixer.mixer.rbr_skip.weight:weight_decay=0.05
2025/02/27 12:01:27 - mmengine - INFO - paramwise_options -- backbone.network.4.14.token_mixer.mixer.rbr_skip.weight:lr_mult=0.1
2025/02/27 12:01:27 - mmengine - INFO - paramwise_options -- backbone.network.4.14.token_mixer.mixer.rbr_skip.weight:decay_mult=1.0
2025/02/27 12:01:27 - mmengine - INFO - paramwise_options -- backbone.network.4.14.token_mixer.mixer.rbr_skip.bias:lr=1e-05
2025/02/27 12:01:27 - mmengine - INFO - paramwise_options -- backbone.network.4.14.token_mixer.mixer.rbr_skip.bias:weight_decay=0.05
2025/02/27 12:01:27 - mmengine - INFO - paramwise_options -- backbone.network.4.14.token_mixer.mixer.rbr_skip.bias:lr_mult=0.1
2025/02/27 12:01:27 - mmengine - INFO - paramwise_options -- backbone.network.4.14.token_mixer.mixer.rbr_skip.bias:decay_mult=1.0
2025/02/27 12:01:27 - mmengine - INFO - paramwise_options -- backbone.network.4.14.token_mixer.mixer.rbr_conv.0.conv.weight:lr=1e-05
2025/02/27 12:01:27 - mmengine - INFO - paramwise_options -- backbone.network.4.14.token_mixer.mixer.rbr_conv.0.conv.weight:weight_decay=0.05
2025/02/27 12:01:27 - mmengine - INFO - paramwise_options -- backbone.network.4.14.token_mixer.mixer.rbr_conv.0.conv.weight:lr_mult=0.1
2025/02/27 12:01:27 - mmengine - INFO - paramwise_options -- backbone.network.4.14.token_mixer.mixer.rbr_conv.0.conv.weight:decay_mult=1.0
2025/02/27 12:01:27 - mmengine - INFO - paramwise_options -- backbone.network.4.14.token_mixer.mixer.rbr_conv.0.bn.weight:lr=1e-05
2025/02/27 12:01:27 - mmengine - INFO - paramwise_options -- backbone.network.4.14.token_mixer.mixer.rbr_conv.0.bn.weight:weight_decay=0.05
2025/02/27 12:01:27 - mmengine - INFO - paramwise_options -- backbone.network.4.14.token_mixer.mixer.rbr_conv.0.bn.weight:lr_mult=0.1
2025/02/27 12:01:27 - mmengine - INFO - paramwise_options -- backbone.network.4.14.token_mixer.mixer.rbr_conv.0.bn.weight:decay_mult=1.0
2025/02/27 12:01:27 - mmengine - INFO - paramwise_options -- backbone.network.4.14.token_mixer.mixer.rbr_conv.0.bn.bias:lr=1e-05
2025/02/27 12:01:27 - mmengine - INFO - paramwise_options -- backbone.network.4.14.token_mixer.mixer.rbr_conv.0.bn.bias:weight_decay=0.05
2025/02/27 12:01:27 - mmengine - INFO - paramwise_options -- backbone.network.4.14.token_mixer.mixer.rbr_conv.0.bn.bias:lr_mult=0.1
2025/02/27 12:01:27 - mmengine - INFO - paramwise_options -- backbone.network.4.14.token_mixer.mixer.rbr_conv.0.bn.bias:decay_mult=1.0
2025/02/27 12:01:27 - mmengine - INFO - paramwise_options -- backbone.network.4.14.token_mixer.mixer.rbr_scale.conv.weight:lr=1e-05
2025/02/27 12:01:27 - mmengine - INFO - paramwise_options -- backbone.network.4.14.token_mixer.mixer.rbr_scale.conv.weight:weight_decay=0.05
2025/02/27 12:01:27 - mmengine - INFO - paramwise_options -- backbone.network.4.14.token_mixer.mixer.rbr_scale.conv.weight:lr_mult=0.1
2025/02/27 12:01:27 - mmengine - INFO - paramwise_options -- backbone.network.4.14.token_mixer.mixer.rbr_scale.conv.weight:decay_mult=1.0
2025/02/27 12:01:27 - mmengine - INFO - paramwise_options -- backbone.network.4.14.token_mixer.mixer.rbr_scale.bn.weight:lr=1e-05
2025/02/27 12:01:27 - mmengine - INFO - paramwise_options -- backbone.network.4.14.token_mixer.mixer.rbr_scale.bn.weight:weight_decay=0.05
2025/02/27 12:01:27 - mmengine - INFO - paramwise_options -- backbone.network.4.14.token_mixer.mixer.rbr_scale.bn.weight:lr_mult=0.1
2025/02/27 12:01:27 - mmengine - INFO - paramwise_options -- backbone.network.4.14.token_mixer.mixer.rbr_scale.bn.weight:decay_mult=1.0
2025/02/27 12:01:27 - mmengine - INFO - paramwise_options -- backbone.network.4.14.token_mixer.mixer.rbr_scale.bn.bias:lr=1e-05
2025/02/27 12:01:27 - mmengine - INFO - paramwise_options -- backbone.network.4.14.token_mixer.mixer.rbr_scale.bn.bias:weight_decay=0.05
2025/02/27 12:01:27 - mmengine - INFO - paramwise_options -- backbone.network.4.14.token_mixer.mixer.rbr_scale.bn.bias:lr_mult=0.1
2025/02/27 12:01:27 - mmengine - INFO - paramwise_options -- backbone.network.4.14.token_mixer.mixer.rbr_scale.bn.bias:decay_mult=1.0
2025/02/27 12:01:27 - mmengine - INFO - paramwise_options -- backbone.network.4.14.convffn.conv.conv.weight:lr=1e-05
2025/02/27 12:01:27 - mmengine - INFO - paramwise_options -- backbone.network.4.14.convffn.conv.conv.weight:weight_decay=0.05
2025/02/27 12:01:27 - mmengine - INFO - paramwise_options -- backbone.network.4.14.convffn.conv.conv.weight:lr_mult=0.1
2025/02/27 12:01:27 - mmengine - INFO - paramwise_options -- backbone.network.4.14.convffn.conv.conv.weight:decay_mult=1.0
2025/02/27 12:01:27 - mmengine - INFO - paramwise_options -- backbone.network.4.14.convffn.conv.bn.weight:lr=1e-05
2025/02/27 12:01:27 - mmengine - INFO - paramwise_options -- backbone.network.4.14.convffn.conv.bn.weight:weight_decay=0.05
2025/02/27 12:01:27 - mmengine - INFO - paramwise_options -- backbone.network.4.14.convffn.conv.bn.weight:lr_mult=0.1
2025/02/27 12:01:27 - mmengine - INFO - paramwise_options -- backbone.network.4.14.convffn.conv.bn.weight:decay_mult=1.0
2025/02/27 12:01:27 - mmengine - INFO - paramwise_options -- backbone.network.4.14.convffn.conv.bn.bias:lr=1e-05
2025/02/27 12:01:27 - mmengine - INFO - paramwise_options -- backbone.network.4.14.convffn.conv.bn.bias:weight_decay=0.05
2025/02/27 12:01:27 - mmengine - INFO - paramwise_options -- backbone.network.4.14.convffn.conv.bn.bias:lr_mult=0.1
2025/02/27 12:01:27 - mmengine - INFO - paramwise_options -- backbone.network.4.14.convffn.conv.bn.bias:decay_mult=1.0
2025/02/27 12:01:27 - mmengine - INFO - paramwise_options -- backbone.network.4.14.convffn.fc1.weight:lr=1e-05
2025/02/27 12:01:27 - mmengine - INFO - paramwise_options -- backbone.network.4.14.convffn.fc1.weight:weight_decay=0.05
2025/02/27 12:01:27 - mmengine - INFO - paramwise_options -- backbone.network.4.14.convffn.fc1.weight:lr_mult=0.1
2025/02/27 12:01:27 - mmengine - INFO - paramwise_options -- backbone.network.4.14.convffn.fc1.weight:decay_mult=1.0
2025/02/27 12:01:27 - mmengine - INFO - paramwise_options -- backbone.network.4.14.convffn.fc1.bias:lr=1e-05
2025/02/27 12:01:27 - mmengine - INFO - paramwise_options -- backbone.network.4.14.convffn.fc1.bias:weight_decay=0.05
2025/02/27 12:01:27 - mmengine - INFO - paramwise_options -- backbone.network.4.14.convffn.fc1.bias:lr_mult=0.1
2025/02/27 12:01:27 - mmengine - INFO - paramwise_options -- backbone.network.4.14.convffn.fc1.bias:decay_mult=1.0
2025/02/27 12:01:27 - mmengine - INFO - paramwise_options -- backbone.network.4.14.convffn.fc2.weight:lr=1e-05
2025/02/27 12:01:27 - mmengine - INFO - paramwise_options -- backbone.network.4.14.convffn.fc2.weight:weight_decay=0.05
2025/02/27 12:01:27 - mmengine - INFO - paramwise_options -- backbone.network.4.14.convffn.fc2.weight:lr_mult=0.1
2025/02/27 12:01:27 - mmengine - INFO - paramwise_options -- backbone.network.4.14.convffn.fc2.weight:decay_mult=1.0
2025/02/27 12:01:27 - mmengine - INFO - paramwise_options -- backbone.network.4.14.convffn.fc2.bias:lr=1e-05
2025/02/27 12:01:27 - mmengine - INFO - paramwise_options -- backbone.network.4.14.convffn.fc2.bias:weight_decay=0.05
2025/02/27 12:01:27 - mmengine - INFO - paramwise_options -- backbone.network.4.14.convffn.fc2.bias:lr_mult=0.1
2025/02/27 12:01:27 - mmengine - INFO - paramwise_options -- backbone.network.4.14.convffn.fc2.bias:decay_mult=1.0
2025/02/27 12:01:27 - mmengine - INFO - paramwise_options -- backbone.network.4.15.layer_scale:lr=1e-05
2025/02/27 12:01:27 - mmengine - INFO - paramwise_options -- backbone.network.4.15.layer_scale:weight_decay=0.05
2025/02/27 12:01:27 - mmengine - INFO - paramwise_options -- backbone.network.4.15.layer_scale:lr_mult=0.1
2025/02/27 12:01:27 - mmengine - INFO - paramwise_options -- backbone.network.4.15.layer_scale:decay_mult=1.0
2025/02/27 12:01:27 - mmengine - INFO - paramwise_options -- backbone.network.4.15.token_mixer.layer_scale:lr=1e-05
2025/02/27 12:01:27 - mmengine - INFO - paramwise_options -- backbone.network.4.15.token_mixer.layer_scale:weight_decay=0.05
2025/02/27 12:01:27 - mmengine - INFO - paramwise_options -- backbone.network.4.15.token_mixer.layer_scale:lr_mult=0.1
2025/02/27 12:01:27 - mmengine - INFO - paramwise_options -- backbone.network.4.15.token_mixer.layer_scale:decay_mult=1.0
2025/02/27 12:01:27 - mmengine - INFO - paramwise_options -- backbone.network.4.15.token_mixer.norm.rbr_skip.weight:lr=1e-05
2025/02/27 12:01:27 - mmengine - INFO - paramwise_options -- backbone.network.4.15.token_mixer.norm.rbr_skip.weight:weight_decay=0.05
2025/02/27 12:01:27 - mmengine - INFO - paramwise_options -- backbone.network.4.15.token_mixer.norm.rbr_skip.weight:lr_mult=0.1
2025/02/27 12:01:27 - mmengine - INFO - paramwise_options -- backbone.network.4.15.token_mixer.norm.rbr_skip.weight:decay_mult=1.0
2025/02/27 12:01:27 - mmengine - INFO - paramwise_options -- backbone.network.4.15.token_mixer.norm.rbr_skip.bias:lr=1e-05
2025/02/27 12:01:27 - mmengine - INFO - paramwise_options -- backbone.network.4.15.token_mixer.norm.rbr_skip.bias:weight_decay=0.05
2025/02/27 12:01:27 - mmengine - INFO - paramwise_options -- backbone.network.4.15.token_mixer.norm.rbr_skip.bias:lr_mult=0.1
2025/02/27 12:01:27 - mmengine - INFO - paramwise_options -- backbone.network.4.15.token_mixer.norm.rbr_skip.bias:decay_mult=1.0
2025/02/27 12:01:27 - mmengine - INFO - paramwise_options -- backbone.network.4.15.token_mixer.mixer.rbr_skip.weight:lr=1e-05
2025/02/27 12:01:27 - mmengine - INFO - paramwise_options -- backbone.network.4.15.token_mixer.mixer.rbr_skip.weight:weight_decay=0.05
2025/02/27 12:01:27 - mmengine - INFO - paramwise_options -- backbone.network.4.15.token_mixer.mixer.rbr_skip.weight:lr_mult=0.1
2025/02/27 12:01:27 - mmengine - INFO - paramwise_options -- backbone.network.4.15.token_mixer.mixer.rbr_skip.weight:decay_mult=1.0
2025/02/27 12:01:27 - mmengine - INFO - paramwise_options -- backbone.network.4.15.token_mixer.mixer.rbr_skip.bias:lr=1e-05
2025/02/27 12:01:27 - mmengine - INFO - paramwise_options -- backbone.network.4.15.token_mixer.mixer.rbr_skip.bias:weight_decay=0.05
2025/02/27 12:01:27 - mmengine - INFO - paramwise_options -- backbone.network.4.15.token_mixer.mixer.rbr_skip.bias:lr_mult=0.1
2025/02/27 12:01:27 - mmengine - INFO - paramwise_options -- backbone.network.4.15.token_mixer.mixer.rbr_skip.bias:decay_mult=1.0
2025/02/27 12:01:27 - mmengine - INFO - paramwise_options -- backbone.network.4.15.token_mixer.mixer.rbr_conv.0.conv.weight:lr=1e-05
2025/02/27 12:01:27 - mmengine - INFO - paramwise_options -- backbone.network.4.15.token_mixer.mixer.rbr_conv.0.conv.weight:weight_decay=0.05
2025/02/27 12:01:27 - mmengine - INFO - paramwise_options -- backbone.network.4.15.token_mixer.mixer.rbr_conv.0.conv.weight:lr_mult=0.1
2025/02/27 12:01:27 - mmengine - INFO - paramwise_options -- backbone.network.4.15.token_mixer.mixer.rbr_conv.0.conv.weight:decay_mult=1.0
2025/02/27 12:01:27 - mmengine - INFO - paramwise_options -- backbone.network.4.15.token_mixer.mixer.rbr_conv.0.bn.weight:lr=1e-05
2025/02/27 12:01:27 - mmengine - INFO - paramwise_options -- backbone.network.4.15.token_mixer.mixer.rbr_conv.0.bn.weight:weight_decay=0.05
2025/02/27 12:01:27 - mmengine - INFO - paramwise_options -- backbone.network.4.15.token_mixer.mixer.rbr_conv.0.bn.weight:lr_mult=0.1
2025/02/27 12:01:27 - mmengine - INFO - paramwise_options -- backbone.network.4.15.token_mixer.mixer.rbr_conv.0.bn.weight:decay_mult=1.0
2025/02/27 12:01:27 - mmengine - INFO - paramwise_options -- backbone.network.4.15.token_mixer.mixer.rbr_conv.0.bn.bias:lr=1e-05
2025/02/27 12:01:27 - mmengine - INFO - paramwise_options -- backbone.network.4.15.token_mixer.mixer.rbr_conv.0.bn.bias:weight_decay=0.05
2025/02/27 12:01:27 - mmengine - INFO - paramwise_options -- backbone.network.4.15.token_mixer.mixer.rbr_conv.0.bn.bias:lr_mult=0.1
2025/02/27 12:01:27 - mmengine - INFO - paramwise_options -- backbone.network.4.15.token_mixer.mixer.rbr_conv.0.bn.bias:decay_mult=1.0
2025/02/27 12:01:27 - mmengine - INFO - paramwise_options -- backbone.network.4.15.token_mixer.mixer.rbr_scale.conv.weight:lr=1e-05
2025/02/27 12:01:27 - mmengine - INFO - paramwise_options -- backbone.network.4.15.token_mixer.mixer.rbr_scale.conv.weight:weight_decay=0.05
2025/02/27 12:01:27 - mmengine - INFO - paramwise_options -- backbone.network.4.15.token_mixer.mixer.rbr_scale.conv.weight:lr_mult=0.1
2025/02/27 12:01:27 - mmengine - INFO - paramwise_options -- backbone.network.4.15.token_mixer.mixer.rbr_scale.conv.weight:decay_mult=1.0
2025/02/27 12:01:27 - mmengine - INFO - paramwise_options -- backbone.network.4.15.token_mixer.mixer.rbr_scale.bn.weight:lr=1e-05
2025/02/27 12:01:27 - mmengine - INFO - paramwise_options -- backbone.network.4.15.token_mixer.mixer.rbr_scale.bn.weight:weight_decay=0.05
2025/02/27 12:01:27 - mmengine - INFO - paramwise_options -- backbone.network.4.15.token_mixer.mixer.rbr_scale.bn.weight:lr_mult=0.1
2025/02/27 12:01:27 - mmengine - INFO - paramwise_options -- backbone.network.4.15.token_mixer.mixer.rbr_scale.bn.weight:decay_mult=1.0
2025/02/27 12:01:27 - mmengine - INFO - paramwise_options -- backbone.network.4.15.token_mixer.mixer.rbr_scale.bn.bias:lr=1e-05
2025/02/27 12:01:27 - mmengine - INFO - paramwise_options -- backbone.network.4.15.token_mixer.mixer.rbr_scale.bn.bias:weight_decay=0.05
2025/02/27 12:01:27 - mmengine - INFO - paramwise_options -- backbone.network.4.15.token_mixer.mixer.rbr_scale.bn.bias:lr_mult=0.1
2025/02/27 12:01:27 - mmengine - INFO - paramwise_options -- backbone.network.4.15.token_mixer.mixer.rbr_scale.bn.bias:decay_mult=1.0
2025/02/27 12:01:27 - mmengine - INFO - paramwise_options -- backbone.network.4.15.convffn.conv.conv.weight:lr=1e-05
2025/02/27 12:01:27 - mmengine - INFO - paramwise_options -- backbone.network.4.15.convffn.conv.conv.weight:weight_decay=0.05
2025/02/27 12:01:27 - mmengine - INFO - paramwise_options -- backbone.network.4.15.convffn.conv.conv.weight:lr_mult=0.1
2025/02/27 12:01:27 - mmengine - INFO - paramwise_options -- backbone.network.4.15.convffn.conv.conv.weight:decay_mult=1.0
2025/02/27 12:01:27 - mmengine - INFO - paramwise_options -- backbone.network.4.15.convffn.conv.bn.weight:lr=1e-05
2025/02/27 12:01:27 - mmengine - INFO - paramwise_options -- backbone.network.4.15.convffn.conv.bn.weight:weight_decay=0.05
2025/02/27 12:01:27 - mmengine - INFO - paramwise_options -- backbone.network.4.15.convffn.conv.bn.weight:lr_mult=0.1
2025/02/27 12:01:27 - mmengine - INFO - paramwise_options -- backbone.network.4.15.convffn.conv.bn.weight:decay_mult=1.0
2025/02/27 12:01:27 - mmengine - INFO - paramwise_options -- backbone.network.4.15.convffn.conv.bn.bias:lr=1e-05
2025/02/27 12:01:27 - mmengine - INFO - paramwise_options -- backbone.network.4.15.convffn.conv.bn.bias:weight_decay=0.05
2025/02/27 12:01:27 - mmengine - INFO - paramwise_options -- backbone.network.4.15.convffn.conv.bn.bias:lr_mult=0.1
2025/02/27 12:01:27 - mmengine - INFO - paramwise_options -- backbone.network.4.15.convffn.conv.bn.bias:decay_mult=1.0
2025/02/27 12:01:27 - mmengine - INFO - paramwise_options -- backbone.network.4.15.convffn.fc1.weight:lr=1e-05
2025/02/27 12:01:27 - mmengine - INFO - paramwise_options -- backbone.network.4.15.convffn.fc1.weight:weight_decay=0.05
2025/02/27 12:01:27 - mmengine - INFO - paramwise_options -- backbone.network.4.15.convffn.fc1.weight:lr_mult=0.1
2025/02/27 12:01:27 - mmengine - INFO - paramwise_options -- backbone.network.4.15.convffn.fc1.weight:decay_mult=1.0
2025/02/27 12:01:27 - mmengine - INFO - paramwise_options -- backbone.network.4.15.convffn.fc1.bias:lr=1e-05
2025/02/27 12:01:27 - mmengine - INFO - paramwise_options -- backbone.network.4.15.convffn.fc1.bias:weight_decay=0.05
2025/02/27 12:01:27 - mmengine - INFO - paramwise_options -- backbone.network.4.15.convffn.fc1.bias:lr_mult=0.1
2025/02/27 12:01:27 - mmengine - INFO - paramwise_options -- backbone.network.4.15.convffn.fc1.bias:decay_mult=1.0
2025/02/27 12:01:27 - mmengine - INFO - paramwise_options -- backbone.network.4.15.convffn.fc2.weight:lr=1e-05
2025/02/27 12:01:27 - mmengine - INFO - paramwise_options -- backbone.network.4.15.convffn.fc2.weight:weight_decay=0.05
2025/02/27 12:01:27 - mmengine - INFO - paramwise_options -- backbone.network.4.15.convffn.fc2.weight:lr_mult=0.1
2025/02/27 12:01:27 - mmengine - INFO - paramwise_options -- backbone.network.4.15.convffn.fc2.weight:decay_mult=1.0
2025/02/27 12:01:27 - mmengine - INFO - paramwise_options -- backbone.network.4.15.convffn.fc2.bias:lr=1e-05
2025/02/27 12:01:27 - mmengine - INFO - paramwise_options -- backbone.network.4.15.convffn.fc2.bias:weight_decay=0.05
2025/02/27 12:01:27 - mmengine - INFO - paramwise_options -- backbone.network.4.15.convffn.fc2.bias:lr_mult=0.1
2025/02/27 12:01:27 - mmengine - INFO - paramwise_options -- backbone.network.4.15.convffn.fc2.bias:decay_mult=1.0
2025/02/27 12:01:27 - mmengine - INFO - paramwise_options -- backbone.network.4.16.layer_scale:lr=1e-05
2025/02/27 12:01:27 - mmengine - INFO - paramwise_options -- backbone.network.4.16.layer_scale:weight_decay=0.05
2025/02/27 12:01:27 - mmengine - INFO - paramwise_options -- backbone.network.4.16.layer_scale:lr_mult=0.1
2025/02/27 12:01:27 - mmengine - INFO - paramwise_options -- backbone.network.4.16.layer_scale:decay_mult=1.0
2025/02/27 12:01:27 - mmengine - INFO - paramwise_options -- backbone.network.4.16.token_mixer.layer_scale:lr=1e-05
2025/02/27 12:01:27 - mmengine - INFO - paramwise_options -- backbone.network.4.16.token_mixer.layer_scale:weight_decay=0.05
2025/02/27 12:01:27 - mmengine - INFO - paramwise_options -- backbone.network.4.16.token_mixer.layer_scale:lr_mult=0.1
2025/02/27 12:01:27 - mmengine - INFO - paramwise_options -- backbone.network.4.16.token_mixer.layer_scale:decay_mult=1.0
2025/02/27 12:01:27 - mmengine - INFO - paramwise_options -- backbone.network.4.16.token_mixer.norm.rbr_skip.weight:lr=1e-05
2025/02/27 12:01:27 - mmengine - INFO - paramwise_options -- backbone.network.4.16.token_mixer.norm.rbr_skip.weight:weight_decay=0.05
2025/02/27 12:01:27 - mmengine - INFO - paramwise_options -- backbone.network.4.16.token_mixer.norm.rbr_skip.weight:lr_mult=0.1
2025/02/27 12:01:27 - mmengine - INFO - paramwise_options -- backbone.network.4.16.token_mixer.norm.rbr_skip.weight:decay_mult=1.0
2025/02/27 12:01:27 - mmengine - INFO - paramwise_options -- backbone.network.4.16.token_mixer.norm.rbr_skip.bias:lr=1e-05
2025/02/27 12:01:27 - mmengine - INFO - paramwise_options -- backbone.network.4.16.token_mixer.norm.rbr_skip.bias:weight_decay=0.05
2025/02/27 12:01:27 - mmengine - INFO - paramwise_options -- backbone.network.4.16.token_mixer.norm.rbr_skip.bias:lr_mult=0.1
2025/02/27 12:01:27 - mmengine - INFO - paramwise_options -- backbone.network.4.16.token_mixer.norm.rbr_skip.bias:decay_mult=1.0
2025/02/27 12:01:27 - mmengine - INFO - paramwise_options -- backbone.network.4.16.token_mixer.mixer.rbr_skip.weight:lr=1e-05
2025/02/27 12:01:27 - mmengine - INFO - paramwise_options -- backbone.network.4.16.token_mixer.mixer.rbr_skip.weight:weight_decay=0.05
2025/02/27 12:01:27 - mmengine - INFO - paramwise_options -- backbone.network.4.16.token_mixer.mixer.rbr_skip.weight:lr_mult=0.1
2025/02/27 12:01:27 - mmengine - INFO - paramwise_options -- backbone.network.4.16.token_mixer.mixer.rbr_skip.weight:decay_mult=1.0
2025/02/27 12:01:27 - mmengine - INFO - paramwise_options -- backbone.network.4.16.token_mixer.mixer.rbr_skip.bias:lr=1e-05
2025/02/27 12:01:27 - mmengine - INFO - paramwise_options -- backbone.network.4.16.token_mixer.mixer.rbr_skip.bias:weight_decay=0.05
2025/02/27 12:01:27 - mmengine - INFO - paramwise_options -- backbone.network.4.16.token_mixer.mixer.rbr_skip.bias:lr_mult=0.1
2025/02/27 12:01:27 - mmengine - INFO - paramwise_options -- backbone.network.4.16.token_mixer.mixer.rbr_skip.bias:decay_mult=1.0
2025/02/27 12:01:27 - mmengine - INFO - paramwise_options -- backbone.network.4.16.token_mixer.mixer.rbr_conv.0.conv.weight:lr=1e-05
2025/02/27 12:01:27 - mmengine - INFO - paramwise_options -- backbone.network.4.16.token_mixer.mixer.rbr_conv.0.conv.weight:weight_decay=0.05
2025/02/27 12:01:27 - mmengine - INFO - paramwise_options -- backbone.network.4.16.token_mixer.mixer.rbr_conv.0.conv.weight:lr_mult=0.1
2025/02/27 12:01:27 - mmengine - INFO - paramwise_options -- backbone.network.4.16.token_mixer.mixer.rbr_conv.0.conv.weight:decay_mult=1.0
2025/02/27 12:01:27 - mmengine - INFO - paramwise_options -- backbone.network.4.16.token_mixer.mixer.rbr_conv.0.bn.weight:lr=1e-05
2025/02/27 12:01:27 - mmengine - INFO - paramwise_options -- backbone.network.4.16.token_mixer.mixer.rbr_conv.0.bn.weight:weight_decay=0.05
2025/02/27 12:01:27 - mmengine - INFO - paramwise_options -- backbone.network.4.16.token_mixer.mixer.rbr_conv.0.bn.weight:lr_mult=0.1
2025/02/27 12:01:27 - mmengine - INFO - paramwise_options -- backbone.network.4.16.token_mixer.mixer.rbr_conv.0.bn.weight:decay_mult=1.0
2025/02/27 12:01:27 - mmengine - INFO - paramwise_options -- backbone.network.4.16.token_mixer.mixer.rbr_conv.0.bn.bias:lr=1e-05
2025/02/27 12:01:27 - mmengine - INFO - paramwise_options -- backbone.network.4.16.token_mixer.mixer.rbr_conv.0.bn.bias:weight_decay=0.05
2025/02/27 12:01:27 - mmengine - INFO - paramwise_options -- backbone.network.4.16.token_mixer.mixer.rbr_conv.0.bn.bias:lr_mult=0.1
2025/02/27 12:01:27 - mmengine - INFO - paramwise_options -- backbone.network.4.16.token_mixer.mixer.rbr_conv.0.bn.bias:decay_mult=1.0
2025/02/27 12:01:27 - mmengine - INFO - paramwise_options -- backbone.network.4.16.token_mixer.mixer.rbr_scale.conv.weight:lr=1e-05
2025/02/27 12:01:27 - mmengine - INFO - paramwise_options -- backbone.network.4.16.token_mixer.mixer.rbr_scale.conv.weight:weight_decay=0.05
2025/02/27 12:01:27 - mmengine - INFO - paramwise_options -- backbone.network.4.16.token_mixer.mixer.rbr_scale.conv.weight:lr_mult=0.1
2025/02/27 12:01:27 - mmengine - INFO - paramwise_options -- backbone.network.4.16.token_mixer.mixer.rbr_scale.conv.weight:decay_mult=1.0
2025/02/27 12:01:27 - mmengine - INFO - paramwise_options -- backbone.network.4.16.token_mixer.mixer.rbr_scale.bn.weight:lr=1e-05
2025/02/27 12:01:27 - mmengine - INFO - paramwise_options -- backbone.network.4.16.token_mixer.mixer.rbr_scale.bn.weight:weight_decay=0.05
2025/02/27 12:01:27 - mmengine - INFO - paramwise_options -- backbone.network.4.16.token_mixer.mixer.rbr_scale.bn.weight:lr_mult=0.1
2025/02/27 12:01:27 - mmengine - INFO - paramwise_options -- backbone.network.4.16.token_mixer.mixer.rbr_scale.bn.weight:decay_mult=1.0
2025/02/27 12:01:27 - mmengine - INFO - paramwise_options -- backbone.network.4.16.token_mixer.mixer.rbr_scale.bn.bias:lr=1e-05
2025/02/27 12:01:27 - mmengine - INFO - paramwise_options -- backbone.network.4.16.token_mixer.mixer.rbr_scale.bn.bias:weight_decay=0.05
2025/02/27 12:01:27 - mmengine - INFO - paramwise_options -- backbone.network.4.16.token_mixer.mixer.rbr_scale.bn.bias:lr_mult=0.1
2025/02/27 12:01:27 - mmengine - INFO - paramwise_options -- backbone.network.4.16.token_mixer.mixer.rbr_scale.bn.bias:decay_mult=1.0
2025/02/27 12:01:27 - mmengine - INFO - paramwise_options -- backbone.network.4.16.convffn.conv.conv.weight:lr=1e-05
2025/02/27 12:01:27 - mmengine - INFO - paramwise_options -- backbone.network.4.16.convffn.conv.conv.weight:weight_decay=0.05
2025/02/27 12:01:27 - mmengine - INFO - paramwise_options -- backbone.network.4.16.convffn.conv.conv.weight:lr_mult=0.1
2025/02/27 12:01:27 - mmengine - INFO - paramwise_options -- backbone.network.4.16.convffn.conv.conv.weight:decay_mult=1.0
2025/02/27 12:01:27 - mmengine - INFO - paramwise_options -- backbone.network.4.16.convffn.conv.bn.weight:lr=1e-05
2025/02/27 12:01:27 - mmengine - INFO - paramwise_options -- backbone.network.4.16.convffn.conv.bn.weight:weight_decay=0.05
2025/02/27 12:01:27 - mmengine - INFO - paramwise_options -- backbone.network.4.16.convffn.conv.bn.weight:lr_mult=0.1
2025/02/27 12:01:27 - mmengine - INFO - paramwise_options -- backbone.network.4.16.convffn.conv.bn.weight:decay_mult=1.0
2025/02/27 12:01:27 - mmengine - INFO - paramwise_options -- backbone.network.4.16.convffn.conv.bn.bias:lr=1e-05
2025/02/27 12:01:27 - mmengine - INFO - paramwise_options -- backbone.network.4.16.convffn.conv.bn.bias:weight_decay=0.05
2025/02/27 12:01:27 - mmengine - INFO - paramwise_options -- backbone.network.4.16.convffn.conv.bn.bias:lr_mult=0.1
2025/02/27 12:01:27 - mmengine - INFO - paramwise_options -- backbone.network.4.16.convffn.conv.bn.bias:decay_mult=1.0
2025/02/27 12:01:27 - mmengine - INFO - paramwise_options -- backbone.network.4.16.convffn.fc1.weight:lr=1e-05
2025/02/27 12:01:27 - mmengine - INFO - paramwise_options -- backbone.network.4.16.convffn.fc1.weight:weight_decay=0.05
2025/02/27 12:01:27 - mmengine - INFO - paramwise_options -- backbone.network.4.16.convffn.fc1.weight:lr_mult=0.1
2025/02/27 12:01:27 - mmengine - INFO - paramwise_options -- backbone.network.4.16.convffn.fc1.weight:decay_mult=1.0
2025/02/27 12:01:27 - mmengine - INFO - paramwise_options -- backbone.network.4.16.convffn.fc1.bias:lr=1e-05
2025/02/27 12:01:27 - mmengine - INFO - paramwise_options -- backbone.network.4.16.convffn.fc1.bias:weight_decay=0.05
2025/02/27 12:01:27 - mmengine - INFO - paramwise_options -- backbone.network.4.16.convffn.fc1.bias:lr_mult=0.1
2025/02/27 12:01:27 - mmengine - INFO - paramwise_options -- backbone.network.4.16.convffn.fc1.bias:decay_mult=1.0
2025/02/27 12:01:27 - mmengine - INFO - paramwise_options -- backbone.network.4.16.convffn.fc2.weight:lr=1e-05
2025/02/27 12:01:27 - mmengine - INFO - paramwise_options -- backbone.network.4.16.convffn.fc2.weight:weight_decay=0.05
2025/02/27 12:01:27 - mmengine - INFO - paramwise_options -- backbone.network.4.16.convffn.fc2.weight:lr_mult=0.1
2025/02/27 12:01:27 - mmengine - INFO - paramwise_options -- backbone.network.4.16.convffn.fc2.weight:decay_mult=1.0
2025/02/27 12:01:27 - mmengine - INFO - paramwise_options -- backbone.network.4.16.convffn.fc2.bias:lr=1e-05
2025/02/27 12:01:27 - mmengine - INFO - paramwise_options -- backbone.network.4.16.convffn.fc2.bias:weight_decay=0.05
2025/02/27 12:01:27 - mmengine - INFO - paramwise_options -- backbone.network.4.16.convffn.fc2.bias:lr_mult=0.1
2025/02/27 12:01:27 - mmengine - INFO - paramwise_options -- backbone.network.4.16.convffn.fc2.bias:decay_mult=1.0
2025/02/27 12:01:27 - mmengine - INFO - paramwise_options -- backbone.network.4.17.layer_scale:lr=1e-05
2025/02/27 12:01:27 - mmengine - INFO - paramwise_options -- backbone.network.4.17.layer_scale:weight_decay=0.05
2025/02/27 12:01:27 - mmengine - INFO - paramwise_options -- backbone.network.4.17.layer_scale:lr_mult=0.1
2025/02/27 12:01:27 - mmengine - INFO - paramwise_options -- backbone.network.4.17.layer_scale:decay_mult=1.0
2025/02/27 12:01:27 - mmengine - INFO - paramwise_options -- backbone.network.4.17.token_mixer.layer_scale:lr=1e-05
2025/02/27 12:01:27 - mmengine - INFO - paramwise_options -- backbone.network.4.17.token_mixer.layer_scale:weight_decay=0.05
2025/02/27 12:01:27 - mmengine - INFO - paramwise_options -- backbone.network.4.17.token_mixer.layer_scale:lr_mult=0.1
2025/02/27 12:01:27 - mmengine - INFO - paramwise_options -- backbone.network.4.17.token_mixer.layer_scale:decay_mult=1.0
2025/02/27 12:01:27 - mmengine - INFO - paramwise_options -- backbone.network.4.17.token_mixer.norm.rbr_skip.weight:lr=1e-05
2025/02/27 12:01:27 - mmengine - INFO - paramwise_options -- backbone.network.4.17.token_mixer.norm.rbr_skip.weight:weight_decay=0.05
2025/02/27 12:01:27 - mmengine - INFO - paramwise_options -- backbone.network.4.17.token_mixer.norm.rbr_skip.weight:lr_mult=0.1
2025/02/27 12:01:27 - mmengine - INFO - paramwise_options -- backbone.network.4.17.token_mixer.norm.rbr_skip.weight:decay_mult=1.0
2025/02/27 12:01:27 - mmengine - INFO - paramwise_options -- backbone.network.4.17.token_mixer.norm.rbr_skip.bias:lr=1e-05
2025/02/27 12:01:27 - mmengine - INFO - paramwise_options -- backbone.network.4.17.token_mixer.norm.rbr_skip.bias:weight_decay=0.05
2025/02/27 12:01:27 - mmengine - INFO - paramwise_options -- backbone.network.4.17.token_mixer.norm.rbr_skip.bias:lr_mult=0.1
2025/02/27 12:01:27 - mmengine - INFO - paramwise_options -- backbone.network.4.17.token_mixer.norm.rbr_skip.bias:decay_mult=1.0
2025/02/27 12:01:27 - mmengine - INFO - paramwise_options -- backbone.network.4.17.token_mixer.mixer.rbr_skip.weight:lr=1e-05
2025/02/27 12:01:27 - mmengine - INFO - paramwise_options -- backbone.network.4.17.token_mixer.mixer.rbr_skip.weight:weight_decay=0.05
2025/02/27 12:01:27 - mmengine - INFO - paramwise_options -- backbone.network.4.17.token_mixer.mixer.rbr_skip.weight:lr_mult=0.1
2025/02/27 12:01:27 - mmengine - INFO - paramwise_options -- backbone.network.4.17.token_mixer.mixer.rbr_skip.weight:decay_mult=1.0
2025/02/27 12:01:27 - mmengine - INFO - paramwise_options -- backbone.network.4.17.token_mixer.mixer.rbr_skip.bias:lr=1e-05
2025/02/27 12:01:27 - mmengine - INFO - paramwise_options -- backbone.network.4.17.token_mixer.mixer.rbr_skip.bias:weight_decay=0.05
2025/02/27 12:01:27 - mmengine - INFO - paramwise_options -- backbone.network.4.17.token_mixer.mixer.rbr_skip.bias:lr_mult=0.1
2025/02/27 12:01:27 - mmengine - INFO - paramwise_options -- backbone.network.4.17.token_mixer.mixer.rbr_skip.bias:decay_mult=1.0
2025/02/27 12:01:27 - mmengine - INFO - paramwise_options -- backbone.network.4.17.token_mixer.mixer.rbr_conv.0.conv.weight:lr=1e-05
2025/02/27 12:01:27 - mmengine - INFO - paramwise_options -- backbone.network.4.17.token_mixer.mixer.rbr_conv.0.conv.weight:weight_decay=0.05
2025/02/27 12:01:27 - mmengine - INFO - paramwise_options -- backbone.network.4.17.token_mixer.mixer.rbr_conv.0.conv.weight:lr_mult=0.1
2025/02/27 12:01:27 - mmengine - INFO - paramwise_options -- backbone.network.4.17.token_mixer.mixer.rbr_conv.0.conv.weight:decay_mult=1.0
2025/02/27 12:01:27 - mmengine - INFO - paramwise_options -- backbone.network.4.17.token_mixer.mixer.rbr_conv.0.bn.weight:lr=1e-05
2025/02/27 12:01:27 - mmengine - INFO - paramwise_options -- backbone.network.4.17.token_mixer.mixer.rbr_conv.0.bn.weight:weight_decay=0.05
2025/02/27 12:01:27 - mmengine - INFO - paramwise_options -- backbone.network.4.17.token_mixer.mixer.rbr_conv.0.bn.weight:lr_mult=0.1
2025/02/27 12:01:27 - mmengine - INFO - paramwise_options -- backbone.network.4.17.token_mixer.mixer.rbr_conv.0.bn.weight:decay_mult=1.0
2025/02/27 12:01:27 - mmengine - INFO - paramwise_options -- backbone.network.4.17.token_mixer.mixer.rbr_conv.0.bn.bias:lr=1e-05
2025/02/27 12:01:27 - mmengine - INFO - paramwise_options -- backbone.network.4.17.token_mixer.mixer.rbr_conv.0.bn.bias:weight_decay=0.05
2025/02/27 12:01:27 - mmengine - INFO - paramwise_options -- backbone.network.4.17.token_mixer.mixer.rbr_conv.0.bn.bias:lr_mult=0.1
2025/02/27 12:01:27 - mmengine - INFO - paramwise_options -- backbone.network.4.17.token_mixer.mixer.rbr_conv.0.bn.bias:decay_mult=1.0
2025/02/27 12:01:27 - mmengine - INFO - paramwise_options -- backbone.network.4.17.token_mixer.mixer.rbr_scale.conv.weight:lr=1e-05
2025/02/27 12:01:27 - mmengine - INFO - paramwise_options -- backbone.network.4.17.token_mixer.mixer.rbr_scale.conv.weight:weight_decay=0.05
2025/02/27 12:01:27 - mmengine - INFO - paramwise_options -- backbone.network.4.17.token_mixer.mixer.rbr_scale.conv.weight:lr_mult=0.1
2025/02/27 12:01:27 - mmengine - INFO - paramwise_options -- backbone.network.4.17.token_mixer.mixer.rbr_scale.conv.weight:decay_mult=1.0
2025/02/27 12:01:27 - mmengine - INFO - paramwise_options -- backbone.network.4.17.token_mixer.mixer.rbr_scale.bn.weight:lr=1e-05
2025/02/27 12:01:27 - mmengine - INFO - paramwise_options -- backbone.network.4.17.token_mixer.mixer.rbr_scale.bn.weight:weight_decay=0.05
2025/02/27 12:01:27 - mmengine - INFO - paramwise_options -- backbone.network.4.17.token_mixer.mixer.rbr_scale.bn.weight:lr_mult=0.1
2025/02/27 12:01:27 - mmengine - INFO - paramwise_options -- backbone.network.4.17.token_mixer.mixer.rbr_scale.bn.weight:decay_mult=1.0
2025/02/27 12:01:27 - mmengine - INFO - paramwise_options -- backbone.network.4.17.token_mixer.mixer.rbr_scale.bn.bias:lr=1e-05
2025/02/27 12:01:27 - mmengine - INFO - paramwise_options -- backbone.network.4.17.token_mixer.mixer.rbr_scale.bn.bias:weight_decay=0.05
2025/02/27 12:01:27 - mmengine - INFO - paramwise_options -- backbone.network.4.17.token_mixer.mixer.rbr_scale.bn.bias:lr_mult=0.1
2025/02/27 12:01:27 - mmengine - INFO - paramwise_options -- backbone.network.4.17.token_mixer.mixer.rbr_scale.bn.bias:decay_mult=1.0
2025/02/27 12:01:27 - mmengine - INFO - paramwise_options -- backbone.network.4.17.convffn.conv.conv.weight:lr=1e-05
2025/02/27 12:01:27 - mmengine - INFO - paramwise_options -- backbone.network.4.17.convffn.conv.conv.weight:weight_decay=0.05
2025/02/27 12:01:27 - mmengine - INFO - paramwise_options -- backbone.network.4.17.convffn.conv.conv.weight:lr_mult=0.1
2025/02/27 12:01:27 - mmengine - INFO - paramwise_options -- backbone.network.4.17.convffn.conv.conv.weight:decay_mult=1.0
2025/02/27 12:01:27 - mmengine - INFO - paramwise_options -- backbone.network.4.17.convffn.conv.bn.weight:lr=1e-05
2025/02/27 12:01:27 - mmengine - INFO - paramwise_options -- backbone.network.4.17.convffn.conv.bn.weight:weight_decay=0.05
2025/02/27 12:01:27 - mmengine - INFO - paramwise_options -- backbone.network.4.17.convffn.conv.bn.weight:lr_mult=0.1
2025/02/27 12:01:27 - mmengine - INFO - paramwise_options -- backbone.network.4.17.convffn.conv.bn.weight:decay_mult=1.0
2025/02/27 12:01:27 - mmengine - INFO - paramwise_options -- backbone.network.4.17.convffn.conv.bn.bias:lr=1e-05
2025/02/27 12:01:27 - mmengine - INFO - paramwise_options -- backbone.network.4.17.convffn.conv.bn.bias:weight_decay=0.05
2025/02/27 12:01:27 - mmengine - INFO - paramwise_options -- backbone.network.4.17.convffn.conv.bn.bias:lr_mult=0.1
2025/02/27 12:01:27 - mmengine - INFO - paramwise_options -- backbone.network.4.17.convffn.conv.bn.bias:decay_mult=1.0
2025/02/27 12:01:27 - mmengine - INFO - paramwise_options -- backbone.network.4.17.convffn.fc1.weight:lr=1e-05
2025/02/27 12:01:27 - mmengine - INFO - paramwise_options -- backbone.network.4.17.convffn.fc1.weight:weight_decay=0.05
2025/02/27 12:01:27 - mmengine - INFO - paramwise_options -- backbone.network.4.17.convffn.fc1.weight:lr_mult=0.1
2025/02/27 12:01:27 - mmengine - INFO - paramwise_options -- backbone.network.4.17.convffn.fc1.weight:decay_mult=1.0
2025/02/27 12:01:27 - mmengine - INFO - paramwise_options -- backbone.network.4.17.convffn.fc1.bias:lr=1e-05
2025/02/27 12:01:27 - mmengine - INFO - paramwise_options -- backbone.network.4.17.convffn.fc1.bias:weight_decay=0.05
2025/02/27 12:01:27 - mmengine - INFO - paramwise_options -- backbone.network.4.17.convffn.fc1.bias:lr_mult=0.1
2025/02/27 12:01:27 - mmengine - INFO - paramwise_options -- backbone.network.4.17.convffn.fc1.bias:decay_mult=1.0
2025/02/27 12:01:27 - mmengine - INFO - paramwise_options -- backbone.network.4.17.convffn.fc2.weight:lr=1e-05
2025/02/27 12:01:27 - mmengine - INFO - paramwise_options -- backbone.network.4.17.convffn.fc2.weight:weight_decay=0.05
2025/02/27 12:01:27 - mmengine - INFO - paramwise_options -- backbone.network.4.17.convffn.fc2.weight:lr_mult=0.1
2025/02/27 12:01:27 - mmengine - INFO - paramwise_options -- backbone.network.4.17.convffn.fc2.weight:decay_mult=1.0
2025/02/27 12:01:27 - mmengine - INFO - paramwise_options -- backbone.network.4.17.convffn.fc2.bias:lr=1e-05
2025/02/27 12:01:27 - mmengine - INFO - paramwise_options -- backbone.network.4.17.convffn.fc2.bias:weight_decay=0.05
2025/02/27 12:01:27 - mmengine - INFO - paramwise_options -- backbone.network.4.17.convffn.fc2.bias:lr_mult=0.1
2025/02/27 12:01:27 - mmengine - INFO - paramwise_options -- backbone.network.4.17.convffn.fc2.bias:decay_mult=1.0
2025/02/27 12:01:27 - mmengine - INFO - paramwise_options -- backbone.network.5.proj.0.lkb_origin.conv.weight:lr=1e-05
2025/02/27 12:01:27 - mmengine - INFO - paramwise_options -- backbone.network.5.proj.0.lkb_origin.conv.weight:weight_decay=0.05
2025/02/27 12:01:27 - mmengine - INFO - paramwise_options -- backbone.network.5.proj.0.lkb_origin.conv.weight:lr_mult=0.1
2025/02/27 12:01:27 - mmengine - INFO - paramwise_options -- backbone.network.5.proj.0.lkb_origin.conv.weight:decay_mult=1.0
2025/02/27 12:01:27 - mmengine - INFO - paramwise_options -- backbone.network.5.proj.0.lkb_origin.bn.weight:lr=1e-05
2025/02/27 12:01:27 - mmengine - INFO - paramwise_options -- backbone.network.5.proj.0.lkb_origin.bn.weight:weight_decay=0.05
2025/02/27 12:01:27 - mmengine - INFO - paramwise_options -- backbone.network.5.proj.0.lkb_origin.bn.weight:lr_mult=0.1
2025/02/27 12:01:27 - mmengine - INFO - paramwise_options -- backbone.network.5.proj.0.lkb_origin.bn.weight:decay_mult=1.0
2025/02/27 12:01:27 - mmengine - INFO - paramwise_options -- backbone.network.5.proj.0.lkb_origin.bn.bias:lr=1e-05
2025/02/27 12:01:27 - mmengine - INFO - paramwise_options -- backbone.network.5.proj.0.lkb_origin.bn.bias:weight_decay=0.05
2025/02/27 12:01:27 - mmengine - INFO - paramwise_options -- backbone.network.5.proj.0.lkb_origin.bn.bias:lr_mult=0.1
2025/02/27 12:01:27 - mmengine - INFO - paramwise_options -- backbone.network.5.proj.0.lkb_origin.bn.bias:decay_mult=1.0
2025/02/27 12:01:27 - mmengine - INFO - paramwise_options -- backbone.network.5.proj.0.small_conv.conv.weight:lr=1e-05
2025/02/27 12:01:27 - mmengine - INFO - paramwise_options -- backbone.network.5.proj.0.small_conv.conv.weight:weight_decay=0.05
2025/02/27 12:01:27 - mmengine - INFO - paramwise_options -- backbone.network.5.proj.0.small_conv.conv.weight:lr_mult=0.1
2025/02/27 12:01:27 - mmengine - INFO - paramwise_options -- backbone.network.5.proj.0.small_conv.conv.weight:decay_mult=1.0
2025/02/27 12:01:27 - mmengine - INFO - paramwise_options -- backbone.network.5.proj.0.small_conv.bn.weight:lr=1e-05
2025/02/27 12:01:27 - mmengine - INFO - paramwise_options -- backbone.network.5.proj.0.small_conv.bn.weight:weight_decay=0.05
2025/02/27 12:01:27 - mmengine - INFO - paramwise_options -- backbone.network.5.proj.0.small_conv.bn.weight:lr_mult=0.1
2025/02/27 12:01:27 - mmengine - INFO - paramwise_options -- backbone.network.5.proj.0.small_conv.bn.weight:decay_mult=1.0
2025/02/27 12:01:27 - mmengine - INFO - paramwise_options -- backbone.network.5.proj.0.small_conv.bn.bias:lr=1e-05
2025/02/27 12:01:27 - mmengine - INFO - paramwise_options -- backbone.network.5.proj.0.small_conv.bn.bias:weight_decay=0.05
2025/02/27 12:01:27 - mmengine - INFO - paramwise_options -- backbone.network.5.proj.0.small_conv.bn.bias:lr_mult=0.1
2025/02/27 12:01:27 - mmengine - INFO - paramwise_options -- backbone.network.5.proj.0.small_conv.bn.bias:decay_mult=1.0
2025/02/27 12:01:27 - mmengine - INFO - paramwise_options -- backbone.network.5.proj.1.rbr_skip.weight:lr=1e-05
2025/02/27 12:01:27 - mmengine - INFO - paramwise_options -- backbone.network.5.proj.1.rbr_skip.weight:weight_decay=0.05
2025/02/27 12:01:27 - mmengine - INFO - paramwise_options -- backbone.network.5.proj.1.rbr_skip.weight:lr_mult=0.1
2025/02/27 12:01:27 - mmengine - INFO - paramwise_options -- backbone.network.5.proj.1.rbr_skip.weight:decay_mult=1.0
2025/02/27 12:01:27 - mmengine - INFO - paramwise_options -- backbone.network.5.proj.1.rbr_skip.bias:lr=1e-05
2025/02/27 12:01:27 - mmengine - INFO - paramwise_options -- backbone.network.5.proj.1.rbr_skip.bias:weight_decay=0.05
2025/02/27 12:01:27 - mmengine - INFO - paramwise_options -- backbone.network.5.proj.1.rbr_skip.bias:lr_mult=0.1
2025/02/27 12:01:27 - mmengine - INFO - paramwise_options -- backbone.network.5.proj.1.rbr_skip.bias:decay_mult=1.0
2025/02/27 12:01:27 - mmengine - INFO - paramwise_options -- backbone.network.5.proj.1.rbr_conv.0.conv.weight:lr=1e-05
2025/02/27 12:01:27 - mmengine - INFO - paramwise_options -- backbone.network.5.proj.1.rbr_conv.0.conv.weight:weight_decay=0.05
2025/02/27 12:01:27 - mmengine - INFO - paramwise_options -- backbone.network.5.proj.1.rbr_conv.0.conv.weight:lr_mult=0.1
2025/02/27 12:01:27 - mmengine - INFO - paramwise_options -- backbone.network.5.proj.1.rbr_conv.0.conv.weight:decay_mult=1.0
2025/02/27 12:01:27 - mmengine - INFO - paramwise_options -- backbone.network.5.proj.1.rbr_conv.0.bn.weight:lr=1e-05
2025/02/27 12:01:27 - mmengine - INFO - paramwise_options -- backbone.network.5.proj.1.rbr_conv.0.bn.weight:weight_decay=0.05
2025/02/27 12:01:27 - mmengine - INFO - paramwise_options -- backbone.network.5.proj.1.rbr_conv.0.bn.weight:lr_mult=0.1
2025/02/27 12:01:27 - mmengine - INFO - paramwise_options -- backbone.network.5.proj.1.rbr_conv.0.bn.weight:decay_mult=1.0
2025/02/27 12:01:27 - mmengine - INFO - paramwise_options -- backbone.network.5.proj.1.rbr_conv.0.bn.bias:lr=1e-05
2025/02/27 12:01:27 - mmengine - INFO - paramwise_options -- backbone.network.5.proj.1.rbr_conv.0.bn.bias:weight_decay=0.05
2025/02/27 12:01:27 - mmengine - INFO - paramwise_options -- backbone.network.5.proj.1.rbr_conv.0.bn.bias:lr_mult=0.1
2025/02/27 12:01:27 - mmengine - INFO - paramwise_options -- backbone.network.5.proj.1.rbr_conv.0.bn.bias:decay_mult=1.0
2025/02/27 12:01:27 - mmengine - INFO - paramwise_options -- backbone.network.6.pe.weight:lr=1e-05
2025/02/27 12:01:27 - mmengine - INFO - paramwise_options -- backbone.network.6.pe.weight:weight_decay=0.05
2025/02/27 12:01:27 - mmengine - INFO - paramwise_options -- backbone.network.6.pe.weight:lr_mult=0.1
2025/02/27 12:01:27 - mmengine - INFO - paramwise_options -- backbone.network.6.pe.weight:decay_mult=1.0
2025/02/27 12:01:27 - mmengine - INFO - paramwise_options -- backbone.network.6.pe.bias:lr=1e-05
2025/02/27 12:01:27 - mmengine - INFO - paramwise_options -- backbone.network.6.pe.bias:weight_decay=0.05
2025/02/27 12:01:27 - mmengine - INFO - paramwise_options -- backbone.network.6.pe.bias:lr_mult=0.1
2025/02/27 12:01:27 - mmengine - INFO - paramwise_options -- backbone.network.6.pe.bias:decay_mult=1.0
2025/02/27 12:01:27 - mmengine - INFO - paramwise_options -- backbone.network.7.0.layer_scale_1:lr=1e-05
2025/02/27 12:01:27 - mmengine - INFO - paramwise_options -- backbone.network.7.0.layer_scale_1:weight_decay=0.05
2025/02/27 12:01:27 - mmengine - INFO - paramwise_options -- backbone.network.7.0.layer_scale_1:lr_mult=0.1
2025/02/27 12:01:27 - mmengine - INFO - paramwise_options -- backbone.network.7.0.layer_scale_1:decay_mult=1.0
2025/02/27 12:01:27 - mmengine - INFO - paramwise_options -- backbone.network.7.0.layer_scale_2:lr=1e-05
2025/02/27 12:01:27 - mmengine - INFO - paramwise_options -- backbone.network.7.0.layer_scale_2:weight_decay=0.05
2025/02/27 12:01:27 - mmengine - INFO - paramwise_options -- backbone.network.7.0.layer_scale_2:lr_mult=0.1
2025/02/27 12:01:27 - mmengine - INFO - paramwise_options -- backbone.network.7.0.layer_scale_2:decay_mult=1.0
2025/02/27 12:01:27 - mmengine - INFO - paramwise_options -- backbone.network.7.0.norm.weight:lr=1e-05
2025/02/27 12:01:27 - mmengine - INFO - paramwise_options -- backbone.network.7.0.norm.weight:weight_decay=0.05
2025/02/27 12:01:27 - mmengine - INFO - paramwise_options -- backbone.network.7.0.norm.weight:lr_mult=0.1
2025/02/27 12:01:27 - mmengine - INFO - paramwise_options -- backbone.network.7.0.norm.weight:decay_mult=1.0
2025/02/27 12:01:27 - mmengine - INFO - paramwise_options -- backbone.network.7.0.norm.bias:lr=1e-05
2025/02/27 12:01:27 - mmengine - INFO - paramwise_options -- backbone.network.7.0.norm.bias:weight_decay=0.05
2025/02/27 12:01:27 - mmengine - INFO - paramwise_options -- backbone.network.7.0.norm.bias:lr_mult=0.1
2025/02/27 12:01:27 - mmengine - INFO - paramwise_options -- backbone.network.7.0.norm.bias:decay_mult=1.0
2025/02/27 12:01:27 - mmengine - INFO - paramwise_options -- backbone.network.7.0.token_mixer.qkv.weight:lr=1e-05
2025/02/27 12:01:27 - mmengine - INFO - paramwise_options -- backbone.network.7.0.token_mixer.qkv.weight:weight_decay=0.05
2025/02/27 12:01:27 - mmengine - INFO - paramwise_options -- backbone.network.7.0.token_mixer.qkv.weight:lr_mult=0.1
2025/02/27 12:01:27 - mmengine - INFO - paramwise_options -- backbone.network.7.0.token_mixer.qkv.weight:decay_mult=1.0
2025/02/27 12:01:27 - mmengine - INFO - paramwise_options -- backbone.network.7.0.token_mixer.proj.weight:lr=1e-05
2025/02/27 12:01:27 - mmengine - INFO - paramwise_options -- backbone.network.7.0.token_mixer.proj.weight:weight_decay=0.05
2025/02/27 12:01:27 - mmengine - INFO - paramwise_options -- backbone.network.7.0.token_mixer.proj.weight:lr_mult=0.1
2025/02/27 12:01:27 - mmengine - INFO - paramwise_options -- backbone.network.7.0.token_mixer.proj.weight:decay_mult=1.0
2025/02/27 12:01:27 - mmengine - INFO - paramwise_options -- backbone.network.7.0.token_mixer.proj.bias:lr=1e-05
2025/02/27 12:01:27 - mmengine - INFO - paramwise_options -- backbone.network.7.0.token_mixer.proj.bias:weight_decay=0.05
2025/02/27 12:01:27 - mmengine - INFO - paramwise_options -- backbone.network.7.0.token_mixer.proj.bias:lr_mult=0.1
2025/02/27 12:01:27 - mmengine - INFO - paramwise_options -- backbone.network.7.0.token_mixer.proj.bias:decay_mult=1.0
2025/02/27 12:01:27 - mmengine - INFO - paramwise_options -- backbone.network.7.0.convffn.conv.conv.weight:lr=1e-05
2025/02/27 12:01:27 - mmengine - INFO - paramwise_options -- backbone.network.7.0.convffn.conv.conv.weight:weight_decay=0.05
2025/02/27 12:01:27 - mmengine - INFO - paramwise_options -- backbone.network.7.0.convffn.conv.conv.weight:lr_mult=0.1
2025/02/27 12:01:27 - mmengine - INFO - paramwise_options -- backbone.network.7.0.convffn.conv.conv.weight:decay_mult=1.0
2025/02/27 12:01:27 - mmengine - INFO - paramwise_options -- backbone.network.7.0.convffn.conv.bn.weight:lr=1e-05
2025/02/27 12:01:27 - mmengine - INFO - paramwise_options -- backbone.network.7.0.convffn.conv.bn.weight:weight_decay=0.05
2025/02/27 12:01:27 - mmengine - INFO - paramwise_options -- backbone.network.7.0.convffn.conv.bn.weight:lr_mult=0.1
2025/02/27 12:01:27 - mmengine - INFO - paramwise_options -- backbone.network.7.0.convffn.conv.bn.weight:decay_mult=1.0
2025/02/27 12:01:27 - mmengine - INFO - paramwise_options -- backbone.network.7.0.convffn.conv.bn.bias:lr=1e-05
2025/02/27 12:01:27 - mmengine - INFO - paramwise_options -- backbone.network.7.0.convffn.conv.bn.bias:weight_decay=0.05
2025/02/27 12:01:27 - mmengine - INFO - paramwise_options -- backbone.network.7.0.convffn.conv.bn.bias:lr_mult=0.1
2025/02/27 12:01:27 - mmengine - INFO - paramwise_options -- backbone.network.7.0.convffn.conv.bn.bias:decay_mult=1.0
2025/02/27 12:01:27 - mmengine - INFO - paramwise_options -- backbone.network.7.0.convffn.fc1.weight:lr=1e-05
2025/02/27 12:01:27 - mmengine - INFO - paramwise_options -- backbone.network.7.0.convffn.fc1.weight:weight_decay=0.05
2025/02/27 12:01:27 - mmengine - INFO - paramwise_options -- backbone.network.7.0.convffn.fc1.weight:lr_mult=0.1
2025/02/27 12:01:27 - mmengine - INFO - paramwise_options -- backbone.network.7.0.convffn.fc1.weight:decay_mult=1.0
2025/02/27 12:01:27 - mmengine - INFO - paramwise_options -- backbone.network.7.0.convffn.fc1.bias:lr=1e-05
2025/02/27 12:01:27 - mmengine - INFO - paramwise_options -- backbone.network.7.0.convffn.fc1.bias:weight_decay=0.05
2025/02/27 12:01:27 - mmengine - INFO - paramwise_options -- backbone.network.7.0.convffn.fc1.bias:lr_mult=0.1
2025/02/27 12:01:27 - mmengine - INFO - paramwise_options -- backbone.network.7.0.convffn.fc1.bias:decay_mult=1.0
2025/02/27 12:01:27 - mmengine - INFO - paramwise_options -- backbone.network.7.0.convffn.fc2.weight:lr=1e-05
2025/02/27 12:01:27 - mmengine - INFO - paramwise_options -- backbone.network.7.0.convffn.fc2.weight:weight_decay=0.05
2025/02/27 12:01:27 - mmengine - INFO - paramwise_options -- backbone.network.7.0.convffn.fc2.weight:lr_mult=0.1
2025/02/27 12:01:27 - mmengine - INFO - paramwise_options -- backbone.network.7.0.convffn.fc2.weight:decay_mult=1.0
2025/02/27 12:01:27 - mmengine - INFO - paramwise_options -- backbone.network.7.0.convffn.fc2.bias:lr=1e-05
2025/02/27 12:01:27 - mmengine - INFO - paramwise_options -- backbone.network.7.0.convffn.fc2.bias:weight_decay=0.05
2025/02/27 12:01:27 - mmengine - INFO - paramwise_options -- backbone.network.7.0.convffn.fc2.bias:lr_mult=0.1
2025/02/27 12:01:27 - mmengine - INFO - paramwise_options -- backbone.network.7.0.convffn.fc2.bias:decay_mult=1.0
2025/02/27 12:01:27 - mmengine - INFO - paramwise_options -- backbone.network.7.1.layer_scale_1:lr=1e-05
2025/02/27 12:01:27 - mmengine - INFO - paramwise_options -- backbone.network.7.1.layer_scale_1:weight_decay=0.05
2025/02/27 12:01:27 - mmengine - INFO - paramwise_options -- backbone.network.7.1.layer_scale_1:lr_mult=0.1
2025/02/27 12:01:27 - mmengine - INFO - paramwise_options -- backbone.network.7.1.layer_scale_1:decay_mult=1.0
2025/02/27 12:01:27 - mmengine - INFO - paramwise_options -- backbone.network.7.1.layer_scale_2:lr=1e-05
2025/02/27 12:01:27 - mmengine - INFO - paramwise_options -- backbone.network.7.1.layer_scale_2:weight_decay=0.05
2025/02/27 12:01:27 - mmengine - INFO - paramwise_options -- backbone.network.7.1.layer_scale_2:lr_mult=0.1
2025/02/27 12:01:27 - mmengine - INFO - paramwise_options -- backbone.network.7.1.layer_scale_2:decay_mult=1.0
2025/02/27 12:01:27 - mmengine - INFO - paramwise_options -- backbone.network.7.1.norm.weight:lr=1e-05
2025/02/27 12:01:27 - mmengine - INFO - paramwise_options -- backbone.network.7.1.norm.weight:weight_decay=0.05
2025/02/27 12:01:27 - mmengine - INFO - paramwise_options -- backbone.network.7.1.norm.weight:lr_mult=0.1
2025/02/27 12:01:27 - mmengine - INFO - paramwise_options -- backbone.network.7.1.norm.weight:decay_mult=1.0
2025/02/27 12:01:27 - mmengine - INFO - paramwise_options -- backbone.network.7.1.norm.bias:lr=1e-05
2025/02/27 12:01:27 - mmengine - INFO - paramwise_options -- backbone.network.7.1.norm.bias:weight_decay=0.05
2025/02/27 12:01:27 - mmengine - INFO - paramwise_options -- backbone.network.7.1.norm.bias:lr_mult=0.1
2025/02/27 12:01:27 - mmengine - INFO - paramwise_options -- backbone.network.7.1.norm.bias:decay_mult=1.0
2025/02/27 12:01:27 - mmengine - INFO - paramwise_options -- backbone.network.7.1.token_mixer.qkv.weight:lr=1e-05
2025/02/27 12:01:27 - mmengine - INFO - paramwise_options -- backbone.network.7.1.token_mixer.qkv.weight:weight_decay=0.05
2025/02/27 12:01:27 - mmengine - INFO - paramwise_options -- backbone.network.7.1.token_mixer.qkv.weight:lr_mult=0.1
2025/02/27 12:01:27 - mmengine - INFO - paramwise_options -- backbone.network.7.1.token_mixer.qkv.weight:decay_mult=1.0
2025/02/27 12:01:27 - mmengine - INFO - paramwise_options -- backbone.network.7.1.token_mixer.proj.weight:lr=1e-05
2025/02/27 12:01:27 - mmengine - INFO - paramwise_options -- backbone.network.7.1.token_mixer.proj.weight:weight_decay=0.05
2025/02/27 12:01:27 - mmengine - INFO - paramwise_options -- backbone.network.7.1.token_mixer.proj.weight:lr_mult=0.1
2025/02/27 12:01:27 - mmengine - INFO - paramwise_options -- backbone.network.7.1.token_mixer.proj.weight:decay_mult=1.0
2025/02/27 12:01:27 - mmengine - INFO - paramwise_options -- backbone.network.7.1.token_mixer.proj.bias:lr=1e-05
2025/02/27 12:01:27 - mmengine - INFO - paramwise_options -- backbone.network.7.1.token_mixer.proj.bias:weight_decay=0.05
2025/02/27 12:01:27 - mmengine - INFO - paramwise_options -- backbone.network.7.1.token_mixer.proj.bias:lr_mult=0.1
2025/02/27 12:01:27 - mmengine - INFO - paramwise_options -- backbone.network.7.1.token_mixer.proj.bias:decay_mult=1.0
2025/02/27 12:01:27 - mmengine - INFO - paramwise_options -- backbone.network.7.1.convffn.conv.conv.weight:lr=1e-05
2025/02/27 12:01:27 - mmengine - INFO - paramwise_options -- backbone.network.7.1.convffn.conv.conv.weight:weight_decay=0.05
2025/02/27 12:01:27 - mmengine - INFO - paramwise_options -- backbone.network.7.1.convffn.conv.conv.weight:lr_mult=0.1
2025/02/27 12:01:27 - mmengine - INFO - paramwise_options -- backbone.network.7.1.convffn.conv.conv.weight:decay_mult=1.0
2025/02/27 12:01:27 - mmengine - INFO - paramwise_options -- backbone.network.7.1.convffn.conv.bn.weight:lr=1e-05
2025/02/27 12:01:27 - mmengine - INFO - paramwise_options -- backbone.network.7.1.convffn.conv.bn.weight:weight_decay=0.05
2025/02/27 12:01:27 - mmengine - INFO - paramwise_options -- backbone.network.7.1.convffn.conv.bn.weight:lr_mult=0.1
2025/02/27 12:01:27 - mmengine - INFO - paramwise_options -- backbone.network.7.1.convffn.conv.bn.weight:decay_mult=1.0
2025/02/27 12:01:27 - mmengine - INFO - paramwise_options -- backbone.network.7.1.convffn.conv.bn.bias:lr=1e-05
2025/02/27 12:01:27 - mmengine - INFO - paramwise_options -- backbone.network.7.1.convffn.conv.bn.bias:weight_decay=0.05
2025/02/27 12:01:27 - mmengine - INFO - paramwise_options -- backbone.network.7.1.convffn.conv.bn.bias:lr_mult=0.1
2025/02/27 12:01:27 - mmengine - INFO - paramwise_options -- backbone.network.7.1.convffn.conv.bn.bias:decay_mult=1.0
2025/02/27 12:01:27 - mmengine - INFO - paramwise_options -- backbone.network.7.1.convffn.fc1.weight:lr=1e-05
2025/02/27 12:01:27 - mmengine - INFO - paramwise_options -- backbone.network.7.1.convffn.fc1.weight:weight_decay=0.05
2025/02/27 12:01:27 - mmengine - INFO - paramwise_options -- backbone.network.7.1.convffn.fc1.weight:lr_mult=0.1
2025/02/27 12:01:27 - mmengine - INFO - paramwise_options -- backbone.network.7.1.convffn.fc1.weight:decay_mult=1.0
2025/02/27 12:01:27 - mmengine - INFO - paramwise_options -- backbone.network.7.1.convffn.fc1.bias:lr=1e-05
2025/02/27 12:01:27 - mmengine - INFO - paramwise_options -- backbone.network.7.1.convffn.fc1.bias:weight_decay=0.05
2025/02/27 12:01:27 - mmengine - INFO - paramwise_options -- backbone.network.7.1.convffn.fc1.bias:lr_mult=0.1
2025/02/27 12:01:27 - mmengine - INFO - paramwise_options -- backbone.network.7.1.convffn.fc1.bias:decay_mult=1.0
2025/02/27 12:01:27 - mmengine - INFO - paramwise_options -- backbone.network.7.1.convffn.fc2.weight:lr=1e-05
2025/02/27 12:01:27 - mmengine - INFO - paramwise_options -- backbone.network.7.1.convffn.fc2.weight:weight_decay=0.05
2025/02/27 12:01:27 - mmengine - INFO - paramwise_options -- backbone.network.7.1.convffn.fc2.weight:lr_mult=0.1
2025/02/27 12:01:27 - mmengine - INFO - paramwise_options -- backbone.network.7.1.convffn.fc2.weight:decay_mult=1.0
2025/02/27 12:01:27 - mmengine - INFO - paramwise_options -- backbone.network.7.1.convffn.fc2.bias:lr=1e-05
2025/02/27 12:01:27 - mmengine - INFO - paramwise_options -- backbone.network.7.1.convffn.fc2.bias:weight_decay=0.05
2025/02/27 12:01:27 - mmengine - INFO - paramwise_options -- backbone.network.7.1.convffn.fc2.bias:lr_mult=0.1
2025/02/27 12:01:27 - mmengine - INFO - paramwise_options -- backbone.network.7.1.convffn.fc2.bias:decay_mult=1.0
2025/02/27 12:01:27 - mmengine - INFO - paramwise_options -- backbone.network.7.2.layer_scale_1:lr=1e-05
2025/02/27 12:01:27 - mmengine - INFO - paramwise_options -- backbone.network.7.2.layer_scale_1:weight_decay=0.05
2025/02/27 12:01:27 - mmengine - INFO - paramwise_options -- backbone.network.7.2.layer_scale_1:lr_mult=0.1
2025/02/27 12:01:27 - mmengine - INFO - paramwise_options -- backbone.network.7.2.layer_scale_1:decay_mult=1.0
2025/02/27 12:01:27 - mmengine - INFO - paramwise_options -- backbone.network.7.2.layer_scale_2:lr=1e-05
2025/02/27 12:01:27 - mmengine - INFO - paramwise_options -- backbone.network.7.2.layer_scale_2:weight_decay=0.05
2025/02/27 12:01:27 - mmengine - INFO - paramwise_options -- backbone.network.7.2.layer_scale_2:lr_mult=0.1
2025/02/27 12:01:27 - mmengine - INFO - paramwise_options -- backbone.network.7.2.layer_scale_2:decay_mult=1.0
2025/02/27 12:01:27 - mmengine - INFO - paramwise_options -- backbone.network.7.2.norm.weight:lr=1e-05
2025/02/27 12:01:27 - mmengine - INFO - paramwise_options -- backbone.network.7.2.norm.weight:weight_decay=0.05
2025/02/27 12:01:27 - mmengine - INFO - paramwise_options -- backbone.network.7.2.norm.weight:lr_mult=0.1
2025/02/27 12:01:27 - mmengine - INFO - paramwise_options -- backbone.network.7.2.norm.weight:decay_mult=1.0
2025/02/27 12:01:27 - mmengine - INFO - paramwise_options -- backbone.network.7.2.norm.bias:lr=1e-05
2025/02/27 12:01:27 - mmengine - INFO - paramwise_options -- backbone.network.7.2.norm.bias:weight_decay=0.05
2025/02/27 12:01:27 - mmengine - INFO - paramwise_options -- backbone.network.7.2.norm.bias:lr_mult=0.1
2025/02/27 12:01:27 - mmengine - INFO - paramwise_options -- backbone.network.7.2.norm.bias:decay_mult=1.0
2025/02/27 12:01:27 - mmengine - INFO - paramwise_options -- backbone.network.7.2.token_mixer.qkv.weight:lr=1e-05
2025/02/27 12:01:27 - mmengine - INFO - paramwise_options -- backbone.network.7.2.token_mixer.qkv.weight:weight_decay=0.05
2025/02/27 12:01:27 - mmengine - INFO - paramwise_options -- backbone.network.7.2.token_mixer.qkv.weight:lr_mult=0.1
2025/02/27 12:01:27 - mmengine - INFO - paramwise_options -- backbone.network.7.2.token_mixer.qkv.weight:decay_mult=1.0
2025/02/27 12:01:27 - mmengine - INFO - paramwise_options -- backbone.network.7.2.token_mixer.proj.weight:lr=1e-05
2025/02/27 12:01:27 - mmengine - INFO - paramwise_options -- backbone.network.7.2.token_mixer.proj.weight:weight_decay=0.05
2025/02/27 12:01:27 - mmengine - INFO - paramwise_options -- backbone.network.7.2.token_mixer.proj.weight:lr_mult=0.1
2025/02/27 12:01:27 - mmengine - INFO - paramwise_options -- backbone.network.7.2.token_mixer.proj.weight:decay_mult=1.0
2025/02/27 12:01:27 - mmengine - INFO - paramwise_options -- backbone.network.7.2.token_mixer.proj.bias:lr=1e-05
2025/02/27 12:01:27 - mmengine - INFO - paramwise_options -- backbone.network.7.2.token_mixer.proj.bias:weight_decay=0.05
2025/02/27 12:01:27 - mmengine - INFO - paramwise_options -- backbone.network.7.2.token_mixer.proj.bias:lr_mult=0.1
2025/02/27 12:01:27 - mmengine - INFO - paramwise_options -- backbone.network.7.2.token_mixer.proj.bias:decay_mult=1.0
2025/02/27 12:01:27 - mmengine - INFO - paramwise_options -- backbone.network.7.2.convffn.conv.conv.weight:lr=1e-05
2025/02/27 12:01:27 - mmengine - INFO - paramwise_options -- backbone.network.7.2.convffn.conv.conv.weight:weight_decay=0.05
2025/02/27 12:01:27 - mmengine - INFO - paramwise_options -- backbone.network.7.2.convffn.conv.conv.weight:lr_mult=0.1
2025/02/27 12:01:27 - mmengine - INFO - paramwise_options -- backbone.network.7.2.convffn.conv.conv.weight:decay_mult=1.0
2025/02/27 12:01:27 - mmengine - INFO - paramwise_options -- backbone.network.7.2.convffn.conv.bn.weight:lr=1e-05
2025/02/27 12:01:27 - mmengine - INFO - paramwise_options -- backbone.network.7.2.convffn.conv.bn.weight:weight_decay=0.05
2025/02/27 12:01:27 - mmengine - INFO - paramwise_options -- backbone.network.7.2.convffn.conv.bn.weight:lr_mult=0.1
2025/02/27 12:01:27 - mmengine - INFO - paramwise_options -- backbone.network.7.2.convffn.conv.bn.weight:decay_mult=1.0
2025/02/27 12:01:27 - mmengine - INFO - paramwise_options -- backbone.network.7.2.convffn.conv.bn.bias:lr=1e-05
2025/02/27 12:01:27 - mmengine - INFO - paramwise_options -- backbone.network.7.2.convffn.conv.bn.bias:weight_decay=0.05
2025/02/27 12:01:27 - mmengine - INFO - paramwise_options -- backbone.network.7.2.convffn.conv.bn.bias:lr_mult=0.1
2025/02/27 12:01:27 - mmengine - INFO - paramwise_options -- backbone.network.7.2.convffn.conv.bn.bias:decay_mult=1.0
2025/02/27 12:01:27 - mmengine - INFO - paramwise_options -- backbone.network.7.2.convffn.fc1.weight:lr=1e-05
2025/02/27 12:01:27 - mmengine - INFO - paramwise_options -- backbone.network.7.2.convffn.fc1.weight:weight_decay=0.05
2025/02/27 12:01:27 - mmengine - INFO - paramwise_options -- backbone.network.7.2.convffn.fc1.weight:lr_mult=0.1
2025/02/27 12:01:27 - mmengine - INFO - paramwise_options -- backbone.network.7.2.convffn.fc1.weight:decay_mult=1.0
2025/02/27 12:01:27 - mmengine - INFO - paramwise_options -- backbone.network.7.2.convffn.fc1.bias:lr=1e-05
2025/02/27 12:01:27 - mmengine - INFO - paramwise_options -- backbone.network.7.2.convffn.fc1.bias:weight_decay=0.05
2025/02/27 12:01:27 - mmengine - INFO - paramwise_options -- backbone.network.7.2.convffn.fc1.bias:lr_mult=0.1
2025/02/27 12:01:27 - mmengine - INFO - paramwise_options -- backbone.network.7.2.convffn.fc1.bias:decay_mult=1.0
2025/02/27 12:01:27 - mmengine - INFO - paramwise_options -- backbone.network.7.2.convffn.fc2.weight:lr=1e-05
2025/02/27 12:01:27 - mmengine - INFO - paramwise_options -- backbone.network.7.2.convffn.fc2.weight:weight_decay=0.05
2025/02/27 12:01:27 - mmengine - INFO - paramwise_options -- backbone.network.7.2.convffn.fc2.weight:lr_mult=0.1
2025/02/27 12:01:27 - mmengine - INFO - paramwise_options -- backbone.network.7.2.convffn.fc2.weight:decay_mult=1.0
2025/02/27 12:01:27 - mmengine - INFO - paramwise_options -- backbone.network.7.2.convffn.fc2.bias:lr=1e-05
2025/02/27 12:01:27 - mmengine - INFO - paramwise_options -- backbone.network.7.2.convffn.fc2.bias:weight_decay=0.05
2025/02/27 12:01:27 - mmengine - INFO - paramwise_options -- backbone.network.7.2.convffn.fc2.bias:lr_mult=0.1
2025/02/27 12:01:27 - mmengine - INFO - paramwise_options -- backbone.network.7.2.convffn.fc2.bias:decay_mult=1.0
2025/02/27 12:01:27 - mmengine - INFO - paramwise_options -- backbone.network.7.3.layer_scale_1:lr=1e-05
2025/02/27 12:01:27 - mmengine - INFO - paramwise_options -- backbone.network.7.3.layer_scale_1:weight_decay=0.05
2025/02/27 12:01:27 - mmengine - INFO - paramwise_options -- backbone.network.7.3.layer_scale_1:lr_mult=0.1
2025/02/27 12:01:27 - mmengine - INFO - paramwise_options -- backbone.network.7.3.layer_scale_1:decay_mult=1.0
2025/02/27 12:01:27 - mmengine - INFO - paramwise_options -- backbone.network.7.3.layer_scale_2:lr=1e-05
2025/02/27 12:01:27 - mmengine - INFO - paramwise_options -- backbone.network.7.3.layer_scale_2:weight_decay=0.05
2025/02/27 12:01:27 - mmengine - INFO - paramwise_options -- backbone.network.7.3.layer_scale_2:lr_mult=0.1
2025/02/27 12:01:27 - mmengine - INFO - paramwise_options -- backbone.network.7.3.layer_scale_2:decay_mult=1.0
2025/02/27 12:01:27 - mmengine - INFO - paramwise_options -- backbone.network.7.3.norm.weight:lr=1e-05
2025/02/27 12:01:27 - mmengine - INFO - paramwise_options -- backbone.network.7.3.norm.weight:weight_decay=0.05
2025/02/27 12:01:27 - mmengine - INFO - paramwise_options -- backbone.network.7.3.norm.weight:lr_mult=0.1
2025/02/27 12:01:27 - mmengine - INFO - paramwise_options -- backbone.network.7.3.norm.weight:decay_mult=1.0
2025/02/27 12:01:27 - mmengine - INFO - paramwise_options -- backbone.network.7.3.norm.bias:lr=1e-05
2025/02/27 12:01:27 - mmengine - INFO - paramwise_options -- backbone.network.7.3.norm.bias:weight_decay=0.05
2025/02/27 12:01:27 - mmengine - INFO - paramwise_options -- backbone.network.7.3.norm.bias:lr_mult=0.1
2025/02/27 12:01:27 - mmengine - INFO - paramwise_options -- backbone.network.7.3.norm.bias:decay_mult=1.0
2025/02/27 12:01:27 - mmengine - INFO - paramwise_options -- backbone.network.7.3.token_mixer.qkv.weight:lr=1e-05
2025/02/27 12:01:27 - mmengine - INFO - paramwise_options -- backbone.network.7.3.token_mixer.qkv.weight:weight_decay=0.05
2025/02/27 12:01:27 - mmengine - INFO - paramwise_options -- backbone.network.7.3.token_mixer.qkv.weight:lr_mult=0.1
2025/02/27 12:01:27 - mmengine - INFO - paramwise_options -- backbone.network.7.3.token_mixer.qkv.weight:decay_mult=1.0
2025/02/27 12:01:27 - mmengine - INFO - paramwise_options -- backbone.network.7.3.token_mixer.proj.weight:lr=1e-05
2025/02/27 12:01:27 - mmengine - INFO - paramwise_options -- backbone.network.7.3.token_mixer.proj.weight:weight_decay=0.05
2025/02/27 12:01:27 - mmengine - INFO - paramwise_options -- backbone.network.7.3.token_mixer.proj.weight:lr_mult=0.1
2025/02/27 12:01:27 - mmengine - INFO - paramwise_options -- backbone.network.7.3.token_mixer.proj.weight:decay_mult=1.0
2025/02/27 12:01:27 - mmengine - INFO - paramwise_options -- backbone.network.7.3.token_mixer.proj.bias:lr=1e-05
2025/02/27 12:01:27 - mmengine - INFO - paramwise_options -- backbone.network.7.3.token_mixer.proj.bias:weight_decay=0.05
2025/02/27 12:01:27 - mmengine - INFO - paramwise_options -- backbone.network.7.3.token_mixer.proj.bias:lr_mult=0.1
2025/02/27 12:01:27 - mmengine - INFO - paramwise_options -- backbone.network.7.3.token_mixer.proj.bias:decay_mult=1.0
2025/02/27 12:01:27 - mmengine - INFO - paramwise_options -- backbone.network.7.3.convffn.conv.conv.weight:lr=1e-05
2025/02/27 12:01:27 - mmengine - INFO - paramwise_options -- backbone.network.7.3.convffn.conv.conv.weight:weight_decay=0.05
2025/02/27 12:01:27 - mmengine - INFO - paramwise_options -- backbone.network.7.3.convffn.conv.conv.weight:lr_mult=0.1
2025/02/27 12:01:27 - mmengine - INFO - paramwise_options -- backbone.network.7.3.convffn.conv.conv.weight:decay_mult=1.0
2025/02/27 12:01:27 - mmengine - INFO - paramwise_options -- backbone.network.7.3.convffn.conv.bn.weight:lr=1e-05
2025/02/27 12:01:27 - mmengine - INFO - paramwise_options -- backbone.network.7.3.convffn.conv.bn.weight:weight_decay=0.05
2025/02/27 12:01:27 - mmengine - INFO - paramwise_options -- backbone.network.7.3.convffn.conv.bn.weight:lr_mult=0.1
2025/02/27 12:01:27 - mmengine - INFO - paramwise_options -- backbone.network.7.3.convffn.conv.bn.weight:decay_mult=1.0
2025/02/27 12:01:27 - mmengine - INFO - paramwise_options -- backbone.network.7.3.convffn.conv.bn.bias:lr=1e-05
2025/02/27 12:01:27 - mmengine - INFO - paramwise_options -- backbone.network.7.3.convffn.conv.bn.bias:weight_decay=0.05
2025/02/27 12:01:27 - mmengine - INFO - paramwise_options -- backbone.network.7.3.convffn.conv.bn.bias:lr_mult=0.1
2025/02/27 12:01:27 - mmengine - INFO - paramwise_options -- backbone.network.7.3.convffn.conv.bn.bias:decay_mult=1.0
2025/02/27 12:01:27 - mmengine - INFO - paramwise_options -- backbone.network.7.3.convffn.fc1.weight:lr=1e-05
2025/02/27 12:01:27 - mmengine - INFO - paramwise_options -- backbone.network.7.3.convffn.fc1.weight:weight_decay=0.05
2025/02/27 12:01:27 - mmengine - INFO - paramwise_options -- backbone.network.7.3.convffn.fc1.weight:lr_mult=0.1
2025/02/27 12:01:27 - mmengine - INFO - paramwise_options -- backbone.network.7.3.convffn.fc1.weight:decay_mult=1.0
2025/02/27 12:01:27 - mmengine - INFO - paramwise_options -- backbone.network.7.3.convffn.fc1.bias:lr=1e-05
2025/02/27 12:01:27 - mmengine - INFO - paramwise_options -- backbone.network.7.3.convffn.fc1.bias:weight_decay=0.05
2025/02/27 12:01:27 - mmengine - INFO - paramwise_options -- backbone.network.7.3.convffn.fc1.bias:lr_mult=0.1
2025/02/27 12:01:27 - mmengine - INFO - paramwise_options -- backbone.network.7.3.convffn.fc1.bias:decay_mult=1.0
2025/02/27 12:01:27 - mmengine - INFO - paramwise_options -- backbone.network.7.3.convffn.fc2.weight:lr=1e-05
2025/02/27 12:01:27 - mmengine - INFO - paramwise_options -- backbone.network.7.3.convffn.fc2.weight:weight_decay=0.05
2025/02/27 12:01:27 - mmengine - INFO - paramwise_options -- backbone.network.7.3.convffn.fc2.weight:lr_mult=0.1
2025/02/27 12:01:27 - mmengine - INFO - paramwise_options -- backbone.network.7.3.convffn.fc2.weight:decay_mult=1.0
2025/02/27 12:01:27 - mmengine - INFO - paramwise_options -- backbone.network.7.3.convffn.fc2.bias:lr=1e-05
2025/02/27 12:01:27 - mmengine - INFO - paramwise_options -- backbone.network.7.3.convffn.fc2.bias:weight_decay=0.05
2025/02/27 12:01:27 - mmengine - INFO - paramwise_options -- backbone.network.7.3.convffn.fc2.bias:lr_mult=0.1
2025/02/27 12:01:27 - mmengine - INFO - paramwise_options -- backbone.network.7.3.convffn.fc2.bias:decay_mult=1.0
2025/02/27 12:01:27 - mmengine - INFO - paramwise_options -- backbone.network.7.4.layer_scale_1:lr=1e-05
2025/02/27 12:01:27 - mmengine - INFO - paramwise_options -- backbone.network.7.4.layer_scale_1:weight_decay=0.05
2025/02/27 12:01:27 - mmengine - INFO - paramwise_options -- backbone.network.7.4.layer_scale_1:lr_mult=0.1
2025/02/27 12:01:27 - mmengine - INFO - paramwise_options -- backbone.network.7.4.layer_scale_1:decay_mult=1.0
2025/02/27 12:01:27 - mmengine - INFO - paramwise_options -- backbone.network.7.4.layer_scale_2:lr=1e-05
2025/02/27 12:01:27 - mmengine - INFO - paramwise_options -- backbone.network.7.4.layer_scale_2:weight_decay=0.05
2025/02/27 12:01:27 - mmengine - INFO - paramwise_options -- backbone.network.7.4.layer_scale_2:lr_mult=0.1
2025/02/27 12:01:27 - mmengine - INFO - paramwise_options -- backbone.network.7.4.layer_scale_2:decay_mult=1.0
2025/02/27 12:01:27 - mmengine - INFO - paramwise_options -- backbone.network.7.4.norm.weight:lr=1e-05
2025/02/27 12:01:27 - mmengine - INFO - paramwise_options -- backbone.network.7.4.norm.weight:weight_decay=0.05
2025/02/27 12:01:27 - mmengine - INFO - paramwise_options -- backbone.network.7.4.norm.weight:lr_mult=0.1
2025/02/27 12:01:27 - mmengine - INFO - paramwise_options -- backbone.network.7.4.norm.weight:decay_mult=1.0
2025/02/27 12:01:27 - mmengine - INFO - paramwise_options -- backbone.network.7.4.norm.bias:lr=1e-05
2025/02/27 12:01:27 - mmengine - INFO - paramwise_options -- backbone.network.7.4.norm.bias:weight_decay=0.05
2025/02/27 12:01:27 - mmengine - INFO - paramwise_options -- backbone.network.7.4.norm.bias:lr_mult=0.1
2025/02/27 12:01:27 - mmengine - INFO - paramwise_options -- backbone.network.7.4.norm.bias:decay_mult=1.0
2025/02/27 12:01:27 - mmengine - INFO - paramwise_options -- backbone.network.7.4.token_mixer.qkv.weight:lr=1e-05
2025/02/27 12:01:27 - mmengine - INFO - paramwise_options -- backbone.network.7.4.token_mixer.qkv.weight:weight_decay=0.05
2025/02/27 12:01:27 - mmengine - INFO - paramwise_options -- backbone.network.7.4.token_mixer.qkv.weight:lr_mult=0.1
2025/02/27 12:01:27 - mmengine - INFO - paramwise_options -- backbone.network.7.4.token_mixer.qkv.weight:decay_mult=1.0
2025/02/27 12:01:27 - mmengine - INFO - paramwise_options -- backbone.network.7.4.token_mixer.proj.weight:lr=1e-05
2025/02/27 12:01:27 - mmengine - INFO - paramwise_options -- backbone.network.7.4.token_mixer.proj.weight:weight_decay=0.05
2025/02/27 12:01:27 - mmengine - INFO - paramwise_options -- backbone.network.7.4.token_mixer.proj.weight:lr_mult=0.1
2025/02/27 12:01:27 - mmengine - INFO - paramwise_options -- backbone.network.7.4.token_mixer.proj.weight:decay_mult=1.0
2025/02/27 12:01:27 - mmengine - INFO - paramwise_options -- backbone.network.7.4.token_mixer.proj.bias:lr=1e-05
2025/02/27 12:01:27 - mmengine - INFO - paramwise_options -- backbone.network.7.4.token_mixer.proj.bias:weight_decay=0.05
2025/02/27 12:01:27 - mmengine - INFO - paramwise_options -- backbone.network.7.4.token_mixer.proj.bias:lr_mult=0.1
2025/02/27 12:01:27 - mmengine - INFO - paramwise_options -- backbone.network.7.4.token_mixer.proj.bias:decay_mult=1.0
2025/02/27 12:01:27 - mmengine - INFO - paramwise_options -- backbone.network.7.4.convffn.conv.conv.weight:lr=1e-05
2025/02/27 12:01:27 - mmengine - INFO - paramwise_options -- backbone.network.7.4.convffn.conv.conv.weight:weight_decay=0.05
2025/02/27 12:01:27 - mmengine - INFO - paramwise_options -- backbone.network.7.4.convffn.conv.conv.weight:lr_mult=0.1
2025/02/27 12:01:27 - mmengine - INFO - paramwise_options -- backbone.network.7.4.convffn.conv.conv.weight:decay_mult=1.0
2025/02/27 12:01:27 - mmengine - INFO - paramwise_options -- backbone.network.7.4.convffn.conv.bn.weight:lr=1e-05
2025/02/27 12:01:27 - mmengine - INFO - paramwise_options -- backbone.network.7.4.convffn.conv.bn.weight:weight_decay=0.05
2025/02/27 12:01:27 - mmengine - INFO - paramwise_options -- backbone.network.7.4.convffn.conv.bn.weight:lr_mult=0.1
2025/02/27 12:01:27 - mmengine - INFO - paramwise_options -- backbone.network.7.4.convffn.conv.bn.weight:decay_mult=1.0
2025/02/27 12:01:27 - mmengine - INFO - paramwise_options -- backbone.network.7.4.convffn.conv.bn.bias:lr=1e-05
2025/02/27 12:01:27 - mmengine - INFO - paramwise_options -- backbone.network.7.4.convffn.conv.bn.bias:weight_decay=0.05
2025/02/27 12:01:27 - mmengine - INFO - paramwise_options -- backbone.network.7.4.convffn.conv.bn.bias:lr_mult=0.1
2025/02/27 12:01:27 - mmengine - INFO - paramwise_options -- backbone.network.7.4.convffn.conv.bn.bias:decay_mult=1.0
2025/02/27 12:01:27 - mmengine - INFO - paramwise_options -- backbone.network.7.4.convffn.fc1.weight:lr=1e-05
2025/02/27 12:01:27 - mmengine - INFO - paramwise_options -- backbone.network.7.4.convffn.fc1.weight:weight_decay=0.05
2025/02/27 12:01:27 - mmengine - INFO - paramwise_options -- backbone.network.7.4.convffn.fc1.weight:lr_mult=0.1
2025/02/27 12:01:27 - mmengine - INFO - paramwise_options -- backbone.network.7.4.convffn.fc1.weight:decay_mult=1.0
2025/02/27 12:01:27 - mmengine - INFO - paramwise_options -- backbone.network.7.4.convffn.fc1.bias:lr=1e-05
2025/02/27 12:01:27 - mmengine - INFO - paramwise_options -- backbone.network.7.4.convffn.fc1.bias:weight_decay=0.05
2025/02/27 12:01:27 - mmengine - INFO - paramwise_options -- backbone.network.7.4.convffn.fc1.bias:lr_mult=0.1
2025/02/27 12:01:27 - mmengine - INFO - paramwise_options -- backbone.network.7.4.convffn.fc1.bias:decay_mult=1.0
2025/02/27 12:01:27 - mmengine - INFO - paramwise_options -- backbone.network.7.4.convffn.fc2.weight:lr=1e-05
2025/02/27 12:01:27 - mmengine - INFO - paramwise_options -- backbone.network.7.4.convffn.fc2.weight:weight_decay=0.05
2025/02/27 12:01:27 - mmengine - INFO - paramwise_options -- backbone.network.7.4.convffn.fc2.weight:lr_mult=0.1
2025/02/27 12:01:27 - mmengine - INFO - paramwise_options -- backbone.network.7.4.convffn.fc2.weight:decay_mult=1.0
2025/02/27 12:01:27 - mmengine - INFO - paramwise_options -- backbone.network.7.4.convffn.fc2.bias:lr=1e-05
2025/02/27 12:01:27 - mmengine - INFO - paramwise_options -- backbone.network.7.4.convffn.fc2.bias:weight_decay=0.05
2025/02/27 12:01:28 - mmengine - INFO - paramwise_options -- backbone.network.7.4.convffn.fc2.bias:lr_mult=0.1
2025/02/27 12:01:28 - mmengine - INFO - paramwise_options -- backbone.network.7.4.convffn.fc2.bias:decay_mult=1.0
2025/02/27 12:01:28 - mmengine - INFO - paramwise_options -- backbone.network.7.5.layer_scale_1:lr=1e-05
2025/02/27 12:01:28 - mmengine - INFO - paramwise_options -- backbone.network.7.5.layer_scale_1:weight_decay=0.05
2025/02/27 12:01:28 - mmengine - INFO - paramwise_options -- backbone.network.7.5.layer_scale_1:lr_mult=0.1
2025/02/27 12:01:28 - mmengine - INFO - paramwise_options -- backbone.network.7.5.layer_scale_1:decay_mult=1.0
2025/02/27 12:01:28 - mmengine - INFO - paramwise_options -- backbone.network.7.5.layer_scale_2:lr=1e-05
2025/02/27 12:01:28 - mmengine - INFO - paramwise_options -- backbone.network.7.5.layer_scale_2:weight_decay=0.05
2025/02/27 12:01:28 - mmengine - INFO - paramwise_options -- backbone.network.7.5.layer_scale_2:lr_mult=0.1
2025/02/27 12:01:28 - mmengine - INFO - paramwise_options -- backbone.network.7.5.layer_scale_2:decay_mult=1.0
2025/02/27 12:01:28 - mmengine - INFO - paramwise_options -- backbone.network.7.5.norm.weight:lr=1e-05
2025/02/27 12:01:28 - mmengine - INFO - paramwise_options -- backbone.network.7.5.norm.weight:weight_decay=0.05
2025/02/27 12:01:28 - mmengine - INFO - paramwise_options -- backbone.network.7.5.norm.weight:lr_mult=0.1
2025/02/27 12:01:28 - mmengine - INFO - paramwise_options -- backbone.network.7.5.norm.weight:decay_mult=1.0
2025/02/27 12:01:28 - mmengine - INFO - paramwise_options -- backbone.network.7.5.norm.bias:lr=1e-05
2025/02/27 12:01:28 - mmengine - INFO - paramwise_options -- backbone.network.7.5.norm.bias:weight_decay=0.05
2025/02/27 12:01:28 - mmengine - INFO - paramwise_options -- backbone.network.7.5.norm.bias:lr_mult=0.1
2025/02/27 12:01:28 - mmengine - INFO - paramwise_options -- backbone.network.7.5.norm.bias:decay_mult=1.0
2025/02/27 12:01:28 - mmengine - INFO - paramwise_options -- backbone.network.7.5.token_mixer.qkv.weight:lr=1e-05
2025/02/27 12:01:28 - mmengine - INFO - paramwise_options -- backbone.network.7.5.token_mixer.qkv.weight:weight_decay=0.05
2025/02/27 12:01:28 - mmengine - INFO - paramwise_options -- backbone.network.7.5.token_mixer.qkv.weight:lr_mult=0.1
2025/02/27 12:01:28 - mmengine - INFO - paramwise_options -- backbone.network.7.5.token_mixer.qkv.weight:decay_mult=1.0
2025/02/27 12:01:28 - mmengine - INFO - paramwise_options -- backbone.network.7.5.token_mixer.proj.weight:lr=1e-05
2025/02/27 12:01:28 - mmengine - INFO - paramwise_options -- backbone.network.7.5.token_mixer.proj.weight:weight_decay=0.05
2025/02/27 12:01:28 - mmengine - INFO - paramwise_options -- backbone.network.7.5.token_mixer.proj.weight:lr_mult=0.1
2025/02/27 12:01:28 - mmengine - INFO - paramwise_options -- backbone.network.7.5.token_mixer.proj.weight:decay_mult=1.0
2025/02/27 12:01:28 - mmengine - INFO - paramwise_options -- backbone.network.7.5.token_mixer.proj.bias:lr=1e-05
2025/02/27 12:01:28 - mmengine - INFO - paramwise_options -- backbone.network.7.5.token_mixer.proj.bias:weight_decay=0.05
2025/02/27 12:01:28 - mmengine - INFO - paramwise_options -- backbone.network.7.5.token_mixer.proj.bias:lr_mult=0.1
2025/02/27 12:01:28 - mmengine - INFO - paramwise_options -- backbone.network.7.5.token_mixer.proj.bias:decay_mult=1.0
2025/02/27 12:01:28 - mmengine - INFO - paramwise_options -- backbone.network.7.5.convffn.conv.conv.weight:lr=1e-05
2025/02/27 12:01:28 - mmengine - INFO - paramwise_options -- backbone.network.7.5.convffn.conv.conv.weight:weight_decay=0.05
2025/02/27 12:01:28 - mmengine - INFO - paramwise_options -- backbone.network.7.5.convffn.conv.conv.weight:lr_mult=0.1
2025/02/27 12:01:28 - mmengine - INFO - paramwise_options -- backbone.network.7.5.convffn.conv.conv.weight:decay_mult=1.0
2025/02/27 12:01:28 - mmengine - INFO - paramwise_options -- backbone.network.7.5.convffn.conv.bn.weight:lr=1e-05
2025/02/27 12:01:28 - mmengine - INFO - paramwise_options -- backbone.network.7.5.convffn.conv.bn.weight:weight_decay=0.05
2025/02/27 12:01:28 - mmengine - INFO - paramwise_options -- backbone.network.7.5.convffn.conv.bn.weight:lr_mult=0.1
2025/02/27 12:01:28 - mmengine - INFO - paramwise_options -- backbone.network.7.5.convffn.conv.bn.weight:decay_mult=1.0
2025/02/27 12:01:28 - mmengine - INFO - paramwise_options -- backbone.network.7.5.convffn.conv.bn.bias:lr=1e-05
2025/02/27 12:01:28 - mmengine - INFO - paramwise_options -- backbone.network.7.5.convffn.conv.bn.bias:weight_decay=0.05
2025/02/27 12:01:28 - mmengine - INFO - paramwise_options -- backbone.network.7.5.convffn.conv.bn.bias:lr_mult=0.1
2025/02/27 12:01:28 - mmengine - INFO - paramwise_options -- backbone.network.7.5.convffn.conv.bn.bias:decay_mult=1.0
2025/02/27 12:01:28 - mmengine - INFO - paramwise_options -- backbone.network.7.5.convffn.fc1.weight:lr=1e-05
2025/02/27 12:01:28 - mmengine - INFO - paramwise_options -- backbone.network.7.5.convffn.fc1.weight:weight_decay=0.05
2025/02/27 12:01:28 - mmengine - INFO - paramwise_options -- backbone.network.7.5.convffn.fc1.weight:lr_mult=0.1
2025/02/27 12:01:28 - mmengine - INFO - paramwise_options -- backbone.network.7.5.convffn.fc1.weight:decay_mult=1.0
2025/02/27 12:01:28 - mmengine - INFO - paramwise_options -- backbone.network.7.5.convffn.fc1.bias:lr=1e-05
2025/02/27 12:01:28 - mmengine - INFO - paramwise_options -- backbone.network.7.5.convffn.fc1.bias:weight_decay=0.05
2025/02/27 12:01:28 - mmengine - INFO - paramwise_options -- backbone.network.7.5.convffn.fc1.bias:lr_mult=0.1
2025/02/27 12:01:28 - mmengine - INFO - paramwise_options -- backbone.network.7.5.convffn.fc1.bias:decay_mult=1.0
2025/02/27 12:01:28 - mmengine - INFO - paramwise_options -- backbone.network.7.5.convffn.fc2.weight:lr=1e-05
2025/02/27 12:01:28 - mmengine - INFO - paramwise_options -- backbone.network.7.5.convffn.fc2.weight:weight_decay=0.05
2025/02/27 12:01:28 - mmengine - INFO - paramwise_options -- backbone.network.7.5.convffn.fc2.weight:lr_mult=0.1
2025/02/27 12:01:28 - mmengine - INFO - paramwise_options -- backbone.network.7.5.convffn.fc2.weight:decay_mult=1.0
2025/02/27 12:01:28 - mmengine - INFO - paramwise_options -- backbone.network.7.5.convffn.fc2.bias:lr=1e-05
2025/02/27 12:01:28 - mmengine - INFO - paramwise_options -- backbone.network.7.5.convffn.fc2.bias:weight_decay=0.05
2025/02/27 12:01:28 - mmengine - INFO - paramwise_options -- backbone.network.7.5.convffn.fc2.bias:lr_mult=0.1
2025/02/27 12:01:28 - mmengine - INFO - paramwise_options -- backbone.network.7.5.convffn.fc2.bias:decay_mult=1.0
2025/02/27 12:01:28 - mmengine - INFO - paramwise_options -- backbone.norm0.weight:lr=1e-05
2025/02/27 12:01:28 - mmengine - INFO - paramwise_options -- backbone.norm0.weight:weight_decay=0.0
2025/02/27 12:01:28 - mmengine - INFO - paramwise_options -- backbone.norm0.weight:lr_mult=0.1
2025/02/27 12:01:28 - mmengine - INFO - paramwise_options -- backbone.norm0.weight:decay_mult=0.0
2025/02/27 12:01:28 - mmengine - INFO - paramwise_options -- backbone.norm0.bias:lr=1e-05
2025/02/27 12:01:28 - mmengine - INFO - paramwise_options -- backbone.norm0.bias:weight_decay=0.0
2025/02/27 12:01:28 - mmengine - INFO - paramwise_options -- backbone.norm0.bias:lr_mult=0.1
2025/02/27 12:01:28 - mmengine - INFO - paramwise_options -- backbone.norm0.bias:decay_mult=0.0
2025/02/27 12:01:28 - mmengine - INFO - paramwise_options -- backbone.norm2.weight:lr=1e-05
2025/02/27 12:01:28 - mmengine - INFO - paramwise_options -- backbone.norm2.weight:weight_decay=0.0
2025/02/27 12:01:28 - mmengine - INFO - paramwise_options -- backbone.norm2.weight:lr_mult=0.1
2025/02/27 12:01:28 - mmengine - INFO - paramwise_options -- backbone.norm2.weight:decay_mult=0.0
2025/02/27 12:01:28 - mmengine - INFO - paramwise_options -- backbone.norm2.bias:lr=1e-05
2025/02/27 12:01:28 - mmengine - INFO - paramwise_options -- backbone.norm2.bias:weight_decay=0.0
2025/02/27 12:01:28 - mmengine - INFO - paramwise_options -- backbone.norm2.bias:lr_mult=0.1
2025/02/27 12:01:28 - mmengine - INFO - paramwise_options -- backbone.norm2.bias:decay_mult=0.0
2025/02/27 12:01:28 - mmengine - INFO - paramwise_options -- backbone.norm4.weight:lr=1e-05
2025/02/27 12:01:28 - mmengine - INFO - paramwise_options -- backbone.norm4.weight:weight_decay=0.0
2025/02/27 12:01:28 - mmengine - INFO - paramwise_options -- backbone.norm4.weight:lr_mult=0.1
2025/02/27 12:01:28 - mmengine - INFO - paramwise_options -- backbone.norm4.weight:decay_mult=0.0
2025/02/27 12:01:28 - mmengine - INFO - paramwise_options -- backbone.norm4.bias:lr=1e-05
2025/02/27 12:01:28 - mmengine - INFO - paramwise_options -- backbone.norm4.bias:weight_decay=0.0
2025/02/27 12:01:28 - mmengine - INFO - paramwise_options -- backbone.norm4.bias:lr_mult=0.1
2025/02/27 12:01:28 - mmengine - INFO - paramwise_options -- backbone.norm4.bias:decay_mult=0.0
2025/02/27 12:01:28 - mmengine - INFO - paramwise_options -- backbone.norm6.weight:lr=1e-05
2025/02/27 12:01:28 - mmengine - INFO - paramwise_options -- backbone.norm6.weight:weight_decay=0.0
2025/02/27 12:01:28 - mmengine - INFO - paramwise_options -- backbone.norm6.weight:lr_mult=0.1
2025/02/27 12:01:28 - mmengine - INFO - paramwise_options -- backbone.norm6.weight:decay_mult=0.0
2025/02/27 12:01:28 - mmengine - INFO - paramwise_options -- backbone.norm6.bias:lr=1e-05
2025/02/27 12:01:28 - mmengine - INFO - paramwise_options -- backbone.norm6.bias:weight_decay=0.0
2025/02/27 12:01:28 - mmengine - INFO - paramwise_options -- backbone.norm6.bias:lr_mult=0.1
2025/02/27 12:01:28 - mmengine - INFO - paramwise_options -- backbone.norm6.bias:decay_mult=0.0
2025/02/27 12:01:28 - mmengine - INFO - paramwise_options -- decode_head.pixel_decoder.input_convs.0.gn.weight:weight_decay=0.0
2025/02/27 12:01:28 - mmengine - INFO - paramwise_options -- decode_head.pixel_decoder.input_convs.0.gn.bias:weight_decay=0.0
2025/02/27 12:01:28 - mmengine - INFO - paramwise_options -- decode_head.pixel_decoder.input_convs.1.gn.weight:weight_decay=0.0
2025/02/27 12:01:28 - mmengine - INFO - paramwise_options -- decode_head.pixel_decoder.input_convs.1.gn.bias:weight_decay=0.0
2025/02/27 12:01:28 - mmengine - INFO - paramwise_options -- decode_head.pixel_decoder.input_convs.2.gn.weight:weight_decay=0.0
2025/02/27 12:01:28 - mmengine - INFO - paramwise_options -- decode_head.pixel_decoder.input_convs.2.gn.bias:weight_decay=0.0
2025/02/27 12:01:28 - mmengine - INFO - paramwise_options -- decode_head.pixel_decoder.encoder.layers.0.norms.0.weight:weight_decay=0.0
2025/02/27 12:01:28 - mmengine - INFO - paramwise_options -- decode_head.pixel_decoder.encoder.layers.0.norms.0.bias:weight_decay=0.0
2025/02/27 12:01:28 - mmengine - INFO - paramwise_options -- decode_head.pixel_decoder.encoder.layers.0.norms.1.weight:weight_decay=0.0
2025/02/27 12:01:28 - mmengine - INFO - paramwise_options -- decode_head.pixel_decoder.encoder.layers.0.norms.1.bias:weight_decay=0.0
2025/02/27 12:01:28 - mmengine - INFO - paramwise_options -- decode_head.pixel_decoder.encoder.layers.1.norms.0.weight:weight_decay=0.0
2025/02/27 12:01:28 - mmengine - INFO - paramwise_options -- decode_head.pixel_decoder.encoder.layers.1.norms.0.bias:weight_decay=0.0
2025/02/27 12:01:28 - mmengine - INFO - paramwise_options -- decode_head.pixel_decoder.encoder.layers.1.norms.1.weight:weight_decay=0.0
2025/02/27 12:01:28 - mmengine - INFO - paramwise_options -- decode_head.pixel_decoder.encoder.layers.1.norms.1.bias:weight_decay=0.0
2025/02/27 12:01:28 - mmengine - INFO - paramwise_options -- decode_head.pixel_decoder.encoder.layers.2.norms.0.weight:weight_decay=0.0
2025/02/27 12:01:28 - mmengine - INFO - paramwise_options -- decode_head.pixel_decoder.encoder.layers.2.norms.0.bias:weight_decay=0.0
2025/02/27 12:01:28 - mmengine - INFO - paramwise_options -- decode_head.pixel_decoder.encoder.layers.2.norms.1.weight:weight_decay=0.0
2025/02/27 12:01:28 - mmengine - INFO - paramwise_options -- decode_head.pixel_decoder.encoder.layers.2.norms.1.bias:weight_decay=0.0
2025/02/27 12:01:28 - mmengine - INFO - paramwise_options -- decode_head.pixel_decoder.encoder.layers.3.norms.0.weight:weight_decay=0.0
2025/02/27 12:01:28 - mmengine - INFO - paramwise_options -- decode_head.pixel_decoder.encoder.layers.3.norms.0.bias:weight_decay=0.0
2025/02/27 12:01:28 - mmengine - INFO - paramwise_options -- decode_head.pixel_decoder.encoder.layers.3.norms.1.weight:weight_decay=0.0
2025/02/27 12:01:28 - mmengine - INFO - paramwise_options -- decode_head.pixel_decoder.encoder.layers.3.norms.1.bias:weight_decay=0.0
2025/02/27 12:01:28 - mmengine - INFO - paramwise_options -- decode_head.pixel_decoder.encoder.layers.4.norms.0.weight:weight_decay=0.0
2025/02/27 12:01:28 - mmengine - INFO - paramwise_options -- decode_head.pixel_decoder.encoder.layers.4.norms.0.bias:weight_decay=0.0
2025/02/27 12:01:28 - mmengine - INFO - paramwise_options -- decode_head.pixel_decoder.encoder.layers.4.norms.1.weight:weight_decay=0.0
2025/02/27 12:01:28 - mmengine - INFO - paramwise_options -- decode_head.pixel_decoder.encoder.layers.4.norms.1.bias:weight_decay=0.0
2025/02/27 12:01:28 - mmengine - INFO - paramwise_options -- decode_head.pixel_decoder.encoder.layers.5.norms.0.weight:weight_decay=0.0
2025/02/27 12:01:28 - mmengine - INFO - paramwise_options -- decode_head.pixel_decoder.encoder.layers.5.norms.0.bias:weight_decay=0.0
2025/02/27 12:01:28 - mmengine - INFO - paramwise_options -- decode_head.pixel_decoder.encoder.layers.5.norms.1.weight:weight_decay=0.0
2025/02/27 12:01:28 - mmengine - INFO - paramwise_options -- decode_head.pixel_decoder.encoder.layers.5.norms.1.bias:weight_decay=0.0
2025/02/27 12:01:28 - mmengine - INFO - paramwise_options -- decode_head.pixel_decoder.lateral_convs.0.gn.weight:weight_decay=0.0
2025/02/27 12:01:28 - mmengine - INFO - paramwise_options -- decode_head.pixel_decoder.lateral_convs.0.gn.bias:weight_decay=0.0
2025/02/27 12:01:28 - mmengine - INFO - paramwise_options -- decode_head.pixel_decoder.output_convs.0.gn.weight:weight_decay=0.0
2025/02/27 12:01:28 - mmengine - INFO - paramwise_options -- decode_head.pixel_decoder.output_convs.0.gn.bias:weight_decay=0.0
2025/02/27 12:01:28 - mmengine - INFO - paramwise_options -- decode_head.transformer_decoder.layers.0.norms.0.weight:weight_decay=0.0
2025/02/27 12:01:28 - mmengine - INFO - paramwise_options -- decode_head.transformer_decoder.layers.0.norms.0.bias:weight_decay=0.0
2025/02/27 12:01:28 - mmengine - INFO - paramwise_options -- decode_head.transformer_decoder.layers.0.norms.1.weight:weight_decay=0.0
2025/02/27 12:01:28 - mmengine - INFO - paramwise_options -- decode_head.transformer_decoder.layers.0.norms.1.bias:weight_decay=0.0
2025/02/27 12:01:28 - mmengine - INFO - paramwise_options -- decode_head.transformer_decoder.layers.0.norms.2.weight:weight_decay=0.0
2025/02/27 12:01:28 - mmengine - INFO - paramwise_options -- decode_head.transformer_decoder.layers.0.norms.2.bias:weight_decay=0.0
2025/02/27 12:01:28 - mmengine - INFO - paramwise_options -- decode_head.transformer_decoder.layers.1.norms.0.weight:weight_decay=0.0
2025/02/27 12:01:28 - mmengine - INFO - paramwise_options -- decode_head.transformer_decoder.layers.1.norms.0.bias:weight_decay=0.0
2025/02/27 12:01:28 - mmengine - INFO - paramwise_options -- decode_head.transformer_decoder.layers.1.norms.1.weight:weight_decay=0.0
2025/02/27 12:01:28 - mmengine - INFO - paramwise_options -- decode_head.transformer_decoder.layers.1.norms.1.bias:weight_decay=0.0
2025/02/27 12:01:28 - mmengine - INFO - paramwise_options -- decode_head.transformer_decoder.layers.1.norms.2.weight:weight_decay=0.0
2025/02/27 12:01:28 - mmengine - INFO - paramwise_options -- decode_head.transformer_decoder.layers.1.norms.2.bias:weight_decay=0.0
2025/02/27 12:01:28 - mmengine - INFO - paramwise_options -- decode_head.transformer_decoder.layers.2.norms.0.weight:weight_decay=0.0
2025/02/27 12:01:28 - mmengine - INFO - paramwise_options -- decode_head.transformer_decoder.layers.2.norms.0.bias:weight_decay=0.0
2025/02/27 12:01:28 - mmengine - INFO - paramwise_options -- decode_head.transformer_decoder.layers.2.norms.1.weight:weight_decay=0.0
2025/02/27 12:01:28 - mmengine - INFO - paramwise_options -- decode_head.transformer_decoder.layers.2.norms.1.bias:weight_decay=0.0
2025/02/27 12:01:28 - mmengine - INFO - paramwise_options -- decode_head.transformer_decoder.layers.2.norms.2.weight:weight_decay=0.0
2025/02/27 12:01:28 - mmengine - INFO - paramwise_options -- decode_head.transformer_decoder.layers.2.norms.2.bias:weight_decay=0.0
2025/02/27 12:01:28 - mmengine - INFO - paramwise_options -- decode_head.transformer_decoder.layers.3.norms.0.weight:weight_decay=0.0
2025/02/27 12:01:28 - mmengine - INFO - paramwise_options -- decode_head.transformer_decoder.layers.3.norms.0.bias:weight_decay=0.0
2025/02/27 12:01:28 - mmengine - INFO - paramwise_options -- decode_head.transformer_decoder.layers.3.norms.1.weight:weight_decay=0.0
2025/02/27 12:01:28 - mmengine - INFO - paramwise_options -- decode_head.transformer_decoder.layers.3.norms.1.bias:weight_decay=0.0
2025/02/27 12:01:28 - mmengine - INFO - paramwise_options -- decode_head.transformer_decoder.layers.3.norms.2.weight:weight_decay=0.0
2025/02/27 12:01:28 - mmengine - INFO - paramwise_options -- decode_head.transformer_decoder.layers.3.norms.2.bias:weight_decay=0.0
2025/02/27 12:01:28 - mmengine - INFO - paramwise_options -- decode_head.transformer_decoder.layers.4.norms.0.weight:weight_decay=0.0
2025/02/27 12:01:28 - mmengine - INFO - paramwise_options -- decode_head.transformer_decoder.layers.4.norms.0.bias:weight_decay=0.0
2025/02/27 12:01:28 - mmengine - INFO - paramwise_options -- decode_head.transformer_decoder.layers.4.norms.1.weight:weight_decay=0.0
2025/02/27 12:01:28 - mmengine - INFO - paramwise_options -- decode_head.transformer_decoder.layers.4.norms.1.bias:weight_decay=0.0
2025/02/27 12:01:28 - mmengine - INFO - paramwise_options -- decode_head.transformer_decoder.layers.4.norms.2.weight:weight_decay=0.0
2025/02/27 12:01:28 - mmengine - INFO - paramwise_options -- decode_head.transformer_decoder.layers.4.norms.2.bias:weight_decay=0.0
2025/02/27 12:01:28 - mmengine - INFO - paramwise_options -- decode_head.transformer_decoder.layers.5.norms.0.weight:weight_decay=0.0
2025/02/27 12:01:28 - mmengine - INFO - paramwise_options -- decode_head.transformer_decoder.layers.5.norms.0.bias:weight_decay=0.0
2025/02/27 12:01:28 - mmengine - INFO - paramwise_options -- decode_head.transformer_decoder.layers.5.norms.1.weight:weight_decay=0.0
2025/02/27 12:01:28 - mmengine - INFO - paramwise_options -- decode_head.transformer_decoder.layers.5.norms.1.bias:weight_decay=0.0
2025/02/27 12:01:28 - mmengine - INFO - paramwise_options -- decode_head.transformer_decoder.layers.5.norms.2.weight:weight_decay=0.0
2025/02/27 12:01:28 - mmengine - INFO - paramwise_options -- decode_head.transformer_decoder.layers.5.norms.2.bias:weight_decay=0.0
2025/02/27 12:01:28 - mmengine - INFO - paramwise_options -- decode_head.transformer_decoder.layers.6.norms.0.weight:weight_decay=0.0
2025/02/27 12:01:28 - mmengine - INFO - paramwise_options -- decode_head.transformer_decoder.layers.6.norms.0.bias:weight_decay=0.0
2025/02/27 12:01:28 - mmengine - INFO - paramwise_options -- decode_head.transformer_decoder.layers.6.norms.1.weight:weight_decay=0.0
2025/02/27 12:01:28 - mmengine - INFO - paramwise_options -- decode_head.transformer_decoder.layers.6.norms.1.bias:weight_decay=0.0
2025/02/27 12:01:28 - mmengine - INFO - paramwise_options -- decode_head.transformer_decoder.layers.6.norms.2.weight:weight_decay=0.0
2025/02/27 12:01:28 - mmengine - INFO - paramwise_options -- decode_head.transformer_decoder.layers.6.norms.2.bias:weight_decay=0.0
2025/02/27 12:01:28 - mmengine - INFO - paramwise_options -- decode_head.transformer_decoder.layers.7.norms.0.weight:weight_decay=0.0
2025/02/27 12:01:28 - mmengine - INFO - paramwise_options -- decode_head.transformer_decoder.layers.7.norms.0.bias:weight_decay=0.0
2025/02/27 12:01:28 - mmengine - INFO - paramwise_options -- decode_head.transformer_decoder.layers.7.norms.1.weight:weight_decay=0.0
2025/02/27 12:01:28 - mmengine - INFO - paramwise_options -- decode_head.transformer_decoder.layers.7.norms.1.bias:weight_decay=0.0
2025/02/27 12:01:28 - mmengine - INFO - paramwise_options -- decode_head.transformer_decoder.layers.7.norms.2.weight:weight_decay=0.0
2025/02/27 12:01:28 - mmengine - INFO - paramwise_options -- decode_head.transformer_decoder.layers.7.norms.2.bias:weight_decay=0.0
2025/02/27 12:01:28 - mmengine - INFO - paramwise_options -- decode_head.transformer_decoder.layers.8.norms.0.weight:weight_decay=0.0
2025/02/27 12:01:28 - mmengine - INFO - paramwise_options -- decode_head.transformer_decoder.layers.8.norms.0.bias:weight_decay=0.0
2025/02/27 12:01:28 - mmengine - INFO - paramwise_options -- decode_head.transformer_decoder.layers.8.norms.1.weight:weight_decay=0.0
2025/02/27 12:01:28 - mmengine - INFO - paramwise_options -- decode_head.transformer_decoder.layers.8.norms.1.bias:weight_decay=0.0
2025/02/27 12:01:28 - mmengine - INFO - paramwise_options -- decode_head.transformer_decoder.layers.8.norms.2.weight:weight_decay=0.0
2025/02/27 12:01:28 - mmengine - INFO - paramwise_options -- decode_head.transformer_decoder.layers.8.norms.2.bias:weight_decay=0.0
2025/02/27 12:01:28 - mmengine - INFO - paramwise_options -- decode_head.transformer_decoder.post_norm.weight:weight_decay=0.0
2025/02/27 12:01:28 - mmengine - INFO - paramwise_options -- decode_head.transformer_decoder.post_norm.bias:weight_decay=0.0
2025/02/27 12:01:28 - mmengine - INFO - paramwise_options -- decode_head.query_embed.weight:lr=0.0001
2025/02/27 12:01:28 - mmengine - INFO - paramwise_options -- decode_head.query_embed.weight:weight_decay=0.0
2025/02/27 12:01:28 - mmengine - INFO - paramwise_options -- decode_head.query_embed.weight:lr_mult=1.0
2025/02/27 12:01:28 - mmengine - INFO - paramwise_options -- decode_head.query_embed.weight:decay_mult=0.0
2025/02/27 12:01:28 - mmengine - INFO - paramwise_options -- decode_head.query_feat.weight:lr=0.0001
2025/02/27 12:01:28 - mmengine - INFO - paramwise_options -- decode_head.query_feat.weight:weight_decay=0.0
2025/02/27 12:01:28 - mmengine - INFO - paramwise_options -- decode_head.query_feat.weight:lr_mult=1.0
2025/02/27 12:01:28 - mmengine - INFO - paramwise_options -- decode_head.query_feat.weight:decay_mult=0.0
2025/02/27 12:01:28 - mmengine - INFO - paramwise_options -- decode_head.level_embed.weight:lr=0.0001
2025/02/27 12:01:28 - mmengine - INFO - paramwise_options -- decode_head.level_embed.weight:weight_decay=0.0
2025/02/27 12:01:28 - mmengine - INFO - paramwise_options -- decode_head.level_embed.weight:lr_mult=1.0
2025/02/27 12:01:28 - mmengine - INFO - paramwise_options -- decode_head.level_embed.weight:decay_mult=0.0
2025/02/27 12:01:29 - mmengine - WARNING - The prefix is not set in metric class IoUMetric.
2025/02/27 12:01:32 - mmengine - WARNING - No pre-trained weights for fastvit_small, training start from scratch
Name of parameter - Initialization information

backbone.patch_embed.0.rbr_conv.0.conv.weight - torch.Size([76, 3, 3, 3]): 
The value is the same before and after calling `init_weights` of EncoderDecoder  

backbone.patch_embed.0.rbr_conv.0.bn.weight - torch.Size([76]): 
The value is the same before and after calling `init_weights` of EncoderDecoder  

backbone.patch_embed.0.rbr_conv.0.bn.bias - torch.Size([76]): 
The value is the same before and after calling `init_weights` of EncoderDecoder  

backbone.patch_embed.0.rbr_scale.conv.weight - torch.Size([76, 3, 1, 1]): 
The value is the same before and after calling `init_weights` of EncoderDecoder  

backbone.patch_embed.0.rbr_scale.bn.weight - torch.Size([76]): 
The value is the same before and after calling `init_weights` of EncoderDecoder  

backbone.patch_embed.0.rbr_scale.bn.bias - torch.Size([76]): 
The value is the same before and after calling `init_weights` of EncoderDecoder  

backbone.patch_embed.1.rbr_conv.0.conv.weight - torch.Size([76, 1, 3, 3]): 
The value is the same before and after calling `init_weights` of EncoderDecoder  

backbone.patch_embed.1.rbr_conv.0.bn.weight - torch.Size([76]): 
The value is the same before and after calling `init_weights` of EncoderDecoder  

backbone.patch_embed.1.rbr_conv.0.bn.bias - torch.Size([76]): 
The value is the same before and after calling `init_weights` of EncoderDecoder  

backbone.patch_embed.1.rbr_scale.conv.weight - torch.Size([76, 1, 1, 1]): 
The value is the same before and after calling `init_weights` of EncoderDecoder  

backbone.patch_embed.1.rbr_scale.bn.weight - torch.Size([76]): 
The value is the same before and after calling `init_weights` of EncoderDecoder  

backbone.patch_embed.1.rbr_scale.bn.bias - torch.Size([76]): 
The value is the same before and after calling `init_weights` of EncoderDecoder  

backbone.patch_embed.2.rbr_skip.weight - torch.Size([76]): 
The value is the same before and after calling `init_weights` of EncoderDecoder  

backbone.patch_embed.2.rbr_skip.bias - torch.Size([76]): 
The value is the same before and after calling `init_weights` of EncoderDecoder  

backbone.patch_embed.2.rbr_conv.0.conv.weight - torch.Size([76, 76, 1, 1]): 
The value is the same before and after calling `init_weights` of EncoderDecoder  

backbone.patch_embed.2.rbr_conv.0.bn.weight - torch.Size([76]): 
The value is the same before and after calling `init_weights` of EncoderDecoder  

backbone.patch_embed.2.rbr_conv.0.bn.bias - torch.Size([76]): 
The value is the same before and after calling `init_weights` of EncoderDecoder  

backbone.network.0.0.layer_scale - torch.Size([76, 1, 1]): 
The value is the same before and after calling `init_weights` of EncoderDecoder  

backbone.network.0.0.token_mixer.layer_scale - torch.Size([76, 1, 1]): 
The value is the same before and after calling `init_weights` of EncoderDecoder  

backbone.network.0.0.token_mixer.norm.rbr_skip.weight - torch.Size([76]): 
The value is the same before and after calling `init_weights` of EncoderDecoder  

backbone.network.0.0.token_mixer.norm.rbr_skip.bias - torch.Size([76]): 
The value is the same before and after calling `init_weights` of EncoderDecoder  

backbone.network.0.0.token_mixer.mixer.rbr_skip.weight - torch.Size([76]): 
The value is the same before and after calling `init_weights` of EncoderDecoder  

backbone.network.0.0.token_mixer.mixer.rbr_skip.bias - torch.Size([76]): 
The value is the same before and after calling `init_weights` of EncoderDecoder  

backbone.network.0.0.token_mixer.mixer.rbr_conv.0.conv.weight - torch.Size([76, 1, 3, 3]): 
The value is the same before and after calling `init_weights` of EncoderDecoder  

backbone.network.0.0.token_mixer.mixer.rbr_conv.0.bn.weight - torch.Size([76]): 
The value is the same before and after calling `init_weights` of EncoderDecoder  

backbone.network.0.0.token_mixer.mixer.rbr_conv.0.bn.bias - torch.Size([76]): 
The value is the same before and after calling `init_weights` of EncoderDecoder  

backbone.network.0.0.token_mixer.mixer.rbr_scale.conv.weight - torch.Size([76, 1, 1, 1]): 
The value is the same before and after calling `init_weights` of EncoderDecoder  

backbone.network.0.0.token_mixer.mixer.rbr_scale.bn.weight - torch.Size([76]): 
The value is the same before and after calling `init_weights` of EncoderDecoder  

backbone.network.0.0.token_mixer.mixer.rbr_scale.bn.bias - torch.Size([76]): 
The value is the same before and after calling `init_weights` of EncoderDecoder  

backbone.network.0.0.convffn.conv.conv.weight - torch.Size([76, 1, 7, 7]): 
The value is the same before and after calling `init_weights` of EncoderDecoder  

backbone.network.0.0.convffn.conv.bn.weight - torch.Size([76]): 
The value is the same before and after calling `init_weights` of EncoderDecoder  

backbone.network.0.0.convffn.conv.bn.bias - torch.Size([76]): 
The value is the same before and after calling `init_weights` of EncoderDecoder  

backbone.network.0.0.convffn.fc1.weight - torch.Size([304, 76, 1, 1]): 
The value is the same before and after calling `init_weights` of EncoderDecoder  

backbone.network.0.0.convffn.fc1.bias - torch.Size([304]): 
The value is the same before and after calling `init_weights` of EncoderDecoder  

backbone.network.0.0.convffn.fc2.weight - torch.Size([76, 304, 1, 1]): 
The value is the same before and after calling `init_weights` of EncoderDecoder  

backbone.network.0.0.convffn.fc2.bias - torch.Size([76]): 
The value is the same before and after calling `init_weights` of EncoderDecoder  

backbone.network.0.1.layer_scale - torch.Size([76, 1, 1]): 
The value is the same before and after calling `init_weights` of EncoderDecoder  

backbone.network.0.1.token_mixer.layer_scale - torch.Size([76, 1, 1]): 
The value is the same before and after calling `init_weights` of EncoderDecoder  

backbone.network.0.1.token_mixer.norm.rbr_skip.weight - torch.Size([76]): 
The value is the same before and after calling `init_weights` of EncoderDecoder  

backbone.network.0.1.token_mixer.norm.rbr_skip.bias - torch.Size([76]): 
The value is the same before and after calling `init_weights` of EncoderDecoder  

backbone.network.0.1.token_mixer.mixer.rbr_skip.weight - torch.Size([76]): 
The value is the same before and after calling `init_weights` of EncoderDecoder  

backbone.network.0.1.token_mixer.mixer.rbr_skip.bias - torch.Size([76]): 
The value is the same before and after calling `init_weights` of EncoderDecoder  

backbone.network.0.1.token_mixer.mixer.rbr_conv.0.conv.weight - torch.Size([76, 1, 3, 3]): 
The value is the same before and after calling `init_weights` of EncoderDecoder  

backbone.network.0.1.token_mixer.mixer.rbr_conv.0.bn.weight - torch.Size([76]): 
The value is the same before and after calling `init_weights` of EncoderDecoder  

backbone.network.0.1.token_mixer.mixer.rbr_conv.0.bn.bias - torch.Size([76]): 
The value is the same before and after calling `init_weights` of EncoderDecoder  

backbone.network.0.1.token_mixer.mixer.rbr_scale.conv.weight - torch.Size([76, 1, 1, 1]): 
The value is the same before and after calling `init_weights` of EncoderDecoder  

backbone.network.0.1.token_mixer.mixer.rbr_scale.bn.weight - torch.Size([76]): 
The value is the same before and after calling `init_weights` of EncoderDecoder  

backbone.network.0.1.token_mixer.mixer.rbr_scale.bn.bias - torch.Size([76]): 
The value is the same before and after calling `init_weights` of EncoderDecoder  

backbone.network.0.1.convffn.conv.conv.weight - torch.Size([76, 1, 7, 7]): 
The value is the same before and after calling `init_weights` of EncoderDecoder  

backbone.network.0.1.convffn.conv.bn.weight - torch.Size([76]): 
The value is the same before and after calling `init_weights` of EncoderDecoder  

backbone.network.0.1.convffn.conv.bn.bias - torch.Size([76]): 
The value is the same before and after calling `init_weights` of EncoderDecoder  

backbone.network.0.1.convffn.fc1.weight - torch.Size([304, 76, 1, 1]): 
The value is the same before and after calling `init_weights` of EncoderDecoder  

backbone.network.0.1.convffn.fc1.bias - torch.Size([304]): 
The value is the same before and after calling `init_weights` of EncoderDecoder  

backbone.network.0.1.convffn.fc2.weight - torch.Size([76, 304, 1, 1]): 
The value is the same before and after calling `init_weights` of EncoderDecoder  

backbone.network.0.1.convffn.fc2.bias - torch.Size([76]): 
The value is the same before and after calling `init_weights` of EncoderDecoder  

backbone.network.0.2.layer_scale - torch.Size([76, 1, 1]): 
The value is the same before and after calling `init_weights` of EncoderDecoder  

backbone.network.0.2.token_mixer.layer_scale - torch.Size([76, 1, 1]): 
The value is the same before and after calling `init_weights` of EncoderDecoder  

backbone.network.0.2.token_mixer.norm.rbr_skip.weight - torch.Size([76]): 
The value is the same before and after calling `init_weights` of EncoderDecoder  

backbone.network.0.2.token_mixer.norm.rbr_skip.bias - torch.Size([76]): 
The value is the same before and after calling `init_weights` of EncoderDecoder  

backbone.network.0.2.token_mixer.mixer.rbr_skip.weight - torch.Size([76]): 
The value is the same before and after calling `init_weights` of EncoderDecoder  

backbone.network.0.2.token_mixer.mixer.rbr_skip.bias - torch.Size([76]): 
The value is the same before and after calling `init_weights` of EncoderDecoder  

backbone.network.0.2.token_mixer.mixer.rbr_conv.0.conv.weight - torch.Size([76, 1, 3, 3]): 
The value is the same before and after calling `init_weights` of EncoderDecoder  

backbone.network.0.2.token_mixer.mixer.rbr_conv.0.bn.weight - torch.Size([76]): 
The value is the same before and after calling `init_weights` of EncoderDecoder  

backbone.network.0.2.token_mixer.mixer.rbr_conv.0.bn.bias - torch.Size([76]): 
The value is the same before and after calling `init_weights` of EncoderDecoder  

backbone.network.0.2.token_mixer.mixer.rbr_scale.conv.weight - torch.Size([76, 1, 1, 1]): 
The value is the same before and after calling `init_weights` of EncoderDecoder  

backbone.network.0.2.token_mixer.mixer.rbr_scale.bn.weight - torch.Size([76]): 
The value is the same before and after calling `init_weights` of EncoderDecoder  

backbone.network.0.2.token_mixer.mixer.rbr_scale.bn.bias - torch.Size([76]): 
The value is the same before and after calling `init_weights` of EncoderDecoder  

backbone.network.0.2.convffn.conv.conv.weight - torch.Size([76, 1, 7, 7]): 
The value is the same before and after calling `init_weights` of EncoderDecoder  

backbone.network.0.2.convffn.conv.bn.weight - torch.Size([76]): 
The value is the same before and after calling `init_weights` of EncoderDecoder  

backbone.network.0.2.convffn.conv.bn.bias - torch.Size([76]): 
The value is the same before and after calling `init_weights` of EncoderDecoder  

backbone.network.0.2.convffn.fc1.weight - torch.Size([304, 76, 1, 1]): 
The value is the same before and after calling `init_weights` of EncoderDecoder  

backbone.network.0.2.convffn.fc1.bias - torch.Size([304]): 
The value is the same before and after calling `init_weights` of EncoderDecoder  

backbone.network.0.2.convffn.fc2.weight - torch.Size([76, 304, 1, 1]): 
The value is the same before and after calling `init_weights` of EncoderDecoder  

backbone.network.0.2.convffn.fc2.bias - torch.Size([76]): 
The value is the same before and after calling `init_weights` of EncoderDecoder  

backbone.network.0.3.layer_scale - torch.Size([76, 1, 1]): 
The value is the same before and after calling `init_weights` of EncoderDecoder  

backbone.network.0.3.token_mixer.layer_scale - torch.Size([76, 1, 1]): 
The value is the same before and after calling `init_weights` of EncoderDecoder  

backbone.network.0.3.token_mixer.norm.rbr_skip.weight - torch.Size([76]): 
The value is the same before and after calling `init_weights` of EncoderDecoder  

backbone.network.0.3.token_mixer.norm.rbr_skip.bias - torch.Size([76]): 
The value is the same before and after calling `init_weights` of EncoderDecoder  

backbone.network.0.3.token_mixer.mixer.rbr_skip.weight - torch.Size([76]): 
The value is the same before and after calling `init_weights` of EncoderDecoder  

backbone.network.0.3.token_mixer.mixer.rbr_skip.bias - torch.Size([76]): 
The value is the same before and after calling `init_weights` of EncoderDecoder  

backbone.network.0.3.token_mixer.mixer.rbr_conv.0.conv.weight - torch.Size([76, 1, 3, 3]): 
The value is the same before and after calling `init_weights` of EncoderDecoder  

backbone.network.0.3.token_mixer.mixer.rbr_conv.0.bn.weight - torch.Size([76]): 
The value is the same before and after calling `init_weights` of EncoderDecoder  

backbone.network.0.3.token_mixer.mixer.rbr_conv.0.bn.bias - torch.Size([76]): 
The value is the same before and after calling `init_weights` of EncoderDecoder  

backbone.network.0.3.token_mixer.mixer.rbr_scale.conv.weight - torch.Size([76, 1, 1, 1]): 
The value is the same before and after calling `init_weights` of EncoderDecoder  

backbone.network.0.3.token_mixer.mixer.rbr_scale.bn.weight - torch.Size([76]): 
The value is the same before and after calling `init_weights` of EncoderDecoder  

backbone.network.0.3.token_mixer.mixer.rbr_scale.bn.bias - torch.Size([76]): 
The value is the same before and after calling `init_weights` of EncoderDecoder  

backbone.network.0.3.convffn.conv.conv.weight - torch.Size([76, 1, 7, 7]): 
The value is the same before and after calling `init_weights` of EncoderDecoder  

backbone.network.0.3.convffn.conv.bn.weight - torch.Size([76]): 
The value is the same before and after calling `init_weights` of EncoderDecoder  

backbone.network.0.3.convffn.conv.bn.bias - torch.Size([76]): 
The value is the same before and after calling `init_weights` of EncoderDecoder  

backbone.network.0.3.convffn.fc1.weight - torch.Size([304, 76, 1, 1]): 
The value is the same before and after calling `init_weights` of EncoderDecoder  

backbone.network.0.3.convffn.fc1.bias - torch.Size([304]): 
The value is the same before and after calling `init_weights` of EncoderDecoder  

backbone.network.0.3.convffn.fc2.weight - torch.Size([76, 304, 1, 1]): 
The value is the same before and after calling `init_weights` of EncoderDecoder  

backbone.network.0.3.convffn.fc2.bias - torch.Size([76]): 
The value is the same before and after calling `init_weights` of EncoderDecoder  

backbone.network.0.4.layer_scale - torch.Size([76, 1, 1]): 
The value is the same before and after calling `init_weights` of EncoderDecoder  

backbone.network.0.4.token_mixer.layer_scale - torch.Size([76, 1, 1]): 
The value is the same before and after calling `init_weights` of EncoderDecoder  

backbone.network.0.4.token_mixer.norm.rbr_skip.weight - torch.Size([76]): 
The value is the same before and after calling `init_weights` of EncoderDecoder  

backbone.network.0.4.token_mixer.norm.rbr_skip.bias - torch.Size([76]): 
The value is the same before and after calling `init_weights` of EncoderDecoder  

backbone.network.0.4.token_mixer.mixer.rbr_skip.weight - torch.Size([76]): 
The value is the same before and after calling `init_weights` of EncoderDecoder  

backbone.network.0.4.token_mixer.mixer.rbr_skip.bias - torch.Size([76]): 
The value is the same before and after calling `init_weights` of EncoderDecoder  

backbone.network.0.4.token_mixer.mixer.rbr_conv.0.conv.weight - torch.Size([76, 1, 3, 3]): 
The value is the same before and after calling `init_weights` of EncoderDecoder  

backbone.network.0.4.token_mixer.mixer.rbr_conv.0.bn.weight - torch.Size([76]): 
The value is the same before and after calling `init_weights` of EncoderDecoder  

backbone.network.0.4.token_mixer.mixer.rbr_conv.0.bn.bias - torch.Size([76]): 
The value is the same before and after calling `init_weights` of EncoderDecoder  

backbone.network.0.4.token_mixer.mixer.rbr_scale.conv.weight - torch.Size([76, 1, 1, 1]): 
The value is the same before and after calling `init_weights` of EncoderDecoder  

backbone.network.0.4.token_mixer.mixer.rbr_scale.bn.weight - torch.Size([76]): 
The value is the same before and after calling `init_weights` of EncoderDecoder  

backbone.network.0.4.token_mixer.mixer.rbr_scale.bn.bias - torch.Size([76]): 
The value is the same before and after calling `init_weights` of EncoderDecoder  

backbone.network.0.4.convffn.conv.conv.weight - torch.Size([76, 1, 7, 7]): 
The value is the same before and after calling `init_weights` of EncoderDecoder  

backbone.network.0.4.convffn.conv.bn.weight - torch.Size([76]): 
The value is the same before and after calling `init_weights` of EncoderDecoder  

backbone.network.0.4.convffn.conv.bn.bias - torch.Size([76]): 
The value is the same before and after calling `init_weights` of EncoderDecoder  

backbone.network.0.4.convffn.fc1.weight - torch.Size([304, 76, 1, 1]): 
The value is the same before and after calling `init_weights` of EncoderDecoder  

backbone.network.0.4.convffn.fc1.bias - torch.Size([304]): 
The value is the same before and after calling `init_weights` of EncoderDecoder  

backbone.network.0.4.convffn.fc2.weight - torch.Size([76, 304, 1, 1]): 
The value is the same before and after calling `init_weights` of EncoderDecoder  

backbone.network.0.4.convffn.fc2.bias - torch.Size([76]): 
The value is the same before and after calling `init_weights` of EncoderDecoder  

backbone.network.0.5.layer_scale - torch.Size([76, 1, 1]): 
The value is the same before and after calling `init_weights` of EncoderDecoder  

backbone.network.0.5.token_mixer.layer_scale - torch.Size([76, 1, 1]): 
The value is the same before and after calling `init_weights` of EncoderDecoder  

backbone.network.0.5.token_mixer.norm.rbr_skip.weight - torch.Size([76]): 
The value is the same before and after calling `init_weights` of EncoderDecoder  

backbone.network.0.5.token_mixer.norm.rbr_skip.bias - torch.Size([76]): 
The value is the same before and after calling `init_weights` of EncoderDecoder  

backbone.network.0.5.token_mixer.mixer.rbr_skip.weight - torch.Size([76]): 
The value is the same before and after calling `init_weights` of EncoderDecoder  

backbone.network.0.5.token_mixer.mixer.rbr_skip.bias - torch.Size([76]): 
The value is the same before and after calling `init_weights` of EncoderDecoder  

backbone.network.0.5.token_mixer.mixer.rbr_conv.0.conv.weight - torch.Size([76, 1, 3, 3]): 
The value is the same before and after calling `init_weights` of EncoderDecoder  

backbone.network.0.5.token_mixer.mixer.rbr_conv.0.bn.weight - torch.Size([76]): 
The value is the same before and after calling `init_weights` of EncoderDecoder  

backbone.network.0.5.token_mixer.mixer.rbr_conv.0.bn.bias - torch.Size([76]): 
The value is the same before and after calling `init_weights` of EncoderDecoder  

backbone.network.0.5.token_mixer.mixer.rbr_scale.conv.weight - torch.Size([76, 1, 1, 1]): 
The value is the same before and after calling `init_weights` of EncoderDecoder  

backbone.network.0.5.token_mixer.mixer.rbr_scale.bn.weight - torch.Size([76]): 
The value is the same before and after calling `init_weights` of EncoderDecoder  

backbone.network.0.5.token_mixer.mixer.rbr_scale.bn.bias - torch.Size([76]): 
The value is the same before and after calling `init_weights` of EncoderDecoder  

backbone.network.0.5.convffn.conv.conv.weight - torch.Size([76, 1, 7, 7]): 
The value is the same before and after calling `init_weights` of EncoderDecoder  

backbone.network.0.5.convffn.conv.bn.weight - torch.Size([76]): 
The value is the same before and after calling `init_weights` of EncoderDecoder  

backbone.network.0.5.convffn.conv.bn.bias - torch.Size([76]): 
The value is the same before and after calling `init_weights` of EncoderDecoder  

backbone.network.0.5.convffn.fc1.weight - torch.Size([304, 76, 1, 1]): 
The value is the same before and after calling `init_weights` of EncoderDecoder  

backbone.network.0.5.convffn.fc1.bias - torch.Size([304]): 
The value is the same before and after calling `init_weights` of EncoderDecoder  

backbone.network.0.5.convffn.fc2.weight - torch.Size([76, 304, 1, 1]): 
The value is the same before and after calling `init_weights` of EncoderDecoder  

backbone.network.0.5.convffn.fc2.bias - torch.Size([76]): 
The value is the same before and after calling `init_weights` of EncoderDecoder  

backbone.network.1.proj.0.lkb_origin.conv.weight - torch.Size([152, 1, 7, 7]): 
The value is the same before and after calling `init_weights` of EncoderDecoder  

backbone.network.1.proj.0.lkb_origin.bn.weight - torch.Size([152]): 
The value is the same before and after calling `init_weights` of EncoderDecoder  

backbone.network.1.proj.0.lkb_origin.bn.bias - torch.Size([152]): 
The value is the same before and after calling `init_weights` of EncoderDecoder  

backbone.network.1.proj.0.small_conv.conv.weight - torch.Size([152, 1, 3, 3]): 
The value is the same before and after calling `init_weights` of EncoderDecoder  

backbone.network.1.proj.0.small_conv.bn.weight - torch.Size([152]): 
The value is the same before and after calling `init_weights` of EncoderDecoder  

backbone.network.1.proj.0.small_conv.bn.bias - torch.Size([152]): 
The value is the same before and after calling `init_weights` of EncoderDecoder  

backbone.network.1.proj.1.rbr_skip.weight - torch.Size([152]): 
The value is the same before and after calling `init_weights` of EncoderDecoder  

backbone.network.1.proj.1.rbr_skip.bias - torch.Size([152]): 
The value is the same before and after calling `init_weights` of EncoderDecoder  

backbone.network.1.proj.1.rbr_conv.0.conv.weight - torch.Size([152, 152, 1, 1]): 
The value is the same before and after calling `init_weights` of EncoderDecoder  

backbone.network.1.proj.1.rbr_conv.0.bn.weight - torch.Size([152]): 
The value is the same before and after calling `init_weights` of EncoderDecoder  

backbone.network.1.proj.1.rbr_conv.0.bn.bias - torch.Size([152]): 
The value is the same before and after calling `init_weights` of EncoderDecoder  

backbone.network.2.0.layer_scale - torch.Size([152, 1, 1]): 
The value is the same before and after calling `init_weights` of EncoderDecoder  

backbone.network.2.0.token_mixer.layer_scale - torch.Size([152, 1, 1]): 
The value is the same before and after calling `init_weights` of EncoderDecoder  

backbone.network.2.0.token_mixer.norm.rbr_skip.weight - torch.Size([152]): 
The value is the same before and after calling `init_weights` of EncoderDecoder  

backbone.network.2.0.token_mixer.norm.rbr_skip.bias - torch.Size([152]): 
The value is the same before and after calling `init_weights` of EncoderDecoder  

backbone.network.2.0.token_mixer.mixer.rbr_skip.weight - torch.Size([152]): 
The value is the same before and after calling `init_weights` of EncoderDecoder  

backbone.network.2.0.token_mixer.mixer.rbr_skip.bias - torch.Size([152]): 
The value is the same before and after calling `init_weights` of EncoderDecoder  

backbone.network.2.0.token_mixer.mixer.rbr_conv.0.conv.weight - torch.Size([152, 1, 3, 3]): 
The value is the same before and after calling `init_weights` of EncoderDecoder  

backbone.network.2.0.token_mixer.mixer.rbr_conv.0.bn.weight - torch.Size([152]): 
The value is the same before and after calling `init_weights` of EncoderDecoder  

backbone.network.2.0.token_mixer.mixer.rbr_conv.0.bn.bias - torch.Size([152]): 
The value is the same before and after calling `init_weights` of EncoderDecoder  

backbone.network.2.0.token_mixer.mixer.rbr_scale.conv.weight - torch.Size([152, 1, 1, 1]): 
The value is the same before and after calling `init_weights` of EncoderDecoder  

backbone.network.2.0.token_mixer.mixer.rbr_scale.bn.weight - torch.Size([152]): 
The value is the same before and after calling `init_weights` of EncoderDecoder  

backbone.network.2.0.token_mixer.mixer.rbr_scale.bn.bias - torch.Size([152]): 
The value is the same before and after calling `init_weights` of EncoderDecoder  

backbone.network.2.0.convffn.conv.conv.weight - torch.Size([152, 1, 7, 7]): 
The value is the same before and after calling `init_weights` of EncoderDecoder  

backbone.network.2.0.convffn.conv.bn.weight - torch.Size([152]): 
The value is the same before and after calling `init_weights` of EncoderDecoder  

backbone.network.2.0.convffn.conv.bn.bias - torch.Size([152]): 
The value is the same before and after calling `init_weights` of EncoderDecoder  

backbone.network.2.0.convffn.fc1.weight - torch.Size([608, 152, 1, 1]): 
The value is the same before and after calling `init_weights` of EncoderDecoder  

backbone.network.2.0.convffn.fc1.bias - torch.Size([608]): 
The value is the same before and after calling `init_weights` of EncoderDecoder  

backbone.network.2.0.convffn.fc2.weight - torch.Size([152, 608, 1, 1]): 
The value is the same before and after calling `init_weights` of EncoderDecoder  

backbone.network.2.0.convffn.fc2.bias - torch.Size([152]): 
The value is the same before and after calling `init_weights` of EncoderDecoder  

backbone.network.2.1.layer_scale - torch.Size([152, 1, 1]): 
The value is the same before and after calling `init_weights` of EncoderDecoder  

backbone.network.2.1.token_mixer.layer_scale - torch.Size([152, 1, 1]): 
The value is the same before and after calling `init_weights` of EncoderDecoder  

backbone.network.2.1.token_mixer.norm.rbr_skip.weight - torch.Size([152]): 
The value is the same before and after calling `init_weights` of EncoderDecoder  

backbone.network.2.1.token_mixer.norm.rbr_skip.bias - torch.Size([152]): 
The value is the same before and after calling `init_weights` of EncoderDecoder  

backbone.network.2.1.token_mixer.mixer.rbr_skip.weight - torch.Size([152]): 
The value is the same before and after calling `init_weights` of EncoderDecoder  

backbone.network.2.1.token_mixer.mixer.rbr_skip.bias - torch.Size([152]): 
The value is the same before and after calling `init_weights` of EncoderDecoder  

backbone.network.2.1.token_mixer.mixer.rbr_conv.0.conv.weight - torch.Size([152, 1, 3, 3]): 
The value is the same before and after calling `init_weights` of EncoderDecoder  

backbone.network.2.1.token_mixer.mixer.rbr_conv.0.bn.weight - torch.Size([152]): 
The value is the same before and after calling `init_weights` of EncoderDecoder  

backbone.network.2.1.token_mixer.mixer.rbr_conv.0.bn.bias - torch.Size([152]): 
The value is the same before and after calling `init_weights` of EncoderDecoder  

backbone.network.2.1.token_mixer.mixer.rbr_scale.conv.weight - torch.Size([152, 1, 1, 1]): 
The value is the same before and after calling `init_weights` of EncoderDecoder  

backbone.network.2.1.token_mixer.mixer.rbr_scale.bn.weight - torch.Size([152]): 
The value is the same before and after calling `init_weights` of EncoderDecoder  

backbone.network.2.1.token_mixer.mixer.rbr_scale.bn.bias - torch.Size([152]): 
The value is the same before and after calling `init_weights` of EncoderDecoder  

backbone.network.2.1.convffn.conv.conv.weight - torch.Size([152, 1, 7, 7]): 
The value is the same before and after calling `init_weights` of EncoderDecoder  

backbone.network.2.1.convffn.conv.bn.weight - torch.Size([152]): 
The value is the same before and after calling `init_weights` of EncoderDecoder  

backbone.network.2.1.convffn.conv.bn.bias - torch.Size([152]): 
The value is the same before and after calling `init_weights` of EncoderDecoder  

backbone.network.2.1.convffn.fc1.weight - torch.Size([608, 152, 1, 1]): 
The value is the same before and after calling `init_weights` of EncoderDecoder  

backbone.network.2.1.convffn.fc1.bias - torch.Size([608]): 
The value is the same before and after calling `init_weights` of EncoderDecoder  

backbone.network.2.1.convffn.fc2.weight - torch.Size([152, 608, 1, 1]): 
The value is the same before and after calling `init_weights` of EncoderDecoder  

backbone.network.2.1.convffn.fc2.bias - torch.Size([152]): 
The value is the same before and after calling `init_weights` of EncoderDecoder  

backbone.network.2.2.layer_scale - torch.Size([152, 1, 1]): 
The value is the same before and after calling `init_weights` of EncoderDecoder  

backbone.network.2.2.token_mixer.layer_scale - torch.Size([152, 1, 1]): 
The value is the same before and after calling `init_weights` of EncoderDecoder  

backbone.network.2.2.token_mixer.norm.rbr_skip.weight - torch.Size([152]): 
The value is the same before and after calling `init_weights` of EncoderDecoder  

backbone.network.2.2.token_mixer.norm.rbr_skip.bias - torch.Size([152]): 
The value is the same before and after calling `init_weights` of EncoderDecoder  

backbone.network.2.2.token_mixer.mixer.rbr_skip.weight - torch.Size([152]): 
The value is the same before and after calling `init_weights` of EncoderDecoder  

backbone.network.2.2.token_mixer.mixer.rbr_skip.bias - torch.Size([152]): 
The value is the same before and after calling `init_weights` of EncoderDecoder  

backbone.network.2.2.token_mixer.mixer.rbr_conv.0.conv.weight - torch.Size([152, 1, 3, 3]): 
The value is the same before and after calling `init_weights` of EncoderDecoder  

backbone.network.2.2.token_mixer.mixer.rbr_conv.0.bn.weight - torch.Size([152]): 
The value is the same before and after calling `init_weights` of EncoderDecoder  

backbone.network.2.2.token_mixer.mixer.rbr_conv.0.bn.bias - torch.Size([152]): 
The value is the same before and after calling `init_weights` of EncoderDecoder  

backbone.network.2.2.token_mixer.mixer.rbr_scale.conv.weight - torch.Size([152, 1, 1, 1]): 
The value is the same before and after calling `init_weights` of EncoderDecoder  

backbone.network.2.2.token_mixer.mixer.rbr_scale.bn.weight - torch.Size([152]): 
The value is the same before and after calling `init_weights` of EncoderDecoder  

backbone.network.2.2.token_mixer.mixer.rbr_scale.bn.bias - torch.Size([152]): 
The value is the same before and after calling `init_weights` of EncoderDecoder  

backbone.network.2.2.convffn.conv.conv.weight - torch.Size([152, 1, 7, 7]): 
The value is the same before and after calling `init_weights` of EncoderDecoder  

backbone.network.2.2.convffn.conv.bn.weight - torch.Size([152]): 
The value is the same before and after calling `init_weights` of EncoderDecoder  

backbone.network.2.2.convffn.conv.bn.bias - torch.Size([152]): 
The value is the same before and after calling `init_weights` of EncoderDecoder  

backbone.network.2.2.convffn.fc1.weight - torch.Size([608, 152, 1, 1]): 
The value is the same before and after calling `init_weights` of EncoderDecoder  

backbone.network.2.2.convffn.fc1.bias - torch.Size([608]): 
The value is the same before and after calling `init_weights` of EncoderDecoder  

backbone.network.2.2.convffn.fc2.weight - torch.Size([152, 608, 1, 1]): 
The value is the same before and after calling `init_weights` of EncoderDecoder  

backbone.network.2.2.convffn.fc2.bias - torch.Size([152]): 
The value is the same before and after calling `init_weights` of EncoderDecoder  

backbone.network.2.3.layer_scale - torch.Size([152, 1, 1]): 
The value is the same before and after calling `init_weights` of EncoderDecoder  

backbone.network.2.3.token_mixer.layer_scale - torch.Size([152, 1, 1]): 
The value is the same before and after calling `init_weights` of EncoderDecoder  

backbone.network.2.3.token_mixer.norm.rbr_skip.weight - torch.Size([152]): 
The value is the same before and after calling `init_weights` of EncoderDecoder  

backbone.network.2.3.token_mixer.norm.rbr_skip.bias - torch.Size([152]): 
The value is the same before and after calling `init_weights` of EncoderDecoder  

backbone.network.2.3.token_mixer.mixer.rbr_skip.weight - torch.Size([152]): 
The value is the same before and after calling `init_weights` of EncoderDecoder  

backbone.network.2.3.token_mixer.mixer.rbr_skip.bias - torch.Size([152]): 
The value is the same before and after calling `init_weights` of EncoderDecoder  

backbone.network.2.3.token_mixer.mixer.rbr_conv.0.conv.weight - torch.Size([152, 1, 3, 3]): 
The value is the same before and after calling `init_weights` of EncoderDecoder  

backbone.network.2.3.token_mixer.mixer.rbr_conv.0.bn.weight - torch.Size([152]): 
The value is the same before and after calling `init_weights` of EncoderDecoder  

backbone.network.2.3.token_mixer.mixer.rbr_conv.0.bn.bias - torch.Size([152]): 
The value is the same before and after calling `init_weights` of EncoderDecoder  

backbone.network.2.3.token_mixer.mixer.rbr_scale.conv.weight - torch.Size([152, 1, 1, 1]): 
The value is the same before and after calling `init_weights` of EncoderDecoder  

backbone.network.2.3.token_mixer.mixer.rbr_scale.bn.weight - torch.Size([152]): 
The value is the same before and after calling `init_weights` of EncoderDecoder  

backbone.network.2.3.token_mixer.mixer.rbr_scale.bn.bias - torch.Size([152]): 
The value is the same before and after calling `init_weights` of EncoderDecoder  

backbone.network.2.3.convffn.conv.conv.weight - torch.Size([152, 1, 7, 7]): 
The value is the same before and after calling `init_weights` of EncoderDecoder  

backbone.network.2.3.convffn.conv.bn.weight - torch.Size([152]): 
The value is the same before and after calling `init_weights` of EncoderDecoder  

backbone.network.2.3.convffn.conv.bn.bias - torch.Size([152]): 
The value is the same before and after calling `init_weights` of EncoderDecoder  

backbone.network.2.3.convffn.fc1.weight - torch.Size([608, 152, 1, 1]): 
The value is the same before and after calling `init_weights` of EncoderDecoder  

backbone.network.2.3.convffn.fc1.bias - torch.Size([608]): 
The value is the same before and after calling `init_weights` of EncoderDecoder  

backbone.network.2.3.convffn.fc2.weight - torch.Size([152, 608, 1, 1]): 
The value is the same before and after calling `init_weights` of EncoderDecoder  

backbone.network.2.3.convffn.fc2.bias - torch.Size([152]): 
The value is the same before and after calling `init_weights` of EncoderDecoder  

backbone.network.2.4.layer_scale - torch.Size([152, 1, 1]): 
The value is the same before and after calling `init_weights` of EncoderDecoder  

backbone.network.2.4.token_mixer.layer_scale - torch.Size([152, 1, 1]): 
The value is the same before and after calling `init_weights` of EncoderDecoder  

backbone.network.2.4.token_mixer.norm.rbr_skip.weight - torch.Size([152]): 
The value is the same before and after calling `init_weights` of EncoderDecoder  

backbone.network.2.4.token_mixer.norm.rbr_skip.bias - torch.Size([152]): 
The value is the same before and after calling `init_weights` of EncoderDecoder  

backbone.network.2.4.token_mixer.mixer.rbr_skip.weight - torch.Size([152]): 
The value is the same before and after calling `init_weights` of EncoderDecoder  

backbone.network.2.4.token_mixer.mixer.rbr_skip.bias - torch.Size([152]): 
The value is the same before and after calling `init_weights` of EncoderDecoder  

backbone.network.2.4.token_mixer.mixer.rbr_conv.0.conv.weight - torch.Size([152, 1, 3, 3]): 
The value is the same before and after calling `init_weights` of EncoderDecoder  

backbone.network.2.4.token_mixer.mixer.rbr_conv.0.bn.weight - torch.Size([152]): 
The value is the same before and after calling `init_weights` of EncoderDecoder  

backbone.network.2.4.token_mixer.mixer.rbr_conv.0.bn.bias - torch.Size([152]): 
The value is the same before and after calling `init_weights` of EncoderDecoder  

backbone.network.2.4.token_mixer.mixer.rbr_scale.conv.weight - torch.Size([152, 1, 1, 1]): 
The value is the same before and after calling `init_weights` of EncoderDecoder  

backbone.network.2.4.token_mixer.mixer.rbr_scale.bn.weight - torch.Size([152]): 
The value is the same before and after calling `init_weights` of EncoderDecoder  

backbone.network.2.4.token_mixer.mixer.rbr_scale.bn.bias - torch.Size([152]): 
The value is the same before and after calling `init_weights` of EncoderDecoder  

backbone.network.2.4.convffn.conv.conv.weight - torch.Size([152, 1, 7, 7]): 
The value is the same before and after calling `init_weights` of EncoderDecoder  

backbone.network.2.4.convffn.conv.bn.weight - torch.Size([152]): 
The value is the same before and after calling `init_weights` of EncoderDecoder  

backbone.network.2.4.convffn.conv.bn.bias - torch.Size([152]): 
The value is the same before and after calling `init_weights` of EncoderDecoder  

backbone.network.2.4.convffn.fc1.weight - torch.Size([608, 152, 1, 1]): 
The value is the same before and after calling `init_weights` of EncoderDecoder  

backbone.network.2.4.convffn.fc1.bias - torch.Size([608]): 
The value is the same before and after calling `init_weights` of EncoderDecoder  

backbone.network.2.4.convffn.fc2.weight - torch.Size([152, 608, 1, 1]): 
The value is the same before and after calling `init_weights` of EncoderDecoder  

backbone.network.2.4.convffn.fc2.bias - torch.Size([152]): 
The value is the same before and after calling `init_weights` of EncoderDecoder  

backbone.network.2.5.layer_scale - torch.Size([152, 1, 1]): 
The value is the same before and after calling `init_weights` of EncoderDecoder  

backbone.network.2.5.token_mixer.layer_scale - torch.Size([152, 1, 1]): 
The value is the same before and after calling `init_weights` of EncoderDecoder  

backbone.network.2.5.token_mixer.norm.rbr_skip.weight - torch.Size([152]): 
The value is the same before and after calling `init_weights` of EncoderDecoder  

backbone.network.2.5.token_mixer.norm.rbr_skip.bias - torch.Size([152]): 
The value is the same before and after calling `init_weights` of EncoderDecoder  

backbone.network.2.5.token_mixer.mixer.rbr_skip.weight - torch.Size([152]): 
The value is the same before and after calling `init_weights` of EncoderDecoder  

backbone.network.2.5.token_mixer.mixer.rbr_skip.bias - torch.Size([152]): 
The value is the same before and after calling `init_weights` of EncoderDecoder  

backbone.network.2.5.token_mixer.mixer.rbr_conv.0.conv.weight - torch.Size([152, 1, 3, 3]): 
The value is the same before and after calling `init_weights` of EncoderDecoder  

backbone.network.2.5.token_mixer.mixer.rbr_conv.0.bn.weight - torch.Size([152]): 
The value is the same before and after calling `init_weights` of EncoderDecoder  

backbone.network.2.5.token_mixer.mixer.rbr_conv.0.bn.bias - torch.Size([152]): 
The value is the same before and after calling `init_weights` of EncoderDecoder  

backbone.network.2.5.token_mixer.mixer.rbr_scale.conv.weight - torch.Size([152, 1, 1, 1]): 
The value is the same before and after calling `init_weights` of EncoderDecoder  

backbone.network.2.5.token_mixer.mixer.rbr_scale.bn.weight - torch.Size([152]): 
The value is the same before and after calling `init_weights` of EncoderDecoder  

backbone.network.2.5.token_mixer.mixer.rbr_scale.bn.bias - torch.Size([152]): 
The value is the same before and after calling `init_weights` of EncoderDecoder  

backbone.network.2.5.convffn.conv.conv.weight - torch.Size([152, 1, 7, 7]): 
The value is the same before and after calling `init_weights` of EncoderDecoder  

backbone.network.2.5.convffn.conv.bn.weight - torch.Size([152]): 
The value is the same before and after calling `init_weights` of EncoderDecoder  

backbone.network.2.5.convffn.conv.bn.bias - torch.Size([152]): 
The value is the same before and after calling `init_weights` of EncoderDecoder  

backbone.network.2.5.convffn.fc1.weight - torch.Size([608, 152, 1, 1]): 
The value is the same before and after calling `init_weights` of EncoderDecoder  

backbone.network.2.5.convffn.fc1.bias - torch.Size([608]): 
The value is the same before and after calling `init_weights` of EncoderDecoder  

backbone.network.2.5.convffn.fc2.weight - torch.Size([152, 608, 1, 1]): 
The value is the same before and after calling `init_weights` of EncoderDecoder  

backbone.network.2.5.convffn.fc2.bias - torch.Size([152]): 
The value is the same before and after calling `init_weights` of EncoderDecoder  

backbone.network.3.proj.0.lkb_origin.conv.weight - torch.Size([304, 1, 7, 7]): 
The value is the same before and after calling `init_weights` of EncoderDecoder  

backbone.network.3.proj.0.lkb_origin.bn.weight - torch.Size([304]): 
The value is the same before and after calling `init_weights` of EncoderDecoder  

backbone.network.3.proj.0.lkb_origin.bn.bias - torch.Size([304]): 
The value is the same before and after calling `init_weights` of EncoderDecoder  

backbone.network.3.proj.0.small_conv.conv.weight - torch.Size([304, 1, 3, 3]): 
The value is the same before and after calling `init_weights` of EncoderDecoder  

backbone.network.3.proj.0.small_conv.bn.weight - torch.Size([304]): 
The value is the same before and after calling `init_weights` of EncoderDecoder  

backbone.network.3.proj.0.small_conv.bn.bias - torch.Size([304]): 
The value is the same before and after calling `init_weights` of EncoderDecoder  

backbone.network.3.proj.1.rbr_skip.weight - torch.Size([304]): 
The value is the same before and after calling `init_weights` of EncoderDecoder  

backbone.network.3.proj.1.rbr_skip.bias - torch.Size([304]): 
The value is the same before and after calling `init_weights` of EncoderDecoder  

backbone.network.3.proj.1.rbr_conv.0.conv.weight - torch.Size([304, 304, 1, 1]): 
The value is the same before and after calling `init_weights` of EncoderDecoder  

backbone.network.3.proj.1.rbr_conv.0.bn.weight - torch.Size([304]): 
The value is the same before and after calling `init_weights` of EncoderDecoder  

backbone.network.3.proj.1.rbr_conv.0.bn.bias - torch.Size([304]): 
The value is the same before and after calling `init_weights` of EncoderDecoder  

backbone.network.4.0.layer_scale - torch.Size([304, 1, 1]): 
The value is the same before and after calling `init_weights` of EncoderDecoder  

backbone.network.4.0.token_mixer.layer_scale - torch.Size([304, 1, 1]): 
The value is the same before and after calling `init_weights` of EncoderDecoder  

backbone.network.4.0.token_mixer.norm.rbr_skip.weight - torch.Size([304]): 
The value is the same before and after calling `init_weights` of EncoderDecoder  

backbone.network.4.0.token_mixer.norm.rbr_skip.bias - torch.Size([304]): 
The value is the same before and after calling `init_weights` of EncoderDecoder  

backbone.network.4.0.token_mixer.mixer.rbr_skip.weight - torch.Size([304]): 
The value is the same before and after calling `init_weights` of EncoderDecoder  

backbone.network.4.0.token_mixer.mixer.rbr_skip.bias - torch.Size([304]): 
The value is the same before and after calling `init_weights` of EncoderDecoder  

backbone.network.4.0.token_mixer.mixer.rbr_conv.0.conv.weight - torch.Size([304, 1, 3, 3]): 
The value is the same before and after calling `init_weights` of EncoderDecoder  

backbone.network.4.0.token_mixer.mixer.rbr_conv.0.bn.weight - torch.Size([304]): 
The value is the same before and after calling `init_weights` of EncoderDecoder  

backbone.network.4.0.token_mixer.mixer.rbr_conv.0.bn.bias - torch.Size([304]): 
The value is the same before and after calling `init_weights` of EncoderDecoder  

backbone.network.4.0.token_mixer.mixer.rbr_scale.conv.weight - torch.Size([304, 1, 1, 1]): 
The value is the same before and after calling `init_weights` of EncoderDecoder  

backbone.network.4.0.token_mixer.mixer.rbr_scale.bn.weight - torch.Size([304]): 
The value is the same before and after calling `init_weights` of EncoderDecoder  

backbone.network.4.0.token_mixer.mixer.rbr_scale.bn.bias - torch.Size([304]): 
The value is the same before and after calling `init_weights` of EncoderDecoder  

backbone.network.4.0.convffn.conv.conv.weight - torch.Size([304, 1, 7, 7]): 
The value is the same before and after calling `init_weights` of EncoderDecoder  

backbone.network.4.0.convffn.conv.bn.weight - torch.Size([304]): 
The value is the same before and after calling `init_weights` of EncoderDecoder  

backbone.network.4.0.convffn.conv.bn.bias - torch.Size([304]): 
The value is the same before and after calling `init_weights` of EncoderDecoder  

backbone.network.4.0.convffn.fc1.weight - torch.Size([1216, 304, 1, 1]): 
The value is the same before and after calling `init_weights` of EncoderDecoder  

backbone.network.4.0.convffn.fc1.bias - torch.Size([1216]): 
The value is the same before and after calling `init_weights` of EncoderDecoder  

backbone.network.4.0.convffn.fc2.weight - torch.Size([304, 1216, 1, 1]): 
The value is the same before and after calling `init_weights` of EncoderDecoder  

backbone.network.4.0.convffn.fc2.bias - torch.Size([304]): 
The value is the same before and after calling `init_weights` of EncoderDecoder  

backbone.network.4.1.layer_scale - torch.Size([304, 1, 1]): 
The value is the same before and after calling `init_weights` of EncoderDecoder  

backbone.network.4.1.token_mixer.layer_scale - torch.Size([304, 1, 1]): 
The value is the same before and after calling `init_weights` of EncoderDecoder  

backbone.network.4.1.token_mixer.norm.rbr_skip.weight - torch.Size([304]): 
The value is the same before and after calling `init_weights` of EncoderDecoder  

backbone.network.4.1.token_mixer.norm.rbr_skip.bias - torch.Size([304]): 
The value is the same before and after calling `init_weights` of EncoderDecoder  

backbone.network.4.1.token_mixer.mixer.rbr_skip.weight - torch.Size([304]): 
The value is the same before and after calling `init_weights` of EncoderDecoder  

backbone.network.4.1.token_mixer.mixer.rbr_skip.bias - torch.Size([304]): 
The value is the same before and after calling `init_weights` of EncoderDecoder  

backbone.network.4.1.token_mixer.mixer.rbr_conv.0.conv.weight - torch.Size([304, 1, 3, 3]): 
The value is the same before and after calling `init_weights` of EncoderDecoder  

backbone.network.4.1.token_mixer.mixer.rbr_conv.0.bn.weight - torch.Size([304]): 
The value is the same before and after calling `init_weights` of EncoderDecoder  

backbone.network.4.1.token_mixer.mixer.rbr_conv.0.bn.bias - torch.Size([304]): 
The value is the same before and after calling `init_weights` of EncoderDecoder  

backbone.network.4.1.token_mixer.mixer.rbr_scale.conv.weight - torch.Size([304, 1, 1, 1]): 
The value is the same before and after calling `init_weights` of EncoderDecoder  

backbone.network.4.1.token_mixer.mixer.rbr_scale.bn.weight - torch.Size([304]): 
The value is the same before and after calling `init_weights` of EncoderDecoder  

backbone.network.4.1.token_mixer.mixer.rbr_scale.bn.bias - torch.Size([304]): 
The value is the same before and after calling `init_weights` of EncoderDecoder  

backbone.network.4.1.convffn.conv.conv.weight - torch.Size([304, 1, 7, 7]): 
The value is the same before and after calling `init_weights` of EncoderDecoder  

backbone.network.4.1.convffn.conv.bn.weight - torch.Size([304]): 
The value is the same before and after calling `init_weights` of EncoderDecoder  

backbone.network.4.1.convffn.conv.bn.bias - torch.Size([304]): 
The value is the same before and after calling `init_weights` of EncoderDecoder  

backbone.network.4.1.convffn.fc1.weight - torch.Size([1216, 304, 1, 1]): 
The value is the same before and after calling `init_weights` of EncoderDecoder  

backbone.network.4.1.convffn.fc1.bias - torch.Size([1216]): 
The value is the same before and after calling `init_weights` of EncoderDecoder  

backbone.network.4.1.convffn.fc2.weight - torch.Size([304, 1216, 1, 1]): 
The value is the same before and after calling `init_weights` of EncoderDecoder  

backbone.network.4.1.convffn.fc2.bias - torch.Size([304]): 
The value is the same before and after calling `init_weights` of EncoderDecoder  

backbone.network.4.2.layer_scale - torch.Size([304, 1, 1]): 
The value is the same before and after calling `init_weights` of EncoderDecoder  

backbone.network.4.2.token_mixer.layer_scale - torch.Size([304, 1, 1]): 
The value is the same before and after calling `init_weights` of EncoderDecoder  

backbone.network.4.2.token_mixer.norm.rbr_skip.weight - torch.Size([304]): 
The value is the same before and after calling `init_weights` of EncoderDecoder  

backbone.network.4.2.token_mixer.norm.rbr_skip.bias - torch.Size([304]): 
The value is the same before and after calling `init_weights` of EncoderDecoder  

backbone.network.4.2.token_mixer.mixer.rbr_skip.weight - torch.Size([304]): 
The value is the same before and after calling `init_weights` of EncoderDecoder  

backbone.network.4.2.token_mixer.mixer.rbr_skip.bias - torch.Size([304]): 
The value is the same before and after calling `init_weights` of EncoderDecoder  

backbone.network.4.2.token_mixer.mixer.rbr_conv.0.conv.weight - torch.Size([304, 1, 3, 3]): 
The value is the same before and after calling `init_weights` of EncoderDecoder  

backbone.network.4.2.token_mixer.mixer.rbr_conv.0.bn.weight - torch.Size([304]): 
The value is the same before and after calling `init_weights` of EncoderDecoder  

backbone.network.4.2.token_mixer.mixer.rbr_conv.0.bn.bias - torch.Size([304]): 
The value is the same before and after calling `init_weights` of EncoderDecoder  

backbone.network.4.2.token_mixer.mixer.rbr_scale.conv.weight - torch.Size([304, 1, 1, 1]): 
The value is the same before and after calling `init_weights` of EncoderDecoder  

backbone.network.4.2.token_mixer.mixer.rbr_scale.bn.weight - torch.Size([304]): 
The value is the same before and after calling `init_weights` of EncoderDecoder  

backbone.network.4.2.token_mixer.mixer.rbr_scale.bn.bias - torch.Size([304]): 
The value is the same before and after calling `init_weights` of EncoderDecoder  

backbone.network.4.2.convffn.conv.conv.weight - torch.Size([304, 1, 7, 7]): 
The value is the same before and after calling `init_weights` of EncoderDecoder  

backbone.network.4.2.convffn.conv.bn.weight - torch.Size([304]): 
The value is the same before and after calling `init_weights` of EncoderDecoder  

backbone.network.4.2.convffn.conv.bn.bias - torch.Size([304]): 
The value is the same before and after calling `init_weights` of EncoderDecoder  

backbone.network.4.2.convffn.fc1.weight - torch.Size([1216, 304, 1, 1]): 
The value is the same before and after calling `init_weights` of EncoderDecoder  

backbone.network.4.2.convffn.fc1.bias - torch.Size([1216]): 
The value is the same before and after calling `init_weights` of EncoderDecoder  

backbone.network.4.2.convffn.fc2.weight - torch.Size([304, 1216, 1, 1]): 
The value is the same before and after calling `init_weights` of EncoderDecoder  

backbone.network.4.2.convffn.fc2.bias - torch.Size([304]): 
The value is the same before and after calling `init_weights` of EncoderDecoder  

backbone.network.4.3.layer_scale - torch.Size([304, 1, 1]): 
The value is the same before and after calling `init_weights` of EncoderDecoder  

backbone.network.4.3.token_mixer.layer_scale - torch.Size([304, 1, 1]): 
The value is the same before and after calling `init_weights` of EncoderDecoder  

backbone.network.4.3.token_mixer.norm.rbr_skip.weight - torch.Size([304]): 
The value is the same before and after calling `init_weights` of EncoderDecoder  

backbone.network.4.3.token_mixer.norm.rbr_skip.bias - torch.Size([304]): 
The value is the same before and after calling `init_weights` of EncoderDecoder  

backbone.network.4.3.token_mixer.mixer.rbr_skip.weight - torch.Size([304]): 
The value is the same before and after calling `init_weights` of EncoderDecoder  

backbone.network.4.3.token_mixer.mixer.rbr_skip.bias - torch.Size([304]): 
The value is the same before and after calling `init_weights` of EncoderDecoder  

backbone.network.4.3.token_mixer.mixer.rbr_conv.0.conv.weight - torch.Size([304, 1, 3, 3]): 
The value is the same before and after calling `init_weights` of EncoderDecoder  

backbone.network.4.3.token_mixer.mixer.rbr_conv.0.bn.weight - torch.Size([304]): 
The value is the same before and after calling `init_weights` of EncoderDecoder  

backbone.network.4.3.token_mixer.mixer.rbr_conv.0.bn.bias - torch.Size([304]): 
The value is the same before and after calling `init_weights` of EncoderDecoder  

backbone.network.4.3.token_mixer.mixer.rbr_scale.conv.weight - torch.Size([304, 1, 1, 1]): 
The value is the same before and after calling `init_weights` of EncoderDecoder  

backbone.network.4.3.token_mixer.mixer.rbr_scale.bn.weight - torch.Size([304]): 
The value is the same before and after calling `init_weights` of EncoderDecoder  

backbone.network.4.3.token_mixer.mixer.rbr_scale.bn.bias - torch.Size([304]): 
The value is the same before and after calling `init_weights` of EncoderDecoder  

backbone.network.4.3.convffn.conv.conv.weight - torch.Size([304, 1, 7, 7]): 
The value is the same before and after calling `init_weights` of EncoderDecoder  

backbone.network.4.3.convffn.conv.bn.weight - torch.Size([304]): 
The value is the same before and after calling `init_weights` of EncoderDecoder  

backbone.network.4.3.convffn.conv.bn.bias - torch.Size([304]): 
The value is the same before and after calling `init_weights` of EncoderDecoder  

backbone.network.4.3.convffn.fc1.weight - torch.Size([1216, 304, 1, 1]): 
The value is the same before and after calling `init_weights` of EncoderDecoder  

backbone.network.4.3.convffn.fc1.bias - torch.Size([1216]): 
The value is the same before and after calling `init_weights` of EncoderDecoder  

backbone.network.4.3.convffn.fc2.weight - torch.Size([304, 1216, 1, 1]): 
The value is the same before and after calling `init_weights` of EncoderDecoder  

backbone.network.4.3.convffn.fc2.bias - torch.Size([304]): 
The value is the same before and after calling `init_weights` of EncoderDecoder  

backbone.network.4.4.layer_scale - torch.Size([304, 1, 1]): 
The value is the same before and after calling `init_weights` of EncoderDecoder  

backbone.network.4.4.token_mixer.layer_scale - torch.Size([304, 1, 1]): 
The value is the same before and after calling `init_weights` of EncoderDecoder  

backbone.network.4.4.token_mixer.norm.rbr_skip.weight - torch.Size([304]): 
The value is the same before and after calling `init_weights` of EncoderDecoder  

backbone.network.4.4.token_mixer.norm.rbr_skip.bias - torch.Size([304]): 
The value is the same before and after calling `init_weights` of EncoderDecoder  

backbone.network.4.4.token_mixer.mixer.rbr_skip.weight - torch.Size([304]): 
The value is the same before and after calling `init_weights` of EncoderDecoder  

backbone.network.4.4.token_mixer.mixer.rbr_skip.bias - torch.Size([304]): 
The value is the same before and after calling `init_weights` of EncoderDecoder  

backbone.network.4.4.token_mixer.mixer.rbr_conv.0.conv.weight - torch.Size([304, 1, 3, 3]): 
The value is the same before and after calling `init_weights` of EncoderDecoder  

backbone.network.4.4.token_mixer.mixer.rbr_conv.0.bn.weight - torch.Size([304]): 
The value is the same before and after calling `init_weights` of EncoderDecoder  

backbone.network.4.4.token_mixer.mixer.rbr_conv.0.bn.bias - torch.Size([304]): 
The value is the same before and after calling `init_weights` of EncoderDecoder  

backbone.network.4.4.token_mixer.mixer.rbr_scale.conv.weight - torch.Size([304, 1, 1, 1]): 
The value is the same before and after calling `init_weights` of EncoderDecoder  

backbone.network.4.4.token_mixer.mixer.rbr_scale.bn.weight - torch.Size([304]): 
The value is the same before and after calling `init_weights` of EncoderDecoder  

backbone.network.4.4.token_mixer.mixer.rbr_scale.bn.bias - torch.Size([304]): 
The value is the same before and after calling `init_weights` of EncoderDecoder  

backbone.network.4.4.convffn.conv.conv.weight - torch.Size([304, 1, 7, 7]): 
The value is the same before and after calling `init_weights` of EncoderDecoder  

backbone.network.4.4.convffn.conv.bn.weight - torch.Size([304]): 
The value is the same before and after calling `init_weights` of EncoderDecoder  

backbone.network.4.4.convffn.conv.bn.bias - torch.Size([304]): 
The value is the same before and after calling `init_weights` of EncoderDecoder  

backbone.network.4.4.convffn.fc1.weight - torch.Size([1216, 304, 1, 1]): 
The value is the same before and after calling `init_weights` of EncoderDecoder  

backbone.network.4.4.convffn.fc1.bias - torch.Size([1216]): 
The value is the same before and after calling `init_weights` of EncoderDecoder  

backbone.network.4.4.convffn.fc2.weight - torch.Size([304, 1216, 1, 1]): 
The value is the same before and after calling `init_weights` of EncoderDecoder  

backbone.network.4.4.convffn.fc2.bias - torch.Size([304]): 
The value is the same before and after calling `init_weights` of EncoderDecoder  

backbone.network.4.5.layer_scale - torch.Size([304, 1, 1]): 
The value is the same before and after calling `init_weights` of EncoderDecoder  

backbone.network.4.5.token_mixer.layer_scale - torch.Size([304, 1, 1]): 
The value is the same before and after calling `init_weights` of EncoderDecoder  

backbone.network.4.5.token_mixer.norm.rbr_skip.weight - torch.Size([304]): 
The value is the same before and after calling `init_weights` of EncoderDecoder  

backbone.network.4.5.token_mixer.norm.rbr_skip.bias - torch.Size([304]): 
The value is the same before and after calling `init_weights` of EncoderDecoder  

backbone.network.4.5.token_mixer.mixer.rbr_skip.weight - torch.Size([304]): 
The value is the same before and after calling `init_weights` of EncoderDecoder  

backbone.network.4.5.token_mixer.mixer.rbr_skip.bias - torch.Size([304]): 
The value is the same before and after calling `init_weights` of EncoderDecoder  

backbone.network.4.5.token_mixer.mixer.rbr_conv.0.conv.weight - torch.Size([304, 1, 3, 3]): 
The value is the same before and after calling `init_weights` of EncoderDecoder  

backbone.network.4.5.token_mixer.mixer.rbr_conv.0.bn.weight - torch.Size([304]): 
The value is the same before and after calling `init_weights` of EncoderDecoder  

backbone.network.4.5.token_mixer.mixer.rbr_conv.0.bn.bias - torch.Size([304]): 
The value is the same before and after calling `init_weights` of EncoderDecoder  

backbone.network.4.5.token_mixer.mixer.rbr_scale.conv.weight - torch.Size([304, 1, 1, 1]): 
The value is the same before and after calling `init_weights` of EncoderDecoder  

backbone.network.4.5.token_mixer.mixer.rbr_scale.bn.weight - torch.Size([304]): 
The value is the same before and after calling `init_weights` of EncoderDecoder  

backbone.network.4.5.token_mixer.mixer.rbr_scale.bn.bias - torch.Size([304]): 
The value is the same before and after calling `init_weights` of EncoderDecoder  

backbone.network.4.5.convffn.conv.conv.weight - torch.Size([304, 1, 7, 7]): 
The value is the same before and after calling `init_weights` of EncoderDecoder  

backbone.network.4.5.convffn.conv.bn.weight - torch.Size([304]): 
The value is the same before and after calling `init_weights` of EncoderDecoder  

backbone.network.4.5.convffn.conv.bn.bias - torch.Size([304]): 
The value is the same before and after calling `init_weights` of EncoderDecoder  

backbone.network.4.5.convffn.fc1.weight - torch.Size([1216, 304, 1, 1]): 
The value is the same before and after calling `init_weights` of EncoderDecoder  

backbone.network.4.5.convffn.fc1.bias - torch.Size([1216]): 
The value is the same before and after calling `init_weights` of EncoderDecoder  

backbone.network.4.5.convffn.fc2.weight - torch.Size([304, 1216, 1, 1]): 
The value is the same before and after calling `init_weights` of EncoderDecoder  

backbone.network.4.5.convffn.fc2.bias - torch.Size([304]): 
The value is the same before and after calling `init_weights` of EncoderDecoder  

backbone.network.4.6.layer_scale - torch.Size([304, 1, 1]): 
The value is the same before and after calling `init_weights` of EncoderDecoder  

backbone.network.4.6.token_mixer.layer_scale - torch.Size([304, 1, 1]): 
The value is the same before and after calling `init_weights` of EncoderDecoder  

backbone.network.4.6.token_mixer.norm.rbr_skip.weight - torch.Size([304]): 
The value is the same before and after calling `init_weights` of EncoderDecoder  

backbone.network.4.6.token_mixer.norm.rbr_skip.bias - torch.Size([304]): 
The value is the same before and after calling `init_weights` of EncoderDecoder  

backbone.network.4.6.token_mixer.mixer.rbr_skip.weight - torch.Size([304]): 
The value is the same before and after calling `init_weights` of EncoderDecoder  

backbone.network.4.6.token_mixer.mixer.rbr_skip.bias - torch.Size([304]): 
The value is the same before and after calling `init_weights` of EncoderDecoder  

backbone.network.4.6.token_mixer.mixer.rbr_conv.0.conv.weight - torch.Size([304, 1, 3, 3]): 
The value is the same before and after calling `init_weights` of EncoderDecoder  

backbone.network.4.6.token_mixer.mixer.rbr_conv.0.bn.weight - torch.Size([304]): 
The value is the same before and after calling `init_weights` of EncoderDecoder  

backbone.network.4.6.token_mixer.mixer.rbr_conv.0.bn.bias - torch.Size([304]): 
The value is the same before and after calling `init_weights` of EncoderDecoder  

backbone.network.4.6.token_mixer.mixer.rbr_scale.conv.weight - torch.Size([304, 1, 1, 1]): 
The value is the same before and after calling `init_weights` of EncoderDecoder  

backbone.network.4.6.token_mixer.mixer.rbr_scale.bn.weight - torch.Size([304]): 
The value is the same before and after calling `init_weights` of EncoderDecoder  

backbone.network.4.6.token_mixer.mixer.rbr_scale.bn.bias - torch.Size([304]): 
The value is the same before and after calling `init_weights` of EncoderDecoder  

backbone.network.4.6.convffn.conv.conv.weight - torch.Size([304, 1, 7, 7]): 
The value is the same before and after calling `init_weights` of EncoderDecoder  

backbone.network.4.6.convffn.conv.bn.weight - torch.Size([304]): 
The value is the same before and after calling `init_weights` of EncoderDecoder  

backbone.network.4.6.convffn.conv.bn.bias - torch.Size([304]): 
The value is the same before and after calling `init_weights` of EncoderDecoder  

backbone.network.4.6.convffn.fc1.weight - torch.Size([1216, 304, 1, 1]): 
The value is the same before and after calling `init_weights` of EncoderDecoder  

backbone.network.4.6.convffn.fc1.bias - torch.Size([1216]): 
The value is the same before and after calling `init_weights` of EncoderDecoder  

backbone.network.4.6.convffn.fc2.weight - torch.Size([304, 1216, 1, 1]): 
The value is the same before and after calling `init_weights` of EncoderDecoder  

backbone.network.4.6.convffn.fc2.bias - torch.Size([304]): 
The value is the same before and after calling `init_weights` of EncoderDecoder  

backbone.network.4.7.layer_scale - torch.Size([304, 1, 1]): 
The value is the same before and after calling `init_weights` of EncoderDecoder  

backbone.network.4.7.token_mixer.layer_scale - torch.Size([304, 1, 1]): 
The value is the same before and after calling `init_weights` of EncoderDecoder  

backbone.network.4.7.token_mixer.norm.rbr_skip.weight - torch.Size([304]): 
The value is the same before and after calling `init_weights` of EncoderDecoder  

backbone.network.4.7.token_mixer.norm.rbr_skip.bias - torch.Size([304]): 
The value is the same before and after calling `init_weights` of EncoderDecoder  

backbone.network.4.7.token_mixer.mixer.rbr_skip.weight - torch.Size([304]): 
The value is the same before and after calling `init_weights` of EncoderDecoder  

backbone.network.4.7.token_mixer.mixer.rbr_skip.bias - torch.Size([304]): 
The value is the same before and after calling `init_weights` of EncoderDecoder  

backbone.network.4.7.token_mixer.mixer.rbr_conv.0.conv.weight - torch.Size([304, 1, 3, 3]): 
The value is the same before and after calling `init_weights` of EncoderDecoder  

backbone.network.4.7.token_mixer.mixer.rbr_conv.0.bn.weight - torch.Size([304]): 
The value is the same before and after calling `init_weights` of EncoderDecoder  

backbone.network.4.7.token_mixer.mixer.rbr_conv.0.bn.bias - torch.Size([304]): 
The value is the same before and after calling `init_weights` of EncoderDecoder  

backbone.network.4.7.token_mixer.mixer.rbr_scale.conv.weight - torch.Size([304, 1, 1, 1]): 
The value is the same before and after calling `init_weights` of EncoderDecoder  

backbone.network.4.7.token_mixer.mixer.rbr_scale.bn.weight - torch.Size([304]): 
The value is the same before and after calling `init_weights` of EncoderDecoder  

backbone.network.4.7.token_mixer.mixer.rbr_scale.bn.bias - torch.Size([304]): 
The value is the same before and after calling `init_weights` of EncoderDecoder  

backbone.network.4.7.convffn.conv.conv.weight - torch.Size([304, 1, 7, 7]): 
The value is the same before and after calling `init_weights` of EncoderDecoder  

backbone.network.4.7.convffn.conv.bn.weight - torch.Size([304]): 
The value is the same before and after calling `init_weights` of EncoderDecoder  

backbone.network.4.7.convffn.conv.bn.bias - torch.Size([304]): 
The value is the same before and after calling `init_weights` of EncoderDecoder  

backbone.network.4.7.convffn.fc1.weight - torch.Size([1216, 304, 1, 1]): 
The value is the same before and after calling `init_weights` of EncoderDecoder  

backbone.network.4.7.convffn.fc1.bias - torch.Size([1216]): 
The value is the same before and after calling `init_weights` of EncoderDecoder  

backbone.network.4.7.convffn.fc2.weight - torch.Size([304, 1216, 1, 1]): 
The value is the same before and after calling `init_weights` of EncoderDecoder  

backbone.network.4.7.convffn.fc2.bias - torch.Size([304]): 
The value is the same before and after calling `init_weights` of EncoderDecoder  

backbone.network.4.8.layer_scale - torch.Size([304, 1, 1]): 
The value is the same before and after calling `init_weights` of EncoderDecoder  

backbone.network.4.8.token_mixer.layer_scale - torch.Size([304, 1, 1]): 
The value is the same before and after calling `init_weights` of EncoderDecoder  

backbone.network.4.8.token_mixer.norm.rbr_skip.weight - torch.Size([304]): 
The value is the same before and after calling `init_weights` of EncoderDecoder  

backbone.network.4.8.token_mixer.norm.rbr_skip.bias - torch.Size([304]): 
The value is the same before and after calling `init_weights` of EncoderDecoder  

backbone.network.4.8.token_mixer.mixer.rbr_skip.weight - torch.Size([304]): 
The value is the same before and after calling `init_weights` of EncoderDecoder  

backbone.network.4.8.token_mixer.mixer.rbr_skip.bias - torch.Size([304]): 
The value is the same before and after calling `init_weights` of EncoderDecoder  

backbone.network.4.8.token_mixer.mixer.rbr_conv.0.conv.weight - torch.Size([304, 1, 3, 3]): 
The value is the same before and after calling `init_weights` of EncoderDecoder  

backbone.network.4.8.token_mixer.mixer.rbr_conv.0.bn.weight - torch.Size([304]): 
The value is the same before and after calling `init_weights` of EncoderDecoder  

backbone.network.4.8.token_mixer.mixer.rbr_conv.0.bn.bias - torch.Size([304]): 
The value is the same before and after calling `init_weights` of EncoderDecoder  

backbone.network.4.8.token_mixer.mixer.rbr_scale.conv.weight - torch.Size([304, 1, 1, 1]): 
The value is the same before and after calling `init_weights` of EncoderDecoder  

backbone.network.4.8.token_mixer.mixer.rbr_scale.bn.weight - torch.Size([304]): 
The value is the same before and after calling `init_weights` of EncoderDecoder  

backbone.network.4.8.token_mixer.mixer.rbr_scale.bn.bias - torch.Size([304]): 
The value is the same before and after calling `init_weights` of EncoderDecoder  

backbone.network.4.8.convffn.conv.conv.weight - torch.Size([304, 1, 7, 7]): 
The value is the same before and after calling `init_weights` of EncoderDecoder  

backbone.network.4.8.convffn.conv.bn.weight - torch.Size([304]): 
The value is the same before and after calling `init_weights` of EncoderDecoder  

backbone.network.4.8.convffn.conv.bn.bias - torch.Size([304]): 
The value is the same before and after calling `init_weights` of EncoderDecoder  

backbone.network.4.8.convffn.fc1.weight - torch.Size([1216, 304, 1, 1]): 
The value is the same before and after calling `init_weights` of EncoderDecoder  

backbone.network.4.8.convffn.fc1.bias - torch.Size([1216]): 
The value is the same before and after calling `init_weights` of EncoderDecoder  

backbone.network.4.8.convffn.fc2.weight - torch.Size([304, 1216, 1, 1]): 
The value is the same before and after calling `init_weights` of EncoderDecoder  

backbone.network.4.8.convffn.fc2.bias - torch.Size([304]): 
The value is the same before and after calling `init_weights` of EncoderDecoder  

backbone.network.4.9.layer_scale - torch.Size([304, 1, 1]): 
The value is the same before and after calling `init_weights` of EncoderDecoder  

backbone.network.4.9.token_mixer.layer_scale - torch.Size([304, 1, 1]): 
The value is the same before and after calling `init_weights` of EncoderDecoder  

backbone.network.4.9.token_mixer.norm.rbr_skip.weight - torch.Size([304]): 
The value is the same before and after calling `init_weights` of EncoderDecoder  

backbone.network.4.9.token_mixer.norm.rbr_skip.bias - torch.Size([304]): 
The value is the same before and after calling `init_weights` of EncoderDecoder  

backbone.network.4.9.token_mixer.mixer.rbr_skip.weight - torch.Size([304]): 
The value is the same before and after calling `init_weights` of EncoderDecoder  

backbone.network.4.9.token_mixer.mixer.rbr_skip.bias - torch.Size([304]): 
The value is the same before and after calling `init_weights` of EncoderDecoder  

backbone.network.4.9.token_mixer.mixer.rbr_conv.0.conv.weight - torch.Size([304, 1, 3, 3]): 
The value is the same before and after calling `init_weights` of EncoderDecoder  

backbone.network.4.9.token_mixer.mixer.rbr_conv.0.bn.weight - torch.Size([304]): 
The value is the same before and after calling `init_weights` of EncoderDecoder  

backbone.network.4.9.token_mixer.mixer.rbr_conv.0.bn.bias - torch.Size([304]): 
The value is the same before and after calling `init_weights` of EncoderDecoder  

backbone.network.4.9.token_mixer.mixer.rbr_scale.conv.weight - torch.Size([304, 1, 1, 1]): 
The value is the same before and after calling `init_weights` of EncoderDecoder  

backbone.network.4.9.token_mixer.mixer.rbr_scale.bn.weight - torch.Size([304]): 
The value is the same before and after calling `init_weights` of EncoderDecoder  

backbone.network.4.9.token_mixer.mixer.rbr_scale.bn.bias - torch.Size([304]): 
The value is the same before and after calling `init_weights` of EncoderDecoder  

backbone.network.4.9.convffn.conv.conv.weight - torch.Size([304, 1, 7, 7]): 
The value is the same before and after calling `init_weights` of EncoderDecoder  

backbone.network.4.9.convffn.conv.bn.weight - torch.Size([304]): 
The value is the same before and after calling `init_weights` of EncoderDecoder  

backbone.network.4.9.convffn.conv.bn.bias - torch.Size([304]): 
The value is the same before and after calling `init_weights` of EncoderDecoder  

backbone.network.4.9.convffn.fc1.weight - torch.Size([1216, 304, 1, 1]): 
The value is the same before and after calling `init_weights` of EncoderDecoder  

backbone.network.4.9.convffn.fc1.bias - torch.Size([1216]): 
The value is the same before and after calling `init_weights` of EncoderDecoder  

backbone.network.4.9.convffn.fc2.weight - torch.Size([304, 1216, 1, 1]): 
The value is the same before and after calling `init_weights` of EncoderDecoder  

backbone.network.4.9.convffn.fc2.bias - torch.Size([304]): 
The value is the same before and after calling `init_weights` of EncoderDecoder  

backbone.network.4.10.layer_scale - torch.Size([304, 1, 1]): 
The value is the same before and after calling `init_weights` of EncoderDecoder  

backbone.network.4.10.token_mixer.layer_scale - torch.Size([304, 1, 1]): 
The value is the same before and after calling `init_weights` of EncoderDecoder  

backbone.network.4.10.token_mixer.norm.rbr_skip.weight - torch.Size([304]): 
The value is the same before and after calling `init_weights` of EncoderDecoder  

backbone.network.4.10.token_mixer.norm.rbr_skip.bias - torch.Size([304]): 
The value is the same before and after calling `init_weights` of EncoderDecoder  

backbone.network.4.10.token_mixer.mixer.rbr_skip.weight - torch.Size([304]): 
The value is the same before and after calling `init_weights` of EncoderDecoder  

backbone.network.4.10.token_mixer.mixer.rbr_skip.bias - torch.Size([304]): 
The value is the same before and after calling `init_weights` of EncoderDecoder  

backbone.network.4.10.token_mixer.mixer.rbr_conv.0.conv.weight - torch.Size([304, 1, 3, 3]): 
The value is the same before and after calling `init_weights` of EncoderDecoder  

backbone.network.4.10.token_mixer.mixer.rbr_conv.0.bn.weight - torch.Size([304]): 
The value is the same before and after calling `init_weights` of EncoderDecoder  

backbone.network.4.10.token_mixer.mixer.rbr_conv.0.bn.bias - torch.Size([304]): 
The value is the same before and after calling `init_weights` of EncoderDecoder  

backbone.network.4.10.token_mixer.mixer.rbr_scale.conv.weight - torch.Size([304, 1, 1, 1]): 
The value is the same before and after calling `init_weights` of EncoderDecoder  

backbone.network.4.10.token_mixer.mixer.rbr_scale.bn.weight - torch.Size([304]): 
The value is the same before and after calling `init_weights` of EncoderDecoder  

backbone.network.4.10.token_mixer.mixer.rbr_scale.bn.bias - torch.Size([304]): 
The value is the same before and after calling `init_weights` of EncoderDecoder  

backbone.network.4.10.convffn.conv.conv.weight - torch.Size([304, 1, 7, 7]): 
The value is the same before and after calling `init_weights` of EncoderDecoder  

backbone.network.4.10.convffn.conv.bn.weight - torch.Size([304]): 
The value is the same before and after calling `init_weights` of EncoderDecoder  

backbone.network.4.10.convffn.conv.bn.bias - torch.Size([304]): 
The value is the same before and after calling `init_weights` of EncoderDecoder  

backbone.network.4.10.convffn.fc1.weight - torch.Size([1216, 304, 1, 1]): 
The value is the same before and after calling `init_weights` of EncoderDecoder  

backbone.network.4.10.convffn.fc1.bias - torch.Size([1216]): 
The value is the same before and after calling `init_weights` of EncoderDecoder  

backbone.network.4.10.convffn.fc2.weight - torch.Size([304, 1216, 1, 1]): 
The value is the same before and after calling `init_weights` of EncoderDecoder  

backbone.network.4.10.convffn.fc2.bias - torch.Size([304]): 
The value is the same before and after calling `init_weights` of EncoderDecoder  

backbone.network.4.11.layer_scale - torch.Size([304, 1, 1]): 
The value is the same before and after calling `init_weights` of EncoderDecoder  

backbone.network.4.11.token_mixer.layer_scale - torch.Size([304, 1, 1]): 
The value is the same before and after calling `init_weights` of EncoderDecoder  

backbone.network.4.11.token_mixer.norm.rbr_skip.weight - torch.Size([304]): 
The value is the same before and after calling `init_weights` of EncoderDecoder  

backbone.network.4.11.token_mixer.norm.rbr_skip.bias - torch.Size([304]): 
The value is the same before and after calling `init_weights` of EncoderDecoder  

backbone.network.4.11.token_mixer.mixer.rbr_skip.weight - torch.Size([304]): 
The value is the same before and after calling `init_weights` of EncoderDecoder  

backbone.network.4.11.token_mixer.mixer.rbr_skip.bias - torch.Size([304]): 
The value is the same before and after calling `init_weights` of EncoderDecoder  

backbone.network.4.11.token_mixer.mixer.rbr_conv.0.conv.weight - torch.Size([304, 1, 3, 3]): 
The value is the same before and after calling `init_weights` of EncoderDecoder  

backbone.network.4.11.token_mixer.mixer.rbr_conv.0.bn.weight - torch.Size([304]): 
The value is the same before and after calling `init_weights` of EncoderDecoder  

backbone.network.4.11.token_mixer.mixer.rbr_conv.0.bn.bias - torch.Size([304]): 
The value is the same before and after calling `init_weights` of EncoderDecoder  

backbone.network.4.11.token_mixer.mixer.rbr_scale.conv.weight - torch.Size([304, 1, 1, 1]): 
The value is the same before and after calling `init_weights` of EncoderDecoder  

backbone.network.4.11.token_mixer.mixer.rbr_scale.bn.weight - torch.Size([304]): 
The value is the same before and after calling `init_weights` of EncoderDecoder  

backbone.network.4.11.token_mixer.mixer.rbr_scale.bn.bias - torch.Size([304]): 
The value is the same before and after calling `init_weights` of EncoderDecoder  

backbone.network.4.11.convffn.conv.conv.weight - torch.Size([304, 1, 7, 7]): 
The value is the same before and after calling `init_weights` of EncoderDecoder  

backbone.network.4.11.convffn.conv.bn.weight - torch.Size([304]): 
The value is the same before and after calling `init_weights` of EncoderDecoder  

backbone.network.4.11.convffn.conv.bn.bias - torch.Size([304]): 
The value is the same before and after calling `init_weights` of EncoderDecoder  

backbone.network.4.11.convffn.fc1.weight - torch.Size([1216, 304, 1, 1]): 
The value is the same before and after calling `init_weights` of EncoderDecoder  

backbone.network.4.11.convffn.fc1.bias - torch.Size([1216]): 
The value is the same before and after calling `init_weights` of EncoderDecoder  

backbone.network.4.11.convffn.fc2.weight - torch.Size([304, 1216, 1, 1]): 
The value is the same before and after calling `init_weights` of EncoderDecoder  

backbone.network.4.11.convffn.fc2.bias - torch.Size([304]): 
The value is the same before and after calling `init_weights` of EncoderDecoder  

backbone.network.4.12.layer_scale - torch.Size([304, 1, 1]): 
The value is the same before and after calling `init_weights` of EncoderDecoder  

backbone.network.4.12.token_mixer.layer_scale - torch.Size([304, 1, 1]): 
The value is the same before and after calling `init_weights` of EncoderDecoder  

backbone.network.4.12.token_mixer.norm.rbr_skip.weight - torch.Size([304]): 
The value is the same before and after calling `init_weights` of EncoderDecoder  

backbone.network.4.12.token_mixer.norm.rbr_skip.bias - torch.Size([304]): 
The value is the same before and after calling `init_weights` of EncoderDecoder  

backbone.network.4.12.token_mixer.mixer.rbr_skip.weight - torch.Size([304]): 
The value is the same before and after calling `init_weights` of EncoderDecoder  

backbone.network.4.12.token_mixer.mixer.rbr_skip.bias - torch.Size([304]): 
The value is the same before and after calling `init_weights` of EncoderDecoder  

backbone.network.4.12.token_mixer.mixer.rbr_conv.0.conv.weight - torch.Size([304, 1, 3, 3]): 
The value is the same before and after calling `init_weights` of EncoderDecoder  

backbone.network.4.12.token_mixer.mixer.rbr_conv.0.bn.weight - torch.Size([304]): 
The value is the same before and after calling `init_weights` of EncoderDecoder  

backbone.network.4.12.token_mixer.mixer.rbr_conv.0.bn.bias - torch.Size([304]): 
The value is the same before and after calling `init_weights` of EncoderDecoder  

backbone.network.4.12.token_mixer.mixer.rbr_scale.conv.weight - torch.Size([304, 1, 1, 1]): 
The value is the same before and after calling `init_weights` of EncoderDecoder  

backbone.network.4.12.token_mixer.mixer.rbr_scale.bn.weight - torch.Size([304]): 
The value is the same before and after calling `init_weights` of EncoderDecoder  

backbone.network.4.12.token_mixer.mixer.rbr_scale.bn.bias - torch.Size([304]): 
The value is the same before and after calling `init_weights` of EncoderDecoder  

backbone.network.4.12.convffn.conv.conv.weight - torch.Size([304, 1, 7, 7]): 
The value is the same before and after calling `init_weights` of EncoderDecoder  

backbone.network.4.12.convffn.conv.bn.weight - torch.Size([304]): 
The value is the same before and after calling `init_weights` of EncoderDecoder  

backbone.network.4.12.convffn.conv.bn.bias - torch.Size([304]): 
The value is the same before and after calling `init_weights` of EncoderDecoder  

backbone.network.4.12.convffn.fc1.weight - torch.Size([1216, 304, 1, 1]): 
The value is the same before and after calling `init_weights` of EncoderDecoder  

backbone.network.4.12.convffn.fc1.bias - torch.Size([1216]): 
The value is the same before and after calling `init_weights` of EncoderDecoder  

backbone.network.4.12.convffn.fc2.weight - torch.Size([304, 1216, 1, 1]): 
The value is the same before and after calling `init_weights` of EncoderDecoder  

backbone.network.4.12.convffn.fc2.bias - torch.Size([304]): 
The value is the same before and after calling `init_weights` of EncoderDecoder  

backbone.network.4.13.layer_scale - torch.Size([304, 1, 1]): 
The value is the same before and after calling `init_weights` of EncoderDecoder  

backbone.network.4.13.token_mixer.layer_scale - torch.Size([304, 1, 1]): 
The value is the same before and after calling `init_weights` of EncoderDecoder  

backbone.network.4.13.token_mixer.norm.rbr_skip.weight - torch.Size([304]): 
The value is the same before and after calling `init_weights` of EncoderDecoder  

backbone.network.4.13.token_mixer.norm.rbr_skip.bias - torch.Size([304]): 
The value is the same before and after calling `init_weights` of EncoderDecoder  

backbone.network.4.13.token_mixer.mixer.rbr_skip.weight - torch.Size([304]): 
The value is the same before and after calling `init_weights` of EncoderDecoder  

backbone.network.4.13.token_mixer.mixer.rbr_skip.bias - torch.Size([304]): 
The value is the same before and after calling `init_weights` of EncoderDecoder  

backbone.network.4.13.token_mixer.mixer.rbr_conv.0.conv.weight - torch.Size([304, 1, 3, 3]): 
The value is the same before and after calling `init_weights` of EncoderDecoder  

backbone.network.4.13.token_mixer.mixer.rbr_conv.0.bn.weight - torch.Size([304]): 
The value is the same before and after calling `init_weights` of EncoderDecoder  

backbone.network.4.13.token_mixer.mixer.rbr_conv.0.bn.bias - torch.Size([304]): 
The value is the same before and after calling `init_weights` of EncoderDecoder  

backbone.network.4.13.token_mixer.mixer.rbr_scale.conv.weight - torch.Size([304, 1, 1, 1]): 
The value is the same before and after calling `init_weights` of EncoderDecoder  

backbone.network.4.13.token_mixer.mixer.rbr_scale.bn.weight - torch.Size([304]): 
The value is the same before and after calling `init_weights` of EncoderDecoder  

backbone.network.4.13.token_mixer.mixer.rbr_scale.bn.bias - torch.Size([304]): 
The value is the same before and after calling `init_weights` of EncoderDecoder  

backbone.network.4.13.convffn.conv.conv.weight - torch.Size([304, 1, 7, 7]): 
The value is the same before and after calling `init_weights` of EncoderDecoder  

backbone.network.4.13.convffn.conv.bn.weight - torch.Size([304]): 
The value is the same before and after calling `init_weights` of EncoderDecoder  

backbone.network.4.13.convffn.conv.bn.bias - torch.Size([304]): 
The value is the same before and after calling `init_weights` of EncoderDecoder  

backbone.network.4.13.convffn.fc1.weight - torch.Size([1216, 304, 1, 1]): 
The value is the same before and after calling `init_weights` of EncoderDecoder  

backbone.network.4.13.convffn.fc1.bias - torch.Size([1216]): 
The value is the same before and after calling `init_weights` of EncoderDecoder  

backbone.network.4.13.convffn.fc2.weight - torch.Size([304, 1216, 1, 1]): 
The value is the same before and after calling `init_weights` of EncoderDecoder  

backbone.network.4.13.convffn.fc2.bias - torch.Size([304]): 
The value is the same before and after calling `init_weights` of EncoderDecoder  

backbone.network.4.14.layer_scale - torch.Size([304, 1, 1]): 
The value is the same before and after calling `init_weights` of EncoderDecoder  

backbone.network.4.14.token_mixer.layer_scale - torch.Size([304, 1, 1]): 
The value is the same before and after calling `init_weights` of EncoderDecoder  

backbone.network.4.14.token_mixer.norm.rbr_skip.weight - torch.Size([304]): 
The value is the same before and after calling `init_weights` of EncoderDecoder  

backbone.network.4.14.token_mixer.norm.rbr_skip.bias - torch.Size([304]): 
The value is the same before and after calling `init_weights` of EncoderDecoder  

backbone.network.4.14.token_mixer.mixer.rbr_skip.weight - torch.Size([304]): 
The value is the same before and after calling `init_weights` of EncoderDecoder  

backbone.network.4.14.token_mixer.mixer.rbr_skip.bias - torch.Size([304]): 
The value is the same before and after calling `init_weights` of EncoderDecoder  

backbone.network.4.14.token_mixer.mixer.rbr_conv.0.conv.weight - torch.Size([304, 1, 3, 3]): 
The value is the same before and after calling `init_weights` of EncoderDecoder  

backbone.network.4.14.token_mixer.mixer.rbr_conv.0.bn.weight - torch.Size([304]): 
The value is the same before and after calling `init_weights` of EncoderDecoder  

backbone.network.4.14.token_mixer.mixer.rbr_conv.0.bn.bias - torch.Size([304]): 
The value is the same before and after calling `init_weights` of EncoderDecoder  

backbone.network.4.14.token_mixer.mixer.rbr_scale.conv.weight - torch.Size([304, 1, 1, 1]): 
The value is the same before and after calling `init_weights` of EncoderDecoder  

backbone.network.4.14.token_mixer.mixer.rbr_scale.bn.weight - torch.Size([304]): 
The value is the same before and after calling `init_weights` of EncoderDecoder  

backbone.network.4.14.token_mixer.mixer.rbr_scale.bn.bias - torch.Size([304]): 
The value is the same before and after calling `init_weights` of EncoderDecoder  

backbone.network.4.14.convffn.conv.conv.weight - torch.Size([304, 1, 7, 7]): 
The value is the same before and after calling `init_weights` of EncoderDecoder  

backbone.network.4.14.convffn.conv.bn.weight - torch.Size([304]): 
The value is the same before and after calling `init_weights` of EncoderDecoder  

backbone.network.4.14.convffn.conv.bn.bias - torch.Size([304]): 
The value is the same before and after calling `init_weights` of EncoderDecoder  

backbone.network.4.14.convffn.fc1.weight - torch.Size([1216, 304, 1, 1]): 
The value is the same before and after calling `init_weights` of EncoderDecoder  

backbone.network.4.14.convffn.fc1.bias - torch.Size([1216]): 
The value is the same before and after calling `init_weights` of EncoderDecoder  

backbone.network.4.14.convffn.fc2.weight - torch.Size([304, 1216, 1, 1]): 
The value is the same before and after calling `init_weights` of EncoderDecoder  

backbone.network.4.14.convffn.fc2.bias - torch.Size([304]): 
The value is the same before and after calling `init_weights` of EncoderDecoder  

backbone.network.4.15.layer_scale - torch.Size([304, 1, 1]): 
The value is the same before and after calling `init_weights` of EncoderDecoder  

backbone.network.4.15.token_mixer.layer_scale - torch.Size([304, 1, 1]): 
The value is the same before and after calling `init_weights` of EncoderDecoder  

backbone.network.4.15.token_mixer.norm.rbr_skip.weight - torch.Size([304]): 
The value is the same before and after calling `init_weights` of EncoderDecoder  

backbone.network.4.15.token_mixer.norm.rbr_skip.bias - torch.Size([304]): 
The value is the same before and after calling `init_weights` of EncoderDecoder  

backbone.network.4.15.token_mixer.mixer.rbr_skip.weight - torch.Size([304]): 
The value is the same before and after calling `init_weights` of EncoderDecoder  

backbone.network.4.15.token_mixer.mixer.rbr_skip.bias - torch.Size([304]): 
The value is the same before and after calling `init_weights` of EncoderDecoder  

backbone.network.4.15.token_mixer.mixer.rbr_conv.0.conv.weight - torch.Size([304, 1, 3, 3]): 
The value is the same before and after calling `init_weights` of EncoderDecoder  

backbone.network.4.15.token_mixer.mixer.rbr_conv.0.bn.weight - torch.Size([304]): 
The value is the same before and after calling `init_weights` of EncoderDecoder  

backbone.network.4.15.token_mixer.mixer.rbr_conv.0.bn.bias - torch.Size([304]): 
The value is the same before and after calling `init_weights` of EncoderDecoder  

backbone.network.4.15.token_mixer.mixer.rbr_scale.conv.weight - torch.Size([304, 1, 1, 1]): 
The value is the same before and after calling `init_weights` of EncoderDecoder  

backbone.network.4.15.token_mixer.mixer.rbr_scale.bn.weight - torch.Size([304]): 
The value is the same before and after calling `init_weights` of EncoderDecoder  

backbone.network.4.15.token_mixer.mixer.rbr_scale.bn.bias - torch.Size([304]): 
The value is the same before and after calling `init_weights` of EncoderDecoder  

backbone.network.4.15.convffn.conv.conv.weight - torch.Size([304, 1, 7, 7]): 
The value is the same before and after calling `init_weights` of EncoderDecoder  

backbone.network.4.15.convffn.conv.bn.weight - torch.Size([304]): 
The value is the same before and after calling `init_weights` of EncoderDecoder  

backbone.network.4.15.convffn.conv.bn.bias - torch.Size([304]): 
The value is the same before and after calling `init_weights` of EncoderDecoder  

backbone.network.4.15.convffn.fc1.weight - torch.Size([1216, 304, 1, 1]): 
The value is the same before and after calling `init_weights` of EncoderDecoder  

backbone.network.4.15.convffn.fc1.bias - torch.Size([1216]): 
The value is the same before and after calling `init_weights` of EncoderDecoder  

backbone.network.4.15.convffn.fc2.weight - torch.Size([304, 1216, 1, 1]): 
The value is the same before and after calling `init_weights` of EncoderDecoder  

backbone.network.4.15.convffn.fc2.bias - torch.Size([304]): 
The value is the same before and after calling `init_weights` of EncoderDecoder  

backbone.network.4.16.layer_scale - torch.Size([304, 1, 1]): 
The value is the same before and after calling `init_weights` of EncoderDecoder  

backbone.network.4.16.token_mixer.layer_scale - torch.Size([304, 1, 1]): 
The value is the same before and after calling `init_weights` of EncoderDecoder  

backbone.network.4.16.token_mixer.norm.rbr_skip.weight - torch.Size([304]): 
The value is the same before and after calling `init_weights` of EncoderDecoder  

backbone.network.4.16.token_mixer.norm.rbr_skip.bias - torch.Size([304]): 
The value is the same before and after calling `init_weights` of EncoderDecoder  

backbone.network.4.16.token_mixer.mixer.rbr_skip.weight - torch.Size([304]): 
The value is the same before and after calling `init_weights` of EncoderDecoder  

backbone.network.4.16.token_mixer.mixer.rbr_skip.bias - torch.Size([304]): 
The value is the same before and after calling `init_weights` of EncoderDecoder  

backbone.network.4.16.token_mixer.mixer.rbr_conv.0.conv.weight - torch.Size([304, 1, 3, 3]): 
The value is the same before and after calling `init_weights` of EncoderDecoder  

backbone.network.4.16.token_mixer.mixer.rbr_conv.0.bn.weight - torch.Size([304]): 
The value is the same before and after calling `init_weights` of EncoderDecoder  

backbone.network.4.16.token_mixer.mixer.rbr_conv.0.bn.bias - torch.Size([304]): 
The value is the same before and after calling `init_weights` of EncoderDecoder  

backbone.network.4.16.token_mixer.mixer.rbr_scale.conv.weight - torch.Size([304, 1, 1, 1]): 
The value is the same before and after calling `init_weights` of EncoderDecoder  

backbone.network.4.16.token_mixer.mixer.rbr_scale.bn.weight - torch.Size([304]): 
The value is the same before and after calling `init_weights` of EncoderDecoder  

backbone.network.4.16.token_mixer.mixer.rbr_scale.bn.bias - torch.Size([304]): 
The value is the same before and after calling `init_weights` of EncoderDecoder  

backbone.network.4.16.convffn.conv.conv.weight - torch.Size([304, 1, 7, 7]): 
The value is the same before and after calling `init_weights` of EncoderDecoder  

backbone.network.4.16.convffn.conv.bn.weight - torch.Size([304]): 
The value is the same before and after calling `init_weights` of EncoderDecoder  

backbone.network.4.16.convffn.conv.bn.bias - torch.Size([304]): 
The value is the same before and after calling `init_weights` of EncoderDecoder  

backbone.network.4.16.convffn.fc1.weight - torch.Size([1216, 304, 1, 1]): 
The value is the same before and after calling `init_weights` of EncoderDecoder  

backbone.network.4.16.convffn.fc1.bias - torch.Size([1216]): 
The value is the same before and after calling `init_weights` of EncoderDecoder  

backbone.network.4.16.convffn.fc2.weight - torch.Size([304, 1216, 1, 1]): 
The value is the same before and after calling `init_weights` of EncoderDecoder  

backbone.network.4.16.convffn.fc2.bias - torch.Size([304]): 
The value is the same before and after calling `init_weights` of EncoderDecoder  

backbone.network.4.17.layer_scale - torch.Size([304, 1, 1]): 
The value is the same before and after calling `init_weights` of EncoderDecoder  

backbone.network.4.17.token_mixer.layer_scale - torch.Size([304, 1, 1]): 
The value is the same before and after calling `init_weights` of EncoderDecoder  

backbone.network.4.17.token_mixer.norm.rbr_skip.weight - torch.Size([304]): 
The value is the same before and after calling `init_weights` of EncoderDecoder  

backbone.network.4.17.token_mixer.norm.rbr_skip.bias - torch.Size([304]): 
The value is the same before and after calling `init_weights` of EncoderDecoder  

backbone.network.4.17.token_mixer.mixer.rbr_skip.weight - torch.Size([304]): 
The value is the same before and after calling `init_weights` of EncoderDecoder  

backbone.network.4.17.token_mixer.mixer.rbr_skip.bias - torch.Size([304]): 
The value is the same before and after calling `init_weights` of EncoderDecoder  

backbone.network.4.17.token_mixer.mixer.rbr_conv.0.conv.weight - torch.Size([304, 1, 3, 3]): 
The value is the same before and after calling `init_weights` of EncoderDecoder  

backbone.network.4.17.token_mixer.mixer.rbr_conv.0.bn.weight - torch.Size([304]): 
The value is the same before and after calling `init_weights` of EncoderDecoder  

backbone.network.4.17.token_mixer.mixer.rbr_conv.0.bn.bias - torch.Size([304]): 
The value is the same before and after calling `init_weights` of EncoderDecoder  

backbone.network.4.17.token_mixer.mixer.rbr_scale.conv.weight - torch.Size([304, 1, 1, 1]): 
The value is the same before and after calling `init_weights` of EncoderDecoder  

backbone.network.4.17.token_mixer.mixer.rbr_scale.bn.weight - torch.Size([304]): 
The value is the same before and after calling `init_weights` of EncoderDecoder  

backbone.network.4.17.token_mixer.mixer.rbr_scale.bn.bias - torch.Size([304]): 
The value is the same before and after calling `init_weights` of EncoderDecoder  

backbone.network.4.17.convffn.conv.conv.weight - torch.Size([304, 1, 7, 7]): 
The value is the same before and after calling `init_weights` of EncoderDecoder  

backbone.network.4.17.convffn.conv.bn.weight - torch.Size([304]): 
The value is the same before and after calling `init_weights` of EncoderDecoder  

backbone.network.4.17.convffn.conv.bn.bias - torch.Size([304]): 
The value is the same before and after calling `init_weights` of EncoderDecoder  

backbone.network.4.17.convffn.fc1.weight - torch.Size([1216, 304, 1, 1]): 
The value is the same before and after calling `init_weights` of EncoderDecoder  

backbone.network.4.17.convffn.fc1.bias - torch.Size([1216]): 
The value is the same before and after calling `init_weights` of EncoderDecoder  

backbone.network.4.17.convffn.fc2.weight - torch.Size([304, 1216, 1, 1]): 
The value is the same before and after calling `init_weights` of EncoderDecoder  

backbone.network.4.17.convffn.fc2.bias - torch.Size([304]): 
The value is the same before and after calling `init_weights` of EncoderDecoder  

backbone.network.5.proj.0.lkb_origin.conv.weight - torch.Size([608, 1, 7, 7]): 
The value is the same before and after calling `init_weights` of EncoderDecoder  

backbone.network.5.proj.0.lkb_origin.bn.weight - torch.Size([608]): 
The value is the same before and after calling `init_weights` of EncoderDecoder  

backbone.network.5.proj.0.lkb_origin.bn.bias - torch.Size([608]): 
The value is the same before and after calling `init_weights` of EncoderDecoder  

backbone.network.5.proj.0.small_conv.conv.weight - torch.Size([608, 1, 3, 3]): 
The value is the same before and after calling `init_weights` of EncoderDecoder  

backbone.network.5.proj.0.small_conv.bn.weight - torch.Size([608]): 
The value is the same before and after calling `init_weights` of EncoderDecoder  

backbone.network.5.proj.0.small_conv.bn.bias - torch.Size([608]): 
The value is the same before and after calling `init_weights` of EncoderDecoder  

backbone.network.5.proj.1.rbr_skip.weight - torch.Size([608]): 
The value is the same before and after calling `init_weights` of EncoderDecoder  

backbone.network.5.proj.1.rbr_skip.bias - torch.Size([608]): 
The value is the same before and after calling `init_weights` of EncoderDecoder  

backbone.network.5.proj.1.rbr_conv.0.conv.weight - torch.Size([608, 608, 1, 1]): 
The value is the same before and after calling `init_weights` of EncoderDecoder  

backbone.network.5.proj.1.rbr_conv.0.bn.weight - torch.Size([608]): 
The value is the same before and after calling `init_weights` of EncoderDecoder  

backbone.network.5.proj.1.rbr_conv.0.bn.bias - torch.Size([608]): 
The value is the same before and after calling `init_weights` of EncoderDecoder  

backbone.network.6.pe.weight - torch.Size([608, 1, 7, 7]): 
The value is the same before and after calling `init_weights` of EncoderDecoder  

backbone.network.6.pe.bias - torch.Size([608]): 
The value is the same before and after calling `init_weights` of EncoderDecoder  

backbone.network.7.0.layer_scale_1 - torch.Size([608, 1, 1]): 
The value is the same before and after calling `init_weights` of EncoderDecoder  

backbone.network.7.0.layer_scale_2 - torch.Size([608, 1, 1]): 
The value is the same before and after calling `init_weights` of EncoderDecoder  

backbone.network.7.0.norm.weight - torch.Size([608]): 
The value is the same before and after calling `init_weights` of EncoderDecoder  

backbone.network.7.0.norm.bias - torch.Size([608]): 
The value is the same before and after calling `init_weights` of EncoderDecoder  

backbone.network.7.0.token_mixer.qkv.weight - torch.Size([1824, 608]): 
The value is the same before and after calling `init_weights` of EncoderDecoder  

backbone.network.7.0.token_mixer.proj.weight - torch.Size([608, 608]): 
The value is the same before and after calling `init_weights` of EncoderDecoder  

backbone.network.7.0.token_mixer.proj.bias - torch.Size([608]): 
The value is the same before and after calling `init_weights` of EncoderDecoder  

backbone.network.7.0.convffn.conv.conv.weight - torch.Size([608, 1, 7, 7]): 
The value is the same before and after calling `init_weights` of EncoderDecoder  

backbone.network.7.0.convffn.conv.bn.weight - torch.Size([608]): 
The value is the same before and after calling `init_weights` of EncoderDecoder  

backbone.network.7.0.convffn.conv.bn.bias - torch.Size([608]): 
The value is the same before and after calling `init_weights` of EncoderDecoder  

backbone.network.7.0.convffn.fc1.weight - torch.Size([2432, 608, 1, 1]): 
The value is the same before and after calling `init_weights` of EncoderDecoder  

backbone.network.7.0.convffn.fc1.bias - torch.Size([2432]): 
The value is the same before and after calling `init_weights` of EncoderDecoder  

backbone.network.7.0.convffn.fc2.weight - torch.Size([608, 2432, 1, 1]): 
The value is the same before and after calling `init_weights` of EncoderDecoder  

backbone.network.7.0.convffn.fc2.bias - torch.Size([608]): 
The value is the same before and after calling `init_weights` of EncoderDecoder  

backbone.network.7.1.layer_scale_1 - torch.Size([608, 1, 1]): 
The value is the same before and after calling `init_weights` of EncoderDecoder  

backbone.network.7.1.layer_scale_2 - torch.Size([608, 1, 1]): 
The value is the same before and after calling `init_weights` of EncoderDecoder  

backbone.network.7.1.norm.weight - torch.Size([608]): 
The value is the same before and after calling `init_weights` of EncoderDecoder  

backbone.network.7.1.norm.bias - torch.Size([608]): 
The value is the same before and after calling `init_weights` of EncoderDecoder  

backbone.network.7.1.token_mixer.qkv.weight - torch.Size([1824, 608]): 
The value is the same before and after calling `init_weights` of EncoderDecoder  

backbone.network.7.1.token_mixer.proj.weight - torch.Size([608, 608]): 
The value is the same before and after calling `init_weights` of EncoderDecoder  

backbone.network.7.1.token_mixer.proj.bias - torch.Size([608]): 
The value is the same before and after calling `init_weights` of EncoderDecoder  

backbone.network.7.1.convffn.conv.conv.weight - torch.Size([608, 1, 7, 7]): 
The value is the same before and after calling `init_weights` of EncoderDecoder  

backbone.network.7.1.convffn.conv.bn.weight - torch.Size([608]): 
The value is the same before and after calling `init_weights` of EncoderDecoder  

backbone.network.7.1.convffn.conv.bn.bias - torch.Size([608]): 
The value is the same before and after calling `init_weights` of EncoderDecoder  

backbone.network.7.1.convffn.fc1.weight - torch.Size([2432, 608, 1, 1]): 
The value is the same before and after calling `init_weights` of EncoderDecoder  

backbone.network.7.1.convffn.fc1.bias - torch.Size([2432]): 
The value is the same before and after calling `init_weights` of EncoderDecoder  

backbone.network.7.1.convffn.fc2.weight - torch.Size([608, 2432, 1, 1]): 
The value is the same before and after calling `init_weights` of EncoderDecoder  

backbone.network.7.1.convffn.fc2.bias - torch.Size([608]): 
The value is the same before and after calling `init_weights` of EncoderDecoder  

backbone.network.7.2.layer_scale_1 - torch.Size([608, 1, 1]): 
The value is the same before and after calling `init_weights` of EncoderDecoder  

backbone.network.7.2.layer_scale_2 - torch.Size([608, 1, 1]): 
The value is the same before and after calling `init_weights` of EncoderDecoder  

backbone.network.7.2.norm.weight - torch.Size([608]): 
The value is the same before and after calling `init_weights` of EncoderDecoder  

backbone.network.7.2.norm.bias - torch.Size([608]): 
The value is the same before and after calling `init_weights` of EncoderDecoder  

backbone.network.7.2.token_mixer.qkv.weight - torch.Size([1824, 608]): 
The value is the same before and after calling `init_weights` of EncoderDecoder  

backbone.network.7.2.token_mixer.proj.weight - torch.Size([608, 608]): 
The value is the same before and after calling `init_weights` of EncoderDecoder  

backbone.network.7.2.token_mixer.proj.bias - torch.Size([608]): 
The value is the same before and after calling `init_weights` of EncoderDecoder  

backbone.network.7.2.convffn.conv.conv.weight - torch.Size([608, 1, 7, 7]): 
The value is the same before and after calling `init_weights` of EncoderDecoder  

backbone.network.7.2.convffn.conv.bn.weight - torch.Size([608]): 
The value is the same before and after calling `init_weights` of EncoderDecoder  

backbone.network.7.2.convffn.conv.bn.bias - torch.Size([608]): 
The value is the same before and after calling `init_weights` of EncoderDecoder  

backbone.network.7.2.convffn.fc1.weight - torch.Size([2432, 608, 1, 1]): 
The value is the same before and after calling `init_weights` of EncoderDecoder  

backbone.network.7.2.convffn.fc1.bias - torch.Size([2432]): 
The value is the same before and after calling `init_weights` of EncoderDecoder  

backbone.network.7.2.convffn.fc2.weight - torch.Size([608, 2432, 1, 1]): 
The value is the same before and after calling `init_weights` of EncoderDecoder  

backbone.network.7.2.convffn.fc2.bias - torch.Size([608]): 
The value is the same before and after calling `init_weights` of EncoderDecoder  

backbone.network.7.3.layer_scale_1 - torch.Size([608, 1, 1]): 
The value is the same before and after calling `init_weights` of EncoderDecoder  

backbone.network.7.3.layer_scale_2 - torch.Size([608, 1, 1]): 
The value is the same before and after calling `init_weights` of EncoderDecoder  

backbone.network.7.3.norm.weight - torch.Size([608]): 
The value is the same before and after calling `init_weights` of EncoderDecoder  

backbone.network.7.3.norm.bias - torch.Size([608]): 
The value is the same before and after calling `init_weights` of EncoderDecoder  

backbone.network.7.3.token_mixer.qkv.weight - torch.Size([1824, 608]): 
The value is the same before and after calling `init_weights` of EncoderDecoder  

backbone.network.7.3.token_mixer.proj.weight - torch.Size([608, 608]): 
The value is the same before and after calling `init_weights` of EncoderDecoder  

backbone.network.7.3.token_mixer.proj.bias - torch.Size([608]): 
The value is the same before and after calling `init_weights` of EncoderDecoder  

backbone.network.7.3.convffn.conv.conv.weight - torch.Size([608, 1, 7, 7]): 
The value is the same before and after calling `init_weights` of EncoderDecoder  

backbone.network.7.3.convffn.conv.bn.weight - torch.Size([608]): 
The value is the same before and after calling `init_weights` of EncoderDecoder  

backbone.network.7.3.convffn.conv.bn.bias - torch.Size([608]): 
The value is the same before and after calling `init_weights` of EncoderDecoder  

backbone.network.7.3.convffn.fc1.weight - torch.Size([2432, 608, 1, 1]): 
The value is the same before and after calling `init_weights` of EncoderDecoder  

backbone.network.7.3.convffn.fc1.bias - torch.Size([2432]): 
The value is the same before and after calling `init_weights` of EncoderDecoder  

backbone.network.7.3.convffn.fc2.weight - torch.Size([608, 2432, 1, 1]): 
The value is the same before and after calling `init_weights` of EncoderDecoder  

backbone.network.7.3.convffn.fc2.bias - torch.Size([608]): 
The value is the same before and after calling `init_weights` of EncoderDecoder  

backbone.network.7.4.layer_scale_1 - torch.Size([608, 1, 1]): 
The value is the same before and after calling `init_weights` of EncoderDecoder  

backbone.network.7.4.layer_scale_2 - torch.Size([608, 1, 1]): 
The value is the same before and after calling `init_weights` of EncoderDecoder  

backbone.network.7.4.norm.weight - torch.Size([608]): 
The value is the same before and after calling `init_weights` of EncoderDecoder  

backbone.network.7.4.norm.bias - torch.Size([608]): 
The value is the same before and after calling `init_weights` of EncoderDecoder  

backbone.network.7.4.token_mixer.qkv.weight - torch.Size([1824, 608]): 
The value is the same before and after calling `init_weights` of EncoderDecoder  

backbone.network.7.4.token_mixer.proj.weight - torch.Size([608, 608]): 
The value is the same before and after calling `init_weights` of EncoderDecoder  

backbone.network.7.4.token_mixer.proj.bias - torch.Size([608]): 
The value is the same before and after calling `init_weights` of EncoderDecoder  

backbone.network.7.4.convffn.conv.conv.weight - torch.Size([608, 1, 7, 7]): 
The value is the same before and after calling `init_weights` of EncoderDecoder  

backbone.network.7.4.convffn.conv.bn.weight - torch.Size([608]): 
The value is the same before and after calling `init_weights` of EncoderDecoder  

backbone.network.7.4.convffn.conv.bn.bias - torch.Size([608]): 
The value is the same before and after calling `init_weights` of EncoderDecoder  

backbone.network.7.4.convffn.fc1.weight - torch.Size([2432, 608, 1, 1]): 
The value is the same before and after calling `init_weights` of EncoderDecoder  

backbone.network.7.4.convffn.fc1.bias - torch.Size([2432]): 
The value is the same before and after calling `init_weights` of EncoderDecoder  

backbone.network.7.4.convffn.fc2.weight - torch.Size([608, 2432, 1, 1]): 
The value is the same before and after calling `init_weights` of EncoderDecoder  

backbone.network.7.4.convffn.fc2.bias - torch.Size([608]): 
The value is the same before and after calling `init_weights` of EncoderDecoder  

backbone.network.7.5.layer_scale_1 - torch.Size([608, 1, 1]): 
The value is the same before and after calling `init_weights` of EncoderDecoder  

backbone.network.7.5.layer_scale_2 - torch.Size([608, 1, 1]): 
The value is the same before and after calling `init_weights` of EncoderDecoder  

backbone.network.7.5.norm.weight - torch.Size([608]): 
The value is the same before and after calling `init_weights` of EncoderDecoder  

backbone.network.7.5.norm.bias - torch.Size([608]): 
The value is the same before and after calling `init_weights` of EncoderDecoder  

backbone.network.7.5.token_mixer.qkv.weight - torch.Size([1824, 608]): 
The value is the same before and after calling `init_weights` of EncoderDecoder  

backbone.network.7.5.token_mixer.proj.weight - torch.Size([608, 608]): 
The value is the same before and after calling `init_weights` of EncoderDecoder  

backbone.network.7.5.token_mixer.proj.bias - torch.Size([608]): 
The value is the same before and after calling `init_weights` of EncoderDecoder  

backbone.network.7.5.convffn.conv.conv.weight - torch.Size([608, 1, 7, 7]): 
The value is the same before and after calling `init_weights` of EncoderDecoder  

backbone.network.7.5.convffn.conv.bn.weight - torch.Size([608]): 
The value is the same before and after calling `init_weights` of EncoderDecoder  

backbone.network.7.5.convffn.conv.bn.bias - torch.Size([608]): 
The value is the same before and after calling `init_weights` of EncoderDecoder  

backbone.network.7.5.convffn.fc1.weight - torch.Size([2432, 608, 1, 1]): 
The value is the same before and after calling `init_weights` of EncoderDecoder  

backbone.network.7.5.convffn.fc1.bias - torch.Size([2432]): 
The value is the same before and after calling `init_weights` of EncoderDecoder  

backbone.network.7.5.convffn.fc2.weight - torch.Size([608, 2432, 1, 1]): 
The value is the same before and after calling `init_weights` of EncoderDecoder  

backbone.network.7.5.convffn.fc2.bias - torch.Size([608]): 
The value is the same before and after calling `init_weights` of EncoderDecoder  

backbone.norm0.weight - torch.Size([76]): 
The value is the same before and after calling `init_weights` of EncoderDecoder  

backbone.norm0.bias - torch.Size([76]): 
The value is the same before and after calling `init_weights` of EncoderDecoder  

backbone.norm2.weight - torch.Size([152]): 
The value is the same before and after calling `init_weights` of EncoderDecoder  

backbone.norm2.bias - torch.Size([152]): 
The value is the same before and after calling `init_weights` of EncoderDecoder  

backbone.norm4.weight - torch.Size([304]): 
The value is the same before and after calling `init_weights` of EncoderDecoder  

backbone.norm4.bias - torch.Size([304]): 
The value is the same before and after calling `init_weights` of EncoderDecoder  

backbone.norm6.weight - torch.Size([608]): 
The value is the same before and after calling `init_weights` of EncoderDecoder  

backbone.norm6.bias - torch.Size([608]): 
The value is the same before and after calling `init_weights` of EncoderDecoder  

decode_head.pixel_decoder.input_convs.0.conv.weight - torch.Size([256, 608, 1, 1]): 
Initialized by user-defined `init_weights` in Mask2FormerHead  

decode_head.pixel_decoder.input_convs.0.conv.bias - torch.Size([256]): 
The value is the same before and after calling `init_weights` of EncoderDecoder  

decode_head.pixel_decoder.input_convs.0.gn.weight - torch.Size([256]): 
The value is the same before and after calling `init_weights` of EncoderDecoder  

decode_head.pixel_decoder.input_convs.0.gn.bias - torch.Size([256]): 
The value is the same before and after calling `init_weights` of EncoderDecoder  

decode_head.pixel_decoder.input_convs.1.conv.weight - torch.Size([256, 304, 1, 1]): 
Initialized by user-defined `init_weights` in Mask2FormerHead  

decode_head.pixel_decoder.input_convs.1.conv.bias - torch.Size([256]): 
The value is the same before and after calling `init_weights` of EncoderDecoder  

decode_head.pixel_decoder.input_convs.1.gn.weight - torch.Size([256]): 
The value is the same before and after calling `init_weights` of EncoderDecoder  

decode_head.pixel_decoder.input_convs.1.gn.bias - torch.Size([256]): 
The value is the same before and after calling `init_weights` of EncoderDecoder  

decode_head.pixel_decoder.input_convs.2.conv.weight - torch.Size([256, 152, 1, 1]): 
Initialized by user-defined `init_weights` in Mask2FormerHead  

decode_head.pixel_decoder.input_convs.2.conv.bias - torch.Size([256]): 
The value is the same before and after calling `init_weights` of EncoderDecoder  

decode_head.pixel_decoder.input_convs.2.gn.weight - torch.Size([256]): 
The value is the same before and after calling `init_weights` of EncoderDecoder  

decode_head.pixel_decoder.input_convs.2.gn.bias - torch.Size([256]): 
The value is the same before and after calling `init_weights` of EncoderDecoder  

decode_head.pixel_decoder.encoder.layers.0.self_attn.sampling_offsets.weight - torch.Size([192, 256]): 
The value is the same before and after calling `init_weights` of EncoderDecoder  

decode_head.pixel_decoder.encoder.layers.0.self_attn.sampling_offsets.bias - torch.Size([192]): 
The value is the same before and after calling `init_weights` of EncoderDecoder  

decode_head.pixel_decoder.encoder.layers.0.self_attn.attention_weights.weight - torch.Size([96, 256]): 
The value is the same before and after calling `init_weights` of EncoderDecoder  

decode_head.pixel_decoder.encoder.layers.0.self_attn.attention_weights.bias - torch.Size([96]): 
The value is the same before and after calling `init_weights` of EncoderDecoder  

decode_head.pixel_decoder.encoder.layers.0.self_attn.value_proj.weight - torch.Size([256, 256]): 
Initialized by user-defined `init_weights` in Mask2FormerHead  

decode_head.pixel_decoder.encoder.layers.0.self_attn.value_proj.bias - torch.Size([256]): 
The value is the same before and after calling `init_weights` of EncoderDecoder  

decode_head.pixel_decoder.encoder.layers.0.self_attn.output_proj.weight - torch.Size([256, 256]): 
Initialized by user-defined `init_weights` in Mask2FormerHead  

decode_head.pixel_decoder.encoder.layers.0.self_attn.output_proj.bias - torch.Size([256]): 
The value is the same before and after calling `init_weights` of EncoderDecoder  

decode_head.pixel_decoder.encoder.layers.0.ffn.layers.0.0.weight - torch.Size([1024, 256]): 
Initialized by user-defined `init_weights` in Mask2FormerHead  

decode_head.pixel_decoder.encoder.layers.0.ffn.layers.0.0.bias - torch.Size([1024]): 
The value is the same before and after calling `init_weights` of EncoderDecoder  

decode_head.pixel_decoder.encoder.layers.0.ffn.layers.1.weight - torch.Size([256, 1024]): 
Initialized by user-defined `init_weights` in Mask2FormerHead  

decode_head.pixel_decoder.encoder.layers.0.ffn.layers.1.bias - torch.Size([256]): 
The value is the same before and after calling `init_weights` of EncoderDecoder  

decode_head.pixel_decoder.encoder.layers.0.norms.0.weight - torch.Size([256]): 
The value is the same before and after calling `init_weights` of EncoderDecoder  

decode_head.pixel_decoder.encoder.layers.0.norms.0.bias - torch.Size([256]): 
The value is the same before and after calling `init_weights` of EncoderDecoder  

decode_head.pixel_decoder.encoder.layers.0.norms.1.weight - torch.Size([256]): 
The value is the same before and after calling `init_weights` of EncoderDecoder  

decode_head.pixel_decoder.encoder.layers.0.norms.1.bias - torch.Size([256]): 
The value is the same before and after calling `init_weights` of EncoderDecoder  

decode_head.pixel_decoder.encoder.layers.1.self_attn.sampling_offsets.weight - torch.Size([192, 256]): 
The value is the same before and after calling `init_weights` of EncoderDecoder  

decode_head.pixel_decoder.encoder.layers.1.self_attn.sampling_offsets.bias - torch.Size([192]): 
The value is the same before and after calling `init_weights` of EncoderDecoder  

decode_head.pixel_decoder.encoder.layers.1.self_attn.attention_weights.weight - torch.Size([96, 256]): 
The value is the same before and after calling `init_weights` of EncoderDecoder  

decode_head.pixel_decoder.encoder.layers.1.self_attn.attention_weights.bias - torch.Size([96]): 
The value is the same before and after calling `init_weights` of EncoderDecoder  

decode_head.pixel_decoder.encoder.layers.1.self_attn.value_proj.weight - torch.Size([256, 256]): 
Initialized by user-defined `init_weights` in Mask2FormerHead  

decode_head.pixel_decoder.encoder.layers.1.self_attn.value_proj.bias - torch.Size([256]): 
The value is the same before and after calling `init_weights` of EncoderDecoder  

decode_head.pixel_decoder.encoder.layers.1.self_attn.output_proj.weight - torch.Size([256, 256]): 
Initialized by user-defined `init_weights` in Mask2FormerHead  

decode_head.pixel_decoder.encoder.layers.1.self_attn.output_proj.bias - torch.Size([256]): 
The value is the same before and after calling `init_weights` of EncoderDecoder  

decode_head.pixel_decoder.encoder.layers.1.ffn.layers.0.0.weight - torch.Size([1024, 256]): 
Initialized by user-defined `init_weights` in Mask2FormerHead  

decode_head.pixel_decoder.encoder.layers.1.ffn.layers.0.0.bias - torch.Size([1024]): 
The value is the same before and after calling `init_weights` of EncoderDecoder  

decode_head.pixel_decoder.encoder.layers.1.ffn.layers.1.weight - torch.Size([256, 1024]): 
Initialized by user-defined `init_weights` in Mask2FormerHead  

decode_head.pixel_decoder.encoder.layers.1.ffn.layers.1.bias - torch.Size([256]): 
The value is the same before and after calling `init_weights` of EncoderDecoder  

decode_head.pixel_decoder.encoder.layers.1.norms.0.weight - torch.Size([256]): 
The value is the same before and after calling `init_weights` of EncoderDecoder  

decode_head.pixel_decoder.encoder.layers.1.norms.0.bias - torch.Size([256]): 
The value is the same before and after calling `init_weights` of EncoderDecoder  

decode_head.pixel_decoder.encoder.layers.1.norms.1.weight - torch.Size([256]): 
The value is the same before and after calling `init_weights` of EncoderDecoder  

decode_head.pixel_decoder.encoder.layers.1.norms.1.bias - torch.Size([256]): 
The value is the same before and after calling `init_weights` of EncoderDecoder  

decode_head.pixel_decoder.encoder.layers.2.self_attn.sampling_offsets.weight - torch.Size([192, 256]): 
The value is the same before and after calling `init_weights` of EncoderDecoder  

decode_head.pixel_decoder.encoder.layers.2.self_attn.sampling_offsets.bias - torch.Size([192]): 
The value is the same before and after calling `init_weights` of EncoderDecoder  

decode_head.pixel_decoder.encoder.layers.2.self_attn.attention_weights.weight - torch.Size([96, 256]): 
The value is the same before and after calling `init_weights` of EncoderDecoder  

decode_head.pixel_decoder.encoder.layers.2.self_attn.attention_weights.bias - torch.Size([96]): 
The value is the same before and after calling `init_weights` of EncoderDecoder  

decode_head.pixel_decoder.encoder.layers.2.self_attn.value_proj.weight - torch.Size([256, 256]): 
Initialized by user-defined `init_weights` in Mask2FormerHead  

decode_head.pixel_decoder.encoder.layers.2.self_attn.value_proj.bias - torch.Size([256]): 
The value is the same before and after calling `init_weights` of EncoderDecoder  

decode_head.pixel_decoder.encoder.layers.2.self_attn.output_proj.weight - torch.Size([256, 256]): 
Initialized by user-defined `init_weights` in Mask2FormerHead  

decode_head.pixel_decoder.encoder.layers.2.self_attn.output_proj.bias - torch.Size([256]): 
The value is the same before and after calling `init_weights` of EncoderDecoder  

decode_head.pixel_decoder.encoder.layers.2.ffn.layers.0.0.weight - torch.Size([1024, 256]): 
Initialized by user-defined `init_weights` in Mask2FormerHead  

decode_head.pixel_decoder.encoder.layers.2.ffn.layers.0.0.bias - torch.Size([1024]): 
The value is the same before and after calling `init_weights` of EncoderDecoder  

decode_head.pixel_decoder.encoder.layers.2.ffn.layers.1.weight - torch.Size([256, 1024]): 
Initialized by user-defined `init_weights` in Mask2FormerHead  

decode_head.pixel_decoder.encoder.layers.2.ffn.layers.1.bias - torch.Size([256]): 
The value is the same before and after calling `init_weights` of EncoderDecoder  

decode_head.pixel_decoder.encoder.layers.2.norms.0.weight - torch.Size([256]): 
The value is the same before and after calling `init_weights` of EncoderDecoder  

decode_head.pixel_decoder.encoder.layers.2.norms.0.bias - torch.Size([256]): 
The value is the same before and after calling `init_weights` of EncoderDecoder  

decode_head.pixel_decoder.encoder.layers.2.norms.1.weight - torch.Size([256]): 
The value is the same before and after calling `init_weights` of EncoderDecoder  

decode_head.pixel_decoder.encoder.layers.2.norms.1.bias - torch.Size([256]): 
The value is the same before and after calling `init_weights` of EncoderDecoder  

decode_head.pixel_decoder.encoder.layers.3.self_attn.sampling_offsets.weight - torch.Size([192, 256]): 
The value is the same before and after calling `init_weights` of EncoderDecoder  

decode_head.pixel_decoder.encoder.layers.3.self_attn.sampling_offsets.bias - torch.Size([192]): 
The value is the same before and after calling `init_weights` of EncoderDecoder  

decode_head.pixel_decoder.encoder.layers.3.self_attn.attention_weights.weight - torch.Size([96, 256]): 
The value is the same before and after calling `init_weights` of EncoderDecoder  

decode_head.pixel_decoder.encoder.layers.3.self_attn.attention_weights.bias - torch.Size([96]): 
The value is the same before and after calling `init_weights` of EncoderDecoder  

decode_head.pixel_decoder.encoder.layers.3.self_attn.value_proj.weight - torch.Size([256, 256]): 
Initialized by user-defined `init_weights` in Mask2FormerHead  

decode_head.pixel_decoder.encoder.layers.3.self_attn.value_proj.bias - torch.Size([256]): 
The value is the same before and after calling `init_weights` of EncoderDecoder  

decode_head.pixel_decoder.encoder.layers.3.self_attn.output_proj.weight - torch.Size([256, 256]): 
Initialized by user-defined `init_weights` in Mask2FormerHead  

decode_head.pixel_decoder.encoder.layers.3.self_attn.output_proj.bias - torch.Size([256]): 
The value is the same before and after calling `init_weights` of EncoderDecoder  

decode_head.pixel_decoder.encoder.layers.3.ffn.layers.0.0.weight - torch.Size([1024, 256]): 
Initialized by user-defined `init_weights` in Mask2FormerHead  

decode_head.pixel_decoder.encoder.layers.3.ffn.layers.0.0.bias - torch.Size([1024]): 
The value is the same before and after calling `init_weights` of EncoderDecoder  

decode_head.pixel_decoder.encoder.layers.3.ffn.layers.1.weight - torch.Size([256, 1024]): 
Initialized by user-defined `init_weights` in Mask2FormerHead  

decode_head.pixel_decoder.encoder.layers.3.ffn.layers.1.bias - torch.Size([256]): 
The value is the same before and after calling `init_weights` of EncoderDecoder  

decode_head.pixel_decoder.encoder.layers.3.norms.0.weight - torch.Size([256]): 
The value is the same before and after calling `init_weights` of EncoderDecoder  

decode_head.pixel_decoder.encoder.layers.3.norms.0.bias - torch.Size([256]): 
The value is the same before and after calling `init_weights` of EncoderDecoder  

decode_head.pixel_decoder.encoder.layers.3.norms.1.weight - torch.Size([256]): 
The value is the same before and after calling `init_weights` of EncoderDecoder  

decode_head.pixel_decoder.encoder.layers.3.norms.1.bias - torch.Size([256]): 
The value is the same before and after calling `init_weights` of EncoderDecoder  

decode_head.pixel_decoder.encoder.layers.4.self_attn.sampling_offsets.weight - torch.Size([192, 256]): 
The value is the same before and after calling `init_weights` of EncoderDecoder  

decode_head.pixel_decoder.encoder.layers.4.self_attn.sampling_offsets.bias - torch.Size([192]): 
The value is the same before and after calling `init_weights` of EncoderDecoder  

decode_head.pixel_decoder.encoder.layers.4.self_attn.attention_weights.weight - torch.Size([96, 256]): 
The value is the same before and after calling `init_weights` of EncoderDecoder  

decode_head.pixel_decoder.encoder.layers.4.self_attn.attention_weights.bias - torch.Size([96]): 
The value is the same before and after calling `init_weights` of EncoderDecoder  

decode_head.pixel_decoder.encoder.layers.4.self_attn.value_proj.weight - torch.Size([256, 256]): 
Initialized by user-defined `init_weights` in Mask2FormerHead  

decode_head.pixel_decoder.encoder.layers.4.self_attn.value_proj.bias - torch.Size([256]): 
The value is the same before and after calling `init_weights` of EncoderDecoder  

decode_head.pixel_decoder.encoder.layers.4.self_attn.output_proj.weight - torch.Size([256, 256]): 
Initialized by user-defined `init_weights` in Mask2FormerHead  

decode_head.pixel_decoder.encoder.layers.4.self_attn.output_proj.bias - torch.Size([256]): 
The value is the same before and after calling `init_weights` of EncoderDecoder  

decode_head.pixel_decoder.encoder.layers.4.ffn.layers.0.0.weight - torch.Size([1024, 256]): 
Initialized by user-defined `init_weights` in Mask2FormerHead  

decode_head.pixel_decoder.encoder.layers.4.ffn.layers.0.0.bias - torch.Size([1024]): 
The value is the same before and after calling `init_weights` of EncoderDecoder  

decode_head.pixel_decoder.encoder.layers.4.ffn.layers.1.weight - torch.Size([256, 1024]): 
Initialized by user-defined `init_weights` in Mask2FormerHead  

decode_head.pixel_decoder.encoder.layers.4.ffn.layers.1.bias - torch.Size([256]): 
The value is the same before and after calling `init_weights` of EncoderDecoder  

decode_head.pixel_decoder.encoder.layers.4.norms.0.weight - torch.Size([256]): 
The value is the same before and after calling `init_weights` of EncoderDecoder  

decode_head.pixel_decoder.encoder.layers.4.norms.0.bias - torch.Size([256]): 
The value is the same before and after calling `init_weights` of EncoderDecoder  

decode_head.pixel_decoder.encoder.layers.4.norms.1.weight - torch.Size([256]): 
The value is the same before and after calling `init_weights` of EncoderDecoder  

decode_head.pixel_decoder.encoder.layers.4.norms.1.bias - torch.Size([256]): 
The value is the same before and after calling `init_weights` of EncoderDecoder  

decode_head.pixel_decoder.encoder.layers.5.self_attn.sampling_offsets.weight - torch.Size([192, 256]): 
The value is the same before and after calling `init_weights` of EncoderDecoder  

decode_head.pixel_decoder.encoder.layers.5.self_attn.sampling_offsets.bias - torch.Size([192]): 
The value is the same before and after calling `init_weights` of EncoderDecoder  

decode_head.pixel_decoder.encoder.layers.5.self_attn.attention_weights.weight - torch.Size([96, 256]): 
The value is the same before and after calling `init_weights` of EncoderDecoder  

decode_head.pixel_decoder.encoder.layers.5.self_attn.attention_weights.bias - torch.Size([96]): 
The value is the same before and after calling `init_weights` of EncoderDecoder  

decode_head.pixel_decoder.encoder.layers.5.self_attn.value_proj.weight - torch.Size([256, 256]): 
Initialized by user-defined `init_weights` in Mask2FormerHead  

decode_head.pixel_decoder.encoder.layers.5.self_attn.value_proj.bias - torch.Size([256]): 
The value is the same before and after calling `init_weights` of EncoderDecoder  

decode_head.pixel_decoder.encoder.layers.5.self_attn.output_proj.weight - torch.Size([256, 256]): 
Initialized by user-defined `init_weights` in Mask2FormerHead  

decode_head.pixel_decoder.encoder.layers.5.self_attn.output_proj.bias - torch.Size([256]): 
The value is the same before and after calling `init_weights` of EncoderDecoder  

decode_head.pixel_decoder.encoder.layers.5.ffn.layers.0.0.weight - torch.Size([1024, 256]): 
Initialized by user-defined `init_weights` in Mask2FormerHead  

decode_head.pixel_decoder.encoder.layers.5.ffn.layers.0.0.bias - torch.Size([1024]): 
The value is the same before and after calling `init_weights` of EncoderDecoder  

decode_head.pixel_decoder.encoder.layers.5.ffn.layers.1.weight - torch.Size([256, 1024]): 
Initialized by user-defined `init_weights` in Mask2FormerHead  

decode_head.pixel_decoder.encoder.layers.5.ffn.layers.1.bias - torch.Size([256]): 
The value is the same before and after calling `init_weights` of EncoderDecoder  

decode_head.pixel_decoder.encoder.layers.5.norms.0.weight - torch.Size([256]): 
The value is the same before and after calling `init_weights` of EncoderDecoder  

decode_head.pixel_decoder.encoder.layers.5.norms.0.bias - torch.Size([256]): 
The value is the same before and after calling `init_weights` of EncoderDecoder  

decode_head.pixel_decoder.encoder.layers.5.norms.1.weight - torch.Size([256]): 
The value is the same before and after calling `init_weights` of EncoderDecoder  

decode_head.pixel_decoder.encoder.layers.5.norms.1.bias - torch.Size([256]): 
The value is the same before and after calling `init_weights` of EncoderDecoder  

decode_head.pixel_decoder.level_encoding.weight - torch.Size([3, 256]): 
Initialized by user-defined `init_weights` in Mask2FormerHead  

decode_head.pixel_decoder.lateral_convs.0.conv.weight - torch.Size([256, 76, 1, 1]): 
Initialized by user-defined `init_weights` in Mask2FormerHead  

decode_head.pixel_decoder.lateral_convs.0.gn.weight - torch.Size([256]): 
The value is the same before and after calling `init_weights` of EncoderDecoder  

decode_head.pixel_decoder.lateral_convs.0.gn.bias - torch.Size([256]): 
The value is the same before and after calling `init_weights` of EncoderDecoder  

decode_head.pixel_decoder.output_convs.0.conv.weight - torch.Size([256, 256, 3, 3]): 
Initialized by user-defined `init_weights` in Mask2FormerHead  

decode_head.pixel_decoder.output_convs.0.gn.weight - torch.Size([256]): 
The value is the same before and after calling `init_weights` of EncoderDecoder  

decode_head.pixel_decoder.output_convs.0.gn.bias - torch.Size([256]): 
The value is the same before and after calling `init_weights` of EncoderDecoder  

decode_head.pixel_decoder.mask_feature.weight - torch.Size([256, 256, 1, 1]): 
Initialized by user-defined `init_weights` in Mask2FormerHead  

decode_head.pixel_decoder.mask_feature.bias - torch.Size([256]): 
Initialized by user-defined `init_weights` in Mask2FormerHead  

decode_head.transformer_decoder.layers.0.self_attn.attn.in_proj_weight - torch.Size([768, 256]): 
Initialized by user-defined `init_weights` in Mask2FormerHead  

decode_head.transformer_decoder.layers.0.self_attn.attn.in_proj_bias - torch.Size([768]): 
The value is the same before and after calling `init_weights` of EncoderDecoder  

decode_head.transformer_decoder.layers.0.self_attn.attn.out_proj.weight - torch.Size([256, 256]): 
Initialized by user-defined `init_weights` in Mask2FormerHead  

decode_head.transformer_decoder.layers.0.self_attn.attn.out_proj.bias - torch.Size([256]): 
The value is the same before and after calling `init_weights` of EncoderDecoder  

decode_head.transformer_decoder.layers.0.cross_attn.attn.in_proj_weight - torch.Size([768, 256]): 
Initialized by user-defined `init_weights` in Mask2FormerHead  

decode_head.transformer_decoder.layers.0.cross_attn.attn.in_proj_bias - torch.Size([768]): 
The value is the same before and after calling `init_weights` of EncoderDecoder  

decode_head.transformer_decoder.layers.0.cross_attn.attn.out_proj.weight - torch.Size([256, 256]): 
Initialized by user-defined `init_weights` in Mask2FormerHead  

decode_head.transformer_decoder.layers.0.cross_attn.attn.out_proj.bias - torch.Size([256]): 
The value is the same before and after calling `init_weights` of EncoderDecoder  

decode_head.transformer_decoder.layers.0.ffn.layers.0.0.weight - torch.Size([2048, 256]): 
Initialized by user-defined `init_weights` in Mask2FormerHead  

decode_head.transformer_decoder.layers.0.ffn.layers.0.0.bias - torch.Size([2048]): 
The value is the same before and after calling `init_weights` of EncoderDecoder  

decode_head.transformer_decoder.layers.0.ffn.layers.1.weight - torch.Size([256, 2048]): 
Initialized by user-defined `init_weights` in Mask2FormerHead  

decode_head.transformer_decoder.layers.0.ffn.layers.1.bias - torch.Size([256]): 
The value is the same before and after calling `init_weights` of EncoderDecoder  

decode_head.transformer_decoder.layers.0.norms.0.weight - torch.Size([256]): 
The value is the same before and after calling `init_weights` of EncoderDecoder  

decode_head.transformer_decoder.layers.0.norms.0.bias - torch.Size([256]): 
The value is the same before and after calling `init_weights` of EncoderDecoder  

decode_head.transformer_decoder.layers.0.norms.1.weight - torch.Size([256]): 
The value is the same before and after calling `init_weights` of EncoderDecoder  

decode_head.transformer_decoder.layers.0.norms.1.bias - torch.Size([256]): 
The value is the same before and after calling `init_weights` of EncoderDecoder  

decode_head.transformer_decoder.layers.0.norms.2.weight - torch.Size([256]): 
The value is the same before and after calling `init_weights` of EncoderDecoder  

decode_head.transformer_decoder.layers.0.norms.2.bias - torch.Size([256]): 
The value is the same before and after calling `init_weights` of EncoderDecoder  

decode_head.transformer_decoder.layers.1.self_attn.attn.in_proj_weight - torch.Size([768, 256]): 
Initialized by user-defined `init_weights` in Mask2FormerHead  

decode_head.transformer_decoder.layers.1.self_attn.attn.in_proj_bias - torch.Size([768]): 
The value is the same before and after calling `init_weights` of EncoderDecoder  

decode_head.transformer_decoder.layers.1.self_attn.attn.out_proj.weight - torch.Size([256, 256]): 
Initialized by user-defined `init_weights` in Mask2FormerHead  

decode_head.transformer_decoder.layers.1.self_attn.attn.out_proj.bias - torch.Size([256]): 
The value is the same before and after calling `init_weights` of EncoderDecoder  

decode_head.transformer_decoder.layers.1.cross_attn.attn.in_proj_weight - torch.Size([768, 256]): 
Initialized by user-defined `init_weights` in Mask2FormerHead  

decode_head.transformer_decoder.layers.1.cross_attn.attn.in_proj_bias - torch.Size([768]): 
The value is the same before and after calling `init_weights` of EncoderDecoder  

decode_head.transformer_decoder.layers.1.cross_attn.attn.out_proj.weight - torch.Size([256, 256]): 
Initialized by user-defined `init_weights` in Mask2FormerHead  

decode_head.transformer_decoder.layers.1.cross_attn.attn.out_proj.bias - torch.Size([256]): 
The value is the same before and after calling `init_weights` of EncoderDecoder  

decode_head.transformer_decoder.layers.1.ffn.layers.0.0.weight - torch.Size([2048, 256]): 
Initialized by user-defined `init_weights` in Mask2FormerHead  

decode_head.transformer_decoder.layers.1.ffn.layers.0.0.bias - torch.Size([2048]): 
The value is the same before and after calling `init_weights` of EncoderDecoder  

decode_head.transformer_decoder.layers.1.ffn.layers.1.weight - torch.Size([256, 2048]): 
Initialized by user-defined `init_weights` in Mask2FormerHead  

decode_head.transformer_decoder.layers.1.ffn.layers.1.bias - torch.Size([256]): 
The value is the same before and after calling `init_weights` of EncoderDecoder  

decode_head.transformer_decoder.layers.1.norms.0.weight - torch.Size([256]): 
The value is the same before and after calling `init_weights` of EncoderDecoder  

decode_head.transformer_decoder.layers.1.norms.0.bias - torch.Size([256]): 
The value is the same before and after calling `init_weights` of EncoderDecoder  

decode_head.transformer_decoder.layers.1.norms.1.weight - torch.Size([256]): 
The value is the same before and after calling `init_weights` of EncoderDecoder  

decode_head.transformer_decoder.layers.1.norms.1.bias - torch.Size([256]): 
The value is the same before and after calling `init_weights` of EncoderDecoder  

decode_head.transformer_decoder.layers.1.norms.2.weight - torch.Size([256]): 
The value is the same before and after calling `init_weights` of EncoderDecoder  

decode_head.transformer_decoder.layers.1.norms.2.bias - torch.Size([256]): 
The value is the same before and after calling `init_weights` of EncoderDecoder  

decode_head.transformer_decoder.layers.2.self_attn.attn.in_proj_weight - torch.Size([768, 256]): 
Initialized by user-defined `init_weights` in Mask2FormerHead  

decode_head.transformer_decoder.layers.2.self_attn.attn.in_proj_bias - torch.Size([768]): 
The value is the same before and after calling `init_weights` of EncoderDecoder  

decode_head.transformer_decoder.layers.2.self_attn.attn.out_proj.weight - torch.Size([256, 256]): 
Initialized by user-defined `init_weights` in Mask2FormerHead  

decode_head.transformer_decoder.layers.2.self_attn.attn.out_proj.bias - torch.Size([256]): 
The value is the same before and after calling `init_weights` of EncoderDecoder  

decode_head.transformer_decoder.layers.2.cross_attn.attn.in_proj_weight - torch.Size([768, 256]): 
Initialized by user-defined `init_weights` in Mask2FormerHead  

decode_head.transformer_decoder.layers.2.cross_attn.attn.in_proj_bias - torch.Size([768]): 
The value is the same before and after calling `init_weights` of EncoderDecoder  

decode_head.transformer_decoder.layers.2.cross_attn.attn.out_proj.weight - torch.Size([256, 256]): 
Initialized by user-defined `init_weights` in Mask2FormerHead  

decode_head.transformer_decoder.layers.2.cross_attn.attn.out_proj.bias - torch.Size([256]): 
The value is the same before and after calling `init_weights` of EncoderDecoder  

decode_head.transformer_decoder.layers.2.ffn.layers.0.0.weight - torch.Size([2048, 256]): 
Initialized by user-defined `init_weights` in Mask2FormerHead  

decode_head.transformer_decoder.layers.2.ffn.layers.0.0.bias - torch.Size([2048]): 
The value is the same before and after calling `init_weights` of EncoderDecoder  

decode_head.transformer_decoder.layers.2.ffn.layers.1.weight - torch.Size([256, 2048]): 
Initialized by user-defined `init_weights` in Mask2FormerHead  

decode_head.transformer_decoder.layers.2.ffn.layers.1.bias - torch.Size([256]): 
The value is the same before and after calling `init_weights` of EncoderDecoder  

decode_head.transformer_decoder.layers.2.norms.0.weight - torch.Size([256]): 
The value is the same before and after calling `init_weights` of EncoderDecoder  

decode_head.transformer_decoder.layers.2.norms.0.bias - torch.Size([256]): 
The value is the same before and after calling `init_weights` of EncoderDecoder  

decode_head.transformer_decoder.layers.2.norms.1.weight - torch.Size([256]): 
The value is the same before and after calling `init_weights` of EncoderDecoder  

decode_head.transformer_decoder.layers.2.norms.1.bias - torch.Size([256]): 
The value is the same before and after calling `init_weights` of EncoderDecoder  

decode_head.transformer_decoder.layers.2.norms.2.weight - torch.Size([256]): 
The value is the same before and after calling `init_weights` of EncoderDecoder  

decode_head.transformer_decoder.layers.2.norms.2.bias - torch.Size([256]): 
The value is the same before and after calling `init_weights` of EncoderDecoder  

decode_head.transformer_decoder.layers.3.self_attn.attn.in_proj_weight - torch.Size([768, 256]): 
Initialized by user-defined `init_weights` in Mask2FormerHead  

decode_head.transformer_decoder.layers.3.self_attn.attn.in_proj_bias - torch.Size([768]): 
The value is the same before and after calling `init_weights` of EncoderDecoder  

decode_head.transformer_decoder.layers.3.self_attn.attn.out_proj.weight - torch.Size([256, 256]): 
Initialized by user-defined `init_weights` in Mask2FormerHead  

decode_head.transformer_decoder.layers.3.self_attn.attn.out_proj.bias - torch.Size([256]): 
The value is the same before and after calling `init_weights` of EncoderDecoder  

decode_head.transformer_decoder.layers.3.cross_attn.attn.in_proj_weight - torch.Size([768, 256]): 
Initialized by user-defined `init_weights` in Mask2FormerHead  

decode_head.transformer_decoder.layers.3.cross_attn.attn.in_proj_bias - torch.Size([768]): 
The value is the same before and after calling `init_weights` of EncoderDecoder  

decode_head.transformer_decoder.layers.3.cross_attn.attn.out_proj.weight - torch.Size([256, 256]): 
Initialized by user-defined `init_weights` in Mask2FormerHead  

decode_head.transformer_decoder.layers.3.cross_attn.attn.out_proj.bias - torch.Size([256]): 
The value is the same before and after calling `init_weights` of EncoderDecoder  

decode_head.transformer_decoder.layers.3.ffn.layers.0.0.weight - torch.Size([2048, 256]): 
Initialized by user-defined `init_weights` in Mask2FormerHead  

decode_head.transformer_decoder.layers.3.ffn.layers.0.0.bias - torch.Size([2048]): 
The value is the same before and after calling `init_weights` of EncoderDecoder  

decode_head.transformer_decoder.layers.3.ffn.layers.1.weight - torch.Size([256, 2048]): 
Initialized by user-defined `init_weights` in Mask2FormerHead  

decode_head.transformer_decoder.layers.3.ffn.layers.1.bias - torch.Size([256]): 
The value is the same before and after calling `init_weights` of EncoderDecoder  

decode_head.transformer_decoder.layers.3.norms.0.weight - torch.Size([256]): 
The value is the same before and after calling `init_weights` of EncoderDecoder  

decode_head.transformer_decoder.layers.3.norms.0.bias - torch.Size([256]): 
The value is the same before and after calling `init_weights` of EncoderDecoder  

decode_head.transformer_decoder.layers.3.norms.1.weight - torch.Size([256]): 
The value is the same before and after calling `init_weights` of EncoderDecoder  

decode_head.transformer_decoder.layers.3.norms.1.bias - torch.Size([256]): 
The value is the same before and after calling `init_weights` of EncoderDecoder  

decode_head.transformer_decoder.layers.3.norms.2.weight - torch.Size([256]): 
The value is the same before and after calling `init_weights` of EncoderDecoder  

decode_head.transformer_decoder.layers.3.norms.2.bias - torch.Size([256]): 
The value is the same before and after calling `init_weights` of EncoderDecoder  

decode_head.transformer_decoder.layers.4.self_attn.attn.in_proj_weight - torch.Size([768, 256]): 
Initialized by user-defined `init_weights` in Mask2FormerHead  

decode_head.transformer_decoder.layers.4.self_attn.attn.in_proj_bias - torch.Size([768]): 
The value is the same before and after calling `init_weights` of EncoderDecoder  

decode_head.transformer_decoder.layers.4.self_attn.attn.out_proj.weight - torch.Size([256, 256]): 
Initialized by user-defined `init_weights` in Mask2FormerHead  

decode_head.transformer_decoder.layers.4.self_attn.attn.out_proj.bias - torch.Size([256]): 
The value is the same before and after calling `init_weights` of EncoderDecoder  

decode_head.transformer_decoder.layers.4.cross_attn.attn.in_proj_weight - torch.Size([768, 256]): 
Initialized by user-defined `init_weights` in Mask2FormerHead  

decode_head.transformer_decoder.layers.4.cross_attn.attn.in_proj_bias - torch.Size([768]): 
The value is the same before and after calling `init_weights` of EncoderDecoder  

decode_head.transformer_decoder.layers.4.cross_attn.attn.out_proj.weight - torch.Size([256, 256]): 
Initialized by user-defined `init_weights` in Mask2FormerHead  

decode_head.transformer_decoder.layers.4.cross_attn.attn.out_proj.bias - torch.Size([256]): 
The value is the same before and after calling `init_weights` of EncoderDecoder  

decode_head.transformer_decoder.layers.4.ffn.layers.0.0.weight - torch.Size([2048, 256]): 
Initialized by user-defined `init_weights` in Mask2FormerHead  

decode_head.transformer_decoder.layers.4.ffn.layers.0.0.bias - torch.Size([2048]): 
The value is the same before and after calling `init_weights` of EncoderDecoder  

decode_head.transformer_decoder.layers.4.ffn.layers.1.weight - torch.Size([256, 2048]): 
Initialized by user-defined `init_weights` in Mask2FormerHead  

decode_head.transformer_decoder.layers.4.ffn.layers.1.bias - torch.Size([256]): 
The value is the same before and after calling `init_weights` of EncoderDecoder  

decode_head.transformer_decoder.layers.4.norms.0.weight - torch.Size([256]): 
The value is the same before and after calling `init_weights` of EncoderDecoder  

decode_head.transformer_decoder.layers.4.norms.0.bias - torch.Size([256]): 
The value is the same before and after calling `init_weights` of EncoderDecoder  

decode_head.transformer_decoder.layers.4.norms.1.weight - torch.Size([256]): 
The value is the same before and after calling `init_weights` of EncoderDecoder  

decode_head.transformer_decoder.layers.4.norms.1.bias - torch.Size([256]): 
The value is the same before and after calling `init_weights` of EncoderDecoder  

decode_head.transformer_decoder.layers.4.norms.2.weight - torch.Size([256]): 
The value is the same before and after calling `init_weights` of EncoderDecoder  

decode_head.transformer_decoder.layers.4.norms.2.bias - torch.Size([256]): 
The value is the same before and after calling `init_weights` of EncoderDecoder  

decode_head.transformer_decoder.layers.5.self_attn.attn.in_proj_weight - torch.Size([768, 256]): 
Initialized by user-defined `init_weights` in Mask2FormerHead  

decode_head.transformer_decoder.layers.5.self_attn.attn.in_proj_bias - torch.Size([768]): 
The value is the same before and after calling `init_weights` of EncoderDecoder  

decode_head.transformer_decoder.layers.5.self_attn.attn.out_proj.weight - torch.Size([256, 256]): 
Initialized by user-defined `init_weights` in Mask2FormerHead  

decode_head.transformer_decoder.layers.5.self_attn.attn.out_proj.bias - torch.Size([256]): 
The value is the same before and after calling `init_weights` of EncoderDecoder  

decode_head.transformer_decoder.layers.5.cross_attn.attn.in_proj_weight - torch.Size([768, 256]): 
Initialized by user-defined `init_weights` in Mask2FormerHead  

decode_head.transformer_decoder.layers.5.cross_attn.attn.in_proj_bias - torch.Size([768]): 
The value is the same before and after calling `init_weights` of EncoderDecoder  

decode_head.transformer_decoder.layers.5.cross_attn.attn.out_proj.weight - torch.Size([256, 256]): 
Initialized by user-defined `init_weights` in Mask2FormerHead  

decode_head.transformer_decoder.layers.5.cross_attn.attn.out_proj.bias - torch.Size([256]): 
The value is the same before and after calling `init_weights` of EncoderDecoder  

decode_head.transformer_decoder.layers.5.ffn.layers.0.0.weight - torch.Size([2048, 256]): 
Initialized by user-defined `init_weights` in Mask2FormerHead  

decode_head.transformer_decoder.layers.5.ffn.layers.0.0.bias - torch.Size([2048]): 
The value is the same before and after calling `init_weights` of EncoderDecoder  

decode_head.transformer_decoder.layers.5.ffn.layers.1.weight - torch.Size([256, 2048]): 
Initialized by user-defined `init_weights` in Mask2FormerHead  

decode_head.transformer_decoder.layers.5.ffn.layers.1.bias - torch.Size([256]): 
The value is the same before and after calling `init_weights` of EncoderDecoder  

decode_head.transformer_decoder.layers.5.norms.0.weight - torch.Size([256]): 
The value is the same before and after calling `init_weights` of EncoderDecoder  

decode_head.transformer_decoder.layers.5.norms.0.bias - torch.Size([256]): 
The value is the same before and after calling `init_weights` of EncoderDecoder  

decode_head.transformer_decoder.layers.5.norms.1.weight - torch.Size([256]): 
The value is the same before and after calling `init_weights` of EncoderDecoder  

decode_head.transformer_decoder.layers.5.norms.1.bias - torch.Size([256]): 
The value is the same before and after calling `init_weights` of EncoderDecoder  

decode_head.transformer_decoder.layers.5.norms.2.weight - torch.Size([256]): 
The value is the same before and after calling `init_weights` of EncoderDecoder  

decode_head.transformer_decoder.layers.5.norms.2.bias - torch.Size([256]): 
The value is the same before and after calling `init_weights` of EncoderDecoder  

decode_head.transformer_decoder.layers.6.self_attn.attn.in_proj_weight - torch.Size([768, 256]): 
Initialized by user-defined `init_weights` in Mask2FormerHead  

decode_head.transformer_decoder.layers.6.self_attn.attn.in_proj_bias - torch.Size([768]): 
The value is the same before and after calling `init_weights` of EncoderDecoder  

decode_head.transformer_decoder.layers.6.self_attn.attn.out_proj.weight - torch.Size([256, 256]): 
Initialized by user-defined `init_weights` in Mask2FormerHead  

decode_head.transformer_decoder.layers.6.self_attn.attn.out_proj.bias - torch.Size([256]): 
The value is the same before and after calling `init_weights` of EncoderDecoder  

decode_head.transformer_decoder.layers.6.cross_attn.attn.in_proj_weight - torch.Size([768, 256]): 
Initialized by user-defined `init_weights` in Mask2FormerHead  

decode_head.transformer_decoder.layers.6.cross_attn.attn.in_proj_bias - torch.Size([768]): 
The value is the same before and after calling `init_weights` of EncoderDecoder  

decode_head.transformer_decoder.layers.6.cross_attn.attn.out_proj.weight - torch.Size([256, 256]): 
Initialized by user-defined `init_weights` in Mask2FormerHead  

decode_head.transformer_decoder.layers.6.cross_attn.attn.out_proj.bias - torch.Size([256]): 
The value is the same before and after calling `init_weights` of EncoderDecoder  

decode_head.transformer_decoder.layers.6.ffn.layers.0.0.weight - torch.Size([2048, 256]): 
Initialized by user-defined `init_weights` in Mask2FormerHead  

decode_head.transformer_decoder.layers.6.ffn.layers.0.0.bias - torch.Size([2048]): 
The value is the same before and after calling `init_weights` of EncoderDecoder  

decode_head.transformer_decoder.layers.6.ffn.layers.1.weight - torch.Size([256, 2048]): 
Initialized by user-defined `init_weights` in Mask2FormerHead  

decode_head.transformer_decoder.layers.6.ffn.layers.1.bias - torch.Size([256]): 
The value is the same before and after calling `init_weights` of EncoderDecoder  

decode_head.transformer_decoder.layers.6.norms.0.weight - torch.Size([256]): 
The value is the same before and after calling `init_weights` of EncoderDecoder  

decode_head.transformer_decoder.layers.6.norms.0.bias - torch.Size([256]): 
The value is the same before and after calling `init_weights` of EncoderDecoder  

decode_head.transformer_decoder.layers.6.norms.1.weight - torch.Size([256]): 
The value is the same before and after calling `init_weights` of EncoderDecoder  

decode_head.transformer_decoder.layers.6.norms.1.bias - torch.Size([256]): 
The value is the same before and after calling `init_weights` of EncoderDecoder  

decode_head.transformer_decoder.layers.6.norms.2.weight - torch.Size([256]): 
The value is the same before and after calling `init_weights` of EncoderDecoder  

decode_head.transformer_decoder.layers.6.norms.2.bias - torch.Size([256]): 
The value is the same before and after calling `init_weights` of EncoderDecoder  

decode_head.transformer_decoder.layers.7.self_attn.attn.in_proj_weight - torch.Size([768, 256]): 
Initialized by user-defined `init_weights` in Mask2FormerHead  

decode_head.transformer_decoder.layers.7.self_attn.attn.in_proj_bias - torch.Size([768]): 
The value is the same before and after calling `init_weights` of EncoderDecoder  

decode_head.transformer_decoder.layers.7.self_attn.attn.out_proj.weight - torch.Size([256, 256]): 
Initialized by user-defined `init_weights` in Mask2FormerHead  

decode_head.transformer_decoder.layers.7.self_attn.attn.out_proj.bias - torch.Size([256]): 
The value is the same before and after calling `init_weights` of EncoderDecoder  

decode_head.transformer_decoder.layers.7.cross_attn.attn.in_proj_weight - torch.Size([768, 256]): 
Initialized by user-defined `init_weights` in Mask2FormerHead  

decode_head.transformer_decoder.layers.7.cross_attn.attn.in_proj_bias - torch.Size([768]): 
The value is the same before and after calling `init_weights` of EncoderDecoder  

decode_head.transformer_decoder.layers.7.cross_attn.attn.out_proj.weight - torch.Size([256, 256]): 
Initialized by user-defined `init_weights` in Mask2FormerHead  

decode_head.transformer_decoder.layers.7.cross_attn.attn.out_proj.bias - torch.Size([256]): 
The value is the same before and after calling `init_weights` of EncoderDecoder  

decode_head.transformer_decoder.layers.7.ffn.layers.0.0.weight - torch.Size([2048, 256]): 
Initialized by user-defined `init_weights` in Mask2FormerHead  

decode_head.transformer_decoder.layers.7.ffn.layers.0.0.bias - torch.Size([2048]): 
The value is the same before and after calling `init_weights` of EncoderDecoder  

decode_head.transformer_decoder.layers.7.ffn.layers.1.weight - torch.Size([256, 2048]): 
Initialized by user-defined `init_weights` in Mask2FormerHead  

decode_head.transformer_decoder.layers.7.ffn.layers.1.bias - torch.Size([256]): 
The value is the same before and after calling `init_weights` of EncoderDecoder  

decode_head.transformer_decoder.layers.7.norms.0.weight - torch.Size([256]): 
The value is the same before and after calling `init_weights` of EncoderDecoder  

decode_head.transformer_decoder.layers.7.norms.0.bias - torch.Size([256]): 
The value is the same before and after calling `init_weights` of EncoderDecoder  

decode_head.transformer_decoder.layers.7.norms.1.weight - torch.Size([256]): 
The value is the same before and after calling `init_weights` of EncoderDecoder  

decode_head.transformer_decoder.layers.7.norms.1.bias - torch.Size([256]): 
The value is the same before and after calling `init_weights` of EncoderDecoder  

decode_head.transformer_decoder.layers.7.norms.2.weight - torch.Size([256]): 
The value is the same before and after calling `init_weights` of EncoderDecoder  

decode_head.transformer_decoder.layers.7.norms.2.bias - torch.Size([256]): 
The value is the same before and after calling `init_weights` of EncoderDecoder  

decode_head.transformer_decoder.layers.8.self_attn.attn.in_proj_weight - torch.Size([768, 256]): 
Initialized by user-defined `init_weights` in Mask2FormerHead  

decode_head.transformer_decoder.layers.8.self_attn.attn.in_proj_bias - torch.Size([768]): 
The value is the same before and after calling `init_weights` of EncoderDecoder  

decode_head.transformer_decoder.layers.8.self_attn.attn.out_proj.weight - torch.Size([256, 256]): 
Initialized by user-defined `init_weights` in Mask2FormerHead  

decode_head.transformer_decoder.layers.8.self_attn.attn.out_proj.bias - torch.Size([256]): 
The value is the same before and after calling `init_weights` of EncoderDecoder  

decode_head.transformer_decoder.layers.8.cross_attn.attn.in_proj_weight - torch.Size([768, 256]): 
Initialized by user-defined `init_weights` in Mask2FormerHead  

decode_head.transformer_decoder.layers.8.cross_attn.attn.in_proj_bias - torch.Size([768]): 
The value is the same before and after calling `init_weights` of EncoderDecoder  

decode_head.transformer_decoder.layers.8.cross_attn.attn.out_proj.weight - torch.Size([256, 256]): 
Initialized by user-defined `init_weights` in Mask2FormerHead  

decode_head.transformer_decoder.layers.8.cross_attn.attn.out_proj.bias - torch.Size([256]): 
The value is the same before and after calling `init_weights` of EncoderDecoder  

decode_head.transformer_decoder.layers.8.ffn.layers.0.0.weight - torch.Size([2048, 256]): 
Initialized by user-defined `init_weights` in Mask2FormerHead  

decode_head.transformer_decoder.layers.8.ffn.layers.0.0.bias - torch.Size([2048]): 
The value is the same before and after calling `init_weights` of EncoderDecoder  

decode_head.transformer_decoder.layers.8.ffn.layers.1.weight - torch.Size([256, 2048]): 
Initialized by user-defined `init_weights` in Mask2FormerHead  

decode_head.transformer_decoder.layers.8.ffn.layers.1.bias - torch.Size([256]): 
The value is the same before and after calling `init_weights` of EncoderDecoder  

decode_head.transformer_decoder.layers.8.norms.0.weight - torch.Size([256]): 
The value is the same before and after calling `init_weights` of EncoderDecoder  

decode_head.transformer_decoder.layers.8.norms.0.bias - torch.Size([256]): 
The value is the same before and after calling `init_weights` of EncoderDecoder  

decode_head.transformer_decoder.layers.8.norms.1.weight - torch.Size([256]): 
The value is the same before and after calling `init_weights` of EncoderDecoder  

decode_head.transformer_decoder.layers.8.norms.1.bias - torch.Size([256]): 
The value is the same before and after calling `init_weights` of EncoderDecoder  

decode_head.transformer_decoder.layers.8.norms.2.weight - torch.Size([256]): 
The value is the same before and after calling `init_weights` of EncoderDecoder  

decode_head.transformer_decoder.layers.8.norms.2.bias - torch.Size([256]): 
The value is the same before and after calling `init_weights` of EncoderDecoder  

decode_head.transformer_decoder.post_norm.weight - torch.Size([256]): 
The value is the same before and after calling `init_weights` of EncoderDecoder  

decode_head.transformer_decoder.post_norm.bias - torch.Size([256]): 
The value is the same before and after calling `init_weights` of EncoderDecoder  

decode_head.query_embed.weight - torch.Size([100, 256]): 
The value is the same before and after calling `init_weights` of EncoderDecoder  

decode_head.query_feat.weight - torch.Size([100, 256]): 
The value is the same before and after calling `init_weights` of EncoderDecoder  

decode_head.level_embed.weight - torch.Size([3, 256]): 
The value is the same before and after calling `init_weights` of EncoderDecoder  

decode_head.cls_embed.weight - torch.Size([3, 256]): 
The value is the same before and after calling `init_weights` of EncoderDecoder  

decode_head.cls_embed.bias - torch.Size([3]): 
The value is the same before and after calling `init_weights` of EncoderDecoder  

decode_head.mask_embed.0.weight - torch.Size([256, 256]): 
The value is the same before and after calling `init_weights` of EncoderDecoder  

decode_head.mask_embed.0.bias - torch.Size([256]): 
The value is the same before and after calling `init_weights` of EncoderDecoder  

decode_head.mask_embed.2.weight - torch.Size([256, 256]): 
The value is the same before and after calling `init_weights` of EncoderDecoder  

decode_head.mask_embed.2.bias - torch.Size([256]): 
The value is the same before and after calling `init_weights` of EncoderDecoder  

decode_head.mask_embed.4.weight - torch.Size([256, 256]): 
The value is the same before and after calling `init_weights` of EncoderDecoder  

decode_head.mask_embed.4.bias - torch.Size([256]): 
The value is the same before and after calling `init_weights` of EncoderDecoder  
2025/02/27 12:01:33 - mmengine - INFO - Load checkpoint from G:\experiments\mmsegmentation\work_dirs\mask2former_swin-t_8xb2-160k_ade20k-512x512_fastvit_23_25\best_mIoU_iter_4000.pth
2025/02/27 12:01:33 - mmengine - WARNING - "FileClient" will be deprecated in future. Please use io functions in https://mmengine.readthedocs.io/en/latest/api/fileio.html#file-io
2025/02/27 12:01:33 - mmengine - WARNING - "HardDiskBackend" is the alias of "LocalBackend" and the former will be deprecated in future.
2025/02/27 12:01:33 - mmengine - INFO - Checkpoints will be saved to G:\experiments\mmsegmentation\work_dirs\mask2former_swin-t_8xb2-160k_ade20k-512x512fast_all_data.
2025/02/27 12:02:40 - mmengine - INFO - Iter(train) [    50/160000]  base_lr: 9.9972e-05 lr: 9.9972e-06  eta: 2 days, 11:48:17  time: 1.0132  data_time: 0.0163  memory: 18995  grad_norm: 526.4471  loss: 17.1659  decode.loss_cls: 0.0816  decode.loss_mask: 0.6136  decode.loss_dice: 1.0189  decode.d0.loss_cls: 0.1059  decode.d0.loss_mask: 0.6094  decode.d0.loss_dice: 1.0214  decode.d1.loss_cls: 0.0658  decode.d1.loss_mask: 0.6350  decode.d1.loss_dice: 1.0147  decode.d2.loss_cls: 0.0875  decode.d2.loss_mask: 0.6273  decode.d2.loss_dice: 0.9980  decode.d3.loss_cls: 0.0784  decode.d3.loss_mask: 0.6219  decode.d3.loss_dice: 1.0118  decode.d4.loss_cls: 0.0865  decode.d4.loss_mask: 0.6146  decode.d4.loss_dice: 1.0087  decode.d5.loss_cls: 0.0889  decode.d5.loss_mask: 0.6234  decode.d5.loss_dice: 1.0049  decode.d6.loss_cls: 0.0737  decode.d6.loss_mask: 0.6141  decode.d6.loss_dice: 1.0259  decode.d7.loss_cls: 0.0108  decode.d7.loss_mask: 0.6346  decode.d7.loss_dice: 1.0790  decode.d8.loss_cls: 0.0116  decode.d8.loss_mask: 0.6242  decode.d8.loss_dice: 1.0738
2025/02/27 12:03:30 - mmengine - INFO - Iter(train) [   100/160000]  base_lr: 9.9944e-05 lr: 9.9944e-06  eta: 2 days, 4:17:18  time: 1.0201  data_time: 0.0183  memory: 16120  grad_norm: 1095.3144  loss: 17.3133  decode.loss_cls: 0.0090  decode.loss_mask: 0.7605  decode.loss_dice: 0.9640  decode.d0.loss_cls: 0.0620  decode.d0.loss_mask: 0.7329  decode.d0.loss_dice: 0.9819  decode.d1.loss_cls: 0.0082  decode.d1.loss_mask: 0.7327  decode.d1.loss_dice: 0.9730  decode.d2.loss_cls: 0.0084  decode.d2.loss_mask: 0.7333  decode.d2.loss_dice: 0.9875  decode.d3.loss_cls: 0.0078  decode.d3.loss_mask: 0.7406  decode.d3.loss_dice: 0.9589  decode.d4.loss_cls: 0.0077  decode.d4.loss_mask: 0.7504  decode.d4.loss_dice: 0.9685  decode.d5.loss_cls: 0.0091  decode.d5.loss_mask: 0.7412  decode.d5.loss_dice: 0.9710  decode.d6.loss_cls: 0.0075  decode.d6.loss_mask: 0.7566  decode.d6.loss_dice: 0.9814  decode.d7.loss_cls: 0.0078  decode.d7.loss_mask: 0.7627  decode.d7.loss_dice: 0.9648  decode.d8.loss_cls: 0.0072  decode.d8.loss_mask: 0.7486  decode.d8.loss_dice: 0.9681
2025/02/27 12:04:21 - mmengine - INFO - Iter(train) [   150/160000]  base_lr: 9.9916e-05 lr: 9.9916e-06  eta: 2 days, 1:48:53  time: 1.0111  data_time: 0.0183  memory: 16120  grad_norm: 401.8750  loss: 15.9339  decode.loss_cls: 0.0159  decode.loss_mask: 0.8518  decode.loss_dice: 0.7195  decode.d0.loss_cls: 0.0574  decode.d0.loss_mask: 0.8544  decode.d0.loss_dice: 0.7162  decode.d1.loss_cls: 0.0164  decode.d1.loss_mask: 0.8533  decode.d1.loss_dice: 0.7167  decode.d2.loss_cls: 0.0195  decode.d2.loss_mask: 0.8426  decode.d2.loss_dice: 0.7148  decode.d3.loss_cls: 0.0227  decode.d3.loss_mask: 0.8562  decode.d3.loss_dice: 0.7120  decode.d4.loss_cls: 0.0203  decode.d4.loss_mask: 0.8521  decode.d4.loss_dice: 0.7061  decode.d5.loss_cls: 0.0165  decode.d5.loss_mask: 0.8608  decode.d5.loss_dice: 0.7215  decode.d6.loss_cls: 0.0196  decode.d6.loss_mask: 0.8740  decode.d6.loss_dice: 0.7182  decode.d7.loss_cls: 0.0176  decode.d7.loss_mask: 0.8564  decode.d7.loss_dice: 0.7097  decode.d8.loss_cls: 0.0164  decode.d8.loss_mask: 0.8512  decode.d8.loss_dice: 0.7241
2025/02/27 12:05:15 - mmengine - INFO - Iter(train) [   200/160000]  base_lr: 9.9888e-05 lr: 9.9888e-06  eta: 2 days, 1:26:45  time: 1.0792  data_time: 0.0220  memory: 16120  grad_norm: 414.8145  loss: 22.2526  decode.loss_cls: 0.1379  decode.loss_mask: 0.9064  decode.loss_dice: 1.2174  decode.d0.loss_cls: 0.0938  decode.d0.loss_mask: 0.9208  decode.d0.loss_dice: 1.2591  decode.d1.loss_cls: 0.0153  decode.d1.loss_mask: 0.9048  decode.d1.loss_dice: 1.2520  decode.d2.loss_cls: 0.0946  decode.d2.loss_mask: 0.8846  decode.d2.loss_dice: 1.2701  decode.d3.loss_cls: 0.0133  decode.d3.loss_mask: 0.9293  decode.d3.loss_dice: 1.2650  decode.d4.loss_cls: 0.0698  decode.d4.loss_mask: 0.9336  decode.d4.loss_dice: 1.2087  decode.d5.loss_cls: 0.0672  decode.d5.loss_mask: 0.9533  decode.d5.loss_dice: 1.2055  decode.d6.loss_cls: 0.0478  decode.d6.loss_mask: 0.9262  decode.d6.loss_dice: 1.2052  decode.d7.loss_cls: 0.0154  decode.d7.loss_mask: 0.9328  decode.d7.loss_dice: 1.2568  decode.d8.loss_cls: 0.0769  decode.d8.loss_mask: 0.9116  decode.d8.loss_dice: 1.2773
2025/02/27 12:06:09 - mmengine - INFO - Iter(train) [   250/160000]  base_lr: 9.9860e-05 lr: 9.9860e-06  eta: 2 days, 0:58:58  time: 1.0627  data_time: 0.0214  memory: 16120  grad_norm: 604.4214  loss: 20.8944  decode.loss_cls: 0.2005  decode.loss_mask: 0.8170  decode.loss_dice: 1.0973  decode.d0.loss_cls: 0.1570  decode.d0.loss_mask: 0.8173  decode.d0.loss_dice: 1.1107  decode.d1.loss_cls: 0.1647  decode.d1.loss_mask: 0.8016  decode.d1.loss_dice: 1.1022  decode.d2.loss_cls: 0.1001  decode.d2.loss_mask: 0.8021  decode.d2.loss_dice: 1.1465  decode.d3.loss_cls: 0.0168  decode.d3.loss_mask: 0.8614  decode.d3.loss_dice: 1.3135  decode.d4.loss_cls: 0.1679  decode.d4.loss_mask: 0.7999  decode.d4.loss_dice: 1.0986  decode.d5.loss_cls: 0.1869  decode.d5.loss_mask: 0.8293  decode.d5.loss_dice: 1.0935  decode.d6.loss_cls: 0.1368  decode.d6.loss_mask: 0.8294  decode.d6.loss_dice: 1.0939  decode.d7.loss_cls: 0.1917  decode.d7.loss_mask: 0.8196  decode.d7.loss_dice: 1.1107  decode.d8.loss_cls: 0.1332  decode.d8.loss_mask: 0.8163  decode.d8.loss_dice: 1.0779
2025/02/27 12:07:03 - mmengine - INFO - Iter(train) [   300/160000]  base_lr: 9.9832e-05 lr: 9.9832e-06  eta: 2 days, 0:47:57  time: 1.0856  data_time: 0.0196  memory: 16120  grad_norm: 412.2070  loss: 12.6509  decode.loss_cls: 0.0861  decode.loss_mask: 0.6469  decode.loss_dice: 0.4928  decode.d0.loss_cls: 0.1485  decode.d0.loss_mask: 0.5538  decode.d0.loss_dice: 0.5320  decode.d1.loss_cls: 0.0622  decode.d1.loss_mask: 0.6449  decode.d1.loss_dice: 0.4938  decode.d2.loss_cls: 0.0778  decode.d2.loss_mask: 0.6504  decode.d2.loss_dice: 0.5080  decode.d3.loss_cls: 0.0056  decode.d3.loss_mask: 0.8094  decode.d3.loss_dice: 0.5257  decode.d4.loss_cls: 0.0960  decode.d4.loss_mask: 0.6831  decode.d4.loss_dice: 0.5241  decode.d5.loss_cls: 0.0713  decode.d5.loss_mask: 0.6556  decode.d5.loss_dice: 0.5033  decode.d6.loss_cls: 0.0776  decode.d6.loss_mask: 0.6722  decode.d6.loss_dice: 0.5193  decode.d7.loss_cls: 0.0831  decode.d7.loss_mask: 0.6592  decode.d7.loss_dice: 0.5309  decode.d8.loss_cls: 0.0063  decode.d8.loss_mask: 0.7984  decode.d8.loss_dice: 0.5325
2025/02/27 12:07:57 - mmengine - INFO - Iter(train) [   350/160000]  base_lr: 9.9804e-05 lr: 9.9804e-06  eta: 2 days, 0:40:05  time: 1.0592  data_time: 0.0204  memory: 16120  grad_norm: 692.5409  loss: 16.9346  decode.loss_cls: 0.0103  decode.loss_mask: 0.7041  decode.loss_dice: 0.9856  decode.d0.loss_cls: 0.0874  decode.d0.loss_mask: 0.7031  decode.d0.loss_dice: 0.9346  decode.d1.loss_cls: 0.0349  decode.d1.loss_mask: 0.6808  decode.d1.loss_dice: 0.9527  decode.d2.loss_cls: 0.0512  decode.d2.loss_mask: 0.6609  decode.d2.loss_dice: 0.9487  decode.d3.loss_cls: 0.0724  decode.d3.loss_mask: 0.6994  decode.d3.loss_dice: 0.9530  decode.d4.loss_cls: 0.0535  decode.d4.loss_mask: 0.6698  decode.d4.loss_dice: 0.9352  decode.d5.loss_cls: 0.0615  decode.d5.loss_mask: 0.6826  decode.d5.loss_dice: 0.9463  decode.d6.loss_cls: 0.0270  decode.d6.loss_mask: 0.6865  decode.d6.loss_dice: 0.9897  decode.d7.loss_cls: 0.0127  decode.d7.loss_mask: 0.6861  decode.d7.loss_dice: 0.9877  decode.d8.loss_cls: 0.0299  decode.d8.loss_mask: 0.6908  decode.d8.loss_dice: 0.9960
2025/02/27 12:08:49 - mmengine - INFO - Iter(train) [   400/160000]  base_lr: 9.9776e-05 lr: 9.9776e-06  eta: 2 days, 0:22:51  time: 1.0774  data_time: 0.0218  memory: 16120  grad_norm: 585.1200  loss: 20.9134  decode.loss_cls: 0.0248  decode.loss_mask: 0.8768  decode.loss_dice: 1.2001  decode.d0.loss_cls: 0.0790  decode.d0.loss_mask: 0.8415  decode.d0.loss_dice: 1.1533  decode.d1.loss_cls: 0.0529  decode.d1.loss_mask: 0.8909  decode.d1.loss_dice: 1.1362  decode.d2.loss_cls: 0.0539  decode.d2.loss_mask: 0.8607  decode.d2.loss_dice: 1.1532  decode.d3.loss_cls: 0.0611  decode.d3.loss_mask: 0.8673  decode.d3.loss_dice: 1.1568  decode.d4.loss_cls: 0.0614  decode.d4.loss_mask: 0.8641  decode.d4.loss_dice: 1.1581  decode.d5.loss_cls: 0.0609  decode.d5.loss_mask: 0.8537  decode.d5.loss_dice: 1.1677  decode.d6.loss_cls: 0.0463  decode.d6.loss_mask: 0.8851  decode.d6.loss_dice: 1.1789  decode.d7.loss_cls: 0.0377  decode.d7.loss_mask: 0.8866  decode.d7.loss_dice: 1.1988  decode.d8.loss_cls: 0.0234  decode.d8.loss_mask: 0.8768  decode.d8.loss_dice: 1.2054
2025/02/27 12:09:42 - mmengine - INFO - Iter(train) [   450/160000]  base_lr: 9.9747e-05 lr: 9.9747e-06  eta: 2 days, 0:09:45  time: 1.0717  data_time: 0.0218  memory: 16120  grad_norm: 672.6376  loss: 19.5944  decode.loss_cls: 0.0042  decode.loss_mask: 1.0851  decode.loss_dice: 1.0414  decode.d0.loss_cls: 0.1487  decode.d0.loss_mask: 0.9668  decode.d0.loss_dice: 0.8528  decode.d1.loss_cls: 0.1401  decode.d1.loss_mask: 0.9171  decode.d1.loss_dice: 0.8084  decode.d2.loss_cls: 0.1427  decode.d2.loss_mask: 0.9286  decode.d2.loss_dice: 0.8144  decode.d3.loss_cls: 0.1880  decode.d3.loss_mask: 0.9205  decode.d3.loss_dice: 0.7921  decode.d4.loss_cls: 0.1550  decode.d4.loss_mask: 0.9331  decode.d4.loss_dice: 0.8162  decode.d5.loss_cls: 0.1669  decode.d5.loss_mask: 0.9225  decode.d5.loss_dice: 0.8136  decode.d6.loss_cls: 0.0783  decode.d6.loss_mask: 0.9782  decode.d6.loss_dice: 0.8816  decode.d7.loss_cls: 0.0457  decode.d7.loss_mask: 0.9858  decode.d7.loss_dice: 0.9727  decode.d8.loss_cls: 0.0041  decode.d8.loss_mask: 1.0616  decode.d8.loss_dice: 1.0279
2025/02/27 12:10:35 - mmengine - INFO - Iter(train) [   500/160000]  base_lr: 9.9719e-05 lr: 9.9719e-06  eta: 2 days, 0:01:31  time: 1.0580  data_time: 0.0226  memory: 16120  grad_norm: 553.4246  loss: 20.7598  decode.loss_cls: 0.0032  decode.loss_mask: 1.0265  decode.loss_dice: 1.0438  decode.d0.loss_cls: 0.0847  decode.d0.loss_mask: 0.9970  decode.d0.loss_dice: 1.0410  decode.d1.loss_cls: 0.0067  decode.d1.loss_mask: 1.0230  decode.d1.loss_dice: 1.0374  decode.d2.loss_cls: 0.0050  decode.d2.loss_mask: 0.9996  decode.d2.loss_dice: 1.0553  decode.d3.loss_cls: 0.0056  decode.d3.loss_mask: 1.0115  decode.d3.loss_dice: 1.0483  decode.d4.loss_cls: 0.0066  decode.d4.loss_mask: 1.0100  decode.d4.loss_dice: 1.0528  decode.d5.loss_cls: 0.0101  decode.d5.loss_mask: 1.0271  decode.d5.loss_dice: 1.0522  decode.d6.loss_cls: 0.0035  decode.d6.loss_mask: 1.0165  decode.d6.loss_dice: 1.0361  decode.d7.loss_cls: 0.0033  decode.d7.loss_mask: 1.0264  decode.d7.loss_dice: 1.0404  decode.d8.loss_cls: 0.0049  decode.d8.loss_mask: 1.0366  decode.d8.loss_dice: 1.0448
2025/02/27 12:11:28 - mmengine - INFO - Iter(train) [   550/160000]  base_lr: 9.9691e-05 lr: 9.9691e-06  eta: 1 day, 23:55:15  time: 1.0606  data_time: 0.0204  memory: 16120  grad_norm: 511.6272  loss: 21.4650  decode.loss_cls: 0.0327  decode.loss_mask: 0.9995  decode.loss_dice: 1.0863  decode.d0.loss_cls: 0.0797  decode.d0.loss_mask: 0.9981  decode.d0.loss_dice: 1.0642  decode.d1.loss_cls: 0.0676  decode.d1.loss_mask: 0.9910  decode.d1.loss_dice: 1.1004  decode.d2.loss_cls: 0.0727  decode.d2.loss_mask: 1.0101  decode.d2.loss_dice: 1.1051  decode.d3.loss_cls: 0.0647  decode.d3.loss_mask: 1.0027  decode.d3.loss_dice: 1.1038  decode.d4.loss_cls: 0.0467  decode.d4.loss_mask: 0.9990  decode.d4.loss_dice: 1.0774  decode.d5.loss_cls: 0.0495  decode.d5.loss_mask: 0.9953  decode.d5.loss_dice: 1.0896  decode.d6.loss_cls: 0.0290  decode.d6.loss_mask: 0.9854  decode.d6.loss_dice: 1.0786  decode.d7.loss_cls: 0.0435  decode.d7.loss_mask: 0.9986  decode.d7.loss_dice: 1.0811  decode.d8.loss_cls: 0.0051  decode.d8.loss_mask: 1.0692  decode.d8.loss_dice: 1.1384
2025/02/27 12:12:20 - mmengine - INFO - Iter(train) [   600/160000]  base_lr: 9.9663e-05 lr: 9.9663e-06  eta: 1 day, 23:48:19  time: 1.0399  data_time: 0.0203  memory: 16120  grad_norm: 375.5189  loss: 15.8929  decode.loss_cls: 0.0401  decode.loss_mask: 0.8586  decode.loss_dice: 0.6945  decode.d0.loss_cls: 0.0757  decode.d0.loss_mask: 0.8499  decode.d0.loss_dice: 0.6637  decode.d1.loss_cls: 0.0550  decode.d1.loss_mask: 0.8603  decode.d1.loss_dice: 0.6733  decode.d2.loss_cls: 0.0680  decode.d2.loss_mask: 0.8498  decode.d2.loss_dice: 0.7025  decode.d3.loss_cls: 0.0490  decode.d3.loss_mask: 0.8448  decode.d3.loss_dice: 0.6875  decode.d4.loss_cls: 0.0440  decode.d4.loss_mask: 0.8461  decode.d4.loss_dice: 0.6907  decode.d5.loss_cls: 0.0517  decode.d5.loss_mask: 0.8549  decode.d5.loss_dice: 0.6730  decode.d6.loss_cls: 0.0289  decode.d6.loss_mask: 0.8578  decode.d6.loss_dice: 0.6832  decode.d7.loss_cls: 0.0364  decode.d7.loss_mask: 0.8570  decode.d7.loss_dice: 0.6786  decode.d8.loss_cls: 0.0131  decode.d8.loss_mask: 0.8621  decode.d8.loss_dice: 0.7428
2025/02/27 12:13:13 - mmengine - INFO - Iter(train) [   650/160000]  base_lr: 9.9635e-05 lr: 9.9635e-06  eta: 1 day, 23:40:51  time: 1.0260  data_time: 0.0184  memory: 16120  grad_norm: 1071.3343  loss: 21.2070  decode.loss_cls: 0.0890  decode.loss_mask: 1.2875  decode.loss_dice: 0.7754  decode.d0.loss_cls: 0.1302  decode.d0.loss_mask: 1.2156  decode.d0.loss_dice: 0.7731  decode.d1.loss_cls: 0.1675  decode.d1.loss_mask: 1.1979  decode.d1.loss_dice: 0.7311  decode.d2.loss_cls: 0.1434  decode.d2.loss_mask: 1.2457  decode.d2.loss_dice: 0.7630  decode.d3.loss_cls: 0.1284  decode.d3.loss_mask: 1.2450  decode.d3.loss_dice: 0.7424  decode.d4.loss_cls: 0.1368  decode.d4.loss_mask: 1.2641  decode.d4.loss_dice: 0.7344  decode.d5.loss_cls: 0.1268  decode.d5.loss_mask: 1.2473  decode.d5.loss_dice: 0.7244  decode.d6.loss_cls: 0.1354  decode.d6.loss_mask: 1.2703  decode.d6.loss_dice: 0.7590  decode.d7.loss_cls: 0.0843  decode.d7.loss_mask: 1.2638  decode.d7.loss_dice: 0.7724  decode.d8.loss_cls: 0.1077  decode.d8.loss_mask: 1.2220  decode.d8.loss_dice: 0.7233
2025/02/27 12:14:05 - mmengine - INFO - Iter(train) [   700/160000]  base_lr: 9.9607e-05 lr: 9.9607e-06  eta: 1 day, 23:32:56  time: 1.0324  data_time: 0.0188  memory: 16120  grad_norm: 770.5493  loss: 14.4512  decode.loss_cls: 0.0666  decode.loss_mask: 0.7148  decode.loss_dice: 0.6915  decode.d0.loss_cls: 0.0826  decode.d0.loss_mask: 0.7269  decode.d0.loss_dice: 0.6427  decode.d1.loss_cls: 0.0201  decode.d1.loss_mask: 0.7585  decode.d1.loss_dice: 0.6880  decode.d2.loss_cls: 0.0721  decode.d2.loss_mask: 0.6904  decode.d2.loss_dice: 0.6843  decode.d3.loss_cls: 0.0445  decode.d3.loss_mask: 0.6917  decode.d3.loss_dice: 0.6764  decode.d4.loss_cls: 0.0706  decode.d4.loss_mask: 0.6868  decode.d4.loss_dice: 0.6675  decode.d5.loss_cls: 0.0649  decode.d5.loss_mask: 0.6859  decode.d5.loss_dice: 0.6800  decode.d6.loss_cls: 0.0684  decode.d6.loss_mask: 0.7087  decode.d6.loss_dice: 0.6781  decode.d7.loss_cls: 0.0715  decode.d7.loss_mask: 0.6956  decode.d7.loss_dice: 0.7000  decode.d8.loss_cls: 0.0239  decode.d8.loss_mask: 0.6973  decode.d8.loss_dice: 0.7009
2025/02/27 12:14:57 - mmengine - INFO - Iter(train) [   750/160000]  base_lr: 9.9579e-05 lr: 9.9579e-06  eta: 1 day, 23:27:32  time: 1.0699  data_time: 0.0181  memory: 16120  grad_norm: 942.4110  loss: 20.2957  decode.loss_cls: 0.0365  decode.loss_mask: 1.1633  decode.loss_dice: 0.7822  decode.d0.loss_cls: 0.1351  decode.d0.loss_mask: 1.0476  decode.d0.loss_dice: 0.8121  decode.d1.loss_cls: 0.1889  decode.d1.loss_mask: 1.0418  decode.d1.loss_dice: 0.7892  decode.d2.loss_cls: 0.0431  decode.d2.loss_mask: 1.2100  decode.d2.loss_dice: 0.7770  decode.d3.loss_cls: 0.0410  decode.d3.loss_mask: 1.1925  decode.d3.loss_dice: 0.7572  decode.d4.loss_cls: 0.0558  decode.d4.loss_mask: 1.2234  decode.d4.loss_dice: 0.7791  decode.d5.loss_cls: 0.0537  decode.d5.loss_mask: 1.1859  decode.d5.loss_dice: 0.7807  decode.d6.loss_cls: 0.0391  decode.d6.loss_mask: 1.2045  decode.d6.loss_dice: 0.7804  decode.d7.loss_cls: 0.0350  decode.d7.loss_mask: 1.1800  decode.d7.loss_dice: 0.7892  decode.d8.loss_cls: 0.0059  decode.d8.loss_mask: 1.3514  decode.d8.loss_dice: 0.8141
2025/02/27 12:15:54 - mmengine - INFO - Iter(train) [   800/160000]  base_lr: 9.9550e-05 lr: 9.9550e-06  eta: 1 day, 23:37:17  time: 1.2400  data_time: 0.0306  memory: 16120  grad_norm: 915.6336  loss: 20.2137  decode.loss_cls: 0.1557  decode.loss_mask: 1.1770  decode.loss_dice: 0.8327  decode.d0.loss_cls: 0.2655  decode.d0.loss_mask: 1.1233  decode.d0.loss_dice: 0.7544  decode.d1.loss_cls: 0.0776  decode.d1.loss_mask: 1.1066  decode.d1.loss_dice: 0.7597  decode.d2.loss_cls: 0.0997  decode.d2.loss_mask: 1.1065  decode.d2.loss_dice: 0.7770  decode.d3.loss_cls: 0.1379  decode.d3.loss_mask: 1.0821  decode.d3.loss_dice: 0.7701  decode.d4.loss_cls: 0.1761  decode.d4.loss_mask: 1.0987  decode.d4.loss_dice: 0.7720  decode.d5.loss_cls: 0.1439  decode.d5.loss_mask: 1.0869  decode.d5.loss_dice: 0.7761  decode.d6.loss_cls: 0.1057  decode.d6.loss_mask: 1.0941  decode.d6.loss_dice: 0.7872  decode.d7.loss_cls: 0.1444  decode.d7.loss_mask: 1.0767  decode.d7.loss_dice: 0.7745  decode.d8.loss_cls: 0.0678  decode.d8.loss_mask: 1.0799  decode.d8.loss_dice: 0.8037
2025/02/27 12:16:49 - mmengine - INFO - Iter(train) [   850/160000]  base_lr: 9.9522e-05 lr: 9.9522e-06  eta: 1 day, 23:39:24  time: 1.0692  data_time: 0.0199  memory: 16120  grad_norm: 708.5847  loss: 17.1641  decode.loss_cls: 0.0367  decode.loss_mask: 0.8277  decode.loss_dice: 0.8350  decode.d0.loss_cls: 0.1261  decode.d0.loss_mask: 0.8251  decode.d0.loss_dice: 0.8388  decode.d1.loss_cls: 0.0389  decode.d1.loss_mask: 0.8163  decode.d1.loss_dice: 0.8543  decode.d2.loss_cls: 0.0264  decode.d2.loss_mask: 0.8104  decode.d2.loss_dice: 0.8485  decode.d3.loss_cls: 0.0429  decode.d3.loss_mask: 0.8173  decode.d3.loss_dice: 0.8376  decode.d4.loss_cls: 0.0518  decode.d4.loss_mask: 0.8206  decode.d4.loss_dice: 0.8419  decode.d5.loss_cls: 0.0573  decode.d5.loss_mask: 0.8090  decode.d5.loss_dice: 0.8529  decode.d6.loss_cls: 0.0345  decode.d6.loss_mask: 0.8117  decode.d6.loss_dice: 0.8512  decode.d7.loss_cls: 0.0517  decode.d7.loss_mask: 0.8150  decode.d7.loss_dice: 0.8523  decode.d8.loss_cls: 0.0081  decode.d8.loss_mask: 0.8317  decode.d8.loss_dice: 0.8922
2025/02/27 12:17:42 - mmengine - INFO - Iter(train) [   900/160000]  base_lr: 9.9494e-05 lr: 9.9494e-06  eta: 1 day, 23:35:52  time: 1.0790  data_time: 0.0216  memory: 16120  grad_norm: 392.5624  loss: 20.6491  decode.loss_cls: 0.0701  decode.loss_mask: 0.8621  decode.loss_dice: 1.1220  decode.d0.loss_cls: 0.0804  decode.d0.loss_mask: 0.8925  decode.d0.loss_dice: 1.1258  decode.d1.loss_cls: 0.0927  decode.d1.loss_mask: 0.8343  decode.d1.loss_dice: 1.1246  decode.d2.loss_cls: 0.0184  decode.d2.loss_mask: 0.8559  decode.d2.loss_dice: 1.1867  decode.d3.loss_cls: 0.0239  decode.d3.loss_mask: 0.8531  decode.d3.loss_dice: 1.1879  decode.d4.loss_cls: 0.0895  decode.d4.loss_mask: 0.8433  decode.d4.loss_dice: 1.1431  decode.d5.loss_cls: 0.0763  decode.d5.loss_mask: 0.8489  decode.d5.loss_dice: 1.1488  decode.d6.loss_cls: 0.0674  decode.d6.loss_mask: 0.8415  decode.d6.loss_dice: 1.1476  decode.d7.loss_cls: 0.0787  decode.d7.loss_mask: 0.8369  decode.d7.loss_dice: 1.1206  decode.d8.loss_cls: 0.0202  decode.d8.loss_mask: 0.8890  decode.d8.loss_dice: 1.1669
2025/02/27 12:18:34 - mmengine - INFO - Iter(train) [   950/160000]  base_lr: 9.9466e-05 lr: 9.9466e-06  eta: 1 day, 23:28:36  time: 1.0542  data_time: 0.0216  memory: 16120  grad_norm: 593.1535  loss: 17.2984  decode.loss_cls: 0.0160  decode.loss_mask: 0.7600  decode.loss_dice: 0.9813  decode.d0.loss_cls: 0.0736  decode.d0.loss_mask: 0.6365  decode.d0.loss_dice: 0.9706  decode.d1.loss_cls: 0.0311  decode.d1.loss_mask: 0.7021  decode.d1.loss_dice: 0.9865  decode.d2.loss_cls: 0.1577  decode.d2.loss_mask: 0.7011  decode.d2.loss_dice: 0.9640  decode.d3.loss_cls: 0.0321  decode.d3.loss_mask: 0.6858  decode.d3.loss_dice: 0.9815  decode.d4.loss_cls: 0.0186  decode.d4.loss_mask: 0.7171  decode.d4.loss_dice: 0.9820  decode.d5.loss_cls: 0.0406  decode.d5.loss_mask: 0.7188  decode.d5.loss_dice: 0.9922  decode.d6.loss_cls: 0.0168  decode.d6.loss_mask: 0.6963  decode.d6.loss_dice: 0.9875  decode.d7.loss_cls: 0.0150  decode.d7.loss_mask: 0.7016  decode.d7.loss_dice: 0.9832  decode.d8.loss_cls: 0.0080  decode.d8.loss_mask: 0.7346  decode.d8.loss_dice: 1.0060
2025/02/27 12:19:25 - mmengine - INFO - Exp name: mask2former_swin-t_8xb2-160k_ade20k-512x512_20250227_120057
2025/02/27 12:19:25 - mmengine - INFO - Iter(train) [  1000/160000]  base_lr: 9.9438e-05 lr: 9.9438e-06  eta: 1 day, 23:20:38  time: 1.0169  data_time: 0.0198  memory: 16120  grad_norm: 437.4026  loss: 14.8010  decode.loss_cls: 0.0155  decode.loss_mask: 0.7508  decode.loss_dice: 0.7403  decode.d0.loss_cls: 0.0768  decode.d0.loss_mask: 0.6989  decode.d0.loss_dice: 0.6985  decode.d1.loss_cls: 0.0683  decode.d1.loss_mask: 0.7089  decode.d1.loss_dice: 0.6844  decode.d2.loss_cls: 0.0717  decode.d2.loss_mask: 0.7257  decode.d2.loss_dice: 0.6804  decode.d3.loss_cls: 0.0783  decode.d3.loss_mask: 0.7166  decode.d3.loss_dice: 0.6892  decode.d4.loss_cls: 0.0857  decode.d4.loss_mask: 0.7155  decode.d4.loss_dice: 0.6823  decode.d5.loss_cls: 0.0680  decode.d5.loss_mask: 0.7264  decode.d5.loss_dice: 0.6905  decode.d6.loss_cls: 0.0518  decode.d6.loss_mask: 0.7244  decode.d6.loss_dice: 0.6913  decode.d7.loss_cls: 0.0685  decode.d7.loss_mask: 0.7271  decode.d7.loss_dice: 0.6867  decode.d8.loss_cls: 0.0140  decode.d8.loss_mask: 0.7331  decode.d8.loss_dice: 0.7314
2025/02/27 12:20:17 - mmengine - INFO - Iter(train) [  1050/160000]  base_lr: 9.9410e-05 lr: 9.9410e-06  eta: 1 day, 23:15:40  time: 1.0345  data_time: 0.0188  memory: 16120  grad_norm: 1402.0891  loss: 14.9952  decode.loss_cls: 0.0511  decode.loss_mask: 0.6956  decode.loss_dice: 0.7424  decode.d0.loss_cls: 0.0445  decode.d0.loss_mask: 0.7008  decode.d0.loss_dice: 0.7811  decode.d1.loss_cls: 0.0421  decode.d1.loss_mask: 0.6919  decode.d1.loss_dice: 0.7511  decode.d2.loss_cls: 0.0803  decode.d2.loss_mask: 0.6895  decode.d2.loss_dice: 0.7482  decode.d3.loss_cls: 0.0774  decode.d3.loss_mask: 0.7037  decode.d3.loss_dice: 0.7548  decode.d4.loss_cls: 0.0650  decode.d4.loss_mask: 0.6903  decode.d4.loss_dice: 0.7451  decode.d5.loss_cls: 0.0787  decode.d5.loss_mask: 0.6999  decode.d5.loss_dice: 0.7359  decode.d6.loss_cls: 0.0605  decode.d6.loss_mask: 0.6787  decode.d6.loss_dice: 0.7312  decode.d7.loss_cls: 0.0407  decode.d7.loss_mask: 0.6803  decode.d7.loss_dice: 0.7399  decode.d8.loss_cls: 0.0443  decode.d8.loss_mask: 0.6969  decode.d8.loss_dice: 0.7534
2025/02/27 12:21:08 - mmengine - INFO - Iter(train) [  1100/160000]  base_lr: 9.9382e-05 lr: 9.9382e-06  eta: 1 day, 23:09:01  time: 1.0376  data_time: 0.0193  memory: 16120  grad_norm: 1243.3641  loss: 19.3707  decode.loss_cls: 0.0166  decode.loss_mask: 0.7864  decode.loss_dice: 1.1393  decode.d0.loss_cls: 0.0688  decode.d0.loss_mask: 0.7848  decode.d0.loss_dice: 1.0998  decode.d1.loss_cls: 0.0233  decode.d1.loss_mask: 0.7795  decode.d1.loss_dice: 1.1364  decode.d2.loss_cls: 0.0153  decode.d2.loss_mask: 0.7835  decode.d2.loss_dice: 1.1421  decode.d3.loss_cls: 0.0157  decode.d3.loss_mask: 0.7951  decode.d3.loss_dice: 1.1401  decode.d4.loss_cls: 0.0153  decode.d4.loss_mask: 0.7666  decode.d4.loss_dice: 1.1432  decode.d5.loss_cls: 0.0228  decode.d5.loss_mask: 0.7847  decode.d5.loss_dice: 1.1315  decode.d6.loss_cls: 0.0171  decode.d6.loss_mask: 0.7871  decode.d6.loss_dice: 1.1375  decode.d7.loss_cls: 0.0183  decode.d7.loss_mask: 0.7734  decode.d7.loss_dice: 1.1367  decode.d8.loss_cls: 0.0185  decode.d8.loss_mask: 0.7726  decode.d8.loss_dice: 1.1188
2025/02/27 12:22:00 - mmengine - INFO - Iter(train) [  1150/160000]  base_lr: 9.9353e-05 lr: 9.9353e-06  eta: 1 day, 23:04:46  time: 1.0527  data_time: 0.0194  memory: 16120  grad_norm: 724.7181  loss: 13.6781  decode.loss_cls: 0.0055  decode.loss_mask: 0.5315  decode.loss_dice: 0.8190  decode.d0.loss_cls: 0.0368  decode.d0.loss_mask: 0.5374  decode.d0.loss_dice: 0.8612  decode.d1.loss_cls: 0.0083  decode.d1.loss_mask: 0.5342  decode.d1.loss_dice: 0.8191  decode.d2.loss_cls: 0.0057  decode.d2.loss_mask: 0.5331  decode.d2.loss_dice: 0.8130  decode.d3.loss_cls: 0.0056  decode.d3.loss_mask: 0.5307  decode.d3.loss_dice: 0.8204  decode.d4.loss_cls: 0.0056  decode.d4.loss_mask: 0.5438  decode.d4.loss_dice: 0.8188  decode.d5.loss_cls: 0.0050  decode.d5.loss_mask: 0.5368  decode.d5.loss_dice: 0.8181  decode.d6.loss_cls: 0.0045  decode.d6.loss_mask: 0.5375  decode.d6.loss_dice: 0.8179  decode.d7.loss_cls: 0.0048  decode.d7.loss_mask: 0.5408  decode.d7.loss_dice: 0.8244  decode.d8.loss_cls: 0.0042  decode.d8.loss_mask: 0.5384  decode.d8.loss_dice: 0.8157
2025/02/27 12:22:52 - mmengine - INFO - Iter(train) [  1200/160000]  base_lr: 9.9325e-05 lr: 9.9325e-06  eta: 1 day, 23:01:29  time: 1.0580  data_time: 0.0213  memory: 16120  grad_norm: 452.3908  loss: 13.5205  decode.loss_cls: 0.0045  decode.loss_mask: 0.6396  decode.loss_dice: 0.7107  decode.d0.loss_cls: 0.0375  decode.d0.loss_mask: 0.6357  decode.d0.loss_dice: 0.7341  decode.d1.loss_cls: 0.0102  decode.d1.loss_mask: 0.6236  decode.d1.loss_dice: 0.6958  decode.d2.loss_cls: 0.0058  decode.d2.loss_mask: 0.6301  decode.d2.loss_dice: 0.7027  decode.d3.loss_cls: 0.0048  decode.d3.loss_mask: 0.6204  decode.d3.loss_dice: 0.7103  decode.d4.loss_cls: 0.0058  decode.d4.loss_mask: 0.6355  decode.d4.loss_dice: 0.7162  decode.d5.loss_cls: 0.0062  decode.d5.loss_mask: 0.6302  decode.d5.loss_dice: 0.6983  decode.d6.loss_cls: 0.0050  decode.d6.loss_mask: 0.6225  decode.d6.loss_dice: 0.7087  decode.d7.loss_cls: 0.0063  decode.d7.loss_mask: 0.6357  decode.d7.loss_dice: 0.7047  decode.d8.loss_cls: 0.0066  decode.d8.loss_mask: 0.6406  decode.d8.loss_dice: 0.7324
2025/02/27 12:23:44 - mmengine - INFO - Iter(train) [  1250/160000]  base_lr: 9.9297e-05 lr: 9.9297e-06  eta: 1 day, 22:57:30  time: 1.0710  data_time: 0.0208  memory: 16120  grad_norm: 681.2613  loss: 20.7740  decode.loss_cls: 0.1821  decode.loss_mask: 1.2213  decode.loss_dice: 0.7228  decode.d0.loss_cls: 0.2356  decode.d0.loss_mask: 0.9547  decode.d0.loss_dice: 0.6938  decode.d1.loss_cls: 0.1948  decode.d1.loss_mask: 1.0251  decode.d1.loss_dice: 0.7015  decode.d2.loss_cls: 0.1932  decode.d2.loss_mask: 1.1962  decode.d2.loss_dice: 0.6824  decode.d3.loss_cls: 0.1621  decode.d3.loss_mask: 1.2452  decode.d3.loss_dice: 0.7261  decode.d4.loss_cls: 0.2445  decode.d4.loss_mask: 1.1947  decode.d4.loss_dice: 0.6868  decode.d5.loss_cls: 0.1797  decode.d5.loss_mask: 1.2337  decode.d5.loss_dice: 0.7208  decode.d6.loss_cls: 0.1877  decode.d6.loss_mask: 1.2207  decode.d6.loss_dice: 0.7226  decode.d7.loss_cls: 0.1589  decode.d7.loss_mask: 1.2184  decode.d7.loss_dice: 0.7249  decode.d8.loss_cls: 0.0372  decode.d8.loss_mask: 1.3071  decode.d8.loss_dice: 0.7994
2025/02/27 12:24:37 - mmengine - INFO - Iter(train) [  1300/160000]  base_lr: 9.9269e-05 lr: 9.9269e-06  eta: 1 day, 22:57:05  time: 1.0808  data_time: 0.0180  memory: 16120  grad_norm: 904.8740  loss: 17.0779  decode.loss_cls: 0.2182  decode.loss_mask: 0.6726  decode.loss_dice: 0.8221  decode.d0.loss_cls: 0.1444  decode.d0.loss_mask: 0.6964  decode.d0.loss_dice: 0.8804  decode.d1.loss_cls: 0.1911  decode.d1.loss_mask: 0.6762  decode.d1.loss_dice: 0.8271  decode.d2.loss_cls: 0.1611  decode.d2.loss_mask: 0.6624  decode.d2.loss_dice: 0.8093  decode.d3.loss_cls: 0.2311  decode.d3.loss_mask: 0.6742  decode.d3.loss_dice: 0.8150  decode.d4.loss_cls: 0.2619  decode.d4.loss_mask: 0.6710  decode.d4.loss_dice: 0.8108  decode.d5.loss_cls: 0.2244  decode.d5.loss_mask: 0.6800  decode.d5.loss_dice: 0.8124  decode.d6.loss_cls: 0.2054  decode.d6.loss_mask: 0.6800  decode.d6.loss_dice: 0.8129  decode.d7.loss_cls: 0.1974  decode.d7.loss_mask: 0.6734  decode.d7.loss_dice: 0.8199  decode.d8.loss_cls: 0.1326  decode.d8.loss_mask: 0.7099  decode.d8.loss_dice: 0.9043
2025/02/27 12:25:31 - mmengine - INFO - Iter(train) [  1350/160000]  base_lr: 9.9241e-05 lr: 9.9241e-06  eta: 1 day, 22:56:55  time: 1.0768  data_time: 0.0209  memory: 16120  grad_norm: 967.1094  loss: 23.6187  decode.loss_cls: 0.0185  decode.loss_mask: 1.3626  decode.loss_dice: 1.0033  decode.d0.loss_cls: 0.1458  decode.d0.loss_mask: 1.2681  decode.d0.loss_dice: 0.9781  decode.d1.loss_cls: 0.1104  decode.d1.loss_mask: 1.3038  decode.d1.loss_dice: 0.9766  decode.d2.loss_cls: 0.0946  decode.d2.loss_mask: 1.2541  decode.d2.loss_dice: 0.9507  decode.d3.loss_cls: 0.1309  decode.d3.loss_mask: 1.2691  decode.d3.loss_dice: 0.9542  decode.d4.loss_cls: 0.1719  decode.d4.loss_mask: 1.2612  decode.d4.loss_dice: 0.9394  decode.d5.loss_cls: 0.0775  decode.d5.loss_mask: 1.3125  decode.d5.loss_dice: 0.9582  decode.d6.loss_cls: 0.0885  decode.d6.loss_mask: 1.2976  decode.d6.loss_dice: 0.9826  decode.d7.loss_cls: 0.1412  decode.d7.loss_mask: 1.2961  decode.d7.loss_dice: 0.9587  decode.d8.loss_cls: 0.0806  decode.d8.loss_mask: 1.2711  decode.d8.loss_dice: 0.9608
2025/02/27 12:26:25 - mmengine - INFO - Iter(train) [  1400/160000]  base_lr: 9.9213e-05 lr: 9.9213e-06  eta: 1 day, 22:57:36  time: 0.9997  data_time: 0.0180  memory: 16120  grad_norm: 527.3043  loss: 17.4639  decode.loss_cls: 0.0295  decode.loss_mask: 0.7595  decode.loss_dice: 0.9167  decode.d0.loss_cls: 0.1002  decode.d0.loss_mask: 0.7316  decode.d0.loss_dice: 0.9269  decode.d1.loss_cls: 0.0471  decode.d1.loss_mask: 0.7499  decode.d1.loss_dice: 0.9382  decode.d2.loss_cls: 0.1133  decode.d2.loss_mask: 0.7190  decode.d2.loss_dice: 0.9050  decode.d3.loss_cls: 0.0544  decode.d3.loss_mask: 0.7711  decode.d3.loss_dice: 0.9285  decode.d4.loss_cls: 0.1508  decode.d4.loss_mask: 0.7300  decode.d4.loss_dice: 0.9067  decode.d5.loss_cls: 0.1474  decode.d5.loss_mask: 0.7163  decode.d5.loss_dice: 0.9101  decode.d6.loss_cls: 0.1232  decode.d6.loss_mask: 0.7130  decode.d6.loss_dice: 0.9173  decode.d7.loss_cls: 0.0968  decode.d7.loss_mask: 0.7253  decode.d7.loss_dice: 0.9046  decode.d8.loss_cls: 0.0337  decode.d8.loss_mask: 0.7805  decode.d8.loss_dice: 0.9172
2025/02/27 12:27:18 - mmengine - INFO - Iter(train) [  1450/160000]  base_lr: 9.9185e-05 lr: 9.9185e-06  eta: 1 day, 22:55:49  time: 1.0874  data_time: 0.0198  memory: 16120  grad_norm: 674.5601  loss: 21.7320  decode.loss_cls: 0.0825  decode.loss_mask: 1.1144  decode.loss_dice: 0.9943  decode.d0.loss_cls: 0.0669  decode.d0.loss_mask: 1.1408  decode.d0.loss_dice: 0.9607  decode.d1.loss_cls: 0.1887  decode.d1.loss_mask: 1.0860  decode.d1.loss_dice: 0.9353  decode.d2.loss_cls: 0.1391  decode.d2.loss_mask: 1.0855  decode.d2.loss_dice: 0.9308  decode.d3.loss_cls: 0.1544  decode.d3.loss_mask: 1.0856  decode.d3.loss_dice: 0.9158  decode.d4.loss_cls: 0.1561  decode.d4.loss_mask: 1.0928  decode.d4.loss_dice: 0.9333  decode.d5.loss_cls: 0.1670  decode.d5.loss_mask: 1.0937  decode.d5.loss_dice: 0.9223  decode.d6.loss_cls: 0.1504  decode.d6.loss_mask: 1.1004  decode.d6.loss_dice: 0.9118  decode.d7.loss_cls: 0.1402  decode.d7.loss_mask: 1.0903  decode.d7.loss_dice: 0.9258  decode.d8.loss_cls: 0.1241  decode.d8.loss_mask: 1.1092  decode.d8.loss_dice: 0.9336
2025/02/27 12:28:12 - mmengine - INFO - Iter(train) [  1500/160000]  base_lr: 9.9156e-05 lr: 9.9156e-06  eta: 1 day, 22:56:12  time: 1.1170  data_time: 0.0218  memory: 16120  grad_norm: 911.9536  loss: 17.5987  decode.loss_cls: 0.0626  decode.loss_mask: 0.8419  decode.loss_dice: 0.8876  decode.d0.loss_cls: 0.0681  decode.d0.loss_mask: 0.7924  decode.d0.loss_dice: 0.8711  decode.d1.loss_cls: 0.0904  decode.d1.loss_mask: 0.8156  decode.d1.loss_dice: 0.8757  decode.d2.loss_cls: 0.0474  decode.d2.loss_mask: 0.8427  decode.d2.loss_dice: 0.8945  decode.d3.loss_cls: 0.0607  decode.d3.loss_mask: 0.8329  decode.d3.loss_dice: 0.8757  decode.d4.loss_cls: 0.0780  decode.d4.loss_mask: 0.8077  decode.d4.loss_dice: 0.8700  decode.d5.loss_cls: 0.0686  decode.d5.loss_mask: 0.8018  decode.d5.loss_dice: 0.8774  decode.d6.loss_cls: 0.0672  decode.d6.loss_mask: 0.8213  decode.d6.loss_dice: 0.8606  decode.d7.loss_cls: 0.0748  decode.d7.loss_mask: 0.8063  decode.d7.loss_dice: 0.8682  decode.d8.loss_cls: 0.0510  decode.d8.loss_mask: 0.8065  decode.d8.loss_dice: 0.8801
2025/02/27 12:29:06 - mmengine - INFO - Iter(train) [  1550/160000]  base_lr: 9.9128e-05 lr: 9.9128e-06  eta: 1 day, 22:56:43  time: 1.0493  data_time: 0.0197  memory: 16120  grad_norm: 444.1835  loss: 20.1018  decode.loss_cls: 0.0071  decode.loss_mask: 1.5205  decode.loss_dice: 0.9009  decode.d0.loss_cls: 0.1346  decode.d0.loss_mask: 0.8464  decode.d0.loss_dice: 0.8789  decode.d1.loss_cls: 0.1804  decode.d1.loss_mask: 0.8539  decode.d1.loss_dice: 0.8305  decode.d2.loss_cls: 0.1339  decode.d2.loss_mask: 0.8272  decode.d2.loss_dice: 0.8135  decode.d3.loss_cls: 0.0843  decode.d3.loss_mask: 1.1237  decode.d3.loss_dice: 0.8139  decode.d4.loss_cls: 0.0981  decode.d4.loss_mask: 1.1206  decode.d4.loss_dice: 0.8118  decode.d5.loss_cls: 0.0606  decode.d5.loss_mask: 1.1538  decode.d5.loss_dice: 0.8897  decode.d6.loss_cls: 0.0685  decode.d6.loss_mask: 1.1203  decode.d6.loss_dice: 0.8248  decode.d7.loss_cls: 0.0889  decode.d7.loss_mask: 1.1067  decode.d7.loss_dice: 0.8171  decode.d8.loss_cls: 0.0646  decode.d8.loss_mask: 1.1008  decode.d8.loss_dice: 0.8257
2025/02/27 12:29:57 - mmengine - INFO - Iter(train) [  1600/160000]  base_lr: 9.9100e-05 lr: 9.9100e-06  eta: 1 day, 22:52:28  time: 1.0455  data_time: 0.0197  memory: 16120  grad_norm: 289.3552  loss: 13.5105  decode.loss_cls: 0.0136  decode.loss_mask: 0.4212  decode.loss_dice: 0.9434  decode.d0.loss_cls: 0.0416  decode.d0.loss_mask: 0.4288  decode.d0.loss_dice: 0.9284  decode.d1.loss_cls: 0.0171  decode.d1.loss_mask: 0.4202  decode.d1.loss_dice: 0.9073  decode.d2.loss_cls: 0.0225  decode.d2.loss_mask: 0.4227  decode.d2.loss_dice: 0.9087  decode.d3.loss_cls: 0.0149  decode.d3.loss_mask: 0.4243  decode.d3.loss_dice: 0.8874  decode.d4.loss_cls: 0.0152  decode.d4.loss_mask: 0.4224  decode.d4.loss_dice: 0.8974  decode.d5.loss_cls: 0.0140  decode.d5.loss_mask: 0.4307  decode.d5.loss_dice: 0.9206  decode.d6.loss_cls: 0.0152  decode.d6.loss_mask: 0.4174  decode.d6.loss_dice: 0.9432  decode.d7.loss_cls: 0.0157  decode.d7.loss_mask: 0.4202  decode.d7.loss_dice: 0.8711  decode.d8.loss_cls: 0.0150  decode.d8.loss_mask: 0.4218  decode.d8.loss_dice: 0.8883
2025/02/27 12:30:49 - mmengine - INFO - Iter(train) [  1650/160000]  base_lr: 9.9072e-05 lr: 9.9072e-06  eta: 1 day, 22:49:14  time: 1.0251  data_time: 0.0193  memory: 16120  grad_norm: 307.9655  loss: 14.0663  decode.loss_cls: 0.0509  decode.loss_mask: 0.4848  decode.loss_dice: 0.8631  decode.d0.loss_cls: 0.1006  decode.d0.loss_mask: 0.5026  decode.d0.loss_dice: 0.8160  decode.d1.loss_cls: 0.1166  decode.d1.loss_mask: 0.4846  decode.d1.loss_dice: 0.8155  decode.d2.loss_cls: 0.0413  decode.d2.loss_mask: 0.4743  decode.d2.loss_dice: 0.8694  decode.d3.loss_cls: 0.0933  decode.d3.loss_mask: 0.4786  decode.d3.loss_dice: 0.8556  decode.d4.loss_cls: 0.0982  decode.d4.loss_mask: 0.4886  decode.d4.loss_dice: 0.8363  decode.d5.loss_cls: 0.0600  decode.d5.loss_mask: 0.4801  decode.d5.loss_dice: 0.8606  decode.d6.loss_cls: 0.0695  decode.d6.loss_mask: 0.4734  decode.d6.loss_dice: 0.8467  decode.d7.loss_cls: 0.0719  decode.d7.loss_mask: 0.4882  decode.d7.loss_dice: 0.8539  decode.d8.loss_cls: 0.0713  decode.d8.loss_mask: 0.4859  decode.d8.loss_dice: 0.8344
2025/02/27 12:31:41 - mmengine - INFO - Iter(train) [  1700/160000]  base_lr: 9.9044e-05 lr: 9.9044e-06  eta: 1 day, 22:46:30  time: 1.0386  data_time: 0.0196  memory: 16120  grad_norm: 457.9195  loss: 10.2924  decode.loss_cls: 0.0198  decode.loss_mask: 0.3630  decode.loss_dice: 0.6455  decode.d0.loss_cls: 0.0425  decode.d0.loss_mask: 0.3668  decode.d0.loss_dice: 0.6489  decode.d1.loss_cls: 0.0224  decode.d1.loss_mask: 0.3545  decode.d1.loss_dice: 0.6564  decode.d2.loss_cls: 0.0195  decode.d2.loss_mask: 0.3601  decode.d2.loss_dice: 0.6524  decode.d3.loss_cls: 0.0182  decode.d3.loss_mask: 0.3580  decode.d3.loss_dice: 0.6467  decode.d4.loss_cls: 0.0196  decode.d4.loss_mask: 0.3591  decode.d4.loss_dice: 0.6421  decode.d5.loss_cls: 0.0189  decode.d5.loss_mask: 0.3611  decode.d5.loss_dice: 0.6614  decode.d6.loss_cls: 0.0197  decode.d6.loss_mask: 0.3596  decode.d6.loss_dice: 0.6393  decode.d7.loss_cls: 0.0202  decode.d7.loss_mask: 0.3525  decode.d7.loss_dice: 0.6449  decode.d8.loss_cls: 0.0204  decode.d8.loss_mask: 0.3510  decode.d8.loss_dice: 0.6479
2025/02/27 12:32:33 - mmengine - INFO - Iter(train) [  1750/160000]  base_lr: 9.9016e-05 lr: 9.9016e-06  eta: 1 day, 22:44:10  time: 1.0434  data_time: 0.0205  memory: 16120  grad_norm: 485.0251  loss: 17.8863  decode.loss_cls: 0.0530  decode.loss_mask: 0.9787  decode.loss_dice: 0.7915  decode.d0.loss_cls: 0.1024  decode.d0.loss_mask: 0.9250  decode.d0.loss_dice: 0.7128  decode.d1.loss_cls: 0.1022  decode.d1.loss_mask: 0.9428  decode.d1.loss_dice: 0.7203  decode.d2.loss_cls: 0.1037  decode.d2.loss_mask: 0.9438  decode.d2.loss_dice: 0.7736  decode.d3.loss_cls: 0.1057  decode.d3.loss_mask: 0.9456  decode.d3.loss_dice: 0.7216  decode.d4.loss_cls: 0.1161  decode.d4.loss_mask: 0.9126  decode.d4.loss_dice: 0.7361  decode.d5.loss_cls: 0.1308  decode.d5.loss_mask: 0.9306  decode.d5.loss_dice: 0.7256  decode.d6.loss_cls: 0.1323  decode.d6.loss_mask: 0.9343  decode.d6.loss_dice: 0.7239  decode.d7.loss_cls: 0.1313  decode.d7.loss_mask: 0.9267  decode.d7.loss_dice: 0.7418  decode.d8.loss_cls: 0.1733  decode.d8.loss_mask: 0.9101  decode.d8.loss_dice: 0.7381
2025/02/27 12:33:26 - mmengine - INFO - Iter(train) [  1800/160000]  base_lr: 9.8987e-05 lr: 9.8987e-06  eta: 1 day, 22:42:18  time: 1.0642  data_time: 0.0223  memory: 16120  grad_norm: 392.1405  loss: 12.4301  decode.loss_cls: 0.0692  decode.loss_mask: 0.4679  decode.loss_dice: 0.6947  decode.d0.loss_cls: 0.0685  decode.d0.loss_mask: 0.4691  decode.d0.loss_dice: 0.7002  decode.d1.loss_cls: 0.1491  decode.d1.loss_mask: 0.4750  decode.d1.loss_dice: 0.6683  decode.d2.loss_cls: 0.1023  decode.d2.loss_mask: 0.4600  decode.d2.loss_dice: 0.6767  decode.d3.loss_cls: 0.1048  decode.d3.loss_mask: 0.4757  decode.d3.loss_dice: 0.6660  decode.d4.loss_cls: 0.1122  decode.d4.loss_mask: 0.4668  decode.d4.loss_dice: 0.6574  decode.d5.loss_cls: 0.1165  decode.d5.loss_mask: 0.4723  decode.d5.loss_dice: 0.6441  decode.d6.loss_cls: 0.1196  decode.d6.loss_mask: 0.4723  decode.d6.loss_dice: 0.6389  decode.d7.loss_cls: 0.0802  decode.d7.loss_mask: 0.4701  decode.d7.loss_dice: 0.6851  decode.d8.loss_cls: 0.1033  decode.d8.loss_mask: 0.4647  decode.d8.loss_dice: 0.6790
2025/02/27 12:34:18 - mmengine - INFO - Iter(train) [  1850/160000]  base_lr: 9.8959e-05 lr: 9.8959e-06  eta: 1 day, 22:40:40  time: 1.0714  data_time: 0.0218  memory: 16120  grad_norm: 934.8564  loss: 18.0138  decode.loss_cls: 0.1529  decode.loss_mask: 0.9087  decode.loss_dice: 0.7514  decode.d0.loss_cls: 0.1120  decode.d0.loss_mask: 0.9320  decode.d0.loss_dice: 0.7995  decode.d1.loss_cls: 0.1162  decode.d1.loss_mask: 0.9219  decode.d1.loss_dice: 0.7532  decode.d2.loss_cls: 0.1086  decode.d2.loss_mask: 0.9111  decode.d2.loss_dice: 0.7580  decode.d3.loss_cls: 0.1168  decode.d3.loss_mask: 0.9267  decode.d3.loss_dice: 0.7639  decode.d4.loss_cls: 0.1605  decode.d4.loss_mask: 0.9034  decode.d4.loss_dice: 0.7443  decode.d5.loss_cls: 0.1486  decode.d5.loss_mask: 0.9111  decode.d5.loss_dice: 0.7344  decode.d6.loss_cls: 0.1339  decode.d6.loss_mask: 0.9103  decode.d6.loss_dice: 0.7412  decode.d7.loss_cls: 0.1164  decode.d7.loss_mask: 0.9153  decode.d7.loss_dice: 0.7342  decode.d8.loss_cls: 0.1513  decode.d8.loss_mask: 0.9149  decode.d8.loss_dice: 0.7610
2025/02/27 12:35:10 - mmengine - INFO - Iter(train) [  1900/160000]  base_lr: 9.8931e-05 lr: 9.8931e-06  eta: 1 day, 22:37:44  time: 1.0217  data_time: 0.0186  memory: 16120  grad_norm: 544.7891  loss: 14.8709  decode.loss_cls: 0.0829  decode.loss_mask: 0.6221  decode.loss_dice: 0.7932  decode.d0.loss_cls: 0.0723  decode.d0.loss_mask: 0.6394  decode.d0.loss_dice: 0.8352  decode.d1.loss_cls: 0.0796  decode.d1.loss_mask: 0.6187  decode.d1.loss_dice: 0.7521  decode.d2.loss_cls: 0.0640  decode.d2.loss_mask: 0.6195  decode.d2.loss_dice: 0.7423  decode.d3.loss_cls: 0.0731  decode.d3.loss_mask: 0.6161  decode.d3.loss_dice: 0.7645  decode.d4.loss_cls: 0.1052  decode.d4.loss_mask: 0.6159  decode.d4.loss_dice: 0.7599  decode.d5.loss_cls: 0.1374  decode.d5.loss_mask: 0.6344  decode.d5.loss_dice: 0.7441  decode.d6.loss_cls: 0.1275  decode.d6.loss_mask: 0.6248  decode.d6.loss_dice: 0.7524  decode.d7.loss_cls: 0.1451  decode.d7.loss_mask: 0.6155  decode.d7.loss_dice: 0.7505  decode.d8.loss_cls: 0.1220  decode.d8.loss_mask: 0.6273  decode.d8.loss_dice: 0.7341
2025/02/27 12:36:03 - mmengine - INFO - Iter(train) [  1950/160000]  base_lr: 9.8903e-05 lr: 9.8903e-06  eta: 1 day, 22:36:31  time: 1.0487  data_time: 0.0199  memory: 16120  grad_norm: 347.0252  loss: 11.2857  decode.loss_cls: 0.0141  decode.loss_mask: 0.4763  decode.loss_dice: 0.6548  decode.d0.loss_cls: 0.0729  decode.d0.loss_mask: 0.4070  decode.d0.loss_dice: 0.6932  decode.d1.loss_cls: 0.0866  decode.d1.loss_mask: 0.4153  decode.d1.loss_dice: 0.6228  decode.d2.loss_cls: 0.0806  decode.d2.loss_mask: 0.3986  decode.d2.loss_dice: 0.6429  decode.d3.loss_cls: 0.1644  decode.d3.loss_mask: 0.3817  decode.d3.loss_dice: 0.5668  decode.d4.loss_cls: 0.0824  decode.d4.loss_mask: 0.4058  decode.d4.loss_dice: 0.6132  decode.d5.loss_cls: 0.1589  decode.d5.loss_mask: 0.3815  decode.d5.loss_dice: 0.6039  decode.d6.loss_cls: 0.0901  decode.d6.loss_mask: 0.4115  decode.d6.loss_dice: 0.6110  decode.d7.loss_cls: 0.0883  decode.d7.loss_mask: 0.4088  decode.d7.loss_dice: 0.6280  decode.d8.loss_cls: 0.0802  decode.d8.loss_mask: 0.4024  decode.d8.loss_dice: 0.6414
2025/02/27 12:36:56 - mmengine - INFO - Exp name: mask2former_swin-t_8xb2-160k_ade20k-512x512_20250227_120057
2025/02/27 12:36:56 - mmengine - INFO - Iter(train) [  2000/160000]  base_lr: 9.8875e-05 lr: 9.8875e-06  eta: 1 day, 22:35:43  time: 1.0579  data_time: 0.0197  memory: 16120  grad_norm: 1223.2886  loss: 16.6417  decode.loss_cls: 0.0086  decode.loss_mask: 0.7892  decode.loss_dice: 0.8945  decode.d0.loss_cls: 0.0732  decode.d0.loss_mask: 0.7515  decode.d0.loss_dice: 0.8509  decode.d1.loss_cls: 0.0117  decode.d1.loss_mask: 0.7778  decode.d1.loss_dice: 0.8976  decode.d2.loss_cls: 0.0465  decode.d2.loss_mask: 0.7310  decode.d2.loss_dice: 0.8357  decode.d3.loss_cls: 0.0685  decode.d3.loss_mask: 0.7322  decode.d3.loss_dice: 0.8408  decode.d4.loss_cls: 0.0640  decode.d4.loss_mask: 0.7382  decode.d4.loss_dice: 0.8482  decode.d5.loss_cls: 0.0621  decode.d5.loss_mask: 0.7335  decode.d5.loss_dice: 0.8489  decode.d6.loss_cls: 0.0093  decode.d6.loss_mask: 0.7727  decode.d6.loss_dice: 0.9042  decode.d7.loss_cls: 0.0103  decode.d7.loss_mask: 0.7769  decode.d7.loss_dice: 0.8887  decode.d8.loss_cls: 0.0095  decode.d8.loss_mask: 0.7714  decode.d8.loss_dice: 0.8940
2025/02/27 12:37:47 - mmengine - INFO - Iter(train) [  2050/160000]  base_lr: 9.8847e-05 lr: 9.8847e-06  eta: 1 day, 22:32:32  time: 1.0247  data_time: 0.0185  memory: 16120  grad_norm: 350.5650  loss: 15.4145  decode.loss_cls: 0.0017  decode.loss_mask: 0.7161  decode.loss_dice: 0.8135  decode.d0.loss_cls: 0.0348  decode.d0.loss_mask: 0.7260  decode.d0.loss_dice: 0.8618  decode.d1.loss_cls: 0.0044  decode.d1.loss_mask: 0.7154  decode.d1.loss_dice: 0.8145  decode.d2.loss_cls: 0.0037  decode.d2.loss_mask: 0.7188  decode.d2.loss_dice: 0.8303  decode.d3.loss_cls: 0.0032  decode.d3.loss_mask: 0.7178  decode.d3.loss_dice: 0.8058  decode.d4.loss_cls: 0.0043  decode.d4.loss_mask: 0.7190  decode.d4.loss_dice: 0.8183  decode.d5.loss_cls: 0.0053  decode.d5.loss_mask: 0.7217  decode.d5.loss_dice: 0.8008  decode.d6.loss_cls: 0.0021  decode.d6.loss_mask: 0.7131  decode.d6.loss_dice: 0.8171  decode.d7.loss_cls: 0.0027  decode.d7.loss_mask: 0.7087  decode.d7.loss_dice: 0.8101  decode.d8.loss_cls: 0.0029  decode.d8.loss_mask: 0.7111  decode.d8.loss_dice: 0.8095
2025/02/27 12:38:39 - mmengine - INFO - Iter(train) [  2100/160000]  base_lr: 9.8819e-05 lr: 9.8819e-06  eta: 1 day, 22:29:48  time: 1.0368  data_time: 0.0193  memory: 16120  grad_norm: 450.9325  loss: 14.0606  decode.loss_cls: 0.0108  decode.loss_mask: 0.6313  decode.loss_dice: 0.7397  decode.d0.loss_cls: 0.0370  decode.d0.loss_mask: 0.6629  decode.d0.loss_dice: 0.7494  decode.d1.loss_cls: 0.0146  decode.d1.loss_mask: 0.6488  decode.d1.loss_dice: 0.7458  decode.d2.loss_cls: 0.0163  decode.d2.loss_mask: 0.6484  decode.d2.loss_dice: 0.7342  decode.d3.loss_cls: 0.0150  decode.d3.loss_mask: 0.6389  decode.d3.loss_dice: 0.7403  decode.d4.loss_cls: 0.0156  decode.d4.loss_mask: 0.6446  decode.d4.loss_dice: 0.7540  decode.d5.loss_cls: 0.0158  decode.d5.loss_mask: 0.6366  decode.d5.loss_dice: 0.7477  decode.d6.loss_cls: 0.0130  decode.d6.loss_mask: 0.6429  decode.d6.loss_dice: 0.7422  decode.d7.loss_cls: 0.0126  decode.d7.loss_mask: 0.6598  decode.d7.loss_dice: 0.7427  decode.d8.loss_cls: 0.0133  decode.d8.loss_mask: 0.6456  decode.d8.loss_dice: 0.7407
2025/02/27 12:39:31 - mmengine - INFO - Iter(train) [  2150/160000]  base_lr: 9.8790e-05 lr: 9.8790e-06  eta: 1 day, 22:28:22  time: 1.0369  data_time: 0.0200  memory: 16120  grad_norm: 672.3932  loss: 17.5571  decode.loss_cls: 0.0036  decode.loss_mask: 0.8723  decode.loss_dice: 0.7939  decode.d0.loss_cls: 0.1874  decode.d0.loss_mask: 0.8275  decode.d0.loss_dice: 0.8485  decode.d1.loss_cls: 0.0994  decode.d1.loss_mask: 0.8553  decode.d1.loss_dice: 0.8256  decode.d2.loss_cls: 0.0749  decode.d2.loss_mask: 0.8594  decode.d2.loss_dice: 0.8378  decode.d3.loss_cls: 0.0780  decode.d3.loss_mask: 0.8556  decode.d3.loss_dice: 0.8424  decode.d4.loss_cls: 0.0881  decode.d4.loss_mask: 0.8552  decode.d4.loss_dice: 0.8273  decode.d5.loss_cls: 0.0804  decode.d5.loss_mask: 0.8615  decode.d5.loss_dice: 0.8252  decode.d6.loss_cls: 0.0743  decode.d6.loss_mask: 0.8581  decode.d6.loss_dice: 0.8222  decode.d7.loss_cls: 0.0731  decode.d7.loss_mask: 0.8760  decode.d7.loss_dice: 0.8022  decode.d8.loss_cls: 0.0055  decode.d8.loss_mask: 0.8714  decode.d8.loss_dice: 0.7750
2025/02/27 12:40:24 - mmengine - INFO - Iter(train) [  2200/160000]  base_lr: 9.8762e-05 lr: 9.8762e-06  eta: 1 day, 22:26:35  time: 1.0315  data_time: 0.0195  memory: 16120  grad_norm: 645.8989  loss: 13.5223  decode.loss_cls: 0.0008  decode.loss_mask: 0.4900  decode.loss_dice: 0.8516  decode.d0.loss_cls: 0.0957  decode.d0.loss_mask: 0.5070  decode.d0.loss_dice: 0.7526  decode.d1.loss_cls: 0.0019  decode.d1.loss_mask: 0.5001  decode.d1.loss_dice: 0.8344  decode.d2.loss_cls: 0.0049  decode.d2.loss_mask: 0.4889  decode.d2.loss_dice: 0.8544  decode.d3.loss_cls: 0.0015  decode.d3.loss_mask: 0.4897  decode.d3.loss_dice: 0.8592  decode.d4.loss_cls: 0.0027  decode.d4.loss_mask: 0.4898  decode.d4.loss_dice: 0.8910  decode.d5.loss_cls: 0.0047  decode.d5.loss_mask: 0.4968  decode.d5.loss_dice: 0.8796  decode.d6.loss_cls: 0.0017  decode.d6.loss_mask: 0.4865  decode.d6.loss_dice: 0.8266  decode.d7.loss_cls: 0.0021  decode.d7.loss_mask: 0.4850  decode.d7.loss_dice: 0.8360  decode.d8.loss_cls: 0.0107  decode.d8.loss_mask: 0.4908  decode.d8.loss_dice: 0.8856
2025/02/27 12:41:15 - mmengine - INFO - Iter(train) [  2250/160000]  base_lr: 9.8734e-05 lr: 9.8734e-06  eta: 1 day, 22:23:20  time: 1.0027  data_time: 0.0175  memory: 16120  grad_norm: 1003.8314  loss: 15.3663  decode.loss_cls: 0.0019  decode.loss_mask: 0.5381  decode.loss_dice: 0.9901  decode.d0.loss_cls: 0.0310  decode.d0.loss_mask: 0.5501  decode.d0.loss_dice: 1.0647  decode.d1.loss_cls: 0.0067  decode.d1.loss_mask: 0.5300  decode.d1.loss_dice: 0.9744  decode.d2.loss_cls: 0.0166  decode.d2.loss_mask: 0.5405  decode.d2.loss_dice: 0.9971  decode.d3.loss_cls: 0.0079  decode.d3.loss_mask: 0.5344  decode.d3.loss_dice: 0.9743  decode.d4.loss_cls: 0.0103  decode.d4.loss_mask: 0.5283  decode.d4.loss_dice: 0.9725  decode.d5.loss_cls: 0.0089  decode.d5.loss_mask: 0.5309  decode.d5.loss_dice: 0.9780  decode.d6.loss_cls: 0.0095  decode.d6.loss_mask: 0.5313  decode.d6.loss_dice: 0.9696  decode.d7.loss_cls: 0.0105  decode.d7.loss_mask: 0.5349  decode.d7.loss_dice: 1.0023  decode.d8.loss_cls: 0.0053  decode.d8.loss_mask: 0.5307  decode.d8.loss_dice: 0.9856
2025/02/27 12:42:06 - mmengine - INFO - Iter(train) [  2300/160000]  base_lr: 9.8706e-05 lr: 9.8706e-06  eta: 1 day, 22:20:41  time: 1.0489  data_time: 0.0204  memory: 16120  grad_norm: 305.6472  loss: 17.1791  decode.loss_cls: 0.0059  decode.loss_mask: 0.8979  decode.loss_dice: 0.8736  decode.d0.loss_cls: 0.1285  decode.d0.loss_mask: 0.7524  decode.d0.loss_dice: 0.8099  decode.d1.loss_cls: 0.0959  decode.d1.loss_mask: 0.7688  decode.d1.loss_dice: 0.8165  decode.d2.loss_cls: 0.1136  decode.d2.loss_mask: 0.7680  decode.d2.loss_dice: 0.8248  decode.d3.loss_cls: 0.1147  decode.d3.loss_mask: 0.7689  decode.d3.loss_dice: 0.8236  decode.d4.loss_cls: 0.0069  decode.d4.loss_mask: 0.9019  decode.d4.loss_dice: 0.8857  decode.d5.loss_cls: 0.0061  decode.d5.loss_mask: 0.9016  decode.d5.loss_dice: 0.8765  decode.d6.loss_cls: 0.0965  decode.d6.loss_mask: 0.7467  decode.d6.loss_dice: 0.8310  decode.d7.loss_cls: 0.1092  decode.d7.loss_mask: 0.7495  decode.d7.loss_dice: 0.8296  decode.d8.loss_cls: 0.1184  decode.d8.loss_mask: 0.7332  decode.d8.loss_dice: 0.8232
2025/02/27 12:42:57 - mmengine - INFO - Iter(train) [  2350/160000]  base_lr: 9.8678e-05 lr: 9.8678e-06  eta: 1 day, 22:17:32  time: 1.0038  data_time: 0.0205  memory: 16120  grad_norm: 468.5447  loss: 14.4515  decode.loss_cls: 0.0047  decode.loss_mask: 0.8328  decode.loss_dice: 0.5830  decode.d0.loss_cls: 0.0755  decode.d0.loss_mask: 0.8387  decode.d0.loss_dice: 0.5947  decode.d1.loss_cls: 0.0068  decode.d1.loss_mask: 0.8463  decode.d1.loss_dice: 0.5879  decode.d2.loss_cls: 0.0095  decode.d2.loss_mask: 0.8554  decode.d2.loss_dice: 0.5871  decode.d3.loss_cls: 0.0065  decode.d3.loss_mask: 0.8426  decode.d3.loss_dice: 0.5814  decode.d4.loss_cls: 0.0053  decode.d4.loss_mask: 0.8635  decode.d4.loss_dice: 0.5762  decode.d5.loss_cls: 0.0056  decode.d5.loss_mask: 0.8528  decode.d5.loss_dice: 0.5916  decode.d6.loss_cls: 0.0061  decode.d6.loss_mask: 0.8413  decode.d6.loss_dice: 0.5853  decode.d7.loss_cls: 0.0061  decode.d7.loss_mask: 0.8384  decode.d7.loss_dice: 0.5859  decode.d8.loss_cls: 0.0053  decode.d8.loss_mask: 0.8413  decode.d8.loss_dice: 0.5937
2025/02/27 12:43:48 - mmengine - INFO - Iter(train) [  2400/160000]  base_lr: 9.8650e-05 lr: 9.8650e-06  eta: 1 day, 22:15:03  time: 1.0257  data_time: 0.0215  memory: 16120  grad_norm: 335.2082  loss: 12.4644  decode.loss_cls: 0.0604  decode.loss_mask: 0.4789  decode.loss_dice: 0.7074  decode.d0.loss_cls: 0.0931  decode.d0.loss_mask: 0.4803  decode.d0.loss_dice: 0.6658  decode.d1.loss_cls: 0.0523  decode.d1.loss_mask: 0.4848  decode.d1.loss_dice: 0.6823  decode.d2.loss_cls: 0.0718  decode.d2.loss_mask: 0.4911  decode.d2.loss_dice: 0.6889  decode.d3.loss_cls: 0.0787  decode.d3.loss_mask: 0.4837  decode.d3.loss_dice: 0.6927  decode.d4.loss_cls: 0.0715  decode.d4.loss_mask: 0.4834  decode.d4.loss_dice: 0.6962  decode.d5.loss_cls: 0.0813  decode.d5.loss_mask: 0.4915  decode.d5.loss_dice: 0.6954  decode.d6.loss_cls: 0.0977  decode.d6.loss_mask: 0.4819  decode.d6.loss_dice: 0.6876  decode.d7.loss_cls: 0.0744  decode.d7.loss_mask: 0.4815  decode.d7.loss_dice: 0.6842  decode.d8.loss_cls: 0.0599  decode.d8.loss_mask: 0.4830  decode.d8.loss_dice: 0.6826
2025/02/27 12:44:39 - mmengine - INFO - Iter(train) [  2450/160000]  base_lr: 9.8621e-05 lr: 9.8621e-06  eta: 1 day, 22:12:07  time: 1.0154  data_time: 0.0174  memory: 16120  grad_norm: 1088.9209  loss: 13.8940  decode.loss_cls: 0.0061  decode.loss_mask: 0.6219  decode.loss_dice: 0.7388  decode.d0.loss_cls: 0.0865  decode.d0.loss_mask: 0.6602  decode.d0.loss_dice: 0.7144  decode.d1.loss_cls: 0.0102  decode.d1.loss_mask: 0.6446  decode.d1.loss_dice: 0.7332  decode.d2.loss_cls: 0.0083  decode.d2.loss_mask: 0.6362  decode.d2.loss_dice: 0.7527  decode.d3.loss_cls: 0.0094  decode.d3.loss_mask: 0.6417  decode.d3.loss_dice: 0.7354  decode.d4.loss_cls: 0.0127  decode.d4.loss_mask: 0.6370  decode.d4.loss_dice: 0.7266  decode.d5.loss_cls: 0.0088  decode.d5.loss_mask: 0.6451  decode.d5.loss_dice: 0.7219  decode.d6.loss_cls: 0.0112  decode.d6.loss_mask: 0.6393  decode.d6.loss_dice: 0.7415  decode.d7.loss_cls: 0.0133  decode.d7.loss_mask: 0.6387  decode.d7.loss_dice: 0.7305  decode.d8.loss_cls: 0.0063  decode.d8.loss_mask: 0.6273  decode.d8.loss_dice: 0.7339
2025/02/27 12:45:31 - mmengine - INFO - Iter(train) [  2500/160000]  base_lr: 9.8593e-05 lr: 9.8593e-06  eta: 1 day, 22:09:48  time: 1.0354  data_time: 0.0224  memory: 16120  grad_norm: 962.5763  loss: 13.4367  decode.loss_cls: 0.0193  decode.loss_mask: 0.4824  decode.loss_dice: 0.8184  decode.d0.loss_cls: 0.0504  decode.d0.loss_mask: 0.4594  decode.d0.loss_dice: 0.8823  decode.d1.loss_cls: 0.0283  decode.d1.loss_mask: 0.4655  decode.d1.loss_dice: 0.8449  decode.d2.loss_cls: 0.0287  decode.d2.loss_mask: 0.4720  decode.d2.loss_dice: 0.8580  decode.d3.loss_cls: 0.0250  decode.d3.loss_mask: 0.4698  decode.d3.loss_dice: 0.8878  decode.d4.loss_cls: 0.0311  decode.d4.loss_mask: 0.4612  decode.d4.loss_dice: 0.8140  decode.d5.loss_cls: 0.0141  decode.d5.loss_mask: 0.4702  decode.d5.loss_dice: 0.8354  decode.d6.loss_cls: 0.0207  decode.d6.loss_mask: 0.4717  decode.d6.loss_dice: 0.8364  decode.d7.loss_cls: 0.0238  decode.d7.loss_mask: 0.4693  decode.d7.loss_dice: 0.8104  decode.d8.loss_cls: 0.0144  decode.d8.loss_mask: 0.4874  decode.d8.loss_dice: 0.8845
2025/02/27 12:46:21 - mmengine - INFO - Iter(train) [  2550/160000]  base_lr: 9.8565e-05 lr: 9.8565e-06  eta: 1 day, 22:06:53  time: 1.0218  data_time: 0.0205  memory: 16120  grad_norm: 661.1465  loss: 12.5395  decode.loss_cls: 0.0785  decode.loss_mask: 0.5599  decode.loss_dice: 0.5827  decode.d0.loss_cls: 0.1504  decode.d0.loss_mask: 0.5767  decode.d0.loss_dice: 0.5651  decode.d1.loss_cls: 0.0677  decode.d1.loss_mask: 0.5605  decode.d1.loss_dice: 0.5591  decode.d2.loss_cls: 0.1044  decode.d2.loss_mask: 0.5503  decode.d2.loss_dice: 0.5659  decode.d3.loss_cls: 0.0734  decode.d3.loss_mask: 0.5637  decode.d3.loss_dice: 0.5913  decode.d4.loss_cls: 0.0879  decode.d4.loss_mask: 0.5940  decode.d4.loss_dice: 0.6041  decode.d5.loss_cls: 0.0922  decode.d5.loss_mask: 0.5977  decode.d5.loss_dice: 0.6029  decode.d6.loss_cls: 0.0887  decode.d6.loss_mask: 0.6155  decode.d6.loss_dice: 0.6324  decode.d7.loss_cls: 0.0824  decode.d7.loss_mask: 0.5668  decode.d7.loss_dice: 0.6039  decode.d8.loss_cls: 0.0833  decode.d8.loss_mask: 0.5591  decode.d8.loss_dice: 0.5792
2025/02/27 12:47:12 - mmengine - INFO - Iter(train) [  2600/160000]  base_lr: 9.8537e-05 lr: 9.8537e-06  eta: 1 day, 22:04:17  time: 1.0319  data_time: 0.0204  memory: 16120  grad_norm: 371.3736  loss: 14.7255  decode.loss_cls: 0.0041  decode.loss_mask: 0.7543  decode.loss_dice: 0.7208  decode.d0.loss_cls: 0.0441  decode.d0.loss_mask: 0.7643  decode.d0.loss_dice: 0.7082  decode.d1.loss_cls: 0.0080  decode.d1.loss_mask: 0.7591  decode.d1.loss_dice: 0.7085  decode.d2.loss_cls: 0.0061  decode.d2.loss_mask: 0.7554  decode.d2.loss_dice: 0.7032  decode.d3.loss_cls: 0.0054  decode.d3.loss_mask: 0.7518  decode.d3.loss_dice: 0.7001  decode.d4.loss_cls: 0.0049  decode.d4.loss_mask: 0.7492  decode.d4.loss_dice: 0.7127  decode.d5.loss_cls: 0.0055  decode.d5.loss_mask: 0.7524  decode.d5.loss_dice: 0.7031  decode.d6.loss_cls: 0.0051  decode.d6.loss_mask: 0.7549  decode.d6.loss_dice: 0.7093  decode.d7.loss_cls: 0.0055  decode.d7.loss_mask: 0.7517  decode.d7.loss_dice: 0.7130  decode.d8.loss_cls: 0.0059  decode.d8.loss_mask: 0.7528  decode.d8.loss_dice: 0.7060
2025/02/27 12:48:05 - mmengine - INFO - Iter(train) [  2650/160000]  base_lr: 9.8509e-05 lr: 9.8509e-06  eta: 1 day, 22:03:36  time: 1.0594  data_time: 0.0202  memory: 16120  grad_norm: 397.2731  loss: 11.3242  decode.loss_cls: 0.0308  decode.loss_mask: 0.3352  decode.loss_dice: 0.7504  decode.d0.loss_cls: 0.0718  decode.d0.loss_mask: 0.3278  decode.d0.loss_dice: 0.7172  decode.d1.loss_cls: 0.1057  decode.d1.loss_mask: 0.3437  decode.d1.loss_dice: 0.7338  decode.d2.loss_cls: 0.0980  decode.d2.loss_mask: 0.3347  decode.d2.loss_dice: 0.7219  decode.d3.loss_cls: 0.0190  decode.d3.loss_mask: 0.3448  decode.d3.loss_dice: 0.7507  decode.d4.loss_cls: 0.1149  decode.d4.loss_mask: 0.3322  decode.d4.loss_dice: 0.7174  decode.d5.loss_cls: 0.0678  decode.d5.loss_mask: 0.3422  decode.d5.loss_dice: 0.7223  decode.d6.loss_cls: 0.0748  decode.d6.loss_mask: 0.3405  decode.d6.loss_dice: 0.7153  decode.d7.loss_cls: 0.0157  decode.d7.loss_mask: 0.3438  decode.d7.loss_dice: 0.7609  decode.d8.loss_cls: 0.0154  decode.d8.loss_mask: 0.3417  decode.d8.loss_dice: 0.7340
2025/02/27 12:48:58 - mmengine - INFO - Iter(train) [  2700/160000]  base_lr: 9.8481e-05 lr: 9.8481e-06  eta: 1 day, 22:02:22  time: 1.0539  data_time: 0.0194  memory: 16120  grad_norm: 271.9847  loss: 13.1232  decode.loss_cls: 0.0027  decode.loss_mask: 0.5854  decode.loss_dice: 0.7044  decode.d0.loss_cls: 0.0381  decode.d0.loss_mask: 0.5958  decode.d0.loss_dice: 0.7359  decode.d1.loss_cls: 0.0034  decode.d1.loss_mask: 0.5912  decode.d1.loss_dice: 0.7079  decode.d2.loss_cls: 0.0022  decode.d2.loss_mask: 0.5892  decode.d2.loss_dice: 0.7095  decode.d3.loss_cls: 0.0029  decode.d3.loss_mask: 0.5922  decode.d3.loss_dice: 0.7085  decode.d4.loss_cls: 0.0030  decode.d4.loss_mask: 0.5918  decode.d4.loss_dice: 0.7198  decode.d5.loss_cls: 0.0037  decode.d5.loss_mask: 0.5855  decode.d5.loss_dice: 0.7065  decode.d6.loss_cls: 0.0033  decode.d6.loss_mask: 0.5844  decode.d6.loss_dice: 0.7322  decode.d7.loss_cls: 0.0034  decode.d7.loss_mask: 0.5838  decode.d7.loss_dice: 0.7232  decode.d8.loss_cls: 0.0016  decode.d8.loss_mask: 0.5913  decode.d8.loss_dice: 0.7204
2025/02/27 12:49:50 - mmengine - INFO - Iter(train) [  2750/160000]  base_lr: 9.8452e-05 lr: 9.8452e-06  eta: 1 day, 22:01:17  time: 1.0803  data_time: 0.0204  memory: 16120  grad_norm: 758.8823  loss: 22.3179  decode.loss_cls: 0.0218  decode.loss_mask: 1.2017  decode.loss_dice: 1.0842  decode.d0.loss_cls: 0.0994  decode.d0.loss_mask: 0.9677  decode.d0.loss_dice: 1.0363  decode.d1.loss_cls: 0.1346  decode.d1.loss_mask: 1.1230  decode.d1.loss_dice: 1.0118  decode.d2.loss_cls: 0.0155  decode.d2.loss_mask: 1.2795  decode.d2.loss_dice: 1.1047  decode.d3.loss_cls: 0.1285  decode.d3.loss_mask: 1.0331  decode.d3.loss_dice: 1.0368  decode.d4.loss_cls: 0.0849  decode.d4.loss_mask: 1.1713  decode.d4.loss_dice: 0.9801  decode.d5.loss_cls: 0.0512  decode.d5.loss_mask: 1.1453  decode.d5.loss_dice: 1.0246  decode.d6.loss_cls: 0.0627  decode.d6.loss_mask: 1.1233  decode.d6.loss_dice: 0.9931  decode.d7.loss_cls: 0.1384  decode.d7.loss_mask: 1.0190  decode.d7.loss_dice: 1.0241  decode.d8.loss_cls: 0.0609  decode.d8.loss_mask: 1.0390  decode.d8.loss_dice: 1.1216
2025/02/27 12:50:42 - mmengine - INFO - Iter(train) [  2800/160000]  base_lr: 9.8424e-05 lr: 9.8424e-06  eta: 1 day, 22:00:02  time: 1.0460  data_time: 0.0189  memory: 16120  grad_norm: 638.4999  loss: 18.4812  decode.loss_cls: 0.1999  decode.loss_mask: 0.7984  decode.loss_dice: 0.9635  decode.d0.loss_cls: 0.0685  decode.d0.loss_mask: 0.8039  decode.d0.loss_dice: 0.9319  decode.d1.loss_cls: 0.2025  decode.d1.loss_mask: 0.7767  decode.d1.loss_dice: 0.8884  decode.d2.loss_cls: 0.1207  decode.d2.loss_mask: 0.7680  decode.d2.loss_dice: 0.8956  decode.d3.loss_cls: 0.1705  decode.d3.loss_mask: 0.7649  decode.d3.loss_dice: 0.8966  decode.d4.loss_cls: 0.0680  decode.d4.loss_mask: 0.7820  decode.d4.loss_dice: 0.9785  decode.d5.loss_cls: 0.0528  decode.d5.loss_mask: 0.7896  decode.d5.loss_dice: 0.9616  decode.d6.loss_cls: 0.1118  decode.d6.loss_mask: 0.7916  decode.d6.loss_dice: 0.9643  decode.d7.loss_cls: 0.1072  decode.d7.loss_mask: 0.7720  decode.d7.loss_dice: 0.9552  decode.d8.loss_cls: 0.1458  decode.d8.loss_mask: 0.7951  decode.d8.loss_dice: 0.9557
2025/02/27 12:51:35 - mmengine - INFO - Iter(train) [  2850/160000]  base_lr: 9.8396e-05 lr: 9.8396e-06  eta: 1 day, 21:58:39  time: 1.0631  data_time: 0.0181  memory: 16120  grad_norm: 903.1727  loss: 12.1401  decode.loss_cls: 0.0368  decode.loss_mask: 0.5597  decode.loss_dice: 0.6014  decode.d0.loss_cls: 0.0743  decode.d0.loss_mask: 0.5759  decode.d0.loss_dice: 0.5839  decode.d1.loss_cls: 0.1060  decode.d1.loss_mask: 0.5603  decode.d1.loss_dice: 0.5762  decode.d2.loss_cls: 0.0199  decode.d2.loss_mask: 0.5647  decode.d2.loss_dice: 0.5902  decode.d3.loss_cls: 0.0767  decode.d3.loss_mask: 0.5690  decode.d3.loss_dice: 0.5789  decode.d4.loss_cls: 0.0840  decode.d4.loss_mask: 0.5631  decode.d4.loss_dice: 0.5973  decode.d5.loss_cls: 0.0757  decode.d5.loss_mask: 0.5759  decode.d5.loss_dice: 0.5827  decode.d6.loss_cls: 0.0688  decode.d6.loss_mask: 0.5736  decode.d6.loss_dice: 0.5661  decode.d7.loss_cls: 0.0607  decode.d7.loss_mask: 0.5679  decode.d7.loss_dice: 0.5758  decode.d8.loss_cls: 0.0187  decode.d8.loss_mask: 0.5565  decode.d8.loss_dice: 0.5995
2025/02/27 12:52:26 - mmengine - INFO - Iter(train) [  2900/160000]  base_lr: 9.8368e-05 lr: 9.8368e-06  eta: 1 day, 21:56:30  time: 1.0146  data_time: 0.0188  memory: 16120  grad_norm: 672.9204  loss: 18.2739  decode.loss_cls: 0.0256  decode.loss_mask: 0.8262  decode.loss_dice: 0.9880  decode.d0.loss_cls: 0.0425  decode.d0.loss_mask: 0.8456  decode.d0.loss_dice: 0.9537  decode.d1.loss_cls: 0.0498  decode.d1.loss_mask: 0.8348  decode.d1.loss_dice: 0.9508  decode.d2.loss_cls: 0.0304  decode.d2.loss_mask: 0.8329  decode.d2.loss_dice: 0.9294  decode.d3.loss_cls: 0.0236  decode.d3.loss_mask: 0.8405  decode.d3.loss_dice: 0.9413  decode.d4.loss_cls: 0.0282  decode.d4.loss_mask: 0.8508  decode.d4.loss_dice: 0.9326  decode.d5.loss_cls: 0.0386  decode.d5.loss_mask: 0.8437  decode.d5.loss_dice: 0.9426  decode.d6.loss_cls: 0.0298  decode.d6.loss_mask: 0.8479  decode.d6.loss_dice: 0.9607  decode.d7.loss_cls: 0.0291  decode.d7.loss_mask: 0.8477  decode.d7.loss_dice: 0.9606  decode.d8.loss_cls: 0.0272  decode.d8.loss_mask: 0.8475  decode.d8.loss_dice: 0.9717
2025/02/27 12:53:18 - mmengine - INFO - Iter(train) [  2950/160000]  base_lr: 9.8340e-05 lr: 9.8340e-06  eta: 1 day, 21:55:02  time: 1.0387  data_time: 0.0198  memory: 16120  grad_norm: 350.6940  loss: 17.5175  decode.loss_cls: 0.0281  decode.loss_mask: 0.7222  decode.loss_dice: 0.9890  decode.d0.loss_cls: 0.1804  decode.d0.loss_mask: 0.6651  decode.d0.loss_dice: 0.9370  decode.d1.loss_cls: 0.2393  decode.d1.loss_mask: 0.6685  decode.d1.loss_dice: 0.9275  decode.d2.loss_cls: 0.1543  decode.d2.loss_mask: 0.6927  decode.d2.loss_dice: 0.9166  decode.d3.loss_cls: 0.1317  decode.d3.loss_mask: 0.7102  decode.d3.loss_dice: 0.9246  decode.d4.loss_cls: 0.0857  decode.d4.loss_mask: 0.7179  decode.d4.loss_dice: 0.9308  decode.d5.loss_cls: 0.0929  decode.d5.loss_mask: 0.7209  decode.d5.loss_dice: 0.9186  decode.d6.loss_cls: 0.0898  decode.d6.loss_mask: 0.7151  decode.d6.loss_dice: 0.9163  decode.d7.loss_cls: 0.0705  decode.d7.loss_mask: 0.7183  decode.d7.loss_dice: 0.9256  decode.d8.loss_cls: 0.0295  decode.d8.loss_mask: 0.7198  decode.d8.loss_dice: 0.9784
2025/02/27 12:54:11 - mmengine - INFO - Exp name: mask2former_swin-t_8xb2-160k_ade20k-512x512_20250227_120057
2025/02/27 12:54:11 - mmengine - INFO - Iter(train) [  3000/160000]  base_lr: 9.8311e-05 lr: 9.8311e-06  eta: 1 day, 21:54:31  time: 1.0406  data_time: 0.0187  memory: 16120  grad_norm: 507.4996  loss: 19.8755  decode.loss_cls: 0.0970  decode.loss_mask: 0.7497  decode.loss_dice: 1.1958  decode.d0.loss_cls: 0.0790  decode.d0.loss_mask: 0.7204  decode.d0.loss_dice: 1.1367  decode.d1.loss_cls: 0.0930  decode.d1.loss_mask: 0.7580  decode.d1.loss_dice: 1.1283  decode.d2.loss_cls: 0.1710  decode.d2.loss_mask: 0.7617  decode.d2.loss_dice: 1.1466  decode.d3.loss_cls: 0.1161  decode.d3.loss_mask: 0.7437  decode.d3.loss_dice: 1.1169  decode.d4.loss_cls: 0.0872  decode.d4.loss_mask: 0.7422  decode.d4.loss_dice: 1.1548  decode.d5.loss_cls: 0.0879  decode.d5.loss_mask: 0.7689  decode.d5.loss_dice: 1.1365  decode.d6.loss_cls: 0.0884  decode.d6.loss_mask: 0.7494  decode.d6.loss_dice: 1.1412  decode.d7.loss_cls: 0.0794  decode.d7.loss_mask: 0.7477  decode.d7.loss_dice: 1.1369  decode.d8.loss_cls: 0.0723  decode.d8.loss_mask: 0.7385  decode.d8.loss_dice: 1.1302
2025/02/27 12:55:03 - mmengine - INFO - Iter(train) [  3050/160000]  base_lr: 9.8283e-05 lr: 9.8283e-06  eta: 1 day, 21:53:36  time: 1.0458  data_time: 0.0188  memory: 16120  grad_norm: 414.7068  loss: 16.2334  decode.loss_cls: 0.0124  decode.loss_mask: 0.8401  decode.loss_dice: 0.7560  decode.d0.loss_cls: 0.0817  decode.d0.loss_mask: 0.8052  decode.d0.loss_dice: 0.7453  decode.d1.loss_cls: 0.0096  decode.d1.loss_mask: 0.8524  decode.d1.loss_dice: 0.7473  decode.d2.loss_cls: 0.0108  decode.d2.loss_mask: 0.8612  decode.d2.loss_dice: 0.7682  decode.d3.loss_cls: 0.0808  decode.d3.loss_mask: 0.8141  decode.d3.loss_dice: 0.7340  decode.d4.loss_cls: 0.0121  decode.d4.loss_mask: 0.8504  decode.d4.loss_dice: 0.7669  decode.d5.loss_cls: 0.0122  decode.d5.loss_mask: 0.8607  decode.d5.loss_dice: 0.7596  decode.d6.loss_cls: 0.0116  decode.d6.loss_mask: 0.8510  decode.d6.loss_dice: 0.7621  decode.d7.loss_cls: 0.0116  decode.d7.loss_mask: 0.8431  decode.d7.loss_dice: 0.7576  decode.d8.loss_cls: 0.0120  decode.d8.loss_mask: 0.8524  decode.d8.loss_dice: 0.7506
2025/02/27 12:55:56 - mmengine - INFO - Iter(train) [  3100/160000]  base_lr: 9.8255e-05 lr: 9.8255e-06  eta: 1 day, 21:52:55  time: 1.0701  data_time: 0.0200  memory: 16120  grad_norm: 958.3348  loss: 17.0030  decode.loss_cls: 0.1546  decode.loss_mask: 0.7437  decode.loss_dice: 0.8189  decode.d0.loss_cls: 0.1540  decode.d0.loss_mask: 0.7425  decode.d0.loss_dice: 0.7535  decode.d1.loss_cls: 0.1355  decode.d1.loss_mask: 0.7628  decode.d1.loss_dice: 0.7304  decode.d2.loss_cls: 0.1248  decode.d2.loss_mask: 0.7861  decode.d2.loss_dice: 0.7684  decode.d3.loss_cls: 0.1566  decode.d3.loss_mask: 0.8150  decode.d3.loss_dice: 0.7457  decode.d4.loss_cls: 0.1517  decode.d4.loss_mask: 0.8059  decode.d4.loss_dice: 0.7856  decode.d5.loss_cls: 0.0742  decode.d5.loss_mask: 0.8831  decode.d5.loss_dice: 0.7975  decode.d6.loss_cls: 0.1366  decode.d6.loss_mask: 0.8129  decode.d6.loss_dice: 0.7220  decode.d7.loss_cls: 0.1404  decode.d7.loss_mask: 0.7898  decode.d7.loss_dice: 0.7583  decode.d8.loss_cls: 0.1960  decode.d8.loss_mask: 0.7772  decode.d8.loss_dice: 0.7795
2025/02/27 12:56:49 - mmengine - INFO - Iter(train) [  3150/160000]  base_lr: 9.8227e-05 lr: 9.8227e-06  eta: 1 day, 21:52:17  time: 1.0611  data_time: 0.0184  memory: 16120  grad_norm: 562.4483  loss: 15.7854  decode.loss_cls: 0.0161  decode.loss_mask: 0.6681  decode.loss_dice: 0.8859  decode.d0.loss_cls: 0.1069  decode.d0.loss_mask: 0.6198  decode.d0.loss_dice: 0.8893  decode.d1.loss_cls: 0.0643  decode.d1.loss_mask: 0.6141  decode.d1.loss_dice: 0.8446  decode.d2.loss_cls: 0.0120  decode.d2.loss_mask: 0.6745  decode.d2.loss_dice: 0.8914  decode.d3.loss_cls: 0.0543  decode.d3.loss_mask: 0.6754  decode.d3.loss_dice: 0.8750  decode.d4.loss_cls: 0.0464  decode.d4.loss_mask: 0.6769  decode.d4.loss_dice: 0.8791  decode.d5.loss_cls: 0.0462  decode.d5.loss_mask: 0.6738  decode.d5.loss_dice: 0.8917  decode.d6.loss_cls: 0.0749  decode.d6.loss_mask: 0.6122  decode.d6.loss_dice: 0.8832  decode.d7.loss_cls: 0.0969  decode.d7.loss_mask: 0.6118  decode.d7.loss_dice: 0.8430  decode.d8.loss_cls: 0.0879  decode.d8.loss_mask: 0.6096  decode.d8.loss_dice: 0.8601
2025/02/27 12:57:41 - mmengine - INFO - Iter(train) [  3200/160000]  base_lr: 9.8199e-05 lr: 9.8199e-06  eta: 1 day, 21:50:46  time: 1.0404  data_time: 0.0195  memory: 16120  grad_norm: 498.3210  loss: 14.4749  decode.loss_cls: 0.0060  decode.loss_mask: 0.5816  decode.loss_dice: 0.8444  decode.d0.loss_cls: 0.0349  decode.d0.loss_mask: 0.5760  decode.d0.loss_dice: 0.8688  decode.d1.loss_cls: 0.0069  decode.d1.loss_mask: 0.5908  decode.d1.loss_dice: 0.8514  decode.d2.loss_cls: 0.0092  decode.d2.loss_mask: 0.5796  decode.d2.loss_dice: 0.8571  decode.d3.loss_cls: 0.0079  decode.d3.loss_mask: 0.5831  decode.d3.loss_dice: 0.8538  decode.d4.loss_cls: 0.0089  decode.d4.loss_mask: 0.5836  decode.d4.loss_dice: 0.8454  decode.d5.loss_cls: 0.0076  decode.d5.loss_mask: 0.5821  decode.d5.loss_dice: 0.8545  decode.d6.loss_cls: 0.0070  decode.d6.loss_mask: 0.5883  decode.d6.loss_dice: 0.8586  decode.d7.loss_cls: 0.0064  decode.d7.loss_mask: 0.5823  decode.d7.loss_dice: 0.8382  decode.d8.loss_cls: 0.0073  decode.d8.loss_mask: 0.5996  decode.d8.loss_dice: 0.8538
2025/02/27 12:58:34 - mmengine - INFO - Iter(train) [  3250/160000]  base_lr: 9.8171e-05 lr: 9.8171e-06  eta: 1 day, 21:50:32  time: 1.1056  data_time: 0.0216  memory: 16120  grad_norm: 1206.9390  loss: 22.0251  decode.loss_cls: 0.0209  decode.loss_mask: 1.1881  decode.loss_dice: 1.2046  decode.d0.loss_cls: 0.1305  decode.d0.loss_mask: 0.8022  decode.d0.loss_dice: 1.1222  decode.d1.loss_cls: 0.2229  decode.d1.loss_mask: 0.7957  decode.d1.loss_dice: 1.1262  decode.d2.loss_cls: 0.0976  decode.d2.loss_mask: 0.9391  decode.d2.loss_dice: 1.1323  decode.d3.loss_cls: 0.1014  decode.d3.loss_mask: 0.9377  decode.d3.loss_dice: 1.1531  decode.d4.loss_cls: 0.1313  decode.d4.loss_mask: 0.9335  decode.d4.loss_dice: 1.1463  decode.d5.loss_cls: 0.1155  decode.d5.loss_mask: 0.9695  decode.d5.loss_dice: 1.1371  decode.d6.loss_cls: 0.1185  decode.d6.loss_mask: 0.9482  decode.d6.loss_dice: 1.1312  decode.d7.loss_cls: 0.1227  decode.d7.loss_mask: 0.9562  decode.d7.loss_dice: 1.1462  decode.d8.loss_cls: 0.1073  decode.d8.loss_mask: 0.9404  decode.d8.loss_dice: 1.1468
2025/02/27 12:59:28 - mmengine - INFO - Iter(train) [  3300/160000]  base_lr: 9.8142e-05 lr: 9.8142e-06  eta: 1 day, 21:50:24  time: 1.0606  data_time: 0.0196  memory: 16120  grad_norm: 787.3786  loss: 18.3571  decode.loss_cls: 0.0661  decode.loss_mask: 0.7905  decode.loss_dice: 0.9219  decode.d0.loss_cls: 0.1805  decode.d0.loss_mask: 0.7343  decode.d0.loss_dice: 0.8054  decode.d1.loss_cls: 0.2663  decode.d1.loss_mask: 0.7547  decode.d1.loss_dice: 0.8885  decode.d2.loss_cls: 0.1488  decode.d2.loss_mask: 0.7522  decode.d2.loss_dice: 0.9233  decode.d3.loss_cls: 0.1536  decode.d3.loss_mask: 0.7755  decode.d3.loss_dice: 0.9182  decode.d4.loss_cls: 0.2659  decode.d4.loss_mask: 0.7713  decode.d4.loss_dice: 0.8528  decode.d5.loss_cls: 0.1615  decode.d5.loss_mask: 0.7807  decode.d5.loss_dice: 0.8996  decode.d6.loss_cls: 0.1567  decode.d6.loss_mask: 0.7692  decode.d6.loss_dice: 0.9338  decode.d7.loss_cls: 0.1561  decode.d7.loss_mask: 0.7659  decode.d7.loss_dice: 0.9238  decode.d8.loss_cls: 0.1496  decode.d8.loss_mask: 0.7592  decode.d8.loss_dice: 0.9311
2025/02/27 13:00:20 - mmengine - INFO - Iter(train) [  3350/160000]  base_lr: 9.8114e-05 lr: 9.8114e-06  eta: 1 day, 21:49:01  time: 1.0386  data_time: 0.0189  memory: 16120  grad_norm: 315.8213  loss: 15.7614  decode.loss_cls: 0.1172  decode.loss_mask: 0.7412  decode.loss_dice: 0.7541  decode.d0.loss_cls: 0.0811  decode.d0.loss_mask: 0.7262  decode.d0.loss_dice: 0.7341  decode.d1.loss_cls: 0.1153  decode.d1.loss_mask: 0.7295  decode.d1.loss_dice: 0.7747  decode.d2.loss_cls: 0.1289  decode.d2.loss_mask: 0.7347  decode.d2.loss_dice: 0.7597  decode.d3.loss_cls: 0.1105  decode.d3.loss_mask: 0.7281  decode.d3.loss_dice: 0.7438  decode.d4.loss_cls: 0.0888  decode.d4.loss_mask: 0.7264  decode.d4.loss_dice: 0.6773  decode.d5.loss_cls: 0.0901  decode.d5.loss_mask: 0.7251  decode.d5.loss_dice: 0.7558  decode.d6.loss_cls: 0.1034  decode.d6.loss_mask: 0.7392  decode.d6.loss_dice: 0.7557  decode.d7.loss_cls: 0.0893  decode.d7.loss_mask: 0.7379  decode.d7.loss_dice: 0.7158  decode.d8.loss_cls: 0.0937  decode.d8.loss_mask: 0.7364  decode.d8.loss_dice: 0.7474
2025/02/27 13:01:11 - mmengine - INFO - Iter(train) [  3400/160000]  base_lr: 9.8086e-05 lr: 9.8086e-06  eta: 1 day, 21:47:06  time: 1.0272  data_time: 0.0197  memory: 16120  grad_norm: 742.2824  loss: 21.2475  decode.loss_cls: 0.0667  decode.loss_mask: 1.1023  decode.loss_dice: 0.9590  decode.d0.loss_cls: 0.1227  decode.d0.loss_mask: 1.0733  decode.d0.loss_dice: 0.9208  decode.d1.loss_cls: 0.0563  decode.d1.loss_mask: 1.1150  decode.d1.loss_dice: 0.9738  decode.d2.loss_cls: 0.1202  decode.d2.loss_mask: 1.0569  decode.d2.loss_dice: 0.9280  decode.d3.loss_cls: 0.1267  decode.d3.loss_mask: 1.0559  decode.d3.loss_dice: 0.9033  decode.d4.loss_cls: 0.0464  decode.d4.loss_mask: 1.0997  decode.d4.loss_dice: 0.9531  decode.d5.loss_cls: 0.0458  decode.d5.loss_mask: 1.1107  decode.d5.loss_dice: 1.0157  decode.d6.loss_cls: 0.0533  decode.d6.loss_mask: 1.1206  decode.d6.loss_dice: 0.9535  decode.d7.loss_cls: 0.1414  decode.d7.loss_mask: 1.0656  decode.d7.loss_dice: 0.9187  decode.d8.loss_cls: 0.0666  decode.d8.loss_mask: 1.1120  decode.d8.loss_dice: 0.9634
2025/02/27 13:02:02 - mmengine - INFO - Iter(train) [  3450/160000]  base_lr: 9.8058e-05 lr: 9.8058e-06  eta: 1 day, 21:45:05  time: 1.0320  data_time: 0.0170  memory: 16120  grad_norm: 915.4191  loss: 15.7079  decode.loss_cls: 0.0044  decode.loss_mask: 0.6879  decode.loss_dice: 0.8730  decode.d0.loss_cls: 0.0352  decode.d0.loss_mask: 0.6982  decode.d0.loss_dice: 0.8832  decode.d1.loss_cls: 0.0030  decode.d1.loss_mask: 0.6761  decode.d1.loss_dice: 0.8906  decode.d2.loss_cls: 0.0065  decode.d2.loss_mask: 0.6830  decode.d2.loss_dice: 0.8770  decode.d3.loss_cls: 0.0044  decode.d3.loss_mask: 0.6784  decode.d3.loss_dice: 0.8832  decode.d4.loss_cls: 0.0033  decode.d4.loss_mask: 0.6769  decode.d4.loss_dice: 0.8860  decode.d5.loss_cls: 0.0031  decode.d5.loss_mask: 0.6791  decode.d5.loss_dice: 0.8806  decode.d6.loss_cls: 0.0041  decode.d6.loss_mask: 0.6822  decode.d6.loss_dice: 0.8819  decode.d7.loss_cls: 0.0047  decode.d7.loss_mask: 0.6808  decode.d7.loss_dice: 0.8779  decode.d8.loss_cls: 0.0058  decode.d8.loss_mask: 0.6803  decode.d8.loss_dice: 0.8770
2025/02/27 13:02:55 - mmengine - INFO - Iter(train) [  3500/160000]  base_lr: 9.8030e-05 lr: 9.8030e-06  eta: 1 day, 21:44:02  time: 1.0476  data_time: 0.0188  memory: 16120  grad_norm: 360.1866  loss: 16.3674  decode.loss_cls: 0.1033  decode.loss_mask: 0.7098  decode.loss_dice: 0.8345  decode.d0.loss_cls: 0.1577  decode.d0.loss_mask: 0.6790  decode.d0.loss_dice: 0.7658  decode.d1.loss_cls: 0.1342  decode.d1.loss_mask: 0.6933  decode.d1.loss_dice: 0.7619  decode.d2.loss_cls: 0.2038  decode.d2.loss_mask: 0.6973  decode.d2.loss_dice: 0.7599  decode.d3.loss_cls: 0.1795  decode.d3.loss_mask: 0.6923  decode.d3.loss_dice: 0.7513  decode.d4.loss_cls: 0.1135  decode.d4.loss_mask: 0.7093  decode.d4.loss_dice: 0.8234  decode.d5.loss_cls: 0.1806  decode.d5.loss_mask: 0.6825  decode.d5.loss_dice: 0.7824  decode.d6.loss_cls: 0.1888  decode.d6.loss_mask: 0.6906  decode.d6.loss_dice: 0.7689  decode.d7.loss_cls: 0.1985  decode.d7.loss_mask: 0.7009  decode.d7.loss_dice: 0.7587  decode.d8.loss_cls: 0.1872  decode.d8.loss_mask: 0.6893  decode.d8.loss_dice: 0.7691
2025/02/27 13:02:55 - mmengine - INFO - Saving checkpoint at 3500 iterations
2025/02/27 13:03:39 - mmengine - INFO - Iter(val) [ 50/869]    eta: 0:09:42  time: 0.1529  data_time: 0.0019  memory: 5702  
2025/02/27 13:03:46 - mmengine - INFO - Iter(val) [100/869]    eta: 0:05:33  time: 0.1549  data_time: 0.0035  memory: 1771  
2025/02/27 13:03:54 - mmengine - INFO - Iter(val) [150/869]    eta: 0:04:05  time: 0.1579  data_time: 0.0020  memory: 1771  
2025/02/27 13:04:02 - mmengine - INFO - Iter(val) [200/869]    eta: 0:03:17  time: 0.1530  data_time: 0.0020  memory: 1771  
2025/02/27 13:04:10 - mmengine - INFO - Iter(val) [250/869]    eta: 0:02:45  time: 0.1541  data_time: 0.0018  memory: 1771  
2025/02/27 13:04:18 - mmengine - INFO - Iter(val) [300/869]    eta: 0:02:21  time: 0.1554  data_time: 0.0015  memory: 1771  
2025/02/27 13:04:25 - mmengine - INFO - Iter(val) [350/869]    eta: 0:02:02  time: 0.1541  data_time: 0.0023  memory: 1771  
2025/02/27 13:04:33 - mmengine - INFO - Iter(val) [400/869]    eta: 0:01:45  time: 0.1541  data_time: 0.0035  memory: 1771  
2025/02/27 13:04:41 - mmengine - INFO - Iter(val) [450/869]    eta: 0:01:31  time: 0.1572  data_time: 0.0035  memory: 1771  
2025/02/27 13:04:49 - mmengine - INFO - Iter(val) [500/869]    eta: 0:01:18  time: 0.1563  data_time: 0.0021  memory: 1771  
2025/02/27 13:04:57 - mmengine - INFO - Iter(val) [550/869]    eta: 0:01:05  time: 0.1530  data_time: 0.0013  memory: 1771  
2025/02/27 13:05:04 - mmengine - INFO - Iter(val) [600/869]    eta: 0:00:54  time: 0.1541  data_time: 0.0023  memory: 1771  
2025/02/27 13:05:12 - mmengine - INFO - Iter(val) [650/869]    eta: 0:00:43  time: 0.1576  data_time: 0.0029  memory: 1771  
2025/02/27 13:05:20 - mmengine - INFO - Iter(val) [700/869]    eta: 0:00:33  time: 0.1551  data_time: 0.0033  memory: 1771  
2025/02/27 13:05:28 - mmengine - INFO - Iter(val) [750/869]    eta: 0:00:23  time: 0.1570  data_time: 0.0021  memory: 1771  
2025/02/27 13:05:36 - mmengine - INFO - Iter(val) [800/869]    eta: 0:00:13  time: 0.1567  data_time: 0.0002  memory: 1771  
2025/02/27 13:05:44 - mmengine - INFO - Iter(val) [850/869]    eta: 0:00:03  time: 0.1538  data_time: 0.0015  memory: 1771  
2025/02/27 13:05:47 - mmengine - INFO - per class results:
2025/02/27 13:05:47 - mmengine - INFO - 
+------------+-------+-------+
|   Class    |  IoU  |  Acc  |
+------------+-------+-------+
| background | 98.02 | 99.04 |
|    ghaf    | 66.33 | 79.08 |
+------------+-------+-------+
2025/02/27 13:05:47 - mmengine - INFO - Iter(val) [869/869]    aAcc: 98.1000  mIoU: 82.1800  mAcc: 89.0600  data_time: 0.0340  time: 0.1884
2025/02/27 13:05:52 - mmengine - INFO - The best checkpoint with 82.1800 mIoU at 3500 iter is saved to best_mIoU_iter_3500.pth.
2025/02/27 13:06:07 - mmengine - INFO - Exp name: mask2former_swin-t_8xb2-160k_ade20k-512x512_20250227_120057
2025/02/27 13:06:55 - mmengine - INFO - Iter(train) [  3550/160000]  base_lr: 9.8001e-05 lr: 9.8001e-06  eta: 1 day, 21:54:29  time: 1.0083  data_time: 0.0186  memory: 16120  grad_norm: 1816.3482  loss: 20.2077  decode.loss_cls: 0.0741  decode.loss_mask: 1.0289  decode.loss_dice: 0.8527  decode.d0.loss_cls: 0.2026  decode.d0.loss_mask: 0.9565  decode.d0.loss_dice: 0.8025  decode.d1.loss_cls: 0.1791  decode.d1.loss_mask: 0.9486  decode.d1.loss_dice: 0.8604  decode.d2.loss_cls: 0.1156  decode.d2.loss_mask: 0.9461  decode.d2.loss_dice: 0.8469  decode.d3.loss_cls: 0.1233  decode.d3.loss_mask: 1.0699  decode.d3.loss_dice: 0.8075  decode.d4.loss_cls: 0.1167  decode.d4.loss_mask: 1.1703  decode.d4.loss_dice: 0.8237  decode.d5.loss_cls: 0.0744  decode.d5.loss_mask: 1.2331  decode.d5.loss_dice: 0.8361  decode.d6.loss_cls: 0.1019  decode.d6.loss_mask: 1.0832  decode.d6.loss_dice: 0.8515  decode.d7.loss_cls: 0.1482  decode.d7.loss_mask: 1.0978  decode.d7.loss_dice: 0.8190  decode.d8.loss_cls: 0.1060  decode.d8.loss_mask: 1.0806  decode.d8.loss_dice: 0.8507
2025/02/27 13:07:46 - mmengine - INFO - Iter(train) [  3600/160000]  base_lr: 9.7973e-05 lr: 9.7973e-06  eta: 1 day, 21:52:35  time: 1.0105  data_time: 0.0182  memory: 16120  grad_norm: 450.6516  loss: 19.4186  decode.loss_cls: 0.0661  decode.loss_mask: 0.8701  decode.loss_dice: 0.9977  decode.d0.loss_cls: 0.0264  decode.d0.loss_mask: 0.9125  decode.d0.loss_dice: 1.0287  decode.d1.loss_cls: 0.0628  decode.d1.loss_mask: 0.8620  decode.d1.loss_dice: 1.0072  decode.d2.loss_cls: 0.0776  decode.d2.loss_mask: 0.8621  decode.d2.loss_dice: 1.0083  decode.d3.loss_cls: 0.0799  decode.d3.loss_mask: 0.8621  decode.d3.loss_dice: 1.0009  decode.d4.loss_cls: 0.1088  decode.d4.loss_mask: 0.8747  decode.d4.loss_dice: 0.9749  decode.d5.loss_cls: 0.0701  decode.d5.loss_mask: 0.8817  decode.d5.loss_dice: 0.9804  decode.d6.loss_cls: 0.0641  decode.d6.loss_mask: 0.8797  decode.d6.loss_dice: 0.9852  decode.d7.loss_cls: 0.0688  decode.d7.loss_mask: 0.8722  decode.d7.loss_dice: 0.9939  decode.d8.loss_cls: 0.0698  decode.d8.loss_mask: 0.8632  decode.d8.loss_dice: 1.0068
2025/02/27 13:08:38 - mmengine - INFO - Iter(train) [  3650/160000]  base_lr: 9.7945e-05 lr: 9.7945e-06  eta: 1 day, 21:50:42  time: 1.0335  data_time: 0.0193  memory: 16120  grad_norm: 821.4666  loss: 13.9735  decode.loss_cls: 0.0652  decode.loss_mask: 0.5549  decode.loss_dice: 0.7574  decode.d0.loss_cls: 0.0609  decode.d0.loss_mask: 0.5401  decode.d0.loss_dice: 0.8426  decode.d1.loss_cls: 0.0514  decode.d1.loss_mask: 0.5530  decode.d1.loss_dice: 0.7257  decode.d2.loss_cls: 0.0908  decode.d2.loss_mask: 0.5471  decode.d2.loss_dice: 0.7717  decode.d3.loss_cls: 0.0911  decode.d3.loss_mask: 0.5511  decode.d3.loss_dice: 0.7950  decode.d4.loss_cls: 0.0589  decode.d4.loss_mask: 0.5533  decode.d4.loss_dice: 0.7649  decode.d5.loss_cls: 0.0722  decode.d5.loss_mask: 0.5443  decode.d5.loss_dice: 0.7711  decode.d6.loss_cls: 0.0838  decode.d6.loss_mask: 0.5461  decode.d6.loss_dice: 0.7811  decode.d7.loss_cls: 0.0755  decode.d7.loss_mask: 0.5434  decode.d7.loss_dice: 0.7643  decode.d8.loss_cls: 0.0772  decode.d8.loss_mask: 0.5459  decode.d8.loss_dice: 0.7934
2025/02/27 13:09:29 - mmengine - INFO - Iter(train) [  3700/160000]  base_lr: 9.7917e-05 lr: 9.7917e-06  eta: 1 day, 21:48:48  time: 1.0368  data_time: 0.0191  memory: 16120  grad_norm: 289.4546  loss: 13.8237  decode.loss_cls: 0.0105  decode.loss_mask: 0.5331  decode.loss_dice: 0.8311  decode.d0.loss_cls: 0.0358  decode.d0.loss_mask: 0.5248  decode.d0.loss_dice: 0.8952  decode.d1.loss_cls: 0.0074  decode.d1.loss_mask: 0.5317  decode.d1.loss_dice: 0.8486  decode.d2.loss_cls: 0.0084  decode.d2.loss_mask: 0.5180  decode.d2.loss_dice: 0.8367  decode.d3.loss_cls: 0.0101  decode.d3.loss_mask: 0.5249  decode.d3.loss_dice: 0.8280  decode.d4.loss_cls: 0.0095  decode.d4.loss_mask: 0.5143  decode.d4.loss_dice: 0.8373  decode.d5.loss_cls: 0.0099  decode.d5.loss_mask: 0.5282  decode.d5.loss_dice: 0.8411  decode.d6.loss_cls: 0.0139  decode.d6.loss_mask: 0.5303  decode.d6.loss_dice: 0.8413  decode.d7.loss_cls: 0.0081  decode.d7.loss_mask: 0.5235  decode.d7.loss_dice: 0.8515  decode.d8.loss_cls: 0.0095  decode.d8.loss_mask: 0.5290  decode.d8.loss_dice: 0.8323
2025/02/27 13:10:22 - mmengine - INFO - Iter(train) [  3750/160000]  base_lr: 9.7889e-05 lr: 9.7889e-06  eta: 1 day, 21:48:04  time: 1.0506  data_time: 0.0188  memory: 16120  grad_norm: 527.3942  loss: 16.2726  decode.loss_cls: 0.0959  decode.loss_mask: 0.7578  decode.loss_dice: 0.7273  decode.d0.loss_cls: 0.1163  decode.d0.loss_mask: 0.8125  decode.d0.loss_dice: 0.7059  decode.d1.loss_cls: 0.0492  decode.d1.loss_mask: 0.7682  decode.d1.loss_dice: 0.7250  decode.d2.loss_cls: 0.1271  decode.d2.loss_mask: 0.7678  decode.d2.loss_dice: 0.7271  decode.d3.loss_cls: 0.1152  decode.d3.loss_mask: 0.7715  decode.d3.loss_dice: 0.7356  decode.d4.loss_cls: 0.0671  decode.d4.loss_mask: 0.8088  decode.d4.loss_dice: 0.7769  decode.d5.loss_cls: 0.0558  decode.d5.loss_mask: 0.7819  decode.d5.loss_dice: 0.8080  decode.d6.loss_cls: 0.0610  decode.d6.loss_mask: 0.7746  decode.d6.loss_dice: 0.8191  decode.d7.loss_cls: 0.0677  decode.d7.loss_mask: 0.7760  decode.d7.loss_dice: 0.8210  decode.d8.loss_cls: 0.0752  decode.d8.loss_mask: 0.7669  decode.d8.loss_dice: 0.8101
2025/02/27 13:11:15 - mmengine - INFO - Iter(train) [  3800/160000]  base_lr: 9.7860e-05 lr: 9.7860e-06  eta: 1 day, 21:47:27  time: 1.0571  data_time: 0.0208  memory: 16120  grad_norm: 363.8544  loss: 14.3279  decode.loss_cls: 0.0134  decode.loss_mask: 0.5659  decode.loss_dice: 0.8371  decode.d0.loss_cls: 0.0321  decode.d0.loss_mask: 0.5866  decode.d0.loss_dice: 0.8789  decode.d1.loss_cls: 0.0107  decode.d1.loss_mask: 0.5798  decode.d1.loss_dice: 0.8259  decode.d2.loss_cls: 0.0098  decode.d2.loss_mask: 0.5862  decode.d2.loss_dice: 0.8312  decode.d3.loss_cls: 0.0230  decode.d3.loss_mask: 0.5613  decode.d3.loss_dice: 0.8220  decode.d4.loss_cls: 0.0255  decode.d4.loss_mask: 0.5626  decode.d4.loss_dice: 0.8382  decode.d5.loss_cls: 0.0140  decode.d5.loss_mask: 0.5745  decode.d5.loss_dice: 0.8382  decode.d6.loss_cls: 0.0226  decode.d6.loss_mask: 0.5664  decode.d6.loss_dice: 0.8344  decode.d7.loss_cls: 0.0145  decode.d7.loss_mask: 0.5740  decode.d7.loss_dice: 0.8366  decode.d8.loss_cls: 0.0074  decode.d8.loss_mask: 0.5944  decode.d8.loss_dice: 0.8608
2025/02/27 13:12:07 - mmengine - INFO - Iter(train) [  3850/160000]  base_lr: 9.7832e-05 lr: 9.7832e-06  eta: 1 day, 21:46:07  time: 1.0304  data_time: 0.0184  memory: 16120  grad_norm: 507.0794  loss: 10.6224  decode.loss_cls: 0.0233  decode.loss_mask: 0.3630  decode.loss_dice: 0.5590  decode.d0.loss_cls: 0.0714  decode.d0.loss_mask: 0.3726  decode.d0.loss_dice: 0.5923  decode.d1.loss_cls: 0.1690  decode.d1.loss_mask: 0.3534  decode.d1.loss_dice: 0.5244  decode.d2.loss_cls: 0.2039  decode.d2.loss_mask: 0.3606  decode.d2.loss_dice: 0.5468  decode.d3.loss_cls: 0.1651  decode.d3.loss_mask: 0.3621  decode.d3.loss_dice: 0.5480  decode.d4.loss_cls: 0.1236  decode.d4.loss_mask: 0.3600  decode.d4.loss_dice: 0.5243  decode.d5.loss_cls: 0.1977  decode.d5.loss_mask: 0.3635  decode.d5.loss_dice: 0.5284  decode.d6.loss_cls: 0.2099  decode.d6.loss_mask: 0.3628  decode.d6.loss_dice: 0.5401  decode.d7.loss_cls: 0.2245  decode.d7.loss_mask: 0.3589  decode.d7.loss_dice: 0.5225  decode.d8.loss_cls: 0.2052  decode.d8.loss_mask: 0.3742  decode.d8.loss_dice: 0.5119
2025/02/27 13:13:00 - mmengine - INFO - Iter(train) [  3900/160000]  base_lr: 9.7804e-05 lr: 9.7804e-06  eta: 1 day, 21:45:00  time: 1.0353  data_time: 0.0195  memory: 16120  grad_norm: 642.4920  loss: 15.9908  decode.loss_cls: 0.0027  decode.loss_mask: 0.7382  decode.loss_dice: 0.8395  decode.d0.loss_cls: 0.0682  decode.d0.loss_mask: 0.7179  decode.d0.loss_dice: 0.7805  decode.d1.loss_cls: 0.0922  decode.d1.loss_mask: 0.7202  decode.d1.loss_dice: 0.8190  decode.d2.loss_cls: 0.0718  decode.d2.loss_mask: 0.7317  decode.d2.loss_dice: 0.8073  decode.d3.loss_cls: 0.0652  decode.d3.loss_mask: 0.7331  decode.d3.loss_dice: 0.7883  decode.d4.loss_cls: 0.0722  decode.d4.loss_mask: 0.7241  decode.d4.loss_dice: 0.7979  decode.d5.loss_cls: 0.0685  decode.d5.loss_mask: 0.7445  decode.d5.loss_dice: 0.7956  decode.d6.loss_cls: 0.0724  decode.d6.loss_mask: 0.7316  decode.d6.loss_dice: 0.8094  decode.d7.loss_cls: 0.0743  decode.d7.loss_mask: 0.7345  decode.d7.loss_dice: 0.7976  decode.d8.loss_cls: 0.0496  decode.d8.loss_mask: 0.7299  decode.d8.loss_dice: 0.8128
2025/02/27 13:13:52 - mmengine - INFO - Iter(train) [  3950/160000]  base_lr: 9.7776e-05 lr: 9.7776e-06  eta: 1 day, 21:43:50  time: 1.0718  data_time: 0.0206  memory: 16120  grad_norm: 579.7548  loss: 23.5158  decode.loss_cls: 0.0089  decode.loss_mask: 1.3356  decode.loss_dice: 1.0358  decode.d0.loss_cls: 0.0806  decode.d0.loss_mask: 1.2884  decode.d0.loss_dice: 1.0452  decode.d1.loss_cls: 0.0098  decode.d1.loss_mask: 1.3095  decode.d1.loss_dice: 1.0130  decode.d2.loss_cls: 0.0081  decode.d2.loss_mask: 1.3333  decode.d2.loss_dice: 1.0245  decode.d3.loss_cls: 0.0094  decode.d3.loss_mask: 1.3323  decode.d3.loss_dice: 1.0024  decode.d4.loss_cls: 0.0065  decode.d4.loss_mask: 1.3141  decode.d4.loss_dice: 1.0144  decode.d5.loss_cls: 0.0063  decode.d5.loss_mask: 1.3282  decode.d5.loss_dice: 1.0052  decode.d6.loss_cls: 0.0071  decode.d6.loss_mask: 1.3188  decode.d6.loss_dice: 1.0150  decode.d7.loss_cls: 0.0057  decode.d7.loss_mask: 1.3106  decode.d7.loss_dice: 1.0093  decode.d8.loss_cls: 0.0072  decode.d8.loss_mask: 1.3149  decode.d8.loss_dice: 1.0156
2025/02/27 13:14:43 - mmengine - INFO - Exp name: mask2former_swin-t_8xb2-160k_ade20k-512x512_20250227_120057
2025/02/27 13:20:28 - mmengine - INFO - Iter(train) [  4000/160000]  base_lr: 9.7748e-05 lr: 9.7748e-06  eta: 1 day, 21:42:09  time: 1.0249  data_time: 0.0203  memory: 16120  grad_norm: 345.1422  loss: 18.3743  decode.loss_cls: 0.0853  decode.loss_mask: 0.8017  decode.loss_dice: 0.9414  decode.d0.loss_cls: 0.1048  decode.d0.loss_mask: 0.8117  decode.d0.loss_dice: 0.9231  decode.d1.loss_cls: 0.1017  decode.d1.loss_mask: 0.8425  decode.d1.loss_dice: 0.9231  decode.d2.loss_cls: 0.1236  decode.d2.loss_mask: 0.7852  decode.d2.loss_dice: 0.9170  decode.d3.loss_cls: 0.1138  decode.d3.loss_mask: 0.8020  decode.d3.loss_dice: 0.9306  decode.d4.loss_cls: 0.0663  decode.d4.loss_mask: 0.8093  decode.d4.loss_dice: 0.9473  decode.d5.loss_cls: 0.0707  decode.d5.loss_mask: 0.8121  decode.d5.loss_dice: 0.9442  decode.d6.loss_cls: 0.0798  decode.d6.loss_mask: 0.7920  decode.d6.loss_dice: 0.9434  decode.d7.loss_cls: 0.0968  decode.d7.loss_mask: 0.8013  decode.d7.loss_dice: 0.9574  decode.d8.loss_cls: 0.0925  decode.d8.loss_mask: 0.8006  decode.d8.loss_dice: 0.9530
2025/02/27 13:21:21 - mmengine - INFO - Iter(train) [  4050/160000]  base_lr: 9.7720e-05 lr: 9.7720e-06  eta: 2 days, 1:22:38  time: 1.0086  data_time: 0.0208  memory: 16120  grad_norm: 403.8930  loss: 15.8199  decode.loss_cls: 0.0062  decode.loss_mask: 0.7819  decode.loss_dice: 0.7816  decode.d0.loss_cls: 0.0358  decode.d0.loss_mask: 0.7887  decode.d0.loss_dice: 0.7799  decode.d1.loss_cls: 0.0069  decode.d1.loss_mask: 0.7825  decode.d1.loss_dice: 0.7868  decode.d2.loss_cls: 0.0060  decode.d2.loss_mask: 0.7849  decode.d2.loss_dice: 0.7953  decode.d3.loss_cls: 0.0092  decode.d3.loss_mask: 0.7773  decode.d3.loss_dice: 0.7772  decode.d4.loss_cls: 0.0082  decode.d4.loss_mask: 0.7854  decode.d4.loss_dice: 0.8150  decode.d5.loss_cls: 0.0063  decode.d5.loss_mask: 0.7854  decode.d5.loss_dice: 0.8062  decode.d6.loss_cls: 0.0075  decode.d6.loss_mask: 0.7747  decode.d6.loss_dice: 0.7892  decode.d7.loss_cls: 0.0089  decode.d7.loss_mask: 0.7786  decode.d7.loss_dice: 0.7751  decode.d8.loss_cls: 0.0056  decode.d8.loss_mask: 0.7858  decode.d8.loss_dice: 0.7879
2025/02/27 13:22:13 - mmengine - INFO - Iter(train) [  4100/160000]  base_lr: 9.7691e-05 lr: 9.7691e-06  eta: 2 days, 1:18:17  time: 1.0648  data_time: 0.0191  memory: 16120  grad_norm: 709.3208  loss: 19.1181  decode.loss_cls: 0.0546  decode.loss_mask: 0.9140  decode.loss_dice: 0.9106  decode.d0.loss_cls: 0.1654  decode.d0.loss_mask: 0.8984  decode.d0.loss_dice: 0.8943  decode.d1.loss_cls: 0.1137  decode.d1.loss_mask: 0.8758  decode.d1.loss_dice: 0.8918  decode.d2.loss_cls: 0.0752  decode.d2.loss_mask: 0.9120  decode.d2.loss_dice: 0.9088  decode.d3.loss_cls: 0.1125  decode.d3.loss_mask: 0.9094  decode.d3.loss_dice: 0.8929  decode.d4.loss_cls: 0.1310  decode.d4.loss_mask: 0.9032  decode.d4.loss_dice: 0.8833  decode.d5.loss_cls: 0.1032  decode.d5.loss_mask: 0.9115  decode.d5.loss_dice: 0.8946  decode.d6.loss_cls: 0.0688  decode.d6.loss_mask: 0.9066  decode.d6.loss_dice: 0.9318  decode.d7.loss_cls: 0.0682  decode.d7.loss_mask: 0.9035  decode.d7.loss_dice: 0.9282  decode.d8.loss_cls: 0.0756  decode.d8.loss_mask: 0.9217  decode.d8.loss_dice: 0.9575
2025/02/27 13:23:05 - mmengine - INFO - Iter(train) [  4150/160000]  base_lr: 9.7663e-05 lr: 9.7663e-06  eta: 2 days, 1:14:15  time: 1.0297  data_time: 0.0182  memory: 16120  grad_norm: 544.5008  loss: 12.6476  decode.loss_cls: 0.0012  decode.loss_mask: 0.5566  decode.loss_dice: 0.7155  decode.d0.loss_cls: 0.0364  decode.d0.loss_mask: 0.5779  decode.d0.loss_dice: 0.6863  decode.d1.loss_cls: 0.0014  decode.d1.loss_mask: 0.5516  decode.d1.loss_dice: 0.6971  decode.d2.loss_cls: 0.0030  decode.d2.loss_mask: 0.5513  decode.d2.loss_dice: 0.6932  decode.d3.loss_cls: 0.0034  decode.d3.loss_mask: 0.5549  decode.d3.loss_dice: 0.7040  decode.d4.loss_cls: 0.0020  decode.d4.loss_mask: 0.5551  decode.d4.loss_dice: 0.7036  decode.d5.loss_cls: 0.0015  decode.d5.loss_mask: 0.5606  decode.d5.loss_dice: 0.7044  decode.d6.loss_cls: 0.0025  decode.d6.loss_mask: 0.5604  decode.d6.loss_dice: 0.7057  decode.d7.loss_cls: 0.0021  decode.d7.loss_mask: 0.5688  decode.d7.loss_dice: 0.6952  decode.d8.loss_cls: 0.0045  decode.d8.loss_mask: 0.5450  decode.d8.loss_dice: 0.7025
2025/02/27 13:23:56 - mmengine - INFO - Iter(train) [  4200/160000]  base_lr: 9.7635e-05 lr: 9.7635e-06  eta: 2 days, 1:09:51  time: 1.0380  data_time: 0.0184  memory: 16120  grad_norm: 1114.9712  loss: 17.7104  decode.loss_cls: 0.1478  decode.loss_mask: 0.9294  decode.loss_dice: 0.6955  decode.d0.loss_cls: 0.1724  decode.d0.loss_mask: 0.9156  decode.d0.loss_dice: 0.7295  decode.d1.loss_cls: 0.1697  decode.d1.loss_mask: 0.9015  decode.d1.loss_dice: 0.6552  decode.d2.loss_cls: 0.0806  decode.d2.loss_mask: 0.9460  decode.d2.loss_dice: 0.6885  decode.d3.loss_cls: 0.1233  decode.d3.loss_mask: 0.9506  decode.d3.loss_dice: 0.7041  decode.d4.loss_cls: 0.1899  decode.d4.loss_mask: 0.9175  decode.d4.loss_dice: 0.6619  decode.d5.loss_cls: 0.2022  decode.d5.loss_mask: 0.9322  decode.d5.loss_dice: 0.6748  decode.d6.loss_cls: 0.1188  decode.d6.loss_mask: 0.9202  decode.d6.loss_dice: 0.6939  decode.d7.loss_cls: 0.1771  decode.d7.loss_mask: 0.9233  decode.d7.loss_dice: 0.6831  decode.d8.loss_cls: 0.1488  decode.d8.loss_mask: 0.9581  decode.d8.loss_dice: 0.6988
2025/02/27 13:24:48 - mmengine - INFO - Iter(train) [  4250/160000]  base_lr: 9.7607e-05 lr: 9.7607e-06  eta: 2 days, 1:06:08  time: 1.0538  data_time: 0.0208  memory: 16120  grad_norm: 882.7871  loss: 14.2324  decode.loss_cls: 0.0414  decode.loss_mask: 0.6486  decode.loss_dice: 0.7164  decode.d0.loss_cls: 0.1332  decode.d0.loss_mask: 0.6381  decode.d0.loss_dice: 0.6829  decode.d1.loss_cls: 0.0445  decode.d1.loss_mask: 0.6595  decode.d1.loss_dice: 0.6921  decode.d2.loss_cls: 0.0441  decode.d2.loss_mask: 0.6433  decode.d2.loss_dice: 0.7282  decode.d3.loss_cls: 0.0854  decode.d3.loss_mask: 0.6458  decode.d3.loss_dice: 0.7028  decode.d4.loss_cls: 0.1136  decode.d4.loss_mask: 0.6511  decode.d4.loss_dice: 0.6799  decode.d5.loss_cls: 0.1090  decode.d5.loss_mask: 0.6461  decode.d5.loss_dice: 0.6844  decode.d6.loss_cls: 0.0922  decode.d6.loss_mask: 0.6370  decode.d6.loss_dice: 0.6939  decode.d7.loss_cls: 0.1015  decode.d7.loss_mask: 0.6459  decode.d7.loss_dice: 0.6852  decode.d8.loss_cls: 0.0552  decode.d8.loss_mask: 0.6355  decode.d8.loss_dice: 0.6956
2025/02/27 13:25:42 - mmengine - INFO - Iter(train) [  4300/160000]  base_lr: 9.7579e-05 lr: 9.7579e-06  eta: 2 days, 1:03:10  time: 1.0601  data_time: 0.0234  memory: 16120  grad_norm: 703.9442  loss: 19.0529  decode.loss_cls: 0.0833  decode.loss_mask: 0.9391  decode.loss_dice: 0.8772  decode.d0.loss_cls: 0.2192  decode.d0.loss_mask: 0.8195  decode.d0.loss_dice: 0.8511  decode.d1.loss_cls: 0.1926  decode.d1.loss_mask: 0.8600  decode.d1.loss_dice: 0.8526  decode.d2.loss_cls: 0.1925  decode.d2.loss_mask: 0.8700  decode.d2.loss_dice: 0.8505  decode.d3.loss_cls: 0.1137  decode.d3.loss_mask: 0.9253  decode.d3.loss_dice: 0.8603  decode.d4.loss_cls: 0.0944  decode.d4.loss_mask: 0.9360  decode.d4.loss_dice: 0.8801  decode.d5.loss_cls: 0.0891  decode.d5.loss_mask: 0.9472  decode.d5.loss_dice: 0.9015  decode.d6.loss_cls: 0.0795  decode.d6.loss_mask: 0.9249  decode.d6.loss_dice: 0.8808  decode.d7.loss_cls: 0.0770  decode.d7.loss_mask: 0.9383  decode.d7.loss_dice: 0.8854  decode.d8.loss_cls: 0.0955  decode.d8.loss_mask: 0.9335  decode.d8.loss_dice: 0.8830
2025/02/27 13:26:34 - mmengine - INFO - Iter(train) [  4350/160000]  base_lr: 9.7550e-05 lr: 9.7550e-06  eta: 2 days, 0:59:52  time: 1.0647  data_time: 0.0225  memory: 16120  grad_norm: 282.2048  loss: 13.7316  decode.loss_cls: 0.0047  decode.loss_mask: 0.6006  decode.loss_dice: 0.7541  decode.d0.loss_cls: 0.0279  decode.d0.loss_mask: 0.6128  decode.d0.loss_dice: 0.8101  decode.d1.loss_cls: 0.0044  decode.d1.loss_mask: 0.6011  decode.d1.loss_dice: 0.7858  decode.d2.loss_cls: 0.0047  decode.d2.loss_mask: 0.5917  decode.d2.loss_dice: 0.7416  decode.d3.loss_cls: 0.0051  decode.d3.loss_mask: 0.6002  decode.d3.loss_dice: 0.7769  decode.d4.loss_cls: 0.0047  decode.d4.loss_mask: 0.5898  decode.d4.loss_dice: 0.7745  decode.d5.loss_cls: 0.0047  decode.d5.loss_mask: 0.5976  decode.d5.loss_dice: 0.7677  decode.d6.loss_cls: 0.0048  decode.d6.loss_mask: 0.6005  decode.d6.loss_dice: 0.7401  decode.d7.loss_cls: 0.0049  decode.d7.loss_mask: 0.5917  decode.d7.loss_dice: 0.7747  decode.d8.loss_cls: 0.0048  decode.d8.loss_mask: 0.5942  decode.d8.loss_dice: 0.7554
2025/02/27 13:27:27 - mmengine - INFO - Iter(train) [  4400/160000]  base_lr: 9.7522e-05 lr: 9.7522e-06  eta: 2 days, 0:56:45  time: 1.0573  data_time: 0.0207  memory: 16120  grad_norm: 581.4692  loss: 17.0685  decode.loss_cls: 0.0314  decode.loss_mask: 0.8805  decode.loss_dice: 0.7961  decode.d0.loss_cls: 0.0813  decode.d0.loss_mask: 0.8200  decode.d0.loss_dice: 0.7844  decode.d1.loss_cls: 0.0316  decode.d1.loss_mask: 0.8766  decode.d1.loss_dice: 0.8200  decode.d2.loss_cls: 0.0309  decode.d2.loss_mask: 0.8699  decode.d2.loss_dice: 0.7874  decode.d3.loss_cls: 0.0336  decode.d3.loss_mask: 0.8883  decode.d3.loss_dice: 0.8074  decode.d4.loss_cls: 0.0370  decode.d4.loss_mask: 0.8822  decode.d4.loss_dice: 0.8086  decode.d5.loss_cls: 0.0234  decode.d5.loss_mask: 0.8801  decode.d5.loss_dice: 0.8083  decode.d6.loss_cls: 0.0283  decode.d6.loss_mask: 0.8891  decode.d6.loss_dice: 0.8049  decode.d7.loss_cls: 0.0308  decode.d7.loss_mask: 0.8577  decode.d7.loss_dice: 0.8006  decode.d8.loss_cls: 0.0277  decode.d8.loss_mask: 0.8645  decode.d8.loss_dice: 0.7859
2025/02/27 13:28:20 - mmengine - INFO - Iter(train) [  4450/160000]  base_lr: 9.7494e-05 lr: 9.7494e-06  eta: 2 days, 0:53:24  time: 1.0517  data_time: 0.0211  memory: 16120  grad_norm: 366.9748  loss: 12.9179  decode.loss_cls: 0.0049  decode.loss_mask: 0.6769  decode.loss_dice: 0.5737  decode.d0.loss_cls: 0.0342  decode.d0.loss_mask: 0.7650  decode.d0.loss_dice: 0.5828  decode.d1.loss_cls: 0.0113  decode.d1.loss_mask: 0.7311  decode.d1.loss_dice: 0.5649  decode.d2.loss_cls: 0.0197  decode.d2.loss_mask: 0.6971  decode.d2.loss_dice: 0.5531  decode.d3.loss_cls: 0.0088  decode.d3.loss_mask: 0.6905  decode.d3.loss_dice: 0.5863  decode.d4.loss_cls: 0.0046  decode.d4.loss_mask: 0.7048  decode.d4.loss_dice: 0.5904  decode.d5.loss_cls: 0.0050  decode.d5.loss_mask: 0.7086  decode.d5.loss_dice: 0.5894  decode.d6.loss_cls: 0.0097  decode.d6.loss_mask: 0.6884  decode.d6.loss_dice: 0.5842  decode.d7.loss_cls: 0.0081  decode.d7.loss_mask: 0.6779  decode.d7.loss_dice: 0.5811  decode.d8.loss_cls: 0.0048  decode.d8.loss_mask: 0.6861  decode.d8.loss_dice: 0.5745
2025/02/27 13:29:13 - mmengine - INFO - Iter(train) [  4500/160000]  base_lr: 9.7466e-05 lr: 9.7466e-06  eta: 2 days, 0:50:28  time: 1.0619  data_time: 0.0225  memory: 16120  grad_norm: 372.9695  loss: 12.2424  decode.loss_cls: 0.1199  decode.loss_mask: 0.4610  decode.loss_dice: 0.6503  decode.d0.loss_cls: 0.0683  decode.d0.loss_mask: 0.4804  decode.d0.loss_dice: 0.7040  decode.d1.loss_cls: 0.0305  decode.d1.loss_mask: 0.4781  decode.d1.loss_dice: 0.6973  decode.d2.loss_cls: 0.0520  decode.d2.loss_mask: 0.4663  decode.d2.loss_dice: 0.6932  decode.d3.loss_cls: 0.0768  decode.d3.loss_mask: 0.4645  decode.d3.loss_dice: 0.6845  decode.d4.loss_cls: 0.0631  decode.d4.loss_mask: 0.4622  decode.d4.loss_dice: 0.6823  decode.d5.loss_cls: 0.0689  decode.d5.loss_mask: 0.4738  decode.d5.loss_dice: 0.6795  decode.d6.loss_cls: 0.0975  decode.d6.loss_mask: 0.4629  decode.d6.loss_dice: 0.6687  decode.d7.loss_cls: 0.0691  decode.d7.loss_mask: 0.4684  decode.d7.loss_dice: 0.6821  decode.d8.loss_cls: 0.1191  decode.d8.loss_mask: 0.4608  decode.d8.loss_dice: 0.6566
2025/02/27 13:30:06 - mmengine - INFO - Iter(train) [  4550/160000]  base_lr: 9.7437e-05 lr: 9.7437e-06  eta: 2 days, 0:47:26  time: 1.0210  data_time: 0.0186  memory: 16120  grad_norm: 671.7491  loss: 20.7906  decode.loss_cls: 0.2335  decode.loss_mask: 0.9199  decode.loss_dice: 0.9591  decode.d0.loss_cls: 0.2022  decode.d0.loss_mask: 0.6768  decode.d0.loss_dice: 1.0219  decode.d1.loss_cls: 0.2649  decode.d1.loss_mask: 0.6868  decode.d1.loss_dice: 0.9663  decode.d2.loss_cls: 0.3775  decode.d2.loss_mask: 0.6883  decode.d2.loss_dice: 1.0019  decode.d3.loss_cls: 0.2598  decode.d3.loss_mask: 0.8844  decode.d3.loss_dice: 0.9787  decode.d4.loss_cls: 0.2015  decode.d4.loss_mask: 0.8908  decode.d4.loss_dice: 0.9985  decode.d5.loss_cls: 0.2322  decode.d5.loss_mask: 0.9345  decode.d5.loss_dice: 0.9876  decode.d6.loss_cls: 0.2924  decode.d6.loss_mask: 0.9195  decode.d6.loss_dice: 0.9719  decode.d7.loss_cls: 0.2551  decode.d7.loss_mask: 0.8982  decode.d7.loss_dice: 0.9871  decode.d8.loss_cls: 0.2062  decode.d8.loss_mask: 0.9060  decode.d8.loss_dice: 0.9872
2025/02/27 13:30:58 - mmengine - INFO - Iter(train) [  4600/160000]  base_lr: 9.7409e-05 lr: 9.7409e-06  eta: 2 days, 0:44:07  time: 1.0485  data_time: 0.0208  memory: 16120  grad_norm: 515.9022  loss: 10.9428  decode.loss_cls: 0.0057  decode.loss_mask: 0.5555  decode.loss_dice: 0.5314  decode.d0.loss_cls: 0.0377  decode.d0.loss_mask: 0.5701  decode.d0.loss_dice: 0.5053  decode.d1.loss_cls: 0.0055  decode.d1.loss_mask: 0.5470  decode.d1.loss_dice: 0.5273  decode.d2.loss_cls: 0.0043  decode.d2.loss_mask: 0.5585  decode.d2.loss_dice: 0.5342  decode.d3.loss_cls: 0.0062  decode.d3.loss_mask: 0.5590  decode.d3.loss_dice: 0.5265  decode.d4.loss_cls: 0.0049  decode.d4.loss_mask: 0.5573  decode.d4.loss_dice: 0.5339  decode.d5.loss_cls: 0.0053  decode.d5.loss_mask: 0.5577  decode.d5.loss_dice: 0.5321  decode.d6.loss_cls: 0.0049  decode.d6.loss_mask: 0.5582  decode.d6.loss_dice: 0.5288  decode.d7.loss_cls: 0.0042  decode.d7.loss_mask: 0.5651  decode.d7.loss_dice: 0.5291  decode.d8.loss_cls: 0.0059  decode.d8.loss_mask: 0.5545  decode.d8.loss_dice: 0.5269
2025/02/27 13:31:51 - mmengine - INFO - Iter(train) [  4650/160000]  base_lr: 9.7381e-05 lr: 9.7381e-06  eta: 2 days, 0:40:56  time: 1.0453  data_time: 0.0200  memory: 16120  grad_norm: 617.6288  loss: 20.2159  decode.loss_cls: 0.2347  decode.loss_mask: 0.9351  decode.loss_dice: 0.9118  decode.d0.loss_cls: 0.1721  decode.d0.loss_mask: 0.8726  decode.d0.loss_dice: 0.8972  decode.d1.loss_cls: 0.2234  decode.d1.loss_mask: 0.8656  decode.d1.loss_dice: 0.8742  decode.d2.loss_cls: 0.2363  decode.d2.loss_mask: 0.9243  decode.d2.loss_dice: 0.8712  decode.d3.loss_cls: 0.2053  decode.d3.loss_mask: 0.9523  decode.d3.loss_dice: 0.8833  decode.d4.loss_cls: 0.2374  decode.d4.loss_mask: 0.9231  decode.d4.loss_dice: 0.8902  decode.d5.loss_cls: 0.2139  decode.d5.loss_mask: 0.9169  decode.d5.loss_dice: 0.8674  decode.d6.loss_cls: 0.2551  decode.d6.loss_mask: 0.9373  decode.d6.loss_dice: 0.8528  decode.d7.loss_cls: 0.2708  decode.d7.loss_mask: 0.9358  decode.d7.loss_dice: 0.8646  decode.d8.loss_cls: 0.2249  decode.d8.loss_mask: 0.9052  decode.d8.loss_dice: 0.8610
2025/02/27 13:32:43 - mmengine - INFO - Iter(train) [  4700/160000]  base_lr: 9.7353e-05 lr: 9.7353e-06  eta: 2 days, 0:37:32  time: 1.0431  data_time: 0.0205  memory: 16120  grad_norm: 807.8080  loss: 20.6162  decode.loss_cls: 0.1661  decode.loss_mask: 1.0503  decode.loss_dice: 0.8552  decode.d0.loss_cls: 0.1974  decode.d0.loss_mask: 1.0153  decode.d0.loss_dice: 0.8342  decode.d1.loss_cls: 0.1718  decode.d1.loss_mask: 0.9666  decode.d1.loss_dice: 0.8889  decode.d2.loss_cls: 0.2488  decode.d2.loss_mask: 0.9695  decode.d2.loss_dice: 0.8716  decode.d3.loss_cls: 0.2406  decode.d3.loss_mask: 1.0281  decode.d3.loss_dice: 0.8486  decode.d4.loss_cls: 0.0508  decode.d4.loss_mask: 1.2069  decode.d4.loss_dice: 0.8225  decode.d5.loss_cls: 0.0803  decode.d5.loss_mask: 1.1740  decode.d5.loss_dice: 0.9359  decode.d6.loss_cls: 0.1468  decode.d6.loss_mask: 1.0459  decode.d6.loss_dice: 0.7710  decode.d7.loss_cls: 0.1560  decode.d7.loss_mask: 1.0636  decode.d7.loss_dice: 0.8550  decode.d8.loss_cls: 0.1255  decode.d8.loss_mask: 1.0504  decode.d8.loss_dice: 0.7788
2025/02/27 13:33:35 - mmengine - INFO - Iter(train) [  4750/160000]  base_lr: 9.7325e-05 lr: 9.7325e-06  eta: 2 days, 0:34:38  time: 1.0369  data_time: 0.0187  memory: 16120  grad_norm: 637.2683  loss: 15.6601  decode.loss_cls: 0.0879  decode.loss_mask: 0.6243  decode.loss_dice: 0.8722  decode.d0.loss_cls: 0.0726  decode.d0.loss_mask: 0.5882  decode.d0.loss_dice: 0.8097  decode.d1.loss_cls: 0.0989  decode.d1.loss_mask: 0.6049  decode.d1.loss_dice: 0.8556  decode.d2.loss_cls: 0.1265  decode.d2.loss_mask: 0.6198  decode.d2.loss_dice: 0.8884  decode.d3.loss_cls: 0.0923  decode.d3.loss_mask: 0.6216  decode.d3.loss_dice: 0.8725  decode.d4.loss_cls: 0.0739  decode.d4.loss_mask: 0.6126  decode.d4.loss_dice: 0.8902  decode.d5.loss_cls: 0.0818  decode.d5.loss_mask: 0.6052  decode.d5.loss_dice: 0.8815  decode.d6.loss_cls: 0.0881  decode.d6.loss_mask: 0.6325  decode.d6.loss_dice: 0.8607  decode.d7.loss_cls: 0.0910  decode.d7.loss_mask: 0.5989  decode.d7.loss_dice: 0.8387  decode.d8.loss_cls: 0.0941  decode.d8.loss_mask: 0.6125  decode.d8.loss_dice: 0.8629
2025/02/27 13:34:28 - mmengine - INFO - Iter(train) [  4800/160000]  base_lr: 9.7296e-05 lr: 9.7296e-06  eta: 2 days, 0:31:36  time: 1.0547  data_time: 0.0212  memory: 16120  grad_norm: 820.9397  loss: 12.2593  decode.loss_cls: 0.0282  decode.loss_mask: 0.6283  decode.loss_dice: 0.5461  decode.d0.loss_cls: 0.0368  decode.d0.loss_mask: 0.6515  decode.d0.loss_dice: 0.5873  decode.d1.loss_cls: 0.0600  decode.d1.loss_mask: 0.6374  decode.d1.loss_dice: 0.5676  decode.d2.loss_cls: 0.0392  decode.d2.loss_mask: 0.6412  decode.d2.loss_dice: 0.5385  decode.d3.loss_cls: 0.0335  decode.d3.loss_mask: 0.6339  decode.d3.loss_dice: 0.5376  decode.d4.loss_cls: 0.0405  decode.d4.loss_mask: 0.6283  decode.d4.loss_dice: 0.5480  decode.d5.loss_cls: 0.0312  decode.d5.loss_mask: 0.6202  decode.d5.loss_dice: 0.5450  decode.d6.loss_cls: 0.0318  decode.d6.loss_mask: 0.6386  decode.d6.loss_dice: 0.5400  decode.d7.loss_cls: 0.0334  decode.d7.loss_mask: 0.6335  decode.d7.loss_dice: 0.5337  decode.d8.loss_cls: 0.0361  decode.d8.loss_mask: 0.6391  decode.d8.loss_dice: 0.5928
2025/02/27 13:35:20 - mmengine - INFO - Iter(train) [  4850/160000]  base_lr: 9.7268e-05 lr: 9.7268e-06  eta: 2 days, 0:28:42  time: 1.0725  data_time: 0.0214  memory: 16120  grad_norm: 447.1561  loss: 12.6549  decode.loss_cls: 0.0040  decode.loss_mask: 0.5375  decode.loss_dice: 0.7172  decode.d0.loss_cls: 0.0697  decode.d0.loss_mask: 0.5389  decode.d0.loss_dice: 0.7096  decode.d1.loss_cls: 0.0077  decode.d1.loss_mask: 0.5329  decode.d1.loss_dice: 0.7045  decode.d2.loss_cls: 0.0112  decode.d2.loss_mask: 0.5258  decode.d2.loss_dice: 0.7129  decode.d3.loss_cls: 0.0054  decode.d3.loss_mask: 0.5373  decode.d3.loss_dice: 0.7183  decode.d4.loss_cls: 0.0049  decode.d4.loss_mask: 0.5341  decode.d4.loss_dice: 0.7182  decode.d5.loss_cls: 0.0050  decode.d5.loss_mask: 0.5398  decode.d5.loss_dice: 0.7176  decode.d6.loss_cls: 0.0070  decode.d6.loss_mask: 0.5450  decode.d6.loss_dice: 0.7374  decode.d7.loss_cls: 0.0049  decode.d7.loss_mask: 0.5394  decode.d7.loss_dice: 0.7145  decode.d8.loss_cls: 0.0068  decode.d8.loss_mask: 0.5349  decode.d8.loss_dice: 0.7126
2025/02/27 13:36:14 - mmengine - INFO - Iter(train) [  4900/160000]  base_lr: 9.7240e-05 lr: 9.7240e-06  eta: 2 days, 0:26:12  time: 1.0491  data_time: 0.0197  memory: 16120  grad_norm: 560.8680  loss: 19.7422  decode.loss_cls: 0.0106  decode.loss_mask: 0.8375  decode.loss_dice: 1.1056  decode.d0.loss_cls: 0.0333  decode.d0.loss_mask: 0.9367  decode.d0.loss_dice: 1.0680  decode.d1.loss_cls: 0.0149  decode.d1.loss_mask: 0.8531  decode.d1.loss_dice: 1.1035  decode.d2.loss_cls: 0.0137  decode.d2.loss_mask: 0.8842  decode.d2.loss_dice: 1.0857  decode.d3.loss_cls: 0.0113  decode.d3.loss_mask: 0.8553  decode.d3.loss_dice: 1.1001  decode.d4.loss_cls: 0.0125  decode.d4.loss_mask: 0.8701  decode.d4.loss_dice: 1.0885  decode.d5.loss_cls: 0.0119  decode.d5.loss_mask: 0.8351  decode.d5.loss_dice: 1.0928  decode.d6.loss_cls: 0.0129  decode.d6.loss_mask: 0.8570  decode.d6.loss_dice: 1.1074  decode.d7.loss_cls: 0.0171  decode.d7.loss_mask: 0.8654  decode.d7.loss_dice: 1.0968  decode.d8.loss_cls: 0.0131  decode.d8.loss_mask: 0.8407  decode.d8.loss_dice: 1.1071
2025/02/27 13:37:06 - mmengine - INFO - Iter(train) [  4950/160000]  base_lr: 9.7212e-05 lr: 9.7212e-06  eta: 2 days, 0:23:23  time: 1.0482  data_time: 0.0215  memory: 16120  grad_norm: 532.8506  loss: 16.2351  decode.loss_cls: 0.0554  decode.loss_mask: 0.6968  decode.loss_dice: 0.8564  decode.d0.loss_cls: 0.0384  decode.d0.loss_mask: 0.6725  decode.d0.loss_dice: 0.9011  decode.d1.loss_cls: 0.0667  decode.d1.loss_mask: 0.7040  decode.d1.loss_dice: 0.8774  decode.d2.loss_cls: 0.0640  decode.d2.loss_mask: 0.6955  decode.d2.loss_dice: 0.8915  decode.d3.loss_cls: 0.0620  decode.d3.loss_mask: 0.7008  decode.d3.loss_dice: 0.8524  decode.d4.loss_cls: 0.0806  decode.d4.loss_mask: 0.6925  decode.d4.loss_dice: 0.8747  decode.d5.loss_cls: 0.0345  decode.d5.loss_mask: 0.7019  decode.d5.loss_dice: 0.8744  decode.d6.loss_cls: 0.0543  decode.d6.loss_mask: 0.6893  decode.d6.loss_dice: 0.8560  decode.d7.loss_cls: 0.0570  decode.d7.loss_mask: 0.6877  decode.d7.loss_dice: 0.8832  decode.d8.loss_cls: 0.0369  decode.d8.loss_mask: 0.6966  decode.d8.loss_dice: 0.8805
2025/02/27 13:37:59 - mmengine - INFO - Exp name: mask2former_swin-t_8xb2-160k_ade20k-512x512_20250227_120057
2025/02/27 13:37:59 - mmengine - INFO - Iter(train) [  5000/160000]  base_lr: 9.7184e-05 lr: 9.7184e-06  eta: 2 days, 0:20:31  time: 1.0583  data_time: 0.0204  memory: 16120  grad_norm: 496.1529  loss: 16.6450  decode.loss_cls: 0.1001  decode.loss_mask: 0.6567  decode.loss_dice: 0.9268  decode.d0.loss_cls: 0.0770  decode.d0.loss_mask: 0.6914  decode.d0.loss_dice: 0.8678  decode.d1.loss_cls: 0.1088  decode.d1.loss_mask: 0.6575  decode.d1.loss_dice: 0.8766  decode.d2.loss_cls: 0.0883  decode.d2.loss_mask: 0.6584  decode.d2.loss_dice: 0.9320  decode.d3.loss_cls: 0.0889  decode.d3.loss_mask: 0.6551  decode.d3.loss_dice: 0.9294  decode.d4.loss_cls: 0.0765  decode.d4.loss_mask: 0.6461  decode.d4.loss_dice: 0.9214  decode.d5.loss_cls: 0.0952  decode.d5.loss_mask: 0.6714  decode.d5.loss_dice: 0.9092  decode.d6.loss_cls: 0.0843  decode.d6.loss_mask: 0.6511  decode.d6.loss_dice: 0.9199  decode.d7.loss_cls: 0.0882  decode.d7.loss_mask: 0.6599  decode.d7.loss_dice: 0.9453  decode.d8.loss_cls: 0.0647  decode.d8.loss_mask: 0.6590  decode.d8.loss_dice: 0.9380
2025/02/27 13:38:51 - mmengine - INFO - Iter(train) [  5050/160000]  base_lr: 9.7155e-05 lr: 9.7155e-06  eta: 2 days, 0:17:42  time: 1.0310  data_time: 0.0178  memory: 16120  grad_norm: 397.1541  loss: 15.0806  decode.loss_cls: 0.0108  decode.loss_mask: 0.5544  decode.loss_dice: 0.9511  decode.d0.loss_cls: 0.0896  decode.d0.loss_mask: 0.5512  decode.d0.loss_dice: 0.8794  decode.d1.loss_cls: 0.0153  decode.d1.loss_mask: 0.5485  decode.d1.loss_dice: 0.9505  decode.d2.loss_cls: 0.0085  decode.d2.loss_mask: 0.5484  decode.d2.loss_dice: 0.9562  decode.d3.loss_cls: 0.0084  decode.d3.loss_mask: 0.5536  decode.d3.loss_dice: 0.9495  decode.d4.loss_cls: 0.0092  decode.d4.loss_mask: 0.5486  decode.d4.loss_dice: 0.9532  decode.d5.loss_cls: 0.0064  decode.d5.loss_mask: 0.5439  decode.d5.loss_dice: 0.9521  decode.d6.loss_cls: 0.0090  decode.d6.loss_mask: 0.5371  decode.d6.loss_dice: 0.9524  decode.d7.loss_cls: 0.0064  decode.d7.loss_mask: 0.5457  decode.d7.loss_dice: 0.9463  decode.d8.loss_cls: 0.0070  decode.d8.loss_mask: 0.5466  decode.d8.loss_dice: 0.9414
2025/02/27 13:39:42 - mmengine - INFO - Iter(train) [  5100/160000]  base_lr: 9.7127e-05 lr: 9.7127e-06  eta: 2 days, 0:14:12  time: 1.0016  data_time: 0.0172  memory: 16120  grad_norm: 838.2731  loss: 19.6417  decode.loss_cls: 0.2370  decode.loss_mask: 0.8086  decode.loss_dice: 0.9487  decode.d0.loss_cls: 0.1512  decode.d0.loss_mask: 0.8097  decode.d0.loss_dice: 0.9611  decode.d1.loss_cls: 0.2470  decode.d1.loss_mask: 0.8206  decode.d1.loss_dice: 0.9413  decode.d2.loss_cls: 0.2039  decode.d2.loss_mask: 0.8218  decode.d2.loss_dice: 0.9558  decode.d3.loss_cls: 0.1749  decode.d3.loss_mask: 0.8172  decode.d3.loss_dice: 0.9586  decode.d4.loss_cls: 0.1068  decode.d4.loss_mask: 0.9099  decode.d4.loss_dice: 0.9655  decode.d5.loss_cls: 0.0054  decode.d5.loss_mask: 0.9591  decode.d5.loss_dice: 0.9774  decode.d6.loss_cls: 0.0023  decode.d6.loss_mask: 0.9524  decode.d6.loss_dice: 0.9749  decode.d7.loss_cls: 0.1816  decode.d7.loss_mask: 0.8172  decode.d7.loss_dice: 0.9518  decode.d8.loss_cls: 0.1932  decode.d8.loss_mask: 0.8337  decode.d8.loss_dice: 0.9530
2025/02/27 13:40:33 - mmengine - INFO - Iter(train) [  5150/160000]  base_lr: 9.7099e-05 lr: 9.7099e-06  eta: 2 days, 0:10:50  time: 1.0232  data_time: 0.0192  memory: 16120  grad_norm: 579.2484  loss: 15.0703  decode.loss_cls: 0.0637  decode.loss_mask: 0.6662  decode.loss_dice: 0.7830  decode.d0.loss_cls: 0.0846  decode.d0.loss_mask: 0.6602  decode.d0.loss_dice: 0.7983  decode.d1.loss_cls: 0.0441  decode.d1.loss_mask: 0.6702  decode.d1.loss_dice: 0.7719  decode.d2.loss_cls: 0.0591  decode.d2.loss_mask: 0.6714  decode.d2.loss_dice: 0.7754  decode.d3.loss_cls: 0.0550  decode.d3.loss_mask: 0.6780  decode.d3.loss_dice: 0.7774  decode.d4.loss_cls: 0.0792  decode.d4.loss_mask: 0.6676  decode.d4.loss_dice: 0.7885  decode.d5.loss_cls: 0.0564  decode.d5.loss_mask: 0.6674  decode.d5.loss_dice: 0.7639  decode.d6.loss_cls: 0.0565  decode.d6.loss_mask: 0.6702  decode.d6.loss_dice: 0.7762  decode.d7.loss_cls: 0.0627  decode.d7.loss_mask: 0.6709  decode.d7.loss_dice: 0.7688  decode.d8.loss_cls: 0.0551  decode.d8.loss_mask: 0.6629  decode.d8.loss_dice: 0.7655
2025/02/27 13:41:26 - mmengine - INFO - Iter(train) [  5200/160000]  base_lr: 9.7071e-05 lr: 9.7071e-06  eta: 2 days, 0:08:06  time: 1.0582  data_time: 0.0218  memory: 16120  grad_norm: 418.0626  loss: 13.8258  decode.loss_cls: 0.0442  decode.loss_mask: 0.6616  decode.loss_dice: 0.6582  decode.d0.loss_cls: 0.0693  decode.d0.loss_mask: 0.6967  decode.d0.loss_dice: 0.6589  decode.d1.loss_cls: 0.0569  decode.d1.loss_mask: 0.6576  decode.d1.loss_dice: 0.6612  decode.d2.loss_cls: 0.0587  decode.d2.loss_mask: 0.6547  decode.d2.loss_dice: 0.6630  decode.d3.loss_cls: 0.0579  decode.d3.loss_mask: 0.6584  decode.d3.loss_dice: 0.6558  decode.d4.loss_cls: 0.0724  decode.d4.loss_mask: 0.6571  decode.d4.loss_dice: 0.6588  decode.d5.loss_cls: 0.0591  decode.d5.loss_mask: 0.6586  decode.d5.loss_dice: 0.6599  decode.d6.loss_cls: 0.0108  decode.d6.loss_mask: 0.6568  decode.d6.loss_dice: 0.7029  decode.d7.loss_cls: 0.0612  decode.d7.loss_mask: 0.6629  decode.d7.loss_dice: 0.6688  decode.d8.loss_cls: 0.0586  decode.d8.loss_mask: 0.6659  decode.d8.loss_dice: 0.6588
2025/02/27 13:42:18 - mmengine - INFO - Iter(train) [  5250/160000]  base_lr: 9.7043e-05 lr: 9.7043e-06  eta: 2 days, 0:05:19  time: 1.0454  data_time: 0.0213  memory: 16120  grad_norm: 256.7010  loss: 9.5803  decode.loss_cls: 0.0110  decode.loss_mask: 0.4026  decode.loss_dice: 0.5418  decode.d0.loss_cls: 0.0370  decode.d0.loss_mask: 0.4013  decode.d0.loss_dice: 0.5283  decode.d1.loss_cls: 0.0105  decode.d1.loss_mask: 0.4231  decode.d1.loss_dice: 0.5298  decode.d2.loss_cls: 0.0113  decode.d2.loss_mask: 0.4202  decode.d2.loss_dice: 0.5157  decode.d3.loss_cls: 0.0118  decode.d3.loss_mask: 0.4270  decode.d3.loss_dice: 0.5280  decode.d4.loss_cls: 0.0151  decode.d4.loss_mask: 0.4199  decode.d4.loss_dice: 0.5221  decode.d5.loss_cls: 0.0135  decode.d5.loss_mask: 0.4198  decode.d5.loss_dice: 0.5175  decode.d6.loss_cls: 0.0108  decode.d6.loss_mask: 0.4199  decode.d6.loss_dice: 0.5439  decode.d7.loss_cls: 0.0112  decode.d7.loss_mask: 0.4159  decode.d7.loss_dice: 0.5288  decode.d8.loss_cls: 0.0111  decode.d8.loss_mask: 0.4140  decode.d8.loss_dice: 0.5175
2025/02/27 13:43:10 - mmengine - INFO - Iter(train) [  5300/160000]  base_lr: 9.7014e-05 lr: 9.7014e-06  eta: 2 days, 0:02:28  time: 1.0257  data_time: 0.0187  memory: 16120  grad_norm: 419.4971  loss: 17.0177  decode.loss_cls: 0.0032  decode.loss_mask: 0.7559  decode.loss_dice: 0.9241  decode.d0.loss_cls: 0.0643  decode.d0.loss_mask: 0.7640  decode.d0.loss_dice: 0.9056  decode.d1.loss_cls: 0.0048  decode.d1.loss_mask: 0.7671  decode.d1.loss_dice: 0.9439  decode.d2.loss_cls: 0.0045  decode.d2.loss_mask: 0.7712  decode.d2.loss_dice: 0.9185  decode.d3.loss_cls: 0.0037  decode.d3.loss_mask: 0.7620  decode.d3.loss_dice: 0.9219  decode.d4.loss_cls: 0.0021  decode.d4.loss_mask: 0.7595  decode.d4.loss_dice: 0.9283  decode.d5.loss_cls: 0.0020  decode.d5.loss_mask: 0.7544  decode.d5.loss_dice: 0.9390  decode.d6.loss_cls: 0.0025  decode.d6.loss_mask: 0.7606  decode.d6.loss_dice: 0.9306  decode.d7.loss_cls: 0.0051  decode.d7.loss_mask: 0.7769  decode.d7.loss_dice: 0.9302  decode.d8.loss_cls: 0.0032  decode.d8.loss_mask: 0.7708  decode.d8.loss_dice: 0.9377
2025/02/27 13:44:02 - mmengine - INFO - Iter(train) [  5350/160000]  base_lr: 9.6986e-05 lr: 9.6986e-06  eta: 1 day, 23:59:34  time: 1.0392  data_time: 0.0195  memory: 16120  grad_norm: 529.9511  loss: 12.7789  decode.loss_cls: 0.0504  decode.loss_mask: 0.4809  decode.loss_dice: 0.7688  decode.d0.loss_cls: 0.0361  decode.d0.loss_mask: 0.4767  decode.d0.loss_dice: 0.7878  decode.d1.loss_cls: 0.0586  decode.d1.loss_mask: 0.4787  decode.d1.loss_dice: 0.7700  decode.d2.loss_cls: 0.0454  decode.d2.loss_mask: 0.4751  decode.d2.loss_dice: 0.7609  decode.d3.loss_cls: 0.0437  decode.d3.loss_mask: 0.4717  decode.d3.loss_dice: 0.7544  decode.d4.loss_cls: 0.0484  decode.d4.loss_mask: 0.4640  decode.d4.loss_dice: 0.7313  decode.d5.loss_cls: 0.0542  decode.d5.loss_mask: 0.4680  decode.d5.loss_dice: 0.7669  decode.d6.loss_cls: 0.0398  decode.d6.loss_mask: 0.4736  decode.d6.loss_dice: 0.7635  decode.d7.loss_cls: 0.0430  decode.d7.loss_mask: 0.4651  decode.d7.loss_dice: 0.7600  decode.d8.loss_cls: 0.0388  decode.d8.loss_mask: 0.4708  decode.d8.loss_dice: 0.7323
2025/02/27 13:44:54 - mmengine - INFO - Iter(train) [  5400/160000]  base_lr: 9.6958e-05 lr: 9.6958e-06  eta: 1 day, 23:56:45  time: 1.0303  data_time: 0.0196  memory: 16120  grad_norm: 851.6004  loss: 18.4021  decode.loss_cls: 0.0719  decode.loss_mask: 0.8879  decode.loss_dice: 0.8522  decode.d0.loss_cls: 0.1663  decode.d0.loss_mask: 0.8624  decode.d0.loss_dice: 0.7816  decode.d1.loss_cls: 0.0860  decode.d1.loss_mask: 0.9105  decode.d1.loss_dice: 0.8752  decode.d2.loss_cls: 0.0932  decode.d2.loss_mask: 0.9153  decode.d2.loss_dice: 0.8456  decode.d3.loss_cls: 0.0854  decode.d3.loss_mask: 0.8971  decode.d3.loss_dice: 0.8737  decode.d4.loss_cls: 0.0810  decode.d4.loss_mask: 0.8887  decode.d4.loss_dice: 0.8784  decode.d5.loss_cls: 0.0955  decode.d5.loss_mask: 0.8967  decode.d5.loss_dice: 0.8713  decode.d6.loss_cls: 0.0874  decode.d6.loss_mask: 0.8883  decode.d6.loss_dice: 0.8774  decode.d7.loss_cls: 0.0660  decode.d7.loss_mask: 0.8820  decode.d7.loss_dice: 0.8736  decode.d8.loss_cls: 0.0607  decode.d8.loss_mask: 0.8762  decode.d8.loss_dice: 0.8746
2025/02/27 13:45:45 - mmengine - INFO - Iter(train) [  5450/160000]  base_lr: 9.6930e-05 lr: 9.6930e-06  eta: 1 day, 23:53:41  time: 1.0276  data_time: 0.0192  memory: 16120  grad_norm: 267.1715  loss: 14.7680  decode.loss_cls: 0.1763  decode.loss_mask: 0.8037  decode.loss_dice: 0.5337  decode.d0.loss_cls: 0.0917  decode.d0.loss_mask: 0.8366  decode.d0.loss_dice: 0.5650  decode.d1.loss_cls: 0.1092  decode.d1.loss_mask: 0.8014  decode.d1.loss_dice: 0.5533  decode.d2.loss_cls: 0.0868  decode.d2.loss_mask: 0.8315  decode.d2.loss_dice: 0.5987  decode.d3.loss_cls: 0.0086  decode.d3.loss_mask: 0.8793  decode.d3.loss_dice: 0.5234  decode.d4.loss_cls: 0.1214  decode.d4.loss_mask: 0.8155  decode.d4.loss_dice: 0.5117  decode.d5.loss_cls: 0.0072  decode.d5.loss_mask: 0.8770  decode.d5.loss_dice: 0.5477  decode.d6.loss_cls: 0.0080  decode.d6.loss_mask: 0.8801  decode.d6.loss_dice: 0.5689  decode.d7.loss_cls: 0.1346  decode.d7.loss_mask: 0.8127  decode.d7.loss_dice: 0.5582  decode.d8.loss_cls: 0.1436  decode.d8.loss_mask: 0.8082  decode.d8.loss_dice: 0.5741
2025/02/27 13:46:37 - mmengine - INFO - Iter(train) [  5500/160000]  base_lr: 9.6901e-05 lr: 9.6901e-06  eta: 1 day, 23:51:10  time: 1.0269  data_time: 0.0209  memory: 16120  grad_norm: 432.4165  loss: 20.3566  decode.loss_cls: 0.0678  decode.loss_mask: 1.0600  decode.loss_dice: 0.9271  decode.d0.loss_cls: 0.1340  decode.d0.loss_mask: 0.9798  decode.d0.loss_dice: 0.9025  decode.d1.loss_cls: 0.1565  decode.d1.loss_mask: 0.9396  decode.d1.loss_dice: 0.9068  decode.d2.loss_cls: 0.1312  decode.d2.loss_mask: 0.9535  decode.d2.loss_dice: 0.9188  decode.d3.loss_cls: 0.1074  decode.d3.loss_mask: 0.9552  decode.d3.loss_dice: 0.9160  decode.d4.loss_cls: 0.0817  decode.d4.loss_mask: 1.0695  decode.d4.loss_dice: 0.9379  decode.d5.loss_cls: 0.0718  decode.d5.loss_mask: 1.0822  decode.d5.loss_dice: 0.9176  decode.d6.loss_cls: 0.0703  decode.d6.loss_mask: 1.0482  decode.d6.loss_dice: 0.9272  decode.d7.loss_cls: 0.0639  decode.d7.loss_mask: 1.0484  decode.d7.loss_dice: 0.9311  decode.d8.loss_cls: 0.0601  decode.d8.loss_mask: 1.0648  decode.d8.loss_dice: 0.9256
2025/02/27 13:47:30 - mmengine - INFO - Iter(train) [  5550/160000]  base_lr: 9.6873e-05 lr: 9.6873e-06  eta: 1 day, 23:48:57  time: 1.0770  data_time: 0.0213  memory: 16120  grad_norm: 1333.2115  loss: 15.0727  decode.loss_cls: 0.0693  decode.loss_mask: 0.6605  decode.loss_dice: 0.7663  decode.d0.loss_cls: 0.1139  decode.d0.loss_mask: 0.6688  decode.d0.loss_dice: 0.7929  decode.d1.loss_cls: 0.0435  decode.d1.loss_mask: 0.6645  decode.d1.loss_dice: 0.7714  decode.d2.loss_cls: 0.0524  decode.d2.loss_mask: 0.6584  decode.d2.loss_dice: 0.7552  decode.d3.loss_cls: 0.0638  decode.d3.loss_mask: 0.6580  decode.d3.loss_dice: 0.7840  decode.d4.loss_cls: 0.0646  decode.d4.loss_mask: 0.6607  decode.d4.loss_dice: 0.7634  decode.d5.loss_cls: 0.0685  decode.d5.loss_mask: 0.6592  decode.d5.loss_dice: 0.7631  decode.d6.loss_cls: 0.0716  decode.d6.loss_mask: 0.6642  decode.d6.loss_dice: 0.8065  decode.d7.loss_cls: 0.0613  decode.d7.loss_mask: 0.6697  decode.d7.loss_dice: 0.7803  decode.d8.loss_cls: 0.0628  decode.d8.loss_mask: 0.6582  decode.d8.loss_dice: 0.7958
2025/02/27 13:48:22 - mmengine - INFO - Iter(train) [  5600/160000]  base_lr: 9.6845e-05 lr: 9.6845e-06  eta: 1 day, 23:46:21  time: 1.0338  data_time: 0.0197  memory: 16120  grad_norm: 1136.8591  loss: 16.8373  decode.loss_cls: 0.0702  decode.loss_mask: 0.5338  decode.loss_dice: 1.0685  decode.d0.loss_cls: 0.1035  decode.d0.loss_mask: 0.4164  decode.d0.loss_dice: 1.0757  decode.d1.loss_cls: 0.1462  decode.d1.loss_mask: 0.4892  decode.d1.loss_dice: 1.0505  decode.d2.loss_cls: 0.0665  decode.d2.loss_mask: 0.5014  decode.d2.loss_dice: 1.0942  decode.d3.loss_cls: 0.1391  decode.d3.loss_mask: 0.5003  decode.d3.loss_dice: 1.0837  decode.d4.loss_cls: 0.1411  decode.d4.loss_mask: 0.4959  decode.d4.loss_dice: 1.0651  decode.d5.loss_cls: 0.1418  decode.d5.loss_mask: 0.4941  decode.d5.loss_dice: 1.0540  decode.d6.loss_cls: 0.1461  decode.d6.loss_mask: 0.4984  decode.d6.loss_dice: 1.0665  decode.d7.loss_cls: 0.0823  decode.d7.loss_mask: 0.4970  decode.d7.loss_dice: 1.1065  decode.d8.loss_cls: 0.1467  decode.d8.loss_mask: 0.5069  decode.d8.loss_dice: 1.0557
2025/02/27 13:49:14 - mmengine - INFO - Iter(train) [  5650/160000]  base_lr: 9.6817e-05 lr: 9.6817e-06  eta: 1 day, 23:43:43  time: 1.0182  data_time: 0.0179  memory: 16120  grad_norm: 404.9320  loss: 12.1581  decode.loss_cls: 0.0802  decode.loss_mask: 0.5833  decode.loss_dice: 0.5850  decode.d0.loss_cls: 0.0645  decode.d0.loss_mask: 0.6119  decode.d0.loss_dice: 0.5770  decode.d1.loss_cls: 0.0273  decode.d1.loss_mask: 0.5998  decode.d1.loss_dice: 0.5784  decode.d2.loss_cls: 0.0414  decode.d2.loss_mask: 0.5976  decode.d2.loss_dice: 0.5616  decode.d3.loss_cls: 0.0586  decode.d3.loss_mask: 0.5867  decode.d3.loss_dice: 0.5725  decode.d4.loss_cls: 0.0404  decode.d4.loss_mask: 0.5823  decode.d4.loss_dice: 0.5823  decode.d5.loss_cls: 0.0513  decode.d5.loss_mask: 0.5881  decode.d5.loss_dice: 0.5589  decode.d6.loss_cls: 0.0434  decode.d6.loss_mask: 0.5954  decode.d6.loss_dice: 0.5593  decode.d7.loss_cls: 0.0594  decode.d7.loss_mask: 0.5913  decode.d7.loss_dice: 0.5628  decode.d8.loss_cls: 0.0784  decode.d8.loss_mask: 0.5807  decode.d8.loss_dice: 0.5584
2025/02/27 13:50:06 - mmengine - INFO - Iter(train) [  5700/160000]  base_lr: 9.6789e-05 lr: 9.6789e-06  eta: 1 day, 23:41:02  time: 1.0167  data_time: 0.0183  memory: 16120  grad_norm: 305.6528  loss: 10.7279  decode.loss_cls: 0.0802  decode.loss_mask: 0.3754  decode.loss_dice: 0.5986  decode.d0.loss_cls: 0.0681  decode.d0.loss_mask: 0.3914  decode.d0.loss_dice: 0.6029  decode.d1.loss_cls: 0.1083  decode.d1.loss_mask: 0.3860  decode.d1.loss_dice: 0.5955  decode.d2.loss_cls: 0.1168  decode.d2.loss_mask: 0.3773  decode.d2.loss_dice: 0.5788  decode.d3.loss_cls: 0.1373  decode.d3.loss_mask: 0.3766  decode.d3.loss_dice: 0.5793  decode.d4.loss_cls: 0.1430  decode.d4.loss_mask: 0.3820  decode.d4.loss_dice: 0.5871  decode.d5.loss_cls: 0.0793  decode.d5.loss_mask: 0.3781  decode.d5.loss_dice: 0.5949  decode.d6.loss_cls: 0.1077  decode.d6.loss_mask: 0.3793  decode.d6.loss_dice: 0.5872  decode.d7.loss_cls: 0.0761  decode.d7.loss_mask: 0.3809  decode.d7.loss_dice: 0.5983  decode.d8.loss_cls: 0.0731  decode.d8.loss_mask: 0.3822  decode.d8.loss_dice: 0.6066
2025/02/27 13:50:58 - mmengine - INFO - Iter(train) [  5750/160000]  base_lr: 9.6760e-05 lr: 9.6760e-06  eta: 1 day, 23:38:26  time: 1.0409  data_time: 0.0202  memory: 16120  grad_norm: 979.4805  loss: 21.1150  decode.loss_cls: 0.0852  decode.loss_mask: 1.0637  decode.loss_dice: 0.9823  decode.d0.loss_cls: 0.2041  decode.d0.loss_mask: 0.9902  decode.d0.loss_dice: 0.9177  decode.d1.loss_cls: 0.1320  decode.d1.loss_mask: 0.9592  decode.d1.loss_dice: 0.9726  decode.d2.loss_cls: 0.1549  decode.d2.loss_mask: 0.9682  decode.d2.loss_dice: 0.9515  decode.d3.loss_cls: 0.0931  decode.d3.loss_mask: 1.0546  decode.d3.loss_dice: 0.9530  decode.d4.loss_cls: 0.1037  decode.d4.loss_mask: 1.0830  decode.d4.loss_dice: 0.9537  decode.d5.loss_cls: 0.0916  decode.d5.loss_mask: 1.0805  decode.d5.loss_dice: 0.9685  decode.d6.loss_cls: 0.0816  decode.d6.loss_mask: 1.0771  decode.d6.loss_dice: 0.9756  decode.d7.loss_cls: 0.0619  decode.d7.loss_mask: 1.0789  decode.d7.loss_dice: 0.9793  decode.d8.loss_cls: 0.0771  decode.d8.loss_mask: 1.0556  decode.d8.loss_dice: 0.9646
2025/02/27 13:51:50 - mmengine - INFO - Iter(train) [  5800/160000]  base_lr: 9.6732e-05 lr: 9.6732e-06  eta: 1 day, 23:35:54  time: 1.0621  data_time: 0.0215  memory: 16120  grad_norm: 555.6020  loss: 18.0691  decode.loss_cls: 0.0110  decode.loss_mask: 0.7340  decode.loss_dice: 1.0605  decode.d0.loss_cls: 0.1142  decode.d0.loss_mask: 0.7125  decode.d0.loss_dice: 1.0064  decode.d1.loss_cls: 0.0147  decode.d1.loss_mask: 0.7356  decode.d1.loss_dice: 1.0801  decode.d2.loss_cls: 0.0153  decode.d2.loss_mask: 0.7392  decode.d2.loss_dice: 1.0623  decode.d3.loss_cls: 0.0168  decode.d3.loss_mask: 0.7402  decode.d3.loss_dice: 1.0519  decode.d4.loss_cls: 0.0168  decode.d4.loss_mask: 0.7588  decode.d4.loss_dice: 1.0618  decode.d5.loss_cls: 0.0139  decode.d5.loss_mask: 0.7608  decode.d5.loss_dice: 1.0583  decode.d6.loss_cls: 0.0696  decode.d6.loss_mask: 0.6763  decode.d6.loss_dice: 1.0310  decode.d7.loss_cls: 0.0363  decode.d7.loss_mask: 0.6845  decode.d7.loss_dice: 1.0056  decode.d8.loss_cls: 0.0141  decode.d8.loss_mask: 0.7522  decode.d8.loss_dice: 1.0344
2025/02/27 13:52:43 - mmengine - INFO - Iter(train) [  5850/160000]  base_lr: 9.6704e-05 lr: 9.6704e-06  eta: 1 day, 23:33:49  time: 1.0584  data_time: 0.0199  memory: 16120  grad_norm: 357.5266  loss: 11.9484  decode.loss_cls: 0.0029  decode.loss_mask: 0.5018  decode.loss_dice: 0.6942  decode.d0.loss_cls: 0.0309  decode.d0.loss_mask: 0.4789  decode.d0.loss_dice: 0.6884  decode.d1.loss_cls: 0.0072  decode.d1.loss_mask: 0.5114  decode.d1.loss_dice: 0.6865  decode.d2.loss_cls: 0.0051  decode.d2.loss_mask: 0.5001  decode.d2.loss_dice: 0.6819  decode.d3.loss_cls: 0.0046  decode.d3.loss_mask: 0.4992  decode.d3.loss_dice: 0.6827  decode.d4.loss_cls: 0.0037  decode.d4.loss_mask: 0.5009  decode.d4.loss_dice: 0.6964  decode.d5.loss_cls: 0.0037  decode.d5.loss_mask: 0.5050  decode.d5.loss_dice: 0.6727  decode.d6.loss_cls: 0.0043  decode.d6.loss_mask: 0.4988  decode.d6.loss_dice: 0.6960  decode.d7.loss_cls: 0.0035  decode.d7.loss_mask: 0.4942  decode.d7.loss_dice: 0.6916  decode.d8.loss_cls: 0.0032  decode.d8.loss_mask: 0.5069  decode.d8.loss_dice: 0.6920
2025/02/27 13:53:35 - mmengine - INFO - Iter(train) [  5900/160000]  base_lr: 9.6676e-05 lr: 9.6676e-06  eta: 1 day, 23:31:23  time: 1.0349  data_time: 0.0205  memory: 16120  grad_norm: 662.8114  loss: 19.1441  decode.loss_cls: 0.0637  decode.loss_mask: 1.1387  decode.loss_dice: 0.7787  decode.d0.loss_cls: 0.1361  decode.d0.loss_mask: 0.8672  decode.d0.loss_dice: 0.7199  decode.d1.loss_cls: 0.1863  decode.d1.loss_mask: 0.8629  decode.d1.loss_dice: 0.7317  decode.d2.loss_cls: 0.1664  decode.d2.loss_mask: 0.9219  decode.d2.loss_dice: 0.7087  decode.d3.loss_cls: 0.1694  decode.d3.loss_mask: 0.8885  decode.d3.loss_dice: 0.6918  decode.d4.loss_cls: 0.0813  decode.d4.loss_mask: 1.1035  decode.d4.loss_dice: 0.7263  decode.d5.loss_cls: 0.0774  decode.d5.loss_mask: 1.1147  decode.d5.loss_dice: 0.7279  decode.d6.loss_cls: 0.0667  decode.d6.loss_mask: 1.0951  decode.d6.loss_dice: 0.7257  decode.d7.loss_cls: 0.0470  decode.d7.loss_mask: 1.2375  decode.d7.loss_dice: 0.7848  decode.d8.loss_cls: 0.0077  decode.d8.loss_mask: 1.5351  decode.d8.loss_dice: 0.7815
2025/02/27 13:54:26 - mmengine - INFO - Iter(train) [  5950/160000]  base_lr: 9.6647e-05 lr: 9.6647e-06  eta: 1 day, 23:28:41  time: 1.0279  data_time: 0.0206  memory: 16120  grad_norm: 311.8457  loss: 11.4319  decode.loss_cls: 0.0047  decode.loss_mask: 0.4850  decode.loss_dice: 0.6542  decode.d0.loss_cls: 0.0646  decode.d0.loss_mask: 0.4718  decode.d0.loss_dice: 0.6159  decode.d1.loss_cls: 0.0098  decode.d1.loss_mask: 0.4828  decode.d1.loss_dice: 0.6425  decode.d2.loss_cls: 0.0063  decode.d2.loss_mask: 0.4876  decode.d2.loss_dice: 0.6557  decode.d3.loss_cls: 0.0062  decode.d3.loss_mask: 0.4800  decode.d3.loss_dice: 0.6403  decode.d4.loss_cls: 0.0073  decode.d4.loss_mask: 0.4809  decode.d4.loss_dice: 0.6558  decode.d5.loss_cls: 0.0063  decode.d5.loss_mask: 0.4807  decode.d5.loss_dice: 0.6432  decode.d6.loss_cls: 0.0042  decode.d6.loss_mask: 0.4836  decode.d6.loss_dice: 0.6718  decode.d7.loss_cls: 0.0049  decode.d7.loss_mask: 0.4888  decode.d7.loss_dice: 0.6589  decode.d8.loss_cls: 0.0055  decode.d8.loss_mask: 0.4876  decode.d8.loss_dice: 0.6450
2025/02/27 13:55:17 - mmengine - INFO - Exp name: mask2former_swin-t_8xb2-160k_ade20k-512x512_20250227_120057
2025/02/27 13:55:17 - mmengine - INFO - Iter(train) [  6000/160000]  base_lr: 9.6619e-05 lr: 9.6619e-06  eta: 1 day, 23:25:38  time: 1.0141  data_time: 0.0195  memory: 16120  grad_norm: 644.1883  loss: 17.5746  decode.loss_cls: 0.1950  decode.loss_mask: 0.7739  decode.loss_dice: 0.7841  decode.d0.loss_cls: 0.2371  decode.d0.loss_mask: 0.6131  decode.d0.loss_dice: 0.8351  decode.d1.loss_cls: 0.3964  decode.d1.loss_mask: 0.5942  decode.d1.loss_dice: 0.7839  decode.d2.loss_cls: 0.4184  decode.d2.loss_mask: 0.6057  decode.d2.loss_dice: 0.7976  decode.d3.loss_cls: 0.1935  decode.d3.loss_mask: 0.7602  decode.d3.loss_dice: 0.7829  decode.d4.loss_cls: 0.1738  decode.d4.loss_mask: 0.8058  decode.d4.loss_dice: 0.7770  decode.d5.loss_cls: 0.1789  decode.d5.loss_mask: 0.7901  decode.d5.loss_dice: 0.7880  decode.d6.loss_cls: 0.1760  decode.d6.loss_mask: 0.7978  decode.d6.loss_dice: 0.7820  decode.d7.loss_cls: 0.1406  decode.d7.loss_mask: 0.8124  decode.d7.loss_dice: 0.7891  decode.d8.loss_cls: 0.1500  decode.d8.loss_mask: 0.8320  decode.d8.loss_dice: 0.8098
2025/02/27 13:56:09 - mmengine - INFO - Iter(train) [  6050/160000]  base_lr: 9.6591e-05 lr: 9.6591e-06  eta: 1 day, 23:23:24  time: 1.0536  data_time: 0.0195  memory: 16120  grad_norm: 171.1549  loss: 7.9630  decode.loss_cls: 0.0052  decode.loss_mask: 0.4103  decode.loss_dice: 0.3788  decode.d0.loss_cls: 0.0302  decode.d0.loss_mask: 0.4106  decode.d0.loss_dice: 0.3859  decode.d1.loss_cls: 0.0052  decode.d1.loss_mask: 0.4117  decode.d1.loss_dice: 0.3815  decode.d2.loss_cls: 0.0057  decode.d2.loss_mask: 0.4095  decode.d2.loss_dice: 0.3744  decode.d3.loss_cls: 0.0071  decode.d3.loss_mask: 0.4099  decode.d3.loss_dice: 0.3782  decode.d4.loss_cls: 0.0048  decode.d4.loss_mask: 0.4057  decode.d4.loss_dice: 0.3744  decode.d5.loss_cls: 0.0050  decode.d5.loss_mask: 0.4049  decode.d5.loss_dice: 0.3723  decode.d6.loss_cls: 0.0049  decode.d6.loss_mask: 0.4069  decode.d6.loss_dice: 0.3839  decode.d7.loss_cls: 0.0043  decode.d7.loss_mask: 0.4091  decode.d7.loss_dice: 0.3785  decode.d8.loss_cls: 0.0052  decode.d8.loss_mask: 0.4149  decode.d8.loss_dice: 0.3843
2025/02/27 13:57:01 - mmengine - INFO - Iter(train) [  6100/160000]  base_lr: 9.6563e-05 lr: 9.6563e-06  eta: 1 day, 23:20:57  time: 1.0317  data_time: 0.0173  memory: 16120  grad_norm: 177.1323  loss: 10.4713  decode.loss_cls: 0.0062  decode.loss_mask: 0.4097  decode.loss_dice: 0.6196  decode.d0.loss_cls: 0.0282  decode.d0.loss_mask: 0.4204  decode.d0.loss_dice: 0.6253  decode.d1.loss_cls: 0.0088  decode.d1.loss_mask: 0.4113  decode.d1.loss_dice: 0.6260  decode.d2.loss_cls: 0.0058  decode.d2.loss_mask: 0.4052  decode.d2.loss_dice: 0.6371  decode.d3.loss_cls: 0.0080  decode.d3.loss_mask: 0.4107  decode.d3.loss_dice: 0.6173  decode.d4.loss_cls: 0.0102  decode.d4.loss_mask: 0.4086  decode.d4.loss_dice: 0.6177  decode.d5.loss_cls: 0.0079  decode.d5.loss_mask: 0.4139  decode.d5.loss_dice: 0.6174  decode.d6.loss_cls: 0.0053  decode.d6.loss_mask: 0.4110  decode.d6.loss_dice: 0.6243  decode.d7.loss_cls: 0.0084  decode.d7.loss_mask: 0.4128  decode.d7.loss_dice: 0.6350  decode.d8.loss_cls: 0.0076  decode.d8.loss_mask: 0.4104  decode.d8.loss_dice: 0.6412
2025/02/27 13:57:53 - mmengine - INFO - Iter(train) [  6150/160000]  base_lr: 9.6534e-05 lr: 9.6534e-06  eta: 1 day, 23:18:24  time: 1.0212  data_time: 0.0210  memory: 16120  grad_norm: 637.7859  loss: 19.0710  decode.loss_cls: 0.0127  decode.loss_mask: 0.9026  decode.loss_dice: 0.9831  decode.d0.loss_cls: 0.0276  decode.d0.loss_mask: 0.9323  decode.d0.loss_dice: 1.0027  decode.d1.loss_cls: 0.0055  decode.d1.loss_mask: 0.9142  decode.d1.loss_dice: 0.9968  decode.d2.loss_cls: 0.0068  decode.d2.loss_mask: 0.8897  decode.d2.loss_dice: 0.9799  decode.d3.loss_cls: 0.0086  decode.d3.loss_mask: 0.9151  decode.d3.loss_dice: 0.9872  decode.d4.loss_cls: 0.0079  decode.d4.loss_mask: 0.9057  decode.d4.loss_dice: 0.9825  decode.d5.loss_cls: 0.0064  decode.d5.loss_mask: 0.9066  decode.d5.loss_dice: 0.9885  decode.d6.loss_cls: 0.1012  decode.d6.loss_mask: 0.8683  decode.d6.loss_dice: 0.9585  decode.d7.loss_cls: 0.0095  decode.d7.loss_mask: 0.9156  decode.d7.loss_dice: 0.9848  decode.d8.loss_cls: 0.0062  decode.d8.loss_mask: 0.8881  decode.d8.loss_dice: 0.9766
2025/02/27 13:58:45 - mmengine - INFO - Iter(train) [  6200/160000]  base_lr: 9.6506e-05 lr: 9.6506e-06  eta: 1 day, 23:16:07  time: 1.0516  data_time: 0.0204  memory: 16120  grad_norm: 779.6450  loss: 15.7760  decode.loss_cls: 0.0348  decode.loss_mask: 0.8205  decode.loss_dice: 0.7091  decode.d0.loss_cls: 0.0618  decode.d0.loss_mask: 0.8378  decode.d0.loss_dice: 0.6993  decode.d1.loss_cls: 0.0302  decode.d1.loss_mask: 0.8381  decode.d1.loss_dice: 0.7365  decode.d2.loss_cls: 0.0771  decode.d2.loss_mask: 0.7989  decode.d2.loss_dice: 0.7272  decode.d3.loss_cls: 0.0592  decode.d3.loss_mask: 0.8131  decode.d3.loss_dice: 0.6979  decode.d4.loss_cls: 0.0486  decode.d4.loss_mask: 0.8065  decode.d4.loss_dice: 0.7028  decode.d5.loss_cls: 0.0582  decode.d5.loss_mask: 0.8233  decode.d5.loss_dice: 0.6964  decode.d6.loss_cls: 0.0346  decode.d6.loss_mask: 0.8153  decode.d6.loss_dice: 0.7138  decode.d7.loss_cls: 0.0369  decode.d7.loss_mask: 0.8226  decode.d7.loss_dice: 0.6985  decode.d8.loss_cls: 0.0486  decode.d8.loss_mask: 0.8339  decode.d8.loss_dice: 0.6949
2025/02/27 13:59:37 - mmengine - INFO - Iter(train) [  6250/160000]  base_lr: 9.6478e-05 lr: 9.6478e-06  eta: 1 day, 23:13:53  time: 1.0282  data_time: 0.0185  memory: 16120  grad_norm: 620.7890  loss: 16.8633  decode.loss_cls: 0.0583  decode.loss_mask: 0.9550  decode.loss_dice: 0.6691  decode.d0.loss_cls: 0.0681  decode.d0.loss_mask: 0.9547  decode.d0.loss_dice: 0.6686  decode.d1.loss_cls: 0.0436  decode.d1.loss_mask: 0.9820  decode.d1.loss_dice: 0.6873  decode.d2.loss_cls: 0.1439  decode.d2.loss_mask: 0.8186  decode.d2.loss_dice: 0.6844  decode.d3.loss_cls: 0.1705  decode.d3.loss_mask: 0.7966  decode.d3.loss_dice: 0.6838  decode.d4.loss_cls: 0.0703  decode.d4.loss_mask: 0.9556  decode.d4.loss_dice: 0.6632  decode.d5.loss_cls: 0.0716  decode.d5.loss_mask: 0.9727  decode.d5.loss_dice: 0.6739  decode.d6.loss_cls: 0.0644  decode.d6.loss_mask: 0.9593  decode.d6.loss_dice: 0.6754  decode.d7.loss_cls: 0.0551  decode.d7.loss_mask: 0.9542  decode.d7.loss_dice: 0.6592  decode.d8.loss_cls: 0.0638  decode.d8.loss_mask: 0.9689  decode.d8.loss_dice: 0.6712
2025/02/27 14:00:30 - mmengine - INFO - Iter(train) [  6300/160000]  base_lr: 9.6450e-05 lr: 9.6450e-06  eta: 1 day, 23:12:06  time: 1.0643  data_time: 0.0195  memory: 16120  grad_norm: 723.3969  loss: 15.7902  decode.loss_cls: 0.0748  decode.loss_mask: 0.6722  decode.loss_dice: 0.8078  decode.d0.loss_cls: 0.1078  decode.d0.loss_mask: 0.7048  decode.d0.loss_dice: 0.7911  decode.d1.loss_cls: 0.0965  decode.d1.loss_mask: 0.6875  decode.d1.loss_dice: 0.7941  decode.d2.loss_cls: 0.1102  decode.d2.loss_mask: 0.6777  decode.d2.loss_dice: 0.8030  decode.d3.loss_cls: 0.1201  decode.d3.loss_mask: 0.6726  decode.d3.loss_dice: 0.7910  decode.d4.loss_cls: 0.1190  decode.d4.loss_mask: 0.6808  decode.d4.loss_dice: 0.8231  decode.d5.loss_cls: 0.1295  decode.d5.loss_mask: 0.6648  decode.d5.loss_dice: 0.7906  decode.d6.loss_cls: 0.0760  decode.d6.loss_mask: 0.6727  decode.d6.loss_dice: 0.8273  decode.d7.loss_cls: 0.0660  decode.d7.loss_mask: 0.6717  decode.d7.loss_dice: 0.7942  decode.d8.loss_cls: 0.0884  decode.d8.loss_mask: 0.6732  decode.d8.loss_dice: 0.8016
2025/02/27 14:01:22 - mmengine - INFO - Iter(train) [  6350/160000]  base_lr: 9.6421e-05 lr: 9.6421e-06  eta: 1 day, 23:10:03  time: 1.0408  data_time: 0.0191  memory: 16120  grad_norm: 473.5521  loss: 18.3632  decode.loss_cls: 0.0983  decode.loss_mask: 1.0001  decode.loss_dice: 0.7196  decode.d0.loss_cls: 0.1038  decode.d0.loss_mask: 1.0025  decode.d0.loss_dice: 0.7384  decode.d1.loss_cls: 0.0511  decode.d1.loss_mask: 1.0181  decode.d1.loss_dice: 0.7291  decode.d2.loss_cls: 0.1036  decode.d2.loss_mask: 1.0131  decode.d2.loss_dice: 0.7242  decode.d3.loss_cls: 0.1050  decode.d3.loss_mask: 1.0237  decode.d3.loss_dice: 0.7276  decode.d4.loss_cls: 0.1089  decode.d4.loss_mask: 1.0061  decode.d4.loss_dice: 0.7185  decode.d5.loss_cls: 0.1170  decode.d5.loss_mask: 1.0011  decode.d5.loss_dice: 0.7175  decode.d6.loss_cls: 0.1065  decode.d6.loss_mask: 1.0111  decode.d6.loss_dice: 0.7246  decode.d7.loss_cls: 0.0963  decode.d7.loss_mask: 1.0111  decode.d7.loss_dice: 0.7169  decode.d8.loss_cls: 0.1190  decode.d8.loss_mask: 1.0196  decode.d8.loss_dice: 0.7305
2025/02/27 14:02:15 - mmengine - INFO - Iter(train) [  6400/160000]  base_lr: 9.6393e-05 lr: 9.6393e-06  eta: 1 day, 23:08:02  time: 1.0655  data_time: 0.0212  memory: 16120  grad_norm: 327.1758  loss: 14.2077  decode.loss_cls: 0.0302  decode.loss_mask: 0.7967  decode.loss_dice: 0.5793  decode.d0.loss_cls: 0.0282  decode.d0.loss_mask: 0.8554  decode.d0.loss_dice: 0.5657  decode.d1.loss_cls: 0.0400  decode.d1.loss_mask: 0.8007  decode.d1.loss_dice: 0.5793  decode.d2.loss_cls: 0.0307  decode.d2.loss_mask: 0.8232  decode.d2.loss_dice: 0.5784  decode.d3.loss_cls: 0.0289  decode.d3.loss_mask: 0.8054  decode.d3.loss_dice: 0.5735  decode.d4.loss_cls: 0.0345  decode.d4.loss_mask: 0.8174  decode.d4.loss_dice: 0.5779  decode.d5.loss_cls: 0.0239  decode.d5.loss_mask: 0.8102  decode.d5.loss_dice: 0.5769  decode.d6.loss_cls: 0.0352  decode.d6.loss_mask: 0.8047  decode.d6.loss_dice: 0.5732  decode.d7.loss_cls: 0.0402  decode.d7.loss_mask: 0.8207  decode.d7.loss_dice: 0.5644  decode.d8.loss_cls: 0.0244  decode.d8.loss_mask: 0.8036  decode.d8.loss_dice: 0.5846
2025/02/27 14:03:07 - mmengine - INFO - Iter(train) [  6450/160000]  base_lr: 9.6365e-05 lr: 9.6365e-06  eta: 1 day, 23:05:50  time: 1.0280  data_time: 0.0177  memory: 16120  grad_norm: 255.1669  loss: 11.7898  decode.loss_cls: 0.0146  decode.loss_mask: 0.5440  decode.loss_dice: 0.6249  decode.d0.loss_cls: 0.0321  decode.d0.loss_mask: 0.5332  decode.d0.loss_dice: 0.6252  decode.d1.loss_cls: 0.0122  decode.d1.loss_mask: 0.5451  decode.d1.loss_dice: 0.6208  decode.d2.loss_cls: 0.0096  decode.d2.loss_mask: 0.5506  decode.d2.loss_dice: 0.6168  decode.d3.loss_cls: 0.0085  decode.d3.loss_mask: 0.5321  decode.d3.loss_dice: 0.6272  decode.d4.loss_cls: 0.0121  decode.d4.loss_mask: 0.5538  decode.d4.loss_dice: 0.6234  decode.d5.loss_cls: 0.0088  decode.d5.loss_mask: 0.5382  decode.d5.loss_dice: 0.6205  decode.d6.loss_cls: 0.0084  decode.d6.loss_mask: 0.5445  decode.d6.loss_dice: 0.6295  decode.d7.loss_cls: 0.0167  decode.d7.loss_mask: 0.5460  decode.d7.loss_dice: 0.6212  decode.d8.loss_cls: 0.0134  decode.d8.loss_mask: 0.5451  decode.d8.loss_dice: 0.6116
2025/02/27 14:03:59 - mmengine - INFO - Iter(train) [  6500/160000]  base_lr: 9.6337e-05 lr: 9.6337e-06  eta: 1 day, 23:03:46  time: 1.0722  data_time: 0.0210  memory: 16120  grad_norm: 206.1519  loss: 11.8499  decode.loss_cls: 0.0465  decode.loss_mask: 0.5709  decode.loss_dice: 0.5518  decode.d0.loss_cls: 0.0658  decode.d0.loss_mask: 0.5668  decode.d0.loss_dice: 0.5532  decode.d1.loss_cls: 0.0560  decode.d1.loss_mask: 0.5782  decode.d1.loss_dice: 0.5502  decode.d2.loss_cls: 0.0395  decode.d2.loss_mask: 0.5797  decode.d2.loss_dice: 0.5505  decode.d3.loss_cls: 0.0061  decode.d3.loss_mask: 0.5974  decode.d3.loss_dice: 0.6143  decode.d4.loss_cls: 0.0557  decode.d4.loss_mask: 0.5705  decode.d4.loss_dice: 0.5497  decode.d5.loss_cls: 0.0624  decode.d5.loss_mask: 0.5770  decode.d5.loss_dice: 0.5512  decode.d6.loss_cls: 0.0420  decode.d6.loss_mask: 0.5736  decode.d6.loss_dice: 0.5508  decode.d7.loss_cls: 0.0702  decode.d7.loss_mask: 0.5790  decode.d7.loss_dice: 0.5520  decode.d8.loss_cls: 0.0593  decode.d8.loss_mask: 0.5827  decode.d8.loss_dice: 0.5470
2025/02/27 14:04:52 - mmengine - INFO - Iter(train) [  6550/160000]  base_lr: 9.6309e-05 lr: 9.6309e-06  eta: 1 day, 23:01:46  time: 1.0230  data_time: 0.0188  memory: 16120  grad_norm: 428.3625  loss: 18.3593  decode.loss_cls: 0.0090  decode.loss_mask: 1.0251  decode.loss_dice: 0.8123  decode.d0.loss_cls: 0.0745  decode.d0.loss_mask: 1.0068  decode.d0.loss_dice: 0.7880  decode.d1.loss_cls: 0.0131  decode.d1.loss_mask: 1.0154  decode.d1.loss_dice: 0.8182  decode.d2.loss_cls: 0.0113  decode.d2.loss_mask: 1.0123  decode.d2.loss_dice: 0.8125  decode.d3.loss_cls: 0.0099  decode.d3.loss_mask: 1.0006  decode.d3.loss_dice: 0.8072  decode.d4.loss_cls: 0.0100  decode.d4.loss_mask: 1.0056  decode.d4.loss_dice: 0.7966  decode.d5.loss_cls: 0.0103  decode.d5.loss_mask: 1.0143  decode.d5.loss_dice: 0.8135  decode.d6.loss_cls: 0.0108  decode.d6.loss_mask: 1.0046  decode.d6.loss_dice: 0.8194  decode.d7.loss_cls: 0.0113  decode.d7.loss_mask: 1.0066  decode.d7.loss_dice: 0.8166  decode.d8.loss_cls: 0.0081  decode.d8.loss_mask: 1.0114  decode.d8.loss_dice: 0.8041
2025/02/27 14:05:44 - mmengine - INFO - Iter(train) [  6600/160000]  base_lr: 9.6280e-05 lr: 9.6280e-06  eta: 1 day, 22:59:52  time: 1.0539  data_time: 0.0203  memory: 16120  grad_norm: 492.4930  loss: 17.9262  decode.loss_cls: 0.1372  decode.loss_mask: 0.9062  decode.loss_dice: 0.7560  decode.d0.loss_cls: 0.1407  decode.d0.loss_mask: 0.8812  decode.d0.loss_dice: 0.7425  decode.d1.loss_cls: 0.1433  decode.d1.loss_mask: 0.9108  decode.d1.loss_dice: 0.7537  decode.d2.loss_cls: 0.1118  decode.d2.loss_mask: 0.9036  decode.d2.loss_dice: 0.7658  decode.d3.loss_cls: 0.1292  decode.d3.loss_mask: 0.9092  decode.d3.loss_dice: 0.7675  decode.d4.loss_cls: 0.1379  decode.d4.loss_mask: 0.8898  decode.d4.loss_dice: 0.7526  decode.d5.loss_cls: 0.1440  decode.d5.loss_mask: 0.8956  decode.d5.loss_dice: 0.7566  decode.d6.loss_cls: 0.1237  decode.d6.loss_mask: 0.9079  decode.d6.loss_dice: 0.7527  decode.d7.loss_cls: 0.1435  decode.d7.loss_mask: 0.9078  decode.d7.loss_dice: 0.7592  decode.d8.loss_cls: 0.1997  decode.d8.loss_mask: 0.8791  decode.d8.loss_dice: 0.7173
2025/02/27 14:06:37 - mmengine - INFO - Iter(train) [  6650/160000]  base_lr: 9.6252e-05 lr: 9.6252e-06  eta: 1 day, 22:58:12  time: 1.0853  data_time: 0.0203  memory: 16120  grad_norm: 316.5298  loss: 13.0775  decode.loss_cls: 0.0069  decode.loss_mask: 0.6765  decode.loss_dice: 0.6248  decode.d0.loss_cls: 0.0324  decode.d0.loss_mask: 0.6762  decode.d0.loss_dice: 0.6188  decode.d1.loss_cls: 0.0075  decode.d1.loss_mask: 0.6869  decode.d1.loss_dice: 0.6163  decode.d2.loss_cls: 0.0086  decode.d2.loss_mask: 0.6780  decode.d2.loss_dice: 0.6215  decode.d3.loss_cls: 0.0083  decode.d3.loss_mask: 0.6768  decode.d3.loss_dice: 0.6216  decode.d4.loss_cls: 0.0693  decode.d4.loss_mask: 0.6515  decode.d4.loss_dice: 0.5535  decode.d5.loss_cls: 0.0081  decode.d5.loss_mask: 0.6525  decode.d5.loss_dice: 0.6252  decode.d6.loss_cls: 0.0078  decode.d6.loss_mask: 0.6692  decode.d6.loss_dice: 0.6322  decode.d7.loss_cls: 0.0807  decode.d7.loss_mask: 0.6761  decode.d7.loss_dice: 0.5608  decode.d8.loss_cls: 0.0913  decode.d8.loss_mask: 0.6513  decode.d8.loss_dice: 0.5867
2025/02/27 14:07:29 - mmengine - INFO - Iter(train) [  6700/160000]  base_lr: 9.6224e-05 lr: 9.6224e-06  eta: 1 day, 22:55:48  time: 1.0273  data_time: 0.0198  memory: 16120  grad_norm: 285.5279  loss: 10.5885  decode.loss_cls: 0.0105  decode.loss_mask: 0.4680  decode.loss_dice: 0.5893  decode.d0.loss_cls: 0.0369  decode.d0.loss_mask: 0.4587  decode.d0.loss_dice: 0.5864  decode.d1.loss_cls: 0.0102  decode.d1.loss_mask: 0.4575  decode.d1.loss_dice: 0.5800  decode.d2.loss_cls: 0.0119  decode.d2.loss_mask: 0.4698  decode.d2.loss_dice: 0.5919  decode.d3.loss_cls: 0.0137  decode.d3.loss_mask: 0.4564  decode.d3.loss_dice: 0.5891  decode.d4.loss_cls: 0.0123  decode.d4.loss_mask: 0.4629  decode.d4.loss_dice: 0.5875  decode.d5.loss_cls: 0.0117  decode.d5.loss_mask: 0.4557  decode.d5.loss_dice: 0.5717  decode.d6.loss_cls: 0.0110  decode.d6.loss_mask: 0.4573  decode.d6.loss_dice: 0.5731  decode.d7.loss_cls: 0.0105  decode.d7.loss_mask: 0.4598  decode.d7.loss_dice: 0.5862  decode.d8.loss_cls: 0.0116  decode.d8.loss_mask: 0.4562  decode.d8.loss_dice: 0.5906
2025/02/27 14:08:20 - mmengine - INFO - Iter(train) [  6750/160000]  base_lr: 9.6196e-05 lr: 9.6196e-06  eta: 1 day, 22:53:27  time: 1.0173  data_time: 0.0195  memory: 16120  grad_norm: 304.6226  loss: 15.0570  decode.loss_cls: 0.0355  decode.loss_mask: 0.6429  decode.loss_dice: 0.7974  decode.d0.loss_cls: 0.0831  decode.d0.loss_mask: 0.6524  decode.d0.loss_dice: 0.8200  decode.d1.loss_cls: 0.0579  decode.d1.loss_mask: 0.6440  decode.d1.loss_dice: 0.7860  decode.d2.loss_cls: 0.0537  decode.d2.loss_mask: 0.6353  decode.d2.loss_dice: 0.7956  decode.d3.loss_cls: 0.0530  decode.d3.loss_mask: 0.6358  decode.d3.loss_dice: 0.8114  decode.d4.loss_cls: 0.0636  decode.d4.loss_mask: 0.6384  decode.d4.loss_dice: 0.8010  decode.d5.loss_cls: 0.0586  decode.d5.loss_mask: 0.6407  decode.d5.loss_dice: 0.8143  decode.d6.loss_cls: 0.0581  decode.d6.loss_mask: 0.6419  decode.d6.loss_dice: 0.7938  decode.d7.loss_cls: 0.0786  decode.d7.loss_mask: 0.6421  decode.d7.loss_dice: 0.8149  decode.d8.loss_cls: 0.0584  decode.d8.loss_mask: 0.6451  decode.d8.loss_dice: 0.8033
2025/02/27 14:09:12 - mmengine - INFO - Iter(train) [  6800/160000]  base_lr: 9.6167e-05 lr: 9.6167e-06  eta: 1 day, 22:51:22  time: 1.0353  data_time: 0.0191  memory: 16120  grad_norm: 744.4393  loss: 19.6719  decode.loss_cls: 0.1308  decode.loss_mask: 0.8014  decode.loss_dice: 1.0200  decode.d0.loss_cls: 0.1776  decode.d0.loss_mask: 0.7222  decode.d0.loss_dice: 1.0447  decode.d1.loss_cls: 0.3343  decode.d1.loss_mask: 0.6712  decode.d1.loss_dice: 1.0161  decode.d2.loss_cls: 0.2293  decode.d2.loss_mask: 0.6613  decode.d2.loss_dice: 1.0051  decode.d3.loss_cls: 0.1526  decode.d3.loss_mask: 0.8122  decode.d3.loss_dice: 1.0146  decode.d4.loss_cls: 0.1811  decode.d4.loss_mask: 0.8107  decode.d4.loss_dice: 1.0139  decode.d5.loss_cls: 0.1679  decode.d5.loss_mask: 0.7773  decode.d5.loss_dice: 1.0099  decode.d6.loss_cls: 0.1363  decode.d6.loss_mask: 0.7807  decode.d6.loss_dice: 1.0144  decode.d7.loss_cls: 0.1917  decode.d7.loss_mask: 0.7831  decode.d7.loss_dice: 1.0235  decode.d8.loss_cls: 0.1640  decode.d8.loss_mask: 0.8009  decode.d8.loss_dice: 1.0232
2025/02/27 14:10:05 - mmengine - INFO - Iter(train) [  6850/160000]  base_lr: 9.6139e-05 lr: 9.6139e-06  eta: 1 day, 22:49:31  time: 1.0591  data_time: 0.0207  memory: 16120  grad_norm: 546.8538  loss: 15.5902  decode.loss_cls: 0.0846  decode.loss_mask: 0.5636  decode.loss_dice: 0.8960  decode.d0.loss_cls: 0.0873  decode.d0.loss_mask: 0.5702  decode.d0.loss_dice: 0.8862  decode.d1.loss_cls: 0.0923  decode.d1.loss_mask: 0.5812  decode.d1.loss_dice: 0.9381  decode.d2.loss_cls: 0.0978  decode.d2.loss_mask: 0.5689  decode.d2.loss_dice: 0.9062  decode.d3.loss_cls: 0.0715  decode.d3.loss_mask: 0.5707  decode.d3.loss_dice: 0.8829  decode.d4.loss_cls: 0.0709  decode.d4.loss_mask: 0.5916  decode.d4.loss_dice: 0.8783  decode.d5.loss_cls: 0.0583  decode.d5.loss_mask: 0.6498  decode.d5.loss_dice: 0.9404  decode.d6.loss_cls: 0.0758  decode.d6.loss_mask: 0.5734  decode.d6.loss_dice: 0.9114  decode.d7.loss_cls: 0.0752  decode.d7.loss_mask: 0.5803  decode.d7.loss_dice: 0.8762  decode.d8.loss_cls: 0.0828  decode.d8.loss_mask: 0.5638  decode.d8.loss_dice: 0.8646
2025/02/27 14:10:58 - mmengine - INFO - Iter(train) [  6900/160000]  base_lr: 9.6111e-05 lr: 9.6111e-06  eta: 1 day, 22:48:07  time: 1.0425  data_time: 0.0193  memory: 16120  grad_norm: 476.8235  loss: 16.0336  decode.loss_cls: 0.0027  decode.loss_mask: 0.5571  decode.loss_dice: 1.0500  decode.d0.loss_cls: 0.1136  decode.d0.loss_mask: 0.5479  decode.d0.loss_dice: 0.9944  decode.d1.loss_cls: 0.0053  decode.d1.loss_mask: 0.5682  decode.d1.loss_dice: 1.0407  decode.d2.loss_cls: 0.0075  decode.d2.loss_mask: 0.5756  decode.d2.loss_dice: 1.0105  decode.d3.loss_cls: 0.0312  decode.d3.loss_mask: 0.5798  decode.d3.loss_dice: 0.9602  decode.d4.loss_cls: 0.0045  decode.d4.loss_mask: 0.5786  decode.d4.loss_dice: 1.0258  decode.d5.loss_cls: 0.0294  decode.d5.loss_mask: 0.5674  decode.d5.loss_dice: 0.9792  decode.d6.loss_cls: 0.0046  decode.d6.loss_mask: 0.5700  decode.d6.loss_dice: 1.0430  decode.d7.loss_cls: 0.0386  decode.d7.loss_mask: 0.5685  decode.d7.loss_dice: 0.9741  decode.d8.loss_cls: 0.0054  decode.d8.loss_mask: 0.5643  decode.d8.loss_dice: 1.0353
2025/02/27 14:11:51 - mmengine - INFO - Iter(train) [  6950/160000]  base_lr: 9.6083e-05 lr: 9.6083e-06  eta: 1 day, 22:46:25  time: 1.0591  data_time: 0.0196  memory: 16120  grad_norm: 842.6524  loss: 20.2259  decode.loss_cls: 0.0073  decode.loss_mask: 1.0012  decode.loss_dice: 0.9946  decode.d0.loss_cls: 0.0692  decode.d0.loss_mask: 1.0456  decode.d0.loss_dice: 0.9488  decode.d1.loss_cls: 0.0086  decode.d1.loss_mask: 0.9949  decode.d1.loss_dice: 1.0302  decode.d2.loss_cls: 0.0086  decode.d2.loss_mask: 0.9994  decode.d2.loss_dice: 1.0219  decode.d3.loss_cls: 0.0076  decode.d3.loss_mask: 0.9751  decode.d3.loss_dice: 1.0155  decode.d4.loss_cls: 0.0078  decode.d4.loss_mask: 1.0000  decode.d4.loss_dice: 1.0106  decode.d5.loss_cls: 0.0088  decode.d5.loss_mask: 0.9985  decode.d5.loss_dice: 1.0235  decode.d6.loss_cls: 0.0066  decode.d6.loss_mask: 1.0067  decode.d6.loss_dice: 1.0062  decode.d7.loss_cls: 0.0085  decode.d7.loss_mask: 0.9858  decode.d7.loss_dice: 1.0176  decode.d8.loss_cls: 0.0087  decode.d8.loss_mask: 0.9815  decode.d8.loss_dice: 1.0263
2025/02/27 14:12:44 - mmengine - INFO - Exp name: mask2former_swin-t_8xb2-160k_ade20k-512x512_20250227_120057
2025/02/27 14:12:44 - mmengine - INFO - Iter(train) [  7000/160000]  base_lr: 9.6054e-05 lr: 9.6054e-06  eta: 1 day, 22:44:41  time: 1.0442  data_time: 0.0209  memory: 16120  grad_norm: 485.9627  loss: 16.2860  decode.loss_cls: 0.0531  decode.loss_mask: 0.7797  decode.loss_dice: 0.7826  decode.d0.loss_cls: 0.0764  decode.d0.loss_mask: 0.8023  decode.d0.loss_dice: 0.7777  decode.d1.loss_cls: 0.0306  decode.d1.loss_mask: 0.8054  decode.d1.loss_dice: 0.8133  decode.d2.loss_cls: 0.0521  decode.d2.loss_mask: 0.7888  decode.d2.loss_dice: 0.7670  decode.d3.loss_cls: 0.0580  decode.d3.loss_mask: 0.8098  decode.d3.loss_dice: 0.7783  decode.d4.loss_cls: 0.0600  decode.d4.loss_mask: 0.7803  decode.d4.loss_dice: 0.7738  decode.d5.loss_cls: 0.0629  decode.d5.loss_mask: 0.7810  decode.d5.loss_dice: 0.8045  decode.d6.loss_cls: 0.0644  decode.d6.loss_mask: 0.7754  decode.d6.loss_dice: 0.7666  decode.d7.loss_cls: 0.0653  decode.d7.loss_mask: 0.7795  decode.d7.loss_dice: 0.7906  decode.d8.loss_cls: 0.0503  decode.d8.loss_mask: 0.7766  decode.d8.loss_dice: 0.7796
2025/02/27 14:12:44 - mmengine - INFO - Saving checkpoint at 7000 iterations
2025/02/27 14:13:00 - mmengine - INFO - Iter(val) [ 50/869]    eta: 0:02:15  time: 0.1572  data_time: 0.0024  memory: 1771  
2025/02/27 14:13:08 - mmengine - INFO - Iter(val) [100/869]    eta: 0:02:05  time: 0.1623  data_time: 0.0025  memory: 1771  
2025/02/27 14:13:17 - mmengine - INFO - Iter(val) [150/869]    eta: 0:01:59  time: 0.1662  data_time: 0.0019  memory: 1771  
2025/02/27 14:13:25 - mmengine - INFO - Iter(val) [200/869]    eta: 0:01:50  time: 0.1651  data_time: 0.0026  memory: 1771  
2025/02/27 14:13:33 - mmengine - INFO - Iter(val) [250/869]    eta: 0:01:42  time: 0.1696  data_time: 0.0030  memory: 1771  
2025/02/27 14:13:42 - mmengine - INFO - Iter(val) [300/869]    eta: 0:01:34  time: 0.1621  data_time: 0.0026  memory: 1771  
2025/02/27 14:13:50 - mmengine - INFO - Iter(val) [350/869]    eta: 0:01:25  time: 0.1673  data_time: 0.0031  memory: 1771  
2025/02/27 14:13:58 - mmengine - INFO - Iter(val) [400/869]    eta: 0:01:17  time: 0.1600  data_time: 0.0026  memory: 1771  
2025/02/27 14:14:06 - mmengine - INFO - Iter(val) [450/869]    eta: 0:01:08  time: 0.1649  data_time: 0.0025  memory: 1771  
2025/02/27 14:14:14 - mmengine - INFO - Iter(val) [500/869]    eta: 0:01:00  time: 0.1575  data_time: 0.0025  memory: 1771  
2025/02/27 14:14:22 - mmengine - INFO - Iter(val) [550/869]    eta: 0:00:52  time: 0.1563  data_time: 0.0026  memory: 1771  
2025/02/27 14:14:30 - mmengine - INFO - Iter(val) [600/869]    eta: 0:00:43  time: 0.1566  data_time: 0.0026  memory: 1771  
2025/02/27 14:14:38 - mmengine - INFO - Iter(val) [650/869]    eta: 0:00:35  time: 0.1683  data_time: 0.0027  memory: 1771  
2025/02/27 14:14:46 - mmengine - INFO - Iter(val) [700/869]    eta: 0:00:27  time: 0.1707  data_time: 0.0024  memory: 1771  
2025/02/27 14:14:54 - mmengine - INFO - Iter(val) [750/869]    eta: 0:00:19  time: 0.1646  data_time: 0.0010  memory: 1771  
2025/02/27 14:15:02 - mmengine - INFO - Iter(val) [800/869]    eta: 0:00:11  time: 0.1557  data_time: 0.0006  memory: 1771  
2025/02/27 14:15:10 - mmengine - INFO - Iter(val) [850/869]    eta: 0:00:03  time: 0.1626  data_time: 0.0064  memory: 1771  
2025/02/27 14:15:13 - mmengine - INFO - per class results:
2025/02/27 14:15:13 - mmengine - INFO - 
+------------+-------+-------+
|   Class    |  IoU  |  Acc  |
+------------+-------+-------+
| background | 97.58 | 98.28 |
|    ghaf    | 63.68 | 85.69 |
+------------+-------+-------+
2025/02/27 14:15:13 - mmengine - INFO - Iter(val) [869/869]    aAcc: 97.6800  mIoU: 80.6300  mAcc: 91.9800  data_time: 0.0027  time: 0.1628
2025/02/27 14:16:07 - mmengine - INFO - Iter(train) [  7050/160000]  base_lr: 9.6026e-05 lr: 9.6026e-06  eta: 1 day, 22:43:13  time: 1.0434  data_time: 0.0219  memory: 16120  grad_norm: 320.3714  loss: 11.3817  decode.loss_cls: 0.0121  decode.loss_mask: 0.5850  decode.loss_dice: 0.5452  decode.d0.loss_cls: 0.0342  decode.d0.loss_mask: 0.5785  decode.d0.loss_dice: 0.5482  decode.d1.loss_cls: 0.0111  decode.d1.loss_mask: 0.5837  decode.d1.loss_dice: 0.5403  decode.d2.loss_cls: 0.0110  decode.d2.loss_mask: 0.5932  decode.d2.loss_dice: 0.5375  decode.d3.loss_cls: 0.0121  decode.d3.loss_mask: 0.5828  decode.d3.loss_dice: 0.5388  decode.d4.loss_cls: 0.0117  decode.d4.loss_mask: 0.5860  decode.d4.loss_dice: 0.5297  decode.d5.loss_cls: 0.0128  decode.d5.loss_mask: 0.5836  decode.d5.loss_dice: 0.5412  decode.d6.loss_cls: 0.0115  decode.d6.loss_mask: 0.5823  decode.d6.loss_dice: 0.5401  decode.d7.loss_cls: 0.0110  decode.d7.loss_mask: 0.5799  decode.d7.loss_dice: 0.5280  decode.d8.loss_cls: 0.0106  decode.d8.loss_mask: 0.5854  decode.d8.loss_dice: 0.5541
