2025/03/09 00:54:53 - mmengine - INFO - 
------------------------------------------------------------
System environment:
    sys.platform: win32
    Python: 3.8.20 (default, Oct  3 2024, 15:19:54) [MSC v.1929 64 bit (AMD64)]
    CUDA available: True
    MUSA available: False
    numpy_random_seed: 1090326572
    GPU 0: NVIDIA RTX A5000
    CUDA_HOME: C:\Program Files\NVIDIA GPU Computing Toolkit\CUDA\v11.3
    NVCC: Cuda compilation tools, release 11.3, V11.3.58
    MSVC: Microsoft (R) C/C++ Optimizing Compiler Version 19.29.30158 for x64
    GCC: n/a
    PyTorch: 1.10.0
    PyTorch compiling details: PyTorch built with:
  - C++ Version: 199711
  - MSVC 192829337
  - Intel(R) Math Kernel Library Version 2020.0.2 Product Build 20200624 for Intel(R) 64 architecture applications
  - Intel(R) MKL-DNN v2.2.3 (Git Hash 7336ca9f055cf1bfa13efb658fe15dc9b41f0740)
  - OpenMP 2019
  - LAPACK is enabled (usually provided by MKL)
  - CPU capability usage: AVX2
  - CUDA Runtime 11.3
  - NVCC architecture flags: -gencode;arch=compute_37,code=sm_37;-gencode;arch=compute_50,code=sm_50;-gencode;arch=compute_60,code=sm_60;-gencode;arch=compute_61,code=sm_61;-gencode;arch=compute_70,code=sm_70;-gencode;arch=compute_75,code=sm_75;-gencode;arch=compute_80,code=sm_80;-gencode;arch=compute_86,code=sm_86;-gencode;arch=compute_37,code=compute_37
  - CuDNN 8.2
  - Magma 2.5.4
  - Build settings: BLAS_INFO=mkl, BUILD_TYPE=Release, CUDA_VERSION=11.3, CUDNN_VERSION=8.2.0, CXX_COMPILER=C:/cb/pytorch_1000000000000/work/tmp_bin/sccache-cl.exe, CXX_FLAGS=/DWIN32 /D_WINDOWS /GR /EHsc /w /bigobj -DUSE_PTHREADPOOL -openmp:experimental -IC:/cb/pytorch_1000000000000/work/mkl/include -DNDEBUG -DUSE_KINETO -DLIBKINETO_NOCUPTI -DUSE_FBGEMM -DUSE_XNNPACK -DSYMBOLICATE_MOBILE_DEBUG_HANDLE -DEDGE_PROFILER_USE_KINETO, LAPACK_INFO=mkl, PERF_WITH_AVX=1, PERF_WITH_AVX2=1, PERF_WITH_AVX512=1, TORCH_VERSION=1.10.0, USE_CUDA=ON, USE_CUDNN=ON, USE_EXCEPTION_PTR=1, USE_GFLAGS=OFF, USE_GLOG=OFF, USE_MKL=ON, USE_MKLDNN=ON, USE_MPI=OFF, USE_NCCL=OFF, USE_NNPACK=OFF, USE_OPENMP=ON, 

    TorchVision: 0.11.0
    OpenCV: 4.11.0
    MMEngine: 0.10.6

Runtime environment:
    cudnn_benchmark: True
    mp_cfg: {'mp_start_method': 'fork', 'opencv_num_threads': 0}
    dist_cfg: {'backend': 'nccl'}
    seed: 1090326572
    Distributed launcher: none
    Distributed training: False
    GPU number: 1
------------------------------------------------------------

2025/03/09 00:54:53 - mmengine - INFO - Config:
checkpoint_file = 'https://download.openmmlab.com/mmclassification/v0/poolformer/poolformer-s36_3rdparty_32xb128_in1k_20220414-d78ff3e8.pth'
crop_size = (
    1024,
    1024,
)
custom_imports = dict(
    allow_failed_imports=False, imports=[
        'mmpretrain.models',
    ])
data_preprocessor = dict(
    bgr_to_rgb=True,
    mean=[
        123.675,
        116.28,
        103.53,
    ],
    pad_val=0,
    seg_pad_val=255,
    size=(
        1024,
        1024,
    ),
    std=[
        58.395,
        57.12,
        57.375,
    ],
    type='SegDataPreProcessor')
data_root = 'C:\\ghaf'
dataset_type = 'ADE20KDataset'
default_hooks = dict(
    checkpoint=dict(by_epoch=False, interval=3400, type='CheckpointHook'),
    logger=dict(interval=50, log_metric_by_epoch=False, type='LoggerHook'),
    param_scheduler=dict(type='ParamSchedulerHook'),
    sampler_seed=dict(type='DistSamplerSeedHook'),
    timer=dict(type='IterTimerHook'),
    visualization=dict(type='SegVisualizationHook'))
default_scope = 'mmseg'
env_cfg = dict(
    cudnn_benchmark=True,
    dist_cfg=dict(backend='nccl'),
    mp_cfg=dict(mp_start_method='fork', opencv_num_threads=0))
img_norm_cfg = dict(
    mean=[
        123.675,
        116.28,
        103.53,
    ],
    std=[
        58.395,
        57.12,
        57.375,
    ],
    to_rgb=True)
img_ratios = [
    0.5,
    0.75,
    1.0,
    1.25,
    1.5,
    1.75,
]
launcher = 'none'
load_from = None
log_level = 'INFO'
log_processor = dict(by_epoch=False)
model = dict(
    backbone=dict(
        arch='s36',
        down_pad=1,
        down_patch_size=3,
        down_stride=2,
        drop_path_rate=0.0,
        drop_rate=0.0,
        frozen_stages=0,
        in_pad=2,
        in_patch_size=7,
        in_stride=4,
        init_cfg=dict(
            checkpoint=
            'https://download.openmmlab.com/mmclassification/v0/poolformer/poolformer-s36_3rdparty_32xb128_in1k_20220414-d78ff3e8.pth',
            prefix='backbone.',
            type='Pretrained'),
        out_indices=(
            0,
            2,
            4,
            6,
        ),
        type='mmpretrain.PoolFormer'),
    data_preprocessor=dict(
        bgr_to_rgb=True,
        mean=[
            123.675,
            116.28,
            103.53,
        ],
        pad_val=0,
        seg_pad_val=255,
        size=(
            1024,
            1024,
        ),
        std=[
            58.395,
            57.12,
            57.375,
        ],
        type='SegDataPreProcessor'),
    decode_head=dict(
        align_corners=False,
        channels=128,
        dropout_ratio=0.1,
        feature_strides=[
            4,
            8,
            16,
            32,
        ],
        in_channels=[
            256,
            256,
            256,
            256,
        ],
        in_index=[
            0,
            1,
            2,
            3,
        ],
        loss_decode=dict(
            loss_weight=1.0, type='CrossEntropyLoss', use_sigmoid=False),
        norm_cfg=dict(requires_grad=True, type='SyncBN'),
        num_classes=2,
        type='FPNHead'),
    neck=dict(
        in_channels=[
            64,
            128,
            320,
            512,
        ],
        num_outs=4,
        out_channels=256,
        type='FPN'),
    test_cfg=dict(mode='whole'),
    train_cfg=dict(),
    type='EncoderDecoder')
norm_cfg = dict(requires_grad=True, type='SyncBN')
optim_wrapper = dict(
    optimizer=dict(lr=0.0002, type='AdamW', weight_decay=0.0001),
    type='AmpOptimWrapper')
optimizer = dict(lr=0.01, momentum=0.9, type='SGD', weight_decay=0.0005)
param_scheduler = [
    dict(
        begin=0,
        by_epoch=False,
        end=40000,
        eta_min=0.0,
        power=0.9,
        type='PolyLR'),
]
resume = False
test_cfg = dict(type='TestLoop')
test_dataloader = dict(
    batch_size=1,
    dataset=dict(
        data_prefix=dict(
            img_path='validation/images', seg_map_path='validation/masks'),
        data_root='C:\\ghaf',
        pipeline=[
            dict(type='LoadImageFromFile'),
            dict(reduce_zero_label=False, type='LoadAnnotations'),
            dict(type='PackSegInputs'),
        ],
        type='ADE20KDataset'),
    num_workers=2,
    persistent_workers=True,
    sampler=dict(shuffle=False, type='DefaultSampler'))
test_evaluator = dict(
    iou_metrics=[
        'mIoU',
        'mFscore',
    ], type='IoUMetric')
test_pipeline = [
    dict(type='LoadImageFromFile'),
    dict(reduce_zero_label=False, type='LoadAnnotations'),
    dict(type='PackSegInputs'),
]
train_cfg = dict(
    max_iters=160000, type='IterBasedTrainLoop', val_interval=3500)
train_dataloader = dict(
    batch_size=2,
    dataset=dict(
        data_prefix=dict(
            img_path='training/images', seg_map_path='training/masks'),
        data_root='C:\\ghaf',
        pipeline=[
            dict(type='LoadImageFromFile'),
            dict(reduce_zero_label=False, type='LoadAnnotations'),
            dict(prob=0.5, type='RandomFlip'),
            dict(type='PackSegInputs'),
        ],
        type='ADE20KDataset'),
    num_workers=2,
    persistent_workers=True,
    sampler=dict(shuffle=True, type='InfiniteSampler'))
train_pipeline = [
    dict(type='LoadImageFromFile'),
    dict(reduce_zero_label=False, type='LoadAnnotations'),
    dict(prob=0.5, type='RandomFlip'),
    dict(type='PackSegInputs'),
]
tta_model = dict(type='SegTTAModel')
val_cfg = dict(type='ValLoop')
val_dataloader = dict(
    batch_size=1,
    dataset=dict(
        data_prefix=dict(
            img_path='validation/images', seg_map_path='validation/masks'),
        data_root='C:\\ghaf',
        pipeline=[
            dict(type='LoadImageFromFile'),
            dict(reduce_zero_label=False, type='LoadAnnotations'),
            dict(type='PackSegInputs'),
        ],
        type='ADE20KDataset'),
    num_workers=2,
    persistent_workers=True,
    sampler=dict(shuffle=False, type='DefaultSampler'))
val_evaluator = dict(
    iou_metrics=[
        'mIoU',
        'mFscore',
    ], type='IoUMetric')
vis_backends = [
    dict(type='LocalVisBackend'),
]
visualizer = dict(
    name='visualizer',
    type='SegLocalVisualizer',
    vis_backends=[
        dict(type='LocalVisBackend'),
    ])
work_dir = './work_dirs\\fpn_poolformer_s36_8x4_512x512_40k_ade20kpool'

2025/03/09 00:54:56 - mmengine - INFO - Distributed training is not used, all SyncBatchNorm (SyncBN) layers in the model will be automatically reverted to BatchNormXd layers if they are used.
2025/03/09 00:54:56 - mmengine - INFO - Hooks will be executed in the following order:
before_run:
(VERY_HIGH   ) RuntimeInfoHook                    
(BELOW_NORMAL) LoggerHook                         
 -------------------- 
before_train:
(VERY_HIGH   ) RuntimeInfoHook                    
(NORMAL      ) IterTimerHook                      
(VERY_LOW    ) CheckpointHook                     
 -------------------- 
before_train_epoch:
(VERY_HIGH   ) RuntimeInfoHook                    
(NORMAL      ) IterTimerHook                      
(NORMAL      ) DistSamplerSeedHook                
 -------------------- 
before_train_iter:
(VERY_HIGH   ) RuntimeInfoHook                    
(NORMAL      ) IterTimerHook                      
 -------------------- 
after_train_iter:
(VERY_HIGH   ) RuntimeInfoHook                    
(NORMAL      ) IterTimerHook                      
(BELOW_NORMAL) LoggerHook                         
(LOW         ) ParamSchedulerHook                 
(VERY_LOW    ) CheckpointHook                     
 -------------------- 
after_train_epoch:
(NORMAL      ) IterTimerHook                      
(LOW         ) ParamSchedulerHook                 
(VERY_LOW    ) CheckpointHook                     
 -------------------- 
before_val:
(VERY_HIGH   ) RuntimeInfoHook                    
 -------------------- 
before_val_epoch:
(NORMAL      ) IterTimerHook                      
 -------------------- 
before_val_iter:
(NORMAL      ) IterTimerHook                      
 -------------------- 
after_val_iter:
(NORMAL      ) IterTimerHook                      
(NORMAL      ) SegVisualizationHook               
(BELOW_NORMAL) LoggerHook                         
 -------------------- 
after_val_epoch:
(VERY_HIGH   ) RuntimeInfoHook                    
(NORMAL      ) IterTimerHook                      
(BELOW_NORMAL) LoggerHook                         
(LOW         ) ParamSchedulerHook                 
(VERY_LOW    ) CheckpointHook                     
 -------------------- 
after_val:
(VERY_HIGH   ) RuntimeInfoHook                    
 -------------------- 
after_train:
(VERY_HIGH   ) RuntimeInfoHook                    
(VERY_LOW    ) CheckpointHook                     
 -------------------- 
before_test:
(VERY_HIGH   ) RuntimeInfoHook                    
 -------------------- 
before_test_epoch:
(NORMAL      ) IterTimerHook                      
 -------------------- 
before_test_iter:
(NORMAL      ) IterTimerHook                      
 -------------------- 
after_test_iter:
(NORMAL      ) IterTimerHook                      
(NORMAL      ) SegVisualizationHook               
(BELOW_NORMAL) LoggerHook                         
 -------------------- 
after_test_epoch:
(VERY_HIGH   ) RuntimeInfoHook                    
(NORMAL      ) IterTimerHook                      
(BELOW_NORMAL) LoggerHook                         
 -------------------- 
after_test:
(VERY_HIGH   ) RuntimeInfoHook                    
 -------------------- 
after_run:
(BELOW_NORMAL) LoggerHook                         
 -------------------- 
2025/03/09 00:55:11 - mmengine - WARNING - The prefix is not set in metric class IoUMetric.
2025/03/09 00:55:14 - mmengine - INFO - load backbone. in model from: https://download.openmmlab.com/mmclassification/v0/poolformer/poolformer-s36_3rdparty_32xb128_in1k_20220414-d78ff3e8.pth
2025/03/09 00:55:15 - mmengine - WARNING - The model and loaded state dict do not match exactly

missing keys in source state_dict: norm0.weight, norm0.bias, norm2.weight, norm2.bias, norm4.weight, norm4.bias

Name of parameter - Initialization information

backbone.patch_embed.proj.weight - torch.Size([64, 3, 7, 7]): 
PretrainedInit: load from https://download.openmmlab.com/mmclassification/v0/poolformer/poolformer-s36_3rdparty_32xb128_in1k_20220414-d78ff3e8.pth 

backbone.patch_embed.proj.bias - torch.Size([64]): 
PretrainedInit: load from https://download.openmmlab.com/mmclassification/v0/poolformer/poolformer-s36_3rdparty_32xb128_in1k_20220414-d78ff3e8.pth 

backbone.network.0.0.layer_scale_1 - torch.Size([64]): 
PretrainedInit: load from https://download.openmmlab.com/mmclassification/v0/poolformer/poolformer-s36_3rdparty_32xb128_in1k_20220414-d78ff3e8.pth 

backbone.network.0.0.layer_scale_2 - torch.Size([64]): 
PretrainedInit: load from https://download.openmmlab.com/mmclassification/v0/poolformer/poolformer-s36_3rdparty_32xb128_in1k_20220414-d78ff3e8.pth 

backbone.network.0.0.norm1.weight - torch.Size([64]): 
PretrainedInit: load from https://download.openmmlab.com/mmclassification/v0/poolformer/poolformer-s36_3rdparty_32xb128_in1k_20220414-d78ff3e8.pth 

backbone.network.0.0.norm1.bias - torch.Size([64]): 
PretrainedInit: load from https://download.openmmlab.com/mmclassification/v0/poolformer/poolformer-s36_3rdparty_32xb128_in1k_20220414-d78ff3e8.pth 

backbone.network.0.0.norm2.weight - torch.Size([64]): 
PretrainedInit: load from https://download.openmmlab.com/mmclassification/v0/poolformer/poolformer-s36_3rdparty_32xb128_in1k_20220414-d78ff3e8.pth 

backbone.network.0.0.norm2.bias - torch.Size([64]): 
PretrainedInit: load from https://download.openmmlab.com/mmclassification/v0/poolformer/poolformer-s36_3rdparty_32xb128_in1k_20220414-d78ff3e8.pth 

backbone.network.0.0.mlp.fc1.weight - torch.Size([256, 64, 1, 1]): 
PretrainedInit: load from https://download.openmmlab.com/mmclassification/v0/poolformer/poolformer-s36_3rdparty_32xb128_in1k_20220414-d78ff3e8.pth 

backbone.network.0.0.mlp.fc1.bias - torch.Size([256]): 
PretrainedInit: load from https://download.openmmlab.com/mmclassification/v0/poolformer/poolformer-s36_3rdparty_32xb128_in1k_20220414-d78ff3e8.pth 

backbone.network.0.0.mlp.fc2.weight - torch.Size([64, 256, 1, 1]): 
PretrainedInit: load from https://download.openmmlab.com/mmclassification/v0/poolformer/poolformer-s36_3rdparty_32xb128_in1k_20220414-d78ff3e8.pth 

backbone.network.0.0.mlp.fc2.bias - torch.Size([64]): 
PretrainedInit: load from https://download.openmmlab.com/mmclassification/v0/poolformer/poolformer-s36_3rdparty_32xb128_in1k_20220414-d78ff3e8.pth 

backbone.network.0.1.layer_scale_1 - torch.Size([64]): 
PretrainedInit: load from https://download.openmmlab.com/mmclassification/v0/poolformer/poolformer-s36_3rdparty_32xb128_in1k_20220414-d78ff3e8.pth 

backbone.network.0.1.layer_scale_2 - torch.Size([64]): 
PretrainedInit: load from https://download.openmmlab.com/mmclassification/v0/poolformer/poolformer-s36_3rdparty_32xb128_in1k_20220414-d78ff3e8.pth 

backbone.network.0.1.norm1.weight - torch.Size([64]): 
PretrainedInit: load from https://download.openmmlab.com/mmclassification/v0/poolformer/poolformer-s36_3rdparty_32xb128_in1k_20220414-d78ff3e8.pth 

backbone.network.0.1.norm1.bias - torch.Size([64]): 
PretrainedInit: load from https://download.openmmlab.com/mmclassification/v0/poolformer/poolformer-s36_3rdparty_32xb128_in1k_20220414-d78ff3e8.pth 

backbone.network.0.1.norm2.weight - torch.Size([64]): 
PretrainedInit: load from https://download.openmmlab.com/mmclassification/v0/poolformer/poolformer-s36_3rdparty_32xb128_in1k_20220414-d78ff3e8.pth 

backbone.network.0.1.norm2.bias - torch.Size([64]): 
PretrainedInit: load from https://download.openmmlab.com/mmclassification/v0/poolformer/poolformer-s36_3rdparty_32xb128_in1k_20220414-d78ff3e8.pth 

backbone.network.0.1.mlp.fc1.weight - torch.Size([256, 64, 1, 1]): 
PretrainedInit: load from https://download.openmmlab.com/mmclassification/v0/poolformer/poolformer-s36_3rdparty_32xb128_in1k_20220414-d78ff3e8.pth 

backbone.network.0.1.mlp.fc1.bias - torch.Size([256]): 
PretrainedInit: load from https://download.openmmlab.com/mmclassification/v0/poolformer/poolformer-s36_3rdparty_32xb128_in1k_20220414-d78ff3e8.pth 

backbone.network.0.1.mlp.fc2.weight - torch.Size([64, 256, 1, 1]): 
PretrainedInit: load from https://download.openmmlab.com/mmclassification/v0/poolformer/poolformer-s36_3rdparty_32xb128_in1k_20220414-d78ff3e8.pth 

backbone.network.0.1.mlp.fc2.bias - torch.Size([64]): 
PretrainedInit: load from https://download.openmmlab.com/mmclassification/v0/poolformer/poolformer-s36_3rdparty_32xb128_in1k_20220414-d78ff3e8.pth 

backbone.network.0.2.layer_scale_1 - torch.Size([64]): 
PretrainedInit: load from https://download.openmmlab.com/mmclassification/v0/poolformer/poolformer-s36_3rdparty_32xb128_in1k_20220414-d78ff3e8.pth 

backbone.network.0.2.layer_scale_2 - torch.Size([64]): 
PretrainedInit: load from https://download.openmmlab.com/mmclassification/v0/poolformer/poolformer-s36_3rdparty_32xb128_in1k_20220414-d78ff3e8.pth 

backbone.network.0.2.norm1.weight - torch.Size([64]): 
PretrainedInit: load from https://download.openmmlab.com/mmclassification/v0/poolformer/poolformer-s36_3rdparty_32xb128_in1k_20220414-d78ff3e8.pth 

backbone.network.0.2.norm1.bias - torch.Size([64]): 
PretrainedInit: load from https://download.openmmlab.com/mmclassification/v0/poolformer/poolformer-s36_3rdparty_32xb128_in1k_20220414-d78ff3e8.pth 

backbone.network.0.2.norm2.weight - torch.Size([64]): 
PretrainedInit: load from https://download.openmmlab.com/mmclassification/v0/poolformer/poolformer-s36_3rdparty_32xb128_in1k_20220414-d78ff3e8.pth 

backbone.network.0.2.norm2.bias - torch.Size([64]): 
PretrainedInit: load from https://download.openmmlab.com/mmclassification/v0/poolformer/poolformer-s36_3rdparty_32xb128_in1k_20220414-d78ff3e8.pth 

backbone.network.0.2.mlp.fc1.weight - torch.Size([256, 64, 1, 1]): 
PretrainedInit: load from https://download.openmmlab.com/mmclassification/v0/poolformer/poolformer-s36_3rdparty_32xb128_in1k_20220414-d78ff3e8.pth 

backbone.network.0.2.mlp.fc1.bias - torch.Size([256]): 
PretrainedInit: load from https://download.openmmlab.com/mmclassification/v0/poolformer/poolformer-s36_3rdparty_32xb128_in1k_20220414-d78ff3e8.pth 

backbone.network.0.2.mlp.fc2.weight - torch.Size([64, 256, 1, 1]): 
PretrainedInit: load from https://download.openmmlab.com/mmclassification/v0/poolformer/poolformer-s36_3rdparty_32xb128_in1k_20220414-d78ff3e8.pth 

backbone.network.0.2.mlp.fc2.bias - torch.Size([64]): 
PretrainedInit: load from https://download.openmmlab.com/mmclassification/v0/poolformer/poolformer-s36_3rdparty_32xb128_in1k_20220414-d78ff3e8.pth 

backbone.network.0.3.layer_scale_1 - torch.Size([64]): 
PretrainedInit: load from https://download.openmmlab.com/mmclassification/v0/poolformer/poolformer-s36_3rdparty_32xb128_in1k_20220414-d78ff3e8.pth 

backbone.network.0.3.layer_scale_2 - torch.Size([64]): 
PretrainedInit: load from https://download.openmmlab.com/mmclassification/v0/poolformer/poolformer-s36_3rdparty_32xb128_in1k_20220414-d78ff3e8.pth 

backbone.network.0.3.norm1.weight - torch.Size([64]): 
PretrainedInit: load from https://download.openmmlab.com/mmclassification/v0/poolformer/poolformer-s36_3rdparty_32xb128_in1k_20220414-d78ff3e8.pth 

backbone.network.0.3.norm1.bias - torch.Size([64]): 
PretrainedInit: load from https://download.openmmlab.com/mmclassification/v0/poolformer/poolformer-s36_3rdparty_32xb128_in1k_20220414-d78ff3e8.pth 

backbone.network.0.3.norm2.weight - torch.Size([64]): 
PretrainedInit: load from https://download.openmmlab.com/mmclassification/v0/poolformer/poolformer-s36_3rdparty_32xb128_in1k_20220414-d78ff3e8.pth 

backbone.network.0.3.norm2.bias - torch.Size([64]): 
PretrainedInit: load from https://download.openmmlab.com/mmclassification/v0/poolformer/poolformer-s36_3rdparty_32xb128_in1k_20220414-d78ff3e8.pth 

backbone.network.0.3.mlp.fc1.weight - torch.Size([256, 64, 1, 1]): 
PretrainedInit: load from https://download.openmmlab.com/mmclassification/v0/poolformer/poolformer-s36_3rdparty_32xb128_in1k_20220414-d78ff3e8.pth 

backbone.network.0.3.mlp.fc1.bias - torch.Size([256]): 
PretrainedInit: load from https://download.openmmlab.com/mmclassification/v0/poolformer/poolformer-s36_3rdparty_32xb128_in1k_20220414-d78ff3e8.pth 

backbone.network.0.3.mlp.fc2.weight - torch.Size([64, 256, 1, 1]): 
PretrainedInit: load from https://download.openmmlab.com/mmclassification/v0/poolformer/poolformer-s36_3rdparty_32xb128_in1k_20220414-d78ff3e8.pth 

backbone.network.0.3.mlp.fc2.bias - torch.Size([64]): 
PretrainedInit: load from https://download.openmmlab.com/mmclassification/v0/poolformer/poolformer-s36_3rdparty_32xb128_in1k_20220414-d78ff3e8.pth 

backbone.network.0.4.layer_scale_1 - torch.Size([64]): 
PretrainedInit: load from https://download.openmmlab.com/mmclassification/v0/poolformer/poolformer-s36_3rdparty_32xb128_in1k_20220414-d78ff3e8.pth 

backbone.network.0.4.layer_scale_2 - torch.Size([64]): 
PretrainedInit: load from https://download.openmmlab.com/mmclassification/v0/poolformer/poolformer-s36_3rdparty_32xb128_in1k_20220414-d78ff3e8.pth 

backbone.network.0.4.norm1.weight - torch.Size([64]): 
PretrainedInit: load from https://download.openmmlab.com/mmclassification/v0/poolformer/poolformer-s36_3rdparty_32xb128_in1k_20220414-d78ff3e8.pth 

backbone.network.0.4.norm1.bias - torch.Size([64]): 
PretrainedInit: load from https://download.openmmlab.com/mmclassification/v0/poolformer/poolformer-s36_3rdparty_32xb128_in1k_20220414-d78ff3e8.pth 

backbone.network.0.4.norm2.weight - torch.Size([64]): 
PretrainedInit: load from https://download.openmmlab.com/mmclassification/v0/poolformer/poolformer-s36_3rdparty_32xb128_in1k_20220414-d78ff3e8.pth 

backbone.network.0.4.norm2.bias - torch.Size([64]): 
PretrainedInit: load from https://download.openmmlab.com/mmclassification/v0/poolformer/poolformer-s36_3rdparty_32xb128_in1k_20220414-d78ff3e8.pth 

backbone.network.0.4.mlp.fc1.weight - torch.Size([256, 64, 1, 1]): 
PretrainedInit: load from https://download.openmmlab.com/mmclassification/v0/poolformer/poolformer-s36_3rdparty_32xb128_in1k_20220414-d78ff3e8.pth 

backbone.network.0.4.mlp.fc1.bias - torch.Size([256]): 
PretrainedInit: load from https://download.openmmlab.com/mmclassification/v0/poolformer/poolformer-s36_3rdparty_32xb128_in1k_20220414-d78ff3e8.pth 

backbone.network.0.4.mlp.fc2.weight - torch.Size([64, 256, 1, 1]): 
PretrainedInit: load from https://download.openmmlab.com/mmclassification/v0/poolformer/poolformer-s36_3rdparty_32xb128_in1k_20220414-d78ff3e8.pth 

backbone.network.0.4.mlp.fc2.bias - torch.Size([64]): 
PretrainedInit: load from https://download.openmmlab.com/mmclassification/v0/poolformer/poolformer-s36_3rdparty_32xb128_in1k_20220414-d78ff3e8.pth 

backbone.network.0.5.layer_scale_1 - torch.Size([64]): 
PretrainedInit: load from https://download.openmmlab.com/mmclassification/v0/poolformer/poolformer-s36_3rdparty_32xb128_in1k_20220414-d78ff3e8.pth 

backbone.network.0.5.layer_scale_2 - torch.Size([64]): 
PretrainedInit: load from https://download.openmmlab.com/mmclassification/v0/poolformer/poolformer-s36_3rdparty_32xb128_in1k_20220414-d78ff3e8.pth 

backbone.network.0.5.norm1.weight - torch.Size([64]): 
PretrainedInit: load from https://download.openmmlab.com/mmclassification/v0/poolformer/poolformer-s36_3rdparty_32xb128_in1k_20220414-d78ff3e8.pth 

backbone.network.0.5.norm1.bias - torch.Size([64]): 
PretrainedInit: load from https://download.openmmlab.com/mmclassification/v0/poolformer/poolformer-s36_3rdparty_32xb128_in1k_20220414-d78ff3e8.pth 

backbone.network.0.5.norm2.weight - torch.Size([64]): 
PretrainedInit: load from https://download.openmmlab.com/mmclassification/v0/poolformer/poolformer-s36_3rdparty_32xb128_in1k_20220414-d78ff3e8.pth 

backbone.network.0.5.norm2.bias - torch.Size([64]): 
PretrainedInit: load from https://download.openmmlab.com/mmclassification/v0/poolformer/poolformer-s36_3rdparty_32xb128_in1k_20220414-d78ff3e8.pth 

backbone.network.0.5.mlp.fc1.weight - torch.Size([256, 64, 1, 1]): 
PretrainedInit: load from https://download.openmmlab.com/mmclassification/v0/poolformer/poolformer-s36_3rdparty_32xb128_in1k_20220414-d78ff3e8.pth 

backbone.network.0.5.mlp.fc1.bias - torch.Size([256]): 
PretrainedInit: load from https://download.openmmlab.com/mmclassification/v0/poolformer/poolformer-s36_3rdparty_32xb128_in1k_20220414-d78ff3e8.pth 

backbone.network.0.5.mlp.fc2.weight - torch.Size([64, 256, 1, 1]): 
PretrainedInit: load from https://download.openmmlab.com/mmclassification/v0/poolformer/poolformer-s36_3rdparty_32xb128_in1k_20220414-d78ff3e8.pth 

backbone.network.0.5.mlp.fc2.bias - torch.Size([64]): 
PretrainedInit: load from https://download.openmmlab.com/mmclassification/v0/poolformer/poolformer-s36_3rdparty_32xb128_in1k_20220414-d78ff3e8.pth 

backbone.network.1.proj.weight - torch.Size([128, 64, 3, 3]): 
PretrainedInit: load from https://download.openmmlab.com/mmclassification/v0/poolformer/poolformer-s36_3rdparty_32xb128_in1k_20220414-d78ff3e8.pth 

backbone.network.1.proj.bias - torch.Size([128]): 
PretrainedInit: load from https://download.openmmlab.com/mmclassification/v0/poolformer/poolformer-s36_3rdparty_32xb128_in1k_20220414-d78ff3e8.pth 

backbone.network.2.0.layer_scale_1 - torch.Size([128]): 
PretrainedInit: load from https://download.openmmlab.com/mmclassification/v0/poolformer/poolformer-s36_3rdparty_32xb128_in1k_20220414-d78ff3e8.pth 

backbone.network.2.0.layer_scale_2 - torch.Size([128]): 
PretrainedInit: load from https://download.openmmlab.com/mmclassification/v0/poolformer/poolformer-s36_3rdparty_32xb128_in1k_20220414-d78ff3e8.pth 

backbone.network.2.0.norm1.weight - torch.Size([128]): 
PretrainedInit: load from https://download.openmmlab.com/mmclassification/v0/poolformer/poolformer-s36_3rdparty_32xb128_in1k_20220414-d78ff3e8.pth 

backbone.network.2.0.norm1.bias - torch.Size([128]): 
PretrainedInit: load from https://download.openmmlab.com/mmclassification/v0/poolformer/poolformer-s36_3rdparty_32xb128_in1k_20220414-d78ff3e8.pth 

backbone.network.2.0.norm2.weight - torch.Size([128]): 
PretrainedInit: load from https://download.openmmlab.com/mmclassification/v0/poolformer/poolformer-s36_3rdparty_32xb128_in1k_20220414-d78ff3e8.pth 

backbone.network.2.0.norm2.bias - torch.Size([128]): 
PretrainedInit: load from https://download.openmmlab.com/mmclassification/v0/poolformer/poolformer-s36_3rdparty_32xb128_in1k_20220414-d78ff3e8.pth 

backbone.network.2.0.mlp.fc1.weight - torch.Size([512, 128, 1, 1]): 
PretrainedInit: load from https://download.openmmlab.com/mmclassification/v0/poolformer/poolformer-s36_3rdparty_32xb128_in1k_20220414-d78ff3e8.pth 

backbone.network.2.0.mlp.fc1.bias - torch.Size([512]): 
PretrainedInit: load from https://download.openmmlab.com/mmclassification/v0/poolformer/poolformer-s36_3rdparty_32xb128_in1k_20220414-d78ff3e8.pth 

backbone.network.2.0.mlp.fc2.weight - torch.Size([128, 512, 1, 1]): 
PretrainedInit: load from https://download.openmmlab.com/mmclassification/v0/poolformer/poolformer-s36_3rdparty_32xb128_in1k_20220414-d78ff3e8.pth 

backbone.network.2.0.mlp.fc2.bias - torch.Size([128]): 
PretrainedInit: load from https://download.openmmlab.com/mmclassification/v0/poolformer/poolformer-s36_3rdparty_32xb128_in1k_20220414-d78ff3e8.pth 

backbone.network.2.1.layer_scale_1 - torch.Size([128]): 
PretrainedInit: load from https://download.openmmlab.com/mmclassification/v0/poolformer/poolformer-s36_3rdparty_32xb128_in1k_20220414-d78ff3e8.pth 

backbone.network.2.1.layer_scale_2 - torch.Size([128]): 
PretrainedInit: load from https://download.openmmlab.com/mmclassification/v0/poolformer/poolformer-s36_3rdparty_32xb128_in1k_20220414-d78ff3e8.pth 

backbone.network.2.1.norm1.weight - torch.Size([128]): 
PretrainedInit: load from https://download.openmmlab.com/mmclassification/v0/poolformer/poolformer-s36_3rdparty_32xb128_in1k_20220414-d78ff3e8.pth 

backbone.network.2.1.norm1.bias - torch.Size([128]): 
PretrainedInit: load from https://download.openmmlab.com/mmclassification/v0/poolformer/poolformer-s36_3rdparty_32xb128_in1k_20220414-d78ff3e8.pth 

backbone.network.2.1.norm2.weight - torch.Size([128]): 
PretrainedInit: load from https://download.openmmlab.com/mmclassification/v0/poolformer/poolformer-s36_3rdparty_32xb128_in1k_20220414-d78ff3e8.pth 

backbone.network.2.1.norm2.bias - torch.Size([128]): 
PretrainedInit: load from https://download.openmmlab.com/mmclassification/v0/poolformer/poolformer-s36_3rdparty_32xb128_in1k_20220414-d78ff3e8.pth 

backbone.network.2.1.mlp.fc1.weight - torch.Size([512, 128, 1, 1]): 
PretrainedInit: load from https://download.openmmlab.com/mmclassification/v0/poolformer/poolformer-s36_3rdparty_32xb128_in1k_20220414-d78ff3e8.pth 

backbone.network.2.1.mlp.fc1.bias - torch.Size([512]): 
PretrainedInit: load from https://download.openmmlab.com/mmclassification/v0/poolformer/poolformer-s36_3rdparty_32xb128_in1k_20220414-d78ff3e8.pth 

backbone.network.2.1.mlp.fc2.weight - torch.Size([128, 512, 1, 1]): 
PretrainedInit: load from https://download.openmmlab.com/mmclassification/v0/poolformer/poolformer-s36_3rdparty_32xb128_in1k_20220414-d78ff3e8.pth 

backbone.network.2.1.mlp.fc2.bias - torch.Size([128]): 
PretrainedInit: load from https://download.openmmlab.com/mmclassification/v0/poolformer/poolformer-s36_3rdparty_32xb128_in1k_20220414-d78ff3e8.pth 

backbone.network.2.2.layer_scale_1 - torch.Size([128]): 
PretrainedInit: load from https://download.openmmlab.com/mmclassification/v0/poolformer/poolformer-s36_3rdparty_32xb128_in1k_20220414-d78ff3e8.pth 

backbone.network.2.2.layer_scale_2 - torch.Size([128]): 
PretrainedInit: load from https://download.openmmlab.com/mmclassification/v0/poolformer/poolformer-s36_3rdparty_32xb128_in1k_20220414-d78ff3e8.pth 

backbone.network.2.2.norm1.weight - torch.Size([128]): 
PretrainedInit: load from https://download.openmmlab.com/mmclassification/v0/poolformer/poolformer-s36_3rdparty_32xb128_in1k_20220414-d78ff3e8.pth 

backbone.network.2.2.norm1.bias - torch.Size([128]): 
PretrainedInit: load from https://download.openmmlab.com/mmclassification/v0/poolformer/poolformer-s36_3rdparty_32xb128_in1k_20220414-d78ff3e8.pth 

backbone.network.2.2.norm2.weight - torch.Size([128]): 
PretrainedInit: load from https://download.openmmlab.com/mmclassification/v0/poolformer/poolformer-s36_3rdparty_32xb128_in1k_20220414-d78ff3e8.pth 

backbone.network.2.2.norm2.bias - torch.Size([128]): 
PretrainedInit: load from https://download.openmmlab.com/mmclassification/v0/poolformer/poolformer-s36_3rdparty_32xb128_in1k_20220414-d78ff3e8.pth 

backbone.network.2.2.mlp.fc1.weight - torch.Size([512, 128, 1, 1]): 
PretrainedInit: load from https://download.openmmlab.com/mmclassification/v0/poolformer/poolformer-s36_3rdparty_32xb128_in1k_20220414-d78ff3e8.pth 

backbone.network.2.2.mlp.fc1.bias - torch.Size([512]): 
PretrainedInit: load from https://download.openmmlab.com/mmclassification/v0/poolformer/poolformer-s36_3rdparty_32xb128_in1k_20220414-d78ff3e8.pth 

backbone.network.2.2.mlp.fc2.weight - torch.Size([128, 512, 1, 1]): 
PretrainedInit: load from https://download.openmmlab.com/mmclassification/v0/poolformer/poolformer-s36_3rdparty_32xb128_in1k_20220414-d78ff3e8.pth 

backbone.network.2.2.mlp.fc2.bias - torch.Size([128]): 
PretrainedInit: load from https://download.openmmlab.com/mmclassification/v0/poolformer/poolformer-s36_3rdparty_32xb128_in1k_20220414-d78ff3e8.pth 

backbone.network.2.3.layer_scale_1 - torch.Size([128]): 
PretrainedInit: load from https://download.openmmlab.com/mmclassification/v0/poolformer/poolformer-s36_3rdparty_32xb128_in1k_20220414-d78ff3e8.pth 

backbone.network.2.3.layer_scale_2 - torch.Size([128]): 
PretrainedInit: load from https://download.openmmlab.com/mmclassification/v0/poolformer/poolformer-s36_3rdparty_32xb128_in1k_20220414-d78ff3e8.pth 

backbone.network.2.3.norm1.weight - torch.Size([128]): 
PretrainedInit: load from https://download.openmmlab.com/mmclassification/v0/poolformer/poolformer-s36_3rdparty_32xb128_in1k_20220414-d78ff3e8.pth 

backbone.network.2.3.norm1.bias - torch.Size([128]): 
PretrainedInit: load from https://download.openmmlab.com/mmclassification/v0/poolformer/poolformer-s36_3rdparty_32xb128_in1k_20220414-d78ff3e8.pth 

backbone.network.2.3.norm2.weight - torch.Size([128]): 
PretrainedInit: load from https://download.openmmlab.com/mmclassification/v0/poolformer/poolformer-s36_3rdparty_32xb128_in1k_20220414-d78ff3e8.pth 

backbone.network.2.3.norm2.bias - torch.Size([128]): 
PretrainedInit: load from https://download.openmmlab.com/mmclassification/v0/poolformer/poolformer-s36_3rdparty_32xb128_in1k_20220414-d78ff3e8.pth 

backbone.network.2.3.mlp.fc1.weight - torch.Size([512, 128, 1, 1]): 
PretrainedInit: load from https://download.openmmlab.com/mmclassification/v0/poolformer/poolformer-s36_3rdparty_32xb128_in1k_20220414-d78ff3e8.pth 

backbone.network.2.3.mlp.fc1.bias - torch.Size([512]): 
PretrainedInit: load from https://download.openmmlab.com/mmclassification/v0/poolformer/poolformer-s36_3rdparty_32xb128_in1k_20220414-d78ff3e8.pth 

backbone.network.2.3.mlp.fc2.weight - torch.Size([128, 512, 1, 1]): 
PretrainedInit: load from https://download.openmmlab.com/mmclassification/v0/poolformer/poolformer-s36_3rdparty_32xb128_in1k_20220414-d78ff3e8.pth 

backbone.network.2.3.mlp.fc2.bias - torch.Size([128]): 
PretrainedInit: load from https://download.openmmlab.com/mmclassification/v0/poolformer/poolformer-s36_3rdparty_32xb128_in1k_20220414-d78ff3e8.pth 

backbone.network.2.4.layer_scale_1 - torch.Size([128]): 
PretrainedInit: load from https://download.openmmlab.com/mmclassification/v0/poolformer/poolformer-s36_3rdparty_32xb128_in1k_20220414-d78ff3e8.pth 

backbone.network.2.4.layer_scale_2 - torch.Size([128]): 
PretrainedInit: load from https://download.openmmlab.com/mmclassification/v0/poolformer/poolformer-s36_3rdparty_32xb128_in1k_20220414-d78ff3e8.pth 

backbone.network.2.4.norm1.weight - torch.Size([128]): 
PretrainedInit: load from https://download.openmmlab.com/mmclassification/v0/poolformer/poolformer-s36_3rdparty_32xb128_in1k_20220414-d78ff3e8.pth 

backbone.network.2.4.norm1.bias - torch.Size([128]): 
PretrainedInit: load from https://download.openmmlab.com/mmclassification/v0/poolformer/poolformer-s36_3rdparty_32xb128_in1k_20220414-d78ff3e8.pth 

backbone.network.2.4.norm2.weight - torch.Size([128]): 
PretrainedInit: load from https://download.openmmlab.com/mmclassification/v0/poolformer/poolformer-s36_3rdparty_32xb128_in1k_20220414-d78ff3e8.pth 

backbone.network.2.4.norm2.bias - torch.Size([128]): 
PretrainedInit: load from https://download.openmmlab.com/mmclassification/v0/poolformer/poolformer-s36_3rdparty_32xb128_in1k_20220414-d78ff3e8.pth 

backbone.network.2.4.mlp.fc1.weight - torch.Size([512, 128, 1, 1]): 
PretrainedInit: load from https://download.openmmlab.com/mmclassification/v0/poolformer/poolformer-s36_3rdparty_32xb128_in1k_20220414-d78ff3e8.pth 

backbone.network.2.4.mlp.fc1.bias - torch.Size([512]): 
PretrainedInit: load from https://download.openmmlab.com/mmclassification/v0/poolformer/poolformer-s36_3rdparty_32xb128_in1k_20220414-d78ff3e8.pth 

backbone.network.2.4.mlp.fc2.weight - torch.Size([128, 512, 1, 1]): 
PretrainedInit: load from https://download.openmmlab.com/mmclassification/v0/poolformer/poolformer-s36_3rdparty_32xb128_in1k_20220414-d78ff3e8.pth 

backbone.network.2.4.mlp.fc2.bias - torch.Size([128]): 
PretrainedInit: load from https://download.openmmlab.com/mmclassification/v0/poolformer/poolformer-s36_3rdparty_32xb128_in1k_20220414-d78ff3e8.pth 

backbone.network.2.5.layer_scale_1 - torch.Size([128]): 
PretrainedInit: load from https://download.openmmlab.com/mmclassification/v0/poolformer/poolformer-s36_3rdparty_32xb128_in1k_20220414-d78ff3e8.pth 

backbone.network.2.5.layer_scale_2 - torch.Size([128]): 
PretrainedInit: load from https://download.openmmlab.com/mmclassification/v0/poolformer/poolformer-s36_3rdparty_32xb128_in1k_20220414-d78ff3e8.pth 

backbone.network.2.5.norm1.weight - torch.Size([128]): 
PretrainedInit: load from https://download.openmmlab.com/mmclassification/v0/poolformer/poolformer-s36_3rdparty_32xb128_in1k_20220414-d78ff3e8.pth 

backbone.network.2.5.norm1.bias - torch.Size([128]): 
PretrainedInit: load from https://download.openmmlab.com/mmclassification/v0/poolformer/poolformer-s36_3rdparty_32xb128_in1k_20220414-d78ff3e8.pth 

backbone.network.2.5.norm2.weight - torch.Size([128]): 
PretrainedInit: load from https://download.openmmlab.com/mmclassification/v0/poolformer/poolformer-s36_3rdparty_32xb128_in1k_20220414-d78ff3e8.pth 

backbone.network.2.5.norm2.bias - torch.Size([128]): 
PretrainedInit: load from https://download.openmmlab.com/mmclassification/v0/poolformer/poolformer-s36_3rdparty_32xb128_in1k_20220414-d78ff3e8.pth 

backbone.network.2.5.mlp.fc1.weight - torch.Size([512, 128, 1, 1]): 
PretrainedInit: load from https://download.openmmlab.com/mmclassification/v0/poolformer/poolformer-s36_3rdparty_32xb128_in1k_20220414-d78ff3e8.pth 

backbone.network.2.5.mlp.fc1.bias - torch.Size([512]): 
PretrainedInit: load from https://download.openmmlab.com/mmclassification/v0/poolformer/poolformer-s36_3rdparty_32xb128_in1k_20220414-d78ff3e8.pth 

backbone.network.2.5.mlp.fc2.weight - torch.Size([128, 512, 1, 1]): 
PretrainedInit: load from https://download.openmmlab.com/mmclassification/v0/poolformer/poolformer-s36_3rdparty_32xb128_in1k_20220414-d78ff3e8.pth 

backbone.network.2.5.mlp.fc2.bias - torch.Size([128]): 
PretrainedInit: load from https://download.openmmlab.com/mmclassification/v0/poolformer/poolformer-s36_3rdparty_32xb128_in1k_20220414-d78ff3e8.pth 

backbone.network.3.proj.weight - torch.Size([320, 128, 3, 3]): 
PretrainedInit: load from https://download.openmmlab.com/mmclassification/v0/poolformer/poolformer-s36_3rdparty_32xb128_in1k_20220414-d78ff3e8.pth 

backbone.network.3.proj.bias - torch.Size([320]): 
PretrainedInit: load from https://download.openmmlab.com/mmclassification/v0/poolformer/poolformer-s36_3rdparty_32xb128_in1k_20220414-d78ff3e8.pth 

backbone.network.4.0.layer_scale_1 - torch.Size([320]): 
PretrainedInit: load from https://download.openmmlab.com/mmclassification/v0/poolformer/poolformer-s36_3rdparty_32xb128_in1k_20220414-d78ff3e8.pth 

backbone.network.4.0.layer_scale_2 - torch.Size([320]): 
PretrainedInit: load from https://download.openmmlab.com/mmclassification/v0/poolformer/poolformer-s36_3rdparty_32xb128_in1k_20220414-d78ff3e8.pth 

backbone.network.4.0.norm1.weight - torch.Size([320]): 
PretrainedInit: load from https://download.openmmlab.com/mmclassification/v0/poolformer/poolformer-s36_3rdparty_32xb128_in1k_20220414-d78ff3e8.pth 

backbone.network.4.0.norm1.bias - torch.Size([320]): 
PretrainedInit: load from https://download.openmmlab.com/mmclassification/v0/poolformer/poolformer-s36_3rdparty_32xb128_in1k_20220414-d78ff3e8.pth 

backbone.network.4.0.norm2.weight - torch.Size([320]): 
PretrainedInit: load from https://download.openmmlab.com/mmclassification/v0/poolformer/poolformer-s36_3rdparty_32xb128_in1k_20220414-d78ff3e8.pth 

backbone.network.4.0.norm2.bias - torch.Size([320]): 
PretrainedInit: load from https://download.openmmlab.com/mmclassification/v0/poolformer/poolformer-s36_3rdparty_32xb128_in1k_20220414-d78ff3e8.pth 

backbone.network.4.0.mlp.fc1.weight - torch.Size([1280, 320, 1, 1]): 
PretrainedInit: load from https://download.openmmlab.com/mmclassification/v0/poolformer/poolformer-s36_3rdparty_32xb128_in1k_20220414-d78ff3e8.pth 

backbone.network.4.0.mlp.fc1.bias - torch.Size([1280]): 
PretrainedInit: load from https://download.openmmlab.com/mmclassification/v0/poolformer/poolformer-s36_3rdparty_32xb128_in1k_20220414-d78ff3e8.pth 

backbone.network.4.0.mlp.fc2.weight - torch.Size([320, 1280, 1, 1]): 
PretrainedInit: load from https://download.openmmlab.com/mmclassification/v0/poolformer/poolformer-s36_3rdparty_32xb128_in1k_20220414-d78ff3e8.pth 

backbone.network.4.0.mlp.fc2.bias - torch.Size([320]): 
PretrainedInit: load from https://download.openmmlab.com/mmclassification/v0/poolformer/poolformer-s36_3rdparty_32xb128_in1k_20220414-d78ff3e8.pth 

backbone.network.4.1.layer_scale_1 - torch.Size([320]): 
PretrainedInit: load from https://download.openmmlab.com/mmclassification/v0/poolformer/poolformer-s36_3rdparty_32xb128_in1k_20220414-d78ff3e8.pth 

backbone.network.4.1.layer_scale_2 - torch.Size([320]): 
PretrainedInit: load from https://download.openmmlab.com/mmclassification/v0/poolformer/poolformer-s36_3rdparty_32xb128_in1k_20220414-d78ff3e8.pth 

backbone.network.4.1.norm1.weight - torch.Size([320]): 
PretrainedInit: load from https://download.openmmlab.com/mmclassification/v0/poolformer/poolformer-s36_3rdparty_32xb128_in1k_20220414-d78ff3e8.pth 

backbone.network.4.1.norm1.bias - torch.Size([320]): 
PretrainedInit: load from https://download.openmmlab.com/mmclassification/v0/poolformer/poolformer-s36_3rdparty_32xb128_in1k_20220414-d78ff3e8.pth 

backbone.network.4.1.norm2.weight - torch.Size([320]): 
PretrainedInit: load from https://download.openmmlab.com/mmclassification/v0/poolformer/poolformer-s36_3rdparty_32xb128_in1k_20220414-d78ff3e8.pth 

backbone.network.4.1.norm2.bias - torch.Size([320]): 
PretrainedInit: load from https://download.openmmlab.com/mmclassification/v0/poolformer/poolformer-s36_3rdparty_32xb128_in1k_20220414-d78ff3e8.pth 

backbone.network.4.1.mlp.fc1.weight - torch.Size([1280, 320, 1, 1]): 
PretrainedInit: load from https://download.openmmlab.com/mmclassification/v0/poolformer/poolformer-s36_3rdparty_32xb128_in1k_20220414-d78ff3e8.pth 

backbone.network.4.1.mlp.fc1.bias - torch.Size([1280]): 
PretrainedInit: load from https://download.openmmlab.com/mmclassification/v0/poolformer/poolformer-s36_3rdparty_32xb128_in1k_20220414-d78ff3e8.pth 

backbone.network.4.1.mlp.fc2.weight - torch.Size([320, 1280, 1, 1]): 
PretrainedInit: load from https://download.openmmlab.com/mmclassification/v0/poolformer/poolformer-s36_3rdparty_32xb128_in1k_20220414-d78ff3e8.pth 

backbone.network.4.1.mlp.fc2.bias - torch.Size([320]): 
PretrainedInit: load from https://download.openmmlab.com/mmclassification/v0/poolformer/poolformer-s36_3rdparty_32xb128_in1k_20220414-d78ff3e8.pth 

backbone.network.4.2.layer_scale_1 - torch.Size([320]): 
PretrainedInit: load from https://download.openmmlab.com/mmclassification/v0/poolformer/poolformer-s36_3rdparty_32xb128_in1k_20220414-d78ff3e8.pth 

backbone.network.4.2.layer_scale_2 - torch.Size([320]): 
PretrainedInit: load from https://download.openmmlab.com/mmclassification/v0/poolformer/poolformer-s36_3rdparty_32xb128_in1k_20220414-d78ff3e8.pth 

backbone.network.4.2.norm1.weight - torch.Size([320]): 
PretrainedInit: load from https://download.openmmlab.com/mmclassification/v0/poolformer/poolformer-s36_3rdparty_32xb128_in1k_20220414-d78ff3e8.pth 

backbone.network.4.2.norm1.bias - torch.Size([320]): 
PretrainedInit: load from https://download.openmmlab.com/mmclassification/v0/poolformer/poolformer-s36_3rdparty_32xb128_in1k_20220414-d78ff3e8.pth 

backbone.network.4.2.norm2.weight - torch.Size([320]): 
PretrainedInit: load from https://download.openmmlab.com/mmclassification/v0/poolformer/poolformer-s36_3rdparty_32xb128_in1k_20220414-d78ff3e8.pth 

backbone.network.4.2.norm2.bias - torch.Size([320]): 
PretrainedInit: load from https://download.openmmlab.com/mmclassification/v0/poolformer/poolformer-s36_3rdparty_32xb128_in1k_20220414-d78ff3e8.pth 

backbone.network.4.2.mlp.fc1.weight - torch.Size([1280, 320, 1, 1]): 
PretrainedInit: load from https://download.openmmlab.com/mmclassification/v0/poolformer/poolformer-s36_3rdparty_32xb128_in1k_20220414-d78ff3e8.pth 

backbone.network.4.2.mlp.fc1.bias - torch.Size([1280]): 
PretrainedInit: load from https://download.openmmlab.com/mmclassification/v0/poolformer/poolformer-s36_3rdparty_32xb128_in1k_20220414-d78ff3e8.pth 

backbone.network.4.2.mlp.fc2.weight - torch.Size([320, 1280, 1, 1]): 
PretrainedInit: load from https://download.openmmlab.com/mmclassification/v0/poolformer/poolformer-s36_3rdparty_32xb128_in1k_20220414-d78ff3e8.pth 

backbone.network.4.2.mlp.fc2.bias - torch.Size([320]): 
PretrainedInit: load from https://download.openmmlab.com/mmclassification/v0/poolformer/poolformer-s36_3rdparty_32xb128_in1k_20220414-d78ff3e8.pth 

backbone.network.4.3.layer_scale_1 - torch.Size([320]): 
PretrainedInit: load from https://download.openmmlab.com/mmclassification/v0/poolformer/poolformer-s36_3rdparty_32xb128_in1k_20220414-d78ff3e8.pth 

backbone.network.4.3.layer_scale_2 - torch.Size([320]): 
PretrainedInit: load from https://download.openmmlab.com/mmclassification/v0/poolformer/poolformer-s36_3rdparty_32xb128_in1k_20220414-d78ff3e8.pth 

backbone.network.4.3.norm1.weight - torch.Size([320]): 
PretrainedInit: load from https://download.openmmlab.com/mmclassification/v0/poolformer/poolformer-s36_3rdparty_32xb128_in1k_20220414-d78ff3e8.pth 

backbone.network.4.3.norm1.bias - torch.Size([320]): 
PretrainedInit: load from https://download.openmmlab.com/mmclassification/v0/poolformer/poolformer-s36_3rdparty_32xb128_in1k_20220414-d78ff3e8.pth 

backbone.network.4.3.norm2.weight - torch.Size([320]): 
PretrainedInit: load from https://download.openmmlab.com/mmclassification/v0/poolformer/poolformer-s36_3rdparty_32xb128_in1k_20220414-d78ff3e8.pth 

backbone.network.4.3.norm2.bias - torch.Size([320]): 
PretrainedInit: load from https://download.openmmlab.com/mmclassification/v0/poolformer/poolformer-s36_3rdparty_32xb128_in1k_20220414-d78ff3e8.pth 

backbone.network.4.3.mlp.fc1.weight - torch.Size([1280, 320, 1, 1]): 
PretrainedInit: load from https://download.openmmlab.com/mmclassification/v0/poolformer/poolformer-s36_3rdparty_32xb128_in1k_20220414-d78ff3e8.pth 

backbone.network.4.3.mlp.fc1.bias - torch.Size([1280]): 
PretrainedInit: load from https://download.openmmlab.com/mmclassification/v0/poolformer/poolformer-s36_3rdparty_32xb128_in1k_20220414-d78ff3e8.pth 

backbone.network.4.3.mlp.fc2.weight - torch.Size([320, 1280, 1, 1]): 
PretrainedInit: load from https://download.openmmlab.com/mmclassification/v0/poolformer/poolformer-s36_3rdparty_32xb128_in1k_20220414-d78ff3e8.pth 

backbone.network.4.3.mlp.fc2.bias - torch.Size([320]): 
PretrainedInit: load from https://download.openmmlab.com/mmclassification/v0/poolformer/poolformer-s36_3rdparty_32xb128_in1k_20220414-d78ff3e8.pth 

backbone.network.4.4.layer_scale_1 - torch.Size([320]): 
PretrainedInit: load from https://download.openmmlab.com/mmclassification/v0/poolformer/poolformer-s36_3rdparty_32xb128_in1k_20220414-d78ff3e8.pth 

backbone.network.4.4.layer_scale_2 - torch.Size([320]): 
PretrainedInit: load from https://download.openmmlab.com/mmclassification/v0/poolformer/poolformer-s36_3rdparty_32xb128_in1k_20220414-d78ff3e8.pth 

backbone.network.4.4.norm1.weight - torch.Size([320]): 
PretrainedInit: load from https://download.openmmlab.com/mmclassification/v0/poolformer/poolformer-s36_3rdparty_32xb128_in1k_20220414-d78ff3e8.pth 

backbone.network.4.4.norm1.bias - torch.Size([320]): 
PretrainedInit: load from https://download.openmmlab.com/mmclassification/v0/poolformer/poolformer-s36_3rdparty_32xb128_in1k_20220414-d78ff3e8.pth 

backbone.network.4.4.norm2.weight - torch.Size([320]): 
PretrainedInit: load from https://download.openmmlab.com/mmclassification/v0/poolformer/poolformer-s36_3rdparty_32xb128_in1k_20220414-d78ff3e8.pth 

backbone.network.4.4.norm2.bias - torch.Size([320]): 
PretrainedInit: load from https://download.openmmlab.com/mmclassification/v0/poolformer/poolformer-s36_3rdparty_32xb128_in1k_20220414-d78ff3e8.pth 

backbone.network.4.4.mlp.fc1.weight - torch.Size([1280, 320, 1, 1]): 
PretrainedInit: load from https://download.openmmlab.com/mmclassification/v0/poolformer/poolformer-s36_3rdparty_32xb128_in1k_20220414-d78ff3e8.pth 

backbone.network.4.4.mlp.fc1.bias - torch.Size([1280]): 
PretrainedInit: load from https://download.openmmlab.com/mmclassification/v0/poolformer/poolformer-s36_3rdparty_32xb128_in1k_20220414-d78ff3e8.pth 

backbone.network.4.4.mlp.fc2.weight - torch.Size([320, 1280, 1, 1]): 
PretrainedInit: load from https://download.openmmlab.com/mmclassification/v0/poolformer/poolformer-s36_3rdparty_32xb128_in1k_20220414-d78ff3e8.pth 

backbone.network.4.4.mlp.fc2.bias - torch.Size([320]): 
PretrainedInit: load from https://download.openmmlab.com/mmclassification/v0/poolformer/poolformer-s36_3rdparty_32xb128_in1k_20220414-d78ff3e8.pth 

backbone.network.4.5.layer_scale_1 - torch.Size([320]): 
PretrainedInit: load from https://download.openmmlab.com/mmclassification/v0/poolformer/poolformer-s36_3rdparty_32xb128_in1k_20220414-d78ff3e8.pth 

backbone.network.4.5.layer_scale_2 - torch.Size([320]): 
PretrainedInit: load from https://download.openmmlab.com/mmclassification/v0/poolformer/poolformer-s36_3rdparty_32xb128_in1k_20220414-d78ff3e8.pth 

backbone.network.4.5.norm1.weight - torch.Size([320]): 
PretrainedInit: load from https://download.openmmlab.com/mmclassification/v0/poolformer/poolformer-s36_3rdparty_32xb128_in1k_20220414-d78ff3e8.pth 

backbone.network.4.5.norm1.bias - torch.Size([320]): 
PretrainedInit: load from https://download.openmmlab.com/mmclassification/v0/poolformer/poolformer-s36_3rdparty_32xb128_in1k_20220414-d78ff3e8.pth 

backbone.network.4.5.norm2.weight - torch.Size([320]): 
PretrainedInit: load from https://download.openmmlab.com/mmclassification/v0/poolformer/poolformer-s36_3rdparty_32xb128_in1k_20220414-d78ff3e8.pth 

backbone.network.4.5.norm2.bias - torch.Size([320]): 
PretrainedInit: load from https://download.openmmlab.com/mmclassification/v0/poolformer/poolformer-s36_3rdparty_32xb128_in1k_20220414-d78ff3e8.pth 

backbone.network.4.5.mlp.fc1.weight - torch.Size([1280, 320, 1, 1]): 
PretrainedInit: load from https://download.openmmlab.com/mmclassification/v0/poolformer/poolformer-s36_3rdparty_32xb128_in1k_20220414-d78ff3e8.pth 

backbone.network.4.5.mlp.fc1.bias - torch.Size([1280]): 
PretrainedInit: load from https://download.openmmlab.com/mmclassification/v0/poolformer/poolformer-s36_3rdparty_32xb128_in1k_20220414-d78ff3e8.pth 

backbone.network.4.5.mlp.fc2.weight - torch.Size([320, 1280, 1, 1]): 
PretrainedInit: load from https://download.openmmlab.com/mmclassification/v0/poolformer/poolformer-s36_3rdparty_32xb128_in1k_20220414-d78ff3e8.pth 

backbone.network.4.5.mlp.fc2.bias - torch.Size([320]): 
PretrainedInit: load from https://download.openmmlab.com/mmclassification/v0/poolformer/poolformer-s36_3rdparty_32xb128_in1k_20220414-d78ff3e8.pth 

backbone.network.4.6.layer_scale_1 - torch.Size([320]): 
PretrainedInit: load from https://download.openmmlab.com/mmclassification/v0/poolformer/poolformer-s36_3rdparty_32xb128_in1k_20220414-d78ff3e8.pth 

backbone.network.4.6.layer_scale_2 - torch.Size([320]): 
PretrainedInit: load from https://download.openmmlab.com/mmclassification/v0/poolformer/poolformer-s36_3rdparty_32xb128_in1k_20220414-d78ff3e8.pth 

backbone.network.4.6.norm1.weight - torch.Size([320]): 
PretrainedInit: load from https://download.openmmlab.com/mmclassification/v0/poolformer/poolformer-s36_3rdparty_32xb128_in1k_20220414-d78ff3e8.pth 

backbone.network.4.6.norm1.bias - torch.Size([320]): 
PretrainedInit: load from https://download.openmmlab.com/mmclassification/v0/poolformer/poolformer-s36_3rdparty_32xb128_in1k_20220414-d78ff3e8.pth 

backbone.network.4.6.norm2.weight - torch.Size([320]): 
PretrainedInit: load from https://download.openmmlab.com/mmclassification/v0/poolformer/poolformer-s36_3rdparty_32xb128_in1k_20220414-d78ff3e8.pth 

backbone.network.4.6.norm2.bias - torch.Size([320]): 
PretrainedInit: load from https://download.openmmlab.com/mmclassification/v0/poolformer/poolformer-s36_3rdparty_32xb128_in1k_20220414-d78ff3e8.pth 

backbone.network.4.6.mlp.fc1.weight - torch.Size([1280, 320, 1, 1]): 
PretrainedInit: load from https://download.openmmlab.com/mmclassification/v0/poolformer/poolformer-s36_3rdparty_32xb128_in1k_20220414-d78ff3e8.pth 

backbone.network.4.6.mlp.fc1.bias - torch.Size([1280]): 
PretrainedInit: load from https://download.openmmlab.com/mmclassification/v0/poolformer/poolformer-s36_3rdparty_32xb128_in1k_20220414-d78ff3e8.pth 

backbone.network.4.6.mlp.fc2.weight - torch.Size([320, 1280, 1, 1]): 
PretrainedInit: load from https://download.openmmlab.com/mmclassification/v0/poolformer/poolformer-s36_3rdparty_32xb128_in1k_20220414-d78ff3e8.pth 

backbone.network.4.6.mlp.fc2.bias - torch.Size([320]): 
PretrainedInit: load from https://download.openmmlab.com/mmclassification/v0/poolformer/poolformer-s36_3rdparty_32xb128_in1k_20220414-d78ff3e8.pth 

backbone.network.4.7.layer_scale_1 - torch.Size([320]): 
PretrainedInit: load from https://download.openmmlab.com/mmclassification/v0/poolformer/poolformer-s36_3rdparty_32xb128_in1k_20220414-d78ff3e8.pth 

backbone.network.4.7.layer_scale_2 - torch.Size([320]): 
PretrainedInit: load from https://download.openmmlab.com/mmclassification/v0/poolformer/poolformer-s36_3rdparty_32xb128_in1k_20220414-d78ff3e8.pth 

backbone.network.4.7.norm1.weight - torch.Size([320]): 
PretrainedInit: load from https://download.openmmlab.com/mmclassification/v0/poolformer/poolformer-s36_3rdparty_32xb128_in1k_20220414-d78ff3e8.pth 

backbone.network.4.7.norm1.bias - torch.Size([320]): 
PretrainedInit: load from https://download.openmmlab.com/mmclassification/v0/poolformer/poolformer-s36_3rdparty_32xb128_in1k_20220414-d78ff3e8.pth 

backbone.network.4.7.norm2.weight - torch.Size([320]): 
PretrainedInit: load from https://download.openmmlab.com/mmclassification/v0/poolformer/poolformer-s36_3rdparty_32xb128_in1k_20220414-d78ff3e8.pth 

backbone.network.4.7.norm2.bias - torch.Size([320]): 
PretrainedInit: load from https://download.openmmlab.com/mmclassification/v0/poolformer/poolformer-s36_3rdparty_32xb128_in1k_20220414-d78ff3e8.pth 

backbone.network.4.7.mlp.fc1.weight - torch.Size([1280, 320, 1, 1]): 
PretrainedInit: load from https://download.openmmlab.com/mmclassification/v0/poolformer/poolformer-s36_3rdparty_32xb128_in1k_20220414-d78ff3e8.pth 

backbone.network.4.7.mlp.fc1.bias - torch.Size([1280]): 
PretrainedInit: load from https://download.openmmlab.com/mmclassification/v0/poolformer/poolformer-s36_3rdparty_32xb128_in1k_20220414-d78ff3e8.pth 

backbone.network.4.7.mlp.fc2.weight - torch.Size([320, 1280, 1, 1]): 
PretrainedInit: load from https://download.openmmlab.com/mmclassification/v0/poolformer/poolformer-s36_3rdparty_32xb128_in1k_20220414-d78ff3e8.pth 

backbone.network.4.7.mlp.fc2.bias - torch.Size([320]): 
PretrainedInit: load from https://download.openmmlab.com/mmclassification/v0/poolformer/poolformer-s36_3rdparty_32xb128_in1k_20220414-d78ff3e8.pth 

backbone.network.4.8.layer_scale_1 - torch.Size([320]): 
PretrainedInit: load from https://download.openmmlab.com/mmclassification/v0/poolformer/poolformer-s36_3rdparty_32xb128_in1k_20220414-d78ff3e8.pth 

backbone.network.4.8.layer_scale_2 - torch.Size([320]): 
PretrainedInit: load from https://download.openmmlab.com/mmclassification/v0/poolformer/poolformer-s36_3rdparty_32xb128_in1k_20220414-d78ff3e8.pth 

backbone.network.4.8.norm1.weight - torch.Size([320]): 
PretrainedInit: load from https://download.openmmlab.com/mmclassification/v0/poolformer/poolformer-s36_3rdparty_32xb128_in1k_20220414-d78ff3e8.pth 

backbone.network.4.8.norm1.bias - torch.Size([320]): 
PretrainedInit: load from https://download.openmmlab.com/mmclassification/v0/poolformer/poolformer-s36_3rdparty_32xb128_in1k_20220414-d78ff3e8.pth 

backbone.network.4.8.norm2.weight - torch.Size([320]): 
PretrainedInit: load from https://download.openmmlab.com/mmclassification/v0/poolformer/poolformer-s36_3rdparty_32xb128_in1k_20220414-d78ff3e8.pth 

backbone.network.4.8.norm2.bias - torch.Size([320]): 
PretrainedInit: load from https://download.openmmlab.com/mmclassification/v0/poolformer/poolformer-s36_3rdparty_32xb128_in1k_20220414-d78ff3e8.pth 

backbone.network.4.8.mlp.fc1.weight - torch.Size([1280, 320, 1, 1]): 
PretrainedInit: load from https://download.openmmlab.com/mmclassification/v0/poolformer/poolformer-s36_3rdparty_32xb128_in1k_20220414-d78ff3e8.pth 

backbone.network.4.8.mlp.fc1.bias - torch.Size([1280]): 
PretrainedInit: load from https://download.openmmlab.com/mmclassification/v0/poolformer/poolformer-s36_3rdparty_32xb128_in1k_20220414-d78ff3e8.pth 

backbone.network.4.8.mlp.fc2.weight - torch.Size([320, 1280, 1, 1]): 
PretrainedInit: load from https://download.openmmlab.com/mmclassification/v0/poolformer/poolformer-s36_3rdparty_32xb128_in1k_20220414-d78ff3e8.pth 

backbone.network.4.8.mlp.fc2.bias - torch.Size([320]): 
PretrainedInit: load from https://download.openmmlab.com/mmclassification/v0/poolformer/poolformer-s36_3rdparty_32xb128_in1k_20220414-d78ff3e8.pth 

backbone.network.4.9.layer_scale_1 - torch.Size([320]): 
PretrainedInit: load from https://download.openmmlab.com/mmclassification/v0/poolformer/poolformer-s36_3rdparty_32xb128_in1k_20220414-d78ff3e8.pth 

backbone.network.4.9.layer_scale_2 - torch.Size([320]): 
PretrainedInit: load from https://download.openmmlab.com/mmclassification/v0/poolformer/poolformer-s36_3rdparty_32xb128_in1k_20220414-d78ff3e8.pth 

backbone.network.4.9.norm1.weight - torch.Size([320]): 
PretrainedInit: load from https://download.openmmlab.com/mmclassification/v0/poolformer/poolformer-s36_3rdparty_32xb128_in1k_20220414-d78ff3e8.pth 

backbone.network.4.9.norm1.bias - torch.Size([320]): 
PretrainedInit: load from https://download.openmmlab.com/mmclassification/v0/poolformer/poolformer-s36_3rdparty_32xb128_in1k_20220414-d78ff3e8.pth 

backbone.network.4.9.norm2.weight - torch.Size([320]): 
PretrainedInit: load from https://download.openmmlab.com/mmclassification/v0/poolformer/poolformer-s36_3rdparty_32xb128_in1k_20220414-d78ff3e8.pth 

backbone.network.4.9.norm2.bias - torch.Size([320]): 
PretrainedInit: load from https://download.openmmlab.com/mmclassification/v0/poolformer/poolformer-s36_3rdparty_32xb128_in1k_20220414-d78ff3e8.pth 

backbone.network.4.9.mlp.fc1.weight - torch.Size([1280, 320, 1, 1]): 
PretrainedInit: load from https://download.openmmlab.com/mmclassification/v0/poolformer/poolformer-s36_3rdparty_32xb128_in1k_20220414-d78ff3e8.pth 

backbone.network.4.9.mlp.fc1.bias - torch.Size([1280]): 
PretrainedInit: load from https://download.openmmlab.com/mmclassification/v0/poolformer/poolformer-s36_3rdparty_32xb128_in1k_20220414-d78ff3e8.pth 

backbone.network.4.9.mlp.fc2.weight - torch.Size([320, 1280, 1, 1]): 
PretrainedInit: load from https://download.openmmlab.com/mmclassification/v0/poolformer/poolformer-s36_3rdparty_32xb128_in1k_20220414-d78ff3e8.pth 

backbone.network.4.9.mlp.fc2.bias - torch.Size([320]): 
PretrainedInit: load from https://download.openmmlab.com/mmclassification/v0/poolformer/poolformer-s36_3rdparty_32xb128_in1k_20220414-d78ff3e8.pth 

backbone.network.4.10.layer_scale_1 - torch.Size([320]): 
PretrainedInit: load from https://download.openmmlab.com/mmclassification/v0/poolformer/poolformer-s36_3rdparty_32xb128_in1k_20220414-d78ff3e8.pth 

backbone.network.4.10.layer_scale_2 - torch.Size([320]): 
PretrainedInit: load from https://download.openmmlab.com/mmclassification/v0/poolformer/poolformer-s36_3rdparty_32xb128_in1k_20220414-d78ff3e8.pth 

backbone.network.4.10.norm1.weight - torch.Size([320]): 
PretrainedInit: load from https://download.openmmlab.com/mmclassification/v0/poolformer/poolformer-s36_3rdparty_32xb128_in1k_20220414-d78ff3e8.pth 

backbone.network.4.10.norm1.bias - torch.Size([320]): 
PretrainedInit: load from https://download.openmmlab.com/mmclassification/v0/poolformer/poolformer-s36_3rdparty_32xb128_in1k_20220414-d78ff3e8.pth 

backbone.network.4.10.norm2.weight - torch.Size([320]): 
PretrainedInit: load from https://download.openmmlab.com/mmclassification/v0/poolformer/poolformer-s36_3rdparty_32xb128_in1k_20220414-d78ff3e8.pth 

backbone.network.4.10.norm2.bias - torch.Size([320]): 
PretrainedInit: load from https://download.openmmlab.com/mmclassification/v0/poolformer/poolformer-s36_3rdparty_32xb128_in1k_20220414-d78ff3e8.pth 

backbone.network.4.10.mlp.fc1.weight - torch.Size([1280, 320, 1, 1]): 
PretrainedInit: load from https://download.openmmlab.com/mmclassification/v0/poolformer/poolformer-s36_3rdparty_32xb128_in1k_20220414-d78ff3e8.pth 

backbone.network.4.10.mlp.fc1.bias - torch.Size([1280]): 
PretrainedInit: load from https://download.openmmlab.com/mmclassification/v0/poolformer/poolformer-s36_3rdparty_32xb128_in1k_20220414-d78ff3e8.pth 

backbone.network.4.10.mlp.fc2.weight - torch.Size([320, 1280, 1, 1]): 
PretrainedInit: load from https://download.openmmlab.com/mmclassification/v0/poolformer/poolformer-s36_3rdparty_32xb128_in1k_20220414-d78ff3e8.pth 

backbone.network.4.10.mlp.fc2.bias - torch.Size([320]): 
PretrainedInit: load from https://download.openmmlab.com/mmclassification/v0/poolformer/poolformer-s36_3rdparty_32xb128_in1k_20220414-d78ff3e8.pth 

backbone.network.4.11.layer_scale_1 - torch.Size([320]): 
PretrainedInit: load from https://download.openmmlab.com/mmclassification/v0/poolformer/poolformer-s36_3rdparty_32xb128_in1k_20220414-d78ff3e8.pth 

backbone.network.4.11.layer_scale_2 - torch.Size([320]): 
PretrainedInit: load from https://download.openmmlab.com/mmclassification/v0/poolformer/poolformer-s36_3rdparty_32xb128_in1k_20220414-d78ff3e8.pth 

backbone.network.4.11.norm1.weight - torch.Size([320]): 
PretrainedInit: load from https://download.openmmlab.com/mmclassification/v0/poolformer/poolformer-s36_3rdparty_32xb128_in1k_20220414-d78ff3e8.pth 

backbone.network.4.11.norm1.bias - torch.Size([320]): 
PretrainedInit: load from https://download.openmmlab.com/mmclassification/v0/poolformer/poolformer-s36_3rdparty_32xb128_in1k_20220414-d78ff3e8.pth 

backbone.network.4.11.norm2.weight - torch.Size([320]): 
PretrainedInit: load from https://download.openmmlab.com/mmclassification/v0/poolformer/poolformer-s36_3rdparty_32xb128_in1k_20220414-d78ff3e8.pth 

backbone.network.4.11.norm2.bias - torch.Size([320]): 
PretrainedInit: load from https://download.openmmlab.com/mmclassification/v0/poolformer/poolformer-s36_3rdparty_32xb128_in1k_20220414-d78ff3e8.pth 

backbone.network.4.11.mlp.fc1.weight - torch.Size([1280, 320, 1, 1]): 
PretrainedInit: load from https://download.openmmlab.com/mmclassification/v0/poolformer/poolformer-s36_3rdparty_32xb128_in1k_20220414-d78ff3e8.pth 

backbone.network.4.11.mlp.fc1.bias - torch.Size([1280]): 
PretrainedInit: load from https://download.openmmlab.com/mmclassification/v0/poolformer/poolformer-s36_3rdparty_32xb128_in1k_20220414-d78ff3e8.pth 

backbone.network.4.11.mlp.fc2.weight - torch.Size([320, 1280, 1, 1]): 
PretrainedInit: load from https://download.openmmlab.com/mmclassification/v0/poolformer/poolformer-s36_3rdparty_32xb128_in1k_20220414-d78ff3e8.pth 

backbone.network.4.11.mlp.fc2.bias - torch.Size([320]): 
PretrainedInit: load from https://download.openmmlab.com/mmclassification/v0/poolformer/poolformer-s36_3rdparty_32xb128_in1k_20220414-d78ff3e8.pth 

backbone.network.4.12.layer_scale_1 - torch.Size([320]): 
PretrainedInit: load from https://download.openmmlab.com/mmclassification/v0/poolformer/poolformer-s36_3rdparty_32xb128_in1k_20220414-d78ff3e8.pth 

backbone.network.4.12.layer_scale_2 - torch.Size([320]): 
PretrainedInit: load from https://download.openmmlab.com/mmclassification/v0/poolformer/poolformer-s36_3rdparty_32xb128_in1k_20220414-d78ff3e8.pth 

backbone.network.4.12.norm1.weight - torch.Size([320]): 
PretrainedInit: load from https://download.openmmlab.com/mmclassification/v0/poolformer/poolformer-s36_3rdparty_32xb128_in1k_20220414-d78ff3e8.pth 

backbone.network.4.12.norm1.bias - torch.Size([320]): 
PretrainedInit: load from https://download.openmmlab.com/mmclassification/v0/poolformer/poolformer-s36_3rdparty_32xb128_in1k_20220414-d78ff3e8.pth 

backbone.network.4.12.norm2.weight - torch.Size([320]): 
PretrainedInit: load from https://download.openmmlab.com/mmclassification/v0/poolformer/poolformer-s36_3rdparty_32xb128_in1k_20220414-d78ff3e8.pth 

backbone.network.4.12.norm2.bias - torch.Size([320]): 
PretrainedInit: load from https://download.openmmlab.com/mmclassification/v0/poolformer/poolformer-s36_3rdparty_32xb128_in1k_20220414-d78ff3e8.pth 

backbone.network.4.12.mlp.fc1.weight - torch.Size([1280, 320, 1, 1]): 
PretrainedInit: load from https://download.openmmlab.com/mmclassification/v0/poolformer/poolformer-s36_3rdparty_32xb128_in1k_20220414-d78ff3e8.pth 

backbone.network.4.12.mlp.fc1.bias - torch.Size([1280]): 
PretrainedInit: load from https://download.openmmlab.com/mmclassification/v0/poolformer/poolformer-s36_3rdparty_32xb128_in1k_20220414-d78ff3e8.pth 

backbone.network.4.12.mlp.fc2.weight - torch.Size([320, 1280, 1, 1]): 
PretrainedInit: load from https://download.openmmlab.com/mmclassification/v0/poolformer/poolformer-s36_3rdparty_32xb128_in1k_20220414-d78ff3e8.pth 

backbone.network.4.12.mlp.fc2.bias - torch.Size([320]): 
PretrainedInit: load from https://download.openmmlab.com/mmclassification/v0/poolformer/poolformer-s36_3rdparty_32xb128_in1k_20220414-d78ff3e8.pth 

backbone.network.4.13.layer_scale_1 - torch.Size([320]): 
PretrainedInit: load from https://download.openmmlab.com/mmclassification/v0/poolformer/poolformer-s36_3rdparty_32xb128_in1k_20220414-d78ff3e8.pth 

backbone.network.4.13.layer_scale_2 - torch.Size([320]): 
PretrainedInit: load from https://download.openmmlab.com/mmclassification/v0/poolformer/poolformer-s36_3rdparty_32xb128_in1k_20220414-d78ff3e8.pth 

backbone.network.4.13.norm1.weight - torch.Size([320]): 
PretrainedInit: load from https://download.openmmlab.com/mmclassification/v0/poolformer/poolformer-s36_3rdparty_32xb128_in1k_20220414-d78ff3e8.pth 

backbone.network.4.13.norm1.bias - torch.Size([320]): 
PretrainedInit: load from https://download.openmmlab.com/mmclassification/v0/poolformer/poolformer-s36_3rdparty_32xb128_in1k_20220414-d78ff3e8.pth 

backbone.network.4.13.norm2.weight - torch.Size([320]): 
PretrainedInit: load from https://download.openmmlab.com/mmclassification/v0/poolformer/poolformer-s36_3rdparty_32xb128_in1k_20220414-d78ff3e8.pth 

backbone.network.4.13.norm2.bias - torch.Size([320]): 
PretrainedInit: load from https://download.openmmlab.com/mmclassification/v0/poolformer/poolformer-s36_3rdparty_32xb128_in1k_20220414-d78ff3e8.pth 

backbone.network.4.13.mlp.fc1.weight - torch.Size([1280, 320, 1, 1]): 
PretrainedInit: load from https://download.openmmlab.com/mmclassification/v0/poolformer/poolformer-s36_3rdparty_32xb128_in1k_20220414-d78ff3e8.pth 

backbone.network.4.13.mlp.fc1.bias - torch.Size([1280]): 
PretrainedInit: load from https://download.openmmlab.com/mmclassification/v0/poolformer/poolformer-s36_3rdparty_32xb128_in1k_20220414-d78ff3e8.pth 

backbone.network.4.13.mlp.fc2.weight - torch.Size([320, 1280, 1, 1]): 
PretrainedInit: load from https://download.openmmlab.com/mmclassification/v0/poolformer/poolformer-s36_3rdparty_32xb128_in1k_20220414-d78ff3e8.pth 

backbone.network.4.13.mlp.fc2.bias - torch.Size([320]): 
PretrainedInit: load from https://download.openmmlab.com/mmclassification/v0/poolformer/poolformer-s36_3rdparty_32xb128_in1k_20220414-d78ff3e8.pth 

backbone.network.4.14.layer_scale_1 - torch.Size([320]): 
PretrainedInit: load from https://download.openmmlab.com/mmclassification/v0/poolformer/poolformer-s36_3rdparty_32xb128_in1k_20220414-d78ff3e8.pth 

backbone.network.4.14.layer_scale_2 - torch.Size([320]): 
PretrainedInit: load from https://download.openmmlab.com/mmclassification/v0/poolformer/poolformer-s36_3rdparty_32xb128_in1k_20220414-d78ff3e8.pth 

backbone.network.4.14.norm1.weight - torch.Size([320]): 
PretrainedInit: load from https://download.openmmlab.com/mmclassification/v0/poolformer/poolformer-s36_3rdparty_32xb128_in1k_20220414-d78ff3e8.pth 

backbone.network.4.14.norm1.bias - torch.Size([320]): 
PretrainedInit: load from https://download.openmmlab.com/mmclassification/v0/poolformer/poolformer-s36_3rdparty_32xb128_in1k_20220414-d78ff3e8.pth 

backbone.network.4.14.norm2.weight - torch.Size([320]): 
PretrainedInit: load from https://download.openmmlab.com/mmclassification/v0/poolformer/poolformer-s36_3rdparty_32xb128_in1k_20220414-d78ff3e8.pth 

backbone.network.4.14.norm2.bias - torch.Size([320]): 
PretrainedInit: load from https://download.openmmlab.com/mmclassification/v0/poolformer/poolformer-s36_3rdparty_32xb128_in1k_20220414-d78ff3e8.pth 

backbone.network.4.14.mlp.fc1.weight - torch.Size([1280, 320, 1, 1]): 
PretrainedInit: load from https://download.openmmlab.com/mmclassification/v0/poolformer/poolformer-s36_3rdparty_32xb128_in1k_20220414-d78ff3e8.pth 

backbone.network.4.14.mlp.fc1.bias - torch.Size([1280]): 
PretrainedInit: load from https://download.openmmlab.com/mmclassification/v0/poolformer/poolformer-s36_3rdparty_32xb128_in1k_20220414-d78ff3e8.pth 

backbone.network.4.14.mlp.fc2.weight - torch.Size([320, 1280, 1, 1]): 
PretrainedInit: load from https://download.openmmlab.com/mmclassification/v0/poolformer/poolformer-s36_3rdparty_32xb128_in1k_20220414-d78ff3e8.pth 

backbone.network.4.14.mlp.fc2.bias - torch.Size([320]): 
PretrainedInit: load from https://download.openmmlab.com/mmclassification/v0/poolformer/poolformer-s36_3rdparty_32xb128_in1k_20220414-d78ff3e8.pth 

backbone.network.4.15.layer_scale_1 - torch.Size([320]): 
PretrainedInit: load from https://download.openmmlab.com/mmclassification/v0/poolformer/poolformer-s36_3rdparty_32xb128_in1k_20220414-d78ff3e8.pth 

backbone.network.4.15.layer_scale_2 - torch.Size([320]): 
PretrainedInit: load from https://download.openmmlab.com/mmclassification/v0/poolformer/poolformer-s36_3rdparty_32xb128_in1k_20220414-d78ff3e8.pth 

backbone.network.4.15.norm1.weight - torch.Size([320]): 
PretrainedInit: load from https://download.openmmlab.com/mmclassification/v0/poolformer/poolformer-s36_3rdparty_32xb128_in1k_20220414-d78ff3e8.pth 

backbone.network.4.15.norm1.bias - torch.Size([320]): 
PretrainedInit: load from https://download.openmmlab.com/mmclassification/v0/poolformer/poolformer-s36_3rdparty_32xb128_in1k_20220414-d78ff3e8.pth 

backbone.network.4.15.norm2.weight - torch.Size([320]): 
PretrainedInit: load from https://download.openmmlab.com/mmclassification/v0/poolformer/poolformer-s36_3rdparty_32xb128_in1k_20220414-d78ff3e8.pth 

backbone.network.4.15.norm2.bias - torch.Size([320]): 
PretrainedInit: load from https://download.openmmlab.com/mmclassification/v0/poolformer/poolformer-s36_3rdparty_32xb128_in1k_20220414-d78ff3e8.pth 

backbone.network.4.15.mlp.fc1.weight - torch.Size([1280, 320, 1, 1]): 
PretrainedInit: load from https://download.openmmlab.com/mmclassification/v0/poolformer/poolformer-s36_3rdparty_32xb128_in1k_20220414-d78ff3e8.pth 

backbone.network.4.15.mlp.fc1.bias - torch.Size([1280]): 
PretrainedInit: load from https://download.openmmlab.com/mmclassification/v0/poolformer/poolformer-s36_3rdparty_32xb128_in1k_20220414-d78ff3e8.pth 

backbone.network.4.15.mlp.fc2.weight - torch.Size([320, 1280, 1, 1]): 
PretrainedInit: load from https://download.openmmlab.com/mmclassification/v0/poolformer/poolformer-s36_3rdparty_32xb128_in1k_20220414-d78ff3e8.pth 

backbone.network.4.15.mlp.fc2.bias - torch.Size([320]): 
PretrainedInit: load from https://download.openmmlab.com/mmclassification/v0/poolformer/poolformer-s36_3rdparty_32xb128_in1k_20220414-d78ff3e8.pth 

backbone.network.4.16.layer_scale_1 - torch.Size([320]): 
PretrainedInit: load from https://download.openmmlab.com/mmclassification/v0/poolformer/poolformer-s36_3rdparty_32xb128_in1k_20220414-d78ff3e8.pth 

backbone.network.4.16.layer_scale_2 - torch.Size([320]): 
PretrainedInit: load from https://download.openmmlab.com/mmclassification/v0/poolformer/poolformer-s36_3rdparty_32xb128_in1k_20220414-d78ff3e8.pth 

backbone.network.4.16.norm1.weight - torch.Size([320]): 
PretrainedInit: load from https://download.openmmlab.com/mmclassification/v0/poolformer/poolformer-s36_3rdparty_32xb128_in1k_20220414-d78ff3e8.pth 

backbone.network.4.16.norm1.bias - torch.Size([320]): 
PretrainedInit: load from https://download.openmmlab.com/mmclassification/v0/poolformer/poolformer-s36_3rdparty_32xb128_in1k_20220414-d78ff3e8.pth 

backbone.network.4.16.norm2.weight - torch.Size([320]): 
PretrainedInit: load from https://download.openmmlab.com/mmclassification/v0/poolformer/poolformer-s36_3rdparty_32xb128_in1k_20220414-d78ff3e8.pth 

backbone.network.4.16.norm2.bias - torch.Size([320]): 
PretrainedInit: load from https://download.openmmlab.com/mmclassification/v0/poolformer/poolformer-s36_3rdparty_32xb128_in1k_20220414-d78ff3e8.pth 

backbone.network.4.16.mlp.fc1.weight - torch.Size([1280, 320, 1, 1]): 
PretrainedInit: load from https://download.openmmlab.com/mmclassification/v0/poolformer/poolformer-s36_3rdparty_32xb128_in1k_20220414-d78ff3e8.pth 

backbone.network.4.16.mlp.fc1.bias - torch.Size([1280]): 
PretrainedInit: load from https://download.openmmlab.com/mmclassification/v0/poolformer/poolformer-s36_3rdparty_32xb128_in1k_20220414-d78ff3e8.pth 

backbone.network.4.16.mlp.fc2.weight - torch.Size([320, 1280, 1, 1]): 
PretrainedInit: load from https://download.openmmlab.com/mmclassification/v0/poolformer/poolformer-s36_3rdparty_32xb128_in1k_20220414-d78ff3e8.pth 

backbone.network.4.16.mlp.fc2.bias - torch.Size([320]): 
PretrainedInit: load from https://download.openmmlab.com/mmclassification/v0/poolformer/poolformer-s36_3rdparty_32xb128_in1k_20220414-d78ff3e8.pth 

backbone.network.4.17.layer_scale_1 - torch.Size([320]): 
PretrainedInit: load from https://download.openmmlab.com/mmclassification/v0/poolformer/poolformer-s36_3rdparty_32xb128_in1k_20220414-d78ff3e8.pth 

backbone.network.4.17.layer_scale_2 - torch.Size([320]): 
PretrainedInit: load from https://download.openmmlab.com/mmclassification/v0/poolformer/poolformer-s36_3rdparty_32xb128_in1k_20220414-d78ff3e8.pth 

backbone.network.4.17.norm1.weight - torch.Size([320]): 
PretrainedInit: load from https://download.openmmlab.com/mmclassification/v0/poolformer/poolformer-s36_3rdparty_32xb128_in1k_20220414-d78ff3e8.pth 

backbone.network.4.17.norm1.bias - torch.Size([320]): 
PretrainedInit: load from https://download.openmmlab.com/mmclassification/v0/poolformer/poolformer-s36_3rdparty_32xb128_in1k_20220414-d78ff3e8.pth 

backbone.network.4.17.norm2.weight - torch.Size([320]): 
PretrainedInit: load from https://download.openmmlab.com/mmclassification/v0/poolformer/poolformer-s36_3rdparty_32xb128_in1k_20220414-d78ff3e8.pth 

backbone.network.4.17.norm2.bias - torch.Size([320]): 
PretrainedInit: load from https://download.openmmlab.com/mmclassification/v0/poolformer/poolformer-s36_3rdparty_32xb128_in1k_20220414-d78ff3e8.pth 

backbone.network.4.17.mlp.fc1.weight - torch.Size([1280, 320, 1, 1]): 
PretrainedInit: load from https://download.openmmlab.com/mmclassification/v0/poolformer/poolformer-s36_3rdparty_32xb128_in1k_20220414-d78ff3e8.pth 

backbone.network.4.17.mlp.fc1.bias - torch.Size([1280]): 
PretrainedInit: load from https://download.openmmlab.com/mmclassification/v0/poolformer/poolformer-s36_3rdparty_32xb128_in1k_20220414-d78ff3e8.pth 

backbone.network.4.17.mlp.fc2.weight - torch.Size([320, 1280, 1, 1]): 
PretrainedInit: load from https://download.openmmlab.com/mmclassification/v0/poolformer/poolformer-s36_3rdparty_32xb128_in1k_20220414-d78ff3e8.pth 

backbone.network.4.17.mlp.fc2.bias - torch.Size([320]): 
PretrainedInit: load from https://download.openmmlab.com/mmclassification/v0/poolformer/poolformer-s36_3rdparty_32xb128_in1k_20220414-d78ff3e8.pth 

backbone.network.5.proj.weight - torch.Size([512, 320, 3, 3]): 
PretrainedInit: load from https://download.openmmlab.com/mmclassification/v0/poolformer/poolformer-s36_3rdparty_32xb128_in1k_20220414-d78ff3e8.pth 

backbone.network.5.proj.bias - torch.Size([512]): 
PretrainedInit: load from https://download.openmmlab.com/mmclassification/v0/poolformer/poolformer-s36_3rdparty_32xb128_in1k_20220414-d78ff3e8.pth 

backbone.network.6.0.layer_scale_1 - torch.Size([512]): 
PretrainedInit: load from https://download.openmmlab.com/mmclassification/v0/poolformer/poolformer-s36_3rdparty_32xb128_in1k_20220414-d78ff3e8.pth 

backbone.network.6.0.layer_scale_2 - torch.Size([512]): 
PretrainedInit: load from https://download.openmmlab.com/mmclassification/v0/poolformer/poolformer-s36_3rdparty_32xb128_in1k_20220414-d78ff3e8.pth 

backbone.network.6.0.norm1.weight - torch.Size([512]): 
PretrainedInit: load from https://download.openmmlab.com/mmclassification/v0/poolformer/poolformer-s36_3rdparty_32xb128_in1k_20220414-d78ff3e8.pth 

backbone.network.6.0.norm1.bias - torch.Size([512]): 
PretrainedInit: load from https://download.openmmlab.com/mmclassification/v0/poolformer/poolformer-s36_3rdparty_32xb128_in1k_20220414-d78ff3e8.pth 

backbone.network.6.0.norm2.weight - torch.Size([512]): 
PretrainedInit: load from https://download.openmmlab.com/mmclassification/v0/poolformer/poolformer-s36_3rdparty_32xb128_in1k_20220414-d78ff3e8.pth 

backbone.network.6.0.norm2.bias - torch.Size([512]): 
PretrainedInit: load from https://download.openmmlab.com/mmclassification/v0/poolformer/poolformer-s36_3rdparty_32xb128_in1k_20220414-d78ff3e8.pth 

backbone.network.6.0.mlp.fc1.weight - torch.Size([2048, 512, 1, 1]): 
PretrainedInit: load from https://download.openmmlab.com/mmclassification/v0/poolformer/poolformer-s36_3rdparty_32xb128_in1k_20220414-d78ff3e8.pth 

backbone.network.6.0.mlp.fc1.bias - torch.Size([2048]): 
PretrainedInit: load from https://download.openmmlab.com/mmclassification/v0/poolformer/poolformer-s36_3rdparty_32xb128_in1k_20220414-d78ff3e8.pth 

backbone.network.6.0.mlp.fc2.weight - torch.Size([512, 2048, 1, 1]): 
PretrainedInit: load from https://download.openmmlab.com/mmclassification/v0/poolformer/poolformer-s36_3rdparty_32xb128_in1k_20220414-d78ff3e8.pth 

backbone.network.6.0.mlp.fc2.bias - torch.Size([512]): 
PretrainedInit: load from https://download.openmmlab.com/mmclassification/v0/poolformer/poolformer-s36_3rdparty_32xb128_in1k_20220414-d78ff3e8.pth 

backbone.network.6.1.layer_scale_1 - torch.Size([512]): 
PretrainedInit: load from https://download.openmmlab.com/mmclassification/v0/poolformer/poolformer-s36_3rdparty_32xb128_in1k_20220414-d78ff3e8.pth 

backbone.network.6.1.layer_scale_2 - torch.Size([512]): 
PretrainedInit: load from https://download.openmmlab.com/mmclassification/v0/poolformer/poolformer-s36_3rdparty_32xb128_in1k_20220414-d78ff3e8.pth 

backbone.network.6.1.norm1.weight - torch.Size([512]): 
PretrainedInit: load from https://download.openmmlab.com/mmclassification/v0/poolformer/poolformer-s36_3rdparty_32xb128_in1k_20220414-d78ff3e8.pth 

backbone.network.6.1.norm1.bias - torch.Size([512]): 
PretrainedInit: load from https://download.openmmlab.com/mmclassification/v0/poolformer/poolformer-s36_3rdparty_32xb128_in1k_20220414-d78ff3e8.pth 

backbone.network.6.1.norm2.weight - torch.Size([512]): 
PretrainedInit: load from https://download.openmmlab.com/mmclassification/v0/poolformer/poolformer-s36_3rdparty_32xb128_in1k_20220414-d78ff3e8.pth 

backbone.network.6.1.norm2.bias - torch.Size([512]): 
PretrainedInit: load from https://download.openmmlab.com/mmclassification/v0/poolformer/poolformer-s36_3rdparty_32xb128_in1k_20220414-d78ff3e8.pth 

backbone.network.6.1.mlp.fc1.weight - torch.Size([2048, 512, 1, 1]): 
PretrainedInit: load from https://download.openmmlab.com/mmclassification/v0/poolformer/poolformer-s36_3rdparty_32xb128_in1k_20220414-d78ff3e8.pth 

backbone.network.6.1.mlp.fc1.bias - torch.Size([2048]): 
PretrainedInit: load from https://download.openmmlab.com/mmclassification/v0/poolformer/poolformer-s36_3rdparty_32xb128_in1k_20220414-d78ff3e8.pth 

backbone.network.6.1.mlp.fc2.weight - torch.Size([512, 2048, 1, 1]): 
PretrainedInit: load from https://download.openmmlab.com/mmclassification/v0/poolformer/poolformer-s36_3rdparty_32xb128_in1k_20220414-d78ff3e8.pth 

backbone.network.6.1.mlp.fc2.bias - torch.Size([512]): 
PretrainedInit: load from https://download.openmmlab.com/mmclassification/v0/poolformer/poolformer-s36_3rdparty_32xb128_in1k_20220414-d78ff3e8.pth 

backbone.network.6.2.layer_scale_1 - torch.Size([512]): 
PretrainedInit: load from https://download.openmmlab.com/mmclassification/v0/poolformer/poolformer-s36_3rdparty_32xb128_in1k_20220414-d78ff3e8.pth 

backbone.network.6.2.layer_scale_2 - torch.Size([512]): 
PretrainedInit: load from https://download.openmmlab.com/mmclassification/v0/poolformer/poolformer-s36_3rdparty_32xb128_in1k_20220414-d78ff3e8.pth 

backbone.network.6.2.norm1.weight - torch.Size([512]): 
PretrainedInit: load from https://download.openmmlab.com/mmclassification/v0/poolformer/poolformer-s36_3rdparty_32xb128_in1k_20220414-d78ff3e8.pth 

backbone.network.6.2.norm1.bias - torch.Size([512]): 
PretrainedInit: load from https://download.openmmlab.com/mmclassification/v0/poolformer/poolformer-s36_3rdparty_32xb128_in1k_20220414-d78ff3e8.pth 

backbone.network.6.2.norm2.weight - torch.Size([512]): 
PretrainedInit: load from https://download.openmmlab.com/mmclassification/v0/poolformer/poolformer-s36_3rdparty_32xb128_in1k_20220414-d78ff3e8.pth 

backbone.network.6.2.norm2.bias - torch.Size([512]): 
PretrainedInit: load from https://download.openmmlab.com/mmclassification/v0/poolformer/poolformer-s36_3rdparty_32xb128_in1k_20220414-d78ff3e8.pth 

backbone.network.6.2.mlp.fc1.weight - torch.Size([2048, 512, 1, 1]): 
PretrainedInit: load from https://download.openmmlab.com/mmclassification/v0/poolformer/poolformer-s36_3rdparty_32xb128_in1k_20220414-d78ff3e8.pth 

backbone.network.6.2.mlp.fc1.bias - torch.Size([2048]): 
PretrainedInit: load from https://download.openmmlab.com/mmclassification/v0/poolformer/poolformer-s36_3rdparty_32xb128_in1k_20220414-d78ff3e8.pth 

backbone.network.6.2.mlp.fc2.weight - torch.Size([512, 2048, 1, 1]): 
PretrainedInit: load from https://download.openmmlab.com/mmclassification/v0/poolformer/poolformer-s36_3rdparty_32xb128_in1k_20220414-d78ff3e8.pth 

backbone.network.6.2.mlp.fc2.bias - torch.Size([512]): 
PretrainedInit: load from https://download.openmmlab.com/mmclassification/v0/poolformer/poolformer-s36_3rdparty_32xb128_in1k_20220414-d78ff3e8.pth 

backbone.network.6.3.layer_scale_1 - torch.Size([512]): 
PretrainedInit: load from https://download.openmmlab.com/mmclassification/v0/poolformer/poolformer-s36_3rdparty_32xb128_in1k_20220414-d78ff3e8.pth 

backbone.network.6.3.layer_scale_2 - torch.Size([512]): 
PretrainedInit: load from https://download.openmmlab.com/mmclassification/v0/poolformer/poolformer-s36_3rdparty_32xb128_in1k_20220414-d78ff3e8.pth 

backbone.network.6.3.norm1.weight - torch.Size([512]): 
PretrainedInit: load from https://download.openmmlab.com/mmclassification/v0/poolformer/poolformer-s36_3rdparty_32xb128_in1k_20220414-d78ff3e8.pth 

backbone.network.6.3.norm1.bias - torch.Size([512]): 
PretrainedInit: load from https://download.openmmlab.com/mmclassification/v0/poolformer/poolformer-s36_3rdparty_32xb128_in1k_20220414-d78ff3e8.pth 

backbone.network.6.3.norm2.weight - torch.Size([512]): 
PretrainedInit: load from https://download.openmmlab.com/mmclassification/v0/poolformer/poolformer-s36_3rdparty_32xb128_in1k_20220414-d78ff3e8.pth 

backbone.network.6.3.norm2.bias - torch.Size([512]): 
PretrainedInit: load from https://download.openmmlab.com/mmclassification/v0/poolformer/poolformer-s36_3rdparty_32xb128_in1k_20220414-d78ff3e8.pth 

backbone.network.6.3.mlp.fc1.weight - torch.Size([2048, 512, 1, 1]): 
PretrainedInit: load from https://download.openmmlab.com/mmclassification/v0/poolformer/poolformer-s36_3rdparty_32xb128_in1k_20220414-d78ff3e8.pth 

backbone.network.6.3.mlp.fc1.bias - torch.Size([2048]): 
PretrainedInit: load from https://download.openmmlab.com/mmclassification/v0/poolformer/poolformer-s36_3rdparty_32xb128_in1k_20220414-d78ff3e8.pth 

backbone.network.6.3.mlp.fc2.weight - torch.Size([512, 2048, 1, 1]): 
PretrainedInit: load from https://download.openmmlab.com/mmclassification/v0/poolformer/poolformer-s36_3rdparty_32xb128_in1k_20220414-d78ff3e8.pth 

backbone.network.6.3.mlp.fc2.bias - torch.Size([512]): 
PretrainedInit: load from https://download.openmmlab.com/mmclassification/v0/poolformer/poolformer-s36_3rdparty_32xb128_in1k_20220414-d78ff3e8.pth 

backbone.network.6.4.layer_scale_1 - torch.Size([512]): 
PretrainedInit: load from https://download.openmmlab.com/mmclassification/v0/poolformer/poolformer-s36_3rdparty_32xb128_in1k_20220414-d78ff3e8.pth 

backbone.network.6.4.layer_scale_2 - torch.Size([512]): 
PretrainedInit: load from https://download.openmmlab.com/mmclassification/v0/poolformer/poolformer-s36_3rdparty_32xb128_in1k_20220414-d78ff3e8.pth 

backbone.network.6.4.norm1.weight - torch.Size([512]): 
PretrainedInit: load from https://download.openmmlab.com/mmclassification/v0/poolformer/poolformer-s36_3rdparty_32xb128_in1k_20220414-d78ff3e8.pth 

backbone.network.6.4.norm1.bias - torch.Size([512]): 
PretrainedInit: load from https://download.openmmlab.com/mmclassification/v0/poolformer/poolformer-s36_3rdparty_32xb128_in1k_20220414-d78ff3e8.pth 

backbone.network.6.4.norm2.weight - torch.Size([512]): 
PretrainedInit: load from https://download.openmmlab.com/mmclassification/v0/poolformer/poolformer-s36_3rdparty_32xb128_in1k_20220414-d78ff3e8.pth 

backbone.network.6.4.norm2.bias - torch.Size([512]): 
PretrainedInit: load from https://download.openmmlab.com/mmclassification/v0/poolformer/poolformer-s36_3rdparty_32xb128_in1k_20220414-d78ff3e8.pth 

backbone.network.6.4.mlp.fc1.weight - torch.Size([2048, 512, 1, 1]): 
PretrainedInit: load from https://download.openmmlab.com/mmclassification/v0/poolformer/poolformer-s36_3rdparty_32xb128_in1k_20220414-d78ff3e8.pth 

backbone.network.6.4.mlp.fc1.bias - torch.Size([2048]): 
PretrainedInit: load from https://download.openmmlab.com/mmclassification/v0/poolformer/poolformer-s36_3rdparty_32xb128_in1k_20220414-d78ff3e8.pth 

backbone.network.6.4.mlp.fc2.weight - torch.Size([512, 2048, 1, 1]): 
PretrainedInit: load from https://download.openmmlab.com/mmclassification/v0/poolformer/poolformer-s36_3rdparty_32xb128_in1k_20220414-d78ff3e8.pth 

backbone.network.6.4.mlp.fc2.bias - torch.Size([512]): 
PretrainedInit: load from https://download.openmmlab.com/mmclassification/v0/poolformer/poolformer-s36_3rdparty_32xb128_in1k_20220414-d78ff3e8.pth 

backbone.network.6.5.layer_scale_1 - torch.Size([512]): 
PretrainedInit: load from https://download.openmmlab.com/mmclassification/v0/poolformer/poolformer-s36_3rdparty_32xb128_in1k_20220414-d78ff3e8.pth 

backbone.network.6.5.layer_scale_2 - torch.Size([512]): 
PretrainedInit: load from https://download.openmmlab.com/mmclassification/v0/poolformer/poolformer-s36_3rdparty_32xb128_in1k_20220414-d78ff3e8.pth 

backbone.network.6.5.norm1.weight - torch.Size([512]): 
PretrainedInit: load from https://download.openmmlab.com/mmclassification/v0/poolformer/poolformer-s36_3rdparty_32xb128_in1k_20220414-d78ff3e8.pth 

backbone.network.6.5.norm1.bias - torch.Size([512]): 
PretrainedInit: load from https://download.openmmlab.com/mmclassification/v0/poolformer/poolformer-s36_3rdparty_32xb128_in1k_20220414-d78ff3e8.pth 

backbone.network.6.5.norm2.weight - torch.Size([512]): 
PretrainedInit: load from https://download.openmmlab.com/mmclassification/v0/poolformer/poolformer-s36_3rdparty_32xb128_in1k_20220414-d78ff3e8.pth 

backbone.network.6.5.norm2.bias - torch.Size([512]): 
PretrainedInit: load from https://download.openmmlab.com/mmclassification/v0/poolformer/poolformer-s36_3rdparty_32xb128_in1k_20220414-d78ff3e8.pth 

backbone.network.6.5.mlp.fc1.weight - torch.Size([2048, 512, 1, 1]): 
PretrainedInit: load from https://download.openmmlab.com/mmclassification/v0/poolformer/poolformer-s36_3rdparty_32xb128_in1k_20220414-d78ff3e8.pth 

backbone.network.6.5.mlp.fc1.bias - torch.Size([2048]): 
PretrainedInit: load from https://download.openmmlab.com/mmclassification/v0/poolformer/poolformer-s36_3rdparty_32xb128_in1k_20220414-d78ff3e8.pth 

backbone.network.6.5.mlp.fc2.weight - torch.Size([512, 2048, 1, 1]): 
PretrainedInit: load from https://download.openmmlab.com/mmclassification/v0/poolformer/poolformer-s36_3rdparty_32xb128_in1k_20220414-d78ff3e8.pth 

backbone.network.6.5.mlp.fc2.bias - torch.Size([512]): 
PretrainedInit: load from https://download.openmmlab.com/mmclassification/v0/poolformer/poolformer-s36_3rdparty_32xb128_in1k_20220414-d78ff3e8.pth 

backbone.norm0.weight - torch.Size([64]): 
The value is the same before and after calling `init_weights` of EncoderDecoder  

backbone.norm0.bias - torch.Size([64]): 
The value is the same before and after calling `init_weights` of EncoderDecoder  

backbone.norm2.weight - torch.Size([128]): 
The value is the same before and after calling `init_weights` of EncoderDecoder  

backbone.norm2.bias - torch.Size([128]): 
The value is the same before and after calling `init_weights` of EncoderDecoder  

backbone.norm4.weight - torch.Size([320]): 
The value is the same before and after calling `init_weights` of EncoderDecoder  

backbone.norm4.bias - torch.Size([320]): 
The value is the same before and after calling `init_weights` of EncoderDecoder  

backbone.norm6.weight - torch.Size([512]): 
PretrainedInit: load from https://download.openmmlab.com/mmclassification/v0/poolformer/poolformer-s36_3rdparty_32xb128_in1k_20220414-d78ff3e8.pth 

backbone.norm6.bias - torch.Size([512]): 
PretrainedInit: load from https://download.openmmlab.com/mmclassification/v0/poolformer/poolformer-s36_3rdparty_32xb128_in1k_20220414-d78ff3e8.pth 

neck.lateral_convs.0.conv.weight - torch.Size([256, 64, 1, 1]): 
XavierInit: gain=1, distribution=uniform, bias=0 

neck.lateral_convs.0.conv.bias - torch.Size([256]): 
The value is the same before and after calling `init_weights` of EncoderDecoder  

neck.lateral_convs.1.conv.weight - torch.Size([256, 128, 1, 1]): 
XavierInit: gain=1, distribution=uniform, bias=0 

neck.lateral_convs.1.conv.bias - torch.Size([256]): 
The value is the same before and after calling `init_weights` of EncoderDecoder  

neck.lateral_convs.2.conv.weight - torch.Size([256, 320, 1, 1]): 
XavierInit: gain=1, distribution=uniform, bias=0 

neck.lateral_convs.2.conv.bias - torch.Size([256]): 
The value is the same before and after calling `init_weights` of EncoderDecoder  

neck.lateral_convs.3.conv.weight - torch.Size([256, 512, 1, 1]): 
XavierInit: gain=1, distribution=uniform, bias=0 

neck.lateral_convs.3.conv.bias - torch.Size([256]): 
The value is the same before and after calling `init_weights` of EncoderDecoder  

neck.fpn_convs.0.conv.weight - torch.Size([256, 256, 3, 3]): 
XavierInit: gain=1, distribution=uniform, bias=0 

neck.fpn_convs.0.conv.bias - torch.Size([256]): 
The value is the same before and after calling `init_weights` of EncoderDecoder  

neck.fpn_convs.1.conv.weight - torch.Size([256, 256, 3, 3]): 
XavierInit: gain=1, distribution=uniform, bias=0 

neck.fpn_convs.1.conv.bias - torch.Size([256]): 
The value is the same before and after calling `init_weights` of EncoderDecoder  

neck.fpn_convs.2.conv.weight - torch.Size([256, 256, 3, 3]): 
XavierInit: gain=1, distribution=uniform, bias=0 

neck.fpn_convs.2.conv.bias - torch.Size([256]): 
The value is the same before and after calling `init_weights` of EncoderDecoder  

neck.fpn_convs.3.conv.weight - torch.Size([256, 256, 3, 3]): 
XavierInit: gain=1, distribution=uniform, bias=0 

neck.fpn_convs.3.conv.bias - torch.Size([256]): 
The value is the same before and after calling `init_weights` of EncoderDecoder  

decode_head.conv_seg.weight - torch.Size([2, 128, 1, 1]): 
NormalInit: mean=0, std=0.01, bias=0 

decode_head.conv_seg.bias - torch.Size([2]): 
NormalInit: mean=0, std=0.01, bias=0 

decode_head.scale_heads.0.0.conv.weight - torch.Size([128, 256, 3, 3]): 
The value is the same before and after calling `init_weights` of EncoderDecoder  

decode_head.scale_heads.0.0.bn.weight - torch.Size([128]): 
The value is the same before and after calling `init_weights` of EncoderDecoder  

decode_head.scale_heads.0.0.bn.bias - torch.Size([128]): 
The value is the same before and after calling `init_weights` of EncoderDecoder  

decode_head.scale_heads.1.0.conv.weight - torch.Size([128, 256, 3, 3]): 
The value is the same before and after calling `init_weights` of EncoderDecoder  

decode_head.scale_heads.1.0.bn.weight - torch.Size([128]): 
The value is the same before and after calling `init_weights` of EncoderDecoder  

decode_head.scale_heads.1.0.bn.bias - torch.Size([128]): 
The value is the same before and after calling `init_weights` of EncoderDecoder  

decode_head.scale_heads.2.0.conv.weight - torch.Size([128, 256, 3, 3]): 
The value is the same before and after calling `init_weights` of EncoderDecoder  

decode_head.scale_heads.2.0.bn.weight - torch.Size([128]): 
The value is the same before and after calling `init_weights` of EncoderDecoder  

decode_head.scale_heads.2.0.bn.bias - torch.Size([128]): 
The value is the same before and after calling `init_weights` of EncoderDecoder  

decode_head.scale_heads.2.2.conv.weight - torch.Size([128, 128, 3, 3]): 
The value is the same before and after calling `init_weights` of EncoderDecoder  

decode_head.scale_heads.2.2.bn.weight - torch.Size([128]): 
The value is the same before and after calling `init_weights` of EncoderDecoder  

decode_head.scale_heads.2.2.bn.bias - torch.Size([128]): 
The value is the same before and after calling `init_weights` of EncoderDecoder  

decode_head.scale_heads.3.0.conv.weight - torch.Size([128, 256, 3, 3]): 
The value is the same before and after calling `init_weights` of EncoderDecoder  

decode_head.scale_heads.3.0.bn.weight - torch.Size([128]): 
The value is the same before and after calling `init_weights` of EncoderDecoder  

decode_head.scale_heads.3.0.bn.bias - torch.Size([128]): 
The value is the same before and after calling `init_weights` of EncoderDecoder  

decode_head.scale_heads.3.2.conv.weight - torch.Size([128, 128, 3, 3]): 
The value is the same before and after calling `init_weights` of EncoderDecoder  

decode_head.scale_heads.3.2.bn.weight - torch.Size([128]): 
The value is the same before and after calling `init_weights` of EncoderDecoder  

decode_head.scale_heads.3.2.bn.bias - torch.Size([128]): 
The value is the same before and after calling `init_weights` of EncoderDecoder  

decode_head.scale_heads.3.4.conv.weight - torch.Size([128, 128, 3, 3]): 
The value is the same before and after calling `init_weights` of EncoderDecoder  

decode_head.scale_heads.3.4.bn.weight - torch.Size([128]): 
The value is the same before and after calling `init_weights` of EncoderDecoder  

decode_head.scale_heads.3.4.bn.bias - torch.Size([128]): 
The value is the same before and after calling `init_weights` of EncoderDecoder  
2025/03/09 00:55:15 - mmengine - WARNING - "FileClient" will be deprecated in future. Please use io functions in https://mmengine.readthedocs.io/en/latest/api/fileio.html#file-io
2025/03/09 00:55:15 - mmengine - WARNING - "HardDiskBackend" is the alias of "LocalBackend" and the former will be deprecated in future.
2025/03/09 00:55:15 - mmengine - INFO - Checkpoints will be saved to G:\experiments\mmsegmentation\work_dirs\fpn_poolformer_s36_8x4_512x512_40k_ade20kpool.
2025/03/09 00:55:54 - mmengine - INFO - Iter(train) [    50/160000]  lr: 1.9978e-04  eta: 1 day, 10:52:26  time: 0.4019  data_time: 0.0072  memory: 16208  loss: 0.1331  decode.loss_ce: 0.1331  decode.acc_seg: 98.2595
2025/03/09 00:56:14 - mmengine - INFO - Iter(train) [   100/160000]  lr: 1.9955e-04  eta: 1 day, 2:24:49  time: 0.4024  data_time: 0.0064  memory: 5994  loss: 0.1280  decode.loss_ce: 0.1280  decode.acc_seg: 99.6224
2025/03/09 00:56:35 - mmengine - INFO - Iter(train) [   150/160000]  lr: 1.9933e-04  eta: 23:37:56  time: 0.4044  data_time: 0.0071  memory: 5994  loss: 0.0905  decode.loss_ce: 0.0905  decode.acc_seg: 97.5060
2025/03/09 00:56:55 - mmengine - INFO - Iter(train) [   200/160000]  lr: 1.9910e-04  eta: 22:13:35  time: 0.4068  data_time: 0.0071  memory: 5994  loss: 0.0955  decode.loss_ce: 0.0955  decode.acc_seg: 92.3700
2025/03/09 00:57:15 - mmengine - INFO - Iter(train) [   250/160000]  lr: 1.9888e-04  eta: 21:22:48  time: 0.4048  data_time: 0.0070  memory: 5994  loss: 0.0631  decode.loss_ce: 0.0631  decode.acc_seg: 98.4229
2025/03/09 00:57:36 - mmengine - INFO - Iter(train) [   300/160000]  lr: 1.9865e-04  eta: 20:49:41  time: 0.4050  data_time: 0.0071  memory: 5994  loss: 0.0416  decode.loss_ce: 0.0416  decode.acc_seg: 99.2088
2025/03/09 00:57:56 - mmengine - INFO - Iter(train) [   350/160000]  lr: 1.9843e-04  eta: 20:26:46  time: 0.4103  data_time: 0.0075  memory: 5994  loss: 0.0625  decode.loss_ce: 0.0625  decode.acc_seg: 97.3917
2025/03/09 00:58:17 - mmengine - INFO - Iter(train) [   400/160000]  lr: 1.9820e-04  eta: 20:08:19  time: 0.4064  data_time: 0.0071  memory: 5994  loss: 0.0657  decode.loss_ce: 0.0657  decode.acc_seg: 97.5040
2025/03/09 00:58:37 - mmengine - INFO - Iter(train) [   450/160000]  lr: 1.9798e-04  eta: 19:53:55  time: 0.4023  data_time: 0.0069  memory: 5994  loss: 0.0818  decode.loss_ce: 0.0818  decode.acc_seg: 95.0451
2025/03/09 00:58:57 - mmengine - INFO - Iter(train) [   500/160000]  lr: 1.9775e-04  eta: 19:42:32  time: 0.4134  data_time: 0.0071  memory: 5994  loss: 0.0475  decode.loss_ce: 0.0475  decode.acc_seg: 98.5432
2025/03/09 00:59:18 - mmengine - INFO - Iter(train) [   550/160000]  lr: 1.9753e-04  eta: 19:33:45  time: 0.4059  data_time: 0.0068  memory: 5994  loss: 0.0746  decode.loss_ce: 0.0746  decode.acc_seg: 98.8285
2025/03/09 00:59:38 - mmengine - INFO - Iter(train) [   600/160000]  lr: 1.9730e-04  eta: 19:26:30  time: 0.4098  data_time: 0.0072  memory: 5994  loss: 0.0790  decode.loss_ce: 0.0790  decode.acc_seg: 92.1161
2025/03/09 00:59:59 - mmengine - INFO - Iter(train) [   650/160000]  lr: 1.9708e-04  eta: 19:19:36  time: 0.4130  data_time: 0.0076  memory: 5994  loss: 0.0756  decode.loss_ce: 0.0756  decode.acc_seg: 98.0780
2025/03/09 01:00:19 - mmengine - INFO - Iter(train) [   700/160000]  lr: 1.9685e-04  eta: 19:13:41  time: 0.4052  data_time: 0.0072  memory: 5994  loss: 0.0518  decode.loss_ce: 0.0518  decode.acc_seg: 96.8000
2025/03/09 01:00:40 - mmengine - INFO - Iter(train) [   750/160000]  lr: 1.9663e-04  eta: 19:08:55  time: 0.4052  data_time: 0.0072  memory: 5994  loss: 0.0968  decode.loss_ce: 0.0968  decode.acc_seg: 94.8985
2025/03/09 01:01:00 - mmengine - INFO - Iter(train) [   800/160000]  lr: 1.9640e-04  eta: 19:04:28  time: 0.4063  data_time: 0.0070  memory: 5994  loss: 0.0651  decode.loss_ce: 0.0651  decode.acc_seg: 97.5148
2025/03/09 01:01:20 - mmengine - INFO - Iter(train) [   850/160000]  lr: 1.9618e-04  eta: 19:00:15  time: 0.4058  data_time: 0.0073  memory: 5994  loss: 0.0430  decode.loss_ce: 0.0430  decode.acc_seg: 98.0944
2025/03/09 01:01:41 - mmengine - INFO - Iter(train) [   900/160000]  lr: 1.9595e-04  eta: 18:56:29  time: 0.4004  data_time: 0.0068  memory: 5994  loss: 0.0389  decode.loss_ce: 0.0389  decode.acc_seg: 99.3537
2025/03/09 01:02:01 - mmengine - INFO - Iter(train) [   950/160000]  lr: 1.9572e-04  eta: 18:53:31  time: 0.4093  data_time: 0.0073  memory: 5994  loss: 0.0517  decode.loss_ce: 0.0517  decode.acc_seg: 98.0749
2025/03/09 01:02:22 - mmengine - INFO - Exp name: fpn_poolformer_s36_8x4_512x512_40k_ade20k_20250309_005445
2025/03/09 01:02:22 - mmengine - INFO - Iter(train) [  1000/160000]  lr: 1.9550e-04  eta: 18:50:41  time: 0.4103  data_time: 0.0073  memory: 5994  loss: 0.0416  decode.loss_ce: 0.0416  decode.acc_seg: 99.4696
2025/03/09 01:02:42 - mmengine - INFO - Iter(train) [  1050/160000]  lr: 1.9527e-04  eta: 18:48:12  time: 0.4078  data_time: 0.0069  memory: 5994  loss: 0.0476  decode.loss_ce: 0.0476  decode.acc_seg: 89.6895
2025/03/09 01:03:03 - mmengine - INFO - Iter(train) [  1100/160000]  lr: 1.9505e-04  eta: 18:45:51  time: 0.4091  data_time: 0.0072  memory: 5994  loss: 0.0357  decode.loss_ce: 0.0357  decode.acc_seg: 94.4913
2025/03/09 01:03:23 - mmengine - INFO - Iter(train) [  1150/160000]  lr: 1.9482e-04  eta: 18:43:27  time: 0.4024  data_time: 0.0072  memory: 5994  loss: 0.0329  decode.loss_ce: 0.0329  decode.acc_seg: 99.4750
2025/03/09 01:03:43 - mmengine - INFO - Iter(train) [  1200/160000]  lr: 1.9460e-04  eta: 18:40:43  time: 0.3959  data_time: 0.0065  memory: 5994  loss: 0.0583  decode.loss_ce: 0.0583  decode.acc_seg: 99.1208
2025/03/09 01:04:03 - mmengine - INFO - Iter(train) [  1250/160000]  lr: 1.9437e-04  eta: 18:38:29  time: 0.4009  data_time: 0.0071  memory: 5994  loss: 0.0781  decode.loss_ce: 0.0781  decode.acc_seg: 88.6325
2025/03/09 01:04:24 - mmengine - INFO - Iter(train) [  1300/160000]  lr: 1.9414e-04  eta: 18:35:55  time: 0.3993  data_time: 0.0067  memory: 5994  loss: 0.0949  decode.loss_ce: 0.0949  decode.acc_seg: 97.7949
2025/03/09 01:04:44 - mmengine - INFO - Iter(train) [  1350/160000]  lr: 1.9392e-04  eta: 18:33:25  time: 0.4067  data_time: 0.0071  memory: 5994  loss: 0.0372  decode.loss_ce: 0.0372  decode.acc_seg: 98.9540
2025/03/09 01:05:04 - mmengine - INFO - Iter(train) [  1400/160000]  lr: 1.9369e-04  eta: 18:31:09  time: 0.4005  data_time: 0.0068  memory: 5994  loss: 0.0538  decode.loss_ce: 0.0538  decode.acc_seg: 99.9568
2025/03/09 01:05:24 - mmengine - INFO - Iter(train) [  1450/160000]  lr: 1.9347e-04  eta: 18:28:51  time: 0.4019  data_time: 0.0068  memory: 5994  loss: 0.0331  decode.loss_ce: 0.0331  decode.acc_seg: 98.9644
2025/03/09 01:05:44 - mmengine - INFO - Iter(train) [  1500/160000]  lr: 1.9324e-04  eta: 18:27:17  time: 0.4120  data_time: 0.0073  memory: 5994  loss: 0.0453  decode.loss_ce: 0.0453  decode.acc_seg: 100.0000
2025/03/09 01:06:04 - mmengine - INFO - Iter(train) [  1550/160000]  lr: 1.9302e-04  eta: 18:26:08  time: 0.4030  data_time: 0.0073  memory: 5994  loss: 0.0538  decode.loss_ce: 0.0538  decode.acc_seg: 99.6607
2025/03/09 01:06:25 - mmengine - INFO - Iter(train) [  1600/160000]  lr: 1.9279e-04  eta: 18:24:50  time: 0.4061  data_time: 0.0071  memory: 5994  loss: 0.0433  decode.loss_ce: 0.0433  decode.acc_seg: 95.3434
2025/03/09 01:06:45 - mmengine - INFO - Iter(train) [  1650/160000]  lr: 1.9256e-04  eta: 18:23:41  time: 0.4044  data_time: 0.0069  memory: 5994  loss: 0.0601  decode.loss_ce: 0.0601  decode.acc_seg: 99.1066
2025/03/09 01:07:06 - mmengine - INFO - Iter(train) [  1700/160000]  lr: 1.9234e-04  eta: 18:22:39  time: 0.4078  data_time: 0.0071  memory: 5994  loss: 0.0561  decode.loss_ce: 0.0561  decode.acc_seg: 95.8678
2025/03/09 01:07:26 - mmengine - INFO - Iter(train) [  1750/160000]  lr: 1.9211e-04  eta: 18:21:36  time: 0.4049  data_time: 0.0068  memory: 5994  loss: 0.0422  decode.loss_ce: 0.0422  decode.acc_seg: 98.8935
2025/03/09 01:07:46 - mmengine - INFO - Iter(train) [  1800/160000]  lr: 1.9189e-04  eta: 18:20:31  time: 0.4068  data_time: 0.0069  memory: 5994  loss: 0.0438  decode.loss_ce: 0.0438  decode.acc_seg: 99.2758
2025/03/09 01:08:07 - mmengine - INFO - Iter(train) [  1850/160000]  lr: 1.9166e-04  eta: 18:19:32  time: 0.4044  data_time: 0.0068  memory: 5994  loss: 0.0397  decode.loss_ce: 0.0397  decode.acc_seg: 98.0482
2025/03/09 01:08:27 - mmengine - INFO - Iter(train) [  1900/160000]  lr: 1.9143e-04  eta: 18:18:41  time: 0.4114  data_time: 0.0071  memory: 5994  loss: 0.0406  decode.loss_ce: 0.0406  decode.acc_seg: 98.1141
2025/03/09 01:08:48 - mmengine - INFO - Iter(train) [  1950/160000]  lr: 1.9121e-04  eta: 18:17:45  time: 0.4056  data_time: 0.0071  memory: 5994  loss: 0.0733  decode.loss_ce: 0.0733  decode.acc_seg: 98.1802
2025/03/09 01:09:08 - mmengine - INFO - Exp name: fpn_poolformer_s36_8x4_512x512_40k_ade20k_20250309_005445
2025/03/09 01:09:08 - mmengine - INFO - Iter(train) [  2000/160000]  lr: 1.9098e-04  eta: 18:16:51  time: 0.4097  data_time: 0.0072  memory: 5994  loss: 0.0471  decode.loss_ce: 0.0471  decode.acc_seg: 99.2608
2025/03/09 01:09:28 - mmengine - INFO - Iter(train) [  2050/160000]  lr: 1.9076e-04  eta: 18:15:53  time: 0.4071  data_time: 0.0069  memory: 5994  loss: 0.0850  decode.loss_ce: 0.0850  decode.acc_seg: 94.9781
2025/03/09 01:09:49 - mmengine - INFO - Iter(train) [  2100/160000]  lr: 1.9053e-04  eta: 18:14:56  time: 0.4090  data_time: 0.0071  memory: 5994  loss: 0.0897  decode.loss_ce: 0.0897  decode.acc_seg: 96.2442
2025/03/09 01:10:09 - mmengine - INFO - Iter(train) [  2150/160000]  lr: 1.9030e-04  eta: 18:14:20  time: 0.4130  data_time: 0.0074  memory: 5994  loss: 0.0284  decode.loss_ce: 0.0284  decode.acc_seg: 98.8513
2025/03/09 01:10:30 - mmengine - INFO - Iter(train) [  2200/160000]  lr: 1.9008e-04  eta: 18:13:27  time: 0.4060  data_time: 0.0070  memory: 5994  loss: 0.0361  decode.loss_ce: 0.0361  decode.acc_seg: 99.9293
2025/03/09 01:10:50 - mmengine - INFO - Iter(train) [  2250/160000]  lr: 1.8985e-04  eta: 18:12:53  time: 0.4142  data_time: 0.0075  memory: 5994  loss: 0.0573  decode.loss_ce: 0.0573  decode.acc_seg: 96.7230
2025/03/09 01:11:11 - mmengine - INFO - Iter(train) [  2300/160000]  lr: 1.8962e-04  eta: 18:12:15  time: 0.4269  data_time: 0.0081  memory: 5994  loss: 0.0556  decode.loss_ce: 0.0556  decode.acc_seg: 98.5464
2025/03/09 01:11:31 - mmengine - INFO - Iter(train) [  2350/160000]  lr: 1.8940e-04  eta: 18:11:41  time: 0.4153  data_time: 0.0073  memory: 5994  loss: 0.0294  decode.loss_ce: 0.0294  decode.acc_seg: 98.1732
2025/03/09 01:11:52 - mmengine - INFO - Iter(train) [  2400/160000]  lr: 1.8917e-04  eta: 18:10:48  time: 0.4117  data_time: 0.0077  memory: 5994  loss: 0.0712  decode.loss_ce: 0.0712  decode.acc_seg: 96.5173
2025/03/09 01:12:12 - mmengine - INFO - Iter(train) [  2450/160000]  lr: 1.8894e-04  eta: 18:10:04  time: 0.4111  data_time: 0.0074  memory: 5994  loss: 0.0542  decode.loss_ce: 0.0542  decode.acc_seg: 99.0061
2025/03/09 01:12:33 - mmengine - INFO - Iter(train) [  2500/160000]  lr: 1.8872e-04  eta: 18:09:22  time: 0.4117  data_time: 0.0076  memory: 5994  loss: 0.0643  decode.loss_ce: 0.0643  decode.acc_seg: 98.2277
2025/03/09 01:12:53 - mmengine - INFO - Iter(train) [  2550/160000]  lr: 1.8849e-04  eta: 18:08:40  time: 0.4046  data_time: 0.0071  memory: 5994  loss: 0.0409  decode.loss_ce: 0.0409  decode.acc_seg: 98.3194
2025/03/09 01:13:13 - mmengine - INFO - Iter(train) [  2600/160000]  lr: 1.8827e-04  eta: 18:08:00  time: 0.4070  data_time: 0.0072  memory: 5994  loss: 0.0298  decode.loss_ce: 0.0298  decode.acc_seg: 100.0000
2025/03/09 01:13:34 - mmengine - INFO - Iter(train) [  2650/160000]  lr: 1.8804e-04  eta: 18:07:25  time: 0.4053  data_time: 0.0074  memory: 5994  loss: 0.0545  decode.loss_ce: 0.0545  decode.acc_seg: 99.1942
2025/03/09 01:13:54 - mmengine - INFO - Iter(train) [  2700/160000]  lr: 1.8781e-04  eta: 18:06:45  time: 0.4069  data_time: 0.0075  memory: 5994  loss: 0.0329  decode.loss_ce: 0.0329  decode.acc_seg: 98.6847
2025/03/09 01:14:15 - mmengine - INFO - Iter(train) [  2750/160000]  lr: 1.8759e-04  eta: 18:05:59  time: 0.4060  data_time: 0.0074  memory: 5994  loss: 0.0475  decode.loss_ce: 0.0475  decode.acc_seg: 99.3843
2025/03/09 01:14:35 - mmengine - INFO - Iter(train) [  2800/160000]  lr: 1.8736e-04  eta: 18:05:27  time: 0.4082  data_time: 0.0072  memory: 5994  loss: 0.0625  decode.loss_ce: 0.0625  decode.acc_seg: 97.9751
2025/03/09 01:14:55 - mmengine - INFO - Iter(train) [  2850/160000]  lr: 1.8713e-04  eta: 18:04:44  time: 0.4074  data_time: 0.0075  memory: 5994  loss: 0.0673  decode.loss_ce: 0.0673  decode.acc_seg: 97.3819
2025/03/09 01:15:16 - mmengine - INFO - Iter(train) [  2900/160000]  lr: 1.8691e-04  eta: 18:04:19  time: 0.4123  data_time: 0.0074  memory: 5994  loss: 0.0545  decode.loss_ce: 0.0545  decode.acc_seg: 97.9010
2025/03/09 01:15:37 - mmengine - INFO - Iter(train) [  2950/160000]  lr: 1.8668e-04  eta: 18:03:47  time: 0.4113  data_time: 0.0074  memory: 5994  loss: 0.0654  decode.loss_ce: 0.0654  decode.acc_seg: 96.5563
2025/03/09 01:15:57 - mmengine - INFO - Exp name: fpn_poolformer_s36_8x4_512x512_40k_ade20k_20250309_005445
2025/03/09 01:15:57 - mmengine - INFO - Iter(train) [  3000/160000]  lr: 1.8645e-04  eta: 18:03:11  time: 0.4068  data_time: 0.0073  memory: 5994  loss: 0.0533  decode.loss_ce: 0.0533  decode.acc_seg: 98.5884
2025/03/09 01:16:17 - mmengine - INFO - Iter(train) [  3050/160000]  lr: 1.8623e-04  eta: 18:02:33  time: 0.4051  data_time: 0.0073  memory: 5994  loss: 0.0521  decode.loss_ce: 0.0521  decode.acc_seg: 99.8868
2025/03/09 01:16:38 - mmengine - INFO - Iter(train) [  3100/160000]  lr: 1.8600e-04  eta: 18:01:57  time: 0.4092  data_time: 0.0080  memory: 5994  loss: 0.0309  decode.loss_ce: 0.0309  decode.acc_seg: 98.2592
2025/03/09 01:16:58 - mmengine - INFO - Iter(train) [  3150/160000]  lr: 1.8577e-04  eta: 18:01:18  time: 0.4070  data_time: 0.0070  memory: 5994  loss: 0.0446  decode.loss_ce: 0.0446  decode.acc_seg: 99.4022
2025/03/09 01:17:18 - mmengine - INFO - Iter(train) [  3200/160000]  lr: 1.8554e-04  eta: 18:00:41  time: 0.4050  data_time: 0.0071  memory: 5994  loss: 0.0558  decode.loss_ce: 0.0558  decode.acc_seg: 98.6853
2025/03/09 01:17:39 - mmengine - INFO - Iter(train) [  3250/160000]  lr: 1.8532e-04  eta: 18:00:08  time: 0.4082  data_time: 0.0073  memory: 5994  loss: 0.0329  decode.loss_ce: 0.0329  decode.acc_seg: 95.8088
2025/03/09 01:17:59 - mmengine - INFO - Iter(train) [  3300/160000]  lr: 1.8509e-04  eta: 17:59:33  time: 0.4046  data_time: 0.0071  memory: 5994  loss: 0.0481  decode.loss_ce: 0.0481  decode.acc_seg: 99.3806
2025/03/09 01:18:20 - mmengine - INFO - Iter(train) [  3350/160000]  lr: 1.8486e-04  eta: 17:58:58  time: 0.4049  data_time: 0.0071  memory: 5994  loss: 0.0550  decode.loss_ce: 0.0550  decode.acc_seg: 97.6727
2025/03/09 01:18:40 - mmengine - INFO - Iter(train) [  3400/160000]  lr: 1.8464e-04  eta: 17:58:24  time: 0.4057  data_time: 0.0072  memory: 5994  loss: 0.0434  decode.loss_ce: 0.0434  decode.acc_seg: 98.8724
2025/03/09 01:18:40 - mmengine - INFO - Saving checkpoint at 3400 iterations
2025/03/09 01:19:19 - mmengine - INFO - Iter(train) [  3450/160000]  lr: 1.8441e-04  eta: 18:11:55  time: 0.4027  data_time: 0.0076  memory: 5994  loss: 0.0312  decode.loss_ce: 0.0312  decode.acc_seg: 99.5757
2025/03/09 01:19:39 - mmengine - INFO - Iter(train) [  3500/160000]  lr: 1.8418e-04  eta: 18:11:09  time: 0.4097  data_time: 0.0073  memory: 5994  loss: 0.0695  decode.loss_ce: 0.0695  decode.acc_seg: 98.6223
2025/03/09 01:20:07 - mmengine - INFO - Iter(val) [ 50/869]    eta: 0:07:41  time: 0.1618  data_time: 0.0024  memory: 9335  
2025/03/09 01:20:16 - mmengine - INFO - Iter(val) [100/869]    eta: 0:04:38  time: 0.1607  data_time: 0.0026  memory: 810  
2025/03/09 01:20:24 - mmengine - INFO - Iter(val) [150/869]    eta: 0:03:32  time: 0.1610  data_time: 0.0022  memory: 810  
2025/03/09 01:20:32 - mmengine - INFO - Iter(val) [200/869]    eta: 0:02:55  time: 0.1607  data_time: 0.0025  memory: 810  
2025/03/09 01:20:40 - mmengine - INFO - Iter(val) [250/869]    eta: 0:02:29  time: 0.1636  data_time: 0.0031  memory: 810  
2025/03/09 01:20:48 - mmengine - INFO - Iter(val) [300/869]    eta: 0:02:10  time: 0.1622  data_time: 0.0025  memory: 810  
2025/03/09 01:20:56 - mmengine - INFO - Iter(val) [350/869]    eta: 0:01:53  time: 0.1634  data_time: 0.0029  memory: 810  
2025/03/09 01:21:04 - mmengine - INFO - Iter(val) [400/869]    eta: 0:01:39  time: 0.1617  data_time: 0.0025  memory: 810  
2025/03/09 01:21:12 - mmengine - INFO - Iter(val) [450/869]    eta: 0:01:26  time: 0.1620  data_time: 0.0025  memory: 810  
2025/03/09 01:21:20 - mmengine - INFO - Iter(val) [500/869]    eta: 0:01:14  time: 0.1653  data_time: 0.0026  memory: 810  
2025/03/09 01:21:29 - mmengine - INFO - Iter(val) [550/869]    eta: 0:01:03  time: 0.1624  data_time: 0.0024  memory: 810  
2025/03/09 01:21:37 - mmengine - INFO - Iter(val) [600/869]    eta: 0:00:52  time: 0.1624  data_time: 0.0027  memory: 810  
2025/03/09 01:21:45 - mmengine - INFO - Iter(val) [650/869]    eta: 0:00:42  time: 0.1623  data_time: 0.0026  memory: 810  
2025/03/09 01:21:53 - mmengine - INFO - Iter(val) [700/869]    eta: 0:00:32  time: 0.1617  data_time: 0.0022  memory: 810  
2025/03/09 01:22:01 - mmengine - INFO - Iter(val) [750/869]    eta: 0:00:22  time: 0.1621  data_time: 0.0023  memory: 810  
2025/03/09 01:22:09 - mmengine - INFO - Iter(val) [800/869]    eta: 0:00:12  time: 0.1619  data_time: 0.0025  memory: 810  
2025/03/09 01:22:17 - mmengine - INFO - Iter(val) [850/869]    eta: 0:00:03  time: 0.1626  data_time: 0.0025  memory: 810  
2025/03/09 01:22:20 - mmengine - INFO - per class results:
2025/03/09 01:22:20 - mmengine - INFO - 
+------------+-------+-------+--------+-----------+--------+
|   Class    |  IoU  |  Acc  | Fscore | Precision | Recall |
+------------+-------+-------+--------+-----------+--------+
| background | 96.07 | 96.47 |  98.0  |   99.57   | 96.47  |
|    ghaf    | 49.36 |  90.3 | 66.09  |   52.12   |  90.3  |
+------------+-------+-------+--------+-----------+--------+
2025/03/09 01:22:20 - mmengine - INFO - Iter(val) [869/869]    aAcc: 96.2100  mIoU: 72.7100  mAcc: 93.3800  mFscore: 82.0400  mPrecision: 75.8500  mRecall: 93.3800  data_time: 0.0198  time: 0.1852
2025/03/09 01:22:22 - mmengine - INFO - Exp name: fpn_poolformer_s36_8x4_512x512_40k_ade20k_20250309_005445
2025/03/09 01:22:41 - mmengine - INFO - Iter(train) [  3550/160000]  lr: 1.8396e-04  eta: 18:10:31  time: 0.4091  data_time: 0.0071  memory: 5994  loss: 0.0433  decode.loss_ce: 0.0433  decode.acc_seg: 99.4656
2025/03/09 01:23:01 - mmengine - INFO - Iter(train) [  3600/160000]  lr: 1.8373e-04  eta: 18:09:50  time: 0.4144  data_time: 0.0073  memory: 5994  loss: 0.0568  decode.loss_ce: 0.0568  decode.acc_seg: 98.7639
2025/03/09 01:23:22 - mmengine - INFO - Iter(train) [  3650/160000]  lr: 1.8350e-04  eta: 18:09:11  time: 0.4075  data_time: 0.0070  memory: 5994  loss: 0.0435  decode.loss_ce: 0.0435  decode.acc_seg: 100.0000
2025/03/09 01:23:42 - mmengine - INFO - Iter(train) [  3700/160000]  lr: 1.8327e-04  eta: 18:08:28  time: 0.4078  data_time: 0.0071  memory: 5994  loss: 0.0317  decode.loss_ce: 0.0317  decode.acc_seg: 99.3126
2025/03/09 01:24:03 - mmengine - INFO - Iter(train) [  3750/160000]  lr: 1.8305e-04  eta: 18:07:55  time: 0.4090  data_time: 0.0072  memory: 5994  loss: 0.0348  decode.loss_ce: 0.0348  decode.acc_seg: 97.9049
2025/03/09 01:24:23 - mmengine - INFO - Iter(train) [  3800/160000]  lr: 1.8282e-04  eta: 18:07:16  time: 0.4087  data_time: 0.0071  memory: 5994  loss: 0.0288  decode.loss_ce: 0.0288  decode.acc_seg: 98.2002
2025/03/09 01:24:44 - mmengine - INFO - Iter(train) [  3850/160000]  lr: 1.8259e-04  eta: 18:06:37  time: 0.4066  data_time: 0.0069  memory: 5994  loss: 0.0385  decode.loss_ce: 0.0385  decode.acc_seg: 98.4526
2025/03/09 01:25:04 - mmengine - INFO - Iter(train) [  3900/160000]  lr: 1.8237e-04  eta: 18:06:06  time: 0.4100  data_time: 0.0074  memory: 5994  loss: 0.0438  decode.loss_ce: 0.0438  decode.acc_seg: 98.9928
2025/03/09 01:25:25 - mmengine - INFO - Iter(train) [  3950/160000]  lr: 1.8214e-04  eta: 18:05:30  time: 0.4094  data_time: 0.0072  memory: 5994  loss: 0.0261  decode.loss_ce: 0.0261  decode.acc_seg: 98.5640
2025/03/09 01:25:45 - mmengine - INFO - Exp name: fpn_poolformer_s36_8x4_512x512_40k_ade20k_20250309_005445
2025/03/09 01:25:45 - mmengine - INFO - Iter(train) [  4000/160000]  lr: 1.8191e-04  eta: 18:04:56  time: 0.4101  data_time: 0.0074  memory: 5994  loss: 0.0334  decode.loss_ce: 0.0334  decode.acc_seg: 98.0295
2025/03/09 01:26:06 - mmengine - INFO - Iter(train) [  4050/160000]  lr: 1.8168e-04  eta: 18:04:23  time: 0.4108  data_time: 0.0072  memory: 5994  loss: 0.0256  decode.loss_ce: 0.0256  decode.acc_seg: 100.0000
2025/03/09 01:26:26 - mmengine - INFO - Iter(train) [  4100/160000]  lr: 1.8146e-04  eta: 18:03:47  time: 0.4107  data_time: 0.0070  memory: 5994  loss: 0.0359  decode.loss_ce: 0.0359  decode.acc_seg: 99.1946
2025/03/09 01:26:47 - mmengine - INFO - Iter(train) [  4150/160000]  lr: 1.8123e-04  eta: 18:03:10  time: 0.4053  data_time: 0.0073  memory: 5994  loss: 0.0342  decode.loss_ce: 0.0342  decode.acc_seg: 98.9230
2025/03/09 01:27:07 - mmengine - INFO - Iter(train) [  4200/160000]  lr: 1.8100e-04  eta: 18:02:41  time: 0.4230  data_time: 0.0080  memory: 5994  loss: 0.0489  decode.loss_ce: 0.0489  decode.acc_seg: 99.2334
2025/03/09 01:27:28 - mmengine - INFO - Iter(train) [  4250/160000]  lr: 1.8077e-04  eta: 18:02:12  time: 0.4141  data_time: 0.0074  memory: 5994  loss: 0.0528  decode.loss_ce: 0.0528  decode.acc_seg: 97.7791
2025/03/09 01:27:49 - mmengine - INFO - Iter(train) [  4300/160000]  lr: 1.8055e-04  eta: 18:01:41  time: 0.4068  data_time: 0.0073  memory: 5994  loss: 0.0554  decode.loss_ce: 0.0554  decode.acc_seg: 97.6654
2025/03/09 01:28:09 - mmengine - INFO - Iter(train) [  4350/160000]  lr: 1.8032e-04  eta: 18:01:12  time: 0.4151  data_time: 0.0076  memory: 5994  loss: 0.0540  decode.loss_ce: 0.0540  decode.acc_seg: 97.5177
2025/03/09 01:28:30 - mmengine - INFO - Iter(train) [  4400/160000]  lr: 1.8009e-04  eta: 18:00:39  time: 0.4063  data_time: 0.0071  memory: 5994  loss: 0.0380  decode.loss_ce: 0.0380  decode.acc_seg: 99.8714
2025/03/09 01:28:50 - mmengine - INFO - Iter(train) [  4450/160000]  lr: 1.7986e-04  eta: 18:00:12  time: 0.4107  data_time: 0.0076  memory: 5994  loss: 0.0521  decode.loss_ce: 0.0521  decode.acc_seg: 96.2634
2025/03/09 01:29:11 - mmengine - INFO - Iter(train) [  4500/160000]  lr: 1.7964e-04  eta: 17:59:40  time: 0.4105  data_time: 0.0074  memory: 5994  loss: 0.0440  decode.loss_ce: 0.0440  decode.acc_seg: 98.7103
2025/03/09 01:29:31 - mmengine - INFO - Iter(train) [  4550/160000]  lr: 1.7941e-04  eta: 17:59:09  time: 0.4130  data_time: 0.0071  memory: 5994  loss: 0.0280  decode.loss_ce: 0.0280  decode.acc_seg: 98.6182
2025/03/09 01:29:52 - mmengine - INFO - Iter(train) [  4600/160000]  lr: 1.7918e-04  eta: 17:58:39  time: 0.4110  data_time: 0.0075  memory: 5994  loss: 0.0407  decode.loss_ce: 0.0407  decode.acc_seg: 99.3535
2025/03/09 01:30:13 - mmengine - INFO - Iter(train) [  4650/160000]  lr: 1.7895e-04  eta: 17:58:16  time: 0.4182  data_time: 0.0075  memory: 5994  loss: 0.0318  decode.loss_ce: 0.0318  decode.acc_seg: 97.8331
2025/03/09 01:30:33 - mmengine - INFO - Iter(train) [  4700/160000]  lr: 1.7872e-04  eta: 17:57:47  time: 0.4108  data_time: 0.0070  memory: 5994  loss: 0.0656  decode.loss_ce: 0.0656  decode.acc_seg: 97.7884
2025/03/09 01:30:54 - mmengine - INFO - Iter(train) [  4750/160000]  lr: 1.7850e-04  eta: 17:57:19  time: 0.4100  data_time: 0.0072  memory: 5994  loss: 0.0649  decode.loss_ce: 0.0649  decode.acc_seg: 94.4179
2025/03/09 01:31:14 - mmengine - INFO - Iter(train) [  4800/160000]  lr: 1.7827e-04  eta: 17:56:51  time: 0.4101  data_time: 0.0071  memory: 5994  loss: 0.0595  decode.loss_ce: 0.0595  decode.acc_seg: 97.4892
2025/03/09 01:31:35 - mmengine - INFO - Iter(train) [  4850/160000]  lr: 1.7804e-04  eta: 17:56:23  time: 0.4121  data_time: 0.0075  memory: 5994  loss: 0.0644  decode.loss_ce: 0.0644  decode.acc_seg: 100.0000
2025/03/09 01:31:55 - mmengine - INFO - Iter(train) [  4900/160000]  lr: 1.7781e-04  eta: 17:55:49  time: 0.4097  data_time: 0.0074  memory: 5994  loss: 0.0379  decode.loss_ce: 0.0379  decode.acc_seg: 98.3604
2025/03/09 01:32:16 - mmengine - INFO - Iter(train) [  4950/160000]  lr: 1.7758e-04  eta: 17:55:21  time: 0.4108  data_time: 0.0075  memory: 5994  loss: 0.0443  decode.loss_ce: 0.0443  decode.acc_seg: 94.4550
2025/03/09 01:32:37 - mmengine - INFO - Exp name: fpn_poolformer_s36_8x4_512x512_40k_ade20k_20250309_005445
2025/03/09 01:32:37 - mmengine - INFO - Iter(train) [  5000/160000]  lr: 1.7736e-04  eta: 17:54:55  time: 0.4120  data_time: 0.0075  memory: 5994  loss: 0.0406  decode.loss_ce: 0.0406  decode.acc_seg: 98.8341
2025/03/09 01:32:57 - mmengine - INFO - Iter(train) [  5050/160000]  lr: 1.7713e-04  eta: 17:54:26  time: 0.4120  data_time: 0.0074  memory: 5994  loss: 0.0845  decode.loss_ce: 0.0845  decode.acc_seg: 99.0064
2025/03/09 01:33:18 - mmengine - INFO - Iter(train) [  5100/160000]  lr: 1.7690e-04  eta: 17:53:59  time: 0.4100  data_time: 0.0077  memory: 5994  loss: 0.0629  decode.loss_ce: 0.0629  decode.acc_seg: 98.8835
2025/03/09 01:33:38 - mmengine - INFO - Iter(train) [  5150/160000]  lr: 1.7667e-04  eta: 17:53:31  time: 0.4080  data_time: 0.0073  memory: 5994  loss: 0.0534  decode.loss_ce: 0.0534  decode.acc_seg: 98.8917
2025/03/09 01:33:59 - mmengine - INFO - Iter(train) [  5200/160000]  lr: 1.7644e-04  eta: 17:53:07  time: 0.4140  data_time: 0.0073  memory: 5994  loss: 0.0381  decode.loss_ce: 0.0381  decode.acc_seg: 97.0186
2025/03/09 01:34:20 - mmengine - INFO - Iter(train) [  5250/160000]  lr: 1.7622e-04  eta: 17:52:40  time: 0.4126  data_time: 0.0078  memory: 5994  loss: 0.0232  decode.loss_ce: 0.0232  decode.acc_seg: 98.8294
2025/03/09 01:34:40 - mmengine - INFO - Iter(train) [  5300/160000]  lr: 1.7599e-04  eta: 17:52:11  time: 0.3994  data_time: 0.0070  memory: 5994  loss: 0.0451  decode.loss_ce: 0.0451  decode.acc_seg: 98.4999
2025/03/09 01:35:01 - mmengine - INFO - Iter(train) [  5350/160000]  lr: 1.7576e-04  eta: 17:51:38  time: 0.4095  data_time: 0.0071  memory: 5994  loss: 0.0415  decode.loss_ce: 0.0415  decode.acc_seg: 99.1444
2025/03/09 01:35:21 - mmengine - INFO - Iter(train) [  5400/160000]  lr: 1.7553e-04  eta: 17:51:12  time: 0.4142  data_time: 0.0072  memory: 5994  loss: 0.0398  decode.loss_ce: 0.0398  decode.acc_seg: 96.2725
2025/03/09 01:35:42 - mmengine - INFO - Iter(train) [  5450/160000]  lr: 1.7530e-04  eta: 17:50:42  time: 0.4057  data_time: 0.0071  memory: 5994  loss: 0.0302  decode.loss_ce: 0.0302  decode.acc_seg: 99.9427
2025/03/09 01:36:02 - mmengine - INFO - Iter(train) [  5500/160000]  lr: 1.7507e-04  eta: 17:50:12  time: 0.4181  data_time: 0.0072  memory: 5994  loss: 0.0229  decode.loss_ce: 0.0229  decode.acc_seg: 99.7363
2025/03/09 01:36:23 - mmengine - INFO - Iter(train) [  5550/160000]  lr: 1.7485e-04  eta: 17:49:42  time: 0.4194  data_time: 0.0071  memory: 5994  loss: 0.0405  decode.loss_ce: 0.0405  decode.acc_seg: 91.7697
2025/03/09 01:36:43 - mmengine - INFO - Iter(train) [  5600/160000]  lr: 1.7462e-04  eta: 17:49:18  time: 0.4186  data_time: 0.0069  memory: 5994  loss: 0.0204  decode.loss_ce: 0.0204  decode.acc_seg: 99.5376
2025/03/09 01:37:04 - mmengine - INFO - Iter(train) [  5650/160000]  lr: 1.7439e-04  eta: 17:48:48  time: 0.4111  data_time: 0.0070  memory: 5994  loss: 0.0524  decode.loss_ce: 0.0524  decode.acc_seg: 98.5726
2025/03/09 01:37:24 - mmengine - INFO - Iter(train) [  5700/160000]  lr: 1.7416e-04  eta: 17:48:17  time: 0.4057  data_time: 0.0071  memory: 5994  loss: 0.0371  decode.loss_ce: 0.0371  decode.acc_seg: 97.3964
2025/03/09 01:37:44 - mmengine - INFO - Iter(train) [  5750/160000]  lr: 1.7393e-04  eta: 17:47:48  time: 0.4101  data_time: 0.0072  memory: 5994  loss: 0.0516  decode.loss_ce: 0.0516  decode.acc_seg: 98.5928
2025/03/09 01:38:05 - mmengine - INFO - Iter(train) [  5800/160000]  lr: 1.7370e-04  eta: 17:47:25  time: 0.4061  data_time: 0.0072  memory: 5994  loss: 0.0444  decode.loss_ce: 0.0444  decode.acc_seg: 99.5291
2025/03/09 01:38:26 - mmengine - INFO - Iter(train) [  5850/160000]  lr: 1.7348e-04  eta: 17:46:53  time: 0.4026  data_time: 0.0071  memory: 5994  loss: 0.0328  decode.loss_ce: 0.0328  decode.acc_seg: 98.0818
2025/03/09 01:38:46 - mmengine - INFO - Iter(train) [  5900/160000]  lr: 1.7325e-04  eta: 17:46:27  time: 0.4086  data_time: 0.0073  memory: 5994  loss: 0.0282  decode.loss_ce: 0.0282  decode.acc_seg: 99.1785
2025/03/09 01:39:06 - mmengine - INFO - Iter(train) [  5950/160000]  lr: 1.7302e-04  eta: 17:45:54  time: 0.4020  data_time: 0.0070  memory: 5994  loss: 0.0227  decode.loss_ce: 0.0227  decode.acc_seg: 99.7770
2025/03/09 01:39:27 - mmengine - INFO - Exp name: fpn_poolformer_s36_8x4_512x512_40k_ade20k_20250309_005445
2025/03/09 01:39:27 - mmengine - INFO - Iter(train) [  6000/160000]  lr: 1.7279e-04  eta: 17:45:27  time: 0.4071  data_time: 0.0071  memory: 5994  loss: 0.0389  decode.loss_ce: 0.0389  decode.acc_seg: 97.6980
2025/03/09 01:39:47 - mmengine - INFO - Iter(train) [  6050/160000]  lr: 1.7256e-04  eta: 17:45:03  time: 0.4172  data_time: 0.0073  memory: 5994  loss: 0.0248  decode.loss_ce: 0.0248  decode.acc_seg: 97.9221
2025/03/09 01:40:08 - mmengine - INFO - Iter(train) [  6100/160000]  lr: 1.7233e-04  eta: 17:44:38  time: 0.4136  data_time: 0.0076  memory: 5994  loss: 0.0579  decode.loss_ce: 0.0579  decode.acc_seg: 98.8898
2025/03/09 01:40:29 - mmengine - INFO - Iter(train) [  6150/160000]  lr: 1.7210e-04  eta: 17:44:09  time: 0.4230  data_time: 0.0078  memory: 5994  loss: 0.0368  decode.loss_ce: 0.0368  decode.acc_seg: 99.1542
2025/03/09 01:40:49 - mmengine - INFO - Iter(train) [  6200/160000]  lr: 1.7187e-04  eta: 17:43:40  time: 0.4060  data_time: 0.0073  memory: 5994  loss: 0.0455  decode.loss_ce: 0.0455  decode.acc_seg: 99.0807
2025/03/09 01:41:10 - mmengine - INFO - Iter(train) [  6250/160000]  lr: 1.7165e-04  eta: 17:43:16  time: 0.4030  data_time: 0.0071  memory: 5994  loss: 0.0246  decode.loss_ce: 0.0246  decode.acc_seg: 98.0782
2025/03/09 01:41:30 - mmengine - INFO - Iter(train) [  6300/160000]  lr: 1.7142e-04  eta: 17:42:50  time: 0.4199  data_time: 0.0073  memory: 5994  loss: 0.0591  decode.loss_ce: 0.0591  decode.acc_seg: 97.5462
2025/03/09 01:41:51 - mmengine - INFO - Iter(train) [  6350/160000]  lr: 1.7119e-04  eta: 17:42:22  time: 0.4111  data_time: 0.0072  memory: 5994  loss: 0.0353  decode.loss_ce: 0.0353  decode.acc_seg: 99.2767
2025/03/09 01:42:11 - mmengine - INFO - Iter(train) [  6400/160000]  lr: 1.7096e-04  eta: 17:41:51  time: 0.4183  data_time: 0.0073  memory: 5994  loss: 0.0361  decode.loss_ce: 0.0361  decode.acc_seg: 99.3458
2025/03/09 01:42:32 - mmengine - INFO - Iter(train) [  6450/160000]  lr: 1.7073e-04  eta: 17:41:30  time: 0.4082  data_time: 0.0073  memory: 5994  loss: 0.0332  decode.loss_ce: 0.0332  decode.acc_seg: 99.5737
2025/03/09 01:42:52 - mmengine - INFO - Iter(train) [  6500/160000]  lr: 1.7050e-04  eta: 17:41:01  time: 0.4190  data_time: 0.0069  memory: 5994  loss: 0.0317  decode.loss_ce: 0.0317  decode.acc_seg: 99.4188
2025/03/09 01:43:13 - mmengine - INFO - Iter(train) [  6550/160000]  lr: 1.7027e-04  eta: 17:40:36  time: 0.4183  data_time: 0.0073  memory: 5994  loss: 0.0320  decode.loss_ce: 0.0320  decode.acc_seg: 98.9229
2025/03/09 01:43:33 - mmengine - INFO - Iter(train) [  6600/160000]  lr: 1.7004e-04  eta: 17:40:07  time: 0.4043  data_time: 0.0070  memory: 5994  loss: 0.0268  decode.loss_ce: 0.0268  decode.acc_seg: 99.4135
2025/03/09 01:43:53 - mmengine - INFO - Iter(train) [  6650/160000]  lr: 1.6981e-04  eta: 17:39:38  time: 0.4076  data_time: 0.0071  memory: 5994  loss: 0.0358  decode.loss_ce: 0.0358  decode.acc_seg: 99.2428
2025/03/09 01:44:14 - mmengine - INFO - Iter(train) [  6700/160000]  lr: 1.6958e-04  eta: 17:39:12  time: 0.4128  data_time: 0.0073  memory: 5994  loss: 0.0324  decode.loss_ce: 0.0324  decode.acc_seg: 99.6594
2025/03/09 01:44:34 - mmengine - INFO - Iter(train) [  6750/160000]  lr: 1.6936e-04  eta: 17:38:51  time: 0.4136  data_time: 0.0072  memory: 5994  loss: 0.0471  decode.loss_ce: 0.0471  decode.acc_seg: 98.0908
2025/03/09 01:44:55 - mmengine - INFO - Iter(train) [  6800/160000]  lr: 1.6913e-04  eta: 17:38:27  time: 0.4044  data_time: 0.0073  memory: 5994  loss: 0.0372  decode.loss_ce: 0.0372  decode.acc_seg: 98.3325
2025/03/09 01:44:55 - mmengine - INFO - Saving checkpoint at 6800 iterations
2025/03/09 01:45:21 - mmengine - INFO - Iter(train) [  6850/160000]  lr: 1.6890e-04  eta: 17:39:52  time: 0.4047  data_time: 0.0070  memory: 5994  loss: 0.0341  decode.loss_ce: 0.0341  decode.acc_seg: 97.5285
2025/03/09 01:45:41 - mmengine - INFO - Iter(train) [  6900/160000]  lr: 1.6867e-04  eta: 17:39:24  time: 0.4005  data_time: 0.0071  memory: 5994  loss: 0.0376  decode.loss_ce: 0.0376  decode.acc_seg: 98.6307
2025/03/09 01:46:01 - mmengine - INFO - Iter(train) [  6950/160000]  lr: 1.6844e-04  eta: 17:38:56  time: 0.4091  data_time: 0.0073  memory: 5994  loss: 0.0556  decode.loss_ce: 0.0556  decode.acc_seg: 99.5022
2025/03/09 01:46:22 - mmengine - INFO - Exp name: fpn_poolformer_s36_8x4_512x512_40k_ade20k_20250309_005445
2025/03/09 01:46:22 - mmengine - INFO - Iter(train) [  7000/160000]  lr: 1.6821e-04  eta: 17:38:33  time: 0.4159  data_time: 0.0071  memory: 5994  loss: 0.0361  decode.loss_ce: 0.0361  decode.acc_seg: 99.2845
2025/03/09 01:46:30 - mmengine - INFO - Iter(val) [ 50/869]    eta: 0:02:13  time: 0.1613  data_time: 0.0023  memory: 810  
2025/03/09 01:46:38 - mmengine - INFO - Iter(val) [100/869]    eta: 0:02:04  time: 0.1618  data_time: 0.0025  memory: 810  
2025/03/09 01:46:46 - mmengine - INFO - Iter(val) [150/869]    eta: 0:01:56  time: 0.1618  data_time: 0.0024  memory: 810  
2025/03/09 01:46:54 - mmengine - INFO - Iter(val) [200/869]    eta: 0:01:48  time: 0.1615  data_time: 0.0023  memory: 810  
2025/03/09 01:47:03 - mmengine - INFO - Iter(val) [250/869]    eta: 0:01:40  time: 0.1613  data_time: 0.0022  memory: 810  
2025/03/09 01:47:11 - mmengine - INFO - Iter(val) [300/869]    eta: 0:01:32  time: 0.1613  data_time: 0.0020  memory: 810  
2025/03/09 01:47:19 - mmengine - INFO - Iter(val) [350/869]    eta: 0:01:23  time: 0.1621  data_time: 0.0025  memory: 810  
2025/03/09 01:47:27 - mmengine - INFO - Iter(val) [400/869]    eta: 0:01:15  time: 0.1617  data_time: 0.0022  memory: 810  
2025/03/09 01:47:35 - mmengine - INFO - Iter(val) [450/869]    eta: 0:01:07  time: 0.1616  data_time: 0.0024  memory: 810  
2025/03/09 01:47:43 - mmengine - INFO - Iter(val) [500/869]    eta: 0:00:59  time: 0.1621  data_time: 0.0025  memory: 810  
2025/03/09 01:47:51 - mmengine - INFO - Iter(val) [550/869]    eta: 0:00:51  time: 0.1618  data_time: 0.0025  memory: 810  
2025/03/09 01:47:59 - mmengine - INFO - Iter(val) [600/869]    eta: 0:00:43  time: 0.1624  data_time: 0.0026  memory: 810  
2025/03/09 01:48:07 - mmengine - INFO - Iter(val) [650/869]    eta: 0:00:35  time: 0.1618  data_time: 0.0022  memory: 810  
2025/03/09 01:48:15 - mmengine - INFO - Iter(val) [700/869]    eta: 0:00:27  time: 0.1612  data_time: 0.0021  memory: 810  
2025/03/09 01:48:23 - mmengine - INFO - Iter(val) [750/869]    eta: 0:00:19  time: 0.1620  data_time: 0.0025  memory: 810  
2025/03/09 01:48:32 - mmengine - INFO - Iter(val) [800/869]    eta: 0:00:11  time: 0.1623  data_time: 0.0022  memory: 810  
2025/03/09 01:48:40 - mmengine - INFO - Iter(val) [850/869]    eta: 0:00:03  time: 0.1617  data_time: 0.0024  memory: 810  
2025/03/09 01:48:43 - mmengine - INFO - per class results:
2025/03/09 01:48:43 - mmengine - INFO - 
+------------+-------+-------+--------+-----------+--------+
|   Class    |  IoU  |  Acc  | Fscore | Precision | Recall |
+------------+-------+-------+--------+-----------+--------+
| background | 97.14 | 97.75 | 98.55  |   99.36   | 97.75  |
|    ghaf    | 55.75 | 85.14 | 71.59  |   61.76   | 85.14  |
+------------+-------+-------+--------+-----------+--------+
2025/03/09 01:48:43 - mmengine - INFO - Iter(val) [869/869]    aAcc: 97.2400  mIoU: 76.4500  mAcc: 91.4500  mFscore: 85.0700  mPrecision: 80.5600  mRecall: 91.4500  data_time: 0.0025  time: 0.1618
2025/03/09 01:49:03 - mmengine - INFO - Iter(train) [  7050/160000]  lr: 1.6798e-04  eta: 17:38:01  time: 0.4042  data_time: 0.0072  memory: 5994  loss: 0.0268  decode.loss_ce: 0.0268  decode.acc_seg: 98.8877
2025/03/09 01:49:23 - mmengine - INFO - Iter(train) [  7100/160000]  lr: 1.6775e-04  eta: 17:37:31  time: 0.4007  data_time: 0.0072  memory: 5994  loss: 0.0372  decode.loss_ce: 0.0372  decode.acc_seg: 99.0943
2025/03/09 01:49:44 - mmengine - INFO - Iter(train) [  7150/160000]  lr: 1.6752e-04  eta: 17:37:02  time: 0.4056  data_time: 0.0072  memory: 5994  loss: 0.0460  decode.loss_ce: 0.0460  decode.acc_seg: 99.2835
2025/03/09 01:50:04 - mmengine - INFO - Iter(train) [  7200/160000]  lr: 1.6729e-04  eta: 17:36:37  time: 0.4042  data_time: 0.0070  memory: 5994  loss: 0.0384  decode.loss_ce: 0.0384  decode.acc_seg: 99.4141
2025/03/09 01:50:25 - mmengine - INFO - Iter(train) [  7250/160000]  lr: 1.6706e-04  eta: 17:36:12  time: 0.4096  data_time: 0.0069  memory: 5994  loss: 0.0448  decode.loss_ce: 0.0448  decode.acc_seg: 99.8638
2025/03/09 01:50:45 - mmengine - INFO - Iter(train) [  7300/160000]  lr: 1.6683e-04  eta: 17:35:43  time: 0.4122  data_time: 0.0070  memory: 5994  loss: 0.0404  decode.loss_ce: 0.0404  decode.acc_seg: 99.8160
2025/03/09 01:51:06 - mmengine - INFO - Iter(train) [  7350/160000]  lr: 1.6660e-04  eta: 17:35:24  time: 0.4176  data_time: 0.0069  memory: 5994  loss: 0.0291  decode.loss_ce: 0.0291  decode.acc_seg: 98.8381
2025/03/09 01:51:26 - mmengine - INFO - Iter(train) [  7400/160000]  lr: 1.6637e-04  eta: 17:34:50  time: 0.4025  data_time: 0.0071  memory: 5994  loss: 0.0301  decode.loss_ce: 0.0301  decode.acc_seg: 99.5519
2025/03/09 01:51:47 - mmengine - INFO - Iter(train) [  7450/160000]  lr: 1.6614e-04  eta: 17:34:25  time: 0.4151  data_time: 0.0071  memory: 5994  loss: 0.0707  decode.loss_ce: 0.0707  decode.acc_seg: 98.2473
2025/03/09 01:52:07 - mmengine - INFO - Iter(train) [  7500/160000]  lr: 1.6591e-04  eta: 17:34:00  time: 0.4115  data_time: 0.0070  memory: 5994  loss: 0.0252  decode.loss_ce: 0.0252  decode.acc_seg: 99.6660
2025/03/09 01:52:27 - mmengine - INFO - Iter(train) [  7550/160000]  lr: 1.6568e-04  eta: 17:33:28  time: 0.4070  data_time: 0.0072  memory: 5994  loss: 0.0434  decode.loss_ce: 0.0434  decode.acc_seg: 97.0921
2025/03/09 01:52:48 - mmengine - INFO - Iter(train) [  7600/160000]  lr: 1.6545e-04  eta: 17:33:03  time: 0.4088  data_time: 0.0070  memory: 5994  loss: 0.0198  decode.loss_ce: 0.0198  decode.acc_seg: 98.9113
2025/03/09 01:53:08 - mmengine - INFO - Iter(train) [  7650/160000]  lr: 1.6522e-04  eta: 17:32:41  time: 0.4129  data_time: 0.0071  memory: 5994  loss: 0.0422  decode.loss_ce: 0.0422  decode.acc_seg: 100.0000
2025/03/09 01:53:29 - mmengine - INFO - Iter(train) [  7700/160000]  lr: 1.6499e-04  eta: 17:32:15  time: 0.4087  data_time: 0.0072  memory: 5994  loss: 0.0457  decode.loss_ce: 0.0457  decode.acc_seg: 96.9191
2025/03/09 01:53:50 - mmengine - INFO - Iter(train) [  7750/160000]  lr: 1.6476e-04  eta: 17:31:54  time: 0.4226  data_time: 0.0072  memory: 5994  loss: 0.0333  decode.loss_ce: 0.0333  decode.acc_seg: 99.5762
2025/03/09 01:54:10 - mmengine - INFO - Iter(train) [  7800/160000]  lr: 1.6453e-04  eta: 17:31:26  time: 0.4092  data_time: 0.0073  memory: 5994  loss: 0.0375  decode.loss_ce: 0.0375  decode.acc_seg: 98.9996
2025/03/09 01:54:30 - mmengine - INFO - Iter(train) [  7850/160000]  lr: 1.6430e-04  eta: 17:30:57  time: 0.4075  data_time: 0.0076  memory: 5994  loss: 0.0407  decode.loss_ce: 0.0407  decode.acc_seg: 94.1252
2025/03/09 01:54:51 - mmengine - INFO - Iter(train) [  7900/160000]  lr: 1.6407e-04  eta: 17:30:29  time: 0.4069  data_time: 0.0072  memory: 5994  loss: 0.0254  decode.loss_ce: 0.0254  decode.acc_seg: 98.1331
2025/03/09 01:55:11 - mmengine - INFO - Iter(train) [  7950/160000]  lr: 1.6384e-04  eta: 17:30:07  time: 0.4053  data_time: 0.0073  memory: 5994  loss: 0.0285  decode.loss_ce: 0.0285  decode.acc_seg: 96.6866
2025/03/09 01:55:32 - mmengine - INFO - Exp name: fpn_poolformer_s36_8x4_512x512_40k_ade20k_20250309_005445
2025/03/09 01:55:32 - mmengine - INFO - Iter(train) [  8000/160000]  lr: 1.6361e-04  eta: 17:29:42  time: 0.4115  data_time: 0.0070  memory: 5994  loss: 0.0284  decode.loss_ce: 0.0284  decode.acc_seg: 98.5853
2025/03/09 01:55:52 - mmengine - INFO - Iter(train) [  8050/160000]  lr: 1.6338e-04  eta: 17:29:17  time: 0.4144  data_time: 0.0072  memory: 5994  loss: 0.0173  decode.loss_ce: 0.0173  decode.acc_seg: 99.4860
2025/03/09 01:56:13 - mmengine - INFO - Iter(train) [  8100/160000]  lr: 1.6315e-04  eta: 17:28:57  time: 0.4142  data_time: 0.0070  memory: 5994  loss: 0.0393  decode.loss_ce: 0.0393  decode.acc_seg: 99.3614
2025/03/09 01:56:34 - mmengine - INFO - Iter(train) [  8150/160000]  lr: 1.6292e-04  eta: 17:28:33  time: 0.4155  data_time: 0.0070  memory: 5994  loss: 0.0459  decode.loss_ce: 0.0459  decode.acc_seg: 100.0000
2025/03/09 01:56:54 - mmengine - INFO - Iter(train) [  8200/160000]  lr: 1.6269e-04  eta: 17:28:07  time: 0.4042  data_time: 0.0070  memory: 5994  loss: 0.0485  decode.loss_ce: 0.0485  decode.acc_seg: 98.9485
2025/03/09 01:57:15 - mmengine - INFO - Iter(train) [  8250/160000]  lr: 1.6246e-04  eta: 17:27:42  time: 0.4100  data_time: 0.0070  memory: 5994  loss: 0.0485  decode.loss_ce: 0.0485  decode.acc_seg: 98.3126
2025/03/09 01:57:35 - mmengine - INFO - Iter(train) [  8300/160000]  lr: 1.6223e-04  eta: 17:27:22  time: 0.4170  data_time: 0.0071  memory: 5994  loss: 0.0587  decode.loss_ce: 0.0587  decode.acc_seg: 98.6227
2025/03/09 01:57:56 - mmengine - INFO - Iter(train) [  8350/160000]  lr: 1.6200e-04  eta: 17:26:55  time: 0.4005  data_time: 0.0070  memory: 5994  loss: 0.0662  decode.loss_ce: 0.0662  decode.acc_seg: 99.0624
2025/03/09 01:58:16 - mmengine - INFO - Iter(train) [  8400/160000]  lr: 1.6177e-04  eta: 17:26:31  time: 0.4087  data_time: 0.0072  memory: 5994  loss: 0.0469  decode.loss_ce: 0.0469  decode.acc_seg: 94.7376
2025/03/09 01:58:37 - mmengine - INFO - Iter(train) [  8450/160000]  lr: 1.6154e-04  eta: 17:26:07  time: 0.4236  data_time: 0.0071  memory: 5994  loss: 0.0299  decode.loss_ce: 0.0299  decode.acc_seg: 98.6006
2025/03/09 01:58:57 - mmengine - INFO - Iter(train) [  8500/160000]  lr: 1.6131e-04  eta: 17:25:39  time: 0.4037  data_time: 0.0070  memory: 5994  loss: 0.0257  decode.loss_ce: 0.0257  decode.acc_seg: 97.8335
2025/03/09 01:59:17 - mmengine - INFO - Iter(train) [  8550/160000]  lr: 1.6108e-04  eta: 17:25:14  time: 0.4036  data_time: 0.0070  memory: 5994  loss: 0.0345  decode.loss_ce: 0.0345  decode.acc_seg: 96.4847
2025/03/09 01:59:38 - mmengine - INFO - Iter(train) [  8600/160000]  lr: 1.6085e-04  eta: 17:24:48  time: 0.4101  data_time: 0.0079  memory: 5994  loss: 0.0158  decode.loss_ce: 0.0158  decode.acc_seg: 99.7211
2025/03/09 01:59:58 - mmengine - INFO - Iter(train) [  8650/160000]  lr: 1.6062e-04  eta: 17:24:26  time: 0.4084  data_time: 0.0069  memory: 5994  loss: 0.0215  decode.loss_ce: 0.0215  decode.acc_seg: 97.6197
2025/03/09 02:00:19 - mmengine - INFO - Iter(train) [  8700/160000]  lr: 1.6039e-04  eta: 17:24:01  time: 0.4143  data_time: 0.0074  memory: 5994  loss: 0.0160  decode.loss_ce: 0.0160  decode.acc_seg: 99.1869
2025/03/09 02:00:39 - mmengine - INFO - Iter(train) [  8750/160000]  lr: 1.6016e-04  eta: 17:23:33  time: 0.4032  data_time: 0.0071  memory: 5994  loss: 0.0369  decode.loss_ce: 0.0369  decode.acc_seg: 99.4076
2025/03/09 02:01:00 - mmengine - INFO - Iter(train) [  8800/160000]  lr: 1.5993e-04  eta: 17:23:08  time: 0.4129  data_time: 0.0070  memory: 5994  loss: 0.0352  decode.loss_ce: 0.0352  decode.acc_seg: 95.1348
2025/03/09 02:01:20 - mmengine - INFO - Iter(train) [  8850/160000]  lr: 1.5970e-04  eta: 17:22:42  time: 0.4194  data_time: 0.0073  memory: 5994  loss: 0.0266  decode.loss_ce: 0.0266  decode.acc_seg: 98.8753
2025/03/09 02:01:40 - mmengine - INFO - Iter(train) [  8900/160000]  lr: 1.5947e-04  eta: 17:22:16  time: 0.4161  data_time: 0.0070  memory: 5994  loss: 0.0176  decode.loss_ce: 0.0176  decode.acc_seg: 99.8282
2025/03/09 02:02:01 - mmengine - INFO - Iter(train) [  8950/160000]  lr: 1.5924e-04  eta: 17:21:52  time: 0.4140  data_time: 0.0073  memory: 5994  loss: 0.0327  decode.loss_ce: 0.0327  decode.acc_seg: 99.1410
2025/03/09 02:02:21 - mmengine - INFO - Exp name: fpn_poolformer_s36_8x4_512x512_40k_ade20k_20250309_005445
2025/03/09 02:02:21 - mmengine - INFO - Iter(train) [  9000/160000]  lr: 1.5901e-04  eta: 17:21:25  time: 0.4043  data_time: 0.0073  memory: 5994  loss: 0.0190  decode.loss_ce: 0.0190  decode.acc_seg: 99.6165
2025/03/09 02:02:42 - mmengine - INFO - Iter(train) [  9050/160000]  lr: 1.5877e-04  eta: 17:21:02  time: 0.4101  data_time: 0.0073  memory: 5994  loss: 0.0409  decode.loss_ce: 0.0409  decode.acc_seg: 98.6894
2025/03/09 02:03:02 - mmengine - INFO - Iter(train) [  9100/160000]  lr: 1.5854e-04  eta: 17:20:37  time: 0.4045  data_time: 0.0073  memory: 5994  loss: 0.0330  decode.loss_ce: 0.0330  decode.acc_seg: 99.5789
2025/03/09 02:03:23 - mmengine - INFO - Iter(train) [  9150/160000]  lr: 1.5831e-04  eta: 17:20:17  time: 0.4161  data_time: 0.0070  memory: 5994  loss: 0.0279  decode.loss_ce: 0.0279  decode.acc_seg: 100.0000
2025/03/09 02:03:43 - mmengine - INFO - Iter(train) [  9200/160000]  lr: 1.5808e-04  eta: 17:19:51  time: 0.3998  data_time: 0.0070  memory: 5994  loss: 0.0319  decode.loss_ce: 0.0319  decode.acc_seg: 99.9295
2025/03/09 02:04:04 - mmengine - INFO - Iter(train) [  9250/160000]  lr: 1.5785e-04  eta: 17:19:29  time: 0.4013  data_time: 0.0071  memory: 5994  loss: 0.0320  decode.loss_ce: 0.0320  decode.acc_seg: 98.0284
2025/03/09 02:04:24 - mmengine - INFO - Iter(train) [  9300/160000]  lr: 1.5762e-04  eta: 17:19:04  time: 0.4094  data_time: 0.0074  memory: 5994  loss: 0.0302  decode.loss_ce: 0.0302  decode.acc_seg: 99.1240
2025/03/09 02:04:45 - mmengine - INFO - Iter(train) [  9350/160000]  lr: 1.5739e-04  eta: 17:18:41  time: 0.4080  data_time: 0.0071  memory: 5994  loss: 0.0403  decode.loss_ce: 0.0403  decode.acc_seg: 99.9738
2025/03/09 02:05:06 - mmengine - INFO - Iter(train) [  9400/160000]  lr: 1.5716e-04  eta: 17:18:19  time: 0.4162  data_time: 0.0076  memory: 5994  loss: 0.0254  decode.loss_ce: 0.0254  decode.acc_seg: 99.6102
2025/03/09 02:05:26 - mmengine - INFO - Iter(train) [  9450/160000]  lr: 1.5693e-04  eta: 17:17:55  time: 0.4101  data_time: 0.0075  memory: 5994  loss: 0.0407  decode.loss_ce: 0.0407  decode.acc_seg: 97.0740
2025/03/09 02:05:47 - mmengine - INFO - Iter(train) [  9500/160000]  lr: 1.5670e-04  eta: 17:17:32  time: 0.4114  data_time: 0.0071  memory: 5994  loss: 0.0358  decode.loss_ce: 0.0358  decode.acc_seg: 99.4019
2025/03/09 02:10:40 - mmengine - INFO - Iter(train) [  9550/160000]  lr: 1.5646e-04  eta: 18:28:41  time: 0.3909  data_time: 0.0070  memory: 5994  loss: 0.0255  decode.loss_ce: 0.0255  decode.acc_seg: 98.2235
2025/03/09 02:11:00 - mmengine - INFO - Iter(train) [  9600/160000]  lr: 1.5623e-04  eta: 18:27:59  time: 0.3980  data_time: 0.0070  memory: 5994  loss: 0.0221  decode.loss_ce: 0.0221  decode.acc_seg: 98.8831
2025/03/09 02:11:20 - mmengine - INFO - Iter(train) [  9650/160000]  lr: 1.5600e-04  eta: 18:27:05  time: 0.3917  data_time: 0.0068  memory: 5994  loss: 0.0349  decode.loss_ce: 0.0349  decode.acc_seg: 98.4825
2025/03/09 02:11:40 - mmengine - INFO - Iter(train) [  9700/160000]  lr: 1.5577e-04  eta: 18:26:05  time: 0.3952  data_time: 0.0071  memory: 5994  loss: 0.0353  decode.loss_ce: 0.0353  decode.acc_seg: 98.5301
2025/03/09 02:12:00 - mmengine - INFO - Iter(train) [  9750/160000]  lr: 1.5554e-04  eta: 18:25:13  time: 0.4076  data_time: 0.0074  memory: 5994  loss: 0.0354  decode.loss_ce: 0.0354  decode.acc_seg: 99.2880
2025/03/09 02:12:21 - mmengine - INFO - Iter(train) [  9800/160000]  lr: 1.5531e-04  eta: 18:24:26  time: 0.4087  data_time: 0.0073  memory: 5994  loss: 0.0302  decode.loss_ce: 0.0302  decode.acc_seg: 97.7202
2025/03/09 02:12:41 - mmengine - INFO - Iter(train) [  9850/160000]  lr: 1.5508e-04  eta: 18:23:40  time: 0.4059  data_time: 0.0074  memory: 5994  loss: 0.0704  decode.loss_ce: 0.0704  decode.acc_seg: 98.6070
2025/03/09 02:13:02 - mmengine - INFO - Iter(train) [  9900/160000]  lr: 1.5484e-04  eta: 18:22:53  time: 0.4092  data_time: 0.0072  memory: 5994  loss: 0.0291  decode.loss_ce: 0.0291  decode.acc_seg: 98.9233
2025/03/09 02:13:22 - mmengine - INFO - Iter(train) [  9950/160000]  lr: 1.5461e-04  eta: 18:22:07  time: 0.4142  data_time: 0.0073  memory: 5994  loss: 0.0557  decode.loss_ce: 0.0557  decode.acc_seg: 94.7478
2025/03/09 02:13:43 - mmengine - INFO - Exp name: fpn_poolformer_s36_8x4_512x512_40k_ade20k_20250309_005445
2025/03/09 02:13:43 - mmengine - INFO - Iter(train) [ 10000/160000]  lr: 1.5438e-04  eta: 18:21:22  time: 0.4091  data_time: 0.0075  memory: 5994  loss: 0.0341  decode.loss_ce: 0.0341  decode.acc_seg: 99.6573
2025/03/09 02:14:03 - mmengine - INFO - Iter(train) [ 10050/160000]  lr: 1.5415e-04  eta: 18:20:37  time: 0.4067  data_time: 0.0074  memory: 5994  loss: 0.0268  decode.loss_ce: 0.0268  decode.acc_seg: 99.2592
2025/03/09 02:14:23 - mmengine - INFO - Iter(train) [ 10100/160000]  lr: 1.5392e-04  eta: 18:19:52  time: 0.4078  data_time: 0.0073  memory: 5994  loss: 0.0214  decode.loss_ce: 0.0214  decode.acc_seg: 98.2538
2025/03/09 02:14:44 - mmengine - INFO - Iter(train) [ 10150/160000]  lr: 1.5369e-04  eta: 18:19:08  time: 0.4066  data_time: 0.0073  memory: 5994  loss: 0.0331  decode.loss_ce: 0.0331  decode.acc_seg: 97.6164
2025/03/09 02:15:04 - mmengine - INFO - Iter(train) [ 10200/160000]  lr: 1.5345e-04  eta: 18:18:22  time: 0.4072  data_time: 0.0073  memory: 5994  loss: 0.0488  decode.loss_ce: 0.0488  decode.acc_seg: 97.9424
2025/03/09 02:15:04 - mmengine - INFO - Saving checkpoint at 10200 iterations
2025/03/09 02:15:40 - mmengine - INFO - Iter(train) [ 10250/160000]  lr: 1.5322e-04  eta: 18:21:19  time: 0.4069  data_time: 0.0073  memory: 5994  loss: 0.0306  decode.loss_ce: 0.0306  decode.acc_seg: 98.6379
2025/03/09 02:16:00 - mmengine - INFO - Iter(train) [ 10300/160000]  lr: 1.5299e-04  eta: 18:20:33  time: 0.4078  data_time: 0.0073  memory: 5994  loss: 0.0191  decode.loss_ce: 0.0191  decode.acc_seg: 99.9244
2025/03/09 02:16:21 - mmengine - INFO - Iter(train) [ 10350/160000]  lr: 1.5276e-04  eta: 18:19:47  time: 0.4078  data_time: 0.0075  memory: 5994  loss: 0.0293  decode.loss_ce: 0.0293  decode.acc_seg: 98.8229
2025/03/09 02:16:41 - mmengine - INFO - Iter(train) [ 10400/160000]  lr: 1.5253e-04  eta: 18:19:02  time: 0.4102  data_time: 0.0070  memory: 5994  loss: 0.0410  decode.loss_ce: 0.0410  decode.acc_seg: 99.7775
2025/03/09 02:17:02 - mmengine - INFO - Iter(train) [ 10450/160000]  lr: 1.5230e-04  eta: 18:18:17  time: 0.4041  data_time: 0.0070  memory: 5994  loss: 0.0283  decode.loss_ce: 0.0283  decode.acc_seg: 98.7024
2025/03/09 02:17:22 - mmengine - INFO - Iter(train) [ 10500/160000]  lr: 1.5206e-04  eta: 18:17:30  time: 0.4045  data_time: 0.0075  memory: 5994  loss: 0.0403  decode.loss_ce: 0.0403  decode.acc_seg: 98.2811
2025/03/09 02:17:30 - mmengine - INFO - Iter(val) [ 50/869]    eta: 0:02:15  time: 0.1621  data_time: 0.0022  memory: 810  
2025/03/09 02:17:38 - mmengine - INFO - Iter(val) [100/869]    eta: 0:02:05  time: 0.1624  data_time: 0.0022  memory: 810  
2025/03/09 02:17:47 - mmengine - INFO - Iter(val) [150/869]    eta: 0:01:57  time: 0.1622  data_time: 0.0022  memory: 810  
2025/03/09 02:17:55 - mmengine - INFO - Iter(val) [200/869]    eta: 0:01:49  time: 0.1620  data_time: 0.0023  memory: 810  
2025/03/09 02:18:03 - mmengine - INFO - Iter(val) [250/869]    eta: 0:01:40  time: 0.1627  data_time: 0.0026  memory: 810  
2025/03/09 02:18:11 - mmengine - INFO - Iter(val) [300/869]    eta: 0:01:32  time: 0.1622  data_time: 0.0023  memory: 810  
2025/03/09 02:18:19 - mmengine - INFO - Iter(val) [350/869]    eta: 0:01:24  time: 0.1623  data_time: 0.0021  memory: 810  
2025/03/09 02:18:27 - mmengine - INFO - Iter(val) [400/869]    eta: 0:01:16  time: 0.1621  data_time: 0.0026  memory: 810  
2025/03/09 02:18:35 - mmengine - INFO - Iter(val) [450/869]    eta: 0:01:08  time: 0.1621  data_time: 0.0024  memory: 810  
2025/03/09 02:18:43 - mmengine - INFO - Iter(val) [500/869]    eta: 0:00:59  time: 0.1620  data_time: 0.0023  memory: 810  
2025/03/09 02:18:52 - mmengine - INFO - Iter(val) [550/869]    eta: 0:00:51  time: 0.1622  data_time: 0.0023  memory: 810  
2025/03/09 02:19:00 - mmengine - INFO - Iter(val) [600/869]    eta: 0:00:43  time: 0.1624  data_time: 0.0024  memory: 810  
2025/03/09 02:19:08 - mmengine - INFO - Iter(val) [650/869]    eta: 0:00:35  time: 0.1624  data_time: 0.0026  memory: 810  
2025/03/09 02:19:16 - mmengine - INFO - Iter(val) [700/869]    eta: 0:00:27  time: 0.1625  data_time: 0.0028  memory: 810  
2025/03/09 02:19:24 - mmengine - INFO - Iter(val) [750/869]    eta: 0:00:19  time: 0.1624  data_time: 0.0023  memory: 810  
2025/03/09 02:19:32 - mmengine - INFO - Iter(val) [800/869]    eta: 0:00:11  time: 0.1628  data_time: 0.0027  memory: 810  
2025/03/09 02:19:40 - mmengine - INFO - Iter(val) [850/869]    eta: 0:00:03  time: 0.1622  data_time: 0.0025  memory: 810  
2025/03/09 02:19:43 - mmengine - INFO - per class results:
2025/03/09 02:19:43 - mmengine - INFO - 
+------------+-------+-------+--------+-----------+--------+
|   Class    |  IoU  |  Acc  | Fscore | Precision | Recall |
+------------+-------+-------+--------+-----------+--------+
| background | 97.65 | 98.48 | 98.81  |   99.14   | 98.48  |
|    ghaf    | 58.89 | 79.88 | 74.13  |   69.15   | 79.88  |
+------------+-------+-------+--------+-----------+--------+
2025/03/09 02:19:43 - mmengine - INFO - Iter(val) [869/869]    aAcc: 97.7200  mIoU: 78.2700  mAcc: 89.1800  mFscore: 86.4700  mPrecision: 84.1500  mRecall: 89.1800  data_time: 0.0026  time: 0.1625
2025/03/09 02:20:04 - mmengine - INFO - Iter(train) [ 10550/160000]  lr: 1.5183e-04  eta: 18:16:47  time: 0.4097  data_time: 0.0075  memory: 5994  loss: 0.0246  decode.loss_ce: 0.0246  decode.acc_seg: 99.7750
2025/03/09 02:20:24 - mmengine - INFO - Iter(train) [ 10600/160000]  lr: 1.5160e-04  eta: 18:16:04  time: 0.4116  data_time: 0.0074  memory: 5994  loss: 0.0259  decode.loss_ce: 0.0259  decode.acc_seg: 99.2472
2025/03/09 02:20:45 - mmengine - INFO - Iter(train) [ 10650/160000]  lr: 1.5137e-04  eta: 18:15:22  time: 0.4096  data_time: 0.0074  memory: 5994  loss: 0.0193  decode.loss_ce: 0.0193  decode.acc_seg: 99.4796
2025/03/09 02:21:05 - mmengine - INFO - Iter(train) [ 10700/160000]  lr: 1.5114e-04  eta: 18:14:39  time: 0.4096  data_time: 0.0075  memory: 5994  loss: 0.0260  decode.loss_ce: 0.0260  decode.acc_seg: 99.1347
2025/03/09 02:21:26 - mmengine - INFO - Iter(train) [ 10750/160000]  lr: 1.5090e-04  eta: 18:14:00  time: 0.4192  data_time: 0.0076  memory: 5994  loss: 0.0263  decode.loss_ce: 0.0263  decode.acc_seg: 98.7100
2025/03/09 02:21:47 - mmengine - INFO - Iter(train) [ 10800/160000]  lr: 1.5067e-04  eta: 18:13:18  time: 0.4135  data_time: 0.0076  memory: 5994  loss: 0.0411  decode.loss_ce: 0.0411  decode.acc_seg: 98.9021
2025/03/09 02:22:07 - mmengine - INFO - Iter(train) [ 10850/160000]  lr: 1.5044e-04  eta: 18:12:37  time: 0.4139  data_time: 0.0074  memory: 5994  loss: 0.0257  decode.loss_ce: 0.0257  decode.acc_seg: 99.3890
2025/03/09 02:22:28 - mmengine - INFO - Iter(train) [ 10900/160000]  lr: 1.5021e-04  eta: 18:11:57  time: 0.4171  data_time: 0.0076  memory: 5994  loss: 0.0394  decode.loss_ce: 0.0394  decode.acc_seg: 99.2174
2025/03/09 02:22:49 - mmengine - INFO - Iter(train) [ 10950/160000]  lr: 1.4997e-04  eta: 18:11:17  time: 0.4084  data_time: 0.0074  memory: 5994  loss: 0.0275  decode.loss_ce: 0.0275  decode.acc_seg: 99.5636
2025/03/09 02:23:09 - mmengine - INFO - Exp name: fpn_poolformer_s36_8x4_512x512_40k_ade20k_20250309_005445
2025/03/09 02:23:09 - mmengine - INFO - Iter(train) [ 11000/160000]  lr: 1.4974e-04  eta: 18:10:37  time: 0.4153  data_time: 0.0075  memory: 5994  loss: 0.0294  decode.loss_ce: 0.0294  decode.acc_seg: 98.6618
2025/03/09 02:23:30 - mmengine - INFO - Iter(train) [ 11050/160000]  lr: 1.4951e-04  eta: 18:09:56  time: 0.4124  data_time: 0.0071  memory: 5994  loss: 0.0275  decode.loss_ce: 0.0275  decode.acc_seg: 99.4212
2025/03/09 02:23:50 - mmengine - INFO - Iter(train) [ 11100/160000]  lr: 1.4928e-04  eta: 18:09:16  time: 0.4107  data_time: 0.0077  memory: 5994  loss: 0.0259  decode.loss_ce: 0.0259  decode.acc_seg: 98.0097
2025/03/09 02:24:11 - mmengine - INFO - Iter(train) [ 11150/160000]  lr: 1.4904e-04  eta: 18:08:35  time: 0.4105  data_time: 0.0074  memory: 5994  loss: 0.0231  decode.loss_ce: 0.0231  decode.acc_seg: 99.3479
2025/03/09 02:24:32 - mmengine - INFO - Iter(train) [ 11200/160000]  lr: 1.4881e-04  eta: 18:07:55  time: 0.4124  data_time: 0.0073  memory: 5994  loss: 0.0443  decode.loss_ce: 0.0443  decode.acc_seg: 99.4310
2025/03/09 02:24:52 - mmengine - INFO - Iter(train) [ 11250/160000]  lr: 1.4858e-04  eta: 18:07:15  time: 0.4102  data_time: 0.0073  memory: 5994  loss: 0.0277  decode.loss_ce: 0.0277  decode.acc_seg: 99.0711
2025/03/09 02:25:13 - mmengine - INFO - Iter(train) [ 11300/160000]  lr: 1.4835e-04  eta: 18:06:36  time: 0.4178  data_time: 0.0077  memory: 5994  loss: 0.0453  decode.loss_ce: 0.0453  decode.acc_seg: 94.2105
2025/03/09 02:25:33 - mmengine - INFO - Iter(train) [ 11350/160000]  lr: 1.4811e-04  eta: 18:05:57  time: 0.4126  data_time: 0.0074  memory: 5994  loss: 0.0217  decode.loss_ce: 0.0217  decode.acc_seg: 99.7963
2025/03/09 02:25:54 - mmengine - INFO - Iter(train) [ 11400/160000]  lr: 1.4788e-04  eta: 18:05:18  time: 0.4119  data_time: 0.0074  memory: 5994  loss: 0.0365  decode.loss_ce: 0.0365  decode.acc_seg: 98.5262
2025/03/09 02:26:15 - mmengine - INFO - Iter(train) [ 11450/160000]  lr: 1.4765e-04  eta: 18:04:39  time: 0.4093  data_time: 0.0074  memory: 5994  loss: 0.0326  decode.loss_ce: 0.0326  decode.acc_seg: 97.9046
2025/03/09 02:26:35 - mmengine - INFO - Iter(train) [ 11500/160000]  lr: 1.4742e-04  eta: 18:04:00  time: 0.4167  data_time: 0.0073  memory: 5994  loss: 0.0351  decode.loss_ce: 0.0351  decode.acc_seg: 97.1203
2025/03/09 02:26:56 - mmengine - INFO - Iter(train) [ 11550/160000]  lr: 1.4718e-04  eta: 18:03:22  time: 0.4106  data_time: 0.0074  memory: 5994  loss: 0.0267  decode.loss_ce: 0.0267  decode.acc_seg: 98.2666
2025/03/09 02:27:16 - mmengine - INFO - Iter(train) [ 11600/160000]  lr: 1.4695e-04  eta: 18:02:43  time: 0.4080  data_time: 0.0069  memory: 5994  loss: 0.0254  decode.loss_ce: 0.0254  decode.acc_seg: 99.5785
2025/03/09 02:27:37 - mmengine - INFO - Iter(train) [ 11650/160000]  lr: 1.4672e-04  eta: 18:02:05  time: 0.4130  data_time: 0.0073  memory: 5994  loss: 0.0247  decode.loss_ce: 0.0247  decode.acc_seg: 98.8073
2025/03/09 02:27:58 - mmengine - INFO - Iter(train) [ 11700/160000]  lr: 1.4649e-04  eta: 18:01:27  time: 0.4125  data_time: 0.0075  memory: 5994  loss: 0.0323  decode.loss_ce: 0.0323  decode.acc_seg: 98.1889
2025/03/09 02:28:18 - mmengine - INFO - Iter(train) [ 11750/160000]  lr: 1.4625e-04  eta: 18:00:50  time: 0.4110  data_time: 0.0070  memory: 5994  loss: 0.0363  decode.loss_ce: 0.0363  decode.acc_seg: 98.8759
2025/03/09 02:28:39 - mmengine - INFO - Iter(train) [ 11800/160000]  lr: 1.4602e-04  eta: 18:00:12  time: 0.4093  data_time: 0.0074  memory: 5994  loss: 0.0389  decode.loss_ce: 0.0389  decode.acc_seg: 98.4145
2025/03/09 02:28:59 - mmengine - INFO - Iter(train) [ 11850/160000]  lr: 1.4579e-04  eta: 17:59:34  time: 0.4124  data_time: 0.0073  memory: 5994  loss: 0.0349  decode.loss_ce: 0.0349  decode.acc_seg: 99.3195
2025/03/09 02:29:20 - mmengine - INFO - Iter(train) [ 11900/160000]  lr: 1.4555e-04  eta: 17:58:55  time: 0.4092  data_time: 0.0075  memory: 5994  loss: 0.0248  decode.loss_ce: 0.0248  decode.acc_seg: 98.0758
2025/03/09 02:29:40 - mmengine - INFO - Iter(train) [ 11950/160000]  lr: 1.4532e-04  eta: 17:58:17  time: 0.4120  data_time: 0.0073  memory: 5994  loss: 0.0102  decode.loss_ce: 0.0102  decode.acc_seg: 99.9176
2025/03/09 02:30:01 - mmengine - INFO - Exp name: fpn_poolformer_s36_8x4_512x512_40k_ade20k_20250309_005445
2025/03/09 02:30:01 - mmengine - INFO - Iter(train) [ 12000/160000]  lr: 1.4509e-04  eta: 17:57:39  time: 0.4066  data_time: 0.0073  memory: 5994  loss: 0.0329  decode.loss_ce: 0.0329  decode.acc_seg: 99.2437
2025/03/09 02:30:22 - mmengine - INFO - Iter(train) [ 12050/160000]  lr: 1.4485e-04  eta: 17:57:03  time: 0.4166  data_time: 0.0074  memory: 5994  loss: 0.0206  decode.loss_ce: 0.0206  decode.acc_seg: 98.4954
2025/03/09 02:30:42 - mmengine - INFO - Iter(train) [ 12100/160000]  lr: 1.4462e-04  eta: 17:56:27  time: 0.4148  data_time: 0.0074  memory: 5994  loss: 0.0301  decode.loss_ce: 0.0301  decode.acc_seg: 96.3414
2025/03/09 02:31:03 - mmengine - INFO - Iter(train) [ 12150/160000]  lr: 1.4439e-04  eta: 17:55:50  time: 0.4119  data_time: 0.0073  memory: 5994  loss: 0.0278  decode.loss_ce: 0.0278  decode.acc_seg: 99.5613
2025/03/09 02:31:24 - mmengine - INFO - Iter(train) [ 12200/160000]  lr: 1.4415e-04  eta: 17:55:14  time: 0.4138  data_time: 0.0074  memory: 5994  loss: 0.0324  decode.loss_ce: 0.0324  decode.acc_seg: 96.4241
2025/03/09 02:31:44 - mmengine - INFO - Iter(train) [ 12250/160000]  lr: 1.4392e-04  eta: 17:54:38  time: 0.4138  data_time: 0.0074  memory: 5994  loss: 0.0289  decode.loss_ce: 0.0289  decode.acc_seg: 99.4503
2025/03/09 02:32:05 - mmengine - INFO - Iter(train) [ 12300/160000]  lr: 1.4369e-04  eta: 17:54:01  time: 0.4102  data_time: 0.0074  memory: 5994  loss: 0.0250  decode.loss_ce: 0.0250  decode.acc_seg: 100.0000
2025/03/09 02:32:26 - mmengine - INFO - Iter(train) [ 12350/160000]  lr: 1.4345e-04  eta: 17:53:25  time: 0.4160  data_time: 0.0075  memory: 5994  loss: 0.0287  decode.loss_ce: 0.0287  decode.acc_seg: 99.2836
2025/03/09 02:32:46 - mmengine - INFO - Iter(train) [ 12400/160000]  lr: 1.4322e-04  eta: 17:52:49  time: 0.4101  data_time: 0.0072  memory: 5994  loss: 0.0300  decode.loss_ce: 0.0300  decode.acc_seg: 98.5108
2025/03/09 02:33:07 - mmengine - INFO - Iter(train) [ 12450/160000]  lr: 1.4299e-04  eta: 17:52:13  time: 0.4127  data_time: 0.0074  memory: 5994  loss: 0.0259  decode.loss_ce: 0.0259  decode.acc_seg: 98.6660
2025/03/09 02:33:27 - mmengine - INFO - Iter(train) [ 12500/160000]  lr: 1.4275e-04  eta: 17:51:38  time: 0.4113  data_time: 0.0070  memory: 5994  loss: 0.0334  decode.loss_ce: 0.0334  decode.acc_seg: 99.1247
2025/03/09 02:33:48 - mmengine - INFO - Iter(train) [ 12550/160000]  lr: 1.4252e-04  eta: 17:51:01  time: 0.4104  data_time: 0.0072  memory: 5994  loss: 0.0298  decode.loss_ce: 0.0298  decode.acc_seg: 99.3225
2025/03/09 02:34:09 - mmengine - INFO - Iter(train) [ 12600/160000]  lr: 1.4229e-04  eta: 17:50:25  time: 0.4119  data_time: 0.0073  memory: 5994  loss: 0.0220  decode.loss_ce: 0.0220  decode.acc_seg: 98.8406
2025/03/09 02:34:29 - mmengine - INFO - Iter(train) [ 12650/160000]  lr: 1.4205e-04  eta: 17:49:49  time: 0.4097  data_time: 0.0074  memory: 5994  loss: 0.0351  decode.loss_ce: 0.0351  decode.acc_seg: 98.5726
2025/03/09 02:34:50 - mmengine - INFO - Iter(train) [ 12700/160000]  lr: 1.4182e-04  eta: 17:49:14  time: 0.4122  data_time: 0.0072  memory: 5994  loss: 0.0333  decode.loss_ce: 0.0333  decode.acc_seg: 97.8168
2025/03/09 02:35:10 - mmengine - INFO - Iter(train) [ 12750/160000]  lr: 1.4158e-04  eta: 17:48:38  time: 0.4111  data_time: 0.0075  memory: 5994  loss: 0.0265  decode.loss_ce: 0.0265  decode.acc_seg: 98.3594
2025/03/09 02:35:31 - mmengine - INFO - Iter(train) [ 12800/160000]  lr: 1.4135e-04  eta: 17:48:02  time: 0.4117  data_time: 0.0074  memory: 5994  loss: 0.0359  decode.loss_ce: 0.0359  decode.acc_seg: 95.6306
2025/03/09 02:35:52 - mmengine - INFO - Iter(train) [ 12850/160000]  lr: 1.4112e-04  eta: 17:47:28  time: 0.4121  data_time: 0.0072  memory: 5994  loss: 0.0360  decode.loss_ce: 0.0360  decode.acc_seg: 98.7478
2025/03/09 02:36:12 - mmengine - INFO - Iter(train) [ 12900/160000]  lr: 1.4088e-04  eta: 17:46:53  time: 0.4126  data_time: 0.0072  memory: 5994  loss: 0.0181  decode.loss_ce: 0.0181  decode.acc_seg: 99.2997
2025/03/09 02:36:33 - mmengine - INFO - Iter(train) [ 12950/160000]  lr: 1.4065e-04  eta: 17:46:18  time: 0.4111  data_time: 0.0072  memory: 5994  loss: 0.0459  decode.loss_ce: 0.0459  decode.acc_seg: 99.6323
2025/03/09 02:36:53 - mmengine - INFO - Exp name: fpn_poolformer_s36_8x4_512x512_40k_ade20k_20250309_005445
2025/03/09 02:36:53 - mmengine - INFO - Iter(train) [ 13000/160000]  lr: 1.4041e-04  eta: 17:45:43  time: 0.4092  data_time: 0.0071  memory: 5994  loss: 0.0381  decode.loss_ce: 0.0381  decode.acc_seg: 99.3704
2025/03/09 02:37:14 - mmengine - INFO - Iter(train) [ 13050/160000]  lr: 1.4018e-04  eta: 17:45:08  time: 0.4094  data_time: 0.0073  memory: 5994  loss: 0.0582  decode.loss_ce: 0.0582  decode.acc_seg: 99.6176
2025/03/09 02:37:34 - mmengine - INFO - Iter(train) [ 13100/160000]  lr: 1.3995e-04  eta: 17:44:32  time: 0.4099  data_time: 0.0073  memory: 5994  loss: 0.0351  decode.loss_ce: 0.0351  decode.acc_seg: 99.7764
2025/03/09 02:37:55 - mmengine - INFO - Iter(train) [ 13150/160000]  lr: 1.3971e-04  eta: 17:43:59  time: 0.4136  data_time: 0.0078  memory: 5994  loss: 0.0333  decode.loss_ce: 0.0333  decode.acc_seg: 98.6648
2025/03/09 02:38:16 - mmengine - INFO - Iter(train) [ 13200/160000]  lr: 1.3948e-04  eta: 17:43:24  time: 0.4135  data_time: 0.0075  memory: 5994  loss: 0.0321  decode.loss_ce: 0.0321  decode.acc_seg: 97.5040
2025/03/09 02:38:36 - mmengine - INFO - Iter(train) [ 13250/160000]  lr: 1.3924e-04  eta: 17:42:51  time: 0.4165  data_time: 0.0076  memory: 5994  loss: 0.0223  decode.loss_ce: 0.0223  decode.acc_seg: 99.3265
2025/03/09 02:38:57 - mmengine - INFO - Iter(train) [ 13300/160000]  lr: 1.3901e-04  eta: 17:42:17  time: 0.4089  data_time: 0.0073  memory: 5994  loss: 0.0275  decode.loss_ce: 0.0275  decode.acc_seg: 98.5847
2025/03/09 02:39:18 - mmengine - INFO - Iter(train) [ 13350/160000]  lr: 1.3878e-04  eta: 17:41:43  time: 0.4121  data_time: 0.0080  memory: 5994  loss: 0.0797  decode.loss_ce: 0.0797  decode.acc_seg: 88.9031
2025/03/09 02:39:38 - mmengine - INFO - Iter(train) [ 13400/160000]  lr: 1.3854e-04  eta: 17:41:02  time: 0.3855  data_time: 0.0072  memory: 5994  loss: nan  decode.loss_ce: nan  decode.acc_seg: 90.0245
2025/03/09 02:39:57 - mmengine - INFO - Iter(train) [ 13450/160000]  lr: 1.3831e-04  eta: 17:40:18  time: 0.4009  data_time: 0.0074  memory: 5994  loss: nan  decode.loss_ce: nan  decode.acc_seg: 98.0716
2025/03/09 02:41:32 - mmengine - INFO - Iter(train) [ 13500/160000]  lr: 1.3807e-04  eta: 17:53:10  time: 0.3806  data_time: 0.0067  memory: 5994  loss: nan  decode.loss_ce: nan  decode.acc_seg: 98.2744
2025/03/09 02:41:51 - mmengine - INFO - Iter(train) [ 13550/160000]  lr: 1.3784e-04  eta: 17:52:20  time: 0.3794  data_time: 0.0069  memory: 5994  loss: nan  decode.loss_ce: nan  decode.acc_seg: 99.8004
2025/03/09 02:42:11 - mmengine - INFO - Iter(train) [ 13600/160000]  lr: 1.3760e-04  eta: 17:51:30  time: 0.3819  data_time: 0.0069  memory: 5994  loss: nan  decode.loss_ce: nan  decode.acc_seg: 97.6440
2025/03/09 02:42:11 - mmengine - INFO - Saving checkpoint at 13600 iterations
2025/03/09 02:42:36 - mmengine - INFO - Iter(train) [ 13650/160000]  lr: 1.3737e-04  eta: 17:51:46  time: 0.3894  data_time: 0.0070  memory: 5994  loss: nan  decode.loss_ce: nan  decode.acc_seg: 98.9082
2025/03/09 02:42:56 - mmengine - INFO - Iter(train) [ 13700/160000]  lr: 1.3713e-04  eta: 17:50:56  time: 0.3962  data_time: 0.0076  memory: 5994  loss: nan  decode.loss_ce: nan  decode.acc_seg: 100.0000
2025/03/09 02:43:15 - mmengine - INFO - Iter(train) [ 13750/160000]  lr: 1.3690e-04  eta: 17:50:09  time: 0.3944  data_time: 0.0071  memory: 5994  loss: nan  decode.loss_ce: nan  decode.acc_seg: 97.6388
2025/03/09 02:43:35 - mmengine - INFO - Iter(train) [ 13800/160000]  lr: 1.3666e-04  eta: 17:49:24  time: 0.3978  data_time: 0.0078  memory: 5994  loss: nan  decode.loss_ce: nan  decode.acc_seg: 99.0927
2025/03/09 02:43:55 - mmengine - INFO - Iter(train) [ 13850/160000]  lr: 1.3643e-04  eta: 17:48:40  time: 0.3886  data_time: 0.0074  memory: 5994  loss: nan  decode.loss_ce: nan  decode.acc_seg: 98.5824
2025/03/09 02:44:15 - mmengine - INFO - Iter(train) [ 13900/160000]  lr: 1.3620e-04  eta: 17:47:57  time: 0.3979  data_time: 0.0075  memory: 5994  loss: nan  decode.loss_ce: nan  decode.acc_seg: 98.5439
2025/03/09 02:44:35 - mmengine - INFO - Iter(train) [ 13950/160000]  lr: 1.3596e-04  eta: 17:47:18  time: 0.3950  data_time: 0.0076  memory: 5994  loss: nan  decode.loss_ce: nan  decode.acc_seg: 99.3455
2025/03/09 02:44:55 - mmengine - INFO - Exp name: fpn_poolformer_s36_8x4_512x512_40k_ade20k_20250309_005445
2025/03/09 02:44:55 - mmengine - INFO - Iter(train) [ 14000/160000]  lr: 1.3573e-04  eta: 17:46:35  time: 0.3974  data_time: 0.0077  memory: 5994  loss: nan  decode.loss_ce: nan  decode.acc_seg: 99.1141
2025/03/09 02:45:03 - mmengine - INFO - Iter(val) [ 50/869]    eta: 0:02:16  time: 0.1622  data_time: 0.0023  memory: 810  
2025/03/09 02:45:11 - mmengine - INFO - Iter(val) [100/869]    eta: 0:02:06  time: 0.1636  data_time: 0.0024  memory: 810  
2025/03/09 02:45:20 - mmengine - INFO - Iter(val) [150/869]    eta: 0:01:57  time: 0.1632  data_time: 0.0023  memory: 810  
2025/03/09 02:45:28 - mmengine - INFO - Iter(val) [200/869]    eta: 0:01:49  time: 0.1634  data_time: 0.0024  memory: 810  
2025/03/09 02:45:36 - mmengine - INFO - Iter(val) [250/869]    eta: 0:01:41  time: 0.1626  data_time: 0.0024  memory: 810  
2025/03/09 02:45:44 - mmengine - INFO - Iter(val) [300/869]    eta: 0:01:32  time: 0.1628  data_time: 0.0027  memory: 810  
2025/03/09 02:45:52 - mmengine - INFO - Iter(val) [350/869]    eta: 0:01:24  time: 0.1626  data_time: 0.0023  memory: 810  
2025/03/09 02:46:00 - mmengine - INFO - Iter(val) [400/869]    eta: 0:01:16  time: 0.1625  data_time: 0.0028  memory: 810  
2025/03/09 02:46:08 - mmengine - INFO - Iter(val) [450/869]    eta: 0:01:08  time: 0.1622  data_time: 0.0022  memory: 810  
2025/03/09 02:46:17 - mmengine - INFO - Iter(val) [500/869]    eta: 0:01:00  time: 0.1626  data_time: 0.0023  memory: 810  
2025/03/09 02:46:25 - mmengine - INFO - Iter(val) [550/869]    eta: 0:00:51  time: 0.1630  data_time: 0.0027  memory: 810  
2025/03/09 02:46:33 - mmengine - INFO - Iter(val) [600/869]    eta: 0:00:43  time: 0.1626  data_time: 0.0022  memory: 810  
2025/03/09 02:46:41 - mmengine - INFO - Iter(val) [650/869]    eta: 0:00:35  time: 0.1626  data_time: 0.0025  memory: 810  
2025/03/09 02:46:49 - mmengine - INFO - Iter(val) [700/869]    eta: 0:00:27  time: 0.1622  data_time: 0.0025  memory: 810  
2025/03/09 02:46:57 - mmengine - INFO - Iter(val) [750/869]    eta: 0:00:19  time: 0.1621  data_time: 0.0023  memory: 810  
2025/03/09 02:47:05 - mmengine - INFO - Iter(val) [800/869]    eta: 0:00:11  time: 0.1626  data_time: 0.0025  memory: 810  
2025/03/09 02:47:14 - mmengine - INFO - Iter(val) [850/869]    eta: 0:00:03  time: 0.1622  data_time: 0.0022  memory: 810  
2025/03/09 02:47:17 - mmengine - INFO - per class results:
2025/03/09 02:47:17 - mmengine - INFO - 
+------------+-------+-------+--------+-----------+--------+
|   Class    |  IoU  |  Acc  | Fscore | Precision | Recall |
+------------+-------+-------+--------+-----------+--------+
| background | 95.91 | 100.0 | 97.91  |   95.91   | 100.0  |
|    ghaf    |  0.0  |  0.0  |  nan   |    nan    |  0.0   |
+------------+-------+-------+--------+-----------+--------+
2025/03/09 02:47:17 - mmengine - INFO - Iter(val) [869/869]    aAcc: 95.9100  mIoU: 47.9600  mAcc: 50.0000  mFscore: 97.9100  mPrecision: 95.9100  mRecall: 50.0000  data_time: 0.0027  time: 0.1628
2025/03/09 02:47:37 - mmengine - INFO - Iter(train) [ 14050/160000]  lr: 1.3549e-04  eta: 17:45:52  time: 0.3964  data_time: 0.0075  memory: 5994  loss: nan  decode.loss_ce: nan  decode.acc_seg: 98.0240
2025/03/09 02:47:57 - mmengine - INFO - Iter(train) [ 14100/160000]  lr: 1.3526e-04  eta: 17:45:10  time: 0.4020  data_time: 0.0075  memory: 5994  loss: nan  decode.loss_ce: nan  decode.acc_seg: 99.8902
2025/03/09 02:48:16 - mmengine - INFO - Iter(train) [ 14150/160000]  lr: 1.3502e-04  eta: 17:44:20  time: 0.3647  data_time: 0.0090  memory: 5994  loss: nan  decode.loss_ce: nan  decode.acc_seg: 97.6686
2025/03/09 02:48:34 - mmengine - INFO - Iter(train) [ 14200/160000]  lr: 1.3479e-04  eta: 17:43:23  time: 0.3696  data_time: 0.0089  memory: 5994  loss: nan  decode.loss_ce: nan  decode.acc_seg: 98.2579
2025/03/09 02:48:53 - mmengine - INFO - Iter(train) [ 14250/160000]  lr: 1.3455e-04  eta: 17:42:25  time: 0.3685  data_time: 0.0087  memory: 5994  loss: nan  decode.loss_ce: nan  decode.acc_seg: 99.0690
2025/03/09 02:49:11 - mmengine - INFO - Iter(train) [ 14300/160000]  lr: 1.3432e-04  eta: 17:41:28  time: 0.3694  data_time: 0.0093  memory: 5994  loss: nan  decode.loss_ce: nan  decode.acc_seg: 97.6487
2025/03/09 02:49:29 - mmengine - INFO - Iter(train) [ 14350/160000]  lr: 1.3408e-04  eta: 17:40:31  time: 0.3706  data_time: 0.0094  memory: 5994  loss: nan  decode.loss_ce: nan  decode.acc_seg: 96.1221
2025/03/09 02:49:48 - mmengine - INFO - Iter(train) [ 14400/160000]  lr: 1.3384e-04  eta: 17:39:35  time: 0.3673  data_time: 0.0089  memory: 5994  loss: nan  decode.loss_ce: nan  decode.acc_seg: 94.6521
2025/03/09 02:50:06 - mmengine - INFO - Iter(train) [ 14450/160000]  lr: 1.3361e-04  eta: 17:38:38  time: 0.3671  data_time: 0.0089  memory: 5994  loss: nan  decode.loss_ce: nan  decode.acc_seg: 87.4949
2025/03/09 02:50:25 - mmengine - INFO - Iter(train) [ 14500/160000]  lr: 1.3337e-04  eta: 17:37:42  time: 0.3682  data_time: 0.0083  memory: 5994  loss: nan  decode.loss_ce: nan  decode.acc_seg: 88.7601
2025/03/09 02:50:43 - mmengine - INFO - Iter(train) [ 14550/160000]  lr: 1.3314e-04  eta: 17:36:47  time: 0.3689  data_time: 0.0089  memory: 5994  loss: nan  decode.loss_ce: nan  decode.acc_seg: 99.9381
2025/03/09 02:51:01 - mmengine - INFO - Iter(train) [ 14600/160000]  lr: 1.3290e-04  eta: 17:35:51  time: 0.3688  data_time: 0.0087  memory: 5994  loss: nan  decode.loss_ce: nan  decode.acc_seg: 97.1230
2025/03/09 02:51:20 - mmengine - INFO - Iter(train) [ 14650/160000]  lr: 1.3267e-04  eta: 17:34:55  time: 0.3685  data_time: 0.0087  memory: 5994  loss: nan  decode.loss_ce: nan  decode.acc_seg: 99.2415
2025/03/09 02:51:38 - mmengine - INFO - Iter(train) [ 14700/160000]  lr: 1.3243e-04  eta: 17:34:00  time: 0.3674  data_time: 0.0086  memory: 5994  loss: nan  decode.loss_ce: nan  decode.acc_seg: 94.1382
2025/03/09 02:51:57 - mmengine - INFO - Iter(train) [ 14750/160000]  lr: 1.3220e-04  eta: 17:33:06  time: 0.3695  data_time: 0.0086  memory: 5994  loss: nan  decode.loss_ce: nan  decode.acc_seg: 94.8103
2025/03/09 02:52:15 - mmengine - INFO - Iter(train) [ 14800/160000]  lr: 1.3196e-04  eta: 17:32:09  time: 0.3684  data_time: 0.0083  memory: 5994  loss: nan  decode.loss_ce: nan  decode.acc_seg: 91.5647
2025/03/09 02:52:33 - mmengine - INFO - Iter(train) [ 14850/160000]  lr: 1.3173e-04  eta: 17:31:15  time: 0.3701  data_time: 0.0092  memory: 5994  loss: nan  decode.loss_ce: nan  decode.acc_seg: 95.6720
2025/03/09 02:52:52 - mmengine - INFO - Iter(train) [ 14900/160000]  lr: 1.3149e-04  eta: 17:30:22  time: 0.3667  data_time: 0.0086  memory: 5994  loss: nan  decode.loss_ce: nan  decode.acc_seg: 88.9425
2025/03/09 02:53:10 - mmengine - INFO - Iter(train) [ 14950/160000]  lr: 1.3125e-04  eta: 17:29:28  time: 0.3693  data_time: 0.0094  memory: 5994  loss: nan  decode.loss_ce: nan  decode.acc_seg: 99.5315
2025/03/09 02:53:29 - mmengine - INFO - Exp name: fpn_poolformer_s36_8x4_512x512_40k_ade20k_20250309_005445
2025/03/09 02:53:29 - mmengine - INFO - Iter(train) [ 15000/160000]  lr: 1.3102e-04  eta: 17:28:34  time: 0.3686  data_time: 0.0083  memory: 5994  loss: nan  decode.loss_ce: nan  decode.acc_seg: 88.4061
2025/03/09 02:53:47 - mmengine - INFO - Iter(train) [ 15050/160000]  lr: 1.3078e-04  eta: 17:27:42  time: 0.3690  data_time: 0.0086  memory: 5994  loss: nan  decode.loss_ce: nan  decode.acc_seg: 84.4376
2025/03/09 02:54:06 - mmengine - INFO - Iter(train) [ 15100/160000]  lr: 1.3055e-04  eta: 17:26:49  time: 0.3679  data_time: 0.0082  memory: 5994  loss: nan  decode.loss_ce: nan  decode.acc_seg: 95.2868
2025/03/09 02:54:24 - mmengine - INFO - Iter(train) [ 15150/160000]  lr: 1.3031e-04  eta: 17:25:56  time: 0.3682  data_time: 0.0088  memory: 5994  loss: nan  decode.loss_ce: nan  decode.acc_seg: 98.5338
2025/03/09 02:54:42 - mmengine - INFO - Iter(train) [ 15200/160000]  lr: 1.3007e-04  eta: 17:25:02  time: 0.3630  data_time: 0.0078  memory: 5994  loss: nan  decode.loss_ce: nan  decode.acc_seg: 99.0386
2025/03/09 02:55:01 - mmengine - INFO - Iter(train) [ 15250/160000]  lr: 1.2984e-04  eta: 17:24:09  time: 0.3668  data_time: 0.0086  memory: 5994  loss: nan  decode.loss_ce: nan  decode.acc_seg: 90.5220
2025/03/09 02:55:19 - mmengine - INFO - Iter(train) [ 15300/160000]  lr: 1.2960e-04  eta: 17:23:18  time: 0.3681  data_time: 0.0084  memory: 5994  loss: nan  decode.loss_ce: nan  decode.acc_seg: 99.2382
2025/03/09 02:55:38 - mmengine - INFO - Iter(train) [ 15350/160000]  lr: 1.2937e-04  eta: 17:22:26  time: 0.3716  data_time: 0.0089  memory: 5994  loss: nan  decode.loss_ce: nan  decode.acc_seg: 98.3157
2025/03/09 02:55:56 - mmengine - INFO - Iter(train) [ 15400/160000]  lr: 1.2913e-04  eta: 17:21:35  time: 0.3677  data_time: 0.0085  memory: 5994  loss: nan  decode.loss_ce: nan  decode.acc_seg: 92.3923
2025/03/09 02:56:14 - mmengine - INFO - Iter(train) [ 15450/160000]  lr: 1.2889e-04  eta: 17:20:44  time: 0.3686  data_time: 0.0089  memory: 5994  loss: nan  decode.loss_ce: nan  decode.acc_seg: 95.1597
2025/03/09 02:56:33 - mmengine - INFO - Iter(train) [ 15500/160000]  lr: 1.2866e-04  eta: 17:19:53  time: 0.3678  data_time: 0.0085  memory: 5994  loss: nan  decode.loss_ce: nan  decode.acc_seg: 99.8359
2025/03/09 02:56:51 - mmengine - INFO - Iter(train) [ 15550/160000]  lr: 1.2842e-04  eta: 17:19:01  time: 0.3658  data_time: 0.0090  memory: 5994  loss: nan  decode.loss_ce: nan  decode.acc_seg: 83.6876
2025/03/09 02:57:10 - mmengine - INFO - Iter(train) [ 15600/160000]  lr: 1.2818e-04  eta: 17:18:11  time: 0.3685  data_time: 0.0091  memory: 5994  loss: nan  decode.loss_ce: nan  decode.acc_seg: 99.0705
2025/03/09 02:57:28 - mmengine - INFO - Iter(train) [ 15650/160000]  lr: 1.2795e-04  eta: 17:17:20  time: 0.3671  data_time: 0.0082  memory: 5994  loss: nan  decode.loss_ce: nan  decode.acc_seg: 98.4020
2025/03/09 02:57:47 - mmengine - INFO - Iter(train) [ 15700/160000]  lr: 1.2771e-04  eta: 17:16:30  time: 0.3659  data_time: 0.0084  memory: 5994  loss: nan  decode.loss_ce: nan  decode.acc_seg: 94.2737
2025/03/09 02:58:05 - mmengine - INFO - Iter(train) [ 15750/160000]  lr: 1.2748e-04  eta: 17:15:40  time: 0.3701  data_time: 0.0085  memory: 5994  loss: nan  decode.loss_ce: nan  decode.acc_seg: 97.1240
2025/03/09 02:58:24 - mmengine - INFO - Iter(train) [ 15800/160000]  lr: 1.2724e-04  eta: 17:14:50  time: 0.3720  data_time: 0.0092  memory: 5994  loss: nan  decode.loss_ce: nan  decode.acc_seg: 95.8362
2025/03/09 02:58:42 - mmengine - INFO - Iter(train) [ 15850/160000]  lr: 1.2700e-04  eta: 17:14:01  time: 0.3678  data_time: 0.0090  memory: 5994  loss: nan  decode.loss_ce: nan  decode.acc_seg: 95.9825
2025/03/09 02:59:01 - mmengine - INFO - Iter(train) [ 15900/160000]  lr: 1.2677e-04  eta: 17:13:13  time: 0.3687  data_time: 0.0086  memory: 5994  loss: nan  decode.loss_ce: nan  decode.acc_seg: 94.9455
2025/03/09 02:59:19 - mmengine - INFO - Iter(train) [ 15950/160000]  lr: 1.2653e-04  eta: 17:12:23  time: 0.3714  data_time: 0.0089  memory: 5994  loss: nan  decode.loss_ce: nan  decode.acc_seg: 96.0832
2025/03/09 02:59:37 - mmengine - INFO - Exp name: fpn_poolformer_s36_8x4_512x512_40k_ade20k_20250309_005445
2025/03/09 02:59:37 - mmengine - INFO - Iter(train) [ 16000/160000]  lr: 1.2629e-04  eta: 17:11:33  time: 0.3620  data_time: 0.0080  memory: 5994  loss: nan  decode.loss_ce: nan  decode.acc_seg: 98.7574
2025/03/09 02:59:56 - mmengine - INFO - Iter(train) [ 16050/160000]  lr: 1.2606e-04  eta: 17:10:45  time: 0.3704  data_time: 0.0097  memory: 5994  loss: nan  decode.loss_ce: nan  decode.acc_seg: 81.6560
2025/03/09 03:00:14 - mmengine - INFO - Iter(train) [ 16100/160000]  lr: 1.2582e-04  eta: 17:09:56  time: 0.3686  data_time: 0.0088  memory: 5994  loss: nan  decode.loss_ce: nan  decode.acc_seg: 95.7138
2025/03/09 03:00:33 - mmengine - INFO - Iter(train) [ 16150/160000]  lr: 1.2558e-04  eta: 17:09:07  time: 0.3691  data_time: 0.0096  memory: 5994  loss: nan  decode.loss_ce: nan  decode.acc_seg: 96.8359
2025/03/09 03:00:51 - mmengine - INFO - Iter(train) [ 16200/160000]  lr: 1.2534e-04  eta: 17:08:19  time: 0.3693  data_time: 0.0090  memory: 5994  loss: nan  decode.loss_ce: nan  decode.acc_seg: 99.8481
2025/03/09 03:01:09 - mmengine - INFO - Iter(train) [ 16250/160000]  lr: 1.2511e-04  eta: 17:07:30  time: 0.3635  data_time: 0.0075  memory: 5994  loss: nan  decode.loss_ce: nan  decode.acc_seg: 96.3863
2025/03/09 03:01:28 - mmengine - INFO - Iter(train) [ 16300/160000]  lr: 1.2487e-04  eta: 17:06:43  time: 0.3683  data_time: 0.0084  memory: 5994  loss: nan  decode.loss_ce: nan  decode.acc_seg: 98.7559
2025/03/09 03:01:46 - mmengine - INFO - Iter(train) [ 16350/160000]  lr: 1.2463e-04  eta: 17:05:55  time: 0.3710  data_time: 0.0087  memory: 5994  loss: nan  decode.loss_ce: nan  decode.acc_seg: 95.4548
2025/03/09 03:02:05 - mmengine - INFO - Iter(train) [ 16400/160000]  lr: 1.2440e-04  eta: 17:05:07  time: 0.3644  data_time: 0.0088  memory: 5994  loss: nan  decode.loss_ce: nan  decode.acc_seg: 95.6420
2025/03/09 03:02:23 - mmengine - INFO - Iter(train) [ 16450/160000]  lr: 1.2416e-04  eta: 17:04:19  time: 0.3680  data_time: 0.0087  memory: 5994  loss: nan  decode.loss_ce: nan  decode.acc_seg: 93.3492
2025/03/09 03:02:42 - mmengine - INFO - Iter(train) [ 16500/160000]  lr: 1.2392e-04  eta: 17:03:32  time: 0.3701  data_time: 0.0093  memory: 5994  loss: nan  decode.loss_ce: nan  decode.acc_seg: 100.0000
2025/03/09 03:03:00 - mmengine - INFO - Iter(train) [ 16550/160000]  lr: 1.2368e-04  eta: 17:02:45  time: 0.3644  data_time: 0.0085  memory: 5994  loss: nan  decode.loss_ce: nan  decode.acc_seg: 99.6451
2025/03/09 03:03:19 - mmengine - INFO - Iter(train) [ 16600/160000]  lr: 1.2345e-04  eta: 17:01:58  time: 0.3714  data_time: 0.0092  memory: 5994  loss: nan  decode.loss_ce: nan  decode.acc_seg: 99.9957
2025/03/09 03:03:37 - mmengine - INFO - Iter(train) [ 16650/160000]  lr: 1.2321e-04  eta: 17:01:12  time: 0.3692  data_time: 0.0086  memory: 5994  loss: nan  decode.loss_ce: nan  decode.acc_seg: 89.8657
2025/03/09 03:03:56 - mmengine - INFO - Iter(train) [ 16700/160000]  lr: 1.2297e-04  eta: 17:00:26  time: 0.3704  data_time: 0.0090  memory: 5994  loss: nan  decode.loss_ce: nan  decode.acc_seg: 96.4765
2025/03/09 03:04:14 - mmengine - INFO - Iter(train) [ 16750/160000]  lr: 1.2273e-04  eta: 16:59:39  time: 0.3684  data_time: 0.0087  memory: 5994  loss: nan  decode.loss_ce: nan  decode.acc_seg: 96.3403
2025/03/09 03:04:32 - mmengine - INFO - Iter(train) [ 16800/160000]  lr: 1.2250e-04  eta: 16:58:53  time: 0.3675  data_time: 0.0086  memory: 5994  loss: nan  decode.loss_ce: nan  decode.acc_seg: 96.7010
2025/03/09 03:04:51 - mmengine - INFO - Iter(train) [ 16850/160000]  lr: 1.2226e-04  eta: 16:58:07  time: 0.3693  data_time: 0.0088  memory: 5994  loss: nan  decode.loss_ce: nan  decode.acc_seg: 96.4416
2025/03/09 03:05:09 - mmengine - INFO - Iter(train) [ 16900/160000]  lr: 1.2202e-04  eta: 16:57:22  time: 0.3714  data_time: 0.0093  memory: 5994  loss: nan  decode.loss_ce: nan  decode.acc_seg: 93.5307
2025/03/09 03:05:28 - mmengine - INFO - Iter(train) [ 16950/160000]  lr: 1.2178e-04  eta: 16:56:36  time: 0.3702  data_time: 0.0086  memory: 5994  loss: nan  decode.loss_ce: nan  decode.acc_seg: 93.9082
2025/03/09 03:05:46 - mmengine - INFO - Exp name: fpn_poolformer_s36_8x4_512x512_40k_ade20k_20250309_005445
2025/03/09 03:05:46 - mmengine - INFO - Iter(train) [ 17000/160000]  lr: 1.2155e-04  eta: 16:55:51  time: 0.3680  data_time: 0.0085  memory: 5994  loss: nan  decode.loss_ce: nan  decode.acc_seg: 96.8689
2025/03/09 03:05:46 - mmengine - INFO - Saving checkpoint at 17000 iterations
2025/03/09 03:06:10 - mmengine - INFO - Iter(train) [ 17050/160000]  lr: 1.2131e-04  eta: 16:55:48  time: 0.3687  data_time: 0.0091  memory: 5994  loss: nan  decode.loss_ce: nan  decode.acc_seg: 85.7236
2025/03/09 03:06:28 - mmengine - INFO - Iter(train) [ 17100/160000]  lr: 1.2107e-04  eta: 16:55:02  time: 0.3674  data_time: 0.0089  memory: 5994  loss: nan  decode.loss_ce: nan  decode.acc_seg: 96.2863
2025/03/09 03:06:47 - mmengine - INFO - Iter(train) [ 17150/160000]  lr: 1.2083e-04  eta: 16:54:17  time: 0.3708  data_time: 0.0096  memory: 5994  loss: nan  decode.loss_ce: nan  decode.acc_seg: 98.0028
2025/03/09 03:07:05 - mmengine - INFO - Iter(train) [ 17200/160000]  lr: 1.2059e-04  eta: 16:53:32  time: 0.3695  data_time: 0.0095  memory: 5994  loss: nan  decode.loss_ce: nan  decode.acc_seg: 99.8225
2025/03/09 03:07:24 - mmengine - INFO - Iter(train) [ 17250/160000]  lr: 1.2036e-04  eta: 16:52:47  time: 0.3681  data_time: 0.0089  memory: 5994  loss: nan  decode.loss_ce: nan  decode.acc_seg: 91.1424
2025/03/09 03:07:42 - mmengine - INFO - Iter(train) [ 17300/160000]  lr: 1.2012e-04  eta: 16:52:02  time: 0.3688  data_time: 0.0087  memory: 5994  loss: nan  decode.loss_ce: nan  decode.acc_seg: 98.0616
2025/03/09 03:08:00 - mmengine - INFO - Iter(train) [ 17350/160000]  lr: 1.1988e-04  eta: 16:51:17  time: 0.3670  data_time: 0.0085  memory: 5994  loss: nan  decode.loss_ce: nan  decode.acc_seg: 95.4207
2025/03/09 03:08:19 - mmengine - INFO - Iter(train) [ 17400/160000]  lr: 1.1964e-04  eta: 16:50:33  time: 0.3688  data_time: 0.0088  memory: 5994  loss: nan  decode.loss_ce: nan  decode.acc_seg: 99.2373
2025/03/09 03:08:37 - mmengine - INFO - Iter(train) [ 17450/160000]  lr: 1.1940e-04  eta: 16:49:49  time: 0.3683  data_time: 0.0088  memory: 5994  loss: nan  decode.loss_ce: nan  decode.acc_seg: 90.2017
2025/03/09 03:08:56 - mmengine - INFO - Iter(train) [ 17500/160000]  lr: 1.1917e-04  eta: 16:49:05  time: 0.3686  data_time: 0.0084  memory: 5994  loss: nan  decode.loss_ce: nan  decode.acc_seg: 94.3790
2025/03/09 03:09:05 - mmengine - INFO - Iter(val) [ 50/869]    eta: 0:02:29  time: 0.1811  data_time: 0.0027  memory: 810  
2025/03/09 03:09:14 - mmengine - INFO - Iter(val) [100/869]    eta: 0:02:19  time: 0.1797  data_time: 0.0022  memory: 810  
2025/03/09 03:09:23 - mmengine - INFO - Iter(val) [150/869]    eta: 0:02:09  time: 0.1795  data_time: 0.0024  memory: 810  
2025/03/09 03:09:32 - mmengine - INFO - Iter(val) [200/869]    eta: 0:02:00  time: 0.1793  data_time: 0.0024  memory: 810  
2025/03/09 03:09:41 - mmengine - INFO - Iter(val) [250/869]    eta: 0:01:51  time: 0.1794  data_time: 0.0023  memory: 810  
2025/03/09 03:09:50 - mmengine - INFO - Iter(val) [300/869]    eta: 0:01:42  time: 0.1791  data_time: 0.0024  memory: 810  
2025/03/09 03:09:59 - mmengine - INFO - Iter(val) [350/869]    eta: 0:01:33  time: 0.1795  data_time: 0.0026  memory: 810  
2025/03/09 03:10:08 - mmengine - INFO - Iter(val) [400/869]    eta: 0:01:24  time: 0.1797  data_time: 0.0025  memory: 810  
2025/03/09 03:10:17 - mmengine - INFO - Iter(val) [450/869]    eta: 0:01:15  time: 0.1789  data_time: 0.0024  memory: 810  
2025/03/09 03:10:26 - mmengine - INFO - Iter(val) [500/869]    eta: 0:01:06  time: 0.1791  data_time: 0.0024  memory: 810  
2025/03/09 03:10:35 - mmengine - INFO - Iter(val) [550/869]    eta: 0:00:57  time: 0.1793  data_time: 0.0027  memory: 810  
2025/03/09 03:10:44 - mmengine - INFO - Iter(val) [600/869]    eta: 0:00:48  time: 0.1792  data_time: 0.0025  memory: 810  
2025/03/09 03:10:53 - mmengine - INFO - Iter(val) [650/869]    eta: 0:00:39  time: 0.1787  data_time: 0.0022  memory: 810  
2025/03/09 03:12:17 - mmengine - INFO - Iter(val) [700/869]    eta: 0:00:48  time: 0.1837  data_time: 0.0040  memory: 810  
2025/03/09 03:12:26 - mmengine - INFO - Iter(val) [750/869]    eta: 0:00:33  time: 0.1764  data_time: 0.0023  memory: 810  
2025/03/09 03:12:35 - mmengine - INFO - Iter(val) [800/869]    eta: 0:00:18  time: 0.1765  data_time: 0.0023  memory: 810  
2025/03/09 03:12:43 - mmengine - INFO - Iter(val) [850/869]    eta: 0:00:05  time: 0.1775  data_time: 0.0024  memory: 810  
2025/03/09 03:12:47 - mmengine - INFO - per class results:
2025/03/09 03:12:47 - mmengine - INFO - 
+------------+-------+-------+--------+-----------+--------+
|   Class    |  IoU  |  Acc  | Fscore | Precision | Recall |
+------------+-------+-------+--------+-----------+--------+
| background | 95.91 | 100.0 | 97.91  |   95.91   | 100.0  |
|    ghaf    |  0.0  |  0.0  |  nan   |    nan    |  0.0   |
+------------+-------+-------+--------+-----------+--------+
2025/03/09 03:12:47 - mmengine - INFO - Iter(val) [869/869]    aAcc: 95.9100  mIoU: 47.9600  mAcc: 50.0000  mFscore: 97.9100  mPrecision: 95.9100  mRecall: 50.0000  data_time: 0.0210  time: 0.2657
2025/03/09 03:13:05 - mmengine - INFO - Iter(train) [ 17550/160000]  lr: 1.1893e-04  eta: 16:48:15  time: 0.3493  data_time: 0.0072  memory: 5994  loss: nan  decode.loss_ce: nan  decode.acc_seg: 100.0000
2025/03/09 03:13:22 - mmengine - INFO - Iter(train) [ 17600/160000]  lr: 1.1869e-04  eta: 16:47:24  time: 0.3506  data_time: 0.0070  memory: 5994  loss: nan  decode.loss_ce: nan  decode.acc_seg: 96.4426
2025/03/09 03:13:40 - mmengine - INFO - Iter(train) [ 17650/160000]  lr: 1.1845e-04  eta: 16:46:33  time: 0.3509  data_time: 0.0071  memory: 5994  loss: nan  decode.loss_ce: nan  decode.acc_seg: 99.7263
2025/03/09 03:13:58 - mmengine - INFO - Iter(train) [ 17700/160000]  lr: 1.1821e-04  eta: 16:45:47  time: 0.3686  data_time: 0.0090  memory: 5994  loss: nan  decode.loss_ce: nan  decode.acc_seg: 99.1197
2025/03/09 03:14:16 - mmengine - INFO - Iter(train) [ 17750/160000]  lr: 1.1797e-04  eta: 16:45:03  time: 0.3672  data_time: 0.0089  memory: 5994  loss: nan  decode.loss_ce: nan  decode.acc_seg: 95.6457
2025/03/09 03:14:35 - mmengine - INFO - Iter(train) [ 17800/160000]  lr: 1.1773e-04  eta: 16:44:19  time: 0.3651  data_time: 0.0085  memory: 5994  loss: nan  decode.loss_ce: nan  decode.acc_seg: 98.1491
2025/03/09 03:14:53 - mmengine - INFO - Iter(train) [ 17850/160000]  lr: 1.1750e-04  eta: 16:43:35  time: 0.3664  data_time: 0.0085  memory: 5994  loss: nan  decode.loss_ce: nan  decode.acc_seg: 93.6829
2025/03/09 03:15:11 - mmengine - INFO - Iter(train) [ 17900/160000]  lr: 1.1726e-04  eta: 16:42:52  time: 0.3688  data_time: 0.0092  memory: 5994  loss: nan  decode.loss_ce: nan  decode.acc_seg: 92.9368
2025/03/09 03:15:30 - mmengine - INFO - Iter(train) [ 17950/160000]  lr: 1.1702e-04  eta: 16:42:09  time: 0.3686  data_time: 0.0089  memory: 5994  loss: nan  decode.loss_ce: nan  decode.acc_seg: 99.0058
2025/03/09 03:15:48 - mmengine - INFO - Exp name: fpn_poolformer_s36_8x4_512x512_40k_ade20k_20250309_005445
2025/03/09 03:15:48 - mmengine - INFO - Iter(train) [ 18000/160000]  lr: 1.1678e-04  eta: 16:41:25  time: 0.3674  data_time: 0.0083  memory: 5994  loss: nan  decode.loss_ce: nan  decode.acc_seg: 97.9342
2025/03/09 03:16:06 - mmengine - INFO - Iter(train) [ 18050/160000]  lr: 1.1654e-04  eta: 16:40:42  time: 0.3658  data_time: 0.0090  memory: 5994  loss: nan  decode.loss_ce: nan  decode.acc_seg: 94.1286
2025/03/09 03:16:25 - mmengine - INFO - Iter(train) [ 18100/160000]  lr: 1.1630e-04  eta: 16:39:59  time: 0.3632  data_time: 0.0085  memory: 5994  loss: nan  decode.loss_ce: nan  decode.acc_seg: 94.9354
2025/03/09 03:16:43 - mmengine - INFO - Iter(train) [ 18150/160000]  lr: 1.1606e-04  eta: 16:39:16  time: 0.3663  data_time: 0.0082  memory: 5994  loss: nan  decode.loss_ce: nan  decode.acc_seg: 90.3543
2025/03/09 03:17:01 - mmengine - INFO - Iter(train) [ 18200/160000]  lr: 1.1582e-04  eta: 16:38:33  time: 0.3691  data_time: 0.0092  memory: 5994  loss: nan  decode.loss_ce: nan  decode.acc_seg: 96.5514
2025/03/09 03:17:20 - mmengine - INFO - Iter(train) [ 18250/160000]  lr: 1.1558e-04  eta: 16:37:50  time: 0.3693  data_time: 0.0092  memory: 5994  loss: nan  decode.loss_ce: nan  decode.acc_seg: 99.2548
2025/03/09 03:17:38 - mmengine - INFO - Iter(train) [ 18300/160000]  lr: 1.1535e-04  eta: 16:37:08  time: 0.3624  data_time: 0.0081  memory: 5994  loss: nan  decode.loss_ce: nan  decode.acc_seg: 95.2368
2025/03/09 03:17:56 - mmengine - INFO - Iter(train) [ 18350/160000]  lr: 1.1511e-04  eta: 16:36:25  time: 0.3663  data_time: 0.0093  memory: 5994  loss: nan  decode.loss_ce: nan  decode.acc_seg: 98.7844
2025/03/09 03:18:15 - mmengine - INFO - Iter(train) [ 18400/160000]  lr: 1.1487e-04  eta: 16:35:43  time: 0.3680  data_time: 0.0091  memory: 5994  loss: nan  decode.loss_ce: nan  decode.acc_seg: 94.1011
2025/03/09 03:18:33 - mmengine - INFO - Iter(train) [ 18450/160000]  lr: 1.1463e-04  eta: 16:35:01  time: 0.3657  data_time: 0.0088  memory: 5994  loss: nan  decode.loss_ce: nan  decode.acc_seg: 99.3818
2025/03/09 03:18:52 - mmengine - INFO - Iter(train) [ 18500/160000]  lr: 1.1439e-04  eta: 16:34:19  time: 0.3679  data_time: 0.0092  memory: 5994  loss: nan  decode.loss_ce: nan  decode.acc_seg: 92.8080
2025/03/09 03:19:10 - mmengine - INFO - Iter(train) [ 18550/160000]  lr: 1.1415e-04  eta: 16:33:36  time: 0.3665  data_time: 0.0085  memory: 5994  loss: nan  decode.loss_ce: nan  decode.acc_seg: 98.1454
2025/03/09 03:19:28 - mmengine - INFO - Iter(train) [ 18600/160000]  lr: 1.1391e-04  eta: 16:32:55  time: 0.3649  data_time: 0.0086  memory: 5994  loss: nan  decode.loss_ce: nan  decode.acc_seg: 98.5693
2025/03/09 03:19:46 - mmengine - INFO - Iter(train) [ 18650/160000]  lr: 1.1367e-04  eta: 16:32:13  time: 0.3687  data_time: 0.0092  memory: 5994  loss: nan  decode.loss_ce: nan  decode.acc_seg: 95.8765
2025/03/09 03:20:05 - mmengine - INFO - Iter(train) [ 18700/160000]  lr: 1.1343e-04  eta: 16:31:32  time: 0.3700  data_time: 0.0095  memory: 5994  loss: nan  decode.loss_ce: nan  decode.acc_seg: 99.1025
2025/03/09 03:20:23 - mmengine - INFO - Iter(train) [ 18750/160000]  lr: 1.1319e-04  eta: 16:30:50  time: 0.3661  data_time: 0.0090  memory: 5994  loss: nan  decode.loss_ce: nan  decode.acc_seg: 98.0635
2025/03/09 03:20:41 - mmengine - INFO - Iter(train) [ 18800/160000]  lr: 1.1295e-04  eta: 16:30:08  time: 0.3665  data_time: 0.0088  memory: 5994  loss: nan  decode.loss_ce: nan  decode.acc_seg: 99.0988
2025/03/09 03:21:00 - mmengine - INFO - Iter(train) [ 18850/160000]  lr: 1.1271e-04  eta: 16:29:27  time: 0.3659  data_time: 0.0084  memory: 5994  loss: nan  decode.loss_ce: nan  decode.acc_seg: 96.3799
2025/03/09 03:21:18 - mmengine - INFO - Iter(train) [ 18900/160000]  lr: 1.1247e-04  eta: 16:28:46  time: 0.3678  data_time: 0.0093  memory: 5994  loss: nan  decode.loss_ce: nan  decode.acc_seg: 100.0000
2025/03/09 03:21:37 - mmengine - INFO - Iter(train) [ 18950/160000]  lr: 1.1223e-04  eta: 16:28:06  time: 0.3683  data_time: 0.0092  memory: 5994  loss: nan  decode.loss_ce: nan  decode.acc_seg: 96.7741
2025/03/09 03:21:55 - mmengine - INFO - Exp name: fpn_poolformer_s36_8x4_512x512_40k_ade20k_20250309_005445
2025/03/09 03:21:55 - mmengine - INFO - Iter(train) [ 19000/160000]  lr: 1.1199e-04  eta: 16:27:25  time: 0.3672  data_time: 0.0091  memory: 5994  loss: nan  decode.loss_ce: nan  decode.acc_seg: 98.3089
2025/03/09 03:22:13 - mmengine - INFO - Iter(train) [ 19050/160000]  lr: 1.1175e-04  eta: 16:26:45  time: 0.3679  data_time: 0.0087  memory: 5994  loss: nan  decode.loss_ce: nan  decode.acc_seg: 99.5671
2025/03/09 03:22:32 - mmengine - INFO - Iter(train) [ 19100/160000]  lr: 1.1151e-04  eta: 16:26:05  time: 0.3691  data_time: 0.0090  memory: 5994  loss: nan  decode.loss_ce: nan  decode.acc_seg: 96.9666
2025/03/09 03:22:50 - mmengine - INFO - Iter(train) [ 19150/160000]  lr: 1.1127e-04  eta: 16:25:23  time: 0.3668  data_time: 0.0083  memory: 5994  loss: nan  decode.loss_ce: nan  decode.acc_seg: 99.7694
2025/03/09 03:23:08 - mmengine - INFO - Iter(train) [ 19200/160000]  lr: 1.1103e-04  eta: 16:24:43  time: 0.3686  data_time: 0.0090  memory: 5994  loss: nan  decode.loss_ce: nan  decode.acc_seg: 92.3434
2025/03/09 03:23:27 - mmengine - INFO - Iter(train) [ 19250/160000]  lr: 1.1079e-04  eta: 16:24:03  time: 0.3674  data_time: 0.0090  memory: 5994  loss: nan  decode.loss_ce: nan  decode.acc_seg: 98.7428
2025/03/09 03:23:45 - mmengine - INFO - Iter(train) [ 19300/160000]  lr: 1.1055e-04  eta: 16:23:23  time: 0.3673  data_time: 0.0087  memory: 5994  loss: nan  decode.loss_ce: nan  decode.acc_seg: 97.0213
2025/03/09 03:24:04 - mmengine - INFO - Iter(train) [ 19350/160000]  lr: 1.1031e-04  eta: 16:22:44  time: 0.3705  data_time: 0.0091  memory: 5994  loss: nan  decode.loss_ce: nan  decode.acc_seg: 94.3215
2025/03/09 03:24:22 - mmengine - INFO - Iter(train) [ 19400/160000]  lr: 1.1007e-04  eta: 16:22:05  time: 0.3732  data_time: 0.0098  memory: 5994  loss: nan  decode.loss_ce: nan  decode.acc_seg: 90.4821
2025/03/09 03:24:40 - mmengine - INFO - Iter(train) [ 19450/160000]  lr: 1.0983e-04  eta: 16:21:25  time: 0.3612  data_time: 0.0080  memory: 5994  loss: nan  decode.loss_ce: nan  decode.acc_seg: 92.8381
2025/03/09 03:24:59 - mmengine - INFO - Iter(train) [ 19500/160000]  lr: 1.0959e-04  eta: 16:20:46  time: 0.3662  data_time: 0.0093  memory: 5994  loss: nan  decode.loss_ce: nan  decode.acc_seg: 96.2945
2025/03/09 03:25:17 - mmengine - INFO - Iter(train) [ 19550/160000]  lr: 1.0935e-04  eta: 16:20:07  time: 0.3701  data_time: 0.0091  memory: 5994  loss: nan  decode.loss_ce: nan  decode.acc_seg: 99.8615
2025/03/09 03:25:36 - mmengine - INFO - Iter(train) [ 19600/160000]  lr: 1.0911e-04  eta: 16:19:28  time: 0.3679  data_time: 0.0098  memory: 5994  loss: nan  decode.loss_ce: nan  decode.acc_seg: 98.3230
2025/03/09 03:25:54 - mmengine - INFO - Iter(train) [ 19650/160000]  lr: 1.0887e-04  eta: 16:18:50  time: 0.3723  data_time: 0.0106  memory: 5994  loss: nan  decode.loss_ce: nan  decode.acc_seg: 95.0776
2025/03/09 03:26:13 - mmengine - INFO - Iter(train) [ 19700/160000]  lr: 1.0863e-04  eta: 16:18:12  time: 0.3693  data_time: 0.0096  memory: 5994  loss: nan  decode.loss_ce: nan  decode.acc_seg: 95.5627
2025/03/09 03:26:31 - mmengine - INFO - Iter(train) [ 19750/160000]  lr: 1.0838e-04  eta: 16:17:33  time: 0.3672  data_time: 0.0092  memory: 5994  loss: nan  decode.loss_ce: nan  decode.acc_seg: 99.0366
2025/03/09 03:26:50 - mmengine - INFO - Iter(train) [ 19800/160000]  lr: 1.0814e-04  eta: 16:16:55  time: 0.3685  data_time: 0.0095  memory: 5994  loss: nan  decode.loss_ce: nan  decode.acc_seg: 94.3751
2025/03/09 03:27:08 - mmengine - INFO - Iter(train) [ 19850/160000]  lr: 1.0790e-04  eta: 16:16:17  time: 0.3680  data_time: 0.0096  memory: 5994  loss: nan  decode.loss_ce: nan  decode.acc_seg: 98.6194
2025/03/09 03:27:27 - mmengine - INFO - Iter(train) [ 19900/160000]  lr: 1.0766e-04  eta: 16:15:38  time: 0.3660  data_time: 0.0091  memory: 5994  loss: nan  decode.loss_ce: nan  decode.acc_seg: 88.2746
2025/03/09 03:27:45 - mmengine - INFO - Iter(train) [ 19950/160000]  lr: 1.0742e-04  eta: 16:15:00  time: 0.3706  data_time: 0.0091  memory: 5994  loss: nan  decode.loss_ce: nan  decode.acc_seg: 97.9222
2025/03/09 03:28:03 - mmengine - INFO - Exp name: fpn_poolformer_s36_8x4_512x512_40k_ade20k_20250309_005445
2025/03/09 03:28:03 - mmengine - INFO - Iter(train) [ 20000/160000]  lr: 1.0718e-04  eta: 16:14:22  time: 0.3688  data_time: 0.0088  memory: 5994  loss: nan  decode.loss_ce: nan  decode.acc_seg: 95.7488
2025/03/09 03:28:22 - mmengine - INFO - Iter(train) [ 20050/160000]  lr: 1.0694e-04  eta: 16:13:44  time: 0.3688  data_time: 0.0085  memory: 5994  loss: nan  decode.loss_ce: nan  decode.acc_seg: 98.8119
2025/03/09 03:28:40 - mmengine - INFO - Iter(train) [ 20100/160000]  lr: 1.0670e-04  eta: 16:13:06  time: 0.3699  data_time: 0.0096  memory: 5994  loss: nan  decode.loss_ce: nan  decode.acc_seg: 97.6521
2025/03/09 03:28:59 - mmengine - INFO - Iter(train) [ 20150/160000]  lr: 1.0646e-04  eta: 16:12:28  time: 0.3684  data_time: 0.0083  memory: 5994  loss: nan  decode.loss_ce: nan  decode.acc_seg: 98.5209
2025/03/09 03:29:17 - mmengine - INFO - Iter(train) [ 20200/160000]  lr: 1.0621e-04  eta: 16:11:50  time: 0.3677  data_time: 0.0083  memory: 5994  loss: nan  decode.loss_ce: nan  decode.acc_seg: 95.6716
2025/03/09 03:29:35 - mmengine - INFO - Iter(train) [ 20250/160000]  lr: 1.0597e-04  eta: 16:11:11  time: 0.3597  data_time: 0.0085  memory: 5994  loss: nan  decode.loss_ce: nan  decode.acc_seg: 95.0092
2025/03/09 03:29:54 - mmengine - INFO - Iter(train) [ 20300/160000]  lr: 1.0573e-04  eta: 16:10:34  time: 0.3695  data_time: 0.0093  memory: 5994  loss: nan  decode.loss_ce: nan  decode.acc_seg: 99.8513
2025/03/09 03:30:12 - mmengine - INFO - Iter(train) [ 20350/160000]  lr: 1.0549e-04  eta: 16:09:56  time: 0.3681  data_time: 0.0092  memory: 5994  loss: nan  decode.loss_ce: nan  decode.acc_seg: 93.1922
2025/03/09 03:30:31 - mmengine - INFO - Iter(train) [ 20400/160000]  lr: 1.0525e-04  eta: 16:09:19  time: 0.3684  data_time: 0.0087  memory: 5994  loss: nan  decode.loss_ce: nan  decode.acc_seg: 96.0540
2025/03/09 03:30:31 - mmengine - INFO - Saving checkpoint at 20400 iterations
2025/03/09 03:30:56 - mmengine - INFO - Iter(train) [ 20450/160000]  lr: 1.0501e-04  eta: 16:09:26  time: 0.3666  data_time: 0.0086  memory: 5994  loss: nan  decode.loss_ce: nan  decode.acc_seg: 91.8013
2025/03/09 03:31:14 - mmengine - INFO - Iter(train) [ 20500/160000]  lr: 1.0477e-04  eta: 16:08:49  time: 0.3716  data_time: 0.0094  memory: 5994  loss: nan  decode.loss_ce: nan  decode.acc_seg: 96.9393
2025/03/09 03:31:32 - mmengine - INFO - Iter(train) [ 20550/160000]  lr: 1.0452e-04  eta: 16:08:11  time: 0.3669  data_time: 0.0092  memory: 5994  loss: nan  decode.loss_ce: nan  decode.acc_seg: 99.9019
2025/03/09 03:31:51 - mmengine - INFO - Iter(train) [ 20600/160000]  lr: 1.0428e-04  eta: 16:07:34  time: 0.3686  data_time: 0.0088  memory: 5994  loss: nan  decode.loss_ce: nan  decode.acc_seg: 94.3163
2025/03/09 03:32:09 - mmengine - INFO - Iter(train) [ 20650/160000]  lr: 1.0404e-04  eta: 16:06:57  time: 0.3681  data_time: 0.0089  memory: 5994  loss: nan  decode.loss_ce: nan  decode.acc_seg: 91.8683
2025/03/09 03:32:28 - mmengine - INFO - Iter(train) [ 20700/160000]  lr: 1.0380e-04  eta: 16:06:20  time: 0.3679  data_time: 0.0089  memory: 5994  loss: nan  decode.loss_ce: nan  decode.acc_seg: 93.0647
2025/03/09 03:32:46 - mmengine - INFO - Iter(train) [ 20750/160000]  lr: 1.0356e-04  eta: 16:05:42  time: 0.3671  data_time: 0.0083  memory: 5994  loss: nan  decode.loss_ce: nan  decode.acc_seg: 100.0000
2025/03/09 03:33:04 - mmengine - INFO - Iter(train) [ 20800/160000]  lr: 1.0331e-04  eta: 16:05:05  time: 0.3692  data_time: 0.0089  memory: 5994  loss: nan  decode.loss_ce: nan  decode.acc_seg: 92.8066
2025/03/09 03:33:23 - mmengine - INFO - Iter(train) [ 20850/160000]  lr: 1.0307e-04  eta: 16:04:29  time: 0.3706  data_time: 0.0093  memory: 5994  loss: nan  decode.loss_ce: nan  decode.acc_seg: 99.3819
2025/03/09 03:33:41 - mmengine - INFO - Iter(train) [ 20900/160000]  lr: 1.0283e-04  eta: 16:03:51  time: 0.3624  data_time: 0.0080  memory: 5994  loss: nan  decode.loss_ce: nan  decode.acc_seg: 95.7427
2025/03/09 03:33:59 - mmengine - INFO - Iter(train) [ 20950/160000]  lr: 1.0259e-04  eta: 16:03:13  time: 0.3658  data_time: 0.0086  memory: 5994  loss: nan  decode.loss_ce: nan  decode.acc_seg: 98.2121
2025/03/09 03:34:18 - mmengine - INFO - Exp name: fpn_poolformer_s36_8x4_512x512_40k_ade20k_20250309_005445
2025/03/09 03:34:18 - mmengine - INFO - Iter(train) [ 21000/160000]  lr: 1.0234e-04  eta: 16:02:36  time: 0.3656  data_time: 0.0086  memory: 5994  loss: nan  decode.loss_ce: nan  decode.acc_seg: 88.4114
2025/03/09 03:34:27 - mmengine - INFO - Iter(val) [ 50/869]    eta: 0:02:28  time: 0.1790  data_time: 0.0024  memory: 810  
2025/03/09 03:34:36 - mmengine - INFO - Iter(val) [100/869]    eta: 0:02:19  time: 0.1799  data_time: 0.0026  memory: 810  
2025/03/09 03:34:45 - mmengine - INFO - Iter(val) [150/869]    eta: 0:02:09  time: 0.1790  data_time: 0.0026  memory: 810  
2025/03/09 03:34:54 - mmengine - INFO - Iter(val) [200/869]    eta: 0:02:00  time: 0.1788  data_time: 0.0023  memory: 810  
2025/03/09 03:35:03 - mmengine - INFO - Iter(val) [250/869]    eta: 0:01:51  time: 0.1798  data_time: 0.0025  memory: 810  
2025/03/09 03:35:12 - mmengine - INFO - Iter(val) [300/869]    eta: 0:01:42  time: 0.1800  data_time: 0.0026  memory: 810  
2025/03/09 03:35:21 - mmengine - INFO - Iter(val) [350/869]    eta: 0:01:33  time: 0.1795  data_time: 0.0027  memory: 810  
2025/03/09 03:35:30 - mmengine - INFO - Iter(val) [400/869]    eta: 0:01:24  time: 0.1796  data_time: 0.0023  memory: 810  
2025/03/09 03:35:39 - mmengine - INFO - Iter(val) [450/869]    eta: 0:01:15  time: 0.1788  data_time: 0.0024  memory: 810  
2025/03/09 03:35:48 - mmengine - INFO - Iter(val) [500/869]    eta: 0:01:06  time: 0.1795  data_time: 0.0027  memory: 810  
2025/03/09 03:35:57 - mmengine - INFO - Iter(val) [550/869]    eta: 0:00:57  time: 0.1790  data_time: 0.0025  memory: 810  
2025/03/09 03:36:06 - mmengine - INFO - Iter(val) [600/869]    eta: 0:00:48  time: 0.1791  data_time: 0.0025  memory: 810  
2025/03/09 03:36:15 - mmengine - INFO - Iter(val) [650/869]    eta: 0:00:39  time: 0.1790  data_time: 0.0025  memory: 810  
2025/03/09 03:36:24 - mmengine - INFO - Iter(val) [700/869]    eta: 0:00:30  time: 0.1809  data_time: 0.0026  memory: 810  
2025/03/09 03:36:33 - mmengine - INFO - Iter(val) [750/869]    eta: 0:00:21  time: 0.1790  data_time: 0.0025  memory: 810  
2025/03/09 03:36:42 - mmengine - INFO - Iter(val) [800/869]    eta: 0:00:12  time: 0.1790  data_time: 0.0024  memory: 810  
2025/03/09 03:36:50 - mmengine - INFO - Iter(val) [850/869]    eta: 0:00:03  time: 0.1788  data_time: 0.0024  memory: 810  
2025/03/09 03:36:54 - mmengine - INFO - per class results:
2025/03/09 03:36:54 - mmengine - INFO - 
+------------+-------+-------+--------+-----------+--------+
|   Class    |  IoU  |  Acc  | Fscore | Precision | Recall |
+------------+-------+-------+--------+-----------+--------+
| background | 95.91 | 100.0 | 97.91  |   95.91   | 100.0  |
|    ghaf    |  0.0  |  0.0  |  nan   |    nan    |  0.0   |
+------------+-------+-------+--------+-----------+--------+
2025/03/09 03:36:54 - mmengine - INFO - Iter(val) [869/869]    aAcc: 95.9100  mIoU: 47.9600  mAcc: 50.0000  mFscore: 97.9100  mPrecision: 95.9100  mRecall: 50.0000  data_time: 0.0027  time: 0.1797
2025/03/09 03:37:12 - mmengine - INFO - Iter(train) [ 21050/160000]  lr: 1.0210e-04  eta: 16:02:00  time: 0.3681  data_time: 0.0093  memory: 5994  loss: nan  decode.loss_ce: nan  decode.acc_seg: 85.3579
2025/03/09 03:37:31 - mmengine - INFO - Iter(train) [ 21100/160000]  lr: 1.0186e-04  eta: 16:01:24  time: 0.3683  data_time: 0.0090  memory: 5994  loss: nan  decode.loss_ce: nan  decode.acc_seg: 92.2328
2025/03/09 03:37:49 - mmengine - INFO - Iter(train) [ 21150/160000]  lr: 1.0162e-04  eta: 16:00:48  time: 0.3690  data_time: 0.0091  memory: 5994  loss: nan  decode.loss_ce: nan  decode.acc_seg: 99.0601
2025/03/09 03:38:08 - mmengine - INFO - Iter(train) [ 21200/160000]  lr: 1.0137e-04  eta: 16:00:12  time: 0.3659  data_time: 0.0079  memory: 5994  loss: nan  decode.loss_ce: nan  decode.acc_seg: 93.0789
2025/03/09 03:38:26 - mmengine - INFO - Iter(train) [ 21250/160000]  lr: 1.0113e-04  eta: 15:59:36  time: 0.3692  data_time: 0.0090  memory: 5994  loss: nan  decode.loss_ce: nan  decode.acc_seg: 99.7763
2025/03/09 03:38:45 - mmengine - INFO - Iter(train) [ 21300/160000]  lr: 1.0089e-04  eta: 15:59:00  time: 0.3701  data_time: 0.0097  memory: 5994  loss: nan  decode.loss_ce: nan  decode.acc_seg: 95.6146
2025/03/09 03:39:03 - mmengine - INFO - Iter(train) [ 21350/160000]  lr: 1.0065e-04  eta: 15:58:25  time: 0.3680  data_time: 0.0089  memory: 5994  loss: nan  decode.loss_ce: nan  decode.acc_seg: 94.3232
2025/03/09 03:39:21 - mmengine - INFO - Iter(train) [ 21400/160000]  lr: 1.0040e-04  eta: 15:57:49  time: 0.3677  data_time: 0.0086  memory: 5994  loss: nan  decode.loss_ce: nan  decode.acc_seg: 99.8950
2025/03/09 03:39:40 - mmengine - INFO - Iter(train) [ 21450/160000]  lr: 1.0016e-04  eta: 15:57:13  time: 0.3598  data_time: 0.0077  memory: 5994  loss: nan  decode.loss_ce: nan  decode.acc_seg: 87.4119
2025/03/09 03:39:58 - mmengine - INFO - Iter(train) [ 21500/160000]  lr: 9.9917e-05  eta: 15:56:37  time: 0.3651  data_time: 0.0085  memory: 5994  loss: nan  decode.loss_ce: nan  decode.acc_seg: 94.6416
2025/03/09 03:40:16 - mmengine - INFO - Iter(train) [ 21550/160000]  lr: 9.9674e-05  eta: 15:56:01  time: 0.3675  data_time: 0.0089  memory: 5994  loss: nan  decode.loss_ce: nan  decode.acc_seg: 97.2446
2025/03/09 03:40:35 - mmengine - INFO - Iter(train) [ 21600/160000]  lr: 9.9431e-05  eta: 15:55:26  time: 0.3691  data_time: 0.0088  memory: 5994  loss: nan  decode.loss_ce: nan  decode.acc_seg: 100.0000
2025/03/09 03:40:53 - mmengine - INFO - Iter(train) [ 21650/160000]  lr: 9.9188e-05  eta: 15:54:50  time: 0.3708  data_time: 0.0085  memory: 5994  loss: nan  decode.loss_ce: nan  decode.acc_seg: 99.1483
2025/03/09 03:41:12 - mmengine - INFO - Iter(train) [ 21700/160000]  lr: 9.8945e-05  eta: 15:54:15  time: 0.3693  data_time: 0.0088  memory: 5994  loss: nan  decode.loss_ce: nan  decode.acc_seg: 89.6584
2025/03/09 03:41:30 - mmengine - INFO - Iter(train) [ 21750/160000]  lr: 9.8701e-05  eta: 15:53:40  time: 0.3686  data_time: 0.0089  memory: 5994  loss: nan  decode.loss_ce: nan  decode.acc_seg: 97.0639
2025/03/09 03:41:49 - mmengine - INFO - Iter(train) [ 21800/160000]  lr: 9.8458e-05  eta: 15:53:05  time: 0.3688  data_time: 0.0088  memory: 5994  loss: nan  decode.loss_ce: nan  decode.acc_seg: 96.1905
2025/03/09 03:43:26 - mmengine - INFO - Iter(train) [ 21850/160000]  lr: 9.8214e-05  eta: 16:00:46  time: 0.3459  data_time: 0.0068  memory: 5994  loss: nan  decode.loss_ce: nan  decode.acc_seg: 98.9198
2025/03/09 03:43:43 - mmengine - INFO - Iter(train) [ 21900/160000]  lr: 9.7971e-05  eta: 16:00:03  time: 0.3479  data_time: 0.0070  memory: 5994  loss: nan  decode.loss_ce: nan  decode.acc_seg: 92.9961
2025/03/09 03:44:01 - mmengine - INFO - Iter(train) [ 21950/160000]  lr: 9.7727e-05  eta: 15:59:22  time: 0.3493  data_time: 0.0072  memory: 5994  loss: nan  decode.loss_ce: nan  decode.acc_seg: 95.3325
2025/03/09 03:44:18 - mmengine - INFO - Exp name: fpn_poolformer_s36_8x4_512x512_40k_ade20k_20250309_005445
2025/03/09 03:44:18 - mmengine - INFO - Iter(train) [ 22000/160000]  lr: 9.7483e-05  eta: 15:58:40  time: 0.3517  data_time: 0.0073  memory: 5994  loss: nan  decode.loss_ce: nan  decode.acc_seg: 98.5435
2025/03/09 03:44:36 - mmengine - INFO - Iter(train) [ 22050/160000]  lr: 9.7240e-05  eta: 15:58:00  time: 0.3681  data_time: 0.0087  memory: 5994  loss: nan  decode.loss_ce: nan  decode.acc_seg: 96.4513
2025/03/09 03:44:54 - mmengine - INFO - Iter(train) [ 22100/160000]  lr: 9.6996e-05  eta: 15:57:24  time: 0.3655  data_time: 0.0085  memory: 5994  loss: nan  decode.loss_ce: nan  decode.acc_seg: 98.2635
2025/03/09 03:45:13 - mmengine - INFO - Iter(train) [ 22150/160000]  lr: 9.6752e-05  eta: 15:56:48  time: 0.3665  data_time: 0.0088  memory: 5994  loss: nan  decode.loss_ce: nan  decode.acc_seg: 98.6783
2025/03/09 03:45:31 - mmengine - INFO - Iter(train) [ 22200/160000]  lr: 9.6508e-05  eta: 15:56:12  time: 0.3681  data_time: 0.0091  memory: 5994  loss: nan  decode.loss_ce: nan  decode.acc_seg: 97.8508
2025/03/09 03:45:49 - mmengine - INFO - Iter(train) [ 22250/160000]  lr: 9.6264e-05  eta: 15:55:36  time: 0.3679  data_time: 0.0083  memory: 5994  loss: nan  decode.loss_ce: nan  decode.acc_seg: 98.0731
2025/03/09 03:46:08 - mmengine - INFO - Iter(train) [ 22300/160000]  lr: 9.6020e-05  eta: 15:55:00  time: 0.3681  data_time: 0.0088  memory: 5994  loss: nan  decode.loss_ce: nan  decode.acc_seg: 99.0159
2025/03/09 03:46:26 - mmengine - INFO - Iter(train) [ 22350/160000]  lr: 9.5776e-05  eta: 15:54:25  time: 0.3684  data_time: 0.0092  memory: 5994  loss: nan  decode.loss_ce: nan  decode.acc_seg: 100.0000
2025/03/09 03:46:45 - mmengine - INFO - Iter(train) [ 22400/160000]  lr: 9.5532e-05  eta: 15:53:49  time: 0.3671  data_time: 0.0088  memory: 5994  loss: nan  decode.loss_ce: nan  decode.acc_seg: 95.1725
2025/03/09 03:47:03 - mmengine - INFO - Iter(train) [ 22450/160000]  lr: 9.5287e-05  eta: 15:53:13  time: 0.3663  data_time: 0.0088  memory: 5994  loss: nan  decode.loss_ce: nan  decode.acc_seg: 93.8406
2025/03/09 03:47:21 - mmengine - INFO - Iter(train) [ 22500/160000]  lr: 9.5043e-05  eta: 15:52:37  time: 0.3654  data_time: 0.0090  memory: 5994  loss: nan  decode.loss_ce: nan  decode.acc_seg: 95.6823
2025/03/09 03:47:40 - mmengine - INFO - Iter(train) [ 22550/160000]  lr: 9.4799e-05  eta: 15:52:02  time: 0.3669  data_time: 0.0092  memory: 5994  loss: nan  decode.loss_ce: nan  decode.acc_seg: 99.7908
2025/03/09 03:47:58 - mmengine - INFO - Iter(train) [ 22600/160000]  lr: 9.4554e-05  eta: 15:51:27  time: 0.3679  data_time: 0.0088  memory: 5994  loss: nan  decode.loss_ce: nan  decode.acc_seg: 100.0000
2025/03/09 03:48:16 - mmengine - INFO - Iter(train) [ 22650/160000]  lr: 9.4309e-05  eta: 15:50:52  time: 0.3696  data_time: 0.0087  memory: 5994  loss: nan  decode.loss_ce: nan  decode.acc_seg: 99.5461
2025/03/09 03:48:35 - mmengine - INFO - Iter(train) [ 22700/160000]  lr: 9.4065e-05  eta: 15:50:17  time: 0.3710  data_time: 0.0091  memory: 5994  loss: nan  decode.loss_ce: nan  decode.acc_seg: 97.3382
2025/03/09 03:48:53 - mmengine - INFO - Iter(train) [ 22750/160000]  lr: 9.3820e-05  eta: 15:49:42  time: 0.3687  data_time: 0.0087  memory: 5994  loss: nan  decode.loss_ce: nan  decode.acc_seg: 76.4473
2025/03/09 03:49:12 - mmengine - INFO - Iter(train) [ 22800/160000]  lr: 9.3575e-05  eta: 15:49:07  time: 0.3677  data_time: 0.0094  memory: 5994  loss: nan  decode.loss_ce: nan  decode.acc_seg: 95.4134
2025/03/09 03:49:30 - mmengine - INFO - Iter(train) [ 22850/160000]  lr: 9.3330e-05  eta: 15:48:32  time: 0.3669  data_time: 0.0083  memory: 5994  loss: nan  decode.loss_ce: nan  decode.acc_seg: 96.2439
2025/03/09 03:49:49 - mmengine - INFO - Iter(train) [ 22900/160000]  lr: 9.3086e-05  eta: 15:47:58  time: 0.3671  data_time: 0.0086  memory: 5994  loss: nan  decode.loss_ce: nan  decode.acc_seg: 89.3092
2025/03/09 03:50:07 - mmengine - INFO - Iter(train) [ 22950/160000]  lr: 9.2841e-05  eta: 15:47:23  time: 0.3675  data_time: 0.0086  memory: 5994  loss: nan  decode.loss_ce: nan  decode.acc_seg: 99.9841
2025/03/09 03:50:25 - mmengine - INFO - Exp name: fpn_poolformer_s36_8x4_512x512_40k_ade20k_20250309_005445
2025/03/09 03:50:25 - mmengine - INFO - Iter(train) [ 23000/160000]  lr: 9.2595e-05  eta: 15:46:48  time: 0.3647  data_time: 0.0084  memory: 5994  loss: nan  decode.loss_ce: nan  decode.acc_seg: 96.4007
2025/03/09 03:50:44 - mmengine - INFO - Iter(train) [ 23050/160000]  lr: 9.2350e-05  eta: 15:46:13  time: 0.3703  data_time: 0.0090  memory: 5994  loss: nan  decode.loss_ce: nan  decode.acc_seg: 97.2293
2025/03/09 03:51:02 - mmengine - INFO - Iter(train) [ 23100/160000]  lr: 9.2105e-05  eta: 15:45:40  time: 0.3684  data_time: 0.0092  memory: 5994  loss: nan  decode.loss_ce: nan  decode.acc_seg: 87.6928
2025/03/09 03:51:21 - mmengine - INFO - Iter(train) [ 23150/160000]  lr: 9.1860e-05  eta: 15:45:06  time: 0.3709  data_time: 0.0090  memory: 5994  loss: nan  decode.loss_ce: nan  decode.acc_seg: 90.3840
2025/03/09 03:51:39 - mmengine - INFO - Iter(train) [ 23200/160000]  lr: 9.1614e-05  eta: 15:44:33  time: 0.3705  data_time: 0.0092  memory: 5994  loss: nan  decode.loss_ce: nan  decode.acc_seg: 98.2316
2025/03/09 03:51:58 - mmengine - INFO - Iter(train) [ 23250/160000]  lr: 9.1369e-05  eta: 15:43:59  time: 0.3720  data_time: 0.0093  memory: 5994  loss: nan  decode.loss_ce: nan  decode.acc_seg: 95.4082
2025/03/09 03:52:17 - mmengine - INFO - Iter(train) [ 23300/160000]  lr: 9.1124e-05  eta: 15:43:26  time: 0.3721  data_time: 0.0094  memory: 5994  loss: nan  decode.loss_ce: nan  decode.acc_seg: 99.9991
2025/03/09 03:52:35 - mmengine - INFO - Iter(train) [ 23350/160000]  lr: 9.0878e-05  eta: 15:42:52  time: 0.3700  data_time: 0.0087  memory: 5994  loss: nan  decode.loss_ce: nan  decode.acc_seg: 94.3263
2025/03/09 03:52:54 - mmengine - INFO - Iter(train) [ 23400/160000]  lr: 9.0632e-05  eta: 15:42:18  time: 0.3686  data_time: 0.0089  memory: 5994  loss: nan  decode.loss_ce: nan  decode.acc_seg: 92.5214
2025/03/09 03:53:12 - mmengine - INFO - Iter(train) [ 23450/160000]  lr: 9.0387e-05  eta: 15:41:43  time: 0.3680  data_time: 0.0090  memory: 5994  loss: nan  decode.loss_ce: nan  decode.acc_seg: 97.4781
2025/03/09 03:53:30 - mmengine - INFO - Iter(train) [ 23500/160000]  lr: 9.0141e-05  eta: 15:41:10  time: 0.3713  data_time: 0.0083  memory: 5994  loss: nan  decode.loss_ce: nan  decode.acc_seg: 99.7208
2025/03/09 03:53:49 - mmengine - INFO - Iter(train) [ 23550/160000]  lr: 8.9895e-05  eta: 15:40:36  time: 0.3675  data_time: 0.0085  memory: 5994  loss: nan  decode.loss_ce: nan  decode.acc_seg: 96.0238
2025/03/09 03:54:07 - mmengine - INFO - Iter(train) [ 23600/160000]  lr: 8.9649e-05  eta: 15:40:03  time: 0.3676  data_time: 0.0084  memory: 5994  loss: nan  decode.loss_ce: nan  decode.acc_seg: 95.7394
2025/03/09 03:54:25 - mmengine - INFO - Iter(train) [ 23650/160000]  lr: 8.9403e-05  eta: 15:39:28  time: 0.3631  data_time: 0.0077  memory: 5994  loss: nan  decode.loss_ce: nan  decode.acc_seg: 87.6198
2025/03/09 03:54:44 - mmengine - INFO - Iter(train) [ 23700/160000]  lr: 8.9157e-05  eta: 15:38:54  time: 0.3693  data_time: 0.0088  memory: 5994  loss: nan  decode.loss_ce: nan  decode.acc_seg: 94.8898
2025/03/09 03:55:02 - mmengine - INFO - Iter(train) [ 23750/160000]  lr: 8.8911e-05  eta: 15:38:20  time: 0.3674  data_time: 0.0086  memory: 5994  loss: nan  decode.loss_ce: nan  decode.acc_seg: 81.9894
2025/03/09 03:55:21 - mmengine - INFO - Iter(train) [ 23800/160000]  lr: 8.8664e-05  eta: 15:37:47  time: 0.3718  data_time: 0.0093  memory: 5994  loss: nan  decode.loss_ce: nan  decode.acc_seg: 95.2539
2025/03/09 03:55:21 - mmengine - INFO - Saving checkpoint at 23800 iterations
2025/03/09 03:55:45 - mmengine - INFO - Iter(train) [ 23850/160000]  lr: 8.8418e-05  eta: 15:37:50  time: 0.3692  data_time: 0.0092  memory: 5994  loss: nan  decode.loss_ce: nan  decode.acc_seg: 96.4149
2025/03/09 03:56:04 - mmengine - INFO - Iter(train) [ 23900/160000]  lr: 8.8172e-05  eta: 15:37:17  time: 0.3686  data_time: 0.0085  memory: 5994  loss: nan  decode.loss_ce: nan  decode.acc_seg: 97.1870
2025/03/09 03:56:22 - mmengine - INFO - Iter(train) [ 23950/160000]  lr: 8.7925e-05  eta: 15:36:44  time: 0.3686  data_time: 0.0091  memory: 5994  loss: nan  decode.loss_ce: nan  decode.acc_seg: 93.3424
2025/03/09 03:56:41 - mmengine - INFO - Exp name: fpn_poolformer_s36_8x4_512x512_40k_ade20k_20250309_005445
2025/03/09 03:56:41 - mmengine - INFO - Iter(train) [ 24000/160000]  lr: 8.7679e-05  eta: 15:36:10  time: 0.3684  data_time: 0.0092  memory: 5994  loss: nan  decode.loss_ce: nan  decode.acc_seg: 91.7511
2025/03/09 03:56:59 - mmengine - INFO - Iter(train) [ 24050/160000]  lr: 8.7432e-05  eta: 15:35:37  time: 0.3698  data_time: 0.0088  memory: 5994  loss: nan  decode.loss_ce: nan  decode.acc_seg: 93.1236
2025/03/09 03:57:18 - mmengine - INFO - Iter(train) [ 24100/160000]  lr: 8.7185e-05  eta: 15:35:05  time: 0.3707  data_time: 0.0090  memory: 5994  loss: nan  decode.loss_ce: nan  decode.acc_seg: 94.8490
2025/03/09 03:57:36 - mmengine - INFO - Iter(train) [ 24150/160000]  lr: 8.6938e-05  eta: 15:34:32  time: 0.3696  data_time: 0.0086  memory: 5994  loss: nan  decode.loss_ce: nan  decode.acc_seg: 93.1994
2025/03/09 03:57:55 - mmengine - INFO - Iter(train) [ 24200/160000]  lr: 8.6692e-05  eta: 15:33:59  time: 0.3707  data_time: 0.0089  memory: 5994  loss: nan  decode.loss_ce: nan  decode.acc_seg: 98.0290
2025/03/09 03:58:13 - mmengine - INFO - Iter(train) [ 24250/160000]  lr: 8.6445e-05  eta: 15:33:27  time: 0.3705  data_time: 0.0088  memory: 5994  loss: nan  decode.loss_ce: nan  decode.acc_seg: 96.9320
2025/03/09 03:58:32 - mmengine - INFO - Iter(train) [ 24300/160000]  lr: 8.6198e-05  eta: 15:32:54  time: 0.3677  data_time: 0.0083  memory: 5994  loss: nan  decode.loss_ce: nan  decode.acc_seg: 95.8813
2025/03/09 03:58:50 - mmengine - INFO - Iter(train) [ 24350/160000]  lr: 8.5951e-05  eta: 15:32:22  time: 0.3706  data_time: 0.0091  memory: 5994  loss: nan  decode.loss_ce: nan  decode.acc_seg: 98.8869
2025/03/09 03:59:09 - mmengine - INFO - Iter(train) [ 24400/160000]  lr: 8.5703e-05  eta: 15:31:49  time: 0.3691  data_time: 0.0087  memory: 5994  loss: nan  decode.loss_ce: nan  decode.acc_seg: 93.2488
2025/03/09 03:59:27 - mmengine - INFO - Iter(train) [ 24450/160000]  lr: 8.5456e-05  eta: 15:31:17  time: 0.3701  data_time: 0.0092  memory: 5994  loss: nan  decode.loss_ce: nan  decode.acc_seg: 93.5796
2025/03/09 03:59:46 - mmengine - INFO - Iter(train) [ 24500/160000]  lr: 8.5209e-05  eta: 15:30:44  time: 0.3698  data_time: 0.0090  memory: 5994  loss: nan  decode.loss_ce: nan  decode.acc_seg: 98.8947
2025/03/09 03:59:55 - mmengine - INFO - Iter(val) [ 50/869]    eta: 0:02:29  time: 0.1793  data_time: 0.0027  memory: 810  
2025/03/09 04:00:04 - mmengine - INFO - Iter(val) [100/869]    eta: 0:02:18  time: 0.1786  data_time: 0.0023  memory: 810  
2025/03/09 04:00:13 - mmengine - INFO - Iter(val) [150/869]    eta: 0:02:09  time: 0.1790  data_time: 0.0024  memory: 810  
2025/03/09 04:00:22 - mmengine - INFO - Iter(val) [200/869]    eta: 0:02:00  time: 0.1791  data_time: 0.0024  memory: 810  
2025/03/09 04:00:31 - mmengine - INFO - Iter(val) [250/869]    eta: 0:01:51  time: 0.1797  data_time: 0.0027  memory: 810  
2025/03/09 04:00:40 - mmengine - INFO - Iter(val) [300/869]    eta: 0:01:42  time: 0.1785  data_time: 0.0024  memory: 810  
2025/03/09 04:00:49 - mmengine - INFO - Iter(val) [350/869]    eta: 0:01:33  time: 0.1781  data_time: 0.0021  memory: 810  
2025/03/09 04:00:57 - mmengine - INFO - Iter(val) [400/869]    eta: 0:01:24  time: 0.1784  data_time: 0.0022  memory: 810  
2025/03/09 04:01:06 - mmengine - INFO - Iter(val) [450/869]    eta: 0:01:15  time: 0.1789  data_time: 0.0022  memory: 810  
2025/03/09 04:01:15 - mmengine - INFO - Iter(val) [500/869]    eta: 0:01:06  time: 0.1785  data_time: 0.0022  memory: 810  
2025/03/09 04:01:24 - mmengine - INFO - Iter(val) [550/869]    eta: 0:00:57  time: 0.1786  data_time: 0.0025  memory: 810  
2025/03/09 04:01:33 - mmengine - INFO - Iter(val) [600/869]    eta: 0:00:48  time: 0.1786  data_time: 0.0023  memory: 810  
2025/03/09 04:01:42 - mmengine - INFO - Iter(val) [650/869]    eta: 0:00:39  time: 0.1780  data_time: 0.0023  memory: 810  
2025/03/09 04:01:51 - mmengine - INFO - Iter(val) [700/869]    eta: 0:00:30  time: 0.1795  data_time: 0.0027  memory: 810  
2025/03/09 04:02:00 - mmengine - INFO - Iter(val) [750/869]    eta: 0:00:21  time: 0.1786  data_time: 0.0024  memory: 810  
2025/03/09 04:02:09 - mmengine - INFO - Iter(val) [800/869]    eta: 0:00:12  time: 0.1784  data_time: 0.0024  memory: 810  
2025/03/09 04:02:18 - mmengine - INFO - Iter(val) [850/869]    eta: 0:00:03  time: 0.1783  data_time: 0.0023  memory: 810  
2025/03/09 04:02:21 - mmengine - INFO - per class results:
2025/03/09 04:02:21 - mmengine - INFO - 
+------------+-------+-------+--------+-----------+--------+
|   Class    |  IoU  |  Acc  | Fscore | Precision | Recall |
+------------+-------+-------+--------+-----------+--------+
| background | 95.91 | 100.0 | 97.91  |   95.91   | 100.0  |
|    ghaf    |  0.0  |  0.0  |  nan   |    nan    |  0.0   |
+------------+-------+-------+--------+-----------+--------+
2025/03/09 04:02:21 - mmengine - INFO - Iter(val) [869/869]    aAcc: 95.9100  mIoU: 47.9600  mAcc: 50.0000  mFscore: 97.9100  mPrecision: 95.9100  mRecall: 50.0000  data_time: 0.0026  time: 0.1789
2025/03/09 04:02:40 - mmengine - INFO - Iter(train) [ 24550/160000]  lr: 8.4961e-05  eta: 15:30:12  time: 0.3672  data_time: 0.0089  memory: 5994  loss: nan  decode.loss_ce: nan  decode.acc_seg: 94.9784
2025/03/09 04:02:58 - mmengine - INFO - Iter(train) [ 24600/160000]  lr: 8.4714e-05  eta: 15:29:39  time: 0.3679  data_time: 0.0087  memory: 5994  loss: nan  decode.loss_ce: nan  decode.acc_seg: 99.2326
2025/03/09 04:03:16 - mmengine - INFO - Iter(train) [ 24650/160000]  lr: 8.4466e-05  eta: 15:29:06  time: 0.3697  data_time: 0.0083  memory: 5994  loss: nan  decode.loss_ce: nan  decode.acc_seg: 99.8822
2025/03/09 04:03:35 - mmengine - INFO - Iter(train) [ 24700/160000]  lr: 8.4219e-05  eta: 15:28:33  time: 0.3681  data_time: 0.0086  memory: 5994  loss: nan  decode.loss_ce: nan  decode.acc_seg: 97.4038
2025/03/09 04:03:53 - mmengine - INFO - Iter(train) [ 24750/160000]  lr: 8.3971e-05  eta: 15:28:02  time: 0.3691  data_time: 0.0086  memory: 5994  loss: nan  decode.loss_ce: nan  decode.acc_seg: 99.7698
2025/03/09 04:04:12 - mmengine - INFO - Iter(train) [ 24800/160000]  lr: 8.3723e-05  eta: 15:27:30  time: 0.3713  data_time: 0.0086  memory: 5994  loss: nan  decode.loss_ce: nan  decode.acc_seg: 98.9670
2025/03/09 04:04:31 - mmengine - INFO - Iter(train) [ 24850/160000]  lr: 8.3475e-05  eta: 15:26:58  time: 0.3693  data_time: 0.0090  memory: 5994  loss: nan  decode.loss_ce: nan  decode.acc_seg: 97.5258
2025/03/09 04:04:49 - mmengine - INFO - Iter(train) [ 24900/160000]  lr: 8.3227e-05  eta: 15:26:26  time: 0.3694  data_time: 0.0091  memory: 5994  loss: nan  decode.loss_ce: nan  decode.acc_seg: 90.7488
2025/03/09 04:05:07 - mmengine - INFO - Iter(train) [ 24950/160000]  lr: 8.2979e-05  eta: 15:25:54  time: 0.3704  data_time: 0.0091  memory: 5994  loss: nan  decode.loss_ce: nan  decode.acc_seg: 98.2999
2025/03/09 04:05:26 - mmengine - INFO - Exp name: fpn_poolformer_s36_8x4_512x512_40k_ade20k_20250309_005445
2025/03/09 04:05:26 - mmengine - INFO - Iter(train) [ 25000/160000]  lr: 8.2731e-05  eta: 15:25:22  time: 0.3700  data_time: 0.0088  memory: 5994  loss: nan  decode.loss_ce: nan  decode.acc_seg: 77.7498
2025/03/09 04:05:44 - mmengine - INFO - Iter(train) [ 25050/160000]  lr: 8.2483e-05  eta: 15:24:51  time: 0.3699  data_time: 0.0086  memory: 5994  loss: nan  decode.loss_ce: nan  decode.acc_seg: 89.8266
2025/03/09 04:06:03 - mmengine - INFO - Iter(train) [ 25100/160000]  lr: 8.2234e-05  eta: 15:24:19  time: 0.3679  data_time: 0.0084  memory: 5994  loss: nan  decode.loss_ce: nan  decode.acc_seg: 95.2124
2025/03/09 04:06:21 - mmengine - INFO - Iter(train) [ 25150/160000]  lr: 8.1986e-05  eta: 15:23:47  time: 0.3699  data_time: 0.0092  memory: 5994  loss: nan  decode.loss_ce: nan  decode.acc_seg: 95.7270
2025/03/09 04:06:40 - mmengine - INFO - Iter(train) [ 25200/160000]  lr: 8.1737e-05  eta: 15:23:15  time: 0.3718  data_time: 0.0093  memory: 5994  loss: nan  decode.loss_ce: nan  decode.acc_seg: 91.3364
2025/03/09 04:06:58 - mmengine - INFO - Iter(train) [ 25250/160000]  lr: 8.1489e-05  eta: 15:22:44  time: 0.3700  data_time: 0.0088  memory: 5994  loss: nan  decode.loss_ce: nan  decode.acc_seg: 98.1953
2025/03/09 04:07:17 - mmengine - INFO - Iter(train) [ 25300/160000]  lr: 8.1240e-05  eta: 15:22:12  time: 0.3666  data_time: 0.0087  memory: 5994  loss: nan  decode.loss_ce: nan  decode.acc_seg: 98.2131
2025/03/09 04:07:35 - mmengine - INFO - Iter(train) [ 25350/160000]  lr: 8.0992e-05  eta: 15:21:41  time: 0.3695  data_time: 0.0091  memory: 5994  loss: nan  decode.loss_ce: nan  decode.acc_seg: 96.5104
2025/03/09 04:07:54 - mmengine - INFO - Iter(train) [ 25400/160000]  lr: 8.0743e-05  eta: 15:21:10  time: 0.3665  data_time: 0.0082  memory: 5994  loss: nan  decode.loss_ce: nan  decode.acc_seg: 96.1530
2025/03/09 04:08:12 - mmengine - INFO - Iter(train) [ 25450/160000]  lr: 8.0494e-05  eta: 15:20:38  time: 0.3707  data_time: 0.0091  memory: 5994  loss: nan  decode.loss_ce: nan  decode.acc_seg: 98.6997
2025/03/09 04:08:31 - mmengine - INFO - Iter(train) [ 25500/160000]  lr: 8.0245e-05  eta: 15:20:07  time: 0.3715  data_time: 0.0091  memory: 5994  loss: nan  decode.loss_ce: nan  decode.acc_seg: 99.5073
2025/03/09 04:08:49 - mmengine - INFO - Iter(train) [ 25550/160000]  lr: 7.9996e-05  eta: 15:19:36  time: 0.3697  data_time: 0.0088  memory: 5994  loss: nan  decode.loss_ce: nan  decode.acc_seg: 97.1570
2025/03/09 04:09:08 - mmengine - INFO - Iter(train) [ 25600/160000]  lr: 7.9747e-05  eta: 15:19:05  time: 0.3703  data_time: 0.0086  memory: 5994  loss: nan  decode.loss_ce: nan  decode.acc_seg: 91.8300
2025/03/09 04:09:26 - mmengine - INFO - Iter(train) [ 25650/160000]  lr: 7.9497e-05  eta: 15:18:34  time: 0.3704  data_time: 0.0091  memory: 5994  loss: nan  decode.loss_ce: nan  decode.acc_seg: 96.7758
2025/03/09 04:09:45 - mmengine - INFO - Iter(train) [ 25700/160000]  lr: 7.9248e-05  eta: 15:18:01  time: 0.3617  data_time: 0.0076  memory: 5994  loss: nan  decode.loss_ce: nan  decode.acc_seg: 95.5047
2025/03/09 04:10:03 - mmengine - INFO - Iter(train) [ 25750/160000]  lr: 7.8999e-05  eta: 15:17:29  time: 0.3659  data_time: 0.0078  memory: 5994  loss: nan  decode.loss_ce: nan  decode.acc_seg: 97.9972
2025/03/09 04:10:21 - mmengine - INFO - Iter(train) [ 25800/160000]  lr: 7.8749e-05  eta: 15:16:57  time: 0.3657  data_time: 0.0084  memory: 5994  loss: nan  decode.loss_ce: nan  decode.acc_seg: 99.3113
2025/03/09 04:10:39 - mmengine - INFO - Iter(train) [ 25850/160000]  lr: 7.8499e-05  eta: 15:16:25  time: 0.3667  data_time: 0.0080  memory: 5994  loss: nan  decode.loss_ce: nan  decode.acc_seg: 98.8350
2025/03/09 04:10:58 - mmengine - INFO - Iter(train) [ 25900/160000]  lr: 7.8250e-05  eta: 15:15:53  time: 0.3624  data_time: 0.0077  memory: 5994  loss: nan  decode.loss_ce: nan  decode.acc_seg: 95.9148
2025/03/09 04:11:16 - mmengine - INFO - Iter(train) [ 25950/160000]  lr: 7.8000e-05  eta: 15:15:21  time: 0.3663  data_time: 0.0080  memory: 5994  loss: nan  decode.loss_ce: nan  decode.acc_seg: 98.2155
2025/03/09 04:11:34 - mmengine - INFO - Exp name: fpn_poolformer_s36_8x4_512x512_40k_ade20k_20250309_005445
2025/03/09 04:11:34 - mmengine - INFO - Iter(train) [ 26000/160000]  lr: 7.7750e-05  eta: 15:14:50  time: 0.3674  data_time: 0.0075  memory: 5994  loss: nan  decode.loss_ce: nan  decode.acc_seg: 88.3581
2025/03/09 04:11:53 - mmengine - INFO - Iter(train) [ 26050/160000]  lr: 7.7500e-05  eta: 15:14:18  time: 0.3672  data_time: 0.0077  memory: 5994  loss: nan  decode.loss_ce: nan  decode.acc_seg: 91.0157
2025/03/09 04:12:11 - mmengine - INFO - Iter(train) [ 26100/160000]  lr: 7.7250e-05  eta: 15:13:46  time: 0.3655  data_time: 0.0077  memory: 5994  loss: nan  decode.loss_ce: nan  decode.acc_seg: 95.1555
2025/03/09 04:12:29 - mmengine - INFO - Iter(train) [ 26150/160000]  lr: 7.7000e-05  eta: 15:13:15  time: 0.3664  data_time: 0.0079  memory: 5994  loss: nan  decode.loss_ce: nan  decode.acc_seg: 87.9431
2025/03/09 04:12:48 - mmengine - INFO - Iter(train) [ 26200/160000]  lr: 7.6750e-05  eta: 15:12:44  time: 0.3693  data_time: 0.0085  memory: 5994  loss: nan  decode.loss_ce: nan  decode.acc_seg: 92.2715
2025/03/09 04:14:32 - mmengine - INFO - Iter(train) [ 26250/160000]  lr: 7.6499e-05  eta: 15:19:32  time: 0.3498  data_time: 0.0079  memory: 5994  loss: nan  decode.loss_ce: nan  decode.acc_seg: 90.7438
2025/03/09 04:14:50 - mmengine - INFO - Iter(train) [ 26300/160000]  lr: 7.6249e-05  eta: 15:18:56  time: 0.3503  data_time: 0.0076  memory: 5994  loss: nan  decode.loss_ce: nan  decode.acc_seg: 99.5787
2025/03/09 04:15:08 - mmengine - INFO - Iter(train) [ 26350/160000]  lr: 7.5999e-05  eta: 15:18:20  time: 0.3522  data_time: 0.0075  memory: 5994  loss: nan  decode.loss_ce: nan  decode.acc_seg: 99.3845
2025/03/09 04:15:25 - mmengine - INFO - Iter(train) [ 26400/160000]  lr: 7.5748e-05  eta: 15:17:45  time: 0.3529  data_time: 0.0073  memory: 5994  loss: nan  decode.loss_ce: nan  decode.acc_seg: 97.0933
2025/03/09 04:15:43 - mmengine - INFO - Iter(train) [ 26450/160000]  lr: 7.5497e-05  eta: 15:17:10  time: 0.3638  data_time: 0.0081  memory: 5994  loss: nan  decode.loss_ce: nan  decode.acc_seg: 99.8022
2025/03/09 04:16:01 - mmengine - INFO - Iter(train) [ 26500/160000]  lr: 7.5246e-05  eta: 15:16:37  time: 0.3607  data_time: 0.0076  memory: 5994  loss: nan  decode.loss_ce: nan  decode.acc_seg: 98.0974
2025/03/09 04:16:19 - mmengine - INFO - Iter(train) [ 26550/160000]  lr: 7.4996e-05  eta: 15:16:03  time: 0.3596  data_time: 0.0078  memory: 5994  loss: nan  decode.loss_ce: nan  decode.acc_seg: 98.9817
2025/03/09 04:16:38 - mmengine - INFO - Iter(train) [ 26600/160000]  lr: 7.4745e-05  eta: 15:15:31  time: 0.3694  data_time: 0.0084  memory: 5994  loss: nan  decode.loss_ce: nan  decode.acc_seg: 98.2010
2025/03/09 04:16:56 - mmengine - INFO - Iter(train) [ 26650/160000]  lr: 7.4494e-05  eta: 15:15:00  time: 0.3697  data_time: 0.0083  memory: 5994  loss: nan  decode.loss_ce: nan  decode.acc_seg: 91.5406
2025/03/09 04:17:14 - mmengine - INFO - Iter(train) [ 26700/160000]  lr: 7.4242e-05  eta: 15:14:29  time: 0.3688  data_time: 0.0082  memory: 5994  loss: nan  decode.loss_ce: nan  decode.acc_seg: 96.2197
2025/03/09 04:17:33 - mmengine - INFO - Iter(train) [ 26750/160000]  lr: 7.3991e-05  eta: 15:13:57  time: 0.3630  data_time: 0.0079  memory: 5994  loss: nan  decode.loss_ce: nan  decode.acc_seg: 95.1192
2025/03/09 04:17:51 - mmengine - INFO - Iter(train) [ 26800/160000]  lr: 7.3740e-05  eta: 15:13:25  time: 0.3657  data_time: 0.0080  memory: 5994  loss: nan  decode.loss_ce: nan  decode.acc_seg: 97.5576
2025/03/09 04:18:09 - mmengine - INFO - Iter(train) [ 26850/160000]  lr: 7.3488e-05  eta: 15:12:52  time: 0.3662  data_time: 0.0079  memory: 5994  loss: nan  decode.loss_ce: nan  decode.acc_seg: 99.9025
2025/03/09 04:18:27 - mmengine - INFO - Iter(train) [ 26900/160000]  lr: 7.3237e-05  eta: 15:12:20  time: 0.3629  data_time: 0.0079  memory: 5994  loss: nan  decode.loss_ce: nan  decode.acc_seg: 90.4222
2025/03/09 04:18:46 - mmengine - INFO - Iter(train) [ 26950/160000]  lr: 7.2985e-05  eta: 15:11:48  time: 0.3735  data_time: 0.0130  memory: 5994  loss: nan  decode.loss_ce: nan  decode.acc_seg: 100.0000
2025/03/09 04:19:05 - mmengine - INFO - Exp name: fpn_poolformer_s36_8x4_512x512_40k_ade20k_20250309_005445
2025/03/09 04:19:05 - mmengine - INFO - Iter(train) [ 27000/160000]  lr: 7.2734e-05  eta: 15:11:19  time: 0.3778  data_time: 0.0151  memory: 5994  loss: nan  decode.loss_ce: nan  decode.acc_seg: 95.0692
2025/03/09 04:19:23 - mmengine - INFO - Iter(train) [ 27050/160000]  lr: 7.2482e-05  eta: 15:10:50  time: 0.3768  data_time: 0.0128  memory: 5994  loss: nan  decode.loss_ce: nan  decode.acc_seg: 99.1912
2025/03/09 04:19:42 - mmengine - INFO - Iter(train) [ 27100/160000]  lr: 7.2230e-05  eta: 15:10:19  time: 0.3685  data_time: 0.0129  memory: 5994  loss: nan  decode.loss_ce: nan  decode.acc_seg: 96.4645
2025/03/09 04:20:00 - mmengine - INFO - Iter(train) [ 27150/160000]  lr: 7.1978e-05  eta: 15:09:48  time: 0.3666  data_time: 0.0129  memory: 5994  loss: nan  decode.loss_ce: nan  decode.acc_seg: 100.0000
2025/03/09 04:20:19 - mmengine - INFO - Iter(train) [ 27200/160000]  lr: 7.1726e-05  eta: 15:09:18  time: 0.3673  data_time: 0.0083  memory: 5994  loss: nan  decode.loss_ce: nan  decode.acc_seg: 99.5048
2025/03/09 04:20:19 - mmengine - INFO - Saving checkpoint at 27200 iterations
2025/03/09 04:20:43 - mmengine - INFO - Iter(train) [ 27250/160000]  lr: 7.1473e-05  eta: 15:09:14  time: 0.3673  data_time: 0.0078  memory: 5994  loss: nan  decode.loss_ce: nan  decode.acc_seg: 93.3971
2025/03/09 04:21:01 - mmengine - INFO - Iter(train) [ 27300/160000]  lr: 7.1221e-05  eta: 15:08:42  time: 0.3658  data_time: 0.0079  memory: 5994  loss: nan  decode.loss_ce: nan  decode.acc_seg: 96.2924
2025/03/09 04:21:19 - mmengine - INFO - Iter(train) [ 27350/160000]  lr: 7.0969e-05  eta: 15:08:10  time: 0.3654  data_time: 0.0084  memory: 5994  loss: nan  decode.loss_ce: nan  decode.acc_seg: 95.7427
2025/03/09 04:21:38 - mmengine - INFO - Iter(train) [ 27400/160000]  lr: 7.0716e-05  eta: 15:07:39  time: 0.3671  data_time: 0.0090  memory: 5994  loss: nan  decode.loss_ce: nan  decode.acc_seg: 95.1828
2025/03/09 04:21:56 - mmengine - INFO - Iter(train) [ 27450/160000]  lr: 7.0464e-05  eta: 15:07:08  time: 0.3696  data_time: 0.0089  memory: 5994  loss: nan  decode.loss_ce: nan  decode.acc_seg: 97.6357
2025/03/09 04:22:14 - mmengine - INFO - Iter(train) [ 27500/160000]  lr: 7.0211e-05  eta: 15:06:38  time: 0.3685  data_time: 0.0094  memory: 5994  loss: nan  decode.loss_ce: nan  decode.acc_seg: 96.8995
2025/03/09 04:22:33 - mmengine - INFO - Iter(train) [ 27550/160000]  lr: 6.9958e-05  eta: 15:06:07  time: 0.3675  data_time: 0.0091  memory: 5994  loss: nan  decode.loss_ce: nan  decode.acc_seg: 97.9124
2025/03/09 04:22:51 - mmengine - INFO - Iter(train) [ 27600/160000]  lr: 6.9705e-05  eta: 15:05:36  time: 0.3691  data_time: 0.0092  memory: 5994  loss: nan  decode.loss_ce: nan  decode.acc_seg: 100.0000
2025/03/09 04:23:09 - mmengine - INFO - Iter(train) [ 27650/160000]  lr: 6.9452e-05  eta: 15:05:05  time: 0.3661  data_time: 0.0089  memory: 5994  loss: nan  decode.loss_ce: nan  decode.acc_seg: 99.4503
2025/03/09 04:23:28 - mmengine - INFO - Iter(train) [ 27700/160000]  lr: 6.9199e-05  eta: 15:04:34  time: 0.3681  data_time: 0.0097  memory: 5994  loss: nan  decode.loss_ce: nan  decode.acc_seg: 99.7621
2025/03/09 04:23:46 - mmengine - INFO - Iter(train) [ 27750/160000]  lr: 6.8946e-05  eta: 15:04:03  time: 0.3696  data_time: 0.0099  memory: 5994  loss: nan  decode.loss_ce: nan  decode.acc_seg: 87.8045
2025/03/09 04:24:04 - mmengine - INFO - Iter(train) [ 27800/160000]  lr: 6.8693e-05  eta: 15:03:32  time: 0.3686  data_time: 0.0097  memory: 5994  loss: nan  decode.loss_ce: nan  decode.acc_seg: 92.3026
2025/03/09 04:24:23 - mmengine - INFO - Iter(train) [ 27850/160000]  lr: 6.8439e-05  eta: 15:03:02  time: 0.3699  data_time: 0.0090  memory: 5994  loss: nan  decode.loss_ce: nan  decode.acc_seg: 96.4824
2025/03/09 04:24:41 - mmengine - INFO - Iter(train) [ 27900/160000]  lr: 6.8186e-05  eta: 15:02:31  time: 0.3618  data_time: 0.0080  memory: 5994  loss: nan  decode.loss_ce: nan  decode.acc_seg: 95.9625
2025/03/09 04:24:59 - mmengine - INFO - Iter(train) [ 27950/160000]  lr: 6.7932e-05  eta: 15:02:00  time: 0.3653  data_time: 0.0090  memory: 5994  loss: nan  decode.loss_ce: nan  decode.acc_seg: 98.1703
2025/03/09 04:25:18 - mmengine - INFO - Exp name: fpn_poolformer_s36_8x4_512x512_40k_ade20k_20250309_005445
2025/03/09 04:25:18 - mmengine - INFO - Iter(train) [ 28000/160000]  lr: 6.7678e-05  eta: 15:01:29  time: 0.3690  data_time: 0.0096  memory: 5994  loss: nan  decode.loss_ce: nan  decode.acc_seg: 97.3238
2025/03/09 04:25:27 - mmengine - INFO - Iter(val) [ 50/869]    eta: 0:02:28  time: 0.1792  data_time: 0.0023  memory: 810  
2025/03/09 04:25:36 - mmengine - INFO - Iter(val) [100/869]    eta: 0:02:18  time: 0.1791  data_time: 0.0023  memory: 810  
2025/03/09 04:25:45 - mmengine - INFO - Iter(val) [150/869]    eta: 0:02:09  time: 0.1807  data_time: 0.0026  memory: 810  
2025/03/09 04:25:54 - mmengine - INFO - Iter(val) [200/869]    eta: 0:02:00  time: 0.1791  data_time: 0.0026  memory: 810  
2025/03/09 04:26:03 - mmengine - INFO - Iter(val) [250/869]    eta: 0:01:51  time: 0.1787  data_time: 0.0024  memory: 810  
2025/03/09 04:26:12 - mmengine - INFO - Iter(val) [300/869]    eta: 0:01:42  time: 0.1789  data_time: 0.0023  memory: 810  
2025/03/09 04:26:21 - mmengine - INFO - Iter(val) [350/869]    eta: 0:01:33  time: 0.1787  data_time: 0.0023  memory: 810  
2025/03/09 04:26:30 - mmengine - INFO - Iter(val) [400/869]    eta: 0:01:24  time: 0.1787  data_time: 0.0024  memory: 810  
2025/03/09 04:26:39 - mmengine - INFO - Iter(val) [450/869]    eta: 0:01:15  time: 0.1787  data_time: 0.0025  memory: 810  
2025/03/09 04:26:48 - mmengine - INFO - Iter(val) [500/869]    eta: 0:01:06  time: 0.1786  data_time: 0.0023  memory: 810  
2025/03/09 04:26:57 - mmengine - INFO - Iter(val) [550/869]    eta: 0:00:57  time: 0.1786  data_time: 0.0022  memory: 810  
2025/03/09 04:27:05 - mmengine - INFO - Iter(val) [600/869]    eta: 0:00:48  time: 0.1789  data_time: 0.0023  memory: 810  
2025/03/09 04:27:14 - mmengine - INFO - Iter(val) [650/869]    eta: 0:00:39  time: 0.1787  data_time: 0.0024  memory: 810  
2025/03/09 04:27:23 - mmengine - INFO - Iter(val) [700/869]    eta: 0:00:30  time: 0.1788  data_time: 0.0024  memory: 810  
2025/03/09 04:27:32 - mmengine - INFO - Iter(val) [750/869]    eta: 0:00:21  time: 0.1788  data_time: 0.0024  memory: 810  
2025/03/09 04:27:41 - mmengine - INFO - Iter(val) [800/869]    eta: 0:00:12  time: 0.1787  data_time: 0.0023  memory: 810  
2025/03/09 04:27:50 - mmengine - INFO - Iter(val) [850/869]    eta: 0:00:03  time: 0.1787  data_time: 0.0025  memory: 810  
2025/03/09 04:27:54 - mmengine - INFO - per class results:
2025/03/09 04:27:54 - mmengine - INFO - 
+------------+-------+-------+--------+-----------+--------+
|   Class    |  IoU  |  Acc  | Fscore | Precision | Recall |
+------------+-------+-------+--------+-----------+--------+
| background | 95.91 | 100.0 | 97.91  |   95.91   | 100.0  |
|    ghaf    |  0.0  |  0.0  |  nan   |    nan    |  0.0   |
+------------+-------+-------+--------+-----------+--------+
2025/03/09 04:27:54 - mmengine - INFO - Iter(val) [869/869]    aAcc: 95.9100  mIoU: 47.9600  mAcc: 50.0000  mFscore: 97.9100  mPrecision: 95.9100  mRecall: 50.0000  data_time: 0.0025  time: 0.1791
2025/03/09 04:28:12 - mmengine - INFO - Iter(train) [ 28050/160000]  lr: 6.7424e-05  eta: 15:00:59  time: 0.3652  data_time: 0.0094  memory: 5994  loss: nan  decode.loss_ce: nan  decode.acc_seg: 90.6946
2025/03/09 04:28:30 - mmengine - INFO - Iter(train) [ 28100/160000]  lr: 6.7170e-05  eta: 15:00:29  time: 0.3662  data_time: 0.0094  memory: 5994  loss: nan  decode.loss_ce: nan  decode.acc_seg: 97.1393
2025/03/09 04:28:49 - mmengine - INFO - Iter(train) [ 28150/160000]  lr: 6.6916e-05  eta: 14:59:58  time: 0.3670  data_time: 0.0098  memory: 5994  loss: nan  decode.loss_ce: nan  decode.acc_seg: 99.9418
2025/03/09 04:29:07 - mmengine - INFO - Iter(train) [ 28200/160000]  lr: 6.6662e-05  eta: 14:59:27  time: 0.3648  data_time: 0.0085  memory: 5994  loss: nan  decode.loss_ce: nan  decode.acc_seg: 98.8584
2025/03/09 04:29:25 - mmengine - INFO - Iter(train) [ 28250/160000]  lr: 6.6408e-05  eta: 14:58:57  time: 0.3610  data_time: 0.0083  memory: 5994  loss: nan  decode.loss_ce: nan  decode.acc_seg: 99.9014
2025/03/09 04:29:44 - mmengine - INFO - Iter(train) [ 28300/160000]  lr: 6.6154e-05  eta: 14:58:27  time: 0.3643  data_time: 0.0086  memory: 5994  loss: nan  decode.loss_ce: nan  decode.acc_seg: 93.5120
2025/03/09 04:30:02 - mmengine - INFO - Iter(train) [ 28350/160000]  lr: 6.5899e-05  eta: 14:57:57  time: 0.3679  data_time: 0.0090  memory: 5994  loss: nan  decode.loss_ce: nan  decode.acc_seg: 87.3663
2025/03/09 04:30:21 - mmengine - INFO - Iter(train) [ 28400/160000]  lr: 6.5644e-05  eta: 14:57:27  time: 0.3741  data_time: 0.0100  memory: 5994  loss: nan  decode.loss_ce: nan  decode.acc_seg: 86.3267
2025/03/09 04:30:39 - mmengine - INFO - Iter(train) [ 28450/160000]  lr: 6.5390e-05  eta: 14:56:58  time: 0.3721  data_time: 0.0102  memory: 5994  loss: nan  decode.loss_ce: nan  decode.acc_seg: 94.3489
2025/03/09 04:30:58 - mmengine - INFO - Iter(train) [ 28500/160000]  lr: 6.5135e-05  eta: 14:56:28  time: 0.3658  data_time: 0.0087  memory: 5994  loss: nan  decode.loss_ce: nan  decode.acc_seg: 99.6440
2025/03/09 04:31:16 - mmengine - INFO - Iter(train) [ 28550/160000]  lr: 6.4880e-05  eta: 14:55:57  time: 0.3663  data_time: 0.0092  memory: 5994  loss: nan  decode.loss_ce: nan  decode.acc_seg: 95.9355
2025/03/09 04:31:34 - mmengine - INFO - Iter(train) [ 28600/160000]  lr: 6.4625e-05  eta: 14:55:28  time: 0.3671  data_time: 0.0094  memory: 5994  loss: nan  decode.loss_ce: nan  decode.acc_seg: 91.9367
2025/03/09 04:31:53 - mmengine - INFO - Iter(train) [ 28650/160000]  lr: 6.4370e-05  eta: 14:54:58  time: 0.3688  data_time: 0.0100  memory: 5994  loss: nan  decode.loss_ce: nan  decode.acc_seg: 93.8622
2025/03/09 04:32:11 - mmengine - INFO - Iter(train) [ 28700/160000]  lr: 6.4115e-05  eta: 14:54:29  time: 0.3717  data_time: 0.0105  memory: 5994  loss: nan  decode.loss_ce: nan  decode.acc_seg: 89.5529
2025/03/09 04:32:30 - mmengine - INFO - Iter(train) [ 28750/160000]  lr: 6.3859e-05  eta: 14:53:59  time: 0.3636  data_time: 0.0088  memory: 5994  loss: nan  decode.loss_ce: nan  decode.acc_seg: 98.9482
2025/03/09 04:32:48 - mmengine - INFO - Iter(train) [ 28800/160000]  lr: 6.3604e-05  eta: 14:53:29  time: 0.3691  data_time: 0.0096  memory: 5994  loss: nan  decode.loss_ce: nan  decode.acc_seg: 92.9054
2025/03/09 04:33:06 - mmengine - INFO - Iter(train) [ 28850/160000]  lr: 6.3348e-05  eta: 14:52:59  time: 0.3592  data_time: 0.0076  memory: 5994  loss: nan  decode.loss_ce: nan  decode.acc_seg: 82.9502
2025/03/09 04:33:25 - mmengine - INFO - Iter(train) [ 28900/160000]  lr: 6.3092e-05  eta: 14:52:29  time: 0.3639  data_time: 0.0084  memory: 5994  loss: nan  decode.loss_ce: nan  decode.acc_seg: 94.8134
2025/03/09 04:33:43 - mmengine - INFO - Iter(train) [ 28950/160000]  lr: 6.2836e-05  eta: 14:51:59  time: 0.3622  data_time: 0.0072  memory: 5994  loss: nan  decode.loss_ce: nan  decode.acc_seg: 98.8386
2025/03/09 04:34:01 - mmengine - INFO - Exp name: fpn_poolformer_s36_8x4_512x512_40k_ade20k_20250309_005445
2025/03/09 04:34:01 - mmengine - INFO - Iter(train) [ 29000/160000]  lr: 6.2581e-05  eta: 14:51:30  time: 0.3746  data_time: 0.0099  memory: 5994  loss: nan  decode.loss_ce: nan  decode.acc_seg: 97.1709
2025/03/09 04:34:20 - mmengine - INFO - Iter(train) [ 29050/160000]  lr: 6.2324e-05  eta: 14:51:00  time: 0.3642  data_time: 0.0091  memory: 5994  loss: nan  decode.loss_ce: nan  decode.acc_seg: 99.6290
2025/03/09 04:34:38 - mmengine - INFO - Iter(train) [ 29100/160000]  lr: 6.2068e-05  eta: 14:50:31  time: 0.3666  data_time: 0.0091  memory: 5994  loss: nan  decode.loss_ce: nan  decode.acc_seg: 95.6549
2025/03/09 04:34:57 - mmengine - INFO - Iter(train) [ 29150/160000]  lr: 6.1812e-05  eta: 14:50:01  time: 0.3644  data_time: 0.0090  memory: 5994  loss: nan  decode.loss_ce: nan  decode.acc_seg: 97.8638
2025/03/09 04:35:15 - mmengine - INFO - Iter(train) [ 29200/160000]  lr: 6.1556e-05  eta: 14:49:32  time: 0.3664  data_time: 0.0090  memory: 5994  loss: nan  decode.loss_ce: nan  decode.acc_seg: 95.0778
2025/03/09 04:35:34 - mmengine - INFO - Iter(train) [ 29250/160000]  lr: 6.1299e-05  eta: 14:49:03  time: 0.3657  data_time: 0.0086  memory: 5994  loss: nan  decode.loss_ce: nan  decode.acc_seg: 97.3848
2025/03/09 04:35:52 - mmengine - INFO - Iter(train) [ 29300/160000]  lr: 6.1042e-05  eta: 14:48:33  time: 0.3670  data_time: 0.0101  memory: 5994  loss: nan  decode.loss_ce: nan  decode.acc_seg: 92.7669
2025/03/09 04:36:10 - mmengine - INFO - Iter(train) [ 29350/160000]  lr: 6.0786e-05  eta: 14:48:04  time: 0.3706  data_time: 0.0102  memory: 5994  loss: nan  decode.loss_ce: nan  decode.acc_seg: 100.0000
2025/03/09 04:36:29 - mmengine - INFO - Iter(train) [ 29400/160000]  lr: 6.0529e-05  eta: 14:47:35  time: 0.3716  data_time: 0.0110  memory: 5994  loss: nan  decode.loss_ce: nan  decode.acc_seg: 96.9909
2025/03/09 04:36:47 - mmengine - INFO - Iter(train) [ 29450/160000]  lr: 6.0272e-05  eta: 14:47:06  time: 0.3755  data_time: 0.0111  memory: 5994  loss: nan  decode.loss_ce: nan  decode.acc_seg: 98.3684
2025/03/09 04:37:06 - mmengine - INFO - Iter(train) [ 29500/160000]  lr: 6.0014e-05  eta: 14:46:37  time: 0.3697  data_time: 0.0092  memory: 5994  loss: nan  decode.loss_ce: nan  decode.acc_seg: 99.8879
2025/03/09 04:37:24 - mmengine - INFO - Iter(train) [ 29550/160000]  lr: 5.9757e-05  eta: 14:46:08  time: 0.3672  data_time: 0.0094  memory: 5994  loss: nan  decode.loss_ce: nan  decode.acc_seg: 92.0605
2025/03/09 04:37:42 - mmengine - INFO - Iter(train) [ 29600/160000]  lr: 5.9500e-05  eta: 14:45:38  time: 0.3623  data_time: 0.0088  memory: 5994  loss: nan  decode.loss_ce: nan  decode.acc_seg: 98.6442
2025/03/09 04:38:01 - mmengine - INFO - Iter(train) [ 29650/160000]  lr: 5.9242e-05  eta: 14:45:09  time: 0.3687  data_time: 0.0090  memory: 5994  loss: nan  decode.loss_ce: nan  decode.acc_seg: 86.9294
2025/03/09 04:38:19 - mmengine - INFO - Iter(train) [ 29700/160000]  lr: 5.8985e-05  eta: 14:44:40  time: 0.3650  data_time: 0.0093  memory: 5994  loss: nan  decode.loss_ce: nan  decode.acc_seg: 98.2721
2025/03/09 04:38:38 - mmengine - INFO - Iter(train) [ 29750/160000]  lr: 5.8727e-05  eta: 14:44:11  time: 0.3698  data_time: 0.0095  memory: 5994  loss: nan  decode.loss_ce: nan  decode.acc_seg: 97.5439
2025/03/09 04:38:56 - mmengine - INFO - Iter(train) [ 29800/160000]  lr: 5.8469e-05  eta: 14:43:42  time: 0.3693  data_time: 0.0096  memory: 5994  loss: nan  decode.loss_ce: nan  decode.acc_seg: 98.2301
2025/03/09 04:39:14 - mmengine - INFO - Iter(train) [ 29850/160000]  lr: 5.8211e-05  eta: 14:43:13  time: 0.3635  data_time: 0.0092  memory: 5994  loss: nan  decode.loss_ce: nan  decode.acc_seg: 96.7428
2025/03/09 04:39:33 - mmengine - INFO - Iter(train) [ 29900/160000]  lr: 5.7953e-05  eta: 14:42:45  time: 0.3691  data_time: 0.0093  memory: 5994  loss: nan  decode.loss_ce: nan  decode.acc_seg: 97.0206
2025/03/09 04:39:51 - mmengine - INFO - Iter(train) [ 29950/160000]  lr: 5.7695e-05  eta: 14:42:16  time: 0.3645  data_time: 0.0089  memory: 5994  loss: nan  decode.loss_ce: nan  decode.acc_seg: 92.9803
2025/03/09 04:40:10 - mmengine - INFO - Exp name: fpn_poolformer_s36_8x4_512x512_40k_ade20k_20250309_005445
2025/03/09 04:40:10 - mmengine - INFO - Iter(train) [ 30000/160000]  lr: 5.7436e-05  eta: 14:41:47  time: 0.3684  data_time: 0.0090  memory: 5994  loss: nan  decode.loss_ce: nan  decode.acc_seg: 92.7062
2025/03/09 04:40:28 - mmengine - INFO - Iter(train) [ 30050/160000]  lr: 5.7178e-05  eta: 14:41:18  time: 0.3659  data_time: 0.0099  memory: 5994  loss: nan  decode.loss_ce: nan  decode.acc_seg: 94.5663
2025/03/09 04:40:47 - mmengine - INFO - Iter(train) [ 30100/160000]  lr: 5.6919e-05  eta: 14:40:50  time: 0.3654  data_time: 0.0086  memory: 5994  loss: nan  decode.loss_ce: nan  decode.acc_seg: 99.9033
2025/03/09 04:41:05 - mmengine - INFO - Iter(train) [ 30150/160000]  lr: 5.6660e-05  eta: 14:40:21  time: 0.3650  data_time: 0.0091  memory: 5994  loss: nan  decode.loss_ce: nan  decode.acc_seg: 96.7623
2025/03/09 04:41:23 - mmengine - INFO - Iter(train) [ 30200/160000]  lr: 5.6401e-05  eta: 14:39:52  time: 0.3733  data_time: 0.0096  memory: 5994  loss: nan  decode.loss_ce: nan  decode.acc_seg: 89.9108
2025/03/09 04:41:42 - mmengine - INFO - Iter(train) [ 30250/160000]  lr: 5.6142e-05  eta: 14:39:23  time: 0.3682  data_time: 0.0095  memory: 5994  loss: nan  decode.loss_ce: nan  decode.acc_seg: 97.6610
2025/03/09 04:42:00 - mmengine - INFO - Iter(train) [ 30300/160000]  lr: 5.5883e-05  eta: 14:38:55  time: 0.3682  data_time: 0.0100  memory: 5994  loss: nan  decode.loss_ce: nan  decode.acc_seg: 99.7385
2025/03/09 04:42:18 - mmengine - INFO - Iter(train) [ 30350/160000]  lr: 5.5624e-05  eta: 14:38:26  time: 0.3640  data_time: 0.0098  memory: 5994  loss: nan  decode.loss_ce: nan  decode.acc_seg: 99.1401
2025/03/09 04:42:37 - mmengine - INFO - Iter(train) [ 30400/160000]  lr: 5.5364e-05  eta: 14:37:57  time: 0.3673  data_time: 0.0096  memory: 5994  loss: nan  decode.loss_ce: nan  decode.acc_seg: 99.2603
2025/03/09 04:42:55 - mmengine - INFO - Iter(train) [ 30450/160000]  lr: 5.5105e-05  eta: 14:37:29  time: 0.3700  data_time: 0.0098  memory: 5994  loss: nan  decode.loss_ce: nan  decode.acc_seg: 98.2298
2025/03/09 04:43:14 - mmengine - INFO - Iter(train) [ 30500/160000]  lr: 5.4845e-05  eta: 14:37:00  time: 0.3659  data_time: 0.0089  memory: 5994  loss: nan  decode.loss_ce: nan  decode.acc_seg: 99.0757
2025/03/09 04:43:32 - mmengine - INFO - Iter(train) [ 30550/160000]  lr: 5.4585e-05  eta: 14:36:31  time: 0.3716  data_time: 0.0104  memory: 5994  loss: nan  decode.loss_ce: nan  decode.acc_seg: 99.2790
2025/03/09 04:43:50 - mmengine - INFO - Iter(train) [ 30600/160000]  lr: 5.4325e-05  eta: 14:36:02  time: 0.3626  data_time: 0.0089  memory: 5994  loss: nan  decode.loss_ce: nan  decode.acc_seg: 96.6310
2025/03/09 04:43:50 - mmengine - INFO - Saving checkpoint at 30600 iterations
2025/03/09 04:45:29 - mmengine - INFO - Iter(train) [ 30650/160000]  lr: 5.4065e-05  eta: 14:41:15  time: 0.3491  data_time: 0.0077  memory: 5994  loss: nan  decode.loss_ce: nan  decode.acc_seg: 99.6131
2025/03/09 04:45:47 - mmengine - INFO - Iter(train) [ 30700/160000]  lr: 5.3805e-05  eta: 14:40:42  time: 0.3481  data_time: 0.0072  memory: 5994  loss: nan  decode.loss_ce: nan  decode.acc_seg: 97.2878
2025/03/09 04:46:04 - mmengine - INFO - Iter(train) [ 30750/160000]  lr: 5.3544e-05  eta: 14:40:09  time: 0.3502  data_time: 0.0074  memory: 5994  loss: nan  decode.loss_ce: nan  decode.acc_seg: 92.4218
2025/03/09 04:46:22 - mmengine - INFO - Iter(train) [ 30800/160000]  lr: 5.3284e-05  eta: 14:39:37  time: 0.3500  data_time: 0.0071  memory: 5994  loss: nan  decode.loss_ce: nan  decode.acc_seg: 99.0251
2025/03/09 04:46:39 - mmengine - INFO - Iter(train) [ 30850/160000]  lr: 5.3023e-05  eta: 14:39:04  time: 0.3518  data_time: 0.0070  memory: 5994  loss: nan  decode.loss_ce: nan  decode.acc_seg: 86.9947
2025/03/09 04:46:57 - mmengine - INFO - Iter(train) [ 30900/160000]  lr: 5.2762e-05  eta: 14:38:33  time: 0.3656  data_time: 0.0084  memory: 5994  loss: nan  decode.loss_ce: nan  decode.acc_seg: 98.3354
2025/03/09 04:47:16 - mmengine - INFO - Iter(train) [ 30950/160000]  lr: 5.2501e-05  eta: 14:38:04  time: 0.3709  data_time: 0.0087  memory: 5994  loss: nan  decode.loss_ce: nan  decode.acc_seg: 99.8462
2025/03/09 04:47:34 - mmengine - INFO - Exp name: fpn_poolformer_s36_8x4_512x512_40k_ade20k_20250309_005445
2025/03/09 04:47:34 - mmengine - INFO - Iter(train) [ 31000/160000]  lr: 5.2240e-05  eta: 14:37:35  time: 0.3677  data_time: 0.0092  memory: 5994  loss: nan  decode.loss_ce: nan  decode.acc_seg: 91.6464
2025/03/09 04:47:52 - mmengine - INFO - Iter(train) [ 31050/160000]  lr: 5.1979e-05  eta: 14:37:06  time: 0.3688  data_time: 0.0090  memory: 5994  loss: nan  decode.loss_ce: nan  decode.acc_seg: 96.4388
2025/03/09 04:48:11 - mmengine - INFO - Iter(train) [ 31100/160000]  lr: 5.1717e-05  eta: 14:36:37  time: 0.3722  data_time: 0.0097  memory: 5994  loss: nan  decode.loss_ce: nan  decode.acc_seg: 98.0007
2025/03/09 04:48:29 - mmengine - INFO - Iter(train) [ 31150/160000]  lr: 5.1456e-05  eta: 14:36:09  time: 0.3676  data_time: 0.0087  memory: 5994  loss: nan  decode.loss_ce: nan  decode.acc_seg: 86.3809
2025/03/09 04:48:48 - mmengine - INFO - Iter(train) [ 31200/160000]  lr: 5.1194e-05  eta: 14:35:40  time: 0.3687  data_time: 0.0089  memory: 5994  loss: nan  decode.loss_ce: nan  decode.acc_seg: 97.8098
2025/03/09 04:49:06 - mmengine - INFO - Iter(train) [ 31250/160000]  lr: 5.0932e-05  eta: 14:35:11  time: 0.3690  data_time: 0.0087  memory: 5994  loss: nan  decode.loss_ce: nan  decode.acc_seg: 95.5906
2025/03/09 04:49:24 - mmengine - INFO - Iter(train) [ 31300/160000]  lr: 5.0670e-05  eta: 14:34:43  time: 0.3687  data_time: 0.0086  memory: 5994  loss: nan  decode.loss_ce: nan  decode.acc_seg: 96.8420
2025/03/09 04:49:43 - mmengine - INFO - Iter(train) [ 31350/160000]  lr: 5.0408e-05  eta: 14:34:14  time: 0.3684  data_time: 0.0085  memory: 5994  loss: nan  decode.loss_ce: nan  decode.acc_seg: 93.4327
2025/03/09 04:50:01 - mmengine - INFO - Iter(train) [ 31400/160000]  lr: 5.0146e-05  eta: 14:33:46  time: 0.3676  data_time: 0.0089  memory: 5994  loss: nan  decode.loss_ce: nan  decode.acc_seg: 80.4299
2025/03/09 04:50:20 - mmengine - INFO - Iter(train) [ 31450/160000]  lr: 4.9883e-05  eta: 14:33:17  time: 0.3689  data_time: 0.0085  memory: 5994  loss: nan  decode.loss_ce: nan  decode.acc_seg: 97.9404
2025/03/09 04:50:38 - mmengine - INFO - Iter(train) [ 31500/160000]  lr: 4.9621e-05  eta: 14:32:49  time: 0.3663  data_time: 0.0091  memory: 5994  loss: nan  decode.loss_ce: nan  decode.acc_seg: 95.7867
2025/03/09 04:50:47 - mmengine - INFO - Iter(val) [ 50/869]    eta: 0:02:30  time: 0.1805  data_time: 0.0025  memory: 810  
2025/03/09 04:50:56 - mmengine - INFO - Iter(val) [100/869]    eta: 0:02:20  time: 0.1803  data_time: 0.0027  memory: 810  
2025/03/09 04:51:05 - mmengine - INFO - Iter(val) [150/869]    eta: 0:02:10  time: 0.1801  data_time: 0.0024  memory: 810  
2025/03/09 04:51:14 - mmengine - INFO - Iter(val) [200/869]    eta: 0:02:01  time: 0.1806  data_time: 0.0026  memory: 810  
2025/03/09 04:51:23 - mmengine - INFO - Iter(val) [250/869]    eta: 0:01:52  time: 0.1808  data_time: 0.0025  memory: 810  
2025/03/09 04:51:32 - mmengine - INFO - Iter(val) [300/869]    eta: 0:01:43  time: 0.1801  data_time: 0.0026  memory: 810  
2025/03/09 04:51:41 - mmengine - INFO - Iter(val) [350/869]    eta: 0:01:33  time: 0.1796  data_time: 0.0021  memory: 810  
2025/03/09 04:51:50 - mmengine - INFO - Iter(val) [400/869]    eta: 0:01:24  time: 0.1808  data_time: 0.0027  memory: 810  
2025/03/09 04:51:59 - mmengine - INFO - Iter(val) [450/869]    eta: 0:01:15  time: 0.1800  data_time: 0.0025  memory: 810  
2025/03/09 04:52:08 - mmengine - INFO - Iter(val) [500/869]    eta: 0:01:06  time: 0.1793  data_time: 0.0022  memory: 810  
2025/03/09 04:52:17 - mmengine - INFO - Iter(val) [550/869]    eta: 0:00:57  time: 0.1795  data_time: 0.0025  memory: 810  
2025/03/09 04:52:26 - mmengine - INFO - Iter(val) [600/869]    eta: 0:00:48  time: 0.1806  data_time: 0.0024  memory: 810  
2025/03/09 04:52:35 - mmengine - INFO - Iter(val) [650/869]    eta: 0:00:39  time: 0.1802  data_time: 0.0022  memory: 810  
2025/03/09 04:52:44 - mmengine - INFO - Iter(val) [700/869]    eta: 0:00:30  time: 0.1798  data_time: 0.0025  memory: 810  
2025/03/09 04:52:53 - mmengine - INFO - Iter(val) [750/869]    eta: 0:00:21  time: 0.1811  data_time: 0.0025  memory: 810  
2025/03/09 04:53:02 - mmengine - INFO - Iter(val) [800/869]    eta: 0:00:12  time: 0.1799  data_time: 0.0025  memory: 810  
2025/03/09 04:53:11 - mmengine - INFO - Iter(val) [850/869]    eta: 0:00:03  time: 0.1798  data_time: 0.0024  memory: 810  
2025/03/09 04:53:15 - mmengine - INFO - per class results:
2025/03/09 04:53:15 - mmengine - INFO - 
+------------+-------+-------+--------+-----------+--------+
|   Class    |  IoU  |  Acc  | Fscore | Precision | Recall |
+------------+-------+-------+--------+-----------+--------+
| background | 95.91 | 100.0 | 97.91  |   95.91   | 100.0  |
|    ghaf    |  0.0  |  0.0  |  nan   |    nan    |  0.0   |
+------------+-------+-------+--------+-----------+--------+
2025/03/09 04:53:15 - mmengine - INFO - Iter(val) [869/869]    aAcc: 95.9100  mIoU: 47.9600  mAcc: 50.0000  mFscore: 97.9100  mPrecision: 95.9100  mRecall: 50.0000  data_time: 0.0027  time: 0.1803
2025/03/09 04:53:33 - mmengine - INFO - Iter(train) [ 31550/160000]  lr: 4.9358e-05  eta: 14:32:21  time: 0.3665  data_time: 0.0086  memory: 5994  loss: nan  decode.loss_ce: nan  decode.acc_seg: 96.4967
2025/03/09 04:53:52 - mmengine - INFO - Iter(train) [ 31600/160000]  lr: 4.9095e-05  eta: 14:31:53  time: 0.3697  data_time: 0.0085  memory: 5994  loss: nan  decode.loss_ce: nan  decode.acc_seg: 92.6964
2025/03/09 04:54:10 - mmengine - INFO - Iter(train) [ 31650/160000]  lr: 4.8832e-05  eta: 14:31:24  time: 0.3681  data_time: 0.0088  memory: 5994  loss: nan  decode.loss_ce: nan  decode.acc_seg: 89.6347
2025/03/09 04:54:29 - mmengine - INFO - Iter(train) [ 31700/160000]  lr: 4.8569e-05  eta: 14:30:57  time: 0.3699  data_time: 0.0089  memory: 5994  loss: nan  decode.loss_ce: nan  decode.acc_seg: 96.8204
2025/03/09 04:54:47 - mmengine - INFO - Iter(train) [ 31750/160000]  lr: 4.8305e-05  eta: 14:30:29  time: 0.3698  data_time: 0.0091  memory: 5994  loss: nan  decode.loss_ce: nan  decode.acc_seg: 97.7176
2025/03/09 04:55:06 - mmengine - INFO - Iter(train) [ 31800/160000]  lr: 4.8042e-05  eta: 14:30:01  time: 0.3733  data_time: 0.0086  memory: 5994  loss: nan  decode.loss_ce: nan  decode.acc_seg: 90.6919
2025/03/09 04:55:24 - mmengine - INFO - Iter(train) [ 31850/160000]  lr: 4.7778e-05  eta: 14:29:33  time: 0.3689  data_time: 0.0088  memory: 5994  loss: nan  decode.loss_ce: nan  decode.acc_seg: 72.6694
2025/03/09 04:55:43 - mmengine - INFO - Iter(train) [ 31900/160000]  lr: 4.7514e-05  eta: 14:29:06  time: 0.3686  data_time: 0.0088  memory: 5994  loss: nan  decode.loss_ce: nan  decode.acc_seg: 92.6710
2025/03/09 04:56:01 - mmengine - INFO - Iter(train) [ 31950/160000]  lr: 4.7250e-05  eta: 14:28:38  time: 0.3690  data_time: 0.0093  memory: 5994  loss: nan  decode.loss_ce: nan  decode.acc_seg: 96.4676
2025/03/09 04:56:20 - mmengine - INFO - Exp name: fpn_poolformer_s36_8x4_512x512_40k_ade20k_20250309_005445
2025/03/09 04:56:20 - mmengine - INFO - Iter(train) [ 32000/160000]  lr: 4.6986e-05  eta: 14:28:10  time: 0.3699  data_time: 0.0091  memory: 5994  loss: nan  decode.loss_ce: nan  decode.acc_seg: 97.6027
2025/03/09 04:56:38 - mmengine - INFO - Iter(train) [ 32050/160000]  lr: 4.6721e-05  eta: 14:27:42  time: 0.3705  data_time: 0.0091  memory: 5994  loss: nan  decode.loss_ce: nan  decode.acc_seg: 90.4547
2025/03/09 04:56:57 - mmengine - INFO - Iter(train) [ 32100/160000]  lr: 4.6457e-05  eta: 14:27:15  time: 0.3716  data_time: 0.0094  memory: 5994  loss: nan  decode.loss_ce: nan  decode.acc_seg: 98.5179
2025/03/09 04:57:15 - mmengine - INFO - Iter(train) [ 32150/160000]  lr: 4.6192e-05  eta: 14:26:47  time: 0.3694  data_time: 0.0089  memory: 5994  loss: nan  decode.loss_ce: nan  decode.acc_seg: 98.4304
2025/03/09 04:57:34 - mmengine - INFO - Iter(train) [ 32200/160000]  lr: 4.5927e-05  eta: 14:26:19  time: 0.3679  data_time: 0.0088  memory: 5994  loss: nan  decode.loss_ce: nan  decode.acc_seg: 93.3180
2025/03/09 04:57:52 - mmengine - INFO - Iter(train) [ 32250/160000]  lr: 4.5662e-05  eta: 14:25:51  time: 0.3701  data_time: 0.0091  memory: 5994  loss: nan  decode.loss_ce: nan  decode.acc_seg: 97.2162
2025/03/09 04:58:11 - mmengine - INFO - Iter(train) [ 32300/160000]  lr: 4.5397e-05  eta: 14:25:23  time: 0.3703  data_time: 0.0090  memory: 5994  loss: nan  decode.loss_ce: nan  decode.acc_seg: 99.5400
2025/03/09 04:58:29 - mmengine - INFO - Iter(train) [ 32350/160000]  lr: 4.5132e-05  eta: 14:24:56  time: 0.3698  data_time: 0.0089  memory: 5994  loss: nan  decode.loss_ce: nan  decode.acc_seg: 79.1492
2025/03/09 04:58:48 - mmengine - INFO - Iter(train) [ 32400/160000]  lr: 4.4866e-05  eta: 14:24:28  time: 0.3688  data_time: 0.0085  memory: 5994  loss: nan  decode.loss_ce: nan  decode.acc_seg: 98.9823
2025/03/09 04:59:06 - mmengine - INFO - Iter(train) [ 32450/160000]  lr: 4.4600e-05  eta: 14:24:01  time: 0.3703  data_time: 0.0086  memory: 5994  loss: nan  decode.loss_ce: nan  decode.acc_seg: 95.1553
2025/03/09 04:59:25 - mmengine - INFO - Iter(train) [ 32500/160000]  lr: 4.4334e-05  eta: 14:23:33  time: 0.3697  data_time: 0.0086  memory: 5994  loss: nan  decode.loss_ce: nan  decode.acc_seg: 90.7841
2025/03/09 04:59:43 - mmengine - INFO - Iter(train) [ 32550/160000]  lr: 4.4068e-05  eta: 14:23:06  time: 0.3697  data_time: 0.0091  memory: 5994  loss: nan  decode.loss_ce: nan  decode.acc_seg: 96.5734
2025/03/09 05:00:02 - mmengine - INFO - Iter(train) [ 32600/160000]  lr: 4.3802e-05  eta: 14:22:38  time: 0.3692  data_time: 0.0086  memory: 5994  loss: nan  decode.loss_ce: nan  decode.acc_seg: 89.2511
2025/03/09 05:00:20 - mmengine - INFO - Iter(train) [ 32650/160000]  lr: 4.3536e-05  eta: 14:22:11  time: 0.3713  data_time: 0.0089  memory: 5994  loss: nan  decode.loss_ce: nan  decode.acc_seg: 91.2749
2025/03/09 05:00:39 - mmengine - INFO - Iter(train) [ 32700/160000]  lr: 4.3269e-05  eta: 14:21:43  time: 0.3708  data_time: 0.0090  memory: 5994  loss: nan  decode.loss_ce: nan  decode.acc_seg: 92.8522
2025/03/09 05:00:57 - mmengine - INFO - Iter(train) [ 32750/160000]  lr: 4.3002e-05  eta: 14:21:16  time: 0.3671  data_time: 0.0087  memory: 5994  loss: nan  decode.loss_ce: nan  decode.acc_seg: 98.7888
2025/03/09 05:01:16 - mmengine - INFO - Iter(train) [ 32800/160000]  lr: 4.2735e-05  eta: 14:20:49  time: 0.3693  data_time: 0.0087  memory: 5994  loss: nan  decode.loss_ce: nan  decode.acc_seg: 99.6139
2025/03/09 05:01:34 - mmengine - INFO - Iter(train) [ 32850/160000]  lr: 4.2468e-05  eta: 14:20:21  time: 0.3688  data_time: 0.0080  memory: 5994  loss: nan  decode.loss_ce: nan  decode.acc_seg: 99.8689
2025/03/09 05:01:53 - mmengine - INFO - Iter(train) [ 32900/160000]  lr: 4.2201e-05  eta: 14:19:54  time: 0.3693  data_time: 0.0089  memory: 5994  loss: nan  decode.loss_ce: nan  decode.acc_seg: 93.8641
2025/03/09 05:02:11 - mmengine - INFO - Iter(train) [ 32950/160000]  lr: 4.1933e-05  eta: 14:19:27  time: 0.3713  data_time: 0.0095  memory: 5994  loss: nan  decode.loss_ce: nan  decode.acc_seg: 99.9324
2025/03/09 05:02:30 - mmengine - INFO - Exp name: fpn_poolformer_s36_8x4_512x512_40k_ade20k_20250309_005445
2025/03/09 05:02:30 - mmengine - INFO - Iter(train) [ 33000/160000]  lr: 4.1665e-05  eta: 14:19:00  time: 0.3687  data_time: 0.0091  memory: 5994  loss: nan  decode.loss_ce: nan  decode.acc_seg: 95.9715
2025/03/09 05:02:48 - mmengine - INFO - Iter(train) [ 33050/160000]  lr: 4.1397e-05  eta: 14:18:33  time: 0.3720  data_time: 0.0089  memory: 5994  loss: nan  decode.loss_ce: nan  decode.acc_seg: 84.9467
2025/03/09 05:03:07 - mmengine - INFO - Iter(train) [ 33100/160000]  lr: 4.1129e-05  eta: 14:18:05  time: 0.3595  data_time: 0.0075  memory: 5994  loss: nan  decode.loss_ce: nan  decode.acc_seg: 97.2861
2025/03/09 05:03:25 - mmengine - INFO - Iter(train) [ 33150/160000]  lr: 4.0861e-05  eta: 14:17:38  time: 0.3723  data_time: 0.0094  memory: 5994  loss: nan  decode.loss_ce: nan  decode.acc_seg: 96.8527
2025/03/09 05:03:44 - mmengine - INFO - Iter(train) [ 33200/160000]  lr: 4.0592e-05  eta: 14:17:10  time: 0.3696  data_time: 0.0089  memory: 5994  loss: nan  decode.loss_ce: nan  decode.acc_seg: 99.2696
2025/03/09 05:04:02 - mmengine - INFO - Iter(train) [ 33250/160000]  lr: 4.0324e-05  eta: 14:16:43  time: 0.3677  data_time: 0.0084  memory: 5994  loss: nan  decode.loss_ce: nan  decode.acc_seg: 99.5312
2025/03/09 05:04:20 - mmengine - INFO - Iter(train) [ 33300/160000]  lr: 4.0055e-05  eta: 14:16:16  time: 0.3723  data_time: 0.0088  memory: 5994  loss: nan  decode.loss_ce: nan  decode.acc_seg: 87.8745
2025/03/09 05:04:39 - mmengine - INFO - Iter(train) [ 33350/160000]  lr: 3.9786e-05  eta: 14:15:48  time: 0.3674  data_time: 0.0088  memory: 5994  loss: nan  decode.loss_ce: nan  decode.acc_seg: 95.3499
2025/03/09 05:04:57 - mmengine - INFO - Iter(train) [ 33400/160000]  lr: 3.9516e-05  eta: 14:15:22  time: 0.3721  data_time: 0.0092  memory: 5994  loss: nan  decode.loss_ce: nan  decode.acc_seg: 95.1357
2025/03/09 05:05:16 - mmengine - INFO - Iter(train) [ 33450/160000]  lr: 3.9247e-05  eta: 14:14:54  time: 0.3687  data_time: 0.0085  memory: 5994  loss: nan  decode.loss_ce: nan  decode.acc_seg: 86.3736
2025/03/09 05:05:34 - mmengine - INFO - Iter(train) [ 33500/160000]  lr: 3.8977e-05  eta: 14:14:28  time: 0.3705  data_time: 0.0093  memory: 5994  loss: nan  decode.loss_ce: nan  decode.acc_seg: 97.2110
2025/03/09 05:05:53 - mmengine - INFO - Iter(train) [ 33550/160000]  lr: 3.8707e-05  eta: 14:14:01  time: 0.3706  data_time: 0.0091  memory: 5994  loss: nan  decode.loss_ce: nan  decode.acc_seg: 96.2662
2025/03/09 05:06:11 - mmengine - INFO - Iter(train) [ 33600/160000]  lr: 3.8437e-05  eta: 14:13:33  time: 0.3693  data_time: 0.0091  memory: 5994  loss: nan  decode.loss_ce: nan  decode.acc_seg: 98.1958
2025/03/09 05:06:30 - mmengine - INFO - Iter(train) [ 33650/160000]  lr: 3.8166e-05  eta: 14:13:07  time: 0.3705  data_time: 0.0089  memory: 5994  loss: nan  decode.loss_ce: nan  decode.acc_seg: 98.5582
2025/03/09 05:06:48 - mmengine - INFO - Iter(train) [ 33700/160000]  lr: 3.7896e-05  eta: 14:12:40  time: 0.3657  data_time: 0.0089  memory: 5994  loss: nan  decode.loss_ce: nan  decode.acc_seg: 97.4367
2025/03/09 05:07:07 - mmengine - INFO - Iter(train) [ 33750/160000]  lr: 3.7625e-05  eta: 14:12:13  time: 0.3682  data_time: 0.0086  memory: 5994  loss: nan  decode.loss_ce: nan  decode.acc_seg: 95.4667
2025/03/09 05:07:25 - mmengine - INFO - Iter(train) [ 33800/160000]  lr: 3.7354e-05  eta: 14:11:46  time: 0.3680  data_time: 0.0080  memory: 5994  loss: nan  decode.loss_ce: nan  decode.acc_seg: 97.0396
2025/03/09 05:07:44 - mmengine - INFO - Iter(train) [ 33850/160000]  lr: 3.7083e-05  eta: 14:11:19  time: 0.3703  data_time: 0.0086  memory: 5994  loss: nan  decode.loss_ce: nan  decode.acc_seg: 98.5245
2025/03/09 05:08:02 - mmengine - INFO - Iter(train) [ 33900/160000]  lr: 3.6811e-05  eta: 14:10:52  time: 0.3677  data_time: 0.0091  memory: 5994  loss: nan  decode.loss_ce: nan  decode.acc_seg: 89.5757
2025/03/09 05:08:21 - mmengine - INFO - Iter(train) [ 33950/160000]  lr: 3.6540e-05  eta: 14:10:26  time: 0.3689  data_time: 0.0087  memory: 5994  loss: nan  decode.loss_ce: nan  decode.acc_seg: 95.4100
2025/03/09 05:08:39 - mmengine - INFO - Exp name: fpn_poolformer_s36_8x4_512x512_40k_ade20k_20250309_005445
2025/03/09 05:08:39 - mmengine - INFO - Iter(train) [ 34000/160000]  lr: 3.6268e-05  eta: 14:09:59  time: 0.3689  data_time: 0.0084  memory: 5994  loss: nan  decode.loss_ce: nan  decode.acc_seg: 95.6972
2025/03/09 05:08:39 - mmengine - INFO - Saving checkpoint at 34000 iterations
2025/03/09 05:09:04 - mmengine - INFO - Iter(train) [ 34050/160000]  lr: 3.5996e-05  eta: 14:09:56  time: 0.3694  data_time: 0.0091  memory: 5994  loss: nan  decode.loss_ce: nan  decode.acc_seg: 89.9564
2025/03/09 05:09:23 - mmengine - INFO - Iter(train) [ 34100/160000]  lr: 3.5723e-05  eta: 14:09:29  time: 0.3689  data_time: 0.0088  memory: 5994  loss: nan  decode.loss_ce: nan  decode.acc_seg: 99.2377
2025/03/09 05:09:41 - mmengine - INFO - Iter(train) [ 34150/160000]  lr: 3.5451e-05  eta: 14:09:02  time: 0.3650  data_time: 0.0091  memory: 5994  loss: nan  decode.loss_ce: nan  decode.acc_seg: 94.1643
2025/03/09 05:09:59 - mmengine - INFO - Iter(train) [ 34200/160000]  lr: 3.5178e-05  eta: 14:08:35  time: 0.3622  data_time: 0.0082  memory: 5994  loss: nan  decode.loss_ce: nan  decode.acc_seg: 99.9271
2025/03/09 05:10:18 - mmengine - INFO - Iter(train) [ 34250/160000]  lr: 3.4905e-05  eta: 14:08:08  time: 0.3722  data_time: 0.0095  memory: 5994  loss: nan  decode.loss_ce: nan  decode.acc_seg: 99.6832
2025/03/09 05:10:36 - mmengine - INFO - Iter(train) [ 34300/160000]  lr: 3.4632e-05  eta: 14:07:41  time: 0.3695  data_time: 0.0090  memory: 5994  loss: nan  decode.loss_ce: nan  decode.acc_seg: 94.6049
2025/03/09 05:10:55 - mmengine - INFO - Iter(train) [ 34350/160000]  lr: 3.4358e-05  eta: 14:07:14  time: 0.3678  data_time: 0.0088  memory: 5994  loss: nan  decode.loss_ce: nan  decode.acc_seg: 94.5118
2025/03/09 05:11:13 - mmengine - INFO - Iter(train) [ 34400/160000]  lr: 3.4084e-05  eta: 14:06:47  time: 0.3707  data_time: 0.0091  memory: 5994  loss: nan  decode.loss_ce: nan  decode.acc_seg: 93.2610
2025/03/09 05:11:31 - mmengine - INFO - Iter(train) [ 34450/160000]  lr: 3.3810e-05  eta: 14:06:20  time: 0.3684  data_time: 0.0089  memory: 5994  loss: nan  decode.loss_ce: nan  decode.acc_seg: 93.2986
2025/03/09 05:11:50 - mmengine - INFO - Iter(train) [ 34500/160000]  lr: 3.3536e-05  eta: 14:05:54  time: 0.3705  data_time: 0.0091  memory: 5994  loss: nan  decode.loss_ce: nan  decode.acc_seg: 99.8186
2025/03/09 05:12:08 - mmengine - INFO - Iter(train) [ 34550/160000]  lr: 3.3262e-05  eta: 14:05:27  time: 0.3689  data_time: 0.0089  memory: 5994  loss: nan  decode.loss_ce: nan  decode.acc_seg: 92.3685
2025/03/09 05:12:27 - mmengine - INFO - Iter(train) [ 34600/160000]  lr: 3.2987e-05  eta: 14:05:00  time: 0.3677  data_time: 0.0086  memory: 5994  loss: nan  decode.loss_ce: nan  decode.acc_seg: 97.1570
2025/03/09 05:12:45 - mmengine - INFO - Iter(train) [ 34650/160000]  lr: 3.2712e-05  eta: 14:04:34  time: 0.3711  data_time: 0.0090  memory: 5994  loss: nan  decode.loss_ce: nan  decode.acc_seg: 92.8767
2025/03/09 05:13:04 - mmengine - INFO - Iter(train) [ 34700/160000]  lr: 3.2437e-05  eta: 14:04:07  time: 0.3643  data_time: 0.0081  memory: 5994  loss: nan  decode.loss_ce: nan  decode.acc_seg: 98.8657
2025/03/09 05:13:22 - mmengine - INFO - Iter(train) [ 34750/160000]  lr: 3.2161e-05  eta: 14:03:40  time: 0.3736  data_time: 0.0103  memory: 5994  loss: nan  decode.loss_ce: nan  decode.acc_seg: 100.0000
2025/03/09 05:13:41 - mmengine - INFO - Iter(train) [ 34800/160000]  lr: 3.1885e-05  eta: 14:03:14  time: 0.3694  data_time: 0.0095  memory: 5994  loss: nan  decode.loss_ce: nan  decode.acc_seg: 97.4815
2025/03/09 05:13:59 - mmengine - INFO - Iter(train) [ 34850/160000]  lr: 3.1609e-05  eta: 14:02:47  time: 0.3691  data_time: 0.0093  memory: 5994  loss: nan  decode.loss_ce: nan  decode.acc_seg: 86.4790
2025/03/09 05:14:18 - mmengine - INFO - Iter(train) [ 34900/160000]  lr: 3.1333e-05  eta: 14:02:21  time: 0.3699  data_time: 0.0091  memory: 5994  loss: nan  decode.loss_ce: nan  decode.acc_seg: 97.3562
2025/03/09 05:14:36 - mmengine - INFO - Iter(train) [ 34950/160000]  lr: 3.1056e-05  eta: 14:01:54  time: 0.3626  data_time: 0.0085  memory: 5994  loss: nan  decode.loss_ce: nan  decode.acc_seg: 95.7865
2025/03/09 05:14:54 - mmengine - INFO - Exp name: fpn_poolformer_s36_8x4_512x512_40k_ade20k_20250309_005445
2025/03/09 05:14:54 - mmengine - INFO - Iter(train) [ 35000/160000]  lr: 3.0779e-05  eta: 14:01:28  time: 0.3715  data_time: 0.0091  memory: 5994  loss: nan  decode.loss_ce: nan  decode.acc_seg: 95.1156
2025/03/09 05:15:04 - mmengine - INFO - Iter(val) [ 50/869]    eta: 0:02:28  time: 0.1791  data_time: 0.0021  memory: 810  
2025/03/09 05:16:46 - mmengine - INFO - Iter(val) [100/869]    eta: 0:14:16  time: 0.1773  data_time: 0.0026  memory: 810  
2025/03/09 05:16:55 - mmengine - INFO - Iter(val) [150/869]    eta: 0:09:36  time: 0.1765  data_time: 0.0022  memory: 810  
2025/03/09 05:17:04 - mmengine - INFO - Iter(val) [200/869]    eta: 0:07:11  time: 0.1775  data_time: 0.0025  memory: 810  
2025/03/09 05:17:12 - mmengine - INFO - Iter(val) [250/869]    eta: 0:05:41  time: 0.1831  data_time: 0.0027  memory: 810  
2025/03/09 05:17:21 - mmengine - INFO - Iter(val) [300/869]    eta: 0:04:38  time: 0.1775  data_time: 0.0029  memory: 810  
2025/03/09 05:17:30 - mmengine - INFO - Iter(val) [350/869]    eta: 0:03:51  time: 0.1775  data_time: 0.0026  memory: 810  
2025/03/09 05:17:39 - mmengine - INFO - Iter(val) [400/869]    eta: 0:03:13  time: 0.1779  data_time: 0.0022  memory: 810  
2025/03/09 05:17:48 - mmengine - INFO - Iter(val) [450/869]    eta: 0:02:41  time: 0.1799  data_time: 0.0027  memory: 810  
2025/03/09 05:17:57 - mmengine - INFO - Iter(val) [500/869]    eta: 0:02:14  time: 0.1798  data_time: 0.0027  memory: 810  
2025/03/09 05:18:06 - mmengine - INFO - Iter(val) [550/869]    eta: 0:01:51  time: 0.1794  data_time: 0.0026  memory: 810  
2025/03/09 05:18:15 - mmengine - INFO - Iter(val) [600/869]    eta: 0:01:29  time: 0.1789  data_time: 0.0023  memory: 810  
2025/03/09 05:18:24 - mmengine - INFO - Iter(val) [650/869]    eta: 0:01:10  time: 0.1798  data_time: 0.0027  memory: 810  
2025/03/09 05:18:33 - mmengine - INFO - Iter(val) [700/869]    eta: 0:00:52  time: 0.1788  data_time: 0.0026  memory: 810  
2025/03/09 05:18:42 - mmengine - INFO - Iter(val) [750/869]    eta: 0:00:36  time: 0.1790  data_time: 0.0024  memory: 810  
2025/03/09 05:18:51 - mmengine - INFO - Iter(val) [800/869]    eta: 0:00:20  time: 0.1784  data_time: 0.0023  memory: 810  
2025/03/09 05:19:00 - mmengine - INFO - Iter(val) [850/869]    eta: 0:00:05  time: 0.1788  data_time: 0.0022  memory: 810  
2025/03/09 05:19:03 - mmengine - INFO - per class results:
2025/03/09 05:19:03 - mmengine - INFO - 
+------------+-------+-------+--------+-----------+--------+
|   Class    |  IoU  |  Acc  | Fscore | Precision | Recall |
+------------+-------+-------+--------+-----------+--------+
| background | 95.91 | 100.0 | 97.91  |   95.91   | 100.0  |
|    ghaf    |  0.0  |  0.0  |  nan   |    nan    |  0.0   |
+------------+-------+-------+--------+-----------+--------+
2025/03/09 05:19:03 - mmengine - INFO - Iter(val) [869/869]    aAcc: 95.9100  mIoU: 47.9600  mAcc: 50.0000  mFscore: 97.9100  mPrecision: 95.9100  mRecall: 50.0000  data_time: 0.0208  time: 0.2862
2025/03/09 05:19:22 - mmengine - INFO - Iter(train) [ 35050/160000]  lr: 3.0502e-05  eta: 14:01:02  time: 0.3732  data_time: 0.0094  memory: 5994  loss: nan  decode.loss_ce: nan  decode.acc_seg: 99.6024
2025/03/09 05:19:40 - mmengine - INFO - Iter(train) [ 35100/160000]  lr: 3.0225e-05  eta: 14:00:36  time: 0.3679  data_time: 0.0088  memory: 5994  loss: nan  decode.loss_ce: nan  decode.acc_seg: 100.0000
2025/03/09 05:19:59 - mmengine - INFO - Iter(train) [ 35150/160000]  lr: 2.9947e-05  eta: 14:00:10  time: 0.3714  data_time: 0.0087  memory: 5994  loss: nan  decode.loss_ce: nan  decode.acc_seg: 98.3622
2025/03/09 05:20:17 - mmengine - INFO - Iter(train) [ 35200/160000]  lr: 2.9669e-05  eta: 13:59:43  time: 0.3704  data_time: 0.0086  memory: 5994  loss: nan  decode.loss_ce: nan  decode.acc_seg: 99.0181
2025/03/09 05:20:36 - mmengine - INFO - Iter(train) [ 35250/160000]  lr: 2.9391e-05  eta: 13:59:17  time: 0.3685  data_time: 0.0087  memory: 5994  loss: nan  decode.loss_ce: nan  decode.acc_seg: 94.9583
2025/03/09 05:20:54 - mmengine - INFO - Iter(train) [ 35300/160000]  lr: 2.9112e-05  eta: 13:58:51  time: 0.3686  data_time: 0.0085  memory: 5994  loss: nan  decode.loss_ce: nan  decode.acc_seg: 96.7982
2025/03/09 05:21:13 - mmengine - INFO - Iter(train) [ 35350/160000]  lr: 2.8833e-05  eta: 13:58:24  time: 0.3686  data_time: 0.0093  memory: 5994  loss: nan  decode.loss_ce: nan  decode.acc_seg: 97.3264
2025/03/09 05:21:31 - mmengine - INFO - Iter(train) [ 35400/160000]  lr: 2.8554e-05  eta: 13:57:58  time: 0.3681  data_time: 0.0086  memory: 5994  loss: nan  decode.loss_ce: nan  decode.acc_seg: 100.0000
2025/03/09 05:21:50 - mmengine - INFO - Iter(train) [ 35450/160000]  lr: 2.8275e-05  eta: 13:57:32  time: 0.3706  data_time: 0.0089  memory: 5994  loss: nan  decode.loss_ce: nan  decode.acc_seg: 99.2468
2025/03/09 05:22:08 - mmengine - INFO - Iter(train) [ 35500/160000]  lr: 2.7995e-05  eta: 13:57:06  time: 0.3666  data_time: 0.0084  memory: 5994  loss: nan  decode.loss_ce: nan  decode.acc_seg: 99.6840
2025/03/09 05:22:27 - mmengine - INFO - Iter(train) [ 35550/160000]  lr: 2.7715e-05  eta: 13:56:39  time: 0.3689  data_time: 0.0090  memory: 5994  loss: nan  decode.loss_ce: nan  decode.acc_seg: 94.7440
2025/03/09 05:22:45 - mmengine - INFO - Iter(train) [ 35600/160000]  lr: 2.7434e-05  eta: 13:56:13  time: 0.3683  data_time: 0.0088  memory: 5994  loss: nan  decode.loss_ce: nan  decode.acc_seg: 95.7624
2025/03/09 05:23:04 - mmengine - INFO - Iter(train) [ 35650/160000]  lr: 2.7154e-05  eta: 13:55:47  time: 0.3626  data_time: 0.0082  memory: 5994  loss: nan  decode.loss_ce: nan  decode.acc_seg: 98.8327
2025/03/09 05:23:22 - mmengine - INFO - Iter(train) [ 35700/160000]  lr: 2.6872e-05  eta: 13:55:20  time: 0.3664  data_time: 0.0085  memory: 5994  loss: nan  decode.loss_ce: nan  decode.acc_seg: 97.9246
2025/03/09 05:23:40 - mmengine - INFO - Iter(train) [ 35750/160000]  lr: 2.6591e-05  eta: 13:54:54  time: 0.3678  data_time: 0.0090  memory: 5994  loss: nan  decode.loss_ce: nan  decode.acc_seg: 94.9718
2025/03/09 05:23:59 - mmengine - INFO - Iter(train) [ 35800/160000]  lr: 2.6309e-05  eta: 13:54:28  time: 0.3687  data_time: 0.0085  memory: 5994  loss: nan  decode.loss_ce: nan  decode.acc_seg: 91.4037
2025/03/09 05:24:17 - mmengine - INFO - Iter(train) [ 35850/160000]  lr: 2.6027e-05  eta: 13:54:02  time: 0.3706  data_time: 0.0092  memory: 5994  loss: nan  decode.loss_ce: nan  decode.acc_seg: 96.9547
2025/03/09 05:24:36 - mmengine - INFO - Iter(train) [ 35900/160000]  lr: 2.5745e-05  eta: 13:53:36  time: 0.3666  data_time: 0.0083  memory: 5994  loss: nan  decode.loss_ce: nan  decode.acc_seg: 99.2026
2025/03/09 05:24:54 - mmengine - INFO - Iter(train) [ 35950/160000]  lr: 2.5462e-05  eta: 13:53:09  time: 0.3664  data_time: 0.0082  memory: 5994  loss: nan  decode.loss_ce: nan  decode.acc_seg: 91.4196
2025/03/09 05:25:12 - mmengine - INFO - Exp name: fpn_poolformer_s36_8x4_512x512_40k_ade20k_20250309_005445
2025/03/09 05:25:12 - mmengine - INFO - Iter(train) [ 36000/160000]  lr: 2.5179e-05  eta: 13:52:43  time: 0.3699  data_time: 0.0092  memory: 5994  loss: nan  decode.loss_ce: nan  decode.acc_seg: 99.9801
2025/03/09 05:25:31 - mmengine - INFO - Iter(train) [ 36050/160000]  lr: 2.4896e-05  eta: 13:52:17  time: 0.3675  data_time: 0.0088  memory: 5994  loss: nan  decode.loss_ce: nan  decode.acc_seg: 98.6196
2025/03/09 05:25:49 - mmengine - INFO - Iter(train) [ 36100/160000]  lr: 2.4612e-05  eta: 13:51:51  time: 0.3692  data_time: 0.0089  memory: 5994  loss: nan  decode.loss_ce: nan  decode.acc_seg: 97.1437
2025/03/09 05:26:08 - mmengine - INFO - Iter(train) [ 36150/160000]  lr: 2.4328e-05  eta: 13:51:25  time: 0.3682  data_time: 0.0089  memory: 5994  loss: nan  decode.loss_ce: nan  decode.acc_seg: 100.0000
2025/03/09 05:26:26 - mmengine - INFO - Iter(train) [ 36200/160000]  lr: 2.4043e-05  eta: 13:51:00  time: 0.3679  data_time: 0.0089  memory: 5994  loss: nan  decode.loss_ce: nan  decode.acc_seg: 95.7760
2025/03/09 05:26:45 - mmengine - INFO - Iter(train) [ 36250/160000]  lr: 2.3758e-05  eta: 13:50:34  time: 0.3692  data_time: 0.0093  memory: 5994  loss: nan  decode.loss_ce: nan  decode.acc_seg: 98.1917
2025/03/09 05:27:03 - mmengine - INFO - Iter(train) [ 36300/160000]  lr: 2.3473e-05  eta: 13:50:08  time: 0.3686  data_time: 0.0087  memory: 5994  loss: nan  decode.loss_ce: nan  decode.acc_seg: 86.4981
2025/03/09 05:27:22 - mmengine - INFO - Iter(train) [ 36350/160000]  lr: 2.3187e-05  eta: 13:49:42  time: 0.3681  data_time: 0.0086  memory: 5994  loss: nan  decode.loss_ce: nan  decode.acc_seg: 97.1731
2025/03/09 05:27:40 - mmengine - INFO - Iter(train) [ 36400/160000]  lr: 2.2901e-05  eta: 13:49:16  time: 0.3696  data_time: 0.0090  memory: 5994  loss: nan  decode.loss_ce: nan  decode.acc_seg: 100.0000
2025/03/09 05:27:59 - mmengine - INFO - Iter(train) [ 36450/160000]  lr: 2.2615e-05  eta: 13:48:51  time: 0.3653  data_time: 0.0087  memory: 5994  loss: nan  decode.loss_ce: nan  decode.acc_seg: 98.8817
2025/03/09 05:28:17 - mmengine - INFO - Iter(train) [ 36500/160000]  lr: 2.2328e-05  eta: 13:48:25  time: 0.3699  data_time: 0.0092  memory: 5994  loss: nan  decode.loss_ce: nan  decode.acc_seg: 95.4103
2025/03/09 05:28:36 - mmengine - INFO - Iter(train) [ 36550/160000]  lr: 2.2041e-05  eta: 13:47:59  time: 0.3693  data_time: 0.0086  memory: 5994  loss: nan  decode.loss_ce: nan  decode.acc_seg: 93.9888
2025/03/09 05:28:54 - mmengine - INFO - Iter(train) [ 36600/160000]  lr: 2.1753e-05  eta: 13:47:34  time: 0.3698  data_time: 0.0092  memory: 5994  loss: nan  decode.loss_ce: nan  decode.acc_seg: 93.8287
2025/03/09 05:29:13 - mmengine - INFO - Iter(train) [ 36650/160000]  lr: 2.1465e-05  eta: 13:47:08  time: 0.3718  data_time: 0.0097  memory: 5994  loss: nan  decode.loss_ce: nan  decode.acc_seg: 99.5637
2025/03/09 05:29:31 - mmengine - INFO - Iter(train) [ 36700/160000]  lr: 2.1176e-05  eta: 13:46:43  time: 0.3701  data_time: 0.0102  memory: 5994  loss: nan  decode.loss_ce: nan  decode.acc_seg: 98.6351
2025/03/09 05:29:50 - mmengine - INFO - Iter(train) [ 36750/160000]  lr: 2.0887e-05  eta: 13:46:17  time: 0.3703  data_time: 0.0090  memory: 5994  loss: nan  decode.loss_ce: nan  decode.acc_seg: 83.5457
2025/03/09 05:30:08 - mmengine - INFO - Iter(train) [ 36800/160000]  lr: 2.0598e-05  eta: 13:45:52  time: 0.3690  data_time: 0.0100  memory: 5994  loss: nan  decode.loss_ce: nan  decode.acc_seg: 97.1087
2025/03/09 05:30:27 - mmengine - INFO - Iter(train) [ 36850/160000]  lr: 2.0308e-05  eta: 13:45:27  time: 0.3733  data_time: 0.0110  memory: 5994  loss: nan  decode.loss_ce: nan  decode.acc_seg: 99.2134
2025/03/09 05:30:45 - mmengine - INFO - Iter(train) [ 36900/160000]  lr: 2.0018e-05  eta: 13:45:01  time: 0.3718  data_time: 0.0101  memory: 5994  loss: nan  decode.loss_ce: nan  decode.acc_seg: 88.0396
2025/03/09 05:31:04 - mmengine - INFO - Iter(train) [ 36950/160000]  lr: 1.9727e-05  eta: 13:44:36  time: 0.3736  data_time: 0.0097  memory: 5994  loss: nan  decode.loss_ce: nan  decode.acc_seg: 91.7112
2025/03/09 05:31:23 - mmengine - INFO - Exp name: fpn_poolformer_s36_8x4_512x512_40k_ade20k_20250309_005445
2025/03/09 05:31:23 - mmengine - INFO - Iter(train) [ 37000/160000]  lr: 1.9435e-05  eta: 13:44:11  time: 0.3711  data_time: 0.0102  memory: 5994  loss: nan  decode.loss_ce: nan  decode.acc_seg: 96.0668
2025/03/09 05:31:41 - mmengine - INFO - Iter(train) [ 37050/160000]  lr: 1.9144e-05  eta: 13:43:46  time: 0.3700  data_time: 0.0097  memory: 5994  loss: nan  decode.loss_ce: nan  decode.acc_seg: 89.9486
2025/03/09 05:32:00 - mmengine - INFO - Iter(train) [ 37100/160000]  lr: 1.8851e-05  eta: 13:43:20  time: 0.3705  data_time: 0.0103  memory: 5994  loss: nan  decode.loss_ce: nan  decode.acc_seg: 98.7157
2025/03/09 05:32:18 - mmengine - INFO - Iter(train) [ 37150/160000]  lr: 1.8559e-05  eta: 13:42:55  time: 0.3712  data_time: 0.0095  memory: 5994  loss: nan  decode.loss_ce: nan  decode.acc_seg: 97.0564
2025/03/09 05:32:37 - mmengine - INFO - Iter(train) [ 37200/160000]  lr: 1.8265e-05  eta: 13:42:30  time: 0.3704  data_time: 0.0096  memory: 5994  loss: nan  decode.loss_ce: nan  decode.acc_seg: 99.3464
2025/03/09 05:32:55 - mmengine - INFO - Iter(train) [ 37250/160000]  lr: 1.7972e-05  eta: 13:42:05  time: 0.3688  data_time: 0.0095  memory: 5994  loss: nan  decode.loss_ce: nan  decode.acc_seg: 97.8726
2025/03/09 05:33:14 - mmengine - INFO - Iter(train) [ 37300/160000]  lr: 1.7677e-05  eta: 13:41:39  time: 0.3691  data_time: 0.0096  memory: 5994  loss: nan  decode.loss_ce: nan  decode.acc_seg: 87.4742
2025/03/09 05:33:32 - mmengine - INFO - Iter(train) [ 37350/160000]  lr: 1.7382e-05  eta: 13:41:14  time: 0.3714  data_time: 0.0097  memory: 5994  loss: nan  decode.loss_ce: nan  decode.acc_seg: 94.2281
2025/03/09 05:33:51 - mmengine - INFO - Iter(train) [ 37400/160000]  lr: 1.7087e-05  eta: 13:40:49  time: 0.3677  data_time: 0.0088  memory: 5994  loss: nan  decode.loss_ce: nan  decode.acc_seg: 99.9260
2025/03/09 05:33:51 - mmengine - INFO - Saving checkpoint at 37400 iterations
2025/03/09 05:34:16 - mmengine - INFO - Iter(train) [ 37450/160000]  lr: 1.6791e-05  eta: 13:40:44  time: 0.3644  data_time: 0.0089  memory: 5994  loss: nan  decode.loss_ce: nan  decode.acc_seg: 98.6792
2025/03/09 05:34:34 - mmengine - INFO - Iter(train) [ 37500/160000]  lr: 1.6494e-05  eta: 13:40:18  time: 0.3694  data_time: 0.0094  memory: 5994  loss: nan  decode.loss_ce: nan  decode.acc_seg: 90.2898
2025/03/09 05:34:52 - mmengine - INFO - Iter(train) [ 37550/160000]  lr: 1.6197e-05  eta: 13:39:53  time: 0.3668  data_time: 0.0091  memory: 5994  loss: nan  decode.loss_ce: nan  decode.acc_seg: 95.0549
2025/03/09 05:35:11 - mmengine - INFO - Iter(train) [ 37600/160000]  lr: 1.5899e-05  eta: 13:39:27  time: 0.3703  data_time: 0.0087  memory: 5994  loss: nan  decode.loss_ce: nan  decode.acc_seg: 89.4023
2025/03/09 05:35:29 - mmengine - INFO - Iter(train) [ 37650/160000]  lr: 1.5601e-05  eta: 13:39:02  time: 0.3686  data_time: 0.0092  memory: 5994  loss: nan  decode.loss_ce: nan  decode.acc_seg: 92.5317
2025/03/09 05:35:48 - mmengine - INFO - Iter(train) [ 37700/160000]  lr: 1.5302e-05  eta: 13:38:37  time: 0.3688  data_time: 0.0093  memory: 5994  loss: nan  decode.loss_ce: nan  decode.acc_seg: 93.5637
2025/03/09 05:36:06 - mmengine - INFO - Iter(train) [ 37750/160000]  lr: 1.5002e-05  eta: 13:38:11  time: 0.3672  data_time: 0.0088  memory: 5994  loss: nan  decode.loss_ce: nan  decode.acc_seg: 99.5448
2025/03/09 05:36:25 - mmengine - INFO - Iter(train) [ 37800/160000]  lr: 1.4702e-05  eta: 13:37:46  time: 0.3685  data_time: 0.0085  memory: 5994  loss: nan  decode.loss_ce: nan  decode.acc_seg: 96.5252
2025/03/09 05:36:43 - mmengine - INFO - Iter(train) [ 37850/160000]  lr: 1.4401e-05  eta: 13:37:21  time: 0.3686  data_time: 0.0090  memory: 5994  loss: nan  decode.loss_ce: nan  decode.acc_seg: 96.2675
2025/03/09 05:37:02 - mmengine - INFO - Iter(train) [ 37900/160000]  lr: 1.4099e-05  eta: 13:36:56  time: 0.3691  data_time: 0.0091  memory: 5994  loss: nan  decode.loss_ce: nan  decode.acc_seg: 97.1129
2025/03/09 05:37:20 - mmengine - INFO - Iter(train) [ 37950/160000]  lr: 1.3796e-05  eta: 13:36:30  time: 0.3701  data_time: 0.0090  memory: 5994  loss: nan  decode.loss_ce: nan  decode.acc_seg: 98.1655
2025/03/09 05:37:39 - mmengine - INFO - Exp name: fpn_poolformer_s36_8x4_512x512_40k_ade20k_20250309_005445
2025/03/09 05:37:39 - mmengine - INFO - Iter(train) [ 38000/160000]  lr: 1.3493e-05  eta: 13:36:05  time: 0.3707  data_time: 0.0094  memory: 5994  loss: nan  decode.loss_ce: nan  decode.acc_seg: 96.9275
2025/03/09 05:37:57 - mmengine - INFO - Iter(train) [ 38050/160000]  lr: 1.3189e-05  eta: 13:35:40  time: 0.3678  data_time: 0.0081  memory: 5994  loss: nan  decode.loss_ce: nan  decode.acc_seg: 95.9251
2025/03/09 05:38:16 - mmengine - INFO - Iter(train) [ 38100/160000]  lr: 1.2884e-05  eta: 13:35:15  time: 0.3709  data_time: 0.0093  memory: 5994  loss: nan  decode.loss_ce: nan  decode.acc_seg: 93.5524
2025/03/09 05:38:34 - mmengine - INFO - Iter(train) [ 38150/160000]  lr: 1.2579e-05  eta: 13:34:50  time: 0.3699  data_time: 0.0089  memory: 5994  loss: nan  decode.loss_ce: nan  decode.acc_seg: 96.8670
2025/03/09 05:38:53 - mmengine - INFO - Iter(train) [ 38200/160000]  lr: 1.2272e-05  eta: 13:34:25  time: 0.3700  data_time: 0.0093  memory: 5994  loss: nan  decode.loss_ce: nan  decode.acc_seg: 91.9456
2025/03/09 05:39:11 - mmengine - INFO - Iter(train) [ 38250/160000]  lr: 1.1965e-05  eta: 13:34:00  time: 0.3695  data_time: 0.0090  memory: 5994  loss: nan  decode.loss_ce: nan  decode.acc_seg: 95.5649
2025/03/09 05:39:30 - mmengine - INFO - Iter(train) [ 38300/160000]  lr: 1.1657e-05  eta: 13:33:34  time: 0.3720  data_time: 0.0092  memory: 5994  loss: nan  decode.loss_ce: nan  decode.acc_seg: 99.0128
2025/03/09 05:39:48 - mmengine - INFO - Iter(train) [ 38350/160000]  lr: 1.1348e-05  eta: 13:33:09  time: 0.3699  data_time: 0.0092  memory: 5994  loss: nan  decode.loss_ce: nan  decode.acc_seg: 95.0090
2025/03/09 05:40:06 - mmengine - INFO - Iter(train) [ 38400/160000]  lr: 1.1038e-05  eta: 13:32:44  time: 0.3691  data_time: 0.0093  memory: 5994  loss: nan  decode.loss_ce: nan  decode.acc_seg: 94.3767
2025/03/09 05:40:25 - mmengine - INFO - Iter(train) [ 38450/160000]  lr: 1.0727e-05  eta: 13:32:19  time: 0.3688  data_time: 0.0096  memory: 5994  loss: nan  decode.loss_ce: nan  decode.acc_seg: 96.7783
2025/03/09 05:40:43 - mmengine - INFO - Iter(train) [ 38500/160000]  lr: 1.0415e-05  eta: 13:31:54  time: 0.3717  data_time: 0.0106  memory: 5994  loss: nan  decode.loss_ce: nan  decode.acc_seg: 97.0930
2025/03/09 05:40:52 - mmengine - INFO - Iter(val) [ 50/869]    eta: 0:02:28  time: 0.1792  data_time: 0.0022  memory: 810  
2025/03/09 05:41:01 - mmengine - INFO - Iter(val) [100/869]    eta: 0:02:18  time: 0.1793  data_time: 0.0025  memory: 810  
2025/03/09 05:41:10 - mmengine - INFO - Iter(val) [150/869]    eta: 0:02:09  time: 0.1789  data_time: 0.0022  memory: 810  
2025/03/09 05:41:19 - mmengine - INFO - Iter(val) [200/869]    eta: 0:02:00  time: 0.1789  data_time: 0.0020  memory: 810  
2025/03/09 05:41:28 - mmengine - INFO - Iter(val) [250/869]    eta: 0:01:51  time: 0.1787  data_time: 0.0022  memory: 810  
2025/03/09 05:41:37 - mmengine - INFO - Iter(val) [300/869]    eta: 0:01:42  time: 0.1792  data_time: 0.0025  memory: 810  
2025/03/09 05:41:46 - mmengine - INFO - Iter(val) [350/869]    eta: 0:01:33  time: 0.1786  data_time: 0.0026  memory: 810  
2025/03/09 05:41:55 - mmengine - INFO - Iter(val) [400/869]    eta: 0:01:24  time: 0.1804  data_time: 0.0029  memory: 810  
2025/03/09 05:42:04 - mmengine - INFO - Iter(val) [450/869]    eta: 0:01:15  time: 0.1796  data_time: 0.0027  memory: 810  
2025/03/09 05:42:13 - mmengine - INFO - Iter(val) [500/869]    eta: 0:01:06  time: 0.1784  data_time: 0.0024  memory: 810  
2025/03/09 05:42:22 - mmengine - INFO - Iter(val) [550/869]    eta: 0:00:57  time: 0.1787  data_time: 0.0022  memory: 810  
2025/03/09 05:42:31 - mmengine - INFO - Iter(val) [600/869]    eta: 0:00:48  time: 0.1786  data_time: 0.0024  memory: 810  
2025/03/09 05:42:40 - mmengine - INFO - Iter(val) [650/869]    eta: 0:00:39  time: 0.1786  data_time: 0.0025  memory: 810  
2025/03/09 05:42:49 - mmengine - INFO - Iter(val) [700/869]    eta: 0:00:30  time: 0.1786  data_time: 0.0024  memory: 810  
2025/03/09 05:42:58 - mmengine - INFO - Iter(val) [750/869]    eta: 0:00:21  time: 0.1795  data_time: 0.0026  memory: 810  
2025/03/09 05:43:07 - mmengine - INFO - Iter(val) [800/869]    eta: 0:00:12  time: 0.1779  data_time: 0.0022  memory: 810  
2025/03/09 05:43:16 - mmengine - INFO - Iter(val) [850/869]    eta: 0:00:03  time: 0.1786  data_time: 0.0027  memory: 810  
2025/03/09 05:43:19 - mmengine - INFO - per class results:
2025/03/09 05:43:19 - mmengine - INFO - 
+------------+-------+-------+--------+-----------+--------+
|   Class    |  IoU  |  Acc  | Fscore | Precision | Recall |
+------------+-------+-------+--------+-----------+--------+
| background | 95.91 | 100.0 | 97.91  |   95.91   | 100.0  |
|    ghaf    |  0.0  |  0.0  |  nan   |    nan    |  0.0   |
+------------+-------+-------+--------+-----------+--------+
2025/03/09 05:43:19 - mmengine - INFO - Iter(val) [869/869]    aAcc: 95.9100  mIoU: 47.9600  mAcc: 50.0000  mFscore: 97.9100  mPrecision: 95.9100  mRecall: 50.0000  data_time: 0.0026  time: 0.1792
2025/03/09 05:43:38 - mmengine - INFO - Iter(train) [ 38550/160000]  lr: 1.0102e-05  eta: 13:31:28  time: 0.3681  data_time: 0.0089  memory: 5994  loss: nan  decode.loss_ce: nan  decode.acc_seg: 99.0081
2025/03/09 05:43:56 - mmengine - INFO - Iter(train) [ 38600/160000]  lr: 9.7882e-06  eta: 13:31:03  time: 0.3665  data_time: 0.0094  memory: 5994  loss: nan  decode.loss_ce: nan  decode.acc_seg: 94.0916
2025/03/09 05:44:14 - mmengine - INFO - Iter(train) [ 38650/160000]  lr: 9.4730e-06  eta: 13:30:38  time: 0.3683  data_time: 0.0089  memory: 5994  loss: nan  decode.loss_ce: nan  decode.acc_seg: 87.5879
2025/03/09 05:44:33 - mmengine - INFO - Iter(train) [ 38700/160000]  lr: 9.1566e-06  eta: 13:30:13  time: 0.3692  data_time: 0.0090  memory: 5994  loss: nan  decode.loss_ce: nan  decode.acc_seg: 99.7467
2025/03/09 05:44:51 - mmengine - INFO - Iter(train) [ 38750/160000]  lr: 8.8390e-06  eta: 13:29:48  time: 0.3705  data_time: 0.0094  memory: 5994  loss: nan  decode.loss_ce: nan  decode.acc_seg: 97.1647
2025/03/09 05:45:10 - mmengine - INFO - Iter(train) [ 38800/160000]  lr: 8.5202e-06  eta: 13:29:23  time: 0.3680  data_time: 0.0083  memory: 5994  loss: nan  decode.loss_ce: nan  decode.acc_seg: 95.0440
2025/03/09 05:45:28 - mmengine - INFO - Iter(train) [ 38850/160000]  lr: 8.2000e-06  eta: 13:28:58  time: 0.3723  data_time: 0.0097  memory: 5994  loss: nan  decode.loss_ce: nan  decode.acc_seg: 96.9990
2025/03/09 05:45:47 - mmengine - INFO - Iter(train) [ 38900/160000]  lr: 7.8784e-06  eta: 13:28:33  time: 0.3699  data_time: 0.0089  memory: 5994  loss: nan  decode.loss_ce: nan  decode.acc_seg: 90.5144
2025/03/09 05:46:05 - mmengine - INFO - Iter(train) [ 38950/160000]  lr: 7.5554e-06  eta: 13:28:08  time: 0.3690  data_time: 0.0088  memory: 5994  loss: nan  decode.loss_ce: nan  decode.acc_seg: 92.4561
2025/03/09 05:47:42 - mmengine - INFO - Exp name: fpn_poolformer_s36_8x4_512x512_40k_ade20k_20250309_005445
2025/03/09 05:47:42 - mmengine - INFO - Iter(train) [ 39000/160000]  lr: 7.2308e-06  eta: 13:31:48  time: 0.3566  data_time: 0.0080  memory: 5994  loss: nan  decode.loss_ce: nan  decode.acc_seg: 97.7660
2025/03/09 05:48:00 - mmengine - INFO - Iter(train) [ 39050/160000]  lr: 6.9046e-06  eta: 13:31:19  time: 0.3482  data_time: 0.0071  memory: 5994  loss: nan  decode.loss_ce: nan  decode.acc_seg: 90.5724
2025/03/09 05:48:17 - mmengine - INFO - Iter(train) [ 39100/160000]  lr: 6.5766e-06  eta: 13:30:51  time: 0.3498  data_time: 0.0070  memory: 5994  loss: nan  decode.loss_ce: nan  decode.acc_seg: 99.5060
2025/03/09 05:48:35 - mmengine - INFO - Iter(train) [ 39150/160000]  lr: 6.2469e-06  eta: 13:30:23  time: 0.3506  data_time: 0.0071  memory: 5994  loss: nan  decode.loss_ce: nan  decode.acc_seg: 99.3370
2025/03/09 05:48:53 - mmengine - INFO - Iter(train) [ 39200/160000]  lr: 5.9152e-06  eta: 13:29:55  time: 0.3523  data_time: 0.0071  memory: 5994  loss: nan  decode.loss_ce: nan  decode.acc_seg: 88.7237
2025/03/09 05:49:10 - mmengine - INFO - Iter(train) [ 39250/160000]  lr: 5.5814e-06  eta: 13:29:28  time: 0.3597  data_time: 0.0078  memory: 5994  loss: nan  decode.loss_ce: nan  decode.acc_seg: 94.5492
2025/03/09 05:49:29 - mmengine - INFO - Iter(train) [ 39300/160000]  lr: 5.2453e-06  eta: 13:29:02  time: 0.3650  data_time: 0.0083  memory: 5994  loss: nan  decode.loss_ce: nan  decode.acc_seg: 95.9146
2025/03/09 05:49:47 - mmengine - INFO - Iter(train) [ 39350/160000]  lr: 4.9069e-06  eta: 13:28:37  time: 0.3690  data_time: 0.0086  memory: 5994  loss: nan  decode.loss_ce: nan  decode.acc_seg: 95.2631
2025/03/09 05:50:06 - mmengine - INFO - Iter(train) [ 39400/160000]  lr: 4.5659e-06  eta: 13:28:12  time: 0.3692  data_time: 0.0095  memory: 5994  loss: nan  decode.loss_ce: nan  decode.acc_seg: 97.4030
2025/03/09 05:50:24 - mmengine - INFO - Iter(train) [ 39450/160000]  lr: 4.2219e-06  eta: 13:27:47  time: 0.3673  data_time: 0.0085  memory: 5994  loss: nan  decode.loss_ce: nan  decode.acc_seg: 81.3915
2025/03/09 05:50:42 - mmengine - INFO - Iter(train) [ 39500/160000]  lr: 3.8749e-06  eta: 13:27:22  time: 0.3695  data_time: 0.0086  memory: 5994  loss: nan  decode.loss_ce: nan  decode.acc_seg: 98.2058
2025/03/09 05:51:01 - mmengine - INFO - Iter(train) [ 39550/160000]  lr: 3.5243e-06  eta: 13:26:56  time: 0.3693  data_time: 0.0095  memory: 5994  loss: nan  decode.loss_ce: nan  decode.acc_seg: 96.1150
2025/03/09 05:51:19 - mmengine - INFO - Iter(train) [ 39600/160000]  lr: 3.1699e-06  eta: 13:26:31  time: 0.3694  data_time: 0.0086  memory: 5994  loss: nan  decode.loss_ce: nan  decode.acc_seg: 96.9640
2025/03/09 05:51:38 - mmengine - INFO - Iter(train) [ 39650/160000]  lr: 2.8109e-06  eta: 13:26:06  time: 0.3707  data_time: 0.0090  memory: 5994  loss: nan  decode.loss_ce: nan  decode.acc_seg: 97.0259
2025/03/09 05:51:56 - mmengine - INFO - Iter(train) [ 39700/160000]  lr: 2.4468e-06  eta: 13:25:41  time: 0.3667  data_time: 0.0085  memory: 5994  loss: nan  decode.loss_ce: nan  decode.acc_seg: 95.3469
2025/03/09 05:52:15 - mmengine - INFO - Iter(train) [ 39750/160000]  lr: 2.0765e-06  eta: 13:25:16  time: 0.3694  data_time: 0.0092  memory: 5994  loss: nan  decode.loss_ce: nan  decode.acc_seg: 95.7433
2025/03/09 05:52:33 - mmengine - INFO - Iter(train) [ 39800/160000]  lr: 1.6987e-06  eta: 13:24:50  time: 0.3672  data_time: 0.0089  memory: 5994  loss: nan  decode.loss_ce: nan  decode.acc_seg: 94.4781
2025/03/09 05:52:51 - mmengine - INFO - Iter(train) [ 39850/160000]  lr: 1.3112e-06  eta: 13:24:25  time: 0.3664  data_time: 0.0087  memory: 5994  loss: nan  decode.loss_ce: nan  decode.acc_seg: 97.3037
2025/03/09 05:53:10 - mmengine - INFO - Iter(train) [ 39900/160000]  lr: 9.1030e-07  eta: 13:24:00  time: 0.3668  data_time: 0.0081  memory: 5994  loss: nan  decode.loss_ce: nan  decode.acc_seg: 94.4936
2025/03/09 05:53:28 - mmengine - INFO - Iter(train) [ 39950/160000]  lr: 4.8782e-07  eta: 13:23:35  time: 0.3673  data_time: 0.0090  memory: 5994  loss: nan  decode.loss_ce: nan  decode.acc_seg: 94.0423
2025/03/09 05:53:47 - mmengine - INFO - Exp name: fpn_poolformer_s36_8x4_512x512_40k_ade20k_20250309_005445
2025/03/09 05:53:47 - mmengine - INFO - Iter(train) [ 40000/160000]  lr: 0.0000e+00  eta: 13:23:10  time: 0.3690  data_time: 0.0090  memory: 5994  loss: nan  decode.loss_ce: nan  decode.acc_seg: 100.0000
2025/03/09 05:54:05 - mmengine - INFO - Iter(train) [ 40050/160000]  lr: 0.0000e+00  eta: 13:22:45  time: 0.3698  data_time: 0.0087  memory: 5994  loss: nan  decode.loss_ce: nan  decode.acc_seg: 96.3064
2025/03/09 05:54:23 - mmengine - INFO - Iter(train) [ 40100/160000]  lr: 0.0000e+00  eta: 13:22:20  time: 0.3695  data_time: 0.0088  memory: 5994  loss: nan  decode.loss_ce: nan  decode.acc_seg: 92.8108
2025/03/09 05:54:42 - mmengine - INFO - Iter(train) [ 40150/160000]  lr: 0.0000e+00  eta: 13:21:55  time: 0.3634  data_time: 0.0085  memory: 5994  loss: nan  decode.loss_ce: nan  decode.acc_seg: 99.0512
2025/03/09 05:55:00 - mmengine - INFO - Iter(train) [ 40200/160000]  lr: 0.0000e+00  eta: 13:21:30  time: 0.3690  data_time: 0.0088  memory: 5994  loss: nan  decode.loss_ce: nan  decode.acc_seg: 94.4857
2025/03/09 05:55:19 - mmengine - INFO - Iter(train) [ 40250/160000]  lr: 0.0000e+00  eta: 13:21:05  time: 0.3688  data_time: 0.0088  memory: 5994  loss: nan  decode.loss_ce: nan  decode.acc_seg: 97.0577
2025/03/09 05:55:37 - mmengine - INFO - Iter(train) [ 40300/160000]  lr: 0.0000e+00  eta: 13:20:40  time: 0.3699  data_time: 0.0093  memory: 5994  loss: nan  decode.loss_ce: nan  decode.acc_seg: 80.0170
2025/03/09 05:55:56 - mmengine - INFO - Iter(train) [ 40350/160000]  lr: 0.0000e+00  eta: 13:20:15  time: 0.3672  data_time: 0.0092  memory: 5994  loss: nan  decode.loss_ce: nan  decode.acc_seg: 94.2070
2025/03/09 05:56:14 - mmengine - INFO - Iter(train) [ 40400/160000]  lr: 0.0000e+00  eta: 13:19:50  time: 0.3709  data_time: 0.0091  memory: 5994  loss: nan  decode.loss_ce: nan  decode.acc_seg: 98.5215
2025/03/09 05:56:33 - mmengine - INFO - Iter(train) [ 40450/160000]  lr: 0.0000e+00  eta: 13:19:25  time: 0.3670  data_time: 0.0083  memory: 5994  loss: nan  decode.loss_ce: nan  decode.acc_seg: 97.3238
2025/03/09 05:56:51 - mmengine - INFO - Iter(train) [ 40500/160000]  lr: 0.0000e+00  eta: 13:19:01  time: 0.3694  data_time: 0.0089  memory: 5994  loss: nan  decode.loss_ce: nan  decode.acc_seg: 90.3049
2025/03/09 05:57:10 - mmengine - INFO - Iter(train) [ 40550/160000]  lr: 0.0000e+00  eta: 13:18:36  time: 0.3691  data_time: 0.0084  memory: 5994  loss: nan  decode.loss_ce: nan  decode.acc_seg: 96.9275
2025/03/09 05:57:28 - mmengine - INFO - Iter(train) [ 40600/160000]  lr: 0.0000e+00  eta: 13:18:11  time: 0.3708  data_time: 0.0089  memory: 5994  loss: nan  decode.loss_ce: nan  decode.acc_seg: 81.4561
2025/03/09 05:57:46 - mmengine - INFO - Iter(train) [ 40650/160000]  lr: 0.0000e+00  eta: 13:17:46  time: 0.3685  data_time: 0.0084  memory: 5994  loss: nan  decode.loss_ce: nan  decode.acc_seg: 96.1322
2025/03/09 05:58:05 - mmengine - INFO - Iter(train) [ 40700/160000]  lr: 0.0000e+00  eta: 13:17:22  time: 0.3723  data_time: 0.0087  memory: 5994  loss: nan  decode.loss_ce: nan  decode.acc_seg: 97.3459
2025/03/09 05:58:23 - mmengine - INFO - Iter(train) [ 40750/160000]  lr: 0.0000e+00  eta: 13:16:57  time: 0.3692  data_time: 0.0091  memory: 5994  loss: nan  decode.loss_ce: nan  decode.acc_seg: 96.2772
2025/03/09 05:58:42 - mmengine - INFO - Iter(train) [ 40800/160000]  lr: 0.0000e+00  eta: 13:16:32  time: 0.3691  data_time: 0.0088  memory: 5994  loss: nan  decode.loss_ce: nan  decode.acc_seg: 94.8014
2025/03/09 05:58:42 - mmengine - INFO - Saving checkpoint at 40800 iterations
2025/03/09 05:59:06 - mmengine - INFO - Iter(train) [ 40850/160000]  lr: 0.0000e+00  eta: 13:16:25  time: 0.3696  data_time: 0.0095  memory: 5994  loss: nan  decode.loss_ce: nan  decode.acc_seg: 88.5221
2025/03/09 05:59:25 - mmengine - INFO - Iter(train) [ 40900/160000]  lr: 0.0000e+00  eta: 13:16:01  time: 0.3718  data_time: 0.0104  memory: 5994  loss: nan  decode.loss_ce: nan  decode.acc_seg: 93.7346
2025/03/09 05:59:43 - mmengine - INFO - Iter(train) [ 40950/160000]  lr: 0.0000e+00  eta: 13:15:36  time: 0.3734  data_time: 0.0102  memory: 5994  loss: nan  decode.loss_ce: nan  decode.acc_seg: 98.9416
2025/03/09 06:00:02 - mmengine - INFO - Exp name: fpn_poolformer_s36_8x4_512x512_40k_ade20k_20250309_005445
2025/03/09 06:00:02 - mmengine - INFO - Iter(train) [ 41000/160000]  lr: 0.0000e+00  eta: 13:15:11  time: 0.3679  data_time: 0.0090  memory: 5994  loss: nan  decode.loss_ce: nan  decode.acc_seg: 100.0000
2025/03/09 06:00:20 - mmengine - INFO - Iter(train) [ 41050/160000]  lr: 0.0000e+00  eta: 13:14:46  time: 0.3706  data_time: 0.0094  memory: 5994  loss: nan  decode.loss_ce: nan  decode.acc_seg: 99.3058
2025/03/09 06:00:39 - mmengine - INFO - Iter(train) [ 41100/160000]  lr: 0.0000e+00  eta: 13:14:22  time: 0.3706  data_time: 0.0098  memory: 5994  loss: nan  decode.loss_ce: nan  decode.acc_seg: 98.7315
2025/03/09 06:00:57 - mmengine - INFO - Iter(train) [ 41150/160000]  lr: 0.0000e+00  eta: 13:13:58  time: 0.3717  data_time: 0.0099  memory: 5994  loss: nan  decode.loss_ce: nan  decode.acc_seg: 93.2173
2025/03/09 06:01:16 - mmengine - INFO - Iter(train) [ 41200/160000]  lr: 0.0000e+00  eta: 13:13:33  time: 0.3693  data_time: 0.0098  memory: 5994  loss: nan  decode.loss_ce: nan  decode.acc_seg: 99.9416
2025/03/09 06:01:34 - mmengine - INFO - Iter(train) [ 41250/160000]  lr: 0.0000e+00  eta: 13:13:09  time: 0.3734  data_time: 0.0101  memory: 5994  loss: nan  decode.loss_ce: nan  decode.acc_seg: 96.2859
2025/03/09 06:01:53 - mmengine - INFO - Iter(train) [ 41300/160000]  lr: 0.0000e+00  eta: 13:12:45  time: 0.3703  data_time: 0.0090  memory: 5994  loss: nan  decode.loss_ce: nan  decode.acc_seg: 93.3267
2025/03/09 06:02:12 - mmengine - INFO - Iter(train) [ 41350/160000]  lr: 0.0000e+00  eta: 13:12:21  time: 0.3687  data_time: 0.0092  memory: 5994  loss: nan  decode.loss_ce: nan  decode.acc_seg: 96.3518
2025/03/09 06:02:30 - mmengine - INFO - Iter(train) [ 41400/160000]  lr: 0.0000e+00  eta: 13:11:57  time: 0.3709  data_time: 0.0098  memory: 5994  loss: nan  decode.loss_ce: nan  decode.acc_seg: 96.3373
2025/03/09 06:02:49 - mmengine - INFO - Iter(train) [ 41450/160000]  lr: 0.0000e+00  eta: 13:11:32  time: 0.3728  data_time: 0.0102  memory: 5994  loss: nan  decode.loss_ce: nan  decode.acc_seg: 79.9741
2025/03/09 06:03:07 - mmengine - INFO - Iter(train) [ 41500/160000]  lr: 0.0000e+00  eta: 13:11:08  time: 0.3625  data_time: 0.0077  memory: 5994  loss: nan  decode.loss_ce: nan  decode.acc_seg: 99.3665
2025/03/09 06:03:26 - mmengine - INFO - Iter(train) [ 41550/160000]  lr: 0.0000e+00  eta: 13:10:43  time: 0.3693  data_time: 0.0097  memory: 5994  loss: nan  decode.loss_ce: nan  decode.acc_seg: 96.7535
2025/03/09 06:03:44 - mmengine - INFO - Iter(train) [ 41600/160000]  lr: 0.0000e+00  eta: 13:10:19  time: 0.3719  data_time: 0.0105  memory: 5994  loss: nan  decode.loss_ce: nan  decode.acc_seg: 89.4968
2025/03/09 06:04:03 - mmengine - INFO - Iter(train) [ 41650/160000]  lr: 0.0000e+00  eta: 13:09:55  time: 0.3711  data_time: 0.0093  memory: 5994  loss: nan  decode.loss_ce: nan  decode.acc_seg: 99.1904
2025/03/09 06:04:21 - mmengine - INFO - Iter(train) [ 41700/160000]  lr: 0.0000e+00  eta: 13:09:31  time: 0.3700  data_time: 0.0095  memory: 5994  loss: nan  decode.loss_ce: nan  decode.acc_seg: 99.9207
2025/03/09 06:04:40 - mmengine - INFO - Iter(train) [ 41750/160000]  lr: 0.0000e+00  eta: 13:09:07  time: 0.3714  data_time: 0.0105  memory: 5994  loss: nan  decode.loss_ce: nan  decode.acc_seg: 94.5418
2025/03/09 06:04:59 - mmengine - INFO - Iter(train) [ 41800/160000]  lr: 0.0000e+00  eta: 13:08:43  time: 0.3718  data_time: 0.0103  memory: 5994  loss: nan  decode.loss_ce: nan  decode.acc_seg: 97.7033
2025/03/09 06:05:17 - mmengine - INFO - Iter(train) [ 41850/160000]  lr: 0.0000e+00  eta: 13:08:18  time: 0.3700  data_time: 0.0097  memory: 5994  loss: nan  decode.loss_ce: nan  decode.acc_seg: 99.9229
2025/03/09 06:05:36 - mmengine - INFO - Iter(train) [ 41900/160000]  lr: 0.0000e+00  eta: 13:07:54  time: 0.3749  data_time: 0.0098  memory: 5994  loss: nan  decode.loss_ce: nan  decode.acc_seg: 93.7553
2025/03/09 06:05:54 - mmengine - INFO - Iter(train) [ 41950/160000]  lr: 0.0000e+00  eta: 13:07:30  time: 0.3714  data_time: 0.0095  memory: 5994  loss: nan  decode.loss_ce: nan  decode.acc_seg: 98.7522
2025/03/09 06:06:13 - mmengine - INFO - Exp name: fpn_poolformer_s36_8x4_512x512_40k_ade20k_20250309_005445
2025/03/09 06:06:13 - mmengine - INFO - Iter(train) [ 42000/160000]  lr: 0.0000e+00  eta: 13:07:06  time: 0.3717  data_time: 0.0102  memory: 5994  loss: nan  decode.loss_ce: nan  decode.acc_seg: 98.0224
2025/03/09 06:06:22 - mmengine - INFO - Iter(val) [ 50/869]    eta: 0:02:28  time: 0.1790  data_time: 0.0024  memory: 810  
2025/03/09 06:06:31 - mmengine - INFO - Iter(val) [100/869]    eta: 0:02:18  time: 0.1813  data_time: 0.0028  memory: 810  
2025/03/09 06:06:40 - mmengine - INFO - Iter(val) [150/869]    eta: 0:02:09  time: 0.1789  data_time: 0.0023  memory: 810  
2025/03/09 06:06:49 - mmengine - INFO - Iter(val) [200/869]    eta: 0:02:00  time: 0.1790  data_time: 0.0025  memory: 810  
2025/03/09 06:06:58 - mmengine - INFO - Iter(val) [250/869]    eta: 0:01:51  time: 0.1787  data_time: 0.0024  memory: 810  
2025/03/09 06:07:07 - mmengine - INFO - Iter(val) [300/869]    eta: 0:01:42  time: 0.1788  data_time: 0.0024  memory: 810  
2025/03/09 06:07:16 - mmengine - INFO - Iter(val) [350/869]    eta: 0:01:33  time: 0.1785  data_time: 0.0023  memory: 810  
2025/03/09 06:07:25 - mmengine - INFO - Iter(val) [400/869]    eta: 0:01:24  time: 0.1791  data_time: 0.0025  memory: 810  
2025/03/09 06:07:34 - mmengine - INFO - Iter(val) [450/869]    eta: 0:01:15  time: 0.1788  data_time: 0.0027  memory: 810  
2025/03/09 06:07:43 - mmengine - INFO - Iter(val) [500/869]    eta: 0:01:06  time: 0.1790  data_time: 0.0024  memory: 810  
2025/03/09 06:07:52 - mmengine - INFO - Iter(val) [550/869]    eta: 0:00:57  time: 0.1789  data_time: 0.0025  memory: 810  
2025/03/09 06:08:00 - mmengine - INFO - Iter(val) [600/869]    eta: 0:00:48  time: 0.1785  data_time: 0.0025  memory: 810  
2025/03/09 06:08:09 - mmengine - INFO - Iter(val) [650/869]    eta: 0:00:39  time: 0.1783  data_time: 0.0023  memory: 810  
2025/03/09 06:08:18 - mmengine - INFO - Iter(val) [700/869]    eta: 0:00:30  time: 0.1781  data_time: 0.0025  memory: 810  
2025/03/09 06:08:27 - mmengine - INFO - Iter(val) [750/869]    eta: 0:00:21  time: 0.1780  data_time: 0.0020  memory: 810  
2025/03/09 06:08:36 - mmengine - INFO - Iter(val) [800/869]    eta: 0:00:12  time: 0.1786  data_time: 0.0025  memory: 810  
2025/03/09 06:08:45 - mmengine - INFO - Iter(val) [850/869]    eta: 0:00:03  time: 0.1785  data_time: 0.0025  memory: 810  
2025/03/09 06:08:49 - mmengine - INFO - per class results:
2025/03/09 06:08:49 - mmengine - INFO - 
+------------+-------+-------+--------+-----------+--------+
|   Class    |  IoU  |  Acc  | Fscore | Precision | Recall |
+------------+-------+-------+--------+-----------+--------+
| background | 95.91 | 100.0 | 97.91  |   95.91   | 100.0  |
|    ghaf    |  0.0  |  0.0  |  nan   |    nan    |  0.0   |
+------------+-------+-------+--------+-----------+--------+
2025/03/09 06:08:49 - mmengine - INFO - Iter(val) [869/869]    aAcc: 95.9100  mIoU: 47.9600  mAcc: 50.0000  mFscore: 97.9100  mPrecision: 95.9100  mRecall: 50.0000  data_time: 0.0026  time: 0.1790
2025/03/09 06:09:07 - mmengine - INFO - Iter(train) [ 42050/160000]  lr: 0.0000e+00  eta: 13:06:42  time: 0.3717  data_time: 0.0103  memory: 5994  loss: nan  decode.loss_ce: nan  decode.acc_seg: 99.4365
2025/03/09 06:09:26 - mmengine - INFO - Iter(train) [ 42100/160000]  lr: 0.0000e+00  eta: 13:06:18  time: 0.3686  data_time: 0.0098  memory: 5994  loss: nan  decode.loss_ce: nan  decode.acc_seg: 99.7282
2025/03/09 06:09:44 - mmengine - INFO - Iter(train) [ 42150/160000]  lr: 0.0000e+00  eta: 13:05:54  time: 0.3745  data_time: 0.0096  memory: 5994  loss: nan  decode.loss_ce: nan  decode.acc_seg: 97.1043
2025/03/09 06:10:03 - mmengine - INFO - Iter(train) [ 42200/160000]  lr: 0.0000e+00  eta: 13:05:29  time: 0.3709  data_time: 0.0097  memory: 5994  loss: nan  decode.loss_ce: nan  decode.acc_seg: 97.2104
2025/03/09 06:10:21 - mmengine - INFO - Iter(train) [ 42250/160000]  lr: 0.0000e+00  eta: 13:05:06  time: 0.3706  data_time: 0.0089  memory: 5994  loss: nan  decode.loss_ce: nan  decode.acc_seg: 99.8109
2025/03/09 06:10:40 - mmengine - INFO - Iter(train) [ 42300/160000]  lr: 0.0000e+00  eta: 13:04:41  time: 0.3732  data_time: 0.0103  memory: 5994  loss: nan  decode.loss_ce: nan  decode.acc_seg: 87.6124
2025/03/09 06:10:58 - mmengine - INFO - Iter(train) [ 42350/160000]  lr: 0.0000e+00  eta: 13:04:17  time: 0.3710  data_time: 0.0106  memory: 5994  loss: nan  decode.loss_ce: nan  decode.acc_seg: 97.3591
2025/03/09 06:11:17 - mmengine - INFO - Iter(train) [ 42400/160000]  lr: 0.0000e+00  eta: 13:03:53  time: 0.3721  data_time: 0.0106  memory: 5994  loss: nan  decode.loss_ce: nan  decode.acc_seg: 98.1130
2025/03/09 06:11:36 - mmengine - INFO - Iter(train) [ 42450/160000]  lr: 0.0000e+00  eta: 13:03:30  time: 0.3727  data_time: 0.0103  memory: 5994  loss: nan  decode.loss_ce: nan  decode.acc_seg: 97.8236
2025/03/09 06:11:54 - mmengine - INFO - Iter(train) [ 42500/160000]  lr: 0.0000e+00  eta: 13:03:06  time: 0.3703  data_time: 0.0095  memory: 5994  loss: nan  decode.loss_ce: nan  decode.acc_seg: 98.5529
2025/03/09 06:12:13 - mmengine - INFO - Iter(train) [ 42550/160000]  lr: 0.0000e+00  eta: 13:02:42  time: 0.3725  data_time: 0.0096  memory: 5994  loss: nan  decode.loss_ce: nan  decode.acc_seg: 80.2447
2025/03/09 06:12:31 - mmengine - INFO - Iter(train) [ 42600/160000]  lr: 0.0000e+00  eta: 13:02:18  time: 0.3655  data_time: 0.0091  memory: 5994  loss: nan  decode.loss_ce: nan  decode.acc_seg: 99.5889
2025/03/09 06:12:50 - mmengine - INFO - Iter(train) [ 42650/160000]  lr: 0.0000e+00  eta: 13:01:54  time: 0.3699  data_time: 0.0100  memory: 5994  loss: nan  decode.loss_ce: nan  decode.acc_seg: 93.1854
2025/03/09 06:13:08 - mmengine - INFO - Iter(train) [ 42700/160000]  lr: 0.0000e+00  eta: 13:01:29  time: 0.3612  data_time: 0.0081  memory: 5994  loss: nan  decode.loss_ce: nan  decode.acc_seg: 98.8211
2025/03/09 06:13:27 - mmengine - INFO - Iter(train) [ 42750/160000]  lr: 0.0000e+00  eta: 13:01:05  time: 0.3662  data_time: 0.0094  memory: 5994  loss: nan  decode.loss_ce: nan  decode.acc_seg: 99.9772
2025/03/09 06:13:45 - mmengine - INFO - Iter(train) [ 42800/160000]  lr: 0.0000e+00  eta: 13:00:40  time: 0.3658  data_time: 0.0092  memory: 5994  loss: nan  decode.loss_ce: nan  decode.acc_seg: 96.5709
2025/03/09 06:14:03 - mmengine - INFO - Iter(train) [ 42850/160000]  lr: 0.0000e+00  eta: 13:00:16  time: 0.3708  data_time: 0.0097  memory: 5994  loss: nan  decode.loss_ce: nan  decode.acc_seg: 85.3240
2025/03/09 06:14:22 - mmengine - INFO - Iter(train) [ 42900/160000]  lr: 0.0000e+00  eta: 12:59:52  time: 0.3669  data_time: 0.0096  memory: 5994  loss: nan  decode.loss_ce: nan  decode.acc_seg: 93.8726
2025/03/09 06:14:40 - mmengine - INFO - Iter(train) [ 42950/160000]  lr: 0.0000e+00  eta: 12:59:28  time: 0.3697  data_time: 0.0088  memory: 5994  loss: nan  decode.loss_ce: nan  decode.acc_seg: 96.2443
2025/03/09 06:14:59 - mmengine - INFO - Exp name: fpn_poolformer_s36_8x4_512x512_40k_ade20k_20250309_005445
2025/03/09 06:14:59 - mmengine - INFO - Iter(train) [ 43000/160000]  lr: 0.0000e+00  eta: 12:59:04  time: 0.3671  data_time: 0.0095  memory: 5994  loss: nan  decode.loss_ce: nan  decode.acc_seg: 97.2373
2025/03/09 06:15:17 - mmengine - INFO - Iter(train) [ 43050/160000]  lr: 0.0000e+00  eta: 12:58:40  time: 0.3648  data_time: 0.0095  memory: 5994  loss: nan  decode.loss_ce: nan  decode.acc_seg: 99.0903
2025/03/09 06:15:36 - mmengine - INFO - Iter(train) [ 43100/160000]  lr: 0.0000e+00  eta: 12:58:15  time: 0.3731  data_time: 0.0106  memory: 5994  loss: nan  decode.loss_ce: nan  decode.acc_seg: 92.7052
2025/03/09 06:15:54 - mmengine - INFO - Iter(train) [ 43150/160000]  lr: 0.0000e+00  eta: 12:57:51  time: 0.3690  data_time: 0.0087  memory: 5994  loss: nan  decode.loss_ce: nan  decode.acc_seg: 97.2562
2025/03/09 06:16:12 - mmengine - INFO - Iter(train) [ 43200/160000]  lr: 0.0000e+00  eta: 12:57:26  time: 0.3688  data_time: 0.0093  memory: 5994  loss: nan  decode.loss_ce: nan  decode.acc_seg: 99.1236
2025/03/09 06:16:31 - mmengine - INFO - Iter(train) [ 43250/160000]  lr: 0.0000e+00  eta: 12:57:02  time: 0.3726  data_time: 0.0101  memory: 5994  loss: nan  decode.loss_ce: nan  decode.acc_seg: 95.6404
2025/03/09 06:16:49 - mmengine - INFO - Iter(train) [ 43300/160000]  lr: 0.0000e+00  eta: 12:56:38  time: 0.3722  data_time: 0.0102  memory: 5994  loss: nan  decode.loss_ce: nan  decode.acc_seg: 98.7891
2025/03/09 06:17:07 - mmengine - INFO - Iter(train) [ 43350/160000]  lr: 0.0000e+00  eta: 12:56:14  time: 0.3694  data_time: 0.0094  memory: 5994  loss: nan  decode.loss_ce: nan  decode.acc_seg: 93.6615
2025/03/09 06:19:03 - mmengine - INFO - Iter(train) [ 43400/160000]  lr: 0.0000e+00  eta: 13:00:11  time: 0.3476  data_time: 0.0073  memory: 5994  loss: nan  decode.loss_ce: nan  decode.acc_seg: 99.0223
2025/03/09 06:19:20 - mmengine - INFO - Iter(train) [ 43450/160000]  lr: 0.0000e+00  eta: 12:59:43  time: 0.3486  data_time: 0.0072  memory: 5994  loss: nan  decode.loss_ce: nan  decode.acc_seg: 95.7417
2025/03/09 06:19:38 - mmengine - INFO - Iter(train) [ 43500/160000]  lr: 0.0000e+00  eta: 12:59:17  time: 0.3504  data_time: 0.0073  memory: 5994  loss: nan  decode.loss_ce: nan  decode.acc_seg: 93.6803
2025/03/09 06:19:56 - mmengine - INFO - Iter(train) [ 43550/160000]  lr: 0.0000e+00  eta: 12:58:50  time: 0.3510  data_time: 0.0075  memory: 5994  loss: nan  decode.loss_ce: nan  decode.acc_seg: 91.7391
2025/03/09 06:20:13 - mmengine - INFO - Iter(train) [ 43600/160000]  lr: 0.0000e+00  eta: 12:58:23  time: 0.3527  data_time: 0.0073  memory: 5994  loss: nan  decode.loss_ce: nan  decode.acc_seg: 88.0146
2025/03/09 06:20:31 - mmengine - INFO - Iter(train) [ 43650/160000]  lr: 0.0000e+00  eta: 12:57:57  time: 0.3675  data_time: 0.0091  memory: 5994  loss: nan  decode.loss_ce: nan  decode.acc_seg: 91.8968
2025/03/09 06:20:49 - mmengine - INFO - Iter(train) [ 43700/160000]  lr: 0.0000e+00  eta: 12:57:33  time: 0.3676  data_time: 0.0086  memory: 5994  loss: nan  decode.loss_ce: nan  decode.acc_seg: 95.8282
2025/03/09 06:21:08 - mmengine - INFO - Iter(train) [ 43750/160000]  lr: 0.0000e+00  eta: 12:57:08  time: 0.3687  data_time: 0.0087  memory: 5994  loss: nan  decode.loss_ce: nan  decode.acc_seg: 92.7369
2025/03/09 06:21:26 - mmengine - INFO - Iter(train) [ 43800/160000]  lr: 0.0000e+00  eta: 12:56:44  time: 0.3669  data_time: 0.0093  memory: 5994  loss: nan  decode.loss_ce: nan  decode.acc_seg: 95.0527
2025/03/09 06:21:45 - mmengine - INFO - Iter(train) [ 43850/160000]  lr: 0.0000e+00  eta: 12:56:20  time: 0.3706  data_time: 0.0090  memory: 5994  loss: nan  decode.loss_ce: nan  decode.acc_seg: 99.1380
2025/03/09 06:22:03 - mmengine - INFO - Iter(train) [ 43900/160000]  lr: 0.0000e+00  eta: 12:55:55  time: 0.3694  data_time: 0.0093  memory: 5994  loss: nan  decode.loss_ce: nan  decode.acc_seg: 92.1072
2025/03/09 06:22:22 - mmengine - INFO - Iter(train) [ 43950/160000]  lr: 0.0000e+00  eta: 12:55:31  time: 0.3708  data_time: 0.0096  memory: 5994  loss: nan  decode.loss_ce: nan  decode.acc_seg: 94.9736
2025/03/09 06:22:40 - mmengine - INFO - Exp name: fpn_poolformer_s36_8x4_512x512_40k_ade20k_20250309_005445
2025/03/09 06:22:40 - mmengine - INFO - Iter(train) [ 44000/160000]  lr: 0.0000e+00  eta: 12:55:07  time: 0.3664  data_time: 0.0086  memory: 5994  loss: nan  decode.loss_ce: nan  decode.acc_seg: 99.1920
2025/03/09 06:22:59 - mmengine - INFO - Iter(train) [ 44050/160000]  lr: 0.0000e+00  eta: 12:54:42  time: 0.3678  data_time: 0.0085  memory: 5994  loss: nan  decode.loss_ce: nan  decode.acc_seg: 93.7940
2025/03/09 06:23:17 - mmengine - INFO - Iter(train) [ 44100/160000]  lr: 0.0000e+00  eta: 12:54:18  time: 0.3677  data_time: 0.0088  memory: 5994  loss: nan  decode.loss_ce: nan  decode.acc_seg: 92.0755
2025/03/09 06:23:35 - mmengine - INFO - Iter(train) [ 44150/160000]  lr: 0.0000e+00  eta: 12:53:53  time: 0.3684  data_time: 0.0088  memory: 5994  loss: nan  decode.loss_ce: nan  decode.acc_seg: 93.3899
2025/03/09 06:23:54 - mmengine - INFO - Iter(train) [ 44200/160000]  lr: 0.0000e+00  eta: 12:53:29  time: 0.3671  data_time: 0.0086  memory: 5994  loss: nan  decode.loss_ce: nan  decode.acc_seg: 98.3210
2025/03/09 06:23:54 - mmengine - INFO - Saving checkpoint at 44200 iterations
2025/03/09 06:24:23 - mmengine - INFO - Iter(train) [ 44250/160000]  lr: 0.0000e+00  eta: 12:53:33  time: 0.3669  data_time: 0.0093  memory: 5994  loss: nan  decode.loss_ce: nan  decode.acc_seg: 92.4610
2025/03/09 06:24:41 - mmengine - INFO - Iter(train) [ 44300/160000]  lr: 0.0000e+00  eta: 12:53:08  time: 0.3648  data_time: 0.0084  memory: 5994  loss: nan  decode.loss_ce: nan  decode.acc_seg: 99.2130
2025/03/09 06:24:59 - mmengine - INFO - Iter(train) [ 44350/160000]  lr: 0.0000e+00  eta: 12:52:43  time: 0.3692  data_time: 0.0086  memory: 5994  loss: nan  decode.loss_ce: nan  decode.acc_seg: 92.7887
2025/03/09 06:25:18 - mmengine - INFO - Iter(train) [ 44400/160000]  lr: 0.0000e+00  eta: 12:52:19  time: 0.3719  data_time: 0.0088  memory: 5994  loss: nan  decode.loss_ce: nan  decode.acc_seg: 94.5628
2025/03/09 06:25:36 - mmengine - INFO - Iter(train) [ 44450/160000]  lr: 0.0000e+00  eta: 12:51:55  time: 0.3686  data_time: 0.0088  memory: 5994  loss: nan  decode.loss_ce: nan  decode.acc_seg: 92.5976
2025/03/09 06:25:55 - mmengine - INFO - Iter(train) [ 44500/160000]  lr: 0.0000e+00  eta: 12:51:31  time: 0.3701  data_time: 0.0094  memory: 5994  loss: nan  decode.loss_ce: nan  decode.acc_seg: 95.8229
2025/03/09 06:26:13 - mmengine - INFO - Iter(train) [ 44550/160000]  lr: 0.0000e+00  eta: 12:51:07  time: 0.3703  data_time: 0.0086  memory: 5994  loss: nan  decode.loss_ce: nan  decode.acc_seg: 99.9740
2025/03/09 06:26:32 - mmengine - INFO - Iter(train) [ 44600/160000]  lr: 0.0000e+00  eta: 12:50:43  time: 0.3701  data_time: 0.0091  memory: 5994  loss: nan  decode.loss_ce: nan  decode.acc_seg: 94.2899
2025/03/09 06:26:50 - mmengine - INFO - Iter(train) [ 44650/160000]  lr: 0.0000e+00  eta: 12:50:19  time: 0.3673  data_time: 0.0090  memory: 5994  loss: nan  decode.loss_ce: nan  decode.acc_seg: 96.2902
2025/03/09 06:27:09 - mmengine - INFO - Iter(train) [ 44700/160000]  lr: 0.0000e+00  eta: 12:49:55  time: 0.3715  data_time: 0.0092  memory: 5994  loss: nan  decode.loss_ce: nan  decode.acc_seg: 98.4675
2025/03/09 06:27:27 - mmengine - INFO - Iter(train) [ 44750/160000]  lr: 0.0000e+00  eta: 12:49:31  time: 0.3665  data_time: 0.0082  memory: 5994  loss: nan  decode.loss_ce: nan  decode.acc_seg: 99.9705
2025/03/09 06:27:46 - mmengine - INFO - Iter(train) [ 44800/160000]  lr: 0.0000e+00  eta: 12:49:07  time: 0.3725  data_time: 0.0087  memory: 5994  loss: nan  decode.loss_ce: nan  decode.acc_seg: 92.5371
2025/03/09 06:28:04 - mmengine - INFO - Iter(train) [ 44850/160000]  lr: 0.0000e+00  eta: 12:48:43  time: 0.3696  data_time: 0.0091  memory: 5994  loss: nan  decode.loss_ce: nan  decode.acc_seg: 86.8929
2025/03/09 06:28:23 - mmengine - INFO - Iter(train) [ 44900/160000]  lr: 0.0000e+00  eta: 12:48:19  time: 0.3686  data_time: 0.0092  memory: 5994  loss: nan  decode.loss_ce: nan  decode.acc_seg: 99.2864
2025/03/09 06:28:41 - mmengine - INFO - Iter(train) [ 44950/160000]  lr: 0.0000e+00  eta: 12:47:55  time: 0.3698  data_time: 0.0090  memory: 5994  loss: nan  decode.loss_ce: nan  decode.acc_seg: 95.3719
2025/03/09 06:29:00 - mmengine - INFO - Exp name: fpn_poolformer_s36_8x4_512x512_40k_ade20k_20250309_005445
2025/03/09 06:29:00 - mmengine - INFO - Iter(train) [ 45000/160000]  lr: 0.0000e+00  eta: 12:47:31  time: 0.3689  data_time: 0.0092  memory: 5994  loss: nan  decode.loss_ce: nan  decode.acc_seg: 98.5888
2025/03/09 06:29:18 - mmengine - INFO - Iter(train) [ 45050/160000]  lr: 0.0000e+00  eta: 12:47:07  time: 0.3699  data_time: 0.0089  memory: 5994  loss: nan  decode.loss_ce: nan  decode.acc_seg: 98.1819
2025/03/09 06:29:36 - mmengine - INFO - Iter(train) [ 45100/160000]  lr: 0.0000e+00  eta: 12:46:42  time: 0.3633  data_time: 0.0085  memory: 5994  loss: nan  decode.loss_ce: nan  decode.acc_seg: 97.0681
2025/03/09 06:29:55 - mmengine - INFO - Iter(train) [ 45150/160000]  lr: 0.0000e+00  eta: 12:46:18  time: 0.3709  data_time: 0.0095  memory: 5994  loss: nan  decode.loss_ce: nan  decode.acc_seg: 98.0024
2025/03/09 06:30:13 - mmengine - INFO - Iter(train) [ 45200/160000]  lr: 0.0000e+00  eta: 12:45:55  time: 0.3713  data_time: 0.0090  memory: 5994  loss: nan  decode.loss_ce: nan  decode.acc_seg: 83.9478
2025/03/09 06:30:32 - mmengine - INFO - Iter(train) [ 45250/160000]  lr: 0.0000e+00  eta: 12:45:31  time: 0.3693  data_time: 0.0092  memory: 5994  loss: nan  decode.loss_ce: nan  decode.acc_seg: 97.1032
2025/03/09 06:30:50 - mmengine - INFO - Iter(train) [ 45300/160000]  lr: 0.0000e+00  eta: 12:45:07  time: 0.3693  data_time: 0.0092  memory: 5994  loss: nan  decode.loss_ce: nan  decode.acc_seg: 98.7698
2025/03/09 06:31:09 - mmengine - INFO - Iter(train) [ 45350/160000]  lr: 0.0000e+00  eta: 12:44:43  time: 0.3677  data_time: 0.0087  memory: 5994  loss: nan  decode.loss_ce: nan  decode.acc_seg: 99.2117
2025/03/09 06:31:27 - mmengine - INFO - Iter(train) [ 45400/160000]  lr: 0.0000e+00  eta: 12:44:19  time: 0.3714  data_time: 0.0090  memory: 5994  loss: nan  decode.loss_ce: nan  decode.acc_seg: 98.8757
2025/03/09 06:31:46 - mmengine - INFO - Iter(train) [ 45450/160000]  lr: 0.0000e+00  eta: 12:43:55  time: 0.3707  data_time: 0.0095  memory: 5994  loss: nan  decode.loss_ce: nan  decode.acc_seg: 95.7294
2025/03/09 06:32:04 - mmengine - INFO - Iter(train) [ 45500/160000]  lr: 0.0000e+00  eta: 12:43:31  time: 0.3706  data_time: 0.0087  memory: 5994  loss: nan  decode.loss_ce: nan  decode.acc_seg: 92.9336
2025/03/09 06:32:13 - mmengine - INFO - Iter(val) [ 50/869]    eta: 0:02:28  time: 0.1798  data_time: 0.0024  memory: 810  
2025/03/09 06:32:22 - mmengine - INFO - Iter(val) [100/869]    eta: 0:02:18  time: 0.1791  data_time: 0.0025  memory: 810  
2025/03/09 06:32:31 - mmengine - INFO - Iter(val) [150/869]    eta: 0:02:09  time: 0.1794  data_time: 0.0027  memory: 810  
2025/03/09 06:32:40 - mmengine - INFO - Iter(val) [200/869]    eta: 0:02:00  time: 0.1800  data_time: 0.0025  memory: 810  
2025/03/09 06:32:49 - mmengine - INFO - Iter(val) [250/869]    eta: 0:01:51  time: 0.1792  data_time: 0.0026  memory: 810  
2025/03/09 06:32:58 - mmengine - INFO - Iter(val) [300/869]    eta: 0:01:42  time: 0.1801  data_time: 0.0025  memory: 810  
2025/03/09 06:33:07 - mmengine - INFO - Iter(val) [350/869]    eta: 0:01:33  time: 0.1791  data_time: 0.0023  memory: 810  
2025/03/09 06:33:16 - mmengine - INFO - Iter(val) [400/869]    eta: 0:01:24  time: 0.1787  data_time: 0.0024  memory: 810  
2025/03/09 06:33:25 - mmengine - INFO - Iter(val) [450/869]    eta: 0:01:15  time: 0.1784  data_time: 0.0024  memory: 810  
2025/03/09 06:33:34 - mmengine - INFO - Iter(val) [500/869]    eta: 0:01:06  time: 0.1787  data_time: 0.0024  memory: 810  
2025/03/09 06:33:43 - mmengine - INFO - Iter(val) [550/869]    eta: 0:00:57  time: 0.1952  data_time: 0.0022  memory: 810  
2025/03/09 06:33:52 - mmengine - INFO - Iter(val) [600/869]    eta: 0:00:48  time: 0.1790  data_time: 0.0025  memory: 810  
2025/03/09 06:34:01 - mmengine - INFO - Iter(val) [650/869]    eta: 0:00:39  time: 0.1787  data_time: 0.0021  memory: 810  
2025/03/09 06:34:10 - mmengine - INFO - Iter(val) [700/869]    eta: 0:00:30  time: 0.1786  data_time: 0.0024  memory: 810  
2025/03/09 06:34:19 - mmengine - INFO - Iter(val) [750/869]    eta: 0:00:21  time: 0.1790  data_time: 0.0026  memory: 810  
2025/03/09 06:34:28 - mmengine - INFO - Iter(val) [800/869]    eta: 0:00:12  time: 0.1788  data_time: 0.0024  memory: 810  
2025/03/09 06:34:37 - mmengine - INFO - Iter(val) [850/869]    eta: 0:00:03  time: 0.1790  data_time: 0.0022  memory: 810  
2025/03/09 06:34:40 - mmengine - INFO - per class results:
2025/03/09 06:34:40 - mmengine - INFO - 
+------------+-------+-------+--------+-----------+--------+
|   Class    |  IoU  |  Acc  | Fscore | Precision | Recall |
+------------+-------+-------+--------+-----------+--------+
| background | 95.91 | 100.0 | 97.91  |   95.91   | 100.0  |
|    ghaf    |  0.0  |  0.0  |  nan   |    nan    |  0.0   |
+------------+-------+-------+--------+-----------+--------+
2025/03/09 06:34:40 - mmengine - INFO - Iter(val) [869/869]    aAcc: 95.9100  mIoU: 47.9600  mAcc: 50.0000  mFscore: 97.9100  mPrecision: 95.9100  mRecall: 50.0000  data_time: 0.0026  time: 0.1795
2025/03/09 06:34:59 - mmengine - INFO - Iter(train) [ 45550/160000]  lr: 0.0000e+00  eta: 12:43:07  time: 0.3699  data_time: 0.0091  memory: 5994  loss: nan  decode.loss_ce: nan  decode.acc_seg: 95.8256
2025/03/09 06:35:17 - mmengine - INFO - Iter(train) [ 45600/160000]  lr: 0.0000e+00  eta: 12:42:43  time: 0.3700  data_time: 0.0091  memory: 5994  loss: nan  decode.loss_ce: nan  decode.acc_seg: 99.4191
2025/03/09 06:35:36 - mmengine - INFO - Iter(train) [ 45650/160000]  lr: 0.0000e+00  eta: 12:42:20  time: 0.3691  data_time: 0.0089  memory: 5994  loss: nan  decode.loss_ce: nan  decode.acc_seg: 99.2495
2025/03/09 06:35:54 - mmengine - INFO - Iter(train) [ 45700/160000]  lr: 0.0000e+00  eta: 12:41:56  time: 0.3715  data_time: 0.0084  memory: 5994  loss: nan  decode.loss_ce: nan  decode.acc_seg: 100.0000
2025/03/09 06:36:13 - mmengine - INFO - Iter(train) [ 45750/160000]  lr: 0.0000e+00  eta: 12:41:32  time: 0.3702  data_time: 0.0088  memory: 5994  loss: nan  decode.loss_ce: nan  decode.acc_seg: 99.2962
2025/03/09 06:36:31 - mmengine - INFO - Iter(train) [ 45800/160000]  lr: 0.0000e+00  eta: 12:41:09  time: 0.3712  data_time: 0.0092  memory: 5994  loss: nan  decode.loss_ce: nan  decode.acc_seg: 99.4756
2025/03/09 06:36:50 - mmengine - INFO - Iter(train) [ 45850/160000]  lr: 0.0000e+00  eta: 12:40:45  time: 0.3713  data_time: 0.0094  memory: 5994  loss: nan  decode.loss_ce: nan  decode.acc_seg: 97.0185
2025/03/09 06:37:09 - mmengine - INFO - Iter(train) [ 45900/160000]  lr: 0.0000e+00  eta: 12:40:21  time: 0.3726  data_time: 0.0095  memory: 5994  loss: nan  decode.loss_ce: nan  decode.acc_seg: 98.2630
2025/03/09 06:37:27 - mmengine - INFO - Iter(train) [ 45950/160000]  lr: 0.0000e+00  eta: 12:39:58  time: 0.3691  data_time: 0.0088  memory: 5994  loss: nan  decode.loss_ce: nan  decode.acc_seg: 98.7892
2025/03/09 06:37:46 - mmengine - INFO - Exp name: fpn_poolformer_s36_8x4_512x512_40k_ade20k_20250309_005445
2025/03/09 06:37:46 - mmengine - INFO - Iter(train) [ 46000/160000]  lr: 0.0000e+00  eta: 12:39:34  time: 0.3702  data_time: 0.0093  memory: 5994  loss: nan  decode.loss_ce: nan  decode.acc_seg: 90.0401
2025/03/09 06:38:04 - mmengine - INFO - Iter(train) [ 46050/160000]  lr: 0.0000e+00  eta: 12:39:10  time: 0.3716  data_time: 0.0098  memory: 5994  loss: nan  decode.loss_ce: nan  decode.acc_seg: 93.0500
2025/03/09 06:38:22 - mmengine - INFO - Iter(train) [ 46100/160000]  lr: 0.0000e+00  eta: 12:38:46  time: 0.3685  data_time: 0.0087  memory: 5994  loss: nan  decode.loss_ce: nan  decode.acc_seg: 95.2279
2025/03/09 06:38:41 - mmengine - INFO - Iter(train) [ 46150/160000]  lr: 0.0000e+00  eta: 12:38:23  time: 0.3674  data_time: 0.0087  memory: 5994  loss: nan  decode.loss_ce: nan  decode.acc_seg: 96.1524
2025/03/09 06:38:59 - mmengine - INFO - Iter(train) [ 46200/160000]  lr: 0.0000e+00  eta: 12:37:59  time: 0.3695  data_time: 0.0093  memory: 5994  loss: nan  decode.loss_ce: nan  decode.acc_seg: 99.3742
2025/03/09 06:39:18 - mmengine - INFO - Iter(train) [ 46250/160000]  lr: 0.0000e+00  eta: 12:37:35  time: 0.3709  data_time: 0.0085  memory: 5994  loss: nan  decode.loss_ce: nan  decode.acc_seg: 95.0722
2025/03/09 06:39:36 - mmengine - INFO - Iter(train) [ 46300/160000]  lr: 0.0000e+00  eta: 12:37:12  time: 0.3663  data_time: 0.0083  memory: 5994  loss: nan  decode.loss_ce: nan  decode.acc_seg: 96.2751
2025/03/09 06:39:55 - mmengine - INFO - Iter(train) [ 46350/160000]  lr: 0.0000e+00  eta: 12:36:48  time: 0.3681  data_time: 0.0085  memory: 5994  loss: nan  decode.loss_ce: nan  decode.acc_seg: 92.7135
2025/03/09 06:40:13 - mmengine - INFO - Iter(train) [ 46400/160000]  lr: 0.0000e+00  eta: 12:36:24  time: 0.3703  data_time: 0.0088  memory: 5994  loss: nan  decode.loss_ce: nan  decode.acc_seg: 95.8290
2025/03/09 06:40:32 - mmengine - INFO - Iter(train) [ 46450/160000]  lr: 0.0000e+00  eta: 12:36:01  time: 0.3690  data_time: 0.0088  memory: 5994  loss: nan  decode.loss_ce: nan  decode.acc_seg: 98.6527
2025/03/09 06:40:50 - mmengine - INFO - Iter(train) [ 46500/160000]  lr: 0.0000e+00  eta: 12:35:37  time: 0.3688  data_time: 0.0085  memory: 5994  loss: nan  decode.loss_ce: nan  decode.acc_seg: 93.5493
2025/03/09 06:41:09 - mmengine - INFO - Iter(train) [ 46550/160000]  lr: 0.0000e+00  eta: 12:35:14  time: 0.3704  data_time: 0.0089  memory: 5994  loss: nan  decode.loss_ce: nan  decode.acc_seg: 99.3195
2025/03/09 06:41:27 - mmengine - INFO - Iter(train) [ 46600/160000]  lr: 0.0000e+00  eta: 12:34:50  time: 0.3682  data_time: 0.0089  memory: 5994  loss: nan  decode.loss_ce: nan  decode.acc_seg: 100.0000
2025/03/09 06:41:46 - mmengine - INFO - Iter(train) [ 46650/160000]  lr: 0.0000e+00  eta: 12:34:27  time: 0.3707  data_time: 0.0092  memory: 5994  loss: nan  decode.loss_ce: nan  decode.acc_seg: 96.1442
2025/03/09 06:42:04 - mmengine - INFO - Iter(train) [ 46700/160000]  lr: 0.0000e+00  eta: 12:34:03  time: 0.3708  data_time: 0.0085  memory: 5994  loss: nan  decode.loss_ce: nan  decode.acc_seg: 89.6579
2025/03/09 06:42:23 - mmengine - INFO - Iter(train) [ 46750/160000]  lr: 0.0000e+00  eta: 12:33:40  time: 0.3691  data_time: 0.0085  memory: 5994  loss: nan  decode.loss_ce: nan  decode.acc_seg: 95.8576
2025/03/09 06:42:41 - mmengine - INFO - Iter(train) [ 46800/160000]  lr: 0.0000e+00  eta: 12:33:16  time: 0.3709  data_time: 0.0095  memory: 5994  loss: nan  decode.loss_ce: nan  decode.acc_seg: 92.4614
2025/03/09 06:43:00 - mmengine - INFO - Iter(train) [ 46850/160000]  lr: 0.0000e+00  eta: 12:32:53  time: 0.3710  data_time: 0.0087  memory: 5994  loss: nan  decode.loss_ce: nan  decode.acc_seg: 95.2420
2025/03/09 06:43:18 - mmengine - INFO - Iter(train) [ 46900/160000]  lr: 0.0000e+00  eta: 12:32:29  time: 0.3715  data_time: 0.0090  memory: 5994  loss: nan  decode.loss_ce: nan  decode.acc_seg: 99.0792
2025/03/09 06:43:37 - mmengine - INFO - Iter(train) [ 46950/160000]  lr: 0.0000e+00  eta: 12:32:05  time: 0.3721  data_time: 0.0095  memory: 5994  loss: nan  decode.loss_ce: nan  decode.acc_seg: 99.5546
2025/03/09 06:43:55 - mmengine - INFO - Exp name: fpn_poolformer_s36_8x4_512x512_40k_ade20k_20250309_005445
2025/03/09 06:43:55 - mmengine - INFO - Iter(train) [ 47000/160000]  lr: 0.0000e+00  eta: 12:31:42  time: 0.3715  data_time: 0.0093  memory: 5994  loss: nan  decode.loss_ce: nan  decode.acc_seg: 99.2816
2025/03/09 06:44:14 - mmengine - INFO - Iter(train) [ 47050/160000]  lr: 0.0000e+00  eta: 12:31:19  time: 0.3693  data_time: 0.0092  memory: 5994  loss: nan  decode.loss_ce: nan  decode.acc_seg: 96.9547
2025/03/09 06:44:32 - mmengine - INFO - Iter(train) [ 47100/160000]  lr: 0.0000e+00  eta: 12:30:55  time: 0.3704  data_time: 0.0089  memory: 5994  loss: nan  decode.loss_ce: nan  decode.acc_seg: 97.1777
2025/03/09 06:44:51 - mmengine - INFO - Iter(train) [ 47150/160000]  lr: 0.0000e+00  eta: 12:30:32  time: 0.3714  data_time: 0.0090  memory: 5994  loss: nan  decode.loss_ce: nan  decode.acc_seg: 95.1837
2025/03/09 06:45:09 - mmengine - INFO - Iter(train) [ 47200/160000]  lr: 0.0000e+00  eta: 12:30:08  time: 0.3706  data_time: 0.0087  memory: 5994  loss: nan  decode.loss_ce: nan  decode.acc_seg: 97.5437
2025/03/09 06:45:28 - mmengine - INFO - Iter(train) [ 47250/160000]  lr: 0.0000e+00  eta: 12:29:45  time: 0.3686  data_time: 0.0083  memory: 5994  loss: nan  decode.loss_ce: nan  decode.acc_seg: 94.8103
2025/03/09 06:45:46 - mmengine - INFO - Iter(train) [ 47300/160000]  lr: 0.0000e+00  eta: 12:29:21  time: 0.3715  data_time: 0.0087  memory: 5994  loss: nan  decode.loss_ce: nan  decode.acc_seg: 88.2272
2025/03/09 06:46:05 - mmengine - INFO - Iter(train) [ 47350/160000]  lr: 0.0000e+00  eta: 12:28:58  time: 0.3697  data_time: 0.0089  memory: 5994  loss: nan  decode.loss_ce: nan  decode.acc_seg: 98.8657
2025/03/09 06:46:24 - mmengine - INFO - Iter(train) [ 47400/160000]  lr: 0.0000e+00  eta: 12:28:35  time: 0.3709  data_time: 0.0093  memory: 5994  loss: nan  decode.loss_ce: nan  decode.acc_seg: 97.8987
2025/03/09 06:46:42 - mmengine - INFO - Iter(train) [ 47450/160000]  lr: 0.0000e+00  eta: 12:28:11  time: 0.3694  data_time: 0.0091  memory: 5994  loss: nan  decode.loss_ce: nan  decode.acc_seg: 99.1653
2025/03/09 06:47:01 - mmengine - INFO - Iter(train) [ 47500/160000]  lr: 0.0000e+00  eta: 12:27:48  time: 0.3696  data_time: 0.0088  memory: 5994  loss: nan  decode.loss_ce: nan  decode.acc_seg: 99.9020
2025/03/09 06:47:19 - mmengine - INFO - Iter(train) [ 47550/160000]  lr: 0.0000e+00  eta: 12:27:25  time: 0.3700  data_time: 0.0086  memory: 5994  loss: nan  decode.loss_ce: nan  decode.acc_seg: 92.9388
2025/03/09 06:47:38 - mmengine - INFO - Iter(train) [ 47600/160000]  lr: 0.0000e+00  eta: 12:27:01  time: 0.3697  data_time: 0.0089  memory: 5994  loss: nan  decode.loss_ce: nan  decode.acc_seg: 98.8301
2025/03/09 06:47:38 - mmengine - INFO - Saving checkpoint at 47600 iterations
2025/03/09 06:48:01 - mmengine - INFO - Iter(train) [ 47650/160000]  lr: 0.0000e+00  eta: 12:26:50  time: 0.3670  data_time: 0.0090  memory: 5994  loss: nan  decode.loss_ce: nan  decode.acc_seg: 84.3244
2025/03/09 06:48:19 - mmengine - INFO - Iter(train) [ 47700/160000]  lr: 0.0000e+00  eta: 12:26:26  time: 0.3688  data_time: 0.0084  memory: 5994  loss: nan  decode.loss_ce: nan  decode.acc_seg: 91.1303
2025/03/09 06:49:36 - mmengine - INFO - Iter(train) [ 47750/160000]  lr: 0.0000e+00  eta: 12:28:19  time: 6.1532  data_time: 0.0083  memory: 5994  loss: nan  decode.loss_ce: nan  decode.acc_seg: 84.9987
2025/03/09 06:50:09 - mmengine - INFO - Iter(train) [ 47800/160000]  lr: 0.0000e+00  eta: 12:28:30  time: 0.3485  data_time: 0.0074  memory: 5994  loss: nan  decode.loss_ce: nan  decode.acc_seg: 94.5935
2025/03/09 06:50:27 - mmengine - INFO - Iter(train) [ 47850/160000]  lr: 0.0000e+00  eta: 12:28:04  time: 0.3507  data_time: 0.0076  memory: 5994  loss: nan  decode.loss_ce: nan  decode.acc_seg: 86.3700
2025/03/09 06:50:44 - mmengine - INFO - Iter(train) [ 47900/160000]  lr: 0.0000e+00  eta: 12:27:38  time: 0.3509  data_time: 0.0072  memory: 5994  loss: nan  decode.loss_ce: nan  decode.acc_seg: 98.1444
2025/03/09 06:51:02 - mmengine - INFO - Iter(train) [ 47950/160000]  lr: 0.0000e+00  eta: 12:27:13  time: 0.3513  data_time: 0.0069  memory: 5994  loss: nan  decode.loss_ce: nan  decode.acc_seg: 96.6202
2025/03/09 06:51:19 - mmengine - INFO - Exp name: fpn_poolformer_s36_8x4_512x512_40k_ade20k_20250309_005445
2025/03/09 06:51:19 - mmengine - INFO - Iter(train) [ 48000/160000]  lr: 0.0000e+00  eta: 12:26:47  time: 0.3528  data_time: 0.0071  memory: 5994  loss: nan  decode.loss_ce: nan  decode.acc_seg: 94.4545
2025/03/09 06:51:38 - mmengine - INFO - Iter(train) [ 48050/160000]  lr: 0.0000e+00  eta: 12:26:23  time: 0.3698  data_time: 0.0092  memory: 5994  loss: nan  decode.loss_ce: nan  decode.acc_seg: 93.3987
2025/03/09 06:51:56 - mmengine - INFO - Iter(train) [ 48100/160000]  lr: 0.0000e+00  eta: 12:26:00  time: 0.3678  data_time: 0.0088  memory: 5994  loss: nan  decode.loss_ce: nan  decode.acc_seg: 99.2760
2025/03/09 06:52:15 - mmengine - INFO - Iter(train) [ 48150/160000]  lr: 0.0000e+00  eta: 12:25:36  time: 0.3673  data_time: 0.0088  memory: 5994  loss: nan  decode.loss_ce: nan  decode.acc_seg: 93.5706
2025/03/09 06:52:33 - mmengine - INFO - Iter(train) [ 48200/160000]  lr: 0.0000e+00  eta: 12:25:12  time: 0.3669  data_time: 0.0090  memory: 5994  loss: nan  decode.loss_ce: nan  decode.acc_seg: 93.7714
2025/03/09 06:52:51 - mmengine - INFO - Iter(train) [ 48250/160000]  lr: 0.0000e+00  eta: 12:24:49  time: 0.3666  data_time: 0.0089  memory: 5994  loss: nan  decode.loss_ce: nan  decode.acc_seg: 99.6538
2025/03/09 06:53:10 - mmengine - INFO - Iter(train) [ 48300/160000]  lr: 0.0000e+00  eta: 12:24:25  time: 0.3673  data_time: 0.0090  memory: 5994  loss: nan  decode.loss_ce: nan  decode.acc_seg: 94.1965
2025/03/09 06:53:28 - mmengine - INFO - Iter(train) [ 48350/160000]  lr: 0.0000e+00  eta: 12:24:01  time: 0.3614  data_time: 0.0081  memory: 5994  loss: nan  decode.loss_ce: nan  decode.acc_seg: 97.3298
2025/03/09 06:53:46 - mmengine - INFO - Iter(train) [ 48400/160000]  lr: 0.0000e+00  eta: 12:23:37  time: 0.3642  data_time: 0.0087  memory: 5994  loss: nan  decode.loss_ce: nan  decode.acc_seg: 96.3996
2025/03/09 06:54:05 - mmengine - INFO - Iter(train) [ 48450/160000]  lr: 0.0000e+00  eta: 12:23:13  time: 0.3671  data_time: 0.0088  memory: 5994  loss: nan  decode.loss_ce: nan  decode.acc_seg: 99.9967
2025/03/09 06:54:23 - mmengine - INFO - Iter(train) [ 48500/160000]  lr: 0.0000e+00  eta: 12:22:50  time: 0.3689  data_time: 0.0090  memory: 5994  loss: nan  decode.loss_ce: nan  decode.acc_seg: 98.9105
2025/03/09 06:54:42 - mmengine - INFO - Iter(train) [ 48550/160000]  lr: 0.0000e+00  eta: 12:22:26  time: 0.3656  data_time: 0.0084  memory: 5994  loss: nan  decode.loss_ce: nan  decode.acc_seg: 96.3819
2025/03/09 06:55:00 - mmengine - INFO - Iter(train) [ 48600/160000]  lr: 0.0000e+00  eta: 12:22:03  time: 0.3668  data_time: 0.0090  memory: 5994  loss: nan  decode.loss_ce: nan  decode.acc_seg: 87.6052
2025/03/09 06:55:19 - mmengine - INFO - Iter(train) [ 48650/160000]  lr: 0.0000e+00  eta: 12:21:39  time: 0.3675  data_time: 0.0092  memory: 5994  loss: nan  decode.loss_ce: nan  decode.acc_seg: 98.4857
2025/03/09 06:55:37 - mmengine - INFO - Iter(train) [ 48700/160000]  lr: 0.0000e+00  eta: 12:21:16  time: 0.3678  data_time: 0.0088  memory: 5994  loss: nan  decode.loss_ce: nan  decode.acc_seg: 96.6883
2025/03/09 06:55:55 - mmengine - INFO - Iter(train) [ 48750/160000]  lr: 0.0000e+00  eta: 12:20:52  time: 0.3674  data_time: 0.0085  memory: 5994  loss: nan  decode.loss_ce: nan  decode.acc_seg: 98.9752
2025/03/09 06:56:14 - mmengine - INFO - Iter(train) [ 48800/160000]  lr: 0.0000e+00  eta: 12:20:28  time: 0.3685  data_time: 0.0085  memory: 5994  loss: nan  decode.loss_ce: nan  decode.acc_seg: 94.0537
2025/03/09 06:56:32 - mmengine - INFO - Iter(train) [ 48850/160000]  lr: 0.0000e+00  eta: 12:20:05  time: 0.3699  data_time: 0.0089  memory: 5994  loss: nan  decode.loss_ce: nan  decode.acc_seg: 99.2518
2025/03/09 06:56:51 - mmengine - INFO - Iter(train) [ 48900/160000]  lr: 0.0000e+00  eta: 12:19:41  time: 0.3684  data_time: 0.0087  memory: 5994  loss: nan  decode.loss_ce: nan  decode.acc_seg: 93.8958
2025/03/09 06:57:09 - mmengine - INFO - Iter(train) [ 48950/160000]  lr: 0.0000e+00  eta: 12:19:18  time: 0.3670  data_time: 0.0091  memory: 5994  loss: nan  decode.loss_ce: nan  decode.acc_seg: 99.6477
2025/03/09 06:57:28 - mmengine - INFO - Exp name: fpn_poolformer_s36_8x4_512x512_40k_ade20k_20250309_005445
2025/03/09 06:57:28 - mmengine - INFO - Iter(train) [ 49000/160000]  lr: 0.0000e+00  eta: 12:18:54  time: 0.3715  data_time: 0.0095  memory: 5994  loss: nan  decode.loss_ce: nan  decode.acc_seg: 87.9007
2025/03/09 06:57:37 - mmengine - INFO - Iter(val) [ 50/869]    eta: 0:02:28  time: 0.1802  data_time: 0.0026  memory: 810  
2025/03/09 06:57:46 - mmengine - INFO - Iter(val) [100/869]    eta: 0:02:19  time: 0.1797  data_time: 0.0020  memory: 810  
2025/03/09 06:57:55 - mmengine - INFO - Iter(val) [150/869]    eta: 0:02:10  time: 0.1801  data_time: 0.0026  memory: 810  
2025/03/09 06:58:04 - mmengine - INFO - Iter(val) [200/869]    eta: 0:02:00  time: 0.1797  data_time: 0.0024  memory: 810  
2025/03/09 06:58:13 - mmengine - INFO - Iter(val) [250/869]    eta: 0:01:51  time: 0.1801  data_time: 0.0025  memory: 810  
2025/03/09 06:58:22 - mmengine - INFO - Iter(val) [300/869]    eta: 0:01:42  time: 0.1792  data_time: 0.0026  memory: 810  
2025/03/09 06:58:31 - mmengine - INFO - Iter(val) [350/869]    eta: 0:01:33  time: 0.1792  data_time: 0.0024  memory: 810  
2025/03/09 06:58:40 - mmengine - INFO - Iter(val) [400/869]    eta: 0:01:24  time: 0.1791  data_time: 0.0025  memory: 810  
2025/03/09 06:58:49 - mmengine - INFO - Iter(val) [450/869]    eta: 0:01:15  time: 0.1791  data_time: 0.0025  memory: 810  
2025/03/09 06:58:58 - mmengine - INFO - Iter(val) [500/869]    eta: 0:01:06  time: 0.1793  data_time: 0.0023  memory: 810  
2025/03/09 06:59:07 - mmengine - INFO - Iter(val) [550/869]    eta: 0:00:57  time: 0.1796  data_time: 0.0026  memory: 810  
2025/03/09 06:59:16 - mmengine - INFO - Iter(val) [600/869]    eta: 0:00:48  time: 0.1796  data_time: 0.0027  memory: 810  
2025/03/09 06:59:25 - mmengine - INFO - Iter(val) [650/869]    eta: 0:00:39  time: 0.1789  data_time: 0.0022  memory: 810  
2025/03/09 06:59:33 - mmengine - INFO - Iter(val) [700/869]    eta: 0:00:30  time: 0.1795  data_time: 0.0028  memory: 810  
2025/03/09 06:59:42 - mmengine - INFO - Iter(val) [750/869]    eta: 0:00:21  time: 0.1793  data_time: 0.0023  memory: 810  
2025/03/09 06:59:51 - mmengine - INFO - Iter(val) [800/869]    eta: 0:00:12  time: 0.1793  data_time: 0.0023  memory: 810  
2025/03/09 07:00:00 - mmengine - INFO - Iter(val) [850/869]    eta: 0:00:03  time: 0.1792  data_time: 0.0023  memory: 810  
2025/03/09 07:00:04 - mmengine - INFO - per class results:
2025/03/09 07:00:04 - mmengine - INFO - 
+------------+-------+-------+--------+-----------+--------+
|   Class    |  IoU  |  Acc  | Fscore | Precision | Recall |
+------------+-------+-------+--------+-----------+--------+
| background | 95.91 | 100.0 | 97.91  |   95.91   | 100.0  |
|    ghaf    |  0.0  |  0.0  |  nan   |    nan    |  0.0   |
+------------+-------+-------+--------+-----------+--------+
2025/03/09 07:00:04 - mmengine - INFO - Iter(val) [869/869]    aAcc: 95.9100  mIoU: 47.9600  mAcc: 50.0000  mFscore: 97.9100  mPrecision: 95.9100  mRecall: 50.0000  data_time: 0.0026  time: 0.1797
2025/03/09 07:00:22 - mmengine - INFO - Iter(train) [ 49050/160000]  lr: 0.0000e+00  eta: 12:18:31  time: 0.3686  data_time: 0.0088  memory: 5994  loss: nan  decode.loss_ce: nan  decode.acc_seg: 94.3603
2025/03/09 07:00:41 - mmengine - INFO - Iter(train) [ 49100/160000]  lr: 0.0000e+00  eta: 12:18:08  time: 0.3679  data_time: 0.0088  memory: 5994  loss: nan  decode.loss_ce: nan  decode.acc_seg: 89.7448
2025/03/09 07:00:59 - mmengine - INFO - Iter(train) [ 49150/160000]  lr: 0.0000e+00  eta: 12:17:44  time: 0.3680  data_time: 0.0078  memory: 5994  loss: nan  decode.loss_ce: nan  decode.acc_seg: 87.1347
2025/03/09 07:01:17 - mmengine - INFO - Iter(train) [ 49200/160000]  lr: 0.0000e+00  eta: 12:17:20  time: 0.3700  data_time: 0.0095  memory: 5994  loss: nan  decode.loss_ce: nan  decode.acc_seg: 99.1942
2025/03/09 07:01:36 - mmengine - INFO - Iter(train) [ 49250/160000]  lr: 0.0000e+00  eta: 12:16:57  time: 0.3692  data_time: 0.0094  memory: 5994  loss: nan  decode.loss_ce: nan  decode.acc_seg: 97.9774
2025/03/09 07:01:54 - mmengine - INFO - Iter(train) [ 49300/160000]  lr: 0.0000e+00  eta: 12:16:34  time: 0.3715  data_time: 0.0089  memory: 5994  loss: nan  decode.loss_ce: nan  decode.acc_seg: 87.1221
2025/03/09 07:02:13 - mmengine - INFO - Iter(train) [ 49350/160000]  lr: 0.0000e+00  eta: 12:16:10  time: 0.3691  data_time: 0.0083  memory: 5994  loss: nan  decode.loss_ce: nan  decode.acc_seg: 99.3338
2025/03/09 07:02:31 - mmengine - INFO - Iter(train) [ 49400/160000]  lr: 0.0000e+00  eta: 12:15:47  time: 0.3711  data_time: 0.0089  memory: 5994  loss: nan  decode.loss_ce: nan  decode.acc_seg: 98.9851
2025/03/09 07:02:50 - mmengine - INFO - Iter(train) [ 49450/160000]  lr: 0.0000e+00  eta: 12:15:24  time: 0.3689  data_time: 0.0090  memory: 5994  loss: nan  decode.loss_ce: nan  decode.acc_seg: 96.2125
2025/03/09 07:03:08 - mmengine - INFO - Iter(train) [ 49500/160000]  lr: 0.0000e+00  eta: 12:15:01  time: 0.3709  data_time: 0.0089  memory: 5994  loss: nan  decode.loss_ce: nan  decode.acc_seg: 98.5901
2025/03/09 07:03:27 - mmengine - INFO - Iter(train) [ 49550/160000]  lr: 0.0000e+00  eta: 12:14:38  time: 0.3681  data_time: 0.0091  memory: 5994  loss: nan  decode.loss_ce: nan  decode.acc_seg: 97.9713
2025/03/09 07:03:45 - mmengine - INFO - Iter(train) [ 49600/160000]  lr: 0.0000e+00  eta: 12:14:14  time: 0.3685  data_time: 0.0083  memory: 5994  loss: nan  decode.loss_ce: nan  decode.acc_seg: 96.1619
2025/03/09 07:04:04 - mmengine - INFO - Iter(train) [ 49650/160000]  lr: 0.0000e+00  eta: 12:13:51  time: 0.3695  data_time: 0.0085  memory: 5994  loss: nan  decode.loss_ce: nan  decode.acc_seg: 92.9594
2025/03/09 07:04:22 - mmengine - INFO - Iter(train) [ 49700/160000]  lr: 0.0000e+00  eta: 12:13:28  time: 0.3690  data_time: 0.0089  memory: 5994  loss: nan  decode.loss_ce: nan  decode.acc_seg: 97.6962
2025/03/09 07:04:41 - mmengine - INFO - Iter(train) [ 49750/160000]  lr: 0.0000e+00  eta: 12:13:05  time: 0.3713  data_time: 0.0099  memory: 5994  loss: nan  decode.loss_ce: nan  decode.acc_seg: 99.6406
2025/03/09 07:04:59 - mmengine - INFO - Iter(train) [ 49800/160000]  lr: 0.0000e+00  eta: 12:12:41  time: 0.3709  data_time: 0.0093  memory: 5994  loss: nan  decode.loss_ce: nan  decode.acc_seg: 96.9629
2025/03/09 07:05:18 - mmengine - INFO - Iter(train) [ 49850/160000]  lr: 0.0000e+00  eta: 12:12:18  time: 0.3726  data_time: 0.0093  memory: 5994  loss: nan  decode.loss_ce: nan  decode.acc_seg: 97.8705
2025/03/09 07:05:36 - mmengine - INFO - Iter(train) [ 49900/160000]  lr: 0.0000e+00  eta: 12:11:55  time: 0.3701  data_time: 0.0087  memory: 5994  loss: nan  decode.loss_ce: nan  decode.acc_seg: 98.6518
2025/03/09 07:05:55 - mmengine - INFO - Iter(train) [ 49950/160000]  lr: 0.0000e+00  eta: 12:11:32  time: 0.3715  data_time: 0.0095  memory: 5994  loss: nan  decode.loss_ce: nan  decode.acc_seg: 90.2916
2025/03/09 07:06:13 - mmengine - INFO - Exp name: fpn_poolformer_s36_8x4_512x512_40k_ade20k_20250309_005445
2025/03/09 07:06:13 - mmengine - INFO - Iter(train) [ 50000/160000]  lr: 0.0000e+00  eta: 12:11:09  time: 0.3661  data_time: 0.0083  memory: 5994  loss: nan  decode.loss_ce: nan  decode.acc_seg: 99.8409
2025/03/09 07:06:32 - mmengine - INFO - Iter(train) [ 50050/160000]  lr: 0.0000e+00  eta: 12:10:46  time: 0.3713  data_time: 0.0094  memory: 5994  loss: nan  decode.loss_ce: nan  decode.acc_seg: 97.4749
2025/03/09 07:06:50 - mmengine - INFO - Iter(train) [ 50100/160000]  lr: 0.0000e+00  eta: 12:10:23  time: 0.3697  data_time: 0.0092  memory: 5994  loss: nan  decode.loss_ce: nan  decode.acc_seg: 97.6690
2025/03/09 07:07:09 - mmengine - INFO - Iter(train) [ 50150/160000]  lr: 0.0000e+00  eta: 12:09:59  time: 0.3696  data_time: 0.0090  memory: 5994  loss: nan  decode.loss_ce: nan  decode.acc_seg: 98.0963
2025/03/09 07:07:27 - mmengine - INFO - Iter(train) [ 50200/160000]  lr: 0.0000e+00  eta: 12:09:36  time: 0.3703  data_time: 0.0094  memory: 5994  loss: nan  decode.loss_ce: nan  decode.acc_seg: 98.9827
2025/03/09 07:07:46 - mmengine - INFO - Iter(train) [ 50250/160000]  lr: 0.0000e+00  eta: 12:09:13  time: 0.3676  data_time: 0.0089  memory: 5994  loss: nan  decode.loss_ce: nan  decode.acc_seg: 96.7972
2025/03/09 07:08:04 - mmengine - INFO - Iter(train) [ 50300/160000]  lr: 0.0000e+00  eta: 12:08:50  time: 0.3685  data_time: 0.0082  memory: 5994  loss: nan  decode.loss_ce: nan  decode.acc_seg: 99.5753
2025/03/09 07:08:23 - mmengine - INFO - Iter(train) [ 50350/160000]  lr: 0.0000e+00  eta: 12:08:27  time: 0.3734  data_time: 0.0094  memory: 5994  loss: nan  decode.loss_ce: nan  decode.acc_seg: 96.4113
2025/03/09 07:08:41 - mmengine - INFO - Iter(train) [ 50400/160000]  lr: 0.0000e+00  eta: 12:08:04  time: 0.3713  data_time: 0.0096  memory: 5994  loss: nan  decode.loss_ce: nan  decode.acc_seg: 99.0078
2025/03/09 07:09:00 - mmengine - INFO - Iter(train) [ 50450/160000]  lr: 0.0000e+00  eta: 12:07:41  time: 0.3703  data_time: 0.0088  memory: 5994  loss: nan  decode.loss_ce: nan  decode.acc_seg: 96.5638
2025/03/09 07:09:18 - mmengine - INFO - Iter(train) [ 50500/160000]  lr: 0.0000e+00  eta: 12:07:18  time: 0.3700  data_time: 0.0093  memory: 5994  loss: nan  decode.loss_ce: nan  decode.acc_seg: 97.4540
2025/03/09 07:09:37 - mmengine - INFO - Iter(train) [ 50550/160000]  lr: 0.0000e+00  eta: 12:06:55  time: 0.3673  data_time: 0.0085  memory: 5994  loss: nan  decode.loss_ce: nan  decode.acc_seg: 97.8613
2025/03/09 07:09:55 - mmengine - INFO - Iter(train) [ 50600/160000]  lr: 0.0000e+00  eta: 12:06:31  time: 0.3686  data_time: 0.0086  memory: 5994  loss: nan  decode.loss_ce: nan  decode.acc_seg: 100.0000
2025/03/09 07:10:14 - mmengine - INFO - Iter(train) [ 50650/160000]  lr: 0.0000e+00  eta: 12:06:08  time: 0.3716  data_time: 0.0087  memory: 5994  loss: nan  decode.loss_ce: nan  decode.acc_seg: 98.8173
2025/03/09 07:10:32 - mmengine - INFO - Iter(train) [ 50700/160000]  lr: 0.0000e+00  eta: 12:05:45  time: 0.3712  data_time: 0.0093  memory: 5994  loss: nan  decode.loss_ce: nan  decode.acc_seg: 100.0000
2025/03/09 07:10:51 - mmengine - INFO - Iter(train) [ 50750/160000]  lr: 0.0000e+00  eta: 12:05:22  time: 0.3697  data_time: 0.0091  memory: 5994  loss: nan  decode.loss_ce: nan  decode.acc_seg: 99.0213
2025/03/09 07:11:09 - mmengine - INFO - Iter(train) [ 50800/160000]  lr: 0.0000e+00  eta: 12:05:00  time: 0.3727  data_time: 0.0093  memory: 5994  loss: nan  decode.loss_ce: nan  decode.acc_seg: 99.9553
2025/03/09 07:11:28 - mmengine - INFO - Iter(train) [ 50850/160000]  lr: 0.0000e+00  eta: 12:04:37  time: 0.3690  data_time: 0.0090  memory: 5994  loss: nan  decode.loss_ce: nan  decode.acc_seg: 98.5207
2025/03/09 07:11:46 - mmengine - INFO - Iter(train) [ 50900/160000]  lr: 0.0000e+00  eta: 12:04:14  time: 0.3711  data_time: 0.0088  memory: 5994  loss: nan  decode.loss_ce: nan  decode.acc_seg: 99.4312
2025/03/09 07:12:05 - mmengine - INFO - Iter(train) [ 50950/160000]  lr: 0.0000e+00  eta: 12:03:51  time: 0.3682  data_time: 0.0085  memory: 5994  loss: nan  decode.loss_ce: nan  decode.acc_seg: 97.2258
2025/03/09 07:12:23 - mmengine - INFO - Exp name: fpn_poolformer_s36_8x4_512x512_40k_ade20k_20250309_005445
2025/03/09 07:12:23 - mmengine - INFO - Iter(train) [ 51000/160000]  lr: 0.0000e+00  eta: 12:03:28  time: 0.3699  data_time: 0.0090  memory: 5994  loss: nan  decode.loss_ce: nan  decode.acc_seg: 88.1671
2025/03/09 07:12:23 - mmengine - INFO - Saving checkpoint at 51000 iterations
2025/03/09 07:12:48 - mmengine - INFO - Iter(train) [ 51050/160000]  lr: 0.0000e+00  eta: 12:03:19  time: 0.3711  data_time: 0.0090  memory: 5994  loss: nan  decode.loss_ce: nan  decode.acc_seg: 96.2381
2025/03/09 07:13:07 - mmengine - INFO - Iter(train) [ 51100/160000]  lr: 0.0000e+00  eta: 12:02:56  time: 0.3706  data_time: 0.0087  memory: 5994  loss: nan  decode.loss_ce: nan  decode.acc_seg: 97.1278
2025/03/09 07:13:25 - mmengine - INFO - Iter(train) [ 51150/160000]  lr: 0.0000e+00  eta: 12:02:33  time: 0.3709  data_time: 0.0092  memory: 5994  loss: nan  decode.loss_ce: nan  decode.acc_seg: 98.3107
2025/03/09 07:13:43 - mmengine - INFO - Iter(train) [ 51200/160000]  lr: 0.0000e+00  eta: 12:02:09  time: 0.3696  data_time: 0.0087  memory: 5994  loss: nan  decode.loss_ce: nan  decode.acc_seg: 95.5807
2025/03/09 07:14:02 - mmengine - INFO - Iter(train) [ 51250/160000]  lr: 0.0000e+00  eta: 12:01:46  time: 0.3691  data_time: 0.0092  memory: 5994  loss: nan  decode.loss_ce: nan  decode.acc_seg: 95.3613
2025/03/09 07:14:20 - mmengine - INFO - Iter(train) [ 51300/160000]  lr: 0.0000e+00  eta: 12:01:23  time: 0.3712  data_time: 0.0097  memory: 5994  loss: nan  decode.loss_ce: nan  decode.acc_seg: 98.9019
2025/03/09 07:14:39 - mmengine - INFO - Iter(train) [ 51350/160000]  lr: 0.0000e+00  eta: 12:01:00  time: 0.3656  data_time: 0.0085  memory: 5994  loss: nan  decode.loss_ce: nan  decode.acc_seg: 95.3502
2025/03/09 07:14:57 - mmengine - INFO - Iter(train) [ 51400/160000]  lr: 0.0000e+00  eta: 12:00:37  time: 0.3700  data_time: 0.0086  memory: 5994  loss: nan  decode.loss_ce: nan  decode.acc_seg: 98.2596
2025/03/09 07:15:16 - mmengine - INFO - Iter(train) [ 51450/160000]  lr: 0.0000e+00  eta: 12:00:14  time: 0.3667  data_time: 0.0084  memory: 5994  loss: nan  decode.loss_ce: nan  decode.acc_seg: 98.4291
2025/03/09 07:15:34 - mmengine - INFO - Iter(train) [ 51500/160000]  lr: 0.0000e+00  eta: 11:59:51  time: 0.3709  data_time: 0.0086  memory: 5994  loss: nan  decode.loss_ce: nan  decode.acc_seg: 99.8842
2025/03/09 07:15:53 - mmengine - INFO - Iter(train) [ 51550/160000]  lr: 0.0000e+00  eta: 11:59:28  time: 0.3719  data_time: 0.0094  memory: 5994  loss: nan  decode.loss_ce: nan  decode.acc_seg: 100.0000
2025/03/09 07:16:11 - mmengine - INFO - Iter(train) [ 51600/160000]  lr: 0.0000e+00  eta: 11:59:06  time: 0.3719  data_time: 0.0094  memory: 5994  loss: nan  decode.loss_ce: nan  decode.acc_seg: 99.5448
2025/03/09 07:16:30 - mmengine - INFO - Iter(train) [ 51650/160000]  lr: 0.0000e+00  eta: 11:58:43  time: 0.3715  data_time: 0.0095  memory: 5994  loss: nan  decode.loss_ce: nan  decode.acc_seg: 98.0125
2025/03/09 07:16:48 - mmengine - INFO - Iter(train) [ 51700/160000]  lr: 0.0000e+00  eta: 11:58:20  time: 0.3699  data_time: 0.0093  memory: 5994  loss: nan  decode.loss_ce: nan  decode.acc_seg: 100.0000
2025/03/09 07:17:06 - mmengine - INFO - Iter(train) [ 51750/160000]  lr: 0.0000e+00  eta: 11:57:57  time: 0.3669  data_time: 0.0091  memory: 5994  loss: nan  decode.loss_ce: nan  decode.acc_seg: 97.7743
2025/03/09 07:17:25 - mmengine - INFO - Iter(train) [ 51800/160000]  lr: 0.0000e+00  eta: 11:57:34  time: 0.3691  data_time: 0.0091  memory: 5994  loss: nan  decode.loss_ce: nan  decode.acc_seg: 98.3203
2025/03/09 07:17:43 - mmengine - INFO - Iter(train) [ 51850/160000]  lr: 0.0000e+00  eta: 11:57:11  time: 0.3676  data_time: 0.0089  memory: 5994  loss: nan  decode.loss_ce: nan  decode.acc_seg: 98.6666
2025/03/09 07:18:02 - mmengine - INFO - Iter(train) [ 51900/160000]  lr: 0.0000e+00  eta: 11:56:48  time: 0.3682  data_time: 0.0091  memory: 5994  loss: nan  decode.loss_ce: nan  decode.acc_seg: 99.3788
2025/03/09 07:18:20 - mmengine - INFO - Iter(train) [ 51950/160000]  lr: 0.0000e+00  eta: 11:56:26  time: 0.3684  data_time: 0.0091  memory: 5994  loss: nan  decode.loss_ce: nan  decode.acc_seg: 99.9961
2025/03/09 07:18:39 - mmengine - INFO - Exp name: fpn_poolformer_s36_8x4_512x512_40k_ade20k_20250309_005445
2025/03/09 07:18:39 - mmengine - INFO - Iter(train) [ 52000/160000]  lr: 0.0000e+00  eta: 11:56:03  time: 0.3683  data_time: 0.0090  memory: 5994  loss: nan  decode.loss_ce: nan  decode.acc_seg: 100.0000
2025/03/09 07:18:57 - mmengine - INFO - Iter(train) [ 52050/160000]  lr: 0.0000e+00  eta: 11:55:40  time: 0.3692  data_time: 0.0087  memory: 5994  loss: nan  decode.loss_ce: nan  decode.acc_seg: 97.1211
2025/03/09 07:19:16 - mmengine - INFO - Iter(train) [ 52100/160000]  lr: 0.0000e+00  eta: 11:55:17  time: 0.3704  data_time: 0.0090  memory: 5994  loss: nan  decode.loss_ce: nan  decode.acc_seg: 98.2573
2025/03/09 07:19:34 - mmengine - INFO - Iter(train) [ 52150/160000]  lr: 0.0000e+00  eta: 11:54:54  time: 0.3670  data_time: 0.0089  memory: 5994  loss: nan  decode.loss_ce: nan  decode.acc_seg: 93.7720
2025/03/09 07:21:06 - mmengine - INFO - Iter(train) [ 52200/160000]  lr: 0.0000e+00  eta: 11:57:03  time: 0.3506  data_time: 0.0077  memory: 5994  loss: nan  decode.loss_ce: nan  decode.acc_seg: 98.3414
2025/03/09 07:21:24 - mmengine - INFO - Iter(train) [ 52250/160000]  lr: 0.0000e+00  eta: 11:56:38  time: 0.3499  data_time: 0.0072  memory: 5994  loss: nan  decode.loss_ce: nan  decode.acc_seg: 97.6061
2025/03/09 07:21:41 - mmengine - INFO - Iter(train) [ 52300/160000]  lr: 0.0000e+00  eta: 11:56:13  time: 0.3505  data_time: 0.0070  memory: 5994  loss: nan  decode.loss_ce: nan  decode.acc_seg: 94.4071
2025/03/09 07:21:59 - mmengine - INFO - Iter(train) [ 52350/160000]  lr: 0.0000e+00  eta: 11:55:48  time: 0.3510  data_time: 0.0071  memory: 5994  loss: nan  decode.loss_ce: nan  decode.acc_seg: 98.9971
2025/03/09 07:22:17 - mmengine - INFO - Iter(train) [ 52400/160000]  lr: 0.0000e+00  eta: 11:55:25  time: 0.3697  data_time: 0.0097  memory: 5994  loss: nan  decode.loss_ce: nan  decode.acc_seg: 92.4773
2025/03/09 07:22:35 - mmengine - INFO - Iter(train) [ 52450/160000]  lr: 0.0000e+00  eta: 11:55:02  time: 0.3672  data_time: 0.0092  memory: 5994  loss: nan  decode.loss_ce: nan  decode.acc_seg: 93.3372
2025/03/09 07:22:54 - mmengine - INFO - Iter(train) [ 52500/160000]  lr: 0.0000e+00  eta: 11:54:38  time: 0.3662  data_time: 0.0090  memory: 5994  loss: nan  decode.loss_ce: nan  decode.acc_seg: 96.5147
2025/03/09 07:23:03 - mmengine - INFO - Iter(val) [ 50/869]    eta: 0:02:29  time: 0.1798  data_time: 0.0024  memory: 810  
2025/03/09 07:23:12 - mmengine - INFO - Iter(val) [100/869]    eta: 0:02:19  time: 0.1800  data_time: 0.0024  memory: 810  
2025/03/09 07:23:21 - mmengine - INFO - Iter(val) [150/869]    eta: 0:02:10  time: 0.1804  data_time: 0.0023  memory: 810  
2025/03/09 07:23:30 - mmengine - INFO - Iter(val) [200/869]    eta: 0:02:00  time: 0.1798  data_time: 0.0026  memory: 810  
2025/03/09 07:23:39 - mmengine - INFO - Iter(val) [250/869]    eta: 0:01:51  time: 0.1798  data_time: 0.0023  memory: 810  
2025/03/09 07:23:48 - mmengine - INFO - Iter(val) [300/869]    eta: 0:01:42  time: 0.1793  data_time: 0.0027  memory: 810  
2025/03/09 07:23:57 - mmengine - INFO - Iter(val) [350/869]    eta: 0:01:33  time: 0.1786  data_time: 0.0027  memory: 810  
2025/03/09 07:24:06 - mmengine - INFO - Iter(val) [400/869]    eta: 0:01:24  time: 0.1788  data_time: 0.0025  memory: 810  
2025/03/09 07:24:15 - mmengine - INFO - Iter(val) [450/869]    eta: 0:01:15  time: 0.1789  data_time: 0.0023  memory: 810  
2025/03/09 07:24:24 - mmengine - INFO - Iter(val) [500/869]    eta: 0:01:06  time: 0.1788  data_time: 0.0020  memory: 810  
2025/03/09 07:24:33 - mmengine - INFO - Iter(val) [550/869]    eta: 0:00:57  time: 0.1795  data_time: 0.0023  memory: 810  
2025/03/09 07:24:42 - mmengine - INFO - Iter(val) [600/869]    eta: 0:00:48  time: 0.1791  data_time: 0.0027  memory: 810  
2025/03/09 07:24:51 - mmengine - INFO - Iter(val) [650/869]    eta: 0:00:39  time: 0.1786  data_time: 0.0021  memory: 810  
2025/03/09 07:25:00 - mmengine - INFO - Iter(val) [700/869]    eta: 0:00:30  time: 0.1795  data_time: 0.0028  memory: 810  
2025/03/09 07:25:09 - mmengine - INFO - Iter(val) [750/869]    eta: 0:00:21  time: 0.1788  data_time: 0.0023  memory: 810  
2025/03/09 07:25:18 - mmengine - INFO - Iter(val) [800/869]    eta: 0:00:12  time: 0.1788  data_time: 0.0024  memory: 810  
2025/03/09 07:25:27 - mmengine - INFO - Iter(val) [850/869]    eta: 0:00:03  time: 0.1790  data_time: 0.0026  memory: 810  
2025/03/09 07:25:30 - mmengine - INFO - per class results:
2025/03/09 07:25:30 - mmengine - INFO - 
+------------+-------+-------+--------+-----------+--------+
|   Class    |  IoU  |  Acc  | Fscore | Precision | Recall |
+------------+-------+-------+--------+-----------+--------+
| background | 95.91 | 100.0 | 97.91  |   95.91   | 100.0  |
|    ghaf    |  0.0  |  0.0  |  nan   |    nan    |  0.0   |
+------------+-------+-------+--------+-----------+--------+
2025/03/09 07:25:30 - mmengine - INFO - Iter(val) [869/869]    aAcc: 95.9100  mIoU: 47.9600  mAcc: 50.0000  mFscore: 97.9100  mPrecision: 95.9100  mRecall: 50.0000  data_time: 0.0026  time: 0.1796
2025/03/09 07:25:48 - mmengine - INFO - Iter(train) [ 52550/160000]  lr: 0.0000e+00  eta: 11:54:15  time: 0.3674  data_time: 0.0093  memory: 5994  loss: nan  decode.loss_ce: nan  decode.acc_seg: 90.2975
2025/03/09 07:26:07 - mmengine - INFO - Iter(train) [ 52600/160000]  lr: 0.0000e+00  eta: 11:53:52  time: 0.3665  data_time: 0.0088  memory: 5994  loss: nan  decode.loss_ce: nan  decode.acc_seg: 82.0612
2025/03/09 07:26:25 - mmengine - INFO - Iter(train) [ 52650/160000]  lr: 0.0000e+00  eta: 11:53:29  time: 0.3689  data_time: 0.0093  memory: 5994  loss: nan  decode.loss_ce: nan  decode.acc_seg: 99.7166
2025/03/09 07:26:44 - mmengine - INFO - Iter(train) [ 52700/160000]  lr: 0.0000e+00  eta: 11:53:06  time: 0.3688  data_time: 0.0091  memory: 5994  loss: nan  decode.loss_ce: nan  decode.acc_seg: 92.2503
2025/03/09 07:27:02 - mmengine - INFO - Iter(train) [ 52750/160000]  lr: 0.0000e+00  eta: 11:52:43  time: 0.3668  data_time: 0.0089  memory: 5994  loss: nan  decode.loss_ce: nan  decode.acc_seg: 87.7501
2025/03/09 07:27:21 - mmengine - INFO - Iter(train) [ 52800/160000]  lr: 0.0000e+00  eta: 11:52:20  time: 0.3679  data_time: 0.0088  memory: 5994  loss: nan  decode.loss_ce: nan  decode.acc_seg: 94.8837
2025/03/09 07:27:39 - mmengine - INFO - Iter(train) [ 52850/160000]  lr: 0.0000e+00  eta: 11:51:57  time: 0.3682  data_time: 0.0090  memory: 5994  loss: nan  decode.loss_ce: nan  decode.acc_seg: 98.3680
2025/03/09 07:27:57 - mmengine - INFO - Iter(train) [ 52900/160000]  lr: 0.0000e+00  eta: 11:51:34  time: 0.3666  data_time: 0.0089  memory: 5994  loss: nan  decode.loss_ce: nan  decode.acc_seg: 98.6056
2025/03/09 07:28:16 - mmengine - INFO - Iter(train) [ 52950/160000]  lr: 0.0000e+00  eta: 11:51:11  time: 0.3685  data_time: 0.0095  memory: 5994  loss: nan  decode.loss_ce: nan  decode.acc_seg: 95.4681
2025/03/09 07:28:34 - mmengine - INFO - Exp name: fpn_poolformer_s36_8x4_512x512_40k_ade20k_20250309_005445
2025/03/09 07:28:34 - mmengine - INFO - Iter(train) [ 53000/160000]  lr: 0.0000e+00  eta: 11:50:48  time: 0.3661  data_time: 0.0088  memory: 5994  loss: nan  decode.loss_ce: nan  decode.acc_seg: 92.6651
2025/03/09 07:28:53 - mmengine - INFO - Iter(train) [ 53050/160000]  lr: 0.0000e+00  eta: 11:50:25  time: 0.3675  data_time: 0.0094  memory: 5994  loss: nan  decode.loss_ce: nan  decode.acc_seg: 99.9707
2025/03/09 07:29:11 - mmengine - INFO - Iter(train) [ 53100/160000]  lr: 0.0000e+00  eta: 11:50:02  time: 0.3700  data_time: 0.0092  memory: 5994  loss: nan  decode.loss_ce: nan  decode.acc_seg: 99.4098
2025/03/09 07:29:30 - mmengine - INFO - Iter(train) [ 53150/160000]  lr: 0.0000e+00  eta: 11:49:39  time: 0.3712  data_time: 0.0093  memory: 5994  loss: nan  decode.loss_ce: nan  decode.acc_seg: 95.6995
2025/03/09 07:29:48 - mmengine - INFO - Iter(train) [ 53200/160000]  lr: 0.0000e+00  eta: 11:49:16  time: 0.3678  data_time: 0.0087  memory: 5994  loss: nan  decode.loss_ce: nan  decode.acc_seg: 99.1464
2025/03/09 07:30:06 - mmengine - INFO - Iter(train) [ 53250/160000]  lr: 0.0000e+00  eta: 11:48:53  time: 0.3696  data_time: 0.0089  memory: 5994  loss: nan  decode.loss_ce: nan  decode.acc_seg: 86.4421
2025/03/09 07:30:25 - mmengine - INFO - Iter(train) [ 53300/160000]  lr: 0.0000e+00  eta: 11:48:30  time: 0.3684  data_time: 0.0086  memory: 5994  loss: nan  decode.loss_ce: nan  decode.acc_seg: 93.4745
2025/03/09 07:30:43 - mmengine - INFO - Iter(train) [ 53350/160000]  lr: 0.0000e+00  eta: 11:48:08  time: 0.3687  data_time: 0.0089  memory: 5994  loss: nan  decode.loss_ce: nan  decode.acc_seg: 98.4025
2025/03/09 07:31:02 - mmengine - INFO - Iter(train) [ 53400/160000]  lr: 0.0000e+00  eta: 11:47:45  time: 0.3698  data_time: 0.0094  memory: 5994  loss: nan  decode.loss_ce: nan  decode.acc_seg: 98.3968
2025/03/09 07:31:20 - mmengine - INFO - Iter(train) [ 53450/160000]  lr: 0.0000e+00  eta: 11:47:22  time: 0.3692  data_time: 0.0089  memory: 5994  loss: nan  decode.loss_ce: nan  decode.acc_seg: 96.0513
2025/03/09 07:31:39 - mmengine - INFO - Iter(train) [ 53500/160000]  lr: 0.0000e+00  eta: 11:46:59  time: 0.3685  data_time: 0.0089  memory: 5994  loss: nan  decode.loss_ce: nan  decode.acc_seg: 99.9670
2025/03/09 07:31:57 - mmengine - INFO - Iter(train) [ 53550/160000]  lr: 0.0000e+00  eta: 11:46:36  time: 0.3675  data_time: 0.0088  memory: 5994  loss: nan  decode.loss_ce: nan  decode.acc_seg: 99.2444
2025/03/09 07:32:16 - mmengine - INFO - Iter(train) [ 53600/160000]  lr: 0.0000e+00  eta: 11:46:13  time: 0.3694  data_time: 0.0090  memory: 5994  loss: nan  decode.loss_ce: nan  decode.acc_seg: 98.2115
2025/03/09 07:32:34 - mmengine - INFO - Iter(train) [ 53650/160000]  lr: 0.0000e+00  eta: 11:45:51  time: 0.3689  data_time: 0.0090  memory: 5994  loss: nan  decode.loss_ce: nan  decode.acc_seg: 97.7627
2025/03/09 07:32:53 - mmengine - INFO - Iter(train) [ 53700/160000]  lr: 0.0000e+00  eta: 11:45:28  time: 0.3693  data_time: 0.0089  memory: 5994  loss: nan  decode.loss_ce: nan  decode.acc_seg: 97.1800
2025/03/09 07:33:11 - mmengine - INFO - Iter(train) [ 53750/160000]  lr: 0.0000e+00  eta: 11:45:05  time: 0.3703  data_time: 0.0091  memory: 5994  loss: nan  decode.loss_ce: nan  decode.acc_seg: 99.1495
2025/03/09 07:33:30 - mmengine - INFO - Iter(train) [ 53800/160000]  lr: 0.0000e+00  eta: 11:44:43  time: 0.3688  data_time: 0.0090  memory: 5994  loss: nan  decode.loss_ce: nan  decode.acc_seg: 86.4546
2025/03/09 07:33:48 - mmengine - INFO - Iter(train) [ 53850/160000]  lr: 0.0000e+00  eta: 11:44:20  time: 0.3705  data_time: 0.0090  memory: 5994  loss: nan  decode.loss_ce: nan  decode.acc_seg: 94.1503
2025/03/09 07:34:07 - mmengine - INFO - Iter(train) [ 53900/160000]  lr: 0.0000e+00  eta: 11:43:57  time: 0.3698  data_time: 0.0091  memory: 5994  loss: nan  decode.loss_ce: nan  decode.acc_seg: 91.2711
2025/03/09 07:34:25 - mmengine - INFO - Iter(train) [ 53950/160000]  lr: 0.0000e+00  eta: 11:43:34  time: 0.3678  data_time: 0.0084  memory: 5994  loss: nan  decode.loss_ce: nan  decode.acc_seg: 93.3726
2025/03/09 07:34:43 - mmengine - INFO - Exp name: fpn_poolformer_s36_8x4_512x512_40k_ade20k_20250309_005445
2025/03/09 07:34:43 - mmengine - INFO - Iter(train) [ 54000/160000]  lr: 0.0000e+00  eta: 11:43:11  time: 0.3693  data_time: 0.0089  memory: 5994  loss: nan  decode.loss_ce: nan  decode.acc_seg: 93.0260
2025/03/09 07:35:02 - mmengine - INFO - Iter(train) [ 54050/160000]  lr: 0.0000e+00  eta: 11:42:49  time: 0.3667  data_time: 0.0084  memory: 5994  loss: nan  decode.loss_ce: nan  decode.acc_seg: 93.8173
2025/03/09 07:35:20 - mmengine - INFO - Iter(train) [ 54100/160000]  lr: 0.0000e+00  eta: 11:42:26  time: 0.3694  data_time: 0.0091  memory: 5994  loss: nan  decode.loss_ce: nan  decode.acc_seg: 96.6460
2025/03/09 07:35:39 - mmengine - INFO - Iter(train) [ 54150/160000]  lr: 0.0000e+00  eta: 11:42:03  time: 0.3707  data_time: 0.0093  memory: 5994  loss: nan  decode.loss_ce: nan  decode.acc_seg: 99.4868
2025/03/09 07:35:57 - mmengine - INFO - Iter(train) [ 54200/160000]  lr: 0.0000e+00  eta: 11:41:41  time: 0.3693  data_time: 0.0092  memory: 5994  loss: nan  decode.loss_ce: nan  decode.acc_seg: 93.0511
2025/03/09 07:36:16 - mmengine - INFO - Iter(train) [ 54250/160000]  lr: 0.0000e+00  eta: 11:41:18  time: 0.3707  data_time: 0.0088  memory: 5994  loss: nan  decode.loss_ce: nan  decode.acc_seg: 97.4914
2025/03/09 07:36:34 - mmengine - INFO - Iter(train) [ 54300/160000]  lr: 0.0000e+00  eta: 11:40:55  time: 0.3674  data_time: 0.0084  memory: 5994  loss: nan  decode.loss_ce: nan  decode.acc_seg: 98.5133
2025/03/09 07:36:53 - mmengine - INFO - Iter(train) [ 54350/160000]  lr: 0.0000e+00  eta: 11:40:33  time: 0.3701  data_time: 0.0090  memory: 5994  loss: nan  decode.loss_ce: nan  decode.acc_seg: 94.5021
2025/03/09 07:37:11 - mmengine - INFO - Iter(train) [ 54400/160000]  lr: 0.0000e+00  eta: 11:40:10  time: 0.3689  data_time: 0.0088  memory: 5994  loss: nan  decode.loss_ce: nan  decode.acc_seg: 98.9069
2025/03/09 07:37:11 - mmengine - INFO - Saving checkpoint at 54400 iterations
2025/03/09 07:37:37 - mmengine - INFO - Iter(train) [ 54450/160000]  lr: 0.0000e+00  eta: 11:40:01  time: 0.3680  data_time: 0.0088  memory: 5994  loss: nan  decode.loss_ce: nan  decode.acc_seg: 99.2791
2025/03/09 07:37:55 - mmengine - INFO - Iter(train) [ 54500/160000]  lr: 0.0000e+00  eta: 11:39:38  time: 0.3690  data_time: 0.0092  memory: 5994  loss: nan  decode.loss_ce: nan  decode.acc_seg: 99.8916
2025/03/09 07:38:14 - mmengine - INFO - Iter(train) [ 54550/160000]  lr: 0.0000e+00  eta: 11:39:15  time: 0.3692  data_time: 0.0094  memory: 5994  loss: nan  decode.loss_ce: nan  decode.acc_seg: 93.2324
2025/03/09 07:38:32 - mmengine - INFO - Iter(train) [ 54600/160000]  lr: 0.0000e+00  eta: 11:38:53  time: 0.3691  data_time: 0.0089  memory: 5994  loss: nan  decode.loss_ce: nan  decode.acc_seg: 95.6940
2025/03/09 07:38:51 - mmengine - INFO - Iter(train) [ 54650/160000]  lr: 0.0000e+00  eta: 11:38:30  time: 0.3677  data_time: 0.0092  memory: 5994  loss: nan  decode.loss_ce: nan  decode.acc_seg: 95.2225
2025/03/09 07:39:09 - mmengine - INFO - Iter(train) [ 54700/160000]  lr: 0.0000e+00  eta: 11:38:07  time: 0.3729  data_time: 0.0088  memory: 5994  loss: nan  decode.loss_ce: nan  decode.acc_seg: 97.8958
2025/03/09 07:39:28 - mmengine - INFO - Iter(train) [ 54750/160000]  lr: 0.0000e+00  eta: 11:37:45  time: 0.3708  data_time: 0.0094  memory: 5994  loss: nan  decode.loss_ce: nan  decode.acc_seg: 98.2951
2025/03/09 07:39:46 - mmengine - INFO - Iter(train) [ 54800/160000]  lr: 0.0000e+00  eta: 11:37:22  time: 0.3687  data_time: 0.0085  memory: 5994  loss: nan  decode.loss_ce: nan  decode.acc_seg: 92.5148
2025/03/09 07:40:04 - mmengine - INFO - Iter(train) [ 54850/160000]  lr: 0.0000e+00  eta: 11:37:00  time: 0.3698  data_time: 0.0088  memory: 5994  loss: nan  decode.loss_ce: nan  decode.acc_seg: 87.7332
2025/03/09 07:40:23 - mmengine - INFO - Iter(train) [ 54900/160000]  lr: 0.0000e+00  eta: 11:36:37  time: 0.3687  data_time: 0.0083  memory: 5994  loss: nan  decode.loss_ce: nan  decode.acc_seg: 91.2580
2025/03/09 07:40:41 - mmengine - INFO - Iter(train) [ 54950/160000]  lr: 0.0000e+00  eta: 11:36:14  time: 0.3687  data_time: 0.0081  memory: 5994  loss: nan  decode.loss_ce: nan  decode.acc_seg: 99.8704
2025/03/09 07:41:00 - mmengine - INFO - Exp name: fpn_poolformer_s36_8x4_512x512_40k_ade20k_20250309_005445
2025/03/09 07:41:00 - mmengine - INFO - Iter(train) [ 55000/160000]  lr: 0.0000e+00  eta: 11:35:52  time: 0.3683  data_time: 0.0094  memory: 5994  loss: nan  decode.loss_ce: nan  decode.acc_seg: 96.6614
2025/03/09 07:41:18 - mmengine - INFO - Iter(train) [ 55050/160000]  lr: 0.0000e+00  eta: 11:35:29  time: 0.3650  data_time: 0.0087  memory: 5994  loss: nan  decode.loss_ce: nan  decode.acc_seg: 96.4216
2025/03/09 07:41:37 - mmengine - INFO - Iter(train) [ 55100/160000]  lr: 0.0000e+00  eta: 11:35:06  time: 0.3678  data_time: 0.0078  memory: 5994  loss: nan  decode.loss_ce: nan  decode.acc_seg: 99.0677
2025/03/09 07:41:55 - mmengine - INFO - Iter(train) [ 55150/160000]  lr: 0.0000e+00  eta: 11:34:44  time: 0.3675  data_time: 0.0085  memory: 5994  loss: nan  decode.loss_ce: nan  decode.acc_seg: 98.9046
2025/03/09 07:42:13 - mmengine - INFO - Iter(train) [ 55200/160000]  lr: 0.0000e+00  eta: 11:34:21  time: 0.3646  data_time: 0.0080  memory: 5994  loss: nan  decode.loss_ce: nan  decode.acc_seg: 92.0834
2025/03/09 07:42:32 - mmengine - INFO - Iter(train) [ 55250/160000]  lr: 0.0000e+00  eta: 11:33:58  time: 0.3700  data_time: 0.0091  memory: 5994  loss: nan  decode.loss_ce: nan  decode.acc_seg: 96.2950
2025/03/09 07:42:50 - mmengine - INFO - Iter(train) [ 55300/160000]  lr: 0.0000e+00  eta: 11:33:36  time: 0.3682  data_time: 0.0079  memory: 5994  loss: nan  decode.loss_ce: nan  decode.acc_seg: 99.5329
2025/03/09 07:43:09 - mmengine - INFO - Iter(train) [ 55350/160000]  lr: 0.0000e+00  eta: 11:33:13  time: 0.3702  data_time: 0.0088  memory: 5994  loss: nan  decode.loss_ce: nan  decode.acc_seg: 86.1568
2025/03/09 07:43:27 - mmengine - INFO - Iter(train) [ 55400/160000]  lr: 0.0000e+00  eta: 11:32:50  time: 0.3720  data_time: 0.0093  memory: 5994  loss: nan  decode.loss_ce: nan  decode.acc_seg: 99.8454
2025/03/09 07:43:46 - mmengine - INFO - Iter(train) [ 55450/160000]  lr: 0.0000e+00  eta: 11:32:28  time: 0.3698  data_time: 0.0089  memory: 5994  loss: nan  decode.loss_ce: nan  decode.acc_seg: 97.8281
2025/03/09 07:44:04 - mmengine - INFO - Iter(train) [ 55500/160000]  lr: 0.0000e+00  eta: 11:32:05  time: 0.3640  data_time: 0.0083  memory: 5994  loss: nan  decode.loss_ce: nan  decode.acc_seg: 84.6679
2025/03/09 07:44:22 - mmengine - INFO - Iter(train) [ 55550/160000]  lr: 0.0000e+00  eta: 11:31:43  time: 0.3692  data_time: 0.0093  memory: 5994  loss: nan  decode.loss_ce: nan  decode.acc_seg: 95.0997
2025/03/09 07:44:41 - mmengine - INFO - Iter(train) [ 55600/160000]  lr: 0.0000e+00  eta: 11:31:20  time: 0.3715  data_time: 0.0090  memory: 5994  loss: nan  decode.loss_ce: nan  decode.acc_seg: 99.9111
2025/03/09 07:44:59 - mmengine - INFO - Iter(train) [ 55650/160000]  lr: 0.0000e+00  eta: 11:30:58  time: 0.3684  data_time: 0.0089  memory: 5994  loss: nan  decode.loss_ce: nan  decode.acc_seg: 70.0055
2025/03/09 07:45:18 - mmengine - INFO - Iter(train) [ 55700/160000]  lr: 0.0000e+00  eta: 11:30:35  time: 0.3707  data_time: 0.0095  memory: 5994  loss: nan  decode.loss_ce: nan  decode.acc_seg: 96.8046
2025/03/09 07:45:36 - mmengine - INFO - Iter(train) [ 55750/160000]  lr: 0.0000e+00  eta: 11:30:13  time: 0.3685  data_time: 0.0088  memory: 5994  loss: nan  decode.loss_ce: nan  decode.acc_seg: 90.4663
2025/03/09 07:45:55 - mmengine - INFO - Iter(train) [ 55800/160000]  lr: 0.0000e+00  eta: 11:29:50  time: 0.3704  data_time: 0.0092  memory: 5994  loss: nan  decode.loss_ce: nan  decode.acc_seg: 96.5303
2025/03/09 07:46:13 - mmengine - INFO - Iter(train) [ 55850/160000]  lr: 0.0000e+00  eta: 11:29:28  time: 0.3685  data_time: 0.0090  memory: 5994  loss: nan  decode.loss_ce: nan  decode.acc_seg: 99.0115
2025/03/09 07:46:32 - mmengine - INFO - Iter(train) [ 55900/160000]  lr: 0.0000e+00  eta: 11:29:05  time: 0.3689  data_time: 0.0086  memory: 5994  loss: nan  decode.loss_ce: nan  decode.acc_seg: 99.4474
2025/03/09 07:46:50 - mmengine - INFO - Iter(train) [ 55950/160000]  lr: 0.0000e+00  eta: 11:28:43  time: 0.3700  data_time: 0.0092  memory: 5994  loss: nan  decode.loss_ce: nan  decode.acc_seg: 96.2634
2025/03/09 07:47:09 - mmengine - INFO - Exp name: fpn_poolformer_s36_8x4_512x512_40k_ade20k_20250309_005445
2025/03/09 07:47:09 - mmengine - INFO - Iter(train) [ 56000/160000]  lr: 0.0000e+00  eta: 11:28:20  time: 0.3690  data_time: 0.0087  memory: 5994  loss: nan  decode.loss_ce: nan  decode.acc_seg: 92.7380
2025/03/09 07:47:18 - mmengine - INFO - Iter(val) [ 50/869]    eta: 0:02:28  time: 0.1794  data_time: 0.0023  memory: 810  
2025/03/09 07:47:27 - mmengine - INFO - Iter(val) [100/869]    eta: 0:02:18  time: 0.1794  data_time: 0.0027  memory: 810  
2025/03/09 07:47:36 - mmengine - INFO - Iter(val) [150/869]    eta: 0:02:09  time: 0.1795  data_time: 0.0025  memory: 810  
2025/03/09 07:47:45 - mmengine - INFO - Iter(val) [200/869]    eta: 0:02:00  time: 0.1794  data_time: 0.0024  memory: 810  
2025/03/09 07:47:54 - mmengine - INFO - Iter(val) [250/869]    eta: 0:01:51  time: 0.1797  data_time: 0.0024  memory: 810  
2025/03/09 07:48:03 - mmengine - INFO - Iter(val) [300/869]    eta: 0:01:42  time: 0.1790  data_time: 0.0026  memory: 810  
2025/03/09 07:48:12 - mmengine - INFO - Iter(val) [350/869]    eta: 0:01:33  time: 0.1785  data_time: 0.0024  memory: 810  
2025/03/09 07:48:21 - mmengine - INFO - Iter(val) [400/869]    eta: 0:01:24  time: 0.1800  data_time: 0.0024  memory: 810  
2025/03/09 07:48:30 - mmengine - INFO - Iter(val) [450/869]    eta: 0:01:15  time: 0.1786  data_time: 0.0024  memory: 810  
2025/03/09 07:48:39 - mmengine - INFO - Iter(val) [500/869]    eta: 0:01:06  time: 0.1790  data_time: 0.0026  memory: 810  
2025/03/09 07:48:48 - mmengine - INFO - Iter(val) [550/869]    eta: 0:00:57  time: 0.1790  data_time: 0.0024  memory: 810  
2025/03/09 07:48:57 - mmengine - INFO - Iter(val) [600/869]    eta: 0:00:48  time: 0.1798  data_time: 0.0028  memory: 810  
2025/03/09 07:49:06 - mmengine - INFO - Iter(val) [650/869]    eta: 0:00:39  time: 0.1788  data_time: 0.0024  memory: 810  
2025/03/09 07:49:15 - mmengine - INFO - Iter(val) [700/869]    eta: 0:00:30  time: 0.1790  data_time: 0.0024  memory: 810  
2025/03/09 07:49:24 - mmengine - INFO - Iter(val) [750/869]    eta: 0:00:21  time: 0.1790  data_time: 0.0025  memory: 810  
2025/03/09 07:49:33 - mmengine - INFO - Iter(val) [800/869]    eta: 0:00:12  time: 0.1786  data_time: 0.0024  memory: 810  
2025/03/09 07:49:42 - mmengine - INFO - Iter(val) [850/869]    eta: 0:00:03  time: 0.1787  data_time: 0.0023  memory: 810  
2025/03/09 07:49:45 - mmengine - INFO - per class results:
2025/03/09 07:49:45 - mmengine - INFO - 
+------------+-------+-------+--------+-----------+--------+
|   Class    |  IoU  |  Acc  | Fscore | Precision | Recall |
+------------+-------+-------+--------+-----------+--------+
| background | 95.91 | 100.0 | 97.91  |   95.91   | 100.0  |
|    ghaf    |  0.0  |  0.0  |  nan   |    nan    |  0.0   |
+------------+-------+-------+--------+-----------+--------+
2025/03/09 07:49:45 - mmengine - INFO - Iter(val) [869/869]    aAcc: 95.9100  mIoU: 47.9600  mAcc: 50.0000  mFscore: 97.9100  mPrecision: 95.9100  mRecall: 50.0000  data_time: 0.0026  time: 0.1796
2025/03/09 07:50:03 - mmengine - INFO - Iter(train) [ 56050/160000]  lr: 0.0000e+00  eta: 11:27:58  time: 0.3678  data_time: 0.0086  memory: 5994  loss: nan  decode.loss_ce: nan  decode.acc_seg: 99.4989
2025/03/09 07:50:22 - mmengine - INFO - Iter(train) [ 56100/160000]  lr: 0.0000e+00  eta: 11:27:35  time: 0.3677  data_time: 0.0091  memory: 5994  loss: nan  decode.loss_ce: nan  decode.acc_seg: 88.9403
2025/03/09 07:51:57 - mmengine - INFO - Iter(train) [ 56150/160000]  lr: 0.0000e+00  eta: 11:29:35  time: 0.3517  data_time: 0.0081  memory: 5994  loss: nan  decode.loss_ce: nan  decode.acc_seg: 98.5402
2025/03/09 07:52:14 - mmengine - INFO - Iter(train) [ 56200/160000]  lr: 0.0000e+00  eta: 11:29:10  time: 0.3484  data_time: 0.0073  memory: 5994  loss: nan  decode.loss_ce: nan  decode.acc_seg: 95.8644
2025/03/09 07:52:32 - mmengine - INFO - Iter(train) [ 56250/160000]  lr: 0.0000e+00  eta: 11:28:46  time: 0.3499  data_time: 0.0071  memory: 5994  loss: nan  decode.loss_ce: nan  decode.acc_seg: 99.7929
2025/03/09 07:52:50 - mmengine - INFO - Iter(train) [ 56300/160000]  lr: 0.0000e+00  eta: 11:28:22  time: 0.3506  data_time: 0.0071  memory: 5994  loss: nan  decode.loss_ce: nan  decode.acc_seg: 93.3086
2025/03/09 07:53:07 - mmengine - INFO - Iter(train) [ 56350/160000]  lr: 0.0000e+00  eta: 11:27:58  time: 0.3533  data_time: 0.0072  memory: 5994  loss: nan  decode.loss_ce: nan  decode.acc_seg: 97.8710
2025/03/09 07:53:26 - mmengine - INFO - Iter(train) [ 56400/160000]  lr: 0.0000e+00  eta: 11:27:35  time: 0.3668  data_time: 0.0089  memory: 5994  loss: nan  decode.loss_ce: nan  decode.acc_seg: 98.2328
2025/03/09 07:53:44 - mmengine - INFO - Iter(train) [ 56450/160000]  lr: 0.0000e+00  eta: 11:27:12  time: 0.3731  data_time: 0.0092  memory: 5994  loss: nan  decode.loss_ce: nan  decode.acc_seg: 99.0508
2025/03/09 07:54:02 - mmengine - INFO - Iter(train) [ 56500/160000]  lr: 0.0000e+00  eta: 11:26:50  time: 0.3681  data_time: 0.0092  memory: 5994  loss: nan  decode.loss_ce: nan  decode.acc_seg: 96.4869
2025/03/09 07:54:21 - mmengine - INFO - Iter(train) [ 56550/160000]  lr: 0.0000e+00  eta: 11:26:27  time: 0.3701  data_time: 0.0097  memory: 5994  loss: nan  decode.loss_ce: nan  decode.acc_seg: 99.0136
2025/03/09 07:54:39 - mmengine - INFO - Iter(train) [ 56600/160000]  lr: 0.0000e+00  eta: 11:26:04  time: 0.3579  data_time: 0.0077  memory: 5994  loss: nan  decode.loss_ce: nan  decode.acc_seg: 95.8322
2025/03/09 07:54:57 - mmengine - INFO - Iter(train) [ 56650/160000]  lr: 0.0000e+00  eta: 11:25:41  time: 0.3648  data_time: 0.0079  memory: 5994  loss: nan  decode.loss_ce: nan  decode.acc_seg: 94.3877
2025/03/09 07:55:16 - mmengine - INFO - Iter(train) [ 56700/160000]  lr: 0.0000e+00  eta: 11:25:19  time: 0.3700  data_time: 0.0092  memory: 5994  loss: nan  decode.loss_ce: nan  decode.acc_seg: 99.7024
2025/03/09 07:55:34 - mmengine - INFO - Iter(train) [ 56750/160000]  lr: 0.0000e+00  eta: 11:24:56  time: 0.3687  data_time: 0.0087  memory: 5994  loss: nan  decode.loss_ce: nan  decode.acc_seg: 99.2864
2025/03/09 07:55:53 - mmengine - INFO - Iter(train) [ 56800/160000]  lr: 0.0000e+00  eta: 11:24:34  time: 0.3705  data_time: 0.0090  memory: 5994  loss: nan  decode.loss_ce: nan  decode.acc_seg: 99.4482
2025/03/09 07:56:11 - mmengine - INFO - Iter(train) [ 56850/160000]  lr: 0.0000e+00  eta: 11:24:11  time: 0.3698  data_time: 0.0090  memory: 5994  loss: nan  decode.loss_ce: nan  decode.acc_seg: 94.9564
2025/03/09 07:56:30 - mmengine - INFO - Iter(train) [ 56900/160000]  lr: 0.0000e+00  eta: 11:23:48  time: 0.3668  data_time: 0.0082  memory: 5994  loss: nan  decode.loss_ce: nan  decode.acc_seg: 97.2833
2025/03/09 07:56:48 - mmengine - INFO - Iter(train) [ 56950/160000]  lr: 0.0000e+00  eta: 11:23:26  time: 0.3673  data_time: 0.0089  memory: 5994  loss: nan  decode.loss_ce: nan  decode.acc_seg: 95.7808
2025/03/09 07:57:07 - mmengine - INFO - Exp name: fpn_poolformer_s36_8x4_512x512_40k_ade20k_20250309_005445
2025/03/09 07:57:07 - mmengine - INFO - Iter(train) [ 57000/160000]  lr: 0.0000e+00  eta: 11:23:03  time: 0.3678  data_time: 0.0089  memory: 5994  loss: nan  decode.loss_ce: nan  decode.acc_seg: 96.8201
2025/03/09 07:57:25 - mmengine - INFO - Iter(train) [ 57050/160000]  lr: 0.0000e+00  eta: 11:22:41  time: 0.3709  data_time: 0.0093  memory: 5994  loss: nan  decode.loss_ce: nan  decode.acc_seg: 99.7667
2025/03/09 07:57:43 - mmengine - INFO - Iter(train) [ 57100/160000]  lr: 0.0000e+00  eta: 11:22:18  time: 0.3687  data_time: 0.0089  memory: 5994  loss: nan  decode.loss_ce: nan  decode.acc_seg: 98.8905
2025/03/09 07:58:02 - mmengine - INFO - Iter(train) [ 57150/160000]  lr: 0.0000e+00  eta: 11:21:56  time: 0.3703  data_time: 0.0087  memory: 5994  loss: nan  decode.loss_ce: nan  decode.acc_seg: 95.8189
2025/03/09 07:58:20 - mmengine - INFO - Iter(train) [ 57200/160000]  lr: 0.0000e+00  eta: 11:21:33  time: 0.3701  data_time: 0.0085  memory: 5994  loss: nan  decode.loss_ce: nan  decode.acc_seg: 97.3440
2025/03/09 07:58:39 - mmengine - INFO - Iter(train) [ 57250/160000]  lr: 0.0000e+00  eta: 11:21:11  time: 0.3684  data_time: 0.0088  memory: 5994  loss: nan  decode.loss_ce: nan  decode.acc_seg: 99.3431
2025/03/09 07:58:57 - mmengine - INFO - Iter(train) [ 57300/160000]  lr: 0.0000e+00  eta: 11:20:49  time: 0.3679  data_time: 0.0084  memory: 5994  loss: nan  decode.loss_ce: nan  decode.acc_seg: 98.7273
2025/03/09 07:59:16 - mmengine - INFO - Iter(train) [ 57350/160000]  lr: 0.0000e+00  eta: 11:20:26  time: 0.3703  data_time: 0.0090  memory: 5994  loss: nan  decode.loss_ce: nan  decode.acc_seg: 99.0738
2025/03/09 07:59:34 - mmengine - INFO - Iter(train) [ 57400/160000]  lr: 0.0000e+00  eta: 11:20:04  time: 0.3627  data_time: 0.0084  memory: 5994  loss: nan  decode.loss_ce: nan  decode.acc_seg: 99.9150
2025/03/09 07:59:53 - mmengine - INFO - Iter(train) [ 57450/160000]  lr: 0.0000e+00  eta: 11:19:41  time: 0.3713  data_time: 0.0093  memory: 5994  loss: nan  decode.loss_ce: nan  decode.acc_seg: 94.6339
2025/03/09 08:00:11 - mmengine - INFO - Iter(train) [ 57500/160000]  lr: 0.0000e+00  eta: 11:19:19  time: 0.3703  data_time: 0.0087  memory: 5994  loss: nan  decode.loss_ce: nan  decode.acc_seg: 91.7938
2025/03/09 08:00:30 - mmengine - INFO - Iter(train) [ 57550/160000]  lr: 0.0000e+00  eta: 11:18:57  time: 0.3693  data_time: 0.0088  memory: 5994  loss: nan  decode.loss_ce: nan  decode.acc_seg: 95.5877
2025/03/09 08:00:48 - mmengine - INFO - Iter(train) [ 57600/160000]  lr: 0.0000e+00  eta: 11:18:34  time: 0.3704  data_time: 0.0095  memory: 5994  loss: nan  decode.loss_ce: nan  decode.acc_seg: 99.6037
2025/03/09 08:01:07 - mmengine - INFO - Iter(train) [ 57650/160000]  lr: 0.0000e+00  eta: 11:18:12  time: 0.3701  data_time: 0.0092  memory: 5994  loss: nan  decode.loss_ce: nan  decode.acc_seg: 97.2022
2025/03/09 08:01:25 - mmengine - INFO - Iter(train) [ 57700/160000]  lr: 0.0000e+00  eta: 11:17:49  time: 0.3714  data_time: 0.0093  memory: 5994  loss: nan  decode.loss_ce: nan  decode.acc_seg: 99.6973
2025/03/09 08:01:44 - mmengine - INFO - Iter(train) [ 57750/160000]  lr: 0.0000e+00  eta: 11:17:27  time: 0.3681  data_time: 0.0088  memory: 5994  loss: nan  decode.loss_ce: nan  decode.acc_seg: 86.1063
2025/03/09 08:02:02 - mmengine - INFO - Iter(train) [ 57800/160000]  lr: 0.0000e+00  eta: 11:17:05  time: 0.3649  data_time: 0.0088  memory: 5994  loss: nan  decode.loss_ce: nan  decode.acc_seg: 96.9015
2025/03/09 08:02:02 - mmengine - INFO - Saving checkpoint at 57800 iterations
2025/03/09 08:02:26 - mmengine - INFO - Iter(train) [ 57850/160000]  lr: 0.0000e+00  eta: 11:16:52  time: 0.3688  data_time: 0.0090  memory: 5994  loss: nan  decode.loss_ce: nan  decode.acc_seg: 97.1923
2025/03/09 08:02:45 - mmengine - INFO - Iter(train) [ 57900/160000]  lr: 0.0000e+00  eta: 11:16:30  time: 0.3700  data_time: 0.0090  memory: 5994  loss: nan  decode.loss_ce: nan  decode.acc_seg: 98.3738
2025/03/09 08:03:03 - mmengine - INFO - Iter(train) [ 57950/160000]  lr: 0.0000e+00  eta: 11:16:07  time: 0.3675  data_time: 0.0090  memory: 5994  loss: nan  decode.loss_ce: nan  decode.acc_seg: 100.0000
2025/03/09 08:03:22 - mmengine - INFO - Exp name: fpn_poolformer_s36_8x4_512x512_40k_ade20k_20250309_005445
2025/03/09 08:03:22 - mmengine - INFO - Iter(train) [ 58000/160000]  lr: 0.0000e+00  eta: 11:15:45  time: 0.3706  data_time: 0.0084  memory: 5994  loss: nan  decode.loss_ce: nan  decode.acc_seg: 99.2577
2025/03/09 08:03:40 - mmengine - INFO - Iter(train) [ 58050/160000]  lr: 0.0000e+00  eta: 11:15:23  time: 0.3671  data_time: 0.0090  memory: 5994  loss: nan  decode.loss_ce: nan  decode.acc_seg: 93.0655
2025/03/09 08:03:59 - mmengine - INFO - Iter(train) [ 58100/160000]  lr: 0.0000e+00  eta: 11:15:00  time: 0.3697  data_time: 0.0088  memory: 5994  loss: nan  decode.loss_ce: nan  decode.acc_seg: 96.1477
2025/03/09 08:04:17 - mmengine - INFO - Iter(train) [ 58150/160000]  lr: 0.0000e+00  eta: 11:14:38  time: 0.3703  data_time: 0.0092  memory: 5994  loss: nan  decode.loss_ce: nan  decode.acc_seg: 98.2358
2025/03/09 08:04:35 - mmengine - INFO - Iter(train) [ 58200/160000]  lr: 0.0000e+00  eta: 11:14:15  time: 0.3705  data_time: 0.0090  memory: 5994  loss: nan  decode.loss_ce: nan  decode.acc_seg: 98.6683
2025/03/09 08:04:54 - mmengine - INFO - Iter(train) [ 58250/160000]  lr: 0.0000e+00  eta: 11:13:53  time: 0.3701  data_time: 0.0092  memory: 5994  loss: nan  decode.loss_ce: nan  decode.acc_seg: 98.6833
2025/03/09 08:05:12 - mmengine - INFO - Iter(train) [ 58300/160000]  lr: 0.0000e+00  eta: 11:13:31  time: 0.3676  data_time: 0.0080  memory: 5994  loss: nan  decode.loss_ce: nan  decode.acc_seg: 98.3735
2025/03/09 08:05:31 - mmengine - INFO - Iter(train) [ 58350/160000]  lr: 0.0000e+00  eta: 11:13:09  time: 0.3704  data_time: 0.0092  memory: 5994  loss: nan  decode.loss_ce: nan  decode.acc_seg: 97.4701
2025/03/09 08:05:49 - mmengine - INFO - Iter(train) [ 58400/160000]  lr: 0.0000e+00  eta: 11:12:46  time: 0.3701  data_time: 0.0091  memory: 5994  loss: nan  decode.loss_ce: nan  decode.acc_seg: 99.6162
2025/03/09 08:06:08 - mmengine - INFO - Iter(train) [ 58450/160000]  lr: 0.0000e+00  eta: 11:12:24  time: 0.3695  data_time: 0.0088  memory: 5994  loss: nan  decode.loss_ce: nan  decode.acc_seg: 99.9950
2025/03/09 08:06:26 - mmengine - INFO - Iter(train) [ 58500/160000]  lr: 0.0000e+00  eta: 11:12:02  time: 0.3684  data_time: 0.0088  memory: 5994  loss: nan  decode.loss_ce: nan  decode.acc_seg: 97.9013
2025/03/09 08:06:45 - mmengine - INFO - Iter(train) [ 58550/160000]  lr: 0.0000e+00  eta: 11:11:40  time: 0.3708  data_time: 0.0095  memory: 5994  loss: nan  decode.loss_ce: nan  decode.acc_seg: 99.4079
2025/03/09 08:07:03 - mmengine - INFO - Iter(train) [ 58600/160000]  lr: 0.0000e+00  eta: 11:11:17  time: 0.3705  data_time: 0.0094  memory: 5994  loss: nan  decode.loss_ce: nan  decode.acc_seg: 79.2344
2025/03/09 08:07:22 - mmengine - INFO - Iter(train) [ 58650/160000]  lr: 0.0000e+00  eta: 11:10:55  time: 0.3686  data_time: 0.0087  memory: 5994  loss: nan  decode.loss_ce: nan  decode.acc_seg: 95.0725
2025/03/09 08:07:40 - mmengine - INFO - Iter(train) [ 58700/160000]  lr: 0.0000e+00  eta: 11:10:33  time: 0.3695  data_time: 0.0090  memory: 5994  loss: nan  decode.loss_ce: nan  decode.acc_seg: 98.1030
2025/03/09 08:07:59 - mmengine - INFO - Iter(train) [ 58750/160000]  lr: 0.0000e+00  eta: 11:10:11  time: 0.3672  data_time: 0.0089  memory: 5994  loss: nan  decode.loss_ce: nan  decode.acc_seg: 99.8590
2025/03/09 08:08:17 - mmengine - INFO - Iter(train) [ 58800/160000]  lr: 0.0000e+00  eta: 11:09:48  time: 0.3697  data_time: 0.0086  memory: 5994  loss: nan  decode.loss_ce: nan  decode.acc_seg: 94.7809
2025/03/09 08:08:36 - mmengine - INFO - Iter(train) [ 58850/160000]  lr: 0.0000e+00  eta: 11:09:26  time: 0.3697  data_time: 0.0091  memory: 5994  loss: nan  decode.loss_ce: nan  decode.acc_seg: 98.1296
2025/03/09 08:08:54 - mmengine - INFO - Iter(train) [ 58900/160000]  lr: 0.0000e+00  eta: 11:09:04  time: 0.3701  data_time: 0.0085  memory: 5994  loss: nan  decode.loss_ce: nan  decode.acc_seg: 96.9275
2025/03/09 08:09:13 - mmengine - INFO - Iter(train) [ 58950/160000]  lr: 0.0000e+00  eta: 11:08:42  time: 0.3692  data_time: 0.0088  memory: 5994  loss: nan  decode.loss_ce: nan  decode.acc_seg: 84.2377
2025/03/09 08:09:31 - mmengine - INFO - Exp name: fpn_poolformer_s36_8x4_512x512_40k_ade20k_20250309_005445
2025/03/09 08:09:31 - mmengine - INFO - Iter(train) [ 59000/160000]  lr: 0.0000e+00  eta: 11:08:20  time: 0.3702  data_time: 0.0086  memory: 5994  loss: nan  decode.loss_ce: nan  decode.acc_seg: 96.2995
2025/03/09 08:09:50 - mmengine - INFO - Iter(train) [ 59050/160000]  lr: 0.0000e+00  eta: 11:07:57  time: 0.3654  data_time: 0.0082  memory: 5994  loss: nan  decode.loss_ce: nan  decode.acc_seg: 99.5218
2025/03/09 08:10:08 - mmengine - INFO - Iter(train) [ 59100/160000]  lr: 0.0000e+00  eta: 11:07:35  time: 0.3693  data_time: 0.0089  memory: 5994  loss: nan  decode.loss_ce: nan  decode.acc_seg: 91.1089
2025/03/09 08:10:27 - mmengine - INFO - Iter(train) [ 59150/160000]  lr: 0.0000e+00  eta: 11:07:13  time: 0.3691  data_time: 0.0090  memory: 5994  loss: nan  decode.loss_ce: nan  decode.acc_seg: 90.7970
2025/03/09 08:10:45 - mmengine - INFO - Iter(train) [ 59200/160000]  lr: 0.0000e+00  eta: 11:06:50  time: 0.3661  data_time: 0.0087  memory: 5994  loss: nan  decode.loss_ce: nan  decode.acc_seg: 97.1283
2025/03/09 08:11:04 - mmengine - INFO - Iter(train) [ 59250/160000]  lr: 0.0000e+00  eta: 11:06:28  time: 0.3691  data_time: 0.0085  memory: 5994  loss: nan  decode.loss_ce: nan  decode.acc_seg: 99.8377
2025/03/09 08:11:22 - mmengine - INFO - Iter(train) [ 59300/160000]  lr: 0.0000e+00  eta: 11:06:06  time: 0.3674  data_time: 0.0093  memory: 5994  loss: nan  decode.loss_ce: nan  decode.acc_seg: 94.3408
2025/03/09 08:11:41 - mmengine - INFO - Iter(train) [ 59350/160000]  lr: 0.0000e+00  eta: 11:05:44  time: 0.3678  data_time: 0.0098  memory: 5994  loss: nan  decode.loss_ce: nan  decode.acc_seg: 96.3107
2025/03/09 08:11:59 - mmengine - INFO - Iter(train) [ 59400/160000]  lr: 0.0000e+00  eta: 11:05:22  time: 0.3716  data_time: 0.0097  memory: 5994  loss: nan  decode.loss_ce: nan  decode.acc_seg: 93.6823
2025/03/09 08:12:17 - mmengine - INFO - Iter(train) [ 59450/160000]  lr: 0.0000e+00  eta: 11:05:00  time: 0.3723  data_time: 0.0106  memory: 5994  loss: nan  decode.loss_ce: nan  decode.acc_seg: 97.8407
2025/03/09 08:12:36 - mmengine - INFO - Iter(train) [ 59500/160000]  lr: 0.0000e+00  eta: 11:04:37  time: 0.3648  data_time: 0.0092  memory: 5994  loss: nan  decode.loss_ce: nan  decode.acc_seg: 97.6669
2025/03/09 08:12:45 - mmengine - INFO - Iter(val) [ 50/869]    eta: 0:02:28  time: 0.1793  data_time: 0.0020  memory: 810  
2025/03/09 08:12:54 - mmengine - INFO - Iter(val) [100/869]    eta: 0:02:18  time: 0.1793  data_time: 0.0023  memory: 810  
2025/03/09 08:13:03 - mmengine - INFO - Iter(val) [150/869]    eta: 0:02:09  time: 0.1794  data_time: 0.0024  memory: 810  
2025/03/09 08:13:12 - mmengine - INFO - Iter(val) [200/869]    eta: 0:02:00  time: 0.1793  data_time: 0.0023  memory: 810  
2025/03/09 08:13:21 - mmengine - INFO - Iter(val) [250/869]    eta: 0:01:51  time: 0.1786  data_time: 0.0022  memory: 810  
2025/03/09 08:13:30 - mmengine - INFO - Iter(val) [300/869]    eta: 0:01:42  time: 0.1785  data_time: 0.0022  memory: 810  
2025/03/09 08:13:39 - mmengine - INFO - Iter(val) [350/869]    eta: 0:01:33  time: 0.1790  data_time: 0.0025  memory: 810  
2025/03/09 08:13:48 - mmengine - INFO - Iter(val) [400/869]    eta: 0:01:24  time: 0.1784  data_time: 0.0022  memory: 810  
2025/03/09 08:13:57 - mmengine - INFO - Iter(val) [450/869]    eta: 0:01:15  time: 0.1786  data_time: 0.0025  memory: 810  
2025/03/09 08:14:06 - mmengine - INFO - Iter(val) [500/869]    eta: 0:01:06  time: 0.1787  data_time: 0.0024  memory: 810  
2025/03/09 08:14:14 - mmengine - INFO - Iter(val) [550/869]    eta: 0:00:57  time: 0.1787  data_time: 0.0025  memory: 810  
2025/03/09 08:14:23 - mmengine - INFO - Iter(val) [600/869]    eta: 0:00:48  time: 0.1788  data_time: 0.0022  memory: 810  
2025/03/09 08:14:32 - mmengine - INFO - Iter(val) [650/869]    eta: 0:00:39  time: 0.1784  data_time: 0.0022  memory: 810  
2025/03/09 08:14:41 - mmengine - INFO - Iter(val) [700/869]    eta: 0:00:30  time: 0.1786  data_time: 0.0025  memory: 810  
2025/03/09 08:14:50 - mmengine - INFO - Iter(val) [750/869]    eta: 0:00:21  time: 0.1784  data_time: 0.0024  memory: 810  
2025/03/09 08:14:59 - mmengine - INFO - Iter(val) [800/869]    eta: 0:00:12  time: 0.1806  data_time: 0.0026  memory: 810  
2025/03/09 08:15:08 - mmengine - INFO - Iter(val) [850/869]    eta: 0:00:03  time: 0.1788  data_time: 0.0022  memory: 810  
2025/03/09 08:15:12 - mmengine - INFO - per class results:
2025/03/09 08:15:12 - mmengine - INFO - 
+------------+-------+-------+--------+-----------+--------+
|   Class    |  IoU  |  Acc  | Fscore | Precision | Recall |
+------------+-------+-------+--------+-----------+--------+
| background | 95.91 | 100.0 | 97.91  |   95.91   | 100.0  |
|    ghaf    |  0.0  |  0.0  |  nan   |    nan    |  0.0   |
+------------+-------+-------+--------+-----------+--------+
2025/03/09 08:15:12 - mmengine - INFO - Iter(val) [869/869]    aAcc: 95.9100  mIoU: 47.9600  mAcc: 50.0000  mFscore: 97.9100  mPrecision: 95.9100  mRecall: 50.0000  data_time: 0.0025  time: 0.1791
2025/03/09 08:15:30 - mmengine - INFO - Iter(train) [ 59550/160000]  lr: 0.0000e+00  eta: 11:04:15  time: 0.3651  data_time: 0.0094  memory: 5994  loss: nan  decode.loss_ce: nan  decode.acc_seg: 97.5902
2025/03/09 08:15:48 - mmengine - INFO - Iter(train) [ 59600/160000]  lr: 0.0000e+00  eta: 11:03:53  time: 0.3691  data_time: 0.0099  memory: 5994  loss: nan  decode.loss_ce: nan  decode.acc_seg: 86.1529
2025/03/09 08:16:07 - mmengine - INFO - Iter(train) [ 59650/160000]  lr: 0.0000e+00  eta: 11:03:30  time: 0.3680  data_time: 0.0097  memory: 5994  loss: nan  decode.loss_ce: nan  decode.acc_seg: 89.3495
2025/03/09 08:16:25 - mmengine - INFO - Iter(train) [ 59700/160000]  lr: 0.0000e+00  eta: 11:03:08  time: 0.3664  data_time: 0.0091  memory: 5994  loss: nan  decode.loss_ce: nan  decode.acc_seg: 96.4153
2025/03/09 08:16:43 - mmengine - INFO - Iter(train) [ 59750/160000]  lr: 0.0000e+00  eta: 11:02:46  time: 0.3665  data_time: 0.0097  memory: 5994  loss: nan  decode.loss_ce: nan  decode.acc_seg: 97.3322
2025/03/09 08:17:02 - mmengine - INFO - Iter(train) [ 59800/160000]  lr: 0.0000e+00  eta: 11:02:24  time: 0.3736  data_time: 0.0098  memory: 5994  loss: nan  decode.loss_ce: nan  decode.acc_seg: 98.1070
2025/03/09 08:17:20 - mmengine - INFO - Iter(train) [ 59850/160000]  lr: 0.0000e+00  eta: 11:02:01  time: 0.3653  data_time: 0.0089  memory: 5994  loss: nan  decode.loss_ce: nan  decode.acc_seg: 94.1544
2025/03/09 08:17:39 - mmengine - INFO - Iter(train) [ 59900/160000]  lr: 0.0000e+00  eta: 11:01:39  time: 0.3633  data_time: 0.0085  memory: 5994  loss: nan  decode.loss_ce: nan  decode.acc_seg: 98.5198
2025/03/09 08:17:57 - mmengine - INFO - Iter(train) [ 59950/160000]  lr: 0.0000e+00  eta: 11:01:17  time: 0.3671  data_time: 0.0094  memory: 5994  loss: nan  decode.loss_ce: nan  decode.acc_seg: 88.2221
2025/03/09 08:18:16 - mmengine - INFO - Exp name: fpn_poolformer_s36_8x4_512x512_40k_ade20k_20250309_005445
2025/03/09 08:18:16 - mmengine - INFO - Iter(train) [ 60000/160000]  lr: 0.0000e+00  eta: 11:00:55  time: 0.3684  data_time: 0.0092  memory: 5994  loss: nan  decode.loss_ce: nan  decode.acc_seg: 98.1648
2025/03/09 08:18:34 - mmengine - INFO - Iter(train) [ 60050/160000]  lr: 0.0000e+00  eta: 11:00:32  time: 0.3633  data_time: 0.0087  memory: 5994  loss: nan  decode.loss_ce: nan  decode.acc_seg: 99.3990
2025/03/09 08:18:53 - mmengine - INFO - Iter(train) [ 60100/160000]  lr: 0.0000e+00  eta: 11:00:10  time: 0.3718  data_time: 0.0104  memory: 5994  loss: nan  decode.loss_ce: nan  decode.acc_seg: 96.5830
2025/03/09 08:19:11 - mmengine - INFO - Iter(train) [ 60150/160000]  lr: 0.0000e+00  eta: 10:59:48  time: 0.3659  data_time: 0.0093  memory: 5994  loss: nan  decode.loss_ce: nan  decode.acc_seg: 97.4531
2025/03/09 08:19:29 - mmengine - INFO - Iter(train) [ 60200/160000]  lr: 0.0000e+00  eta: 10:59:26  time: 0.3674  data_time: 0.0085  memory: 5994  loss: nan  decode.loss_ce: nan  decode.acc_seg: 99.3721
2025/03/09 08:19:48 - mmengine - INFO - Iter(train) [ 60250/160000]  lr: 0.0000e+00  eta: 10:59:04  time: 0.3687  data_time: 0.0096  memory: 5994  loss: nan  decode.loss_ce: nan  decode.acc_seg: 95.0425
2025/03/09 08:20:06 - mmengine - INFO - Iter(train) [ 60300/160000]  lr: 0.0000e+00  eta: 10:58:42  time: 0.3635  data_time: 0.0087  memory: 5994  loss: nan  decode.loss_ce: nan  decode.acc_seg: 65.9173
2025/03/09 08:20:25 - mmengine - INFO - Iter(train) [ 60350/160000]  lr: 0.0000e+00  eta: 10:58:20  time: 0.3729  data_time: 0.0104  memory: 5994  loss: nan  decode.loss_ce: nan  decode.acc_seg: 96.5743
2025/03/09 08:20:43 - mmengine - INFO - Iter(train) [ 60400/160000]  lr: 0.0000e+00  eta: 10:57:57  time: 0.3682  data_time: 0.0090  memory: 5994  loss: nan  decode.loss_ce: nan  decode.acc_seg: 99.1585
2025/03/09 08:21:02 - mmengine - INFO - Iter(train) [ 60450/160000]  lr: 0.0000e+00  eta: 10:57:35  time: 0.3706  data_time: 0.0097  memory: 5994  loss: nan  decode.loss_ce: nan  decode.acc_seg: 99.9993
2025/03/09 08:21:20 - mmengine - INFO - Iter(train) [ 60500/160000]  lr: 0.0000e+00  eta: 10:57:13  time: 0.3729  data_time: 0.0104  memory: 5994  loss: nan  decode.loss_ce: nan  decode.acc_seg: 97.1810
2025/03/09 08:23:20 - mmengine - INFO - Iter(train) [ 60550/160000]  lr: 0.0000e+00  eta: 10:59:37  time: 1.9439  data_time: 1.5649  memory: 5994  loss: nan  decode.loss_ce: nan  decode.acc_seg: 96.6188
2025/03/09 08:23:37 - mmengine - INFO - Iter(train) [ 60600/160000]  lr: 0.0000e+00  eta: 10:59:13  time: 0.3484  data_time: 0.0072  memory: 5994  loss: nan  decode.loss_ce: nan  decode.acc_seg: 96.0520
2025/03/09 08:23:55 - mmengine - INFO - Iter(train) [ 60650/160000]  lr: 0.0000e+00  eta: 10:58:50  time: 0.3503  data_time: 0.0077  memory: 5994  loss: nan  decode.loss_ce: nan  decode.acc_seg: 97.4136
2025/03/09 08:24:12 - mmengine - INFO - Iter(train) [ 60700/160000]  lr: 0.0000e+00  eta: 10:58:26  time: 0.3502  data_time: 0.0072  memory: 5994  loss: nan  decode.loss_ce: nan  decode.acc_seg: 98.5357
2025/03/09 08:24:30 - mmengine - INFO - Iter(train) [ 60750/160000]  lr: 0.0000e+00  eta: 10:58:02  time: 0.3526  data_time: 0.0074  memory: 5994  loss: nan  decode.loss_ce: nan  decode.acc_seg: 97.4186
2025/03/09 08:24:48 - mmengine - INFO - Iter(train) [ 60800/160000]  lr: 0.0000e+00  eta: 10:57:40  time: 0.3665  data_time: 0.0086  memory: 5994  loss: nan  decode.loss_ce: nan  decode.acc_seg: 91.7219
2025/03/09 08:25:06 - mmengine - INFO - Iter(train) [ 60850/160000]  lr: 0.0000e+00  eta: 10:57:17  time: 0.3714  data_time: 0.0096  memory: 5994  loss: nan  decode.loss_ce: nan  decode.acc_seg: 96.7816
2025/03/09 08:25:25 - mmengine - INFO - Iter(train) [ 60900/160000]  lr: 0.0000e+00  eta: 10:56:55  time: 0.3595  data_time: 0.0077  memory: 5994  loss: nan  decode.loss_ce: nan  decode.acc_seg: 80.0575
2025/03/09 08:25:43 - mmengine - INFO - Iter(train) [ 60950/160000]  lr: 0.0000e+00  eta: 10:56:32  time: 0.3712  data_time: 0.0094  memory: 5994  loss: nan  decode.loss_ce: nan  decode.acc_seg: 94.8349
2025/03/09 08:26:01 - mmengine - INFO - Exp name: fpn_poolformer_s36_8x4_512x512_40k_ade20k_20250309_005445
2025/03/09 08:26:01 - mmengine - INFO - Iter(train) [ 61000/160000]  lr: 0.0000e+00  eta: 10:56:10  time: 0.3702  data_time: 0.0083  memory: 5994  loss: nan  decode.loss_ce: nan  decode.acc_seg: 98.1822
2025/03/09 08:26:20 - mmengine - INFO - Iter(train) [ 61050/160000]  lr: 0.0000e+00  eta: 10:55:48  time: 0.3647  data_time: 0.0088  memory: 5994  loss: nan  decode.loss_ce: nan  decode.acc_seg: 96.3581
2025/03/09 08:26:38 - mmengine - INFO - Iter(train) [ 61100/160000]  lr: 0.0000e+00  eta: 10:55:25  time: 0.3714  data_time: 0.0093  memory: 5994  loss: nan  decode.loss_ce: nan  decode.acc_seg: 97.3913
2025/03/09 08:26:57 - mmengine - INFO - Iter(train) [ 61150/160000]  lr: 0.0000e+00  eta: 10:55:03  time: 0.3663  data_time: 0.0087  memory: 5994  loss: nan  decode.loss_ce: nan  decode.acc_seg: 97.1864
2025/03/09 08:27:15 - mmengine - INFO - Iter(train) [ 61200/160000]  lr: 0.0000e+00  eta: 10:54:41  time: 0.3709  data_time: 0.0089  memory: 5994  loss: nan  decode.loss_ce: nan  decode.acc_seg: 98.2776
2025/03/09 08:27:15 - mmengine - INFO - Saving checkpoint at 61200 iterations
2025/03/09 08:27:47 - mmengine - INFO - Iter(train) [ 61250/160000]  lr: 0.0000e+00  eta: 10:54:41  time: 0.3675  data_time: 0.0087  memory: 5994  loss: nan  decode.loss_ce: nan  decode.acc_seg: 98.4649
2025/03/09 08:28:06 - mmengine - INFO - Iter(train) [ 61300/160000]  lr: 0.0000e+00  eta: 10:54:19  time: 0.3675  data_time: 0.0087  memory: 5994  loss: nan  decode.loss_ce: nan  decode.acc_seg: 98.6463
2025/03/09 08:28:24 - mmengine - INFO - Iter(train) [ 61350/160000]  lr: 0.0000e+00  eta: 10:53:57  time: 0.3685  data_time: 0.0085  memory: 5994  loss: nan  decode.loss_ce: nan  decode.acc_seg: 94.5316
2025/03/09 08:28:43 - mmengine - INFO - Iter(train) [ 61400/160000]  lr: 0.0000e+00  eta: 10:53:35  time: 0.3688  data_time: 0.0089  memory: 5994  loss: nan  decode.loss_ce: nan  decode.acc_seg: 100.0000
2025/03/09 08:29:01 - mmengine - INFO - Iter(train) [ 61450/160000]  lr: 0.0000e+00  eta: 10:53:12  time: 0.3686  data_time: 0.0091  memory: 5994  loss: nan  decode.loss_ce: nan  decode.acc_seg: 97.0927
2025/03/09 08:29:20 - mmengine - INFO - Iter(train) [ 61500/160000]  lr: 0.0000e+00  eta: 10:52:50  time: 0.3703  data_time: 0.0097  memory: 5994  loss: nan  decode.loss_ce: nan  decode.acc_seg: 77.7120
2025/03/09 08:29:38 - mmengine - INFO - Iter(train) [ 61550/160000]  lr: 0.0000e+00  eta: 10:52:28  time: 0.3721  data_time: 0.0084  memory: 5994  loss: nan  decode.loss_ce: nan  decode.acc_seg: 99.0558
2025/03/09 08:29:57 - mmengine - INFO - Iter(train) [ 61600/160000]  lr: 0.0000e+00  eta: 10:52:06  time: 0.3683  data_time: 0.0087  memory: 5994  loss: nan  decode.loss_ce: nan  decode.acc_seg: 97.4611
2025/03/09 08:30:15 - mmengine - INFO - Iter(train) [ 61650/160000]  lr: 0.0000e+00  eta: 10:51:44  time: 0.3717  data_time: 0.0100  memory: 5994  loss: nan  decode.loss_ce: nan  decode.acc_seg: 90.1472
2025/03/09 08:30:34 - mmengine - INFO - Iter(train) [ 61700/160000]  lr: 0.0000e+00  eta: 10:51:22  time: 0.3729  data_time: 0.0099  memory: 5994  loss: nan  decode.loss_ce: nan  decode.acc_seg: 87.5254
2025/03/09 08:30:52 - mmengine - INFO - Iter(train) [ 61750/160000]  lr: 0.0000e+00  eta: 10:51:00  time: 0.3742  data_time: 0.0108  memory: 5994  loss: nan  decode.loss_ce: nan  decode.acc_seg: 91.3214
2025/03/09 08:31:11 - mmengine - INFO - Iter(train) [ 61800/160000]  lr: 0.0000e+00  eta: 10:50:38  time: 0.3694  data_time: 0.0097  memory: 5994  loss: nan  decode.loss_ce: nan  decode.acc_seg: 95.9107
2025/03/09 08:31:29 - mmengine - INFO - Iter(train) [ 61850/160000]  lr: 0.0000e+00  eta: 10:50:16  time: 0.3722  data_time: 0.0104  memory: 5994  loss: nan  decode.loss_ce: nan  decode.acc_seg: 94.6365
2025/03/09 08:31:48 - mmengine - INFO - Iter(train) [ 61900/160000]  lr: 0.0000e+00  eta: 10:49:54  time: 0.3696  data_time: 0.0102  memory: 5994  loss: nan  decode.loss_ce: nan  decode.acc_seg: 94.2925
2025/03/09 08:32:06 - mmengine - INFO - Iter(train) [ 61950/160000]  lr: 0.0000e+00  eta: 10:49:32  time: 0.3695  data_time: 0.0102  memory: 5994  loss: nan  decode.loss_ce: nan  decode.acc_seg: 96.6131
2025/03/09 08:32:25 - mmengine - INFO - Exp name: fpn_poolformer_s36_8x4_512x512_40k_ade20k_20250309_005445
2025/03/09 08:32:25 - mmengine - INFO - Iter(train) [ 62000/160000]  lr: 0.0000e+00  eta: 10:49:10  time: 0.3681  data_time: 0.0092  memory: 5994  loss: nan  decode.loss_ce: nan  decode.acc_seg: 94.6662
2025/03/09 08:32:44 - mmengine - INFO - Iter(train) [ 62050/160000]  lr: 0.0000e+00  eta: 10:48:48  time: 0.3696  data_time: 0.0096  memory: 5994  loss: nan  decode.loss_ce: nan  decode.acc_seg: 98.3275
2025/03/09 08:33:02 - mmengine - INFO - Iter(train) [ 62100/160000]  lr: 0.0000e+00  eta: 10:48:26  time: 0.3721  data_time: 0.0095  memory: 5994  loss: nan  decode.loss_ce: nan  decode.acc_seg: 96.5008
2025/03/09 08:33:21 - mmengine - INFO - Iter(train) [ 62150/160000]  lr: 0.0000e+00  eta: 10:48:04  time: 0.3683  data_time: 0.0095  memory: 5994  loss: nan  decode.loss_ce: nan  decode.acc_seg: 95.2710
2025/03/09 08:33:39 - mmengine - INFO - Iter(train) [ 62200/160000]  lr: 0.0000e+00  eta: 10:47:42  time: 0.3730  data_time: 0.0105  memory: 5994  loss: nan  decode.loss_ce: nan  decode.acc_seg: 96.9434
2025/03/09 08:33:58 - mmengine - INFO - Iter(train) [ 62250/160000]  lr: 0.0000e+00  eta: 10:47:20  time: 0.3653  data_time: 0.0081  memory: 5994  loss: nan  decode.loss_ce: nan  decode.acc_seg: 93.9862
2025/03/09 08:34:16 - mmengine - INFO - Iter(train) [ 62300/160000]  lr: 0.0000e+00  eta: 10:46:58  time: 0.3713  data_time: 0.0102  memory: 5994  loss: nan  decode.loss_ce: nan  decode.acc_seg: 98.6789
2025/03/09 08:34:35 - mmengine - INFO - Iter(train) [ 62350/160000]  lr: 0.0000e+00  eta: 10:46:36  time: 0.3688  data_time: 0.0096  memory: 5994  loss: nan  decode.loss_ce: nan  decode.acc_seg: 96.6539
2025/03/09 08:34:53 - mmengine - INFO - Iter(train) [ 62400/160000]  lr: 0.0000e+00  eta: 10:46:14  time: 0.3740  data_time: 0.0099  memory: 5994  loss: nan  decode.loss_ce: nan  decode.acc_seg: 92.2326
2025/03/09 08:35:12 - mmengine - INFO - Iter(train) [ 62450/160000]  lr: 0.0000e+00  eta: 10:45:52  time: 0.3712  data_time: 0.0094  memory: 5994  loss: nan  decode.loss_ce: nan  decode.acc_seg: 98.9668
2025/03/09 08:35:30 - mmengine - INFO - Iter(train) [ 62500/160000]  lr: 0.0000e+00  eta: 10:45:30  time: 0.3711  data_time: 0.0097  memory: 5994  loss: nan  decode.loss_ce: nan  decode.acc_seg: 92.6678
2025/03/09 08:35:49 - mmengine - INFO - Iter(train) [ 62550/160000]  lr: 0.0000e+00  eta: 10:45:08  time: 0.3715  data_time: 0.0104  memory: 5994  loss: nan  decode.loss_ce: nan  decode.acc_seg: 98.8887
2025/03/09 08:36:08 - mmengine - INFO - Iter(train) [ 62600/160000]  lr: 0.0000e+00  eta: 10:44:47  time: 0.3700  data_time: 0.0102  memory: 5994  loss: nan  decode.loss_ce: nan  decode.acc_seg: 100.0000
2025/03/09 08:36:26 - mmengine - INFO - Iter(train) [ 62650/160000]  lr: 0.0000e+00  eta: 10:44:25  time: 0.3651  data_time: 0.0091  memory: 5994  loss: nan  decode.loss_ce: nan  decode.acc_seg: 64.1101
2025/03/09 08:36:45 - mmengine - INFO - Iter(train) [ 62700/160000]  lr: 0.0000e+00  eta: 10:44:03  time: 0.3703  data_time: 0.0100  memory: 5994  loss: nan  decode.loss_ce: nan  decode.acc_seg: 90.3281
2025/03/09 08:37:03 - mmengine - INFO - Iter(train) [ 62750/160000]  lr: 0.0000e+00  eta: 10:43:41  time: 0.3711  data_time: 0.0100  memory: 5994  loss: nan  decode.loss_ce: nan  decode.acc_seg: 97.4325
2025/03/09 08:37:22 - mmengine - INFO - Iter(train) [ 62800/160000]  lr: 0.0000e+00  eta: 10:43:19  time: 0.3708  data_time: 0.0100  memory: 5994  loss: nan  decode.loss_ce: nan  decode.acc_seg: 99.9699
2025/03/09 08:37:40 - mmengine - INFO - Iter(train) [ 62850/160000]  lr: 0.0000e+00  eta: 10:42:57  time: 0.3705  data_time: 0.0104  memory: 5994  loss: nan  decode.loss_ce: nan  decode.acc_seg: 97.4781
2025/03/09 08:37:59 - mmengine - INFO - Iter(train) [ 62900/160000]  lr: 0.0000e+00  eta: 10:42:35  time: 0.3702  data_time: 0.0098  memory: 5994  loss: nan  decode.loss_ce: nan  decode.acc_seg: 97.1863
2025/03/09 08:38:17 - mmengine - INFO - Iter(train) [ 62950/160000]  lr: 0.0000e+00  eta: 10:42:13  time: 0.3713  data_time: 0.0099  memory: 5994  loss: nan  decode.loss_ce: nan  decode.acc_seg: 93.3695
2025/03/09 08:38:36 - mmengine - INFO - Exp name: fpn_poolformer_s36_8x4_512x512_40k_ade20k_20250309_005445
2025/03/09 08:38:36 - mmengine - INFO - Iter(train) [ 63000/160000]  lr: 0.0000e+00  eta: 10:41:51  time: 0.3743  data_time: 0.0111  memory: 5994  loss: nan  decode.loss_ce: nan  decode.acc_seg: 95.7860
2025/03/09 08:38:45 - mmengine - INFO - Iter(val) [ 50/869]    eta: 0:02:28  time: 0.1791  data_time: 0.0021  memory: 810  
2025/03/09 08:38:54 - mmengine - INFO - Iter(val) [100/869]    eta: 0:02:18  time: 0.1793  data_time: 0.0020  memory: 810  
2025/03/09 08:39:03 - mmengine - INFO - Iter(val) [150/869]    eta: 0:02:09  time: 0.1792  data_time: 0.0025  memory: 810  
2025/03/09 08:39:12 - mmengine - INFO - Iter(val) [200/869]    eta: 0:02:00  time: 0.1794  data_time: 0.0024  memory: 810  
2025/03/09 08:39:21 - mmengine - INFO - Iter(val) [250/869]    eta: 0:01:51  time: 0.1787  data_time: 0.0027  memory: 810  
2025/03/09 08:39:30 - mmengine - INFO - Iter(val) [300/869]    eta: 0:01:42  time: 0.1787  data_time: 0.0024  memory: 810  
2025/03/09 08:39:39 - mmengine - INFO - Iter(val) [350/869]    eta: 0:01:33  time: 0.1789  data_time: 0.0025  memory: 810  
2025/03/09 08:39:48 - mmengine - INFO - Iter(val) [400/869]    eta: 0:01:24  time: 0.1808  data_time: 0.0025  memory: 810  
2025/03/09 08:39:57 - mmengine - INFO - Iter(val) [450/869]    eta: 0:01:15  time: 0.1788  data_time: 0.0024  memory: 810  
2025/03/09 08:40:06 - mmengine - INFO - Iter(val) [500/869]    eta: 0:01:06  time: 0.1788  data_time: 0.0025  memory: 810  
2025/03/09 08:40:15 - mmengine - INFO - Iter(val) [550/869]    eta: 0:00:57  time: 0.1788  data_time: 0.0025  memory: 810  
2025/03/09 08:40:24 - mmengine - INFO - Iter(val) [600/869]    eta: 0:00:48  time: 0.1785  data_time: 0.0021  memory: 810  
2025/03/09 08:40:33 - mmengine - INFO - Iter(val) [650/869]    eta: 0:00:39  time: 0.1789  data_time: 0.0024  memory: 810  
2025/03/09 08:40:42 - mmengine - INFO - Iter(val) [700/869]    eta: 0:00:30  time: 0.1805  data_time: 0.0027  memory: 810  
2025/03/09 08:40:50 - mmengine - INFO - Iter(val) [750/869]    eta: 0:00:21  time: 0.1787  data_time: 0.0024  memory: 810  
2025/03/09 08:40:59 - mmengine - INFO - Iter(val) [800/869]    eta: 0:00:12  time: 0.1788  data_time: 0.0026  memory: 810  
2025/03/09 08:41:08 - mmengine - INFO - Iter(val) [850/869]    eta: 0:00:03  time: 0.1786  data_time: 0.0023  memory: 810  
2025/03/09 08:41:12 - mmengine - INFO - per class results:
2025/03/09 08:41:12 - mmengine - INFO - 
+------------+-------+-------+--------+-----------+--------+
|   Class    |  IoU  |  Acc  | Fscore | Precision | Recall |
+------------+-------+-------+--------+-----------+--------+
| background | 95.91 | 100.0 | 97.91  |   95.91   | 100.0  |
|    ghaf    |  0.0  |  0.0  |  nan   |    nan    |  0.0   |
+------------+-------+-------+--------+-----------+--------+
2025/03/09 08:41:12 - mmengine - INFO - Iter(val) [869/869]    aAcc: 95.9100  mIoU: 47.9600  mAcc: 50.0000  mFscore: 97.9100  mPrecision: 95.9100  mRecall: 50.0000  data_time: 0.0025  time: 0.1791
2025/03/09 08:41:30 - mmengine - INFO - Iter(train) [ 63050/160000]  lr: 0.0000e+00  eta: 10:41:30  time: 0.3688  data_time: 0.0104  memory: 5994  loss: nan  decode.loss_ce: nan  decode.acc_seg: 99.5881
2025/03/09 08:41:49 - mmengine - INFO - Iter(train) [ 63100/160000]  lr: 0.0000e+00  eta: 10:41:08  time: 0.3699  data_time: 0.0098  memory: 5994  loss: nan  decode.loss_ce: nan  decode.acc_seg: 99.7681
2025/03/09 08:42:07 - mmengine - INFO - Iter(train) [ 63150/160000]  lr: 0.0000e+00  eta: 10:40:46  time: 0.3681  data_time: 0.0089  memory: 5994  loss: nan  decode.loss_ce: nan  decode.acc_seg: 98.4761
2025/03/09 08:42:26 - mmengine - INFO - Iter(train) [ 63200/160000]  lr: 0.0000e+00  eta: 10:40:24  time: 0.3710  data_time: 0.0102  memory: 5994  loss: nan  decode.loss_ce: nan  decode.acc_seg: 98.8462
2025/03/09 08:42:44 - mmengine - INFO - Iter(train) [ 63250/160000]  lr: 0.0000e+00  eta: 10:40:02  time: 0.3728  data_time: 0.0099  memory: 5994  loss: nan  decode.loss_ce: nan  decode.acc_seg: 91.4728
2025/03/09 08:43:03 - mmengine - INFO - Iter(train) [ 63300/160000]  lr: 0.0000e+00  eta: 10:39:40  time: 0.3697  data_time: 0.0092  memory: 5994  loss: nan  decode.loss_ce: nan  decode.acc_seg: 97.5599
2025/03/09 08:43:22 - mmengine - INFO - Iter(train) [ 63350/160000]  lr: 0.0000e+00  eta: 10:39:18  time: 0.3722  data_time: 0.0102  memory: 5994  loss: nan  decode.loss_ce: nan  decode.acc_seg: 99.1936
2025/03/09 08:43:40 - mmengine - INFO - Iter(train) [ 63400/160000]  lr: 0.0000e+00  eta: 10:38:57  time: 0.3693  data_time: 0.0093  memory: 5994  loss: nan  decode.loss_ce: nan  decode.acc_seg: 95.7032
2025/03/09 08:43:59 - mmengine - INFO - Iter(train) [ 63450/160000]  lr: 0.0000e+00  eta: 10:38:35  time: 0.3723  data_time: 0.0101  memory: 5994  loss: nan  decode.loss_ce: nan  decode.acc_seg: 84.2581
2025/03/09 08:44:17 - mmengine - INFO - Iter(train) [ 63500/160000]  lr: 0.0000e+00  eta: 10:38:13  time: 0.3737  data_time: 0.0091  memory: 5994  loss: nan  decode.loss_ce: nan  decode.acc_seg: 92.1694
2025/03/09 08:44:36 - mmengine - INFO - Iter(train) [ 63550/160000]  lr: 0.0000e+00  eta: 10:37:51  time: 0.3646  data_time: 0.0092  memory: 5994  loss: nan  decode.loss_ce: nan  decode.acc_seg: 97.5408
2025/03/09 08:44:54 - mmengine - INFO - Iter(train) [ 63600/160000]  lr: 0.0000e+00  eta: 10:37:29  time: 0.3719  data_time: 0.0095  memory: 5994  loss: nan  decode.loss_ce: nan  decode.acc_seg: 94.7812
2025/03/09 08:45:13 - mmengine - INFO - Iter(train) [ 63650/160000]  lr: 0.0000e+00  eta: 10:37:08  time: 0.3709  data_time: 0.0095  memory: 5994  loss: nan  decode.loss_ce: nan  decode.acc_seg: 97.0931
2025/03/09 08:45:31 - mmengine - INFO - Iter(train) [ 63700/160000]  lr: 0.0000e+00  eta: 10:36:46  time: 0.3733  data_time: 0.0103  memory: 5994  loss: nan  decode.loss_ce: nan  decode.acc_seg: 94.3622
2025/03/09 08:45:50 - mmengine - INFO - Iter(train) [ 63750/160000]  lr: 0.0000e+00  eta: 10:36:24  time: 0.3721  data_time: 0.0104  memory: 5994  loss: nan  decode.loss_ce: nan  decode.acc_seg: 93.1563
2025/03/09 08:46:09 - mmengine - INFO - Iter(train) [ 63800/160000]  lr: 0.0000e+00  eta: 10:36:02  time: 0.3718  data_time: 0.0098  memory: 5994  loss: nan  decode.loss_ce: nan  decode.acc_seg: 88.4429
2025/03/09 08:46:27 - mmengine - INFO - Iter(train) [ 63850/160000]  lr: 0.0000e+00  eta: 10:35:40  time: 0.3729  data_time: 0.0097  memory: 5994  loss: nan  decode.loss_ce: nan  decode.acc_seg: 98.1824
2025/03/09 08:46:46 - mmengine - INFO - Iter(train) [ 63900/160000]  lr: 0.0000e+00  eta: 10:35:19  time: 0.3700  data_time: 0.0095  memory: 5994  loss: nan  decode.loss_ce: nan  decode.acc_seg: 98.7688
2025/03/09 08:47:04 - mmengine - INFO - Iter(train) [ 63950/160000]  lr: 0.0000e+00  eta: 10:34:57  time: 0.3713  data_time: 0.0096  memory: 5994  loss: nan  decode.loss_ce: nan  decode.acc_seg: 94.8378
2025/03/09 08:47:23 - mmengine - INFO - Exp name: fpn_poolformer_s36_8x4_512x512_40k_ade20k_20250309_005445
2025/03/09 08:47:23 - mmengine - INFO - Iter(train) [ 64000/160000]  lr: 0.0000e+00  eta: 10:34:35  time: 0.3705  data_time: 0.0091  memory: 5994  loss: nan  decode.loss_ce: nan  decode.acc_seg: 99.3365
2025/03/09 08:47:41 - mmengine - INFO - Iter(train) [ 64050/160000]  lr: 0.0000e+00  eta: 10:34:13  time: 0.3738  data_time: 0.0103  memory: 5994  loss: nan  decode.loss_ce: nan  decode.acc_seg: 86.6652
2025/03/09 08:48:00 - mmengine - INFO - Iter(train) [ 64100/160000]  lr: 0.0000e+00  eta: 10:33:52  time: 0.3700  data_time: 0.0091  memory: 5994  loss: nan  decode.loss_ce: nan  decode.acc_seg: 99.6664
2025/03/09 08:48:18 - mmengine - INFO - Iter(train) [ 64150/160000]  lr: 0.0000e+00  eta: 10:33:30  time: 0.3704  data_time: 0.0094  memory: 5994  loss: nan  decode.loss_ce: nan  decode.acc_seg: 82.8545
2025/03/09 08:48:37 - mmengine - INFO - Iter(train) [ 64200/160000]  lr: 0.0000e+00  eta: 10:33:08  time: 0.3704  data_time: 0.0087  memory: 5994  loss: nan  decode.loss_ce: nan  decode.acc_seg: 95.1435
2025/03/09 08:48:56 - mmengine - INFO - Iter(train) [ 64250/160000]  lr: 0.0000e+00  eta: 10:32:46  time: 0.3710  data_time: 0.0092  memory: 5994  loss: nan  decode.loss_ce: nan  decode.acc_seg: 93.4949
2025/03/09 08:49:14 - mmengine - INFO - Iter(train) [ 64300/160000]  lr: 0.0000e+00  eta: 10:32:25  time: 0.3699  data_time: 0.0091  memory: 5994  loss: nan  decode.loss_ce: nan  decode.acc_seg: 100.0000
2025/03/09 08:49:33 - mmengine - INFO - Iter(train) [ 64350/160000]  lr: 0.0000e+00  eta: 10:32:03  time: 0.3690  data_time: 0.0092  memory: 5994  loss: nan  decode.loss_ce: nan  decode.acc_seg: 99.0418
2025/03/09 08:49:51 - mmengine - INFO - Iter(train) [ 64400/160000]  lr: 0.0000e+00  eta: 10:31:41  time: 0.3666  data_time: 0.0099  memory: 5994  loss: nan  decode.loss_ce: nan  decode.acc_seg: 99.9992
2025/03/09 08:50:10 - mmengine - INFO - Iter(train) [ 64450/160000]  lr: 0.0000e+00  eta: 10:31:19  time: 0.3660  data_time: 0.0090  memory: 5994  loss: nan  decode.loss_ce: nan  decode.acc_seg: 93.9391
2025/03/09 08:50:28 - mmengine - INFO - Iter(train) [ 64500/160000]  lr: 0.0000e+00  eta: 10:30:57  time: 0.3709  data_time: 0.0101  memory: 5994  loss: nan  decode.loss_ce: nan  decode.acc_seg: 99.7778
2025/03/09 08:50:46 - mmengine - INFO - Iter(train) [ 64550/160000]  lr: 0.0000e+00  eta: 10:30:35  time: 0.3743  data_time: 0.0098  memory: 5994  loss: nan  decode.loss_ce: nan  decode.acc_seg: 97.3660
2025/03/09 08:51:05 - mmengine - INFO - Iter(train) [ 64600/160000]  lr: 0.0000e+00  eta: 10:30:13  time: 0.3684  data_time: 0.0100  memory: 5994  loss: nan  decode.loss_ce: nan  decode.acc_seg: 99.7226
2025/03/09 08:51:05 - mmengine - INFO - Saving checkpoint at 64600 iterations
2025/03/09 08:51:29 - mmengine - INFO - Iter(train) [ 64650/160000]  lr: 0.0000e+00  eta: 10:29:59  time: 0.3676  data_time: 0.0090  memory: 5994  loss: nan  decode.loss_ce: nan  decode.acc_seg: 96.5266
2025/03/09 08:51:47 - mmengine - INFO - Iter(train) [ 64700/160000]  lr: 0.0000e+00  eta: 10:29:38  time: 0.3696  data_time: 0.0089  memory: 5994  loss: nan  decode.loss_ce: nan  decode.acc_seg: 99.8026
2025/03/09 08:52:06 - mmengine - INFO - Iter(train) [ 64750/160000]  lr: 0.0000e+00  eta: 10:29:16  time: 0.3698  data_time: 0.0094  memory: 5994  loss: nan  decode.loss_ce: nan  decode.acc_seg: 88.8133
2025/03/09 08:52:24 - mmengine - INFO - Iter(train) [ 64800/160000]  lr: 0.0000e+00  eta: 10:28:54  time: 0.3689  data_time: 0.0087  memory: 5994  loss: nan  decode.loss_ce: nan  decode.acc_seg: 88.4057
2025/03/09 08:52:43 - mmengine - INFO - Iter(train) [ 64850/160000]  lr: 0.0000e+00  eta: 10:28:32  time: 0.3701  data_time: 0.0096  memory: 5994  loss: nan  decode.loss_ce: nan  decode.acc_seg: 98.6354
2025/03/09 08:54:04 - mmengine - INFO - Iter(train) [ 64900/160000]  lr: 0.0000e+00  eta: 10:29:43  time: 6.7062  data_time: 0.0083  memory: 5994  loss: nan  decode.loss_ce: nan  decode.acc_seg: 91.2108
2025/03/09 08:54:37 - mmengine - INFO - Iter(train) [ 64950/160000]  lr: 0.0000e+00  eta: 10:29:42  time: 0.3474  data_time: 0.0073  memory: 5994  loss: nan  decode.loss_ce: nan  decode.acc_seg: 100.0000
2025/03/09 08:54:55 - mmengine - INFO - Exp name: fpn_poolformer_s36_8x4_512x512_40k_ade20k_20250309_005445
2025/03/09 08:54:55 - mmengine - INFO - Iter(train) [ 65000/160000]  lr: 0.0000e+00  eta: 10:29:19  time: 0.3503  data_time: 0.0076  memory: 5994  loss: nan  decode.loss_ce: nan  decode.acc_seg: 97.3901
2025/03/09 08:55:12 - mmengine - INFO - Iter(train) [ 65050/160000]  lr: 0.0000e+00  eta: 10:28:56  time: 0.3506  data_time: 0.0071  memory: 5994  loss: nan  decode.loss_ce: nan  decode.acc_seg: 95.7211
2025/03/09 08:55:30 - mmengine - INFO - Iter(train) [ 65100/160000]  lr: 0.0000e+00  eta: 10:28:33  time: 0.3520  data_time: 0.0073  memory: 5994  loss: nan  decode.loss_ce: nan  decode.acc_seg: 98.1533
2025/03/09 08:55:48 - mmengine - INFO - Iter(train) [ 65150/160000]  lr: 0.0000e+00  eta: 10:28:10  time: 0.3678  data_time: 0.0090  memory: 5994  loss: nan  decode.loss_ce: nan  decode.acc_seg: 98.2797
2025/03/09 08:56:07 - mmengine - INFO - Iter(train) [ 65200/160000]  lr: 0.0000e+00  eta: 10:27:48  time: 0.3723  data_time: 0.0089  memory: 5994  loss: nan  decode.loss_ce: nan  decode.acc_seg: 95.7706
2025/03/09 08:56:25 - mmengine - INFO - Iter(train) [ 65250/160000]  lr: 0.0000e+00  eta: 10:27:26  time: 0.3682  data_time: 0.0090  memory: 5994  loss: nan  decode.loss_ce: nan  decode.acc_seg: 92.2444
2025/03/09 08:56:43 - mmengine - INFO - Iter(train) [ 65300/160000]  lr: 0.0000e+00  eta: 10:27:04  time: 0.3690  data_time: 0.0085  memory: 5994  loss: nan  decode.loss_ce: nan  decode.acc_seg: 97.7560
2025/03/09 08:57:02 - mmengine - INFO - Iter(train) [ 65350/160000]  lr: 0.0000e+00  eta: 10:26:42  time: 0.3695  data_time: 0.0089  memory: 5994  loss: nan  decode.loss_ce: nan  decode.acc_seg: 99.9038
2025/03/09 08:57:20 - mmengine - INFO - Iter(train) [ 65400/160000]  lr: 0.0000e+00  eta: 10:26:21  time: 0.3687  data_time: 0.0094  memory: 5994  loss: nan  decode.loss_ce: nan  decode.acc_seg: 98.5538
2025/03/09 08:57:39 - mmengine - INFO - Iter(train) [ 65450/160000]  lr: 0.0000e+00  eta: 10:25:59  time: 0.3689  data_time: 0.0091  memory: 5994  loss: nan  decode.loss_ce: nan  decode.acc_seg: 99.4771
2025/03/09 08:57:57 - mmengine - INFO - Iter(train) [ 65500/160000]  lr: 0.0000e+00  eta: 10:25:37  time: 0.3690  data_time: 0.0090  memory: 5994  loss: nan  decode.loss_ce: nan  decode.acc_seg: 92.4051
2025/03/09 08:58:16 - mmengine - INFO - Iter(train) [ 65550/160000]  lr: 0.0000e+00  eta: 10:25:15  time: 0.3697  data_time: 0.0090  memory: 5994  loss: nan  decode.loss_ce: nan  decode.acc_seg: 80.8940
2025/03/09 08:58:34 - mmengine - INFO - Iter(train) [ 65600/160000]  lr: 0.0000e+00  eta: 10:24:53  time: 0.3677  data_time: 0.0092  memory: 5994  loss: nan  decode.loss_ce: nan  decode.acc_seg: 99.1011
2025/03/09 08:58:53 - mmengine - INFO - Iter(train) [ 65650/160000]  lr: 0.0000e+00  eta: 10:24:31  time: 0.3674  data_time: 0.0093  memory: 5994  loss: nan  decode.loss_ce: nan  decode.acc_seg: 91.1348
2025/03/09 08:59:11 - mmengine - INFO - Iter(train) [ 65700/160000]  lr: 0.0000e+00  eta: 10:24:09  time: 0.3704  data_time: 0.0087  memory: 5994  loss: nan  decode.loss_ce: nan  decode.acc_seg: 73.6484
2025/03/09 08:59:29 - mmengine - INFO - Iter(train) [ 65750/160000]  lr: 0.0000e+00  eta: 10:23:47  time: 0.3688  data_time: 0.0093  memory: 5994  loss: nan  decode.loss_ce: nan  decode.acc_seg: 100.0000
2025/03/09 08:59:48 - mmengine - INFO - Iter(train) [ 65800/160000]  lr: 0.0000e+00  eta: 10:23:25  time: 0.3691  data_time: 0.0085  memory: 5994  loss: nan  decode.loss_ce: nan  decode.acc_seg: 99.3982
2025/03/09 09:00:06 - mmengine - INFO - Iter(train) [ 65850/160000]  lr: 0.0000e+00  eta: 10:23:03  time: 0.3707  data_time: 0.0091  memory: 5994  loss: nan  decode.loss_ce: nan  decode.acc_seg: 98.7902
2025/03/09 09:00:25 - mmengine - INFO - Iter(train) [ 65900/160000]  lr: 0.0000e+00  eta: 10:22:41  time: 0.3661  data_time: 0.0087  memory: 5994  loss: nan  decode.loss_ce: nan  decode.acc_seg: 80.1181
2025/03/09 09:00:43 - mmengine - INFO - Iter(train) [ 65950/160000]  lr: 0.0000e+00  eta: 10:22:20  time: 0.3712  data_time: 0.0095  memory: 5994  loss: nan  decode.loss_ce: nan  decode.acc_seg: 99.9918
2025/03/09 09:01:02 - mmengine - INFO - Exp name: fpn_poolformer_s36_8x4_512x512_40k_ade20k_20250309_005445
2025/03/09 09:01:02 - mmengine - INFO - Iter(train) [ 66000/160000]  lr: 0.0000e+00  eta: 10:21:58  time: 0.3682  data_time: 0.0091  memory: 5994  loss: nan  decode.loss_ce: nan  decode.acc_seg: 99.6795
2025/03/09 09:01:20 - mmengine - INFO - Iter(train) [ 66050/160000]  lr: 0.0000e+00  eta: 10:21:36  time: 0.3685  data_time: 0.0091  memory: 5994  loss: nan  decode.loss_ce: nan  decode.acc_seg: 94.3590
2025/03/09 09:01:39 - mmengine - INFO - Iter(train) [ 66100/160000]  lr: 0.0000e+00  eta: 10:21:14  time: 0.3709  data_time: 0.0095  memory: 5994  loss: nan  decode.loss_ce: nan  decode.acc_seg: 98.4132
2025/03/09 09:01:57 - mmengine - INFO - Iter(train) [ 66150/160000]  lr: 0.0000e+00  eta: 10:20:52  time: 0.3700  data_time: 0.0092  memory: 5994  loss: nan  decode.loss_ce: nan  decode.acc_seg: 82.9417
2025/03/09 09:02:16 - mmengine - INFO - Iter(train) [ 66200/160000]  lr: 0.0000e+00  eta: 10:20:31  time: 0.3688  data_time: 0.0092  memory: 5994  loss: nan  decode.loss_ce: nan  decode.acc_seg: 100.0000
2025/03/09 09:02:34 - mmengine - INFO - Iter(train) [ 66250/160000]  lr: 0.0000e+00  eta: 10:20:09  time: 0.3711  data_time: 0.0087  memory: 5994  loss: nan  decode.loss_ce: nan  decode.acc_seg: 98.1868
2025/03/09 09:02:53 - mmengine - INFO - Iter(train) [ 66300/160000]  lr: 0.0000e+00  eta: 10:19:47  time: 0.3681  data_time: 0.0083  memory: 5994  loss: nan  decode.loss_ce: nan  decode.acc_seg: 99.2805
2025/03/09 09:03:11 - mmengine - INFO - Iter(train) [ 66350/160000]  lr: 0.0000e+00  eta: 10:19:25  time: 0.3679  data_time: 0.0087  memory: 5994  loss: nan  decode.loss_ce: nan  decode.acc_seg: 97.3240
2025/03/09 09:03:30 - mmengine - INFO - Iter(train) [ 66400/160000]  lr: 0.0000e+00  eta: 10:19:03  time: 0.3670  data_time: 0.0089  memory: 5994  loss: nan  decode.loss_ce: nan  decode.acc_seg: 98.3185
2025/03/09 09:03:48 - mmengine - INFO - Iter(train) [ 66450/160000]  lr: 0.0000e+00  eta: 10:18:42  time: 0.3705  data_time: 0.0101  memory: 5994  loss: nan  decode.loss_ce: nan  decode.acc_seg: 99.5389
2025/03/09 09:04:07 - mmengine - INFO - Iter(train) [ 66500/160000]  lr: 0.0000e+00  eta: 10:18:20  time: 0.3719  data_time: 0.0096  memory: 5994  loss: nan  decode.loss_ce: nan  decode.acc_seg: 89.8946
2025/03/09 09:04:16 - mmengine - INFO - Iter(val) [ 50/869]    eta: 0:02:28  time: 0.1792  data_time: 0.0023  memory: 810  
2025/03/09 09:04:25 - mmengine - INFO - Iter(val) [100/869]    eta: 0:02:19  time: 0.1797  data_time: 0.0023  memory: 810  
2025/03/09 09:04:34 - mmengine - INFO - Iter(val) [150/869]    eta: 0:02:09  time: 0.1794  data_time: 0.0023  memory: 810  
2025/03/09 09:04:43 - mmengine - INFO - Iter(val) [200/869]    eta: 0:02:00  time: 0.1793  data_time: 0.0026  memory: 810  
2025/03/09 09:04:52 - mmengine - INFO - Iter(val) [250/869]    eta: 0:01:51  time: 0.1792  data_time: 0.0025  memory: 810  
2025/03/09 09:05:01 - mmengine - INFO - Iter(val) [300/869]    eta: 0:01:42  time: 0.1791  data_time: 0.0023  memory: 810  
2025/03/09 09:05:10 - mmengine - INFO - Iter(val) [350/869]    eta: 0:01:33  time: 0.1784  data_time: 0.0023  memory: 810  
2025/03/09 09:05:19 - mmengine - INFO - Iter(val) [400/869]    eta: 0:01:24  time: 0.1790  data_time: 0.0022  memory: 810  
2025/03/09 09:05:28 - mmengine - INFO - Iter(val) [450/869]    eta: 0:01:15  time: 0.1795  data_time: 0.0022  memory: 810  
2025/03/09 09:05:37 - mmengine - INFO - Iter(val) [500/869]    eta: 0:01:06  time: 0.1785  data_time: 0.0024  memory: 810  
2025/03/09 09:05:46 - mmengine - INFO - Iter(val) [550/869]    eta: 0:00:57  time: 0.1788  data_time: 0.0023  memory: 810  
2025/03/09 09:05:55 - mmengine - INFO - Iter(val) [600/869]    eta: 0:00:48  time: 0.1790  data_time: 0.0022  memory: 810  
2025/03/09 09:06:03 - mmengine - INFO - Iter(val) [650/869]    eta: 0:00:39  time: 0.1788  data_time: 0.0023  memory: 810  
2025/03/09 09:06:12 - mmengine - INFO - Iter(val) [700/869]    eta: 0:00:30  time: 0.1786  data_time: 0.0023  memory: 810  
2025/03/09 09:06:21 - mmengine - INFO - Iter(val) [750/869]    eta: 0:00:21  time: 0.1797  data_time: 0.0027  memory: 810  
2025/03/09 09:06:30 - mmengine - INFO - Iter(val) [800/869]    eta: 0:00:12  time: 0.1789  data_time: 0.0024  memory: 810  
2025/03/09 09:06:39 - mmengine - INFO - Iter(val) [850/869]    eta: 0:00:03  time: 0.1791  data_time: 0.0025  memory: 810  
2025/03/09 09:06:43 - mmengine - INFO - per class results:
2025/03/09 09:06:43 - mmengine - INFO - 
+------------+-------+-------+--------+-----------+--------+
|   Class    |  IoU  |  Acc  | Fscore | Precision | Recall |
+------------+-------+-------+--------+-----------+--------+
| background | 95.91 | 100.0 | 97.91  |   95.91   | 100.0  |
|    ghaf    |  0.0  |  0.0  |  nan   |    nan    |  0.0   |
+------------+-------+-------+--------+-----------+--------+
2025/03/09 09:06:43 - mmengine - INFO - Iter(val) [869/869]    aAcc: 95.9100  mIoU: 47.9600  mAcc: 50.0000  mFscore: 97.9100  mPrecision: 95.9100  mRecall: 50.0000  data_time: 0.0026  time: 0.1793
2025/03/09 09:07:01 - mmengine - INFO - Iter(train) [ 66550/160000]  lr: 0.0000e+00  eta: 10:17:59  time: 0.3698  data_time: 0.0097  memory: 5994  loss: nan  decode.loss_ce: nan  decode.acc_seg: 98.2112
2025/03/09 09:07:20 - mmengine - INFO - Iter(train) [ 66600/160000]  lr: 0.0000e+00  eta: 10:17:37  time: 0.3714  data_time: 0.0101  memory: 5994  loss: nan  decode.loss_ce: nan  decode.acc_seg: 99.3521
2025/03/09 09:07:38 - mmengine - INFO - Iter(train) [ 66650/160000]  lr: 0.0000e+00  eta: 10:17:15  time: 0.3733  data_time: 0.0109  memory: 5994  loss: nan  decode.loss_ce: nan  decode.acc_seg: 94.4172
2025/03/09 09:07:57 - mmengine - INFO - Iter(train) [ 66700/160000]  lr: 0.0000e+00  eta: 10:16:54  time: 0.3730  data_time: 0.0103  memory: 5994  loss: nan  decode.loss_ce: nan  decode.acc_seg: 99.9903
2025/03/09 09:08:16 - mmengine - INFO - Iter(train) [ 66750/160000]  lr: 0.0000e+00  eta: 10:16:32  time: 0.3723  data_time: 0.0099  memory: 5994  loss: nan  decode.loss_ce: nan  decode.acc_seg: 97.2644
2025/03/09 09:08:34 - mmengine - INFO - Iter(train) [ 66800/160000]  lr: 0.0000e+00  eta: 10:16:10  time: 0.3670  data_time: 0.0091  memory: 5994  loss: nan  decode.loss_ce: nan  decode.acc_seg: 99.0106
2025/03/09 09:08:53 - mmengine - INFO - Iter(train) [ 66850/160000]  lr: 0.0000e+00  eta: 10:15:49  time: 0.3714  data_time: 0.0096  memory: 5994  loss: nan  decode.loss_ce: nan  decode.acc_seg: 98.6458
2025/03/09 09:09:11 - mmengine - INFO - Iter(train) [ 66900/160000]  lr: 0.0000e+00  eta: 10:15:28  time: 0.3746  data_time: 0.0104  memory: 5994  loss: nan  decode.loss_ce: nan  decode.acc_seg: 96.0826
2025/03/09 09:09:30 - mmengine - INFO - Iter(train) [ 66950/160000]  lr: 0.0000e+00  eta: 10:15:06  time: 0.3700  data_time: 0.0093  memory: 5994  loss: nan  decode.loss_ce: nan  decode.acc_seg: 96.2255
2025/03/09 09:09:49 - mmengine - INFO - Exp name: fpn_poolformer_s36_8x4_512x512_40k_ade20k_20250309_005445
2025/03/09 09:09:49 - mmengine - INFO - Iter(train) [ 67000/160000]  lr: 0.0000e+00  eta: 10:14:44  time: 0.3720  data_time: 0.0099  memory: 5994  loss: nan  decode.loss_ce: nan  decode.acc_seg: 97.8957
2025/03/09 09:10:07 - mmengine - INFO - Iter(train) [ 67050/160000]  lr: 0.0000e+00  eta: 10:14:23  time: 0.3736  data_time: 0.0110  memory: 5994  loss: nan  decode.loss_ce: nan  decode.acc_seg: 86.2505
2025/03/09 09:10:26 - mmengine - INFO - Iter(train) [ 67100/160000]  lr: 0.0000e+00  eta: 10:14:01  time: 0.3713  data_time: 0.0092  memory: 5994  loss: nan  decode.loss_ce: nan  decode.acc_seg: 88.1163
2025/03/09 09:10:44 - mmengine - INFO - Iter(train) [ 67150/160000]  lr: 0.0000e+00  eta: 10:13:39  time: 0.3695  data_time: 0.0100  memory: 5994  loss: nan  decode.loss_ce: nan  decode.acc_seg: 98.3814
2025/03/09 09:11:03 - mmengine - INFO - Iter(train) [ 67200/160000]  lr: 0.0000e+00  eta: 10:13:18  time: 0.3713  data_time: 0.0096  memory: 5994  loss: nan  decode.loss_ce: nan  decode.acc_seg: 93.3756
2025/03/09 09:11:22 - mmengine - INFO - Iter(train) [ 67250/160000]  lr: 0.0000e+00  eta: 10:12:56  time: 0.3751  data_time: 0.0098  memory: 5994  loss: nan  decode.loss_ce: nan  decode.acc_seg: 99.6530
2025/03/09 09:11:40 - mmengine - INFO - Iter(train) [ 67300/160000]  lr: 0.0000e+00  eta: 10:12:35  time: 0.3699  data_time: 0.0090  memory: 5994  loss: nan  decode.loss_ce: nan  decode.acc_seg: 89.2133
2025/03/09 09:11:59 - mmengine - INFO - Iter(train) [ 67350/160000]  lr: 0.0000e+00  eta: 10:12:13  time: 0.3746  data_time: 0.0109  memory: 5994  loss: nan  decode.loss_ce: nan  decode.acc_seg: 92.3767
2025/03/09 09:12:17 - mmengine - INFO - Iter(train) [ 67400/160000]  lr: 0.0000e+00  eta: 10:11:52  time: 0.3686  data_time: 0.0090  memory: 5994  loss: nan  decode.loss_ce: nan  decode.acc_seg: 96.9984
2025/03/09 09:12:36 - mmengine - INFO - Iter(train) [ 67450/160000]  lr: 0.0000e+00  eta: 10:11:30  time: 0.3706  data_time: 0.0092  memory: 5994  loss: nan  decode.loss_ce: nan  decode.acc_seg: 98.0166
2025/03/09 09:12:54 - mmengine - INFO - Iter(train) [ 67500/160000]  lr: 0.0000e+00  eta: 10:11:09  time: 0.3700  data_time: 0.0092  memory: 5994  loss: nan  decode.loss_ce: nan  decode.acc_seg: 98.5691
2025/03/09 09:13:13 - mmengine - INFO - Iter(train) [ 67550/160000]  lr: 0.0000e+00  eta: 10:10:47  time: 0.3703  data_time: 0.0088  memory: 5994  loss: nan  decode.loss_ce: nan  decode.acc_seg: 92.5310
2025/03/09 09:13:31 - mmengine - INFO - Iter(train) [ 67600/160000]  lr: 0.0000e+00  eta: 10:10:25  time: 0.3716  data_time: 0.0097  memory: 5994  loss: nan  decode.loss_ce: nan  decode.acc_seg: 100.0000
2025/03/09 09:13:50 - mmengine - INFO - Iter(train) [ 67650/160000]  lr: 0.0000e+00  eta: 10:10:04  time: 0.3718  data_time: 0.0095  memory: 5994  loss: nan  decode.loss_ce: nan  decode.acc_seg: 98.2748
2025/03/09 09:14:08 - mmengine - INFO - Iter(train) [ 67700/160000]  lr: 0.0000e+00  eta: 10:09:42  time: 0.3703  data_time: 0.0085  memory: 5994  loss: nan  decode.loss_ce: nan  decode.acc_seg: 98.7673
2025/03/09 09:14:27 - mmengine - INFO - Iter(train) [ 67750/160000]  lr: 0.0000e+00  eta: 10:09:21  time: 0.3699  data_time: 0.0089  memory: 5994  loss: nan  decode.loss_ce: nan  decode.acc_seg: 96.4905
2025/03/09 09:14:45 - mmengine - INFO - Iter(train) [ 67800/160000]  lr: 0.0000e+00  eta: 10:08:59  time: 0.3709  data_time: 0.0094  memory: 5994  loss: nan  decode.loss_ce: nan  decode.acc_seg: 95.6090
2025/03/09 09:15:04 - mmengine - INFO - Iter(train) [ 67850/160000]  lr: 0.0000e+00  eta: 10:08:37  time: 0.3719  data_time: 0.0093  memory: 5994  loss: nan  decode.loss_ce: nan  decode.acc_seg: 96.0270
2025/03/09 09:15:23 - mmengine - INFO - Iter(train) [ 67900/160000]  lr: 0.0000e+00  eta: 10:08:16  time: 0.3706  data_time: 0.0089  memory: 5994  loss: nan  decode.loss_ce: nan  decode.acc_seg: 97.2276
2025/03/09 09:15:41 - mmengine - INFO - Iter(train) [ 67950/160000]  lr: 0.0000e+00  eta: 10:07:54  time: 0.3735  data_time: 0.0088  memory: 5994  loss: nan  decode.loss_ce: nan  decode.acc_seg: 86.2236
2025/03/09 09:15:59 - mmengine - INFO - Exp name: fpn_poolformer_s36_8x4_512x512_40k_ade20k_20250309_005445
2025/03/09 09:15:59 - mmengine - INFO - Iter(train) [ 68000/160000]  lr: 0.0000e+00  eta: 10:07:32  time: 0.3681  data_time: 0.0091  memory: 5994  loss: nan  decode.loss_ce: nan  decode.acc_seg: 97.6076
2025/03/09 09:15:59 - mmengine - INFO - Saving checkpoint at 68000 iterations
2025/03/09 09:16:25 - mmengine - INFO - Iter(train) [ 68050/160000]  lr: 0.0000e+00  eta: 10:07:20  time: 0.3674  data_time: 0.0087  memory: 5994  loss: nan  decode.loss_ce: nan  decode.acc_seg: 91.4695
2025/03/09 09:16:43 - mmengine - INFO - Iter(train) [ 68100/160000]  lr: 0.0000e+00  eta: 10:06:58  time: 0.3692  data_time: 0.0089  memory: 5994  loss: nan  decode.loss_ce: nan  decode.acc_seg: 96.8290
2025/03/09 09:17:01 - mmengine - INFO - Iter(train) [ 68150/160000]  lr: 0.0000e+00  eta: 10:06:37  time: 0.3695  data_time: 0.0091  memory: 5994  loss: nan  decode.loss_ce: nan  decode.acc_seg: 99.8119
2025/03/09 09:17:20 - mmengine - INFO - Iter(train) [ 68200/160000]  lr: 0.0000e+00  eta: 10:06:15  time: 0.3699  data_time: 0.0085  memory: 5994  loss: nan  decode.loss_ce: nan  decode.acc_seg: 94.6209
2025/03/09 09:17:38 - mmengine - INFO - Iter(train) [ 68250/160000]  lr: 0.0000e+00  eta: 10:05:53  time: 0.3703  data_time: 0.0094  memory: 5994  loss: nan  decode.loss_ce: nan  decode.acc_seg: 98.6262
2025/03/09 09:17:57 - mmengine - INFO - Iter(train) [ 68300/160000]  lr: 0.0000e+00  eta: 10:05:32  time: 0.3732  data_time: 0.0097  memory: 5994  loss: nan  decode.loss_ce: nan  decode.acc_seg: 98.7052
2025/03/09 09:18:15 - mmengine - INFO - Iter(train) [ 68350/160000]  lr: 0.0000e+00  eta: 10:05:10  time: 0.3688  data_time: 0.0088  memory: 5994  loss: nan  decode.loss_ce: nan  decode.acc_seg: 96.9830
2025/03/09 09:18:34 - mmengine - INFO - Iter(train) [ 68400/160000]  lr: 0.0000e+00  eta: 10:04:49  time: 0.3676  data_time: 0.0083  memory: 5994  loss: nan  decode.loss_ce: nan  decode.acc_seg: 94.0133
2025/03/09 09:18:52 - mmengine - INFO - Iter(train) [ 68450/160000]  lr: 0.0000e+00  eta: 10:04:27  time: 0.3699  data_time: 0.0089  memory: 5994  loss: nan  decode.loss_ce: nan  decode.acc_seg: 91.3666
2025/03/09 09:19:11 - mmengine - INFO - Iter(train) [ 68500/160000]  lr: 0.0000e+00  eta: 10:04:05  time: 0.3695  data_time: 0.0087  memory: 5994  loss: nan  decode.loss_ce: nan  decode.acc_seg: 96.5260
2025/03/09 09:19:29 - mmengine - INFO - Iter(train) [ 68550/160000]  lr: 0.0000e+00  eta: 10:03:44  time: 0.3691  data_time: 0.0091  memory: 5994  loss: nan  decode.loss_ce: nan  decode.acc_seg: 99.6836
2025/03/09 09:19:48 - mmengine - INFO - Iter(train) [ 68600/160000]  lr: 0.0000e+00  eta: 10:03:22  time: 0.3688  data_time: 0.0091  memory: 5994  loss: nan  decode.loss_ce: nan  decode.acc_seg: 92.6848
2025/03/09 09:20:06 - mmengine - INFO - Iter(train) [ 68650/160000]  lr: 0.0000e+00  eta: 10:03:00  time: 0.3710  data_time: 0.0091  memory: 5994  loss: nan  decode.loss_ce: nan  decode.acc_seg: 92.4034
2025/03/09 09:20:25 - mmengine - INFO - Iter(train) [ 68700/160000]  lr: 0.0000e+00  eta: 10:02:39  time: 0.3704  data_time: 0.0093  memory: 5994  loss: nan  decode.loss_ce: nan  decode.acc_seg: 97.7281
2025/03/09 09:20:43 - mmengine - INFO - Iter(train) [ 68750/160000]  lr: 0.0000e+00  eta: 10:02:17  time: 0.3708  data_time: 0.0089  memory: 5994  loss: nan  decode.loss_ce: nan  decode.acc_seg: 98.7657
2025/03/09 09:21:02 - mmengine - INFO - Iter(train) [ 68800/160000]  lr: 0.0000e+00  eta: 10:01:56  time: 0.3670  data_time: 0.0087  memory: 5994  loss: nan  decode.loss_ce: nan  decode.acc_seg: 98.2655
2025/03/09 09:21:20 - mmengine - INFO - Iter(train) [ 68850/160000]  lr: 0.0000e+00  eta: 10:01:34  time: 0.3690  data_time: 0.0090  memory: 5994  loss: nan  decode.loss_ce: nan  decode.acc_seg: 96.9638
2025/03/09 09:21:39 - mmengine - INFO - Iter(train) [ 68900/160000]  lr: 0.0000e+00  eta: 10:01:13  time: 0.3695  data_time: 0.0088  memory: 5994  loss: nan  decode.loss_ce: nan  decode.acc_seg: 96.1264
2025/03/09 09:21:57 - mmengine - INFO - Iter(train) [ 68950/160000]  lr: 0.0000e+00  eta: 10:00:51  time: 0.3707  data_time: 0.0089  memory: 5994  loss: nan  decode.loss_ce: nan  decode.acc_seg: 90.3971
2025/03/09 09:22:16 - mmengine - INFO - Exp name: fpn_poolformer_s36_8x4_512x512_40k_ade20k_20250309_005445
2025/03/09 09:22:16 - mmengine - INFO - Iter(train) [ 69000/160000]  lr: 0.0000e+00  eta: 10:00:30  time: 0.3714  data_time: 0.0093  memory: 5994  loss: nan  decode.loss_ce: nan  decode.acc_seg: 99.3007
2025/03/09 09:22:34 - mmengine - INFO - Iter(train) [ 69050/160000]  lr: 0.0000e+00  eta: 10:00:08  time: 0.3721  data_time: 0.0090  memory: 5994  loss: nan  decode.loss_ce: nan  decode.acc_seg: 96.1177
2025/03/09 09:22:53 - mmengine - INFO - Iter(train) [ 69100/160000]  lr: 0.0000e+00  eta: 9:59:47  time: 0.3718  data_time: 0.0092  memory: 5994  loss: nan  decode.loss_ce: nan  decode.acc_seg: 85.3733
2025/03/09 09:23:11 - mmengine - INFO - Iter(train) [ 69150/160000]  lr: 0.0000e+00  eta: 9:59:25  time: 0.3716  data_time: 0.0088  memory: 5994  loss: nan  decode.loss_ce: nan  decode.acc_seg: 89.5059
2025/03/09 09:23:30 - mmengine - INFO - Iter(train) [ 69200/160000]  lr: 0.0000e+00  eta: 9:59:04  time: 0.3703  data_time: 0.0089  memory: 5994  loss: nan  decode.loss_ce: nan  decode.acc_seg: 95.0639
2025/03/09 09:23:49 - mmengine - INFO - Iter(train) [ 69250/160000]  lr: 0.0000e+00  eta: 9:58:43  time: 0.3707  data_time: 0.0091  memory: 5994  loss: nan  decode.loss_ce: nan  decode.acc_seg: 93.7285
2025/03/09 09:25:52 - mmengine - INFO - Iter(train) [ 69300/160000]  lr: 0.0000e+00  eta: 10:00:39  time: 0.3498  data_time: 0.0077  memory: 5994  loss: nan  decode.loss_ce: nan  decode.acc_seg: 88.6071
2025/03/09 09:26:10 - mmengine - INFO - Iter(train) [ 69350/160000]  lr: 0.0000e+00  eta: 10:00:16  time: 0.3488  data_time: 0.0074  memory: 5994  loss: nan  decode.loss_ce: nan  decode.acc_seg: 97.3949
2025/03/09 09:26:28 - mmengine - INFO - Iter(train) [ 69400/160000]  lr: 0.0000e+00  eta: 9:59:53  time: 0.3511  data_time: 0.0073  memory: 5994  loss: nan  decode.loss_ce: nan  decode.acc_seg: 70.8620
2025/03/09 09:26:45 - mmengine - INFO - Iter(train) [ 69450/160000]  lr: 0.0000e+00  eta: 9:59:30  time: 0.3510  data_time: 0.0074  memory: 5994  loss: nan  decode.loss_ce: nan  decode.acc_seg: 98.2061
2025/03/09 09:27:03 - mmengine - INFO - Iter(train) [ 69500/160000]  lr: 0.0000e+00  eta: 9:59:08  time: 0.3649  data_time: 0.0081  memory: 5994  loss: nan  decode.loss_ce: nan  decode.acc_seg: 94.5561
2025/03/09 09:27:21 - mmengine - INFO - Iter(train) [ 69550/160000]  lr: 0.0000e+00  eta: 9:58:46  time: 0.3737  data_time: 0.0094  memory: 5994  loss: nan  decode.loss_ce: nan  decode.acc_seg: 97.9042
2025/03/09 09:27:40 - mmengine - INFO - Iter(train) [ 69600/160000]  lr: 0.0000e+00  eta: 9:58:24  time: 0.3657  data_time: 0.0080  memory: 5994  loss: nan  decode.loss_ce: nan  decode.acc_seg: 96.5531
2025/03/09 09:27:58 - mmengine - INFO - Iter(train) [ 69650/160000]  lr: 0.0000e+00  eta: 9:58:03  time: 0.3679  data_time: 0.0090  memory: 5994  loss: nan  decode.loss_ce: nan  decode.acc_seg: 99.4994
2025/03/09 09:28:17 - mmengine - INFO - Iter(train) [ 69700/160000]  lr: 0.0000e+00  eta: 9:57:41  time: 0.3675  data_time: 0.0085  memory: 5994  loss: nan  decode.loss_ce: nan  decode.acc_seg: 98.4150
2025/03/09 09:28:35 - mmengine - INFO - Iter(train) [ 69750/160000]  lr: 0.0000e+00  eta: 9:57:19  time: 0.3694  data_time: 0.0096  memory: 5994  loss: nan  decode.loss_ce: nan  decode.acc_seg: 96.1175
2025/03/09 09:28:53 - mmengine - INFO - Iter(train) [ 69800/160000]  lr: 0.0000e+00  eta: 9:56:57  time: 0.3667  data_time: 0.0085  memory: 5994  loss: nan  decode.loss_ce: nan  decode.acc_seg: 98.0697
2025/03/09 09:29:12 - mmengine - INFO - Iter(train) [ 69850/160000]  lr: 0.0000e+00  eta: 9:56:35  time: 0.3665  data_time: 0.0085  memory: 5994  loss: nan  decode.loss_ce: nan  decode.acc_seg: 92.9742
2025/03/09 09:29:30 - mmengine - INFO - Iter(train) [ 69900/160000]  lr: 0.0000e+00  eta: 9:56:14  time: 0.3668  data_time: 0.0087  memory: 5994  loss: nan  decode.loss_ce: nan  decode.acc_seg: 95.4734
2025/03/09 09:29:48 - mmengine - INFO - Iter(train) [ 69950/160000]  lr: 0.0000e+00  eta: 9:55:52  time: 0.3664  data_time: 0.0086  memory: 5994  loss: nan  decode.loss_ce: nan  decode.acc_seg: 87.7031
2025/03/09 09:30:07 - mmengine - INFO - Exp name: fpn_poolformer_s36_8x4_512x512_40k_ade20k_20250309_005445
2025/03/09 09:30:07 - mmengine - INFO - Iter(train) [ 70000/160000]  lr: 0.0000e+00  eta: 9:55:30  time: 0.3659  data_time: 0.0084  memory: 5994  loss: nan  decode.loss_ce: nan  decode.acc_seg: 96.5216
2025/03/09 09:30:16 - mmengine - INFO - Iter(val) [ 50/869]    eta: 0:02:31  time: 0.1798  data_time: 0.0023  memory: 810  
2025/03/09 09:30:25 - mmengine - INFO - Iter(val) [100/869]    eta: 0:02:20  time: 0.1800  data_time: 0.0026  memory: 810  
2025/03/09 09:30:34 - mmengine - INFO - Iter(val) [150/869]    eta: 0:02:10  time: 0.1796  data_time: 0.0023  memory: 810  
2025/03/09 09:30:43 - mmengine - INFO - Iter(val) [200/869]    eta: 0:02:01  time: 0.1801  data_time: 0.0025  memory: 810  
2025/03/09 09:30:52 - mmengine - INFO - Iter(val) [250/869]    eta: 0:01:51  time: 0.1792  data_time: 0.0026  memory: 810  
2025/03/09 09:31:01 - mmengine - INFO - Iter(val) [300/869]    eta: 0:01:42  time: 0.1798  data_time: 0.0026  memory: 810  
2025/03/09 09:31:10 - mmengine - INFO - Iter(val) [350/869]    eta: 0:01:33  time: 0.1796  data_time: 0.0024  memory: 810  
2025/03/09 09:31:19 - mmengine - INFO - Iter(val) [400/869]    eta: 0:01:24  time: 0.1796  data_time: 0.0024  memory: 810  
2025/03/09 09:31:28 - mmengine - INFO - Iter(val) [450/869]    eta: 0:01:15  time: 0.1801  data_time: 0.0031  memory: 810  
2025/03/09 09:31:37 - mmengine - INFO - Iter(val) [500/869]    eta: 0:01:06  time: 0.1796  data_time: 0.0027  memory: 810  
2025/03/09 09:31:46 - mmengine - INFO - Iter(val) [550/869]    eta: 0:00:57  time: 0.1796  data_time: 0.0025  memory: 810  
2025/03/09 09:31:55 - mmengine - INFO - Iter(val) [600/869]    eta: 0:00:48  time: 0.1796  data_time: 0.0025  memory: 810  
2025/03/09 09:32:04 - mmengine - INFO - Iter(val) [650/869]    eta: 0:00:39  time: 0.1793  data_time: 0.0023  memory: 810  
2025/03/09 09:32:13 - mmengine - INFO - Iter(val) [700/869]    eta: 0:00:30  time: 0.1796  data_time: 0.0028  memory: 810  
2025/03/09 09:32:22 - mmengine - INFO - Iter(val) [750/869]    eta: 0:00:21  time: 0.1792  data_time: 0.0024  memory: 810  
2025/03/09 09:32:31 - mmengine - INFO - Iter(val) [800/869]    eta: 0:00:12  time: 0.1801  data_time: 0.0027  memory: 810  
2025/03/09 09:32:40 - mmengine - INFO - Iter(val) [850/869]    eta: 0:00:03  time: 0.1791  data_time: 0.0024  memory: 810  
2025/03/09 09:32:43 - mmengine - INFO - per class results:
2025/03/09 09:32:43 - mmengine - INFO - 
+------------+-------+-------+--------+-----------+--------+
|   Class    |  IoU  |  Acc  | Fscore | Precision | Recall |
+------------+-------+-------+--------+-----------+--------+
| background | 95.91 | 100.0 | 97.91  |   95.91   | 100.0  |
|    ghaf    |  0.0  |  0.0  |  nan   |    nan    |  0.0   |
+------------+-------+-------+--------+-----------+--------+
2025/03/09 09:32:43 - mmengine - INFO - Iter(val) [869/869]    aAcc: 95.9100  mIoU: 47.9600  mAcc: 50.0000  mFscore: 97.9100  mPrecision: 95.9100  mRecall: 50.0000  data_time: 0.0028  time: 0.1800
2025/03/09 09:33:02 - mmengine - INFO - Iter(train) [ 70050/160000]  lr: 0.0000e+00  eta: 9:55:09  time: 0.3697  data_time: 0.0092  memory: 5994  loss: nan  decode.loss_ce: nan  decode.acc_seg: 91.5895
2025/03/09 09:33:20 - mmengine - INFO - Iter(train) [ 70100/160000]  lr: 0.0000e+00  eta: 9:54:47  time: 0.3694  data_time: 0.0092  memory: 5994  loss: nan  decode.loss_ce: nan  decode.acc_seg: 87.9149
2025/03/09 09:33:39 - mmengine - INFO - Iter(train) [ 70150/160000]  lr: 0.0000e+00  eta: 9:54:25  time: 0.3677  data_time: 0.0088  memory: 5994  loss: nan  decode.loss_ce: nan  decode.acc_seg: 99.0086
2025/03/09 09:33:57 - mmengine - INFO - Iter(train) [ 70200/160000]  lr: 0.0000e+00  eta: 9:54:04  time: 0.3687  data_time: 0.0089  memory: 5994  loss: nan  decode.loss_ce: nan  decode.acc_seg: 92.8983
2025/03/09 09:34:16 - mmengine - INFO - Iter(train) [ 70250/160000]  lr: 0.0000e+00  eta: 9:53:42  time: 0.3693  data_time: 0.0087  memory: 5994  loss: nan  decode.loss_ce: nan  decode.acc_seg: 99.8281
2025/03/09 09:34:34 - mmengine - INFO - Iter(train) [ 70300/160000]  lr: 0.0000e+00  eta: 9:53:21  time: 0.3689  data_time: 0.0084  memory: 5994  loss: nan  decode.loss_ce: nan  decode.acc_seg: 97.2673
2025/03/09 09:34:53 - mmengine - INFO - Iter(train) [ 70350/160000]  lr: 0.0000e+00  eta: 9:52:59  time: 0.3693  data_time: 0.0097  memory: 5994  loss: nan  decode.loss_ce: nan  decode.acc_seg: 87.6236
2025/03/09 09:35:12 - mmengine - INFO - Iter(train) [ 70400/160000]  lr: 0.0000e+00  eta: 9:52:38  time: 0.3718  data_time: 0.0095  memory: 5994  loss: nan  decode.loss_ce: nan  decode.acc_seg: 97.7561
2025/03/09 09:35:30 - mmengine - INFO - Iter(train) [ 70450/160000]  lr: 0.0000e+00  eta: 9:52:16  time: 0.3696  data_time: 0.0098  memory: 5994  loss: nan  decode.loss_ce: nan  decode.acc_seg: 97.4389
2025/03/09 09:35:49 - mmengine - INFO - Iter(train) [ 70500/160000]  lr: 0.0000e+00  eta: 9:51:55  time: 0.3718  data_time: 0.0091  memory: 5994  loss: nan  decode.loss_ce: nan  decode.acc_seg: 99.3665
2025/03/09 09:36:07 - mmengine - INFO - Iter(train) [ 70550/160000]  lr: 0.0000e+00  eta: 9:51:33  time: 0.3696  data_time: 0.0089  memory: 5994  loss: nan  decode.loss_ce: nan  decode.acc_seg: 90.8754
2025/03/09 09:36:26 - mmengine - INFO - Iter(train) [ 70600/160000]  lr: 0.0000e+00  eta: 9:51:12  time: 0.3673  data_time: 0.0084  memory: 5994  loss: nan  decode.loss_ce: nan  decode.acc_seg: 94.8669
2025/03/09 09:36:44 - mmengine - INFO - Iter(train) [ 70650/160000]  lr: 0.0000e+00  eta: 9:50:50  time: 0.3719  data_time: 0.0093  memory: 5994  loss: nan  decode.loss_ce: nan  decode.acc_seg: 95.8457
2025/03/09 09:37:03 - mmengine - INFO - Iter(train) [ 70700/160000]  lr: 0.0000e+00  eta: 9:50:28  time: 0.3714  data_time: 0.0092  memory: 5994  loss: nan  decode.loss_ce: nan  decode.acc_seg: 88.0578
2025/03/09 09:37:21 - mmengine - INFO - Iter(train) [ 70750/160000]  lr: 0.0000e+00  eta: 9:50:07  time: 0.3697  data_time: 0.0087  memory: 5994  loss: nan  decode.loss_ce: nan  decode.acc_seg: 92.5504
2025/03/09 09:37:40 - mmengine - INFO - Iter(train) [ 70800/160000]  lr: 0.0000e+00  eta: 9:49:45  time: 0.3684  data_time: 0.0090  memory: 5994  loss: nan  decode.loss_ce: nan  decode.acc_seg: 99.7595
2025/03/09 09:37:58 - mmengine - INFO - Iter(train) [ 70850/160000]  lr: 0.0000e+00  eta: 9:49:24  time: 0.3664  data_time: 0.0088  memory: 5994  loss: nan  decode.loss_ce: nan  decode.acc_seg: 82.9308
2025/03/09 09:38:17 - mmengine - INFO - Iter(train) [ 70900/160000]  lr: 0.0000e+00  eta: 9:49:02  time: 0.3704  data_time: 0.0086  memory: 5994  loss: nan  decode.loss_ce: nan  decode.acc_seg: 97.9131
2025/03/09 09:38:35 - mmengine - INFO - Iter(train) [ 70950/160000]  lr: 0.0000e+00  eta: 9:48:41  time: 0.3714  data_time: 0.0092  memory: 5994  loss: nan  decode.loss_ce: nan  decode.acc_seg: 96.8635
2025/03/09 09:38:54 - mmengine - INFO - Exp name: fpn_poolformer_s36_8x4_512x512_40k_ade20k_20250309_005445
2025/03/09 09:38:54 - mmengine - INFO - Iter(train) [ 71000/160000]  lr: 0.0000e+00  eta: 9:48:19  time: 0.3704  data_time: 0.0090  memory: 5994  loss: nan  decode.loss_ce: nan  decode.acc_seg: 89.8534
2025/03/09 09:39:12 - mmengine - INFO - Iter(train) [ 71050/160000]  lr: 0.0000e+00  eta: 9:47:58  time: 0.3681  data_time: 0.0090  memory: 5994  loss: nan  decode.loss_ce: nan  decode.acc_seg: 96.8966
2025/03/09 09:39:31 - mmengine - INFO - Iter(train) [ 71100/160000]  lr: 0.0000e+00  eta: 9:47:36  time: 0.3707  data_time: 0.0082  memory: 5994  loss: nan  decode.loss_ce: nan  decode.acc_seg: 99.7774
2025/03/09 09:39:49 - mmengine - INFO - Iter(train) [ 71150/160000]  lr: 0.0000e+00  eta: 9:47:15  time: 0.3703  data_time: 0.0092  memory: 5994  loss: nan  decode.loss_ce: nan  decode.acc_seg: 98.2852
2025/03/09 09:40:08 - mmengine - INFO - Iter(train) [ 71200/160000]  lr: 0.0000e+00  eta: 9:46:53  time: 0.3701  data_time: 0.0090  memory: 5994  loss: nan  decode.loss_ce: nan  decode.acc_seg: 98.8409
2025/03/09 09:40:26 - mmengine - INFO - Iter(train) [ 71250/160000]  lr: 0.0000e+00  eta: 9:46:32  time: 0.3701  data_time: 0.0090  memory: 5994  loss: nan  decode.loss_ce: nan  decode.acc_seg: 90.8369
2025/03/09 09:40:45 - mmengine - INFO - Iter(train) [ 71300/160000]  lr: 0.0000e+00  eta: 9:46:10  time: 0.3697  data_time: 0.0092  memory: 5994  loss: nan  decode.loss_ce: nan  decode.acc_seg: 98.0493
2025/03/09 09:41:03 - mmengine - INFO - Iter(train) [ 71350/160000]  lr: 0.0000e+00  eta: 9:45:49  time: 0.3690  data_time: 0.0084  memory: 5994  loss: nan  decode.loss_ce: nan  decode.acc_seg: 94.4814
2025/03/09 09:41:22 - mmengine - INFO - Iter(train) [ 71400/160000]  lr: 0.0000e+00  eta: 9:45:28  time: 0.3703  data_time: 0.0092  memory: 5994  loss: nan  decode.loss_ce: nan  decode.acc_seg: 98.5553
2025/03/09 09:41:22 - mmengine - INFO - Saving checkpoint at 71400 iterations
2025/03/09 09:41:47 - mmengine - INFO - Iter(train) [ 71450/160000]  lr: 0.0000e+00  eta: 9:45:15  time: 0.3689  data_time: 0.0087  memory: 5994  loss: nan  decode.loss_ce: nan  decode.acc_seg: 93.3618
2025/03/09 09:42:06 - mmengine - INFO - Iter(train) [ 71500/160000]  lr: 0.0000e+00  eta: 9:44:53  time: 0.3692  data_time: 0.0091  memory: 5994  loss: nan  decode.loss_ce: nan  decode.acc_seg: 95.1961
2025/03/09 09:42:24 - mmengine - INFO - Iter(train) [ 71550/160000]  lr: 0.0000e+00  eta: 9:44:31  time: 0.3678  data_time: 0.0091  memory: 5994  loss: nan  decode.loss_ce: nan  decode.acc_seg: 100.0000
2025/03/09 09:42:42 - mmengine - INFO - Iter(train) [ 71600/160000]  lr: 0.0000e+00  eta: 9:44:10  time: 0.3705  data_time: 0.0089  memory: 5994  loss: nan  decode.loss_ce: nan  decode.acc_seg: 98.1550
2025/03/09 09:43:01 - mmengine - INFO - Iter(train) [ 71650/160000]  lr: 0.0000e+00  eta: 9:43:48  time: 0.3689  data_time: 0.0086  memory: 5994  loss: nan  decode.loss_ce: nan  decode.acc_seg: 97.3238
2025/03/09 09:43:19 - mmengine - INFO - Iter(train) [ 71700/160000]  lr: 0.0000e+00  eta: 9:43:27  time: 0.3703  data_time: 0.0087  memory: 5994  loss: nan  decode.loss_ce: nan  decode.acc_seg: 95.5222
2025/03/09 09:43:38 - mmengine - INFO - Iter(train) [ 71750/160000]  lr: 0.0000e+00  eta: 9:43:05  time: 0.3688  data_time: 0.0092  memory: 5994  loss: nan  decode.loss_ce: nan  decode.acc_seg: 98.3464
2025/03/09 09:43:56 - mmengine - INFO - Iter(train) [ 71800/160000]  lr: 0.0000e+00  eta: 9:42:44  time: 0.3695  data_time: 0.0092  memory: 5994  loss: nan  decode.loss_ce: nan  decode.acc_seg: 94.2753
2025/03/09 09:44:15 - mmengine - INFO - Iter(train) [ 71850/160000]  lr: 0.0000e+00  eta: 9:42:23  time: 0.3710  data_time: 0.0092  memory: 5994  loss: nan  decode.loss_ce: nan  decode.acc_seg: 96.9684
2025/03/09 09:44:33 - mmengine - INFO - Iter(train) [ 71900/160000]  lr: 0.0000e+00  eta: 9:42:01  time: 0.3685  data_time: 0.0088  memory: 5994  loss: nan  decode.loss_ce: nan  decode.acc_seg: 98.4610
2025/03/09 09:44:52 - mmengine - INFO - Iter(train) [ 71950/160000]  lr: 0.0000e+00  eta: 9:41:40  time: 0.3708  data_time: 0.0099  memory: 5994  loss: nan  decode.loss_ce: nan  decode.acc_seg: 93.4345
2025/03/09 09:45:10 - mmengine - INFO - Exp name: fpn_poolformer_s36_8x4_512x512_40k_ade20k_20250309_005445
2025/03/09 09:45:10 - mmengine - INFO - Iter(train) [ 72000/160000]  lr: 0.0000e+00  eta: 9:41:18  time: 0.3722  data_time: 0.0093  memory: 5994  loss: nan  decode.loss_ce: nan  decode.acc_seg: 95.0034
2025/03/09 09:45:29 - mmengine - INFO - Iter(train) [ 72050/160000]  lr: 0.0000e+00  eta: 9:40:57  time: 0.3688  data_time: 0.0090  memory: 5994  loss: nan  decode.loss_ce: nan  decode.acc_seg: 87.5094
2025/03/09 09:45:47 - mmengine - INFO - Iter(train) [ 72100/160000]  lr: 0.0000e+00  eta: 9:40:35  time: 0.3704  data_time: 0.0090  memory: 5994  loss: nan  decode.loss_ce: nan  decode.acc_seg: 99.7999
2025/03/09 09:46:06 - mmengine - INFO - Iter(train) [ 72150/160000]  lr: 0.0000e+00  eta: 9:40:14  time: 0.3715  data_time: 0.0091  memory: 5994  loss: nan  decode.loss_ce: nan  decode.acc_seg: 96.1898
2025/03/09 09:46:24 - mmengine - INFO - Iter(train) [ 72200/160000]  lr: 0.0000e+00  eta: 9:39:52  time: 0.3679  data_time: 0.0090  memory: 5994  loss: nan  decode.loss_ce: nan  decode.acc_seg: 96.5281
2025/03/09 09:46:43 - mmengine - INFO - Iter(train) [ 72250/160000]  lr: 0.0000e+00  eta: 9:39:31  time: 0.3713  data_time: 0.0086  memory: 5994  loss: nan  decode.loss_ce: nan  decode.acc_seg: 99.7873
2025/03/09 09:47:01 - mmengine - INFO - Iter(train) [ 72300/160000]  lr: 0.0000e+00  eta: 9:39:09  time: 0.3666  data_time: 0.0083  memory: 5994  loss: nan  decode.loss_ce: nan  decode.acc_seg: 98.2914
2025/03/09 09:47:20 - mmengine - INFO - Iter(train) [ 72350/160000]  lr: 0.0000e+00  eta: 9:38:48  time: 0.3688  data_time: 0.0092  memory: 5994  loss: nan  decode.loss_ce: nan  decode.acc_seg: 97.8206
2025/03/09 09:47:38 - mmengine - INFO - Iter(train) [ 72400/160000]  lr: 0.0000e+00  eta: 9:38:27  time: 0.3691  data_time: 0.0087  memory: 5994  loss: nan  decode.loss_ce: nan  decode.acc_seg: 99.0396
2025/03/09 09:47:57 - mmengine - INFO - Iter(train) [ 72450/160000]  lr: 0.0000e+00  eta: 9:38:05  time: 0.3698  data_time: 0.0087  memory: 5994  loss: nan  decode.loss_ce: nan  decode.acc_seg: 96.9772
2025/03/09 09:48:15 - mmengine - INFO - Iter(train) [ 72500/160000]  lr: 0.0000e+00  eta: 9:37:44  time: 0.3706  data_time: 0.0090  memory: 5994  loss: nan  decode.loss_ce: nan  decode.acc_seg: 99.2443
2025/03/09 09:48:34 - mmengine - INFO - Iter(train) [ 72550/160000]  lr: 0.0000e+00  eta: 9:37:23  time: 0.3717  data_time: 0.0092  memory: 5994  loss: nan  decode.loss_ce: nan  decode.acc_seg: 87.2042
2025/03/09 09:48:52 - mmengine - INFO - Iter(train) [ 72600/160000]  lr: 0.0000e+00  eta: 9:37:01  time: 0.3706  data_time: 0.0085  memory: 5994  loss: nan  decode.loss_ce: nan  decode.acc_seg: 93.0213
2025/03/09 09:49:11 - mmengine - INFO - Iter(train) [ 72650/160000]  lr: 0.0000e+00  eta: 9:36:40  time: 0.3699  data_time: 0.0091  memory: 5994  loss: nan  decode.loss_ce: nan  decode.acc_seg: 99.5389
2025/03/09 09:49:29 - mmengine - INFO - Iter(train) [ 72700/160000]  lr: 0.0000e+00  eta: 9:36:18  time: 0.3706  data_time: 0.0094  memory: 5994  loss: nan  decode.loss_ce: nan  decode.acc_seg: 93.6280
2025/03/09 09:49:48 - mmengine - INFO - Iter(train) [ 72750/160000]  lr: 0.0000e+00  eta: 9:35:57  time: 0.3685  data_time: 0.0092  memory: 5994  loss: nan  decode.loss_ce: nan  decode.acc_seg: 96.9377
2025/03/09 09:50:06 - mmengine - INFO - Iter(train) [ 72800/160000]  lr: 0.0000e+00  eta: 9:35:36  time: 0.3711  data_time: 0.0090  memory: 5994  loss: nan  decode.loss_ce: nan  decode.acc_seg: 93.2362
2025/03/09 09:50:25 - mmengine - INFO - Iter(train) [ 72850/160000]  lr: 0.0000e+00  eta: 9:35:14  time: 0.3713  data_time: 0.0091  memory: 5994  loss: nan  decode.loss_ce: nan  decode.acc_seg: 93.7492
2025/03/09 09:50:43 - mmengine - INFO - Iter(train) [ 72900/160000]  lr: 0.0000e+00  eta: 9:34:53  time: 0.3695  data_time: 0.0090  memory: 5994  loss: nan  decode.loss_ce: nan  decode.acc_seg: 96.6734
2025/03/09 09:51:02 - mmengine - INFO - Iter(train) [ 72950/160000]  lr: 0.0000e+00  eta: 9:34:32  time: 0.3708  data_time: 0.0092  memory: 5994  loss: nan  decode.loss_ce: nan  decode.acc_seg: 96.6847
2025/03/09 09:51:20 - mmengine - INFO - Exp name: fpn_poolformer_s36_8x4_512x512_40k_ade20k_20250309_005445
2025/03/09 09:51:20 - mmengine - INFO - Iter(train) [ 73000/160000]  lr: 0.0000e+00  eta: 9:34:10  time: 0.3717  data_time: 0.0090  memory: 5994  loss: nan  decode.loss_ce: nan  decode.acc_seg: 94.6646
2025/03/09 09:51:39 - mmengine - INFO - Iter(train) [ 73050/160000]  lr: 0.0000e+00  eta: 9:33:49  time: 0.3698  data_time: 0.0090  memory: 5994  loss: nan  decode.loss_ce: nan  decode.acc_seg: 97.6695
2025/03/09 09:51:57 - mmengine - INFO - Iter(train) [ 73100/160000]  lr: 0.0000e+00  eta: 9:33:28  time: 0.3691  data_time: 0.0094  memory: 5994  loss: nan  decode.loss_ce: nan  decode.acc_seg: 90.0723
2025/03/09 09:52:16 - mmengine - INFO - Iter(train) [ 73150/160000]  lr: 0.0000e+00  eta: 9:33:06  time: 0.3672  data_time: 0.0084  memory: 5994  loss: nan  decode.loss_ce: nan  decode.acc_seg: 94.6875
2025/03/09 09:52:34 - mmengine - INFO - Iter(train) [ 73200/160000]  lr: 0.0000e+00  eta: 9:32:45  time: 0.3711  data_time: 0.0094  memory: 5994  loss: nan  decode.loss_ce: nan  decode.acc_seg: 97.8315
2025/03/09 09:52:53 - mmengine - INFO - Iter(train) [ 73250/160000]  lr: 0.0000e+00  eta: 9:32:24  time: 0.3711  data_time: 0.0089  memory: 5994  loss: nan  decode.loss_ce: nan  decode.acc_seg: 85.7569
2025/03/09 09:53:11 - mmengine - INFO - Iter(train) [ 73300/160000]  lr: 0.0000e+00  eta: 9:32:02  time: 0.3700  data_time: 0.0094  memory: 5994  loss: nan  decode.loss_ce: nan  decode.acc_seg: 97.4914
2025/03/09 09:53:30 - mmengine - INFO - Iter(train) [ 73350/160000]  lr: 0.0000e+00  eta: 9:31:41  time: 0.3691  data_time: 0.0088  memory: 5994  loss: nan  decode.loss_ce: nan  decode.acc_seg: 95.1525
2025/03/09 09:53:48 - mmengine - INFO - Iter(train) [ 73400/160000]  lr: 0.0000e+00  eta: 9:31:20  time: 0.3691  data_time: 0.0090  memory: 5994  loss: nan  decode.loss_ce: nan  decode.acc_seg: 98.0187
2025/03/09 09:54:07 - mmengine - INFO - Iter(train) [ 73450/160000]  lr: 0.0000e+00  eta: 9:30:58  time: 0.3718  data_time: 0.0090  memory: 5994  loss: nan  decode.loss_ce: nan  decode.acc_seg: 98.4266
2025/03/09 09:54:26 - mmengine - INFO - Iter(train) [ 73500/160000]  lr: 0.0000e+00  eta: 9:30:37  time: 0.3708  data_time: 0.0091  memory: 5994  loss: nan  decode.loss_ce: nan  decode.acc_seg: 97.4857
2025/03/09 09:54:35 - mmengine - INFO - Iter(val) [ 50/869]    eta: 0:02:29  time: 0.1800  data_time: 0.0025  memory: 810  
2025/03/09 09:54:44 - mmengine - INFO - Iter(val) [100/869]    eta: 0:02:19  time: 0.1816  data_time: 0.0024  memory: 810  
2025/03/09 09:54:53 - mmengine - INFO - Iter(val) [150/869]    eta: 0:02:10  time: 0.1795  data_time: 0.0022  memory: 810  
2025/03/09 09:55:02 - mmengine - INFO - Iter(val) [200/869]    eta: 0:02:00  time: 0.1793  data_time: 0.0026  memory: 810  
2025/03/09 09:55:11 - mmengine - INFO - Iter(val) [250/869]    eta: 0:01:51  time: 0.1789  data_time: 0.0025  memory: 810  
2025/03/09 09:55:20 - mmengine - INFO - Iter(val) [300/869]    eta: 0:01:42  time: 0.1789  data_time: 0.0024  memory: 810  
2025/03/09 09:55:29 - mmengine - INFO - Iter(val) [350/869]    eta: 0:01:33  time: 0.1791  data_time: 0.0022  memory: 810  
2025/03/09 09:57:21 - mmengine - INFO - Iter(val) [400/869]    eta: 0:03:25  time: 0.1769  data_time: 0.0023  memory: 810  
2025/03/09 09:57:30 - mmengine - INFO - Iter(val) [450/869]    eta: 0:02:51  time: 0.1765  data_time: 0.0025  memory: 810  
2025/03/09 09:57:39 - mmengine - INFO - Iter(val) [500/869]    eta: 0:02:22  time: 0.1780  data_time: 0.0022  memory: 810  
2025/03/09 09:57:48 - mmengine - INFO - Iter(val) [550/869]    eta: 0:01:57  time: 0.1781  data_time: 0.0022  memory: 810  
2025/03/09 09:57:57 - mmengine - INFO - Iter(val) [600/869]    eta: 0:01:34  time: 0.1779  data_time: 0.0025  memory: 810  
2025/03/09 09:58:06 - mmengine - INFO - Iter(val) [650/869]    eta: 0:01:14  time: 0.1779  data_time: 0.0023  memory: 810  
2025/03/09 09:58:14 - mmengine - INFO - Iter(val) [700/869]    eta: 0:00:55  time: 0.1785  data_time: 0.0026  memory: 810  
2025/03/09 09:58:23 - mmengine - INFO - Iter(val) [750/869]    eta: 0:00:37  time: 0.1788  data_time: 0.0023  memory: 810  
2025/03/09 09:58:32 - mmengine - INFO - Iter(val) [800/869]    eta: 0:00:21  time: 0.1788  data_time: 0.0022  memory: 810  
2025/03/09 09:58:41 - mmengine - INFO - Iter(val) [850/869]    eta: 0:00:05  time: 0.1789  data_time: 0.0020  memory: 810  
2025/03/09 09:58:45 - mmengine - INFO - per class results:
2025/03/09 09:58:45 - mmengine - INFO - 
+------------+-------+-------+--------+-----------+--------+
|   Class    |  IoU  |  Acc  | Fscore | Precision | Recall |
+------------+-------+-------+--------+-----------+--------+
| background | 95.91 | 100.0 | 97.91  |   95.91   | 100.0  |
|    ghaf    |  0.0  |  0.0  |  nan   |    nan    |  0.0   |
+------------+-------+-------+--------+-----------+--------+
2025/03/09 09:58:45 - mmengine - INFO - Iter(val) [869/869]    aAcc: 95.9100  mIoU: 47.9600  mAcc: 50.0000  mFscore: 97.9100  mPrecision: 95.9100  mRecall: 50.0000  data_time: 0.0208  time: 0.2980
2025/03/09 09:59:03 - mmengine - INFO - Iter(train) [ 73550/160000]  lr: 0.0000e+00  eta: 9:30:16  time: 0.3710  data_time: 0.0093  memory: 5994  loss: nan  decode.loss_ce: nan  decode.acc_seg: 99.1281
2025/03/09 09:59:22 - mmengine - INFO - Iter(train) [ 73600/160000]  lr: 0.0000e+00  eta: 9:29:54  time: 0.3743  data_time: 0.0088  memory: 5994  loss: nan  decode.loss_ce: nan  decode.acc_seg: 94.5279
2025/03/09 09:59:40 - mmengine - INFO - Iter(train) [ 73650/160000]  lr: 0.0000e+00  eta: 9:29:33  time: 0.3675  data_time: 0.0086  memory: 5994  loss: nan  decode.loss_ce: nan  decode.acc_seg: 96.4453
2025/03/09 09:59:59 - mmengine - INFO - Iter(train) [ 73700/160000]  lr: 0.0000e+00  eta: 9:29:12  time: 0.3717  data_time: 0.0095  memory: 5994  loss: nan  decode.loss_ce: nan  decode.acc_seg: 99.8149
2025/03/09 10:00:17 - mmengine - INFO - Iter(train) [ 73750/160000]  lr: 0.0000e+00  eta: 9:28:51  time: 0.3721  data_time: 0.0094  memory: 5994  loss: nan  decode.loss_ce: nan  decode.acc_seg: 95.8082
2025/03/09 10:00:36 - mmengine - INFO - Iter(train) [ 73800/160000]  lr: 0.0000e+00  eta: 9:28:30  time: 0.3729  data_time: 0.0095  memory: 5994  loss: nan  decode.loss_ce: nan  decode.acc_seg: 88.0989
2025/03/09 10:00:55 - mmengine - INFO - Iter(train) [ 73850/160000]  lr: 0.0000e+00  eta: 9:28:08  time: 0.3702  data_time: 0.0091  memory: 5994  loss: nan  decode.loss_ce: nan  decode.acc_seg: 98.5623
2025/03/09 10:01:13 - mmengine - INFO - Iter(train) [ 73900/160000]  lr: 0.0000e+00  eta: 9:27:47  time: 0.3717  data_time: 0.0087  memory: 5994  loss: nan  decode.loss_ce: nan  decode.acc_seg: 95.2713
2025/03/09 10:01:32 - mmengine - INFO - Iter(train) [ 73950/160000]  lr: 0.0000e+00  eta: 9:27:26  time: 0.3676  data_time: 0.0089  memory: 5994  loss: nan  decode.loss_ce: nan  decode.acc_seg: 86.8527
2025/03/09 10:01:50 - mmengine - INFO - Exp name: fpn_poolformer_s36_8x4_512x512_40k_ade20k_20250309_005445
2025/03/09 10:01:50 - mmengine - INFO - Iter(train) [ 74000/160000]  lr: 0.0000e+00  eta: 9:27:05  time: 0.3714  data_time: 0.0095  memory: 5994  loss: nan  decode.loss_ce: nan  decode.acc_seg: 88.4473
2025/03/09 10:02:09 - mmengine - INFO - Iter(train) [ 74050/160000]  lr: 0.0000e+00  eta: 9:26:44  time: 0.3676  data_time: 0.0089  memory: 5994  loss: nan  decode.loss_ce: nan  decode.acc_seg: 99.7914
2025/03/09 10:02:28 - mmengine - INFO - Iter(train) [ 74100/160000]  lr: 0.0000e+00  eta: 9:26:22  time: 0.3709  data_time: 0.0093  memory: 5994  loss: nan  decode.loss_ce: nan  decode.acc_seg: 95.6494
2025/03/09 10:02:46 - mmengine - INFO - Iter(train) [ 74150/160000]  lr: 0.0000e+00  eta: 9:26:01  time: 0.3688  data_time: 0.0090  memory: 5994  loss: nan  decode.loss_ce: nan  decode.acc_seg: 93.8409
2025/03/09 10:03:05 - mmengine - INFO - Iter(train) [ 74200/160000]  lr: 0.0000e+00  eta: 9:25:40  time: 0.3727  data_time: 0.0092  memory: 5994  loss: nan  decode.loss_ce: nan  decode.acc_seg: 97.1590
2025/03/09 10:03:23 - mmengine - INFO - Iter(train) [ 74250/160000]  lr: 0.0000e+00  eta: 9:25:19  time: 0.3710  data_time: 0.0094  memory: 5994  loss: nan  decode.loss_ce: nan  decode.acc_seg: 98.1453
2025/03/09 10:03:42 - mmengine - INFO - Iter(train) [ 74300/160000]  lr: 0.0000e+00  eta: 9:24:57  time: 0.3705  data_time: 0.0093  memory: 5994  loss: nan  decode.loss_ce: nan  decode.acc_seg: 94.0336
2025/03/09 10:04:00 - mmengine - INFO - Iter(train) [ 74350/160000]  lr: 0.0000e+00  eta: 9:24:36  time: 0.3644  data_time: 0.0085  memory: 5994  loss: nan  decode.loss_ce: nan  decode.acc_seg: 99.5489
2025/03/09 10:04:19 - mmengine - INFO - Iter(train) [ 74400/160000]  lr: 0.0000e+00  eta: 9:24:15  time: 0.3717  data_time: 0.0093  memory: 5994  loss: nan  decode.loss_ce: nan  decode.acc_seg: 99.6797
2025/03/09 10:04:37 - mmengine - INFO - Iter(train) [ 74450/160000]  lr: 0.0000e+00  eta: 9:23:54  time: 0.3721  data_time: 0.0092  memory: 5994  loss: nan  decode.loss_ce: nan  decode.acc_seg: 92.8586
2025/03/09 10:04:56 - mmengine - INFO - Iter(train) [ 74500/160000]  lr: 0.0000e+00  eta: 9:23:32  time: 0.3698  data_time: 0.0090  memory: 5994  loss: nan  decode.loss_ce: nan  decode.acc_seg: 77.0885
2025/03/09 10:05:14 - mmengine - INFO - Iter(train) [ 74550/160000]  lr: 0.0000e+00  eta: 9:23:11  time: 0.3708  data_time: 0.0092  memory: 5994  loss: nan  decode.loss_ce: nan  decode.acc_seg: 97.6891
2025/03/09 10:05:33 - mmengine - INFO - Iter(train) [ 74600/160000]  lr: 0.0000e+00  eta: 9:22:50  time: 0.3711  data_time: 0.0094  memory: 5994  loss: nan  decode.loss_ce: nan  decode.acc_seg: 92.2520
2025/03/09 10:05:51 - mmengine - INFO - Iter(train) [ 74650/160000]  lr: 0.0000e+00  eta: 9:22:29  time: 0.3698  data_time: 0.0089  memory: 5994  loss: nan  decode.loss_ce: nan  decode.acc_seg: 94.8578
2025/03/09 10:06:10 - mmengine - INFO - Iter(train) [ 74700/160000]  lr: 0.0000e+00  eta: 9:22:08  time: 0.3701  data_time: 0.0087  memory: 5994  loss: nan  decode.loss_ce: nan  decode.acc_seg: 92.7711
2025/03/09 10:06:28 - mmengine - INFO - Iter(train) [ 74750/160000]  lr: 0.0000e+00  eta: 9:21:47  time: 0.3721  data_time: 0.0093  memory: 5994  loss: nan  decode.loss_ce: nan  decode.acc_seg: 99.6471
2025/03/09 10:06:47 - mmengine - INFO - Iter(train) [ 74800/160000]  lr: 0.0000e+00  eta: 9:21:25  time: 0.3712  data_time: 0.0089  memory: 5994  loss: nan  decode.loss_ce: nan  decode.acc_seg: 99.0053
2025/03/09 10:06:47 - mmengine - INFO - Saving checkpoint at 74800 iterations
2025/03/09 10:07:11 - mmengine - INFO - Iter(train) [ 74850/160000]  lr: 0.0000e+00  eta: 9:21:10  time: 0.3689  data_time: 0.0093  memory: 5994  loss: nan  decode.loss_ce: nan  decode.acc_seg: 99.5208
2025/03/09 10:07:30 - mmengine - INFO - Iter(train) [ 74900/160000]  lr: 0.0000e+00  eta: 9:20:49  time: 0.3675  data_time: 0.0088  memory: 5994  loss: nan  decode.loss_ce: nan  decode.acc_seg: 99.5036
2025/03/09 10:07:48 - mmengine - INFO - Iter(train) [ 74950/160000]  lr: 0.0000e+00  eta: 9:20:28  time: 0.3700  data_time: 0.0091  memory: 5994  loss: nan  decode.loss_ce: nan  decode.acc_seg: 99.1568
2025/03/09 10:08:06 - mmengine - INFO - Exp name: fpn_poolformer_s36_8x4_512x512_40k_ade20k_20250309_005445
2025/03/09 10:08:06 - mmengine - INFO - Iter(train) [ 75000/160000]  lr: 0.0000e+00  eta: 9:20:06  time: 0.3707  data_time: 0.0092  memory: 5994  loss: nan  decode.loss_ce: nan  decode.acc_seg: 97.2738
2025/03/09 10:08:25 - mmengine - INFO - Iter(train) [ 75050/160000]  lr: 0.0000e+00  eta: 9:19:45  time: 0.3689  data_time: 0.0084  memory: 5994  loss: nan  decode.loss_ce: nan  decode.acc_seg: 94.2469
2025/03/09 10:08:43 - mmengine - INFO - Iter(train) [ 75100/160000]  lr: 0.0000e+00  eta: 9:19:24  time: 0.3693  data_time: 0.0089  memory: 5994  loss: nan  decode.loss_ce: nan  decode.acc_seg: 99.7762
2025/03/09 10:09:02 - mmengine - INFO - Iter(train) [ 75150/160000]  lr: 0.0000e+00  eta: 9:19:03  time: 0.3664  data_time: 0.0082  memory: 5994  loss: nan  decode.loss_ce: nan  decode.acc_seg: 98.7721
2025/03/09 10:09:20 - mmengine - INFO - Iter(train) [ 75200/160000]  lr: 0.0000e+00  eta: 9:18:42  time: 0.3715  data_time: 0.0091  memory: 5994  loss: nan  decode.loss_ce: nan  decode.acc_seg: 97.7435
2025/03/09 10:09:39 - mmengine - INFO - Iter(train) [ 75250/160000]  lr: 0.0000e+00  eta: 9:18:20  time: 0.3683  data_time: 0.0086  memory: 5994  loss: nan  decode.loss_ce: nan  decode.acc_seg: 96.3022
2025/03/09 10:09:57 - mmengine - INFO - Iter(train) [ 75300/160000]  lr: 0.0000e+00  eta: 9:17:59  time: 0.3718  data_time: 0.0090  memory: 5994  loss: nan  decode.loss_ce: nan  decode.acc_seg: 99.5473
2025/03/09 10:10:16 - mmengine - INFO - Iter(train) [ 75350/160000]  lr: 0.0000e+00  eta: 9:17:38  time: 0.3702  data_time: 0.0092  memory: 5994  loss: nan  decode.loss_ce: nan  decode.acc_seg: 91.5486
2025/03/09 10:10:34 - mmengine - INFO - Iter(train) [ 75400/160000]  lr: 0.0000e+00  eta: 9:17:17  time: 0.3645  data_time: 0.0082  memory: 5994  loss: nan  decode.loss_ce: nan  decode.acc_seg: 99.3093
2025/03/09 10:10:53 - mmengine - INFO - Iter(train) [ 75450/160000]  lr: 0.0000e+00  eta: 9:16:56  time: 0.3693  data_time: 0.0086  memory: 5994  loss: nan  decode.loss_ce: nan  decode.acc_seg: 96.8199
2025/03/09 10:11:11 - mmengine - INFO - Iter(train) [ 75500/160000]  lr: 0.0000e+00  eta: 9:16:34  time: 0.3704  data_time: 0.0092  memory: 5994  loss: nan  decode.loss_ce: nan  decode.acc_seg: 97.9249
2025/03/09 10:11:30 - mmengine - INFO - Iter(train) [ 75550/160000]  lr: 0.0000e+00  eta: 9:16:13  time: 0.3712  data_time: 0.0093  memory: 5994  loss: nan  decode.loss_ce: nan  decode.acc_seg: 95.5187
2025/03/09 10:11:48 - mmengine - INFO - Iter(train) [ 75600/160000]  lr: 0.0000e+00  eta: 9:15:52  time: 0.3719  data_time: 0.0090  memory: 5994  loss: nan  decode.loss_ce: nan  decode.acc_seg: 90.3716
2025/03/09 10:12:07 - mmengine - INFO - Iter(train) [ 75650/160000]  lr: 0.0000e+00  eta: 9:15:31  time: 0.3702  data_time: 0.0096  memory: 5994  loss: nan  decode.loss_ce: nan  decode.acc_seg: 99.2450
2025/03/09 10:12:25 - mmengine - INFO - Iter(train) [ 75700/160000]  lr: 0.0000e+00  eta: 9:15:10  time: 0.3688  data_time: 0.0086  memory: 5994  loss: nan  decode.loss_ce: nan  decode.acc_seg: 99.3868
2025/03/09 10:12:44 - mmengine - INFO - Iter(train) [ 75750/160000]  lr: 0.0000e+00  eta: 9:14:49  time: 0.3692  data_time: 0.0089  memory: 5994  loss: nan  decode.loss_ce: nan  decode.acc_seg: 99.9427
2025/03/09 10:13:02 - mmengine - INFO - Iter(train) [ 75800/160000]  lr: 0.0000e+00  eta: 9:14:28  time: 0.3691  data_time: 0.0085  memory: 5994  loss: nan  decode.loss_ce: nan  decode.acc_seg: 95.5688
2025/03/09 10:13:21 - mmengine - INFO - Iter(train) [ 75850/160000]  lr: 0.0000e+00  eta: 9:14:06  time: 0.3720  data_time: 0.0093  memory: 5994  loss: nan  decode.loss_ce: nan  decode.acc_seg: 93.0222
2025/03/09 10:13:39 - mmengine - INFO - Iter(train) [ 75900/160000]  lr: 0.0000e+00  eta: 9:13:45  time: 0.3714  data_time: 0.0090  memory: 5994  loss: nan  decode.loss_ce: nan  decode.acc_seg: 98.3239
2025/03/09 10:13:58 - mmengine - INFO - Iter(train) [ 75950/160000]  lr: 0.0000e+00  eta: 9:13:24  time: 0.3712  data_time: 0.0091  memory: 5994  loss: nan  decode.loss_ce: nan  decode.acc_seg: 100.0000
2025/03/09 10:14:16 - mmengine - INFO - Exp name: fpn_poolformer_s36_8x4_512x512_40k_ade20k_20250309_005445
2025/03/09 10:14:16 - mmengine - INFO - Iter(train) [ 76000/160000]  lr: 0.0000e+00  eta: 9:13:03  time: 0.3700  data_time: 0.0091  memory: 5994  loss: nan  decode.loss_ce: nan  decode.acc_seg: 99.6006
2025/03/09 10:14:35 - mmengine - INFO - Iter(train) [ 76050/160000]  lr: 0.0000e+00  eta: 9:12:42  time: 0.3670  data_time: 0.0089  memory: 5994  loss: nan  decode.loss_ce: nan  decode.acc_seg: 97.9819
2025/03/09 10:14:53 - mmengine - INFO - Iter(train) [ 76100/160000]  lr: 0.0000e+00  eta: 9:12:21  time: 0.3720  data_time: 0.0093  memory: 5994  loss: nan  decode.loss_ce: nan  decode.acc_seg: 98.3692
2025/03/09 10:15:12 - mmengine - INFO - Iter(train) [ 76150/160000]  lr: 0.0000e+00  eta: 9:12:00  time: 0.3696  data_time: 0.0093  memory: 5994  loss: nan  decode.loss_ce: nan  decode.acc_seg: 95.6442
2025/03/09 10:15:30 - mmengine - INFO - Iter(train) [ 76200/160000]  lr: 0.0000e+00  eta: 9:11:38  time: 0.3676  data_time: 0.0085  memory: 5994  loss: nan  decode.loss_ce: nan  decode.acc_seg: 99.1937
2025/03/09 10:15:49 - mmengine - INFO - Iter(train) [ 76250/160000]  lr: 0.0000e+00  eta: 9:11:17  time: 0.3692  data_time: 0.0089  memory: 5994  loss: nan  decode.loss_ce: nan  decode.acc_seg: 86.7390
2025/03/09 10:16:07 - mmengine - INFO - Iter(train) [ 76300/160000]  lr: 0.0000e+00  eta: 9:10:56  time: 0.3708  data_time: 0.0092  memory: 5994  loss: nan  decode.loss_ce: nan  decode.acc_seg: 98.6156
2025/03/09 10:16:26 - mmengine - INFO - Iter(train) [ 76350/160000]  lr: 0.0000e+00  eta: 9:10:35  time: 0.3708  data_time: 0.0094  memory: 5994  loss: nan  decode.loss_ce: nan  decode.acc_seg: 96.6026
2025/03/09 10:16:45 - mmengine - INFO - Iter(train) [ 76400/160000]  lr: 0.0000e+00  eta: 9:10:14  time: 0.3720  data_time: 0.0093  memory: 5994  loss: nan  decode.loss_ce: nan  decode.acc_seg: 96.8068
2025/03/09 10:17:03 - mmengine - INFO - Iter(train) [ 76450/160000]  lr: 0.0000e+00  eta: 9:09:53  time: 0.3660  data_time: 0.0090  memory: 5994  loss: nan  decode.loss_ce: nan  decode.acc_seg: 99.5517
2025/03/09 10:17:21 - mmengine - INFO - Iter(train) [ 76500/160000]  lr: 0.0000e+00  eta: 9:09:32  time: 0.3656  data_time: 0.0085  memory: 5994  loss: nan  decode.loss_ce: nan  decode.acc_seg: 99.2754
2025/03/09 10:17:40 - mmengine - INFO - Iter(train) [ 76550/160000]  lr: 0.0000e+00  eta: 9:09:11  time: 0.3698  data_time: 0.0090  memory: 5994  loss: nan  decode.loss_ce: nan  decode.acc_seg: 99.9780
2025/03/09 10:17:58 - mmengine - INFO - Iter(train) [ 76600/160000]  lr: 0.0000e+00  eta: 9:08:49  time: 0.3626  data_time: 0.0080  memory: 5994  loss: nan  decode.loss_ce: nan  decode.acc_seg: 98.2819
2025/03/09 10:18:17 - mmengine - INFO - Iter(train) [ 76650/160000]  lr: 0.0000e+00  eta: 9:08:28  time: 0.3695  data_time: 0.0089  memory: 5994  loss: nan  decode.loss_ce: nan  decode.acc_seg: 99.9672
2025/03/09 10:18:35 - mmengine - INFO - Iter(train) [ 76700/160000]  lr: 0.0000e+00  eta: 9:08:07  time: 0.3693  data_time: 0.0090  memory: 5994  loss: nan  decode.loss_ce: nan  decode.acc_seg: 93.8741
2025/03/09 10:18:54 - mmengine - INFO - Iter(train) [ 76750/160000]  lr: 0.0000e+00  eta: 9:07:46  time: 0.3669  data_time: 0.0081  memory: 5994  loss: nan  decode.loss_ce: nan  decode.acc_seg: 95.2633
2025/03/09 10:19:12 - mmengine - INFO - Iter(train) [ 76800/160000]  lr: 0.0000e+00  eta: 9:07:25  time: 0.3693  data_time: 0.0091  memory: 5994  loss: nan  decode.loss_ce: nan  decode.acc_seg: 95.6285
2025/03/09 10:19:31 - mmengine - INFO - Iter(train) [ 76850/160000]  lr: 0.0000e+00  eta: 9:07:04  time: 0.3678  data_time: 0.0086  memory: 5994  loss: nan  decode.loss_ce: nan  decode.acc_seg: 99.4699
2025/03/09 10:19:49 - mmengine - INFO - Iter(train) [ 76900/160000]  lr: 0.0000e+00  eta: 9:06:42  time: 0.3694  data_time: 0.0091  memory: 5994  loss: nan  decode.loss_ce: nan  decode.acc_seg: 96.1915
2025/03/09 10:20:08 - mmengine - INFO - Iter(train) [ 76950/160000]  lr: 0.0000e+00  eta: 9:06:21  time: 0.3658  data_time: 0.0087  memory: 5994  loss: nan  decode.loss_ce: nan  decode.acc_seg: 99.1037
2025/03/09 10:20:26 - mmengine - INFO - Exp name: fpn_poolformer_s36_8x4_512x512_40k_ade20k_20250309_005445
2025/03/09 10:20:26 - mmengine - INFO - Iter(train) [ 77000/160000]  lr: 0.0000e+00  eta: 9:06:00  time: 0.3695  data_time: 0.0094  memory: 5994  loss: nan  decode.loss_ce: nan  decode.acc_seg: 93.2953
2025/03/09 10:20:35 - mmengine - INFO - Iter(val) [ 50/869]    eta: 0:02:28  time: 0.1797  data_time: 0.0025  memory: 810  
2025/03/09 10:20:44 - mmengine - INFO - Iter(val) [100/869]    eta: 0:02:18  time: 0.1793  data_time: 0.0026  memory: 810  
2025/03/09 10:20:53 - mmengine - INFO - Iter(val) [150/869]    eta: 0:02:09  time: 0.1793  data_time: 0.0022  memory: 810  
2025/03/09 10:21:02 - mmengine - INFO - Iter(val) [200/869]    eta: 0:02:00  time: 0.1793  data_time: 0.0025  memory: 810  
2025/03/09 10:21:11 - mmengine - INFO - Iter(val) [250/869]    eta: 0:01:51  time: 0.1792  data_time: 0.0022  memory: 810  
2025/03/09 10:21:20 - mmengine - INFO - Iter(val) [300/869]    eta: 0:01:42  time: 0.1795  data_time: 0.0025  memory: 810  
2025/03/09 10:21:29 - mmengine - INFO - Iter(val) [350/869]    eta: 0:01:33  time: 0.1795  data_time: 0.0027  memory: 810  
2025/03/09 10:21:38 - mmengine - INFO - Iter(val) [400/869]    eta: 0:01:24  time: 0.1789  data_time: 0.0026  memory: 810  
2025/03/09 10:21:47 - mmengine - INFO - Iter(val) [450/869]    eta: 0:01:15  time: 0.1789  data_time: 0.0025  memory: 810  
2025/03/09 10:21:56 - mmengine - INFO - Iter(val) [500/869]    eta: 0:01:06  time: 0.1796  data_time: 0.0023  memory: 810  
2025/03/09 10:22:05 - mmengine - INFO - Iter(val) [550/869]    eta: 0:00:57  time: 0.1789  data_time: 0.0024  memory: 810  
2025/03/09 10:22:14 - mmengine - INFO - Iter(val) [600/869]    eta: 0:00:48  time: 0.1791  data_time: 0.0025  memory: 810  
2025/03/09 10:22:23 - mmengine - INFO - Iter(val) [650/869]    eta: 0:00:39  time: 0.1789  data_time: 0.0023  memory: 810  
2025/03/09 10:22:32 - mmengine - INFO - Iter(val) [700/869]    eta: 0:00:30  time: 0.1786  data_time: 0.0024  memory: 810  
2025/03/09 10:22:41 - mmengine - INFO - Iter(val) [750/869]    eta: 0:00:21  time: 0.1791  data_time: 0.0025  memory: 810  
2025/03/09 10:22:50 - mmengine - INFO - Iter(val) [800/869]    eta: 0:00:12  time: 0.1790  data_time: 0.0027  memory: 810  
2025/03/09 10:22:59 - mmengine - INFO - Iter(val) [850/869]    eta: 0:00:03  time: 0.1787  data_time: 0.0023  memory: 810  
2025/03/09 10:23:02 - mmengine - INFO - per class results:
2025/03/09 10:23:02 - mmengine - INFO - 
+------------+-------+-------+--------+-----------+--------+
|   Class    |  IoU  |  Acc  | Fscore | Precision | Recall |
+------------+-------+-------+--------+-----------+--------+
| background | 95.91 | 100.0 | 97.91  |   95.91   | 100.0  |
|    ghaf    |  0.0  |  0.0  |  nan   |    nan    |  0.0   |
+------------+-------+-------+--------+-----------+--------+
2025/03/09 10:23:02 - mmengine - INFO - Iter(val) [869/869]    aAcc: 95.9100  mIoU: 47.9600  mAcc: 50.0000  mFscore: 97.9100  mPrecision: 95.9100  mRecall: 50.0000  data_time: 0.0025  time: 0.1794
2025/03/09 10:23:21 - mmengine - INFO - Iter(train) [ 77050/160000]  lr: 0.0000e+00  eta: 9:05:39  time: 0.3709  data_time: 0.0096  memory: 5994  loss: nan  decode.loss_ce: nan  decode.acc_seg: 84.3773
2025/03/09 10:23:39 - mmengine - INFO - Iter(train) [ 77100/160000]  lr: 0.0000e+00  eta: 9:05:18  time: 0.3704  data_time: 0.0092  memory: 5994  loss: nan  decode.loss_ce: nan  decode.acc_seg: 95.4575
2025/03/09 10:23:58 - mmengine - INFO - Iter(train) [ 77150/160000]  lr: 0.0000e+00  eta: 9:04:57  time: 0.3721  data_time: 0.0094  memory: 5994  loss: nan  decode.loss_ce: nan  decode.acc_seg: 98.5037
2025/03/09 10:24:16 - mmengine - INFO - Iter(train) [ 77200/160000]  lr: 0.0000e+00  eta: 9:04:36  time: 0.3694  data_time: 0.0091  memory: 5994  loss: nan  decode.loss_ce: nan  decode.acc_seg: 100.0000
2025/03/09 10:24:35 - mmengine - INFO - Iter(train) [ 77250/160000]  lr: 0.0000e+00  eta: 9:04:15  time: 0.3698  data_time: 0.0089  memory: 5994  loss: nan  decode.loss_ce: nan  decode.acc_seg: 99.5439
2025/03/09 10:24:53 - mmengine - INFO - Iter(train) [ 77300/160000]  lr: 0.0000e+00  eta: 9:03:54  time: 0.3706  data_time: 0.0094  memory: 5994  loss: nan  decode.loss_ce: nan  decode.acc_seg: 98.8682
2025/03/09 10:25:12 - mmengine - INFO - Iter(train) [ 77350/160000]  lr: 0.0000e+00  eta: 9:03:33  time: 0.3678  data_time: 0.0087  memory: 5994  loss: nan  decode.loss_ce: nan  decode.acc_seg: 98.9545
2025/03/09 10:25:30 - mmengine - INFO - Iter(train) [ 77400/160000]  lr: 0.0000e+00  eta: 9:03:12  time: 0.3710  data_time: 0.0092  memory: 5994  loss: nan  decode.loss_ce: nan  decode.acc_seg: 87.8499
2025/03/09 10:25:49 - mmengine - INFO - Iter(train) [ 77450/160000]  lr: 0.0000e+00  eta: 9:02:51  time: 0.3709  data_time: 0.0092  memory: 5994  loss: nan  decode.loss_ce: nan  decode.acc_seg: 88.8066
2025/03/09 10:26:07 - mmengine - INFO - Iter(train) [ 77500/160000]  lr: 0.0000e+00  eta: 9:02:30  time: 0.3689  data_time: 0.0092  memory: 5994  loss: nan  decode.loss_ce: nan  decode.acc_seg: 99.3984
2025/03/09 10:26:26 - mmengine - INFO - Iter(train) [ 77550/160000]  lr: 0.0000e+00  eta: 9:02:09  time: 0.3705  data_time: 0.0091  memory: 5994  loss: nan  decode.loss_ce: nan  decode.acc_seg: 94.3211
2025/03/09 10:26:44 - mmengine - INFO - Iter(train) [ 77600/160000]  lr: 0.0000e+00  eta: 9:01:48  time: 0.3718  data_time: 0.0092  memory: 5994  loss: nan  decode.loss_ce: nan  decode.acc_seg: 99.7469
2025/03/09 10:28:18 - mmengine - INFO - Iter(train) [ 77650/160000]  lr: 0.0000e+00  eta: 9:02:46  time: 1.9521  data_time: 1.5811  memory: 5994  loss: nan  decode.loss_ce: nan  decode.acc_seg: 98.1925
2025/03/09 10:28:35 - mmengine - INFO - Iter(train) [ 77700/160000]  lr: 0.0000e+00  eta: 9:02:24  time: 0.3484  data_time: 0.0072  memory: 5994  loss: nan  decode.loss_ce: nan  decode.acc_seg: 99.5692
2025/03/09 10:28:53 - mmengine - INFO - Iter(train) [ 77750/160000]  lr: 0.0000e+00  eta: 9:02:02  time: 0.3498  data_time: 0.0074  memory: 5994  loss: nan  decode.loss_ce: nan  decode.acc_seg: 97.4981
2025/03/09 10:29:10 - mmengine - INFO - Iter(train) [ 77800/160000]  lr: 0.0000e+00  eta: 9:01:40  time: 0.3502  data_time: 0.0073  memory: 5994  loss: nan  decode.loss_ce: nan  decode.acc_seg: 98.2289
2025/03/09 10:29:28 - mmengine - INFO - Iter(train) [ 77850/160000]  lr: 0.0000e+00  eta: 9:01:17  time: 0.3504  data_time: 0.0071  memory: 5994  loss: nan  decode.loss_ce: nan  decode.acc_seg: 96.7328
2025/03/09 10:29:46 - mmengine - INFO - Iter(train) [ 77900/160000]  lr: 0.0000e+00  eta: 9:00:56  time: 0.3641  data_time: 0.0087  memory: 5994  loss: nan  decode.loss_ce: nan  decode.acc_seg: 93.8916
2025/03/09 10:30:04 - mmengine - INFO - Iter(train) [ 77950/160000]  lr: 0.0000e+00  eta: 9:00:35  time: 0.3688  data_time: 0.0094  memory: 5994  loss: nan  decode.loss_ce: nan  decode.acc_seg: 70.5408
2025/03/09 10:30:23 - mmengine - INFO - Exp name: fpn_poolformer_s36_8x4_512x512_40k_ade20k_20250309_005445
2025/03/09 10:30:23 - mmengine - INFO - Iter(train) [ 78000/160000]  lr: 0.0000e+00  eta: 9:00:14  time: 0.3687  data_time: 0.0089  memory: 5994  loss: nan  decode.loss_ce: nan  decode.acc_seg: 83.5250
2025/03/09 10:30:41 - mmengine - INFO - Iter(train) [ 78050/160000]  lr: 0.0000e+00  eta: 8:59:53  time: 0.3701  data_time: 0.0090  memory: 5994  loss: nan  decode.loss_ce: nan  decode.acc_seg: 92.8514
2025/03/09 10:31:00 - mmengine - INFO - Iter(train) [ 78100/160000]  lr: 0.0000e+00  eta: 8:59:31  time: 0.3684  data_time: 0.0098  memory: 5994  loss: nan  decode.loss_ce: nan  decode.acc_seg: 98.1736
2025/03/09 10:31:18 - mmengine - INFO - Iter(train) [ 78150/160000]  lr: 0.0000e+00  eta: 8:59:10  time: 0.3675  data_time: 0.0089  memory: 5994  loss: nan  decode.loss_ce: nan  decode.acc_seg: 97.6638
2025/03/09 10:31:37 - mmengine - INFO - Iter(train) [ 78200/160000]  lr: 0.0000e+00  eta: 8:58:49  time: 0.3685  data_time: 0.0089  memory: 5994  loss: nan  decode.loss_ce: nan  decode.acc_seg: 96.2173
2025/03/09 10:31:37 - mmengine - INFO - Saving checkpoint at 78200 iterations
2025/03/09 10:32:09 - mmengine - INFO - Iter(train) [ 78250/160000]  lr: 0.0000e+00  eta: 8:58:42  time: 0.3679  data_time: 0.0090  memory: 5994  loss: nan  decode.loss_ce: nan  decode.acc_seg: 98.7853
2025/03/09 10:32:27 - mmengine - INFO - Iter(train) [ 78300/160000]  lr: 0.0000e+00  eta: 8:58:21  time: 0.3706  data_time: 0.0092  memory: 5994  loss: nan  decode.loss_ce: nan  decode.acc_seg: 94.3057
2025/03/09 10:32:45 - mmengine - INFO - Iter(train) [ 78350/160000]  lr: 0.0000e+00  eta: 8:58:00  time: 0.3708  data_time: 0.0092  memory: 5994  loss: nan  decode.loss_ce: nan  decode.acc_seg: 84.7726
2025/03/09 10:33:04 - mmengine - INFO - Iter(train) [ 78400/160000]  lr: 0.0000e+00  eta: 8:57:39  time: 0.3680  data_time: 0.0094  memory: 5994  loss: nan  decode.loss_ce: nan  decode.acc_seg: 99.3483
2025/03/09 10:33:22 - mmengine - INFO - Iter(train) [ 78450/160000]  lr: 0.0000e+00  eta: 8:57:17  time: 0.3658  data_time: 0.0084  memory: 5994  loss: nan  decode.loss_ce: nan  decode.acc_seg: 84.7921
2025/03/09 10:33:41 - mmengine - INFO - Iter(train) [ 78500/160000]  lr: 0.0000e+00  eta: 8:56:56  time: 0.3698  data_time: 0.0092  memory: 5994  loss: nan  decode.loss_ce: nan  decode.acc_seg: 96.6167
2025/03/09 10:33:59 - mmengine - INFO - Iter(train) [ 78550/160000]  lr: 0.0000e+00  eta: 8:56:35  time: 0.3658  data_time: 0.0082  memory: 5994  loss: nan  decode.loss_ce: nan  decode.acc_seg: 97.4880
2025/03/09 10:34:18 - mmengine - INFO - Iter(train) [ 78600/160000]  lr: 0.0000e+00  eta: 8:56:14  time: 0.3688  data_time: 0.0088  memory: 5994  loss: nan  decode.loss_ce: nan  decode.acc_seg: 91.7824
2025/03/09 10:34:36 - mmengine - INFO - Iter(train) [ 78650/160000]  lr: 0.0000e+00  eta: 8:55:53  time: 0.3719  data_time: 0.0095  memory: 5994  loss: nan  decode.loss_ce: nan  decode.acc_seg: 94.1375
2025/03/09 10:34:55 - mmengine - INFO - Iter(train) [ 78700/160000]  lr: 0.0000e+00  eta: 8:55:32  time: 0.3689  data_time: 0.0090  memory: 5994  loss: nan  decode.loss_ce: nan  decode.acc_seg: 97.6224
2025/03/09 10:35:14 - mmengine - INFO - Iter(train) [ 78750/160000]  lr: 0.0000e+00  eta: 8:55:11  time: 0.3703  data_time: 0.0092  memory: 5994  loss: nan  decode.loss_ce: nan  decode.acc_seg: 95.3903
2025/03/09 10:35:32 - mmengine - INFO - Iter(train) [ 78800/160000]  lr: 0.0000e+00  eta: 8:54:50  time: 0.3685  data_time: 0.0081  memory: 5994  loss: nan  decode.loss_ce: nan  decode.acc_seg: 81.9911
2025/03/09 10:35:51 - mmengine - INFO - Iter(train) [ 78850/160000]  lr: 0.0000e+00  eta: 8:54:29  time: 0.3696  data_time: 0.0096  memory: 5994  loss: nan  decode.loss_ce: nan  decode.acc_seg: 96.0906
2025/03/09 10:36:09 - mmengine - INFO - Iter(train) [ 78900/160000]  lr: 0.0000e+00  eta: 8:54:08  time: 0.3698  data_time: 0.0089  memory: 5994  loss: nan  decode.loss_ce: nan  decode.acc_seg: 95.6030
2025/03/09 10:36:28 - mmengine - INFO - Iter(train) [ 78950/160000]  lr: 0.0000e+00  eta: 8:53:47  time: 0.3689  data_time: 0.0090  memory: 5994  loss: nan  decode.loss_ce: nan  decode.acc_seg: 98.3704
2025/03/09 10:36:46 - mmengine - INFO - Exp name: fpn_poolformer_s36_8x4_512x512_40k_ade20k_20250309_005445
2025/03/09 10:36:46 - mmengine - INFO - Iter(train) [ 79000/160000]  lr: 0.0000e+00  eta: 8:53:26  time: 0.3698  data_time: 0.0086  memory: 5994  loss: nan  decode.loss_ce: nan  decode.acc_seg: 80.2372
2025/03/09 10:37:05 - mmengine - INFO - Iter(train) [ 79050/160000]  lr: 0.0000e+00  eta: 8:53:05  time: 0.3707  data_time: 0.0086  memory: 5994  loss: nan  decode.loss_ce: nan  decode.acc_seg: 95.4593
2025/03/09 10:37:23 - mmengine - INFO - Iter(train) [ 79100/160000]  lr: 0.0000e+00  eta: 8:52:44  time: 0.3718  data_time: 0.0085  memory: 5994  loss: nan  decode.loss_ce: nan  decode.acc_seg: 93.5673
2025/03/09 10:37:42 - mmengine - INFO - Iter(train) [ 79150/160000]  lr: 0.0000e+00  eta: 8:52:23  time: 0.3699  data_time: 0.0091  memory: 5994  loss: nan  decode.loss_ce: nan  decode.acc_seg: 94.8214
2025/03/09 10:38:00 - mmengine - INFO - Iter(train) [ 79200/160000]  lr: 0.0000e+00  eta: 8:52:02  time: 0.3714  data_time: 0.0091  memory: 5994  loss: nan  decode.loss_ce: nan  decode.acc_seg: 99.9189
2025/03/09 10:38:19 - mmengine - INFO - Iter(train) [ 79250/160000]  lr: 0.0000e+00  eta: 8:51:41  time: 0.3732  data_time: 0.0099  memory: 5994  loss: nan  decode.loss_ce: nan  decode.acc_seg: 96.7770
2025/03/09 10:38:37 - mmengine - INFO - Iter(train) [ 79300/160000]  lr: 0.0000e+00  eta: 8:51:20  time: 0.3688  data_time: 0.0100  memory: 5994  loss: nan  decode.loss_ce: nan  decode.acc_seg: 99.8164
2025/03/09 10:38:56 - mmengine - INFO - Iter(train) [ 79350/160000]  lr: 0.0000e+00  eta: 8:50:59  time: 0.3701  data_time: 0.0098  memory: 5994  loss: nan  decode.loss_ce: nan  decode.acc_seg: 99.2839
2025/03/09 10:39:14 - mmengine - INFO - Iter(train) [ 79400/160000]  lr: 0.0000e+00  eta: 8:50:38  time: 0.3717  data_time: 0.0099  memory: 5994  loss: nan  decode.loss_ce: nan  decode.acc_seg: 99.0910
2025/03/09 10:39:33 - mmengine - INFO - Iter(train) [ 79450/160000]  lr: 0.0000e+00  eta: 8:50:17  time: 0.3711  data_time: 0.0098  memory: 5994  loss: nan  decode.loss_ce: nan  decode.acc_seg: 94.7740
2025/03/09 10:39:52 - mmengine - INFO - Iter(train) [ 79500/160000]  lr: 0.0000e+00  eta: 8:49:56  time: 0.3717  data_time: 0.0098  memory: 5994  loss: nan  decode.loss_ce: nan  decode.acc_seg: 96.2078
2025/03/09 10:40:10 - mmengine - INFO - Iter(train) [ 79550/160000]  lr: 0.0000e+00  eta: 8:49:35  time: 0.3677  data_time: 0.0090  memory: 5994  loss: nan  decode.loss_ce: nan  decode.acc_seg: 99.5566
2025/03/09 10:40:29 - mmengine - INFO - Iter(train) [ 79600/160000]  lr: 0.0000e+00  eta: 8:49:14  time: 0.3673  data_time: 0.0089  memory: 5994  loss: nan  decode.loss_ce: nan  decode.acc_seg: 99.4807
2025/03/09 10:40:47 - mmengine - INFO - Iter(train) [ 79650/160000]  lr: 0.0000e+00  eta: 8:48:53  time: 0.3713  data_time: 0.0093  memory: 5994  loss: nan  decode.loss_ce: nan  decode.acc_seg: 98.6122
2025/03/09 10:41:06 - mmengine - INFO - Iter(train) [ 79700/160000]  lr: 0.0000e+00  eta: 8:48:32  time: 0.3730  data_time: 0.0098  memory: 5994  loss: nan  decode.loss_ce: nan  decode.acc_seg: 97.9478
2025/03/09 10:41:24 - mmengine - INFO - Iter(train) [ 79750/160000]  lr: 0.0000e+00  eta: 8:48:11  time: 0.3713  data_time: 0.0100  memory: 5994  loss: nan  decode.loss_ce: nan  decode.acc_seg: 90.1336
2025/03/09 10:41:43 - mmengine - INFO - Iter(train) [ 79800/160000]  lr: 0.0000e+00  eta: 8:47:50  time: 0.3730  data_time: 0.0102  memory: 5994  loss: nan  decode.loss_ce: nan  decode.acc_seg: 99.6575
2025/03/09 10:42:01 - mmengine - INFO - Iter(train) [ 79850/160000]  lr: 0.0000e+00  eta: 8:47:29  time: 0.3666  data_time: 0.0091  memory: 5994  loss: nan  decode.loss_ce: nan  decode.acc_seg: 93.6952
2025/03/09 10:42:20 - mmengine - INFO - Iter(train) [ 79900/160000]  lr: 0.0000e+00  eta: 8:47:08  time: 0.3713  data_time: 0.0097  memory: 5994  loss: nan  decode.loss_ce: nan  decode.acc_seg: 88.1752
2025/03/09 10:42:38 - mmengine - INFO - Iter(train) [ 79950/160000]  lr: 0.0000e+00  eta: 8:46:47  time: 0.3680  data_time: 0.0085  memory: 5994  loss: nan  decode.loss_ce: nan  decode.acc_seg: 78.4053
2025/03/09 10:42:57 - mmengine - INFO - Exp name: fpn_poolformer_s36_8x4_512x512_40k_ade20k_20250309_005445
2025/03/09 10:42:57 - mmengine - INFO - Iter(train) [ 80000/160000]  lr: 0.0000e+00  eta: 8:46:26  time: 0.3745  data_time: 0.0106  memory: 5994  loss: nan  decode.loss_ce: nan  decode.acc_seg: 99.6845
2025/03/09 10:43:16 - mmengine - INFO - Iter(train) [ 80050/160000]  lr: 0.0000e+00  eta: 8:46:05  time: 0.3710  data_time: 0.0101  memory: 5994  loss: nan  decode.loss_ce: nan  decode.acc_seg: 93.0125
2025/03/09 10:43:34 - mmengine - INFO - Iter(train) [ 80100/160000]  lr: 0.0000e+00  eta: 8:45:44  time: 0.3706  data_time: 0.0095  memory: 5994  loss: nan  decode.loss_ce: nan  decode.acc_seg: 94.8016
2025/03/09 10:43:53 - mmengine - INFO - Iter(train) [ 80150/160000]  lr: 0.0000e+00  eta: 8:45:24  time: 0.3723  data_time: 0.0098  memory: 5994  loss: nan  decode.loss_ce: nan  decode.acc_seg: 98.3464
2025/03/09 10:44:11 - mmengine - INFO - Iter(train) [ 80200/160000]  lr: 0.0000e+00  eta: 8:45:03  time: 0.3669  data_time: 0.0092  memory: 5994  loss: nan  decode.loss_ce: nan  decode.acc_seg: 92.7258
2025/03/09 10:44:30 - mmengine - INFO - Iter(train) [ 80250/160000]  lr: 0.0000e+00  eta: 8:44:42  time: 0.3690  data_time: 0.0095  memory: 5994  loss: nan  decode.loss_ce: nan  decode.acc_seg: 89.6861
2025/03/09 10:44:48 - mmengine - INFO - Iter(train) [ 80300/160000]  lr: 0.0000e+00  eta: 8:44:21  time: 0.3716  data_time: 0.0104  memory: 5994  loss: nan  decode.loss_ce: nan  decode.acc_seg: 98.1560
2025/03/09 10:45:07 - mmengine - INFO - Iter(train) [ 80350/160000]  lr: 0.0000e+00  eta: 8:44:00  time: 0.3718  data_time: 0.0103  memory: 5994  loss: nan  decode.loss_ce: nan  decode.acc_seg: 99.7381
2025/03/09 10:45:25 - mmengine - INFO - Iter(train) [ 80400/160000]  lr: 0.0000e+00  eta: 8:43:39  time: 0.3735  data_time: 0.0106  memory: 5994  loss: nan  decode.loss_ce: nan  decode.acc_seg: 91.5713
2025/03/09 10:45:44 - mmengine - INFO - Iter(train) [ 80450/160000]  lr: 0.0000e+00  eta: 8:43:18  time: 0.3719  data_time: 0.0092  memory: 5994  loss: nan  decode.loss_ce: nan  decode.acc_seg: 92.2317
2025/03/09 10:46:03 - mmengine - INFO - Iter(train) [ 80500/160000]  lr: 0.0000e+00  eta: 8:42:57  time: 0.3689  data_time: 0.0092  memory: 5994  loss: nan  decode.loss_ce: nan  decode.acc_seg: 95.4728
2025/03/09 10:46:12 - mmengine - INFO - Iter(val) [ 50/869]    eta: 0:02:28  time: 0.1791  data_time: 0.0024  memory: 810  
2025/03/09 10:46:21 - mmengine - INFO - Iter(val) [100/869]    eta: 0:02:18  time: 0.1787  data_time: 0.0022  memory: 810  
2025/03/09 10:46:30 - mmengine - INFO - Iter(val) [150/869]    eta: 0:02:09  time: 0.1789  data_time: 0.0024  memory: 810  
2025/03/09 10:46:39 - mmengine - INFO - Iter(val) [200/869]    eta: 0:02:00  time: 0.1787  data_time: 0.0023  memory: 810  
2025/03/09 10:46:47 - mmengine - INFO - Iter(val) [250/869]    eta: 0:01:51  time: 0.1792  data_time: 0.0024  memory: 810  
2025/03/09 10:46:56 - mmengine - INFO - Iter(val) [300/869]    eta: 0:01:42  time: 0.1789  data_time: 0.0023  memory: 810  
2025/03/09 10:47:05 - mmengine - INFO - Iter(val) [350/869]    eta: 0:01:33  time: 0.1789  data_time: 0.0023  memory: 810  
2025/03/09 10:47:14 - mmengine - INFO - Iter(val) [400/869]    eta: 0:01:24  time: 0.1788  data_time: 0.0024  memory: 810  
2025/03/09 10:47:23 - mmengine - INFO - Iter(val) [450/869]    eta: 0:01:15  time: 0.1789  data_time: 0.0025  memory: 810  
2025/03/09 10:47:32 - mmengine - INFO - Iter(val) [500/869]    eta: 0:01:06  time: 0.1790  data_time: 0.0024  memory: 810  
2025/03/09 10:47:41 - mmengine - INFO - Iter(val) [550/869]    eta: 0:00:57  time: 0.1786  data_time: 0.0024  memory: 810  
2025/03/09 10:47:50 - mmengine - INFO - Iter(val) [600/869]    eta: 0:00:48  time: 0.1786  data_time: 0.0021  memory: 810  
2025/03/09 10:47:59 - mmengine - INFO - Iter(val) [650/869]    eta: 0:00:39  time: 0.1786  data_time: 0.0025  memory: 810  
2025/03/09 10:48:08 - mmengine - INFO - Iter(val) [700/869]    eta: 0:00:30  time: 0.1781  data_time: 0.0027  memory: 810  
2025/03/09 10:48:17 - mmengine - INFO - Iter(val) [750/869]    eta: 0:00:21  time: 0.1783  data_time: 0.0024  memory: 810  
2025/03/09 10:48:26 - mmengine - INFO - Iter(val) [800/869]    eta: 0:00:12  time: 0.1787  data_time: 0.0025  memory: 810  
2025/03/09 10:48:35 - mmengine - INFO - Iter(val) [850/869]    eta: 0:00:03  time: 0.1791  data_time: 0.0024  memory: 810  
2025/03/09 10:48:38 - mmengine - INFO - per class results:
2025/03/09 10:48:38 - mmengine - INFO - 
+------------+-------+-------+--------+-----------+--------+
|   Class    |  IoU  |  Acc  | Fscore | Precision | Recall |
+------------+-------+-------+--------+-----------+--------+
| background | 95.91 | 100.0 | 97.91  |   95.91   | 100.0  |
|    ghaf    |  0.0  |  0.0  |  nan   |    nan    |  0.0   |
+------------+-------+-------+--------+-----------+--------+
2025/03/09 10:48:38 - mmengine - INFO - Iter(val) [869/869]    aAcc: 95.9100  mIoU: 47.9600  mAcc: 50.0000  mFscore: 97.9100  mPrecision: 95.9100  mRecall: 50.0000  data_time: 0.0026  time: 0.1791
2025/03/09 10:48:57 - mmengine - INFO - Iter(train) [ 80550/160000]  lr: 0.0000e+00  eta: 8:42:36  time: 0.3715  data_time: 0.0101  memory: 5994  loss: nan  decode.loss_ce: nan  decode.acc_seg: 100.0000
2025/03/09 10:49:15 - mmengine - INFO - Iter(train) [ 80600/160000]  lr: 0.0000e+00  eta: 8:42:15  time: 0.3706  data_time: 0.0095  memory: 5994  loss: nan  decode.loss_ce: nan  decode.acc_seg: 100.0000
2025/03/09 10:49:34 - mmengine - INFO - Iter(train) [ 80650/160000]  lr: 0.0000e+00  eta: 8:41:54  time: 0.3692  data_time: 0.0093  memory: 5994  loss: nan  decode.loss_ce: nan  decode.acc_seg: 96.9773
2025/03/09 10:49:53 - mmengine - INFO - Iter(train) [ 80700/160000]  lr: 0.0000e+00  eta: 8:41:34  time: 0.3713  data_time: 0.0099  memory: 5994  loss: nan  decode.loss_ce: nan  decode.acc_seg: 93.3229
2025/03/09 10:50:11 - mmengine - INFO - Iter(train) [ 80750/160000]  lr: 0.0000e+00  eta: 8:41:13  time: 0.3733  data_time: 0.0103  memory: 5994  loss: nan  decode.loss_ce: nan  decode.acc_seg: 96.7843
2025/03/09 10:50:30 - mmengine - INFO - Iter(train) [ 80800/160000]  lr: 0.0000e+00  eta: 8:40:52  time: 0.3728  data_time: 0.0096  memory: 5994  loss: nan  decode.loss_ce: nan  decode.acc_seg: 97.6904
2025/03/09 10:50:49 - mmengine - INFO - Iter(train) [ 80850/160000]  lr: 0.0000e+00  eta: 8:40:31  time: 0.3705  data_time: 0.0102  memory: 5994  loss: nan  decode.loss_ce: nan  decode.acc_seg: 99.5040
2025/03/09 10:51:07 - mmengine - INFO - Iter(train) [ 80900/160000]  lr: 0.0000e+00  eta: 8:40:10  time: 0.3734  data_time: 0.0092  memory: 5994  loss: nan  decode.loss_ce: nan  decode.acc_seg: 98.6655
2025/03/09 10:51:26 - mmengine - INFO - Iter(train) [ 80950/160000]  lr: 0.0000e+00  eta: 8:39:49  time: 0.3697  data_time: 0.0099  memory: 5994  loss: nan  decode.loss_ce: nan  decode.acc_seg: 87.4708
2025/03/09 10:51:44 - mmengine - INFO - Exp name: fpn_poolformer_s36_8x4_512x512_40k_ade20k_20250309_005445
2025/03/09 10:51:44 - mmengine - INFO - Iter(train) [ 81000/160000]  lr: 0.0000e+00  eta: 8:39:29  time: 0.3711  data_time: 0.0093  memory: 5994  loss: nan  decode.loss_ce: nan  decode.acc_seg: 97.9102
2025/03/09 10:52:03 - mmengine - INFO - Iter(train) [ 81050/160000]  lr: 0.0000e+00  eta: 8:39:08  time: 0.3730  data_time: 0.0102  memory: 5994  loss: nan  decode.loss_ce: nan  decode.acc_seg: 95.6854
2025/03/09 10:52:22 - mmengine - INFO - Iter(train) [ 81100/160000]  lr: 0.0000e+00  eta: 8:38:47  time: 0.3661  data_time: 0.0089  memory: 5994  loss: nan  decode.loss_ce: nan  decode.acc_seg: 95.8780
2025/03/09 10:52:40 - mmengine - INFO - Iter(train) [ 81150/160000]  lr: 0.0000e+00  eta: 8:38:26  time: 0.3670  data_time: 0.0090  memory: 5994  loss: nan  decode.loss_ce: nan  decode.acc_seg: 99.6691
2025/03/09 10:52:59 - mmengine - INFO - Iter(train) [ 81200/160000]  lr: 0.0000e+00  eta: 8:38:05  time: 0.3727  data_time: 0.0098  memory: 5994  loss: nan  decode.loss_ce: nan  decode.acc_seg: 96.2870
2025/03/09 10:53:17 - mmengine - INFO - Iter(train) [ 81250/160000]  lr: 0.0000e+00  eta: 8:37:44  time: 0.3697  data_time: 0.0093  memory: 5994  loss: nan  decode.loss_ce: nan  decode.acc_seg: 82.6578
2025/03/09 10:53:36 - mmengine - INFO - Iter(train) [ 81300/160000]  lr: 0.0000e+00  eta: 8:37:24  time: 0.3703  data_time: 0.0089  memory: 5994  loss: nan  decode.loss_ce: nan  decode.acc_seg: 98.0773
2025/03/09 10:53:54 - mmengine - INFO - Iter(train) [ 81350/160000]  lr: 0.0000e+00  eta: 8:37:03  time: 0.3712  data_time: 0.0097  memory: 5994  loss: nan  decode.loss_ce: nan  decode.acc_seg: 99.5677
2025/03/09 10:54:13 - mmengine - INFO - Iter(train) [ 81400/160000]  lr: 0.0000e+00  eta: 8:36:42  time: 0.3730  data_time: 0.0096  memory: 5994  loss: nan  decode.loss_ce: nan  decode.acc_seg: 93.3426
2025/03/09 10:54:32 - mmengine - INFO - Iter(train) [ 81450/160000]  lr: 0.0000e+00  eta: 8:36:21  time: 0.3700  data_time: 0.0093  memory: 5994  loss: nan  decode.loss_ce: nan  decode.acc_seg: 97.7531
2025/03/09 10:54:50 - mmengine - INFO - Iter(train) [ 81500/160000]  lr: 0.0000e+00  eta: 8:36:00  time: 0.3710  data_time: 0.0098  memory: 5994  loss: nan  decode.loss_ce: nan  decode.acc_seg: 88.5850
2025/03/09 10:55:09 - mmengine - INFO - Iter(train) [ 81550/160000]  lr: 0.0000e+00  eta: 8:35:39  time: 0.3724  data_time: 0.0106  memory: 5994  loss: nan  decode.loss_ce: nan  decode.acc_seg: 93.0710
2025/03/09 10:55:27 - mmengine - INFO - Iter(train) [ 81600/160000]  lr: 0.0000e+00  eta: 8:35:19  time: 0.3688  data_time: 0.0096  memory: 5994  loss: nan  decode.loss_ce: nan  decode.acc_seg: 76.9516
2025/03/09 10:55:27 - mmengine - INFO - Saving checkpoint at 81600 iterations
2025/03/09 10:55:51 - mmengine - INFO - Iter(train) [ 81650/160000]  lr: 0.0000e+00  eta: 8:35:02  time: 0.3644  data_time: 0.0077  memory: 5994  loss: nan  decode.loss_ce: nan  decode.acc_seg: 96.8062
2025/03/09 10:56:09 - mmengine - INFO - Iter(train) [ 81700/160000]  lr: 0.0000e+00  eta: 8:34:41  time: 0.3692  data_time: 0.0089  memory: 5994  loss: nan  decode.loss_ce: nan  decode.acc_seg: 96.2425
2025/03/09 10:56:28 - mmengine - INFO - Iter(train) [ 81750/160000]  lr: 0.0000e+00  eta: 8:34:20  time: 0.3731  data_time: 0.0101  memory: 5994  loss: nan  decode.loss_ce: nan  decode.acc_seg: 93.0648
2025/03/09 10:56:46 - mmengine - INFO - Iter(train) [ 81800/160000]  lr: 0.0000e+00  eta: 8:33:59  time: 0.3683  data_time: 0.0089  memory: 5994  loss: nan  decode.loss_ce: nan  decode.acc_seg: 98.7200
2025/03/09 10:57:05 - mmengine - INFO - Iter(train) [ 81850/160000]  lr: 0.0000e+00  eta: 8:33:39  time: 0.3719  data_time: 0.0092  memory: 5994  loss: nan  decode.loss_ce: nan  decode.acc_seg: 95.4826
2025/03/09 10:57:23 - mmengine - INFO - Iter(train) [ 81900/160000]  lr: 0.0000e+00  eta: 8:33:18  time: 0.3690  data_time: 0.0089  memory: 5994  loss: nan  decode.loss_ce: nan  decode.acc_seg: 96.3924
2025/03/09 10:57:42 - mmengine - INFO - Iter(train) [ 81950/160000]  lr: 0.0000e+00  eta: 8:32:57  time: 0.3675  data_time: 0.0084  memory: 5994  loss: nan  decode.loss_ce: nan  decode.acc_seg: 93.0144
2025/03/09 11:00:13 - mmengine - INFO - Exp name: fpn_poolformer_s36_8x4_512x512_40k_ade20k_20250309_005445
2025/03/09 11:00:13 - mmengine - INFO - Iter(train) [ 82000/160000]  lr: 0.0000e+00  eta: 8:34:43  time: 13.7004  data_time: 0.0085  memory: 5994  loss: nan  decode.loss_ce: nan  decode.acc_seg: 94.7698
2025/03/09 11:00:31 - mmengine - INFO - Iter(train) [ 82050/160000]  lr: 0.0000e+00  eta: 8:34:21  time: 0.3480  data_time: 0.0073  memory: 5994  loss: nan  decode.loss_ce: nan  decode.acc_seg: 98.7834
2025/03/09 11:00:48 - mmengine - INFO - Iter(train) [ 82100/160000]  lr: 0.0000e+00  eta: 8:33:59  time: 0.3506  data_time: 0.0076  memory: 5994  loss: nan  decode.loss_ce: nan  decode.acc_seg: 94.3698
2025/03/09 11:01:06 - mmengine - INFO - Iter(train) [ 82150/160000]  lr: 0.0000e+00  eta: 8:33:37  time: 0.3519  data_time: 0.0072  memory: 5994  loss: nan  decode.loss_ce: nan  decode.acc_seg: 96.9738
2025/03/09 11:01:24 - mmengine - INFO - Iter(train) [ 82200/160000]  lr: 0.0000e+00  eta: 8:33:15  time: 0.3526  data_time: 0.0074  memory: 5994  loss: nan  decode.loss_ce: nan  decode.acc_seg: 97.2552
2025/03/09 11:01:42 - mmengine - INFO - Iter(train) [ 82250/160000]  lr: 0.0000e+00  eta: 8:32:54  time: 0.3670  data_time: 0.0090  memory: 5994  loss: nan  decode.loss_ce: nan  decode.acc_seg: 82.8395
2025/03/09 11:02:00 - mmengine - INFO - Iter(train) [ 82300/160000]  lr: 0.0000e+00  eta: 8:32:33  time: 0.3659  data_time: 0.0087  memory: 5994  loss: nan  decode.loss_ce: nan  decode.acc_seg: 99.9826
2025/03/09 11:02:19 - mmengine - INFO - Iter(train) [ 82350/160000]  lr: 0.0000e+00  eta: 8:32:12  time: 0.3704  data_time: 0.0095  memory: 5994  loss: nan  decode.loss_ce: nan  decode.acc_seg: 98.5766
2025/03/09 11:02:37 - mmengine - INFO - Iter(train) [ 82400/160000]  lr: 0.0000e+00  eta: 8:31:51  time: 0.3690  data_time: 0.0090  memory: 5994  loss: nan  decode.loss_ce: nan  decode.acc_seg: 99.6345
2025/03/09 11:02:56 - mmengine - INFO - Iter(train) [ 82450/160000]  lr: 0.0000e+00  eta: 8:31:30  time: 0.3665  data_time: 0.0085  memory: 5994  loss: nan  decode.loss_ce: nan  decode.acc_seg: 99.9911
2025/03/09 11:03:14 - mmengine - INFO - Iter(train) [ 82500/160000]  lr: 0.0000e+00  eta: 8:31:09  time: 0.3699  data_time: 0.0095  memory: 5994  loss: nan  decode.loss_ce: nan  decode.acc_seg: 100.0000
2025/03/09 11:03:33 - mmengine - INFO - Iter(train) [ 82550/160000]  lr: 0.0000e+00  eta: 8:30:48  time: 0.3716  data_time: 0.0086  memory: 5994  loss: nan  decode.loss_ce: nan  decode.acc_seg: 99.4836
2025/03/09 11:03:51 - mmengine - INFO - Iter(train) [ 82600/160000]  lr: 0.0000e+00  eta: 8:30:27  time: 0.3703  data_time: 0.0094  memory: 5994  loss: nan  decode.loss_ce: nan  decode.acc_seg: 100.0000
2025/03/09 11:04:10 - mmengine - INFO - Iter(train) [ 82650/160000]  lr: 0.0000e+00  eta: 8:30:06  time: 0.3689  data_time: 0.0091  memory: 5994  loss: nan  decode.loss_ce: nan  decode.acc_seg: 94.3340
2025/03/09 11:04:28 - mmengine - INFO - Iter(train) [ 82700/160000]  lr: 0.0000e+00  eta: 8:29:45  time: 0.3670  data_time: 0.0084  memory: 5994  loss: nan  decode.loss_ce: nan  decode.acc_seg: 96.2936
2025/03/09 11:04:47 - mmengine - INFO - Iter(train) [ 82750/160000]  lr: 0.0000e+00  eta: 8:29:23  time: 0.3689  data_time: 0.0092  memory: 5994  loss: nan  decode.loss_ce: nan  decode.acc_seg: 98.5828
2025/03/09 11:05:05 - mmengine - INFO - Iter(train) [ 82800/160000]  lr: 0.0000e+00  eta: 8:29:02  time: 0.3665  data_time: 0.0084  memory: 5994  loss: nan  decode.loss_ce: nan  decode.acc_seg: 83.7174
2025/03/09 11:05:23 - mmengine - INFO - Iter(train) [ 82850/160000]  lr: 0.0000e+00  eta: 8:28:41  time: 0.3690  data_time: 0.0091  memory: 5994  loss: nan  decode.loss_ce: nan  decode.acc_seg: 99.6955
2025/03/09 11:05:42 - mmengine - INFO - Iter(train) [ 82900/160000]  lr: 0.0000e+00  eta: 8:28:20  time: 0.3702  data_time: 0.0090  memory: 5994  loss: nan  decode.loss_ce: nan  decode.acc_seg: 92.6853
2025/03/09 11:06:00 - mmengine - INFO - Iter(train) [ 82950/160000]  lr: 0.0000e+00  eta: 8:27:59  time: 0.3693  data_time: 0.0091  memory: 5994  loss: nan  decode.loss_ce: nan  decode.acc_seg: 98.5754
2025/03/09 11:06:19 - mmengine - INFO - Exp name: fpn_poolformer_s36_8x4_512x512_40k_ade20k_20250309_005445
2025/03/09 11:06:19 - mmengine - INFO - Iter(train) [ 83000/160000]  lr: 0.0000e+00  eta: 8:27:38  time: 0.3684  data_time: 0.0083  memory: 5994  loss: nan  decode.loss_ce: nan  decode.acc_seg: 96.8899
2025/03/09 11:06:37 - mmengine - INFO - Iter(train) [ 83050/160000]  lr: 0.0000e+00  eta: 8:27:17  time: 0.3727  data_time: 0.0092  memory: 5994  loss: nan  decode.loss_ce: nan  decode.acc_seg: 96.2059
2025/03/09 11:06:56 - mmengine - INFO - Iter(train) [ 83100/160000]  lr: 0.0000e+00  eta: 8:26:56  time: 0.3717  data_time: 0.0087  memory: 5994  loss: nan  decode.loss_ce: nan  decode.acc_seg: 98.3886
2025/03/09 11:07:14 - mmengine - INFO - Iter(train) [ 83150/160000]  lr: 0.0000e+00  eta: 8:26:36  time: 0.3718  data_time: 0.0091  memory: 5994  loss: nan  decode.loss_ce: nan  decode.acc_seg: 98.0691
2025/03/09 11:07:33 - mmengine - INFO - Iter(train) [ 83200/160000]  lr: 0.0000e+00  eta: 8:26:15  time: 0.3723  data_time: 0.0093  memory: 5994  loss: nan  decode.loss_ce: nan  decode.acc_seg: 92.5373
2025/03/09 11:07:52 - mmengine - INFO - Iter(train) [ 83250/160000]  lr: 0.0000e+00  eta: 8:25:54  time: 0.3708  data_time: 0.0096  memory: 5994  loss: nan  decode.loss_ce: nan  decode.acc_seg: 89.3456
2025/03/09 11:08:10 - mmengine - INFO - Iter(train) [ 83300/160000]  lr: 0.0000e+00  eta: 8:25:33  time: 0.3688  data_time: 0.0091  memory: 5994  loss: nan  decode.loss_ce: nan  decode.acc_seg: 88.9331
2025/03/09 11:08:28 - mmengine - INFO - Iter(train) [ 83350/160000]  lr: 0.0000e+00  eta: 8:25:12  time: 0.3673  data_time: 0.0086  memory: 5994  loss: nan  decode.loss_ce: nan  decode.acc_seg: 97.0757
2025/03/09 11:08:47 - mmengine - INFO - Iter(train) [ 83400/160000]  lr: 0.0000e+00  eta: 8:24:51  time: 0.3694  data_time: 0.0091  memory: 5994  loss: nan  decode.loss_ce: nan  decode.acc_seg: 96.4899
2025/03/09 11:09:06 - mmengine - INFO - Iter(train) [ 83450/160000]  lr: 0.0000e+00  eta: 8:24:30  time: 0.3698  data_time: 0.0084  memory: 5994  loss: nan  decode.loss_ce: nan  decode.acc_seg: 98.8897
2025/03/09 11:09:24 - mmengine - INFO - Iter(train) [ 83500/160000]  lr: 0.0000e+00  eta: 8:24:09  time: 0.3718  data_time: 0.0088  memory: 5994  loss: nan  decode.loss_ce: nan  decode.acc_seg: 94.4892
2025/03/09 11:09:43 - mmengine - INFO - Iter(train) [ 83550/160000]  lr: 0.0000e+00  eta: 8:23:48  time: 0.3711  data_time: 0.0085  memory: 5994  loss: nan  decode.loss_ce: nan  decode.acc_seg: 97.7652
2025/03/09 11:10:01 - mmengine - INFO - Iter(train) [ 83600/160000]  lr: 0.0000e+00  eta: 8:23:27  time: 0.3688  data_time: 0.0087  memory: 5994  loss: nan  decode.loss_ce: nan  decode.acc_seg: 96.6786
2025/03/09 11:10:20 - mmengine - INFO - Iter(train) [ 83650/160000]  lr: 0.0000e+00  eta: 8:23:06  time: 0.3696  data_time: 0.0084  memory: 5994  loss: nan  decode.loss_ce: nan  decode.acc_seg: 96.5868
2025/03/09 11:10:38 - mmengine - INFO - Iter(train) [ 83700/160000]  lr: 0.0000e+00  eta: 8:22:45  time: 0.3670  data_time: 0.0090  memory: 5994  loss: nan  decode.loss_ce: nan  decode.acc_seg: 95.8365
2025/03/09 11:10:57 - mmengine - INFO - Iter(train) [ 83750/160000]  lr: 0.0000e+00  eta: 8:22:24  time: 0.3674  data_time: 0.0085  memory: 5994  loss: nan  decode.loss_ce: nan  decode.acc_seg: 90.5521
2025/03/09 11:11:15 - mmengine - INFO - Iter(train) [ 83800/160000]  lr: 0.0000e+00  eta: 8:22:03  time: 0.3711  data_time: 0.0094  memory: 5994  loss: nan  decode.loss_ce: nan  decode.acc_seg: 98.8493
2025/03/09 11:11:34 - mmengine - INFO - Iter(train) [ 83850/160000]  lr: 0.0000e+00  eta: 8:21:42  time: 0.3713  data_time: 0.0087  memory: 5994  loss: nan  decode.loss_ce: nan  decode.acc_seg: 95.9712
2025/03/09 11:11:52 - mmengine - INFO - Iter(train) [ 83900/160000]  lr: 0.0000e+00  eta: 8:21:22  time: 0.3687  data_time: 0.0099  memory: 5994  loss: nan  decode.loss_ce: nan  decode.acc_seg: 97.8447
2025/03/09 11:12:11 - mmengine - INFO - Iter(train) [ 83950/160000]  lr: 0.0000e+00  eta: 8:21:01  time: 0.3672  data_time: 0.0086  memory: 5994  loss: nan  decode.loss_ce: nan  decode.acc_seg: 97.7051
2025/03/09 11:12:29 - mmengine - INFO - Exp name: fpn_poolformer_s36_8x4_512x512_40k_ade20k_20250309_005445
2025/03/09 11:12:29 - mmengine - INFO - Iter(train) [ 84000/160000]  lr: 0.0000e+00  eta: 8:20:40  time: 0.3702  data_time: 0.0097  memory: 5994  loss: nan  decode.loss_ce: nan  decode.acc_seg: 97.7341
2025/03/09 11:12:38 - mmengine - INFO - Iter(val) [ 50/869]    eta: 0:02:29  time: 0.1807  data_time: 0.0022  memory: 810  
2025/03/09 11:12:47 - mmengine - INFO - Iter(val) [100/869]    eta: 0:02:19  time: 0.1793  data_time: 0.0021  memory: 810  
2025/03/09 11:12:56 - mmengine - INFO - Iter(val) [150/869]    eta: 0:02:09  time: 0.1805  data_time: 0.0026  memory: 810  
2025/03/09 11:13:05 - mmengine - INFO - Iter(val) [200/869]    eta: 0:02:00  time: 0.1812  data_time: 0.0027  memory: 810  
2025/03/09 11:13:14 - mmengine - INFO - Iter(val) [250/869]    eta: 0:01:51  time: 0.1792  data_time: 0.0023  memory: 810  
2025/03/09 11:13:23 - mmengine - INFO - Iter(val) [300/869]    eta: 0:01:42  time: 0.1792  data_time: 0.0024  memory: 810  
2025/03/09 11:13:32 - mmengine - INFO - Iter(val) [350/869]    eta: 0:01:33  time: 0.1791  data_time: 0.0022  memory: 810  
2025/03/09 11:13:41 - mmengine - INFO - Iter(val) [400/869]    eta: 0:01:24  time: 0.1789  data_time: 0.0024  memory: 810  
2025/03/09 11:13:50 - mmengine - INFO - Iter(val) [450/869]    eta: 0:01:15  time: 0.1815  data_time: 0.0023  memory: 810  
2025/03/09 11:13:59 - mmengine - INFO - Iter(val) [500/869]    eta: 0:01:06  time: 0.1787  data_time: 0.0023  memory: 810  
2025/03/09 11:14:08 - mmengine - INFO - Iter(val) [550/869]    eta: 0:00:57  time: 0.1789  data_time: 0.0025  memory: 810  
2025/03/09 11:14:17 - mmengine - INFO - Iter(val) [600/869]    eta: 0:00:48  time: 0.1789  data_time: 0.0023  memory: 810  
2025/03/09 11:14:26 - mmengine - INFO - Iter(val) [650/869]    eta: 0:00:39  time: 0.1790  data_time: 0.0024  memory: 810  
2025/03/09 11:14:35 - mmengine - INFO - Iter(val) [700/869]    eta: 0:00:30  time: 0.1788  data_time: 0.0023  memory: 810  
2025/03/09 11:14:44 - mmengine - INFO - Iter(val) [750/869]    eta: 0:00:21  time: 0.1786  data_time: 0.0022  memory: 810  
2025/03/09 11:14:53 - mmengine - INFO - Iter(val) [800/869]    eta: 0:00:12  time: 0.1788  data_time: 0.0024  memory: 810  
2025/03/09 11:15:02 - mmengine - INFO - Iter(val) [850/869]    eta: 0:00:03  time: 0.1787  data_time: 0.0025  memory: 810  
2025/03/09 11:15:05 - mmengine - INFO - per class results:
2025/03/09 11:15:05 - mmengine - INFO - 
+------------+-------+-------+--------+-----------+--------+
|   Class    |  IoU  |  Acc  | Fscore | Precision | Recall |
+------------+-------+-------+--------+-----------+--------+
| background | 95.91 | 100.0 | 97.91  |   95.91   | 100.0  |
|    ghaf    |  0.0  |  0.0  |  nan   |    nan    |  0.0   |
+------------+-------+-------+--------+-----------+--------+
2025/03/09 11:15:05 - mmengine - INFO - Iter(val) [869/869]    aAcc: 95.9100  mIoU: 47.9600  mAcc: 50.0000  mFscore: 97.9100  mPrecision: 95.9100  mRecall: 50.0000  data_time: 0.0026  time: 0.1795
2025/03/09 11:15:24 - mmengine - INFO - Iter(train) [ 84050/160000]  lr: 0.0000e+00  eta: 8:20:19  time: 0.3686  data_time: 0.0091  memory: 5994  loss: nan  decode.loss_ce: nan  decode.acc_seg: 97.1569
2025/03/09 11:15:42 - mmengine - INFO - Iter(train) [ 84100/160000]  lr: 0.0000e+00  eta: 8:19:58  time: 0.3679  data_time: 0.0089  memory: 5994  loss: nan  decode.loss_ce: nan  decode.acc_seg: 98.6690
2025/03/09 11:16:01 - mmengine - INFO - Iter(train) [ 84150/160000]  lr: 0.0000e+00  eta: 8:19:37  time: 0.3706  data_time: 0.0090  memory: 5994  loss: nan  decode.loss_ce: nan  decode.acc_seg: 87.3246
2025/03/09 11:16:19 - mmengine - INFO - Iter(train) [ 84200/160000]  lr: 0.0000e+00  eta: 8:19:16  time: 0.3734  data_time: 0.0092  memory: 5994  loss: nan  decode.loss_ce: nan  decode.acc_seg: 98.2162
2025/03/09 11:16:38 - mmengine - INFO - Iter(train) [ 84250/160000]  lr: 0.0000e+00  eta: 8:18:55  time: 0.3695  data_time: 0.0090  memory: 5994  loss: nan  decode.loss_ce: nan  decode.acc_seg: 97.6987
2025/03/09 11:16:57 - mmengine - INFO - Iter(train) [ 84300/160000]  lr: 0.0000e+00  eta: 8:18:34  time: 0.3716  data_time: 0.0091  memory: 5994  loss: nan  decode.loss_ce: nan  decode.acc_seg: 99.1574
2025/03/09 11:17:15 - mmengine - INFO - Iter(train) [ 84350/160000]  lr: 0.0000e+00  eta: 8:18:14  time: 0.3718  data_time: 0.0093  memory: 5994  loss: nan  decode.loss_ce: nan  decode.acc_seg: 99.8993
2025/03/09 11:17:34 - mmengine - INFO - Iter(train) [ 84400/160000]  lr: 0.0000e+00  eta: 8:17:53  time: 0.3726  data_time: 0.0092  memory: 5994  loss: nan  decode.loss_ce: nan  decode.acc_seg: 88.0358
2025/03/09 11:17:52 - mmengine - INFO - Iter(train) [ 84450/160000]  lr: 0.0000e+00  eta: 8:17:32  time: 0.3690  data_time: 0.0091  memory: 5994  loss: nan  decode.loss_ce: nan  decode.acc_seg: 87.7382
2025/03/09 11:18:11 - mmengine - INFO - Iter(train) [ 84500/160000]  lr: 0.0000e+00  eta: 8:17:11  time: 0.3724  data_time: 0.0093  memory: 5994  loss: nan  decode.loss_ce: nan  decode.acc_seg: 96.3301
2025/03/09 11:18:29 - mmengine - INFO - Iter(train) [ 84550/160000]  lr: 0.0000e+00  eta: 8:16:50  time: 0.3690  data_time: 0.0091  memory: 5994  loss: nan  decode.loss_ce: nan  decode.acc_seg: 99.0998
2025/03/09 11:18:48 - mmengine - INFO - Iter(train) [ 84600/160000]  lr: 0.0000e+00  eta: 8:16:29  time: 0.3696  data_time: 0.0086  memory: 5994  loss: nan  decode.loss_ce: nan  decode.acc_seg: 98.1553
2025/03/09 11:19:06 - mmengine - INFO - Iter(train) [ 84650/160000]  lr: 0.0000e+00  eta: 8:16:08  time: 0.3705  data_time: 0.0090  memory: 5994  loss: nan  decode.loss_ce: nan  decode.acc_seg: 96.7876
2025/03/09 11:19:25 - mmengine - INFO - Iter(train) [ 84700/160000]  lr: 0.0000e+00  eta: 8:15:48  time: 0.3701  data_time: 0.0093  memory: 5994  loss: nan  decode.loss_ce: nan  decode.acc_seg: 93.6580
2025/03/09 11:19:43 - mmengine - INFO - Iter(train) [ 84750/160000]  lr: 0.0000e+00  eta: 8:15:27  time: 0.3701  data_time: 0.0091  memory: 5994  loss: nan  decode.loss_ce: nan  decode.acc_seg: 97.8172
2025/03/09 11:20:02 - mmengine - INFO - Iter(train) [ 84800/160000]  lr: 0.0000e+00  eta: 8:15:06  time: 0.3703  data_time: 0.0084  memory: 5994  loss: nan  decode.loss_ce: nan  decode.acc_seg: 96.7125
2025/03/09 11:20:20 - mmengine - INFO - Iter(train) [ 84850/160000]  lr: 0.0000e+00  eta: 8:14:45  time: 0.3713  data_time: 0.0090  memory: 5994  loss: nan  decode.loss_ce: nan  decode.acc_seg: 90.7411
2025/03/09 11:20:39 - mmengine - INFO - Iter(train) [ 84900/160000]  lr: 0.0000e+00  eta: 8:14:24  time: 0.3711  data_time: 0.0090  memory: 5994  loss: nan  decode.loss_ce: nan  decode.acc_seg: 97.8920
2025/03/09 11:20:58 - mmengine - INFO - Iter(train) [ 84950/160000]  lr: 0.0000e+00  eta: 8:14:03  time: 0.3701  data_time: 0.0092  memory: 5994  loss: nan  decode.loss_ce: nan  decode.acc_seg: 84.4303
2025/03/09 11:21:16 - mmengine - INFO - Exp name: fpn_poolformer_s36_8x4_512x512_40k_ade20k_20250309_005445
2025/03/09 11:21:16 - mmengine - INFO - Iter(train) [ 85000/160000]  lr: 0.0000e+00  eta: 8:13:43  time: 0.3720  data_time: 0.0090  memory: 5994  loss: nan  decode.loss_ce: nan  decode.acc_seg: 97.2026
2025/03/09 11:21:16 - mmengine - INFO - Saving checkpoint at 85000 iterations
2025/03/09 11:21:40 - mmengine - INFO - Iter(train) [ 85050/160000]  lr: 0.0000e+00  eta: 8:13:27  time: 0.3693  data_time: 0.0088  memory: 5994  loss: nan  decode.loss_ce: nan  decode.acc_seg: 99.5178
2025/03/09 11:21:59 - mmengine - INFO - Iter(train) [ 85100/160000]  lr: 0.0000e+00  eta: 8:13:06  time: 0.3685  data_time: 0.0089  memory: 5994  loss: nan  decode.loss_ce: nan  decode.acc_seg: 92.3526
2025/03/09 11:22:17 - mmengine - INFO - Iter(train) [ 85150/160000]  lr: 0.0000e+00  eta: 8:12:45  time: 0.3675  data_time: 0.0085  memory: 5994  loss: nan  decode.loss_ce: nan  decode.acc_seg: 92.4752
2025/03/09 11:22:36 - mmengine - INFO - Iter(train) [ 85200/160000]  lr: 0.0000e+00  eta: 8:12:24  time: 0.3693  data_time: 0.0090  memory: 5994  loss: nan  decode.loss_ce: nan  decode.acc_seg: 98.4677
2025/03/09 11:22:54 - mmengine - INFO - Iter(train) [ 85250/160000]  lr: 0.0000e+00  eta: 8:12:03  time: 0.3709  data_time: 0.0092  memory: 5994  loss: nan  decode.loss_ce: nan  decode.acc_seg: 94.7600
2025/03/09 11:23:13 - mmengine - INFO - Iter(train) [ 85300/160000]  lr: 0.0000e+00  eta: 8:11:42  time: 0.3696  data_time: 0.0089  memory: 5994  loss: nan  decode.loss_ce: nan  decode.acc_seg: 96.6589
2025/03/09 11:23:31 - mmengine - INFO - Iter(train) [ 85350/160000]  lr: 0.0000e+00  eta: 8:11:22  time: 0.3681  data_time: 0.0084  memory: 5994  loss: nan  decode.loss_ce: nan  decode.acc_seg: 99.8633
2025/03/09 11:23:50 - mmengine - INFO - Iter(train) [ 85400/160000]  lr: 0.0000e+00  eta: 8:11:01  time: 0.3704  data_time: 0.0091  memory: 5994  loss: nan  decode.loss_ce: nan  decode.acc_seg: 98.6744
2025/03/09 11:24:08 - mmengine - INFO - Iter(train) [ 85450/160000]  lr: 0.0000e+00  eta: 8:10:40  time: 0.3695  data_time: 0.0088  memory: 5994  loss: nan  decode.loss_ce: nan  decode.acc_seg: 93.7419
2025/03/09 11:24:27 - mmengine - INFO - Iter(train) [ 85500/160000]  lr: 0.0000e+00  eta: 8:10:19  time: 0.3712  data_time: 0.0086  memory: 5994  loss: nan  decode.loss_ce: nan  decode.acc_seg: 99.5172
2025/03/09 11:24:45 - mmengine - INFO - Iter(train) [ 85550/160000]  lr: 0.0000e+00  eta: 8:09:58  time: 0.3704  data_time: 0.0090  memory: 5994  loss: nan  decode.loss_ce: nan  decode.acc_seg: 97.1937
2025/03/09 11:25:04 - mmengine - INFO - Iter(train) [ 85600/160000]  lr: 0.0000e+00  eta: 8:09:38  time: 0.3711  data_time: 0.0099  memory: 5994  loss: nan  decode.loss_ce: nan  decode.acc_seg: 92.9643
2025/03/09 11:25:23 - mmengine - INFO - Iter(train) [ 85650/160000]  lr: 0.0000e+00  eta: 8:09:17  time: 0.3722  data_time: 0.0085  memory: 5994  loss: nan  decode.loss_ce: nan  decode.acc_seg: 96.8517
2025/03/09 11:25:41 - mmengine - INFO - Iter(train) [ 85700/160000]  lr: 0.0000e+00  eta: 8:08:56  time: 0.3665  data_time: 0.0086  memory: 5994  loss: nan  decode.loss_ce: nan  decode.acc_seg: 95.1148
2025/03/09 11:25:59 - mmengine - INFO - Iter(train) [ 85750/160000]  lr: 0.0000e+00  eta: 8:08:35  time: 0.3685  data_time: 0.0089  memory: 5994  loss: nan  decode.loss_ce: nan  decode.acc_seg: 95.1445
2025/03/09 11:26:18 - mmengine - INFO - Iter(train) [ 85800/160000]  lr: 0.0000e+00  eta: 8:08:14  time: 0.3688  data_time: 0.0089  memory: 5994  loss: nan  decode.loss_ce: nan  decode.acc_seg: 95.7496
2025/03/09 11:26:36 - mmengine - INFO - Iter(train) [ 85850/160000]  lr: 0.0000e+00  eta: 8:07:53  time: 0.3706  data_time: 0.0094  memory: 5994  loss: nan  decode.loss_ce: nan  decode.acc_seg: 84.2903
2025/03/09 11:26:55 - mmengine - INFO - Iter(train) [ 85900/160000]  lr: 0.0000e+00  eta: 8:07:32  time: 0.3700  data_time: 0.0091  memory: 5994  loss: nan  decode.loss_ce: nan  decode.acc_seg: 100.0000
2025/03/09 11:27:13 - mmengine - INFO - Iter(train) [ 85950/160000]  lr: 0.0000e+00  eta: 8:07:12  time: 0.3695  data_time: 0.0093  memory: 5994  loss: nan  decode.loss_ce: nan  decode.acc_seg: 98.5252
2025/03/09 11:27:32 - mmengine - INFO - Exp name: fpn_poolformer_s36_8x4_512x512_40k_ade20k_20250309_005445
2025/03/09 11:27:32 - mmengine - INFO - Iter(train) [ 86000/160000]  lr: 0.0000e+00  eta: 8:06:51  time: 0.3698  data_time: 0.0091  memory: 5994  loss: nan  decode.loss_ce: nan  decode.acc_seg: 95.2134
2025/03/09 11:27:50 - mmengine - INFO - Iter(train) [ 86050/160000]  lr: 0.0000e+00  eta: 8:06:30  time: 0.3656  data_time: 0.0084  memory: 5994  loss: nan  decode.loss_ce: nan  decode.acc_seg: 90.5650
2025/03/09 11:28:09 - mmengine - INFO - Iter(train) [ 86100/160000]  lr: 0.0000e+00  eta: 8:06:09  time: 0.3685  data_time: 0.0089  memory: 5994  loss: nan  decode.loss_ce: nan  decode.acc_seg: 91.1409
2025/03/09 11:28:27 - mmengine - INFO - Iter(train) [ 86150/160000]  lr: 0.0000e+00  eta: 8:05:48  time: 0.3619  data_time: 0.0081  memory: 5994  loss: nan  decode.loss_ce: nan  decode.acc_seg: 98.8160
2025/03/09 11:28:46 - mmengine - INFO - Iter(train) [ 86200/160000]  lr: 0.0000e+00  eta: 8:05:27  time: 0.3711  data_time: 0.0096  memory: 5994  loss: nan  decode.loss_ce: nan  decode.acc_seg: 94.7113
2025/03/09 11:29:04 - mmengine - INFO - Iter(train) [ 86250/160000]  lr: 0.0000e+00  eta: 8:05:07  time: 0.3703  data_time: 0.0092  memory: 5994  loss: nan  decode.loss_ce: nan  decode.acc_seg: 97.7470
2025/03/09 11:29:23 - mmengine - INFO - Iter(train) [ 86300/160000]  lr: 0.0000e+00  eta: 8:04:46  time: 0.3705  data_time: 0.0090  memory: 5994  loss: nan  decode.loss_ce: nan  decode.acc_seg: 94.9583
2025/03/09 11:29:41 - mmengine - INFO - Iter(train) [ 86350/160000]  lr: 0.0000e+00  eta: 8:04:25  time: 0.3695  data_time: 0.0091  memory: 5994  loss: nan  decode.loss_ce: nan  decode.acc_seg: 96.8704
2025/03/09 11:31:20 - mmengine - INFO - Iter(train) [ 86400/160000]  lr: 0.0000e+00  eta: 8:05:13  time: 0.3488  data_time: 0.0076  memory: 5994  loss: nan  decode.loss_ce: nan  decode.acc_seg: 94.0073
2025/03/09 11:31:37 - mmengine - INFO - Iter(train) [ 86450/160000]  lr: 0.0000e+00  eta: 8:04:51  time: 0.3493  data_time: 0.0070  memory: 5994  loss: nan  decode.loss_ce: nan  decode.acc_seg: 90.9726
2025/03/09 11:31:55 - mmengine - INFO - Iter(train) [ 86500/160000]  lr: 0.0000e+00  eta: 8:04:29  time: 0.3506  data_time: 0.0071  memory: 5994  loss: nan  decode.loss_ce: nan  decode.acc_seg: 98.8156
2025/03/09 11:32:13 - mmengine - INFO - Iter(train) [ 86550/160000]  lr: 0.0000e+00  eta: 8:04:08  time: 0.3508  data_time: 0.0070  memory: 5994  loss: nan  decode.loss_ce: nan  decode.acc_seg: 97.8143
2025/03/09 11:32:30 - mmengine - INFO - Iter(train) [ 86600/160000]  lr: 0.0000e+00  eta: 8:03:46  time: 0.3652  data_time: 0.0080  memory: 5994  loss: nan  decode.loss_ce: nan  decode.acc_seg: 93.4160
2025/03/09 11:32:49 - mmengine - INFO - Iter(train) [ 86650/160000]  lr: 0.0000e+00  eta: 8:03:25  time: 0.3697  data_time: 0.0091  memory: 5994  loss: nan  decode.loss_ce: nan  decode.acc_seg: 88.7813
2025/03/09 11:33:07 - mmengine - INFO - Iter(train) [ 86700/160000]  lr: 0.0000e+00  eta: 8:03:04  time: 0.3707  data_time: 0.0089  memory: 5994  loss: nan  decode.loss_ce: nan  decode.acc_seg: 94.6042
2025/03/09 11:33:26 - mmengine - INFO - Iter(train) [ 86750/160000]  lr: 0.0000e+00  eta: 8:02:43  time: 0.3661  data_time: 0.0091  memory: 5994  loss: nan  decode.loss_ce: nan  decode.acc_seg: 94.3625
2025/03/09 11:33:44 - mmengine - INFO - Iter(train) [ 86800/160000]  lr: 0.0000e+00  eta: 8:02:23  time: 0.3693  data_time: 0.0087  memory: 5994  loss: nan  decode.loss_ce: nan  decode.acc_seg: 97.9070
2025/03/09 11:34:03 - mmengine - INFO - Iter(train) [ 86850/160000]  lr: 0.0000e+00  eta: 8:02:02  time: 0.3671  data_time: 0.0092  memory: 5994  loss: nan  decode.loss_ce: nan  decode.acc_seg: 96.8730
2025/03/09 11:34:21 - mmengine - INFO - Iter(train) [ 86900/160000]  lr: 0.0000e+00  eta: 8:01:41  time: 0.3703  data_time: 0.0092  memory: 5994  loss: nan  decode.loss_ce: nan  decode.acc_seg: 95.4439
2025/03/09 11:34:40 - mmengine - INFO - Iter(train) [ 86950/160000]  lr: 0.0000e+00  eta: 8:01:20  time: 0.3720  data_time: 0.0099  memory: 5994  loss: nan  decode.loss_ce: nan  decode.acc_seg: 99.4173
2025/03/09 11:34:58 - mmengine - INFO - Exp name: fpn_poolformer_s36_8x4_512x512_40k_ade20k_20250309_005445
2025/03/09 11:34:58 - mmengine - INFO - Iter(train) [ 87000/160000]  lr: 0.0000e+00  eta: 8:00:59  time: 0.3674  data_time: 0.0093  memory: 5994  loss: nan  decode.loss_ce: nan  decode.acc_seg: 94.4772
2025/03/09 11:35:17 - mmengine - INFO - Iter(train) [ 87050/160000]  lr: 0.0000e+00  eta: 8:00:38  time: 0.3731  data_time: 0.0096  memory: 5994  loss: nan  decode.loss_ce: nan  decode.acc_seg: 99.5301
2025/03/09 11:35:35 - mmengine - INFO - Iter(train) [ 87100/160000]  lr: 0.0000e+00  eta: 8:00:17  time: 0.3658  data_time: 0.0083  memory: 5994  loss: nan  decode.loss_ce: nan  decode.acc_seg: 92.4881
2025/03/09 11:35:54 - mmengine - INFO - Iter(train) [ 87150/160000]  lr: 0.0000e+00  eta: 7:59:57  time: 0.3660  data_time: 0.0084  memory: 5994  loss: nan  decode.loss_ce: nan  decode.acc_seg: 95.7760
2025/03/09 11:36:12 - mmengine - INFO - Iter(train) [ 87200/160000]  lr: 0.0000e+00  eta: 7:59:36  time: 0.3674  data_time: 0.0088  memory: 5994  loss: nan  decode.loss_ce: nan  decode.acc_seg: 96.9822
2025/03/09 11:36:31 - mmengine - INFO - Iter(train) [ 87250/160000]  lr: 0.0000e+00  eta: 7:59:15  time: 0.3636  data_time: 0.0084  memory: 5994  loss: nan  decode.loss_ce: nan  decode.acc_seg: 88.2530
2025/03/09 11:36:49 - mmengine - INFO - Iter(train) [ 87300/160000]  lr: 0.0000e+00  eta: 7:58:54  time: 0.3712  data_time: 0.0089  memory: 5994  loss: nan  decode.loss_ce: nan  decode.acc_seg: 97.5076
2025/03/09 11:37:08 - mmengine - INFO - Iter(train) [ 87350/160000]  lr: 0.0000e+00  eta: 7:58:33  time: 0.3708  data_time: 0.0089  memory: 5994  loss: nan  decode.loss_ce: nan  decode.acc_seg: 97.7614
2025/03/09 11:37:26 - mmengine - INFO - Iter(train) [ 87400/160000]  lr: 0.0000e+00  eta: 7:58:12  time: 0.3689  data_time: 0.0083  memory: 5994  loss: nan  decode.loss_ce: nan  decode.acc_seg: 95.9518
2025/03/09 11:37:45 - mmengine - INFO - Iter(train) [ 87450/160000]  lr: 0.0000e+00  eta: 7:57:52  time: 0.3698  data_time: 0.0092  memory: 5994  loss: nan  decode.loss_ce: nan  decode.acc_seg: 99.3988
2025/03/09 11:38:03 - mmengine - INFO - Iter(train) [ 87500/160000]  lr: 0.0000e+00  eta: 7:57:31  time: 0.3674  data_time: 0.0087  memory: 5994  loss: nan  decode.loss_ce: nan  decode.acc_seg: 99.6789
2025/03/09 11:38:12 - mmengine - INFO - Iter(val) [ 50/869]    eta: 0:02:29  time: 0.1801  data_time: 0.0024  memory: 810  
2025/03/09 11:38:21 - mmengine - INFO - Iter(val) [100/869]    eta: 0:02:19  time: 0.1795  data_time: 0.0025  memory: 810  
2025/03/09 11:38:30 - mmengine - INFO - Iter(val) [150/869]    eta: 0:02:09  time: 0.1795  data_time: 0.0023  memory: 810  
2025/03/09 11:38:39 - mmengine - INFO - Iter(val) [200/869]    eta: 0:02:00  time: 0.1797  data_time: 0.0027  memory: 810  
2025/03/09 11:38:48 - mmengine - INFO - Iter(val) [250/869]    eta: 0:01:51  time: 0.1796  data_time: 0.0023  memory: 810  
2025/03/09 11:38:57 - mmengine - INFO - Iter(val) [300/869]    eta: 0:01:42  time: 0.1792  data_time: 0.0022  memory: 810  
2025/03/09 11:39:06 - mmengine - INFO - Iter(val) [350/869]    eta: 0:01:33  time: 0.1793  data_time: 0.0026  memory: 810  
2025/03/09 11:39:15 - mmengine - INFO - Iter(val) [400/869]    eta: 0:01:24  time: 0.1804  data_time: 0.0026  memory: 810  
2025/03/09 11:39:24 - mmengine - INFO - Iter(val) [450/869]    eta: 0:01:15  time: 0.1792  data_time: 0.0024  memory: 810  
2025/03/09 11:39:33 - mmengine - INFO - Iter(val) [500/869]    eta: 0:01:06  time: 0.1792  data_time: 0.0022  memory: 810  
2025/03/09 11:39:42 - mmengine - INFO - Iter(val) [550/869]    eta: 0:00:57  time: 0.1790  data_time: 0.0025  memory: 810  
2025/03/09 11:39:51 - mmengine - INFO - Iter(val) [600/869]    eta: 0:00:48  time: 0.1791  data_time: 0.0025  memory: 810  
2025/03/09 11:40:00 - mmengine - INFO - Iter(val) [650/869]    eta: 0:00:39  time: 0.1788  data_time: 0.0022  memory: 810  
2025/03/09 11:40:09 - mmengine - INFO - Iter(val) [700/869]    eta: 0:00:30  time: 0.1790  data_time: 0.0023  memory: 810  
2025/03/09 11:40:18 - mmengine - INFO - Iter(val) [750/869]    eta: 0:00:21  time: 0.1790  data_time: 0.0025  memory: 810  
2025/03/09 11:40:27 - mmengine - INFO - Iter(val) [800/869]    eta: 0:00:12  time: 0.1791  data_time: 0.0023  memory: 810  
2025/03/09 11:40:36 - mmengine - INFO - Iter(val) [850/869]    eta: 0:00:03  time: 0.1794  data_time: 0.0026  memory: 810  
2025/03/09 11:40:39 - mmengine - INFO - per class results:
2025/03/09 11:40:39 - mmengine - INFO - 
+------------+-------+-------+--------+-----------+--------+
|   Class    |  IoU  |  Acc  | Fscore | Precision | Recall |
+------------+-------+-------+--------+-----------+--------+
| background | 95.91 | 100.0 | 97.91  |   95.91   | 100.0  |
|    ghaf    |  0.0  |  0.0  |  nan   |    nan    |  0.0   |
+------------+-------+-------+--------+-----------+--------+
2025/03/09 11:40:39 - mmengine - INFO - Iter(val) [869/869]    aAcc: 95.9100  mIoU: 47.9600  mAcc: 50.0000  mFscore: 97.9100  mPrecision: 95.9100  mRecall: 50.0000  data_time: 0.0026  time: 0.1796
2025/03/09 11:40:58 - mmengine - INFO - Iter(train) [ 87550/160000]  lr: 0.0000e+00  eta: 7:57:10  time: 0.3670  data_time: 0.0094  memory: 5994  loss: nan  decode.loss_ce: nan  decode.acc_seg: 99.8289
2025/03/09 11:41:16 - mmengine - INFO - Iter(train) [ 87600/160000]  lr: 0.0000e+00  eta: 7:56:49  time: 0.3688  data_time: 0.0093  memory: 5994  loss: nan  decode.loss_ce: nan  decode.acc_seg: 89.8839
2025/03/09 11:41:35 - mmengine - INFO - Iter(train) [ 87650/160000]  lr: 0.0000e+00  eta: 7:56:28  time: 0.3709  data_time: 0.0089  memory: 5994  loss: nan  decode.loss_ce: nan  decode.acc_seg: 99.6473
2025/03/09 11:41:53 - mmengine - INFO - Iter(train) [ 87700/160000]  lr: 0.0000e+00  eta: 7:56:07  time: 0.3629  data_time: 0.0080  memory: 5994  loss: nan  decode.loss_ce: nan  decode.acc_seg: 97.2020
2025/03/09 11:42:11 - mmengine - INFO - Iter(train) [ 87750/160000]  lr: 0.0000e+00  eta: 7:55:47  time: 0.3702  data_time: 0.0095  memory: 5994  loss: nan  decode.loss_ce: nan  decode.acc_seg: 98.1088
2025/03/09 11:42:30 - mmengine - INFO - Iter(train) [ 87800/160000]  lr: 0.0000e+00  eta: 7:55:26  time: 0.3715  data_time: 0.0085  memory: 5994  loss: nan  decode.loss_ce: nan  decode.acc_seg: 95.6643
2025/03/09 11:42:48 - mmengine - INFO - Iter(train) [ 87850/160000]  lr: 0.0000e+00  eta: 7:55:05  time: 0.3682  data_time: 0.0084  memory: 5994  loss: nan  decode.loss_ce: nan  decode.acc_seg: 92.8087
2025/03/09 11:43:07 - mmengine - INFO - Iter(train) [ 87900/160000]  lr: 0.0000e+00  eta: 7:54:44  time: 0.3684  data_time: 0.0083  memory: 5994  loss: nan  decode.loss_ce: nan  decode.acc_seg: 92.4809
2025/03/09 11:43:26 - mmengine - INFO - Iter(train) [ 87950/160000]  lr: 0.0000e+00  eta: 7:54:23  time: 0.3710  data_time: 0.0087  memory: 5994  loss: nan  decode.loss_ce: nan  decode.acc_seg: 96.8467
2025/03/09 11:43:44 - mmengine - INFO - Exp name: fpn_poolformer_s36_8x4_512x512_40k_ade20k_20250309_005445
2025/03/09 11:43:44 - mmengine - INFO - Iter(train) [ 88000/160000]  lr: 0.0000e+00  eta: 7:54:03  time: 0.3714  data_time: 0.0093  memory: 5994  loss: nan  decode.loss_ce: nan  decode.acc_seg: 99.6575
2025/03/09 11:44:03 - mmengine - INFO - Iter(train) [ 88050/160000]  lr: 0.0000e+00  eta: 7:53:42  time: 0.3688  data_time: 0.0088  memory: 5994  loss: nan  decode.loss_ce: nan  decode.acc_seg: 94.0361
2025/03/09 11:44:21 - mmengine - INFO - Iter(train) [ 88100/160000]  lr: 0.0000e+00  eta: 7:53:21  time: 0.3717  data_time: 0.0092  memory: 5994  loss: nan  decode.loss_ce: nan  decode.acc_seg: 98.7184
2025/03/09 11:44:40 - mmengine - INFO - Iter(train) [ 88150/160000]  lr: 0.0000e+00  eta: 7:53:00  time: 0.3706  data_time: 0.0093  memory: 5994  loss: nan  decode.loss_ce: nan  decode.acc_seg: 97.4148
2025/03/09 11:44:58 - mmengine - INFO - Iter(train) [ 88200/160000]  lr: 0.0000e+00  eta: 7:52:40  time: 0.3633  data_time: 0.0087  memory: 5994  loss: nan  decode.loss_ce: nan  decode.acc_seg: 88.1561
2025/03/09 11:45:17 - mmengine - INFO - Iter(train) [ 88250/160000]  lr: 0.0000e+00  eta: 7:52:19  time: 0.3701  data_time: 0.0093  memory: 5994  loss: nan  decode.loss_ce: nan  decode.acc_seg: 91.0282
2025/03/09 11:45:35 - mmengine - INFO - Iter(train) [ 88300/160000]  lr: 0.0000e+00  eta: 7:51:58  time: 0.3696  data_time: 0.0089  memory: 5994  loss: nan  decode.loss_ce: nan  decode.acc_seg: 96.9794
2025/03/09 11:45:54 - mmengine - INFO - Iter(train) [ 88350/160000]  lr: 0.0000e+00  eta: 7:51:38  time: 0.3724  data_time: 0.0089  memory: 5994  loss: nan  decode.loss_ce: nan  decode.acc_seg: 96.1780
2025/03/09 11:46:13 - mmengine - INFO - Iter(train) [ 88400/160000]  lr: 0.0000e+00  eta: 7:51:17  time: 0.3695  data_time: 0.0094  memory: 5994  loss: nan  decode.loss_ce: nan  decode.acc_seg: 100.0000
2025/03/09 11:46:13 - mmengine - INFO - Saving checkpoint at 88400 iterations
2025/03/09 11:46:38 - mmengine - INFO - Iter(train) [ 88450/160000]  lr: 0.0000e+00  eta: 7:51:02  time: 0.3695  data_time: 0.0093  memory: 5994  loss: nan  decode.loss_ce: nan  decode.acc_seg: 99.6459
2025/03/09 11:46:56 - mmengine - INFO - Iter(train) [ 88500/160000]  lr: 0.0000e+00  eta: 7:50:41  time: 0.3695  data_time: 0.0093  memory: 5994  loss: nan  decode.loss_ce: nan  decode.acc_seg: 87.9377
2025/03/09 11:47:15 - mmengine - INFO - Iter(train) [ 88550/160000]  lr: 0.0000e+00  eta: 7:50:20  time: 0.3697  data_time: 0.0090  memory: 5994  loss: nan  decode.loss_ce: nan  decode.acc_seg: 82.2284
2025/03/09 11:47:33 - mmengine - INFO - Iter(train) [ 88600/160000]  lr: 0.0000e+00  eta: 7:49:59  time: 0.3713  data_time: 0.0091  memory: 5994  loss: nan  decode.loss_ce: nan  decode.acc_seg: 98.3070
2025/03/09 11:47:52 - mmengine - INFO - Iter(train) [ 88650/160000]  lr: 0.0000e+00  eta: 7:49:39  time: 0.3701  data_time: 0.0088  memory: 5994  loss: nan  decode.loss_ce: nan  decode.acc_seg: 89.0650
2025/03/09 11:48:10 - mmengine - INFO - Iter(train) [ 88700/160000]  lr: 0.0000e+00  eta: 7:49:18  time: 0.3712  data_time: 0.0090  memory: 5994  loss: nan  decode.loss_ce: nan  decode.acc_seg: 99.6403
2025/03/09 11:48:29 - mmengine - INFO - Iter(train) [ 88750/160000]  lr: 0.0000e+00  eta: 7:48:57  time: 0.3652  data_time: 0.0086  memory: 5994  loss: nan  decode.loss_ce: nan  decode.acc_seg: 95.0950
2025/03/09 11:48:47 - mmengine - INFO - Iter(train) [ 88800/160000]  lr: 0.0000e+00  eta: 7:48:36  time: 0.3704  data_time: 0.0092  memory: 5994  loss: nan  decode.loss_ce: nan  decode.acc_seg: 99.1695
2025/03/09 11:49:06 - mmengine - INFO - Iter(train) [ 88850/160000]  lr: 0.0000e+00  eta: 7:48:15  time: 0.3698  data_time: 0.0087  memory: 5994  loss: nan  decode.loss_ce: nan  decode.acc_seg: 82.9077
2025/03/09 11:49:24 - mmengine - INFO - Iter(train) [ 88900/160000]  lr: 0.0000e+00  eta: 7:47:55  time: 0.3705  data_time: 0.0092  memory: 5994  loss: nan  decode.loss_ce: nan  decode.acc_seg: 96.5902
2025/03/09 11:49:43 - mmengine - INFO - Iter(train) [ 88950/160000]  lr: 0.0000e+00  eta: 7:47:34  time: 0.3705  data_time: 0.0091  memory: 5994  loss: nan  decode.loss_ce: nan  decode.acc_seg: 93.5895
2025/03/09 11:50:01 - mmengine - INFO - Exp name: fpn_poolformer_s36_8x4_512x512_40k_ade20k_20250309_005445
2025/03/09 11:50:01 - mmengine - INFO - Iter(train) [ 89000/160000]  lr: 0.0000e+00  eta: 7:47:13  time: 0.3679  data_time: 0.0089  memory: 5994  loss: nan  decode.loss_ce: nan  decode.acc_seg: 99.8368
2025/03/09 11:50:20 - mmengine - INFO - Iter(train) [ 89050/160000]  lr: 0.0000e+00  eta: 7:46:52  time: 0.3701  data_time: 0.0088  memory: 5994  loss: nan  decode.loss_ce: nan  decode.acc_seg: 98.6915
2025/03/09 11:50:38 - mmengine - INFO - Iter(train) [ 89100/160000]  lr: 0.0000e+00  eta: 7:46:32  time: 0.3720  data_time: 0.0095  memory: 5994  loss: nan  decode.loss_ce: nan  decode.acc_seg: 96.0474
2025/03/09 11:50:57 - mmengine - INFO - Iter(train) [ 89150/160000]  lr: 0.0000e+00  eta: 7:46:11  time: 0.3709  data_time: 0.0093  memory: 5994  loss: nan  decode.loss_ce: nan  decode.acc_seg: 100.0000
2025/03/09 11:51:15 - mmengine - INFO - Iter(train) [ 89200/160000]  lr: 0.0000e+00  eta: 7:45:50  time: 0.3689  data_time: 0.0083  memory: 5994  loss: nan  decode.loss_ce: nan  decode.acc_seg: 93.8972
2025/03/09 11:51:34 - mmengine - INFO - Iter(train) [ 89250/160000]  lr: 0.0000e+00  eta: 7:45:30  time: 0.3693  data_time: 0.0083  memory: 5994  loss: nan  decode.loss_ce: nan  decode.acc_seg: 92.5323
2025/03/09 11:51:52 - mmengine - INFO - Iter(train) [ 89300/160000]  lr: 0.0000e+00  eta: 7:45:09  time: 0.3687  data_time: 0.0087  memory: 5994  loss: nan  decode.loss_ce: nan  decode.acc_seg: 88.1987
2025/03/09 11:52:11 - mmengine - INFO - Iter(train) [ 89350/160000]  lr: 0.0000e+00  eta: 7:44:48  time: 0.3706  data_time: 0.0092  memory: 5994  loss: nan  decode.loss_ce: nan  decode.acc_seg: 99.7774
2025/03/09 11:52:30 - mmengine - INFO - Iter(train) [ 89400/160000]  lr: 0.0000e+00  eta: 7:44:28  time: 0.3737  data_time: 0.0088  memory: 5994  loss: nan  decode.loss_ce: nan  decode.acc_seg: 93.2833
2025/03/09 11:52:48 - mmengine - INFO - Iter(train) [ 89450/160000]  lr: 0.0000e+00  eta: 7:44:07  time: 0.3716  data_time: 0.0091  memory: 5994  loss: nan  decode.loss_ce: nan  decode.acc_seg: 97.0205
2025/03/09 11:53:07 - mmengine - INFO - Iter(train) [ 89500/160000]  lr: 0.0000e+00  eta: 7:43:46  time: 0.3714  data_time: 0.0091  memory: 5994  loss: nan  decode.loss_ce: nan  decode.acc_seg: 98.8005
2025/03/09 11:53:25 - mmengine - INFO - Iter(train) [ 89550/160000]  lr: 0.0000e+00  eta: 7:43:25  time: 0.3674  data_time: 0.0085  memory: 5994  loss: nan  decode.loss_ce: nan  decode.acc_seg: 100.0000
2025/03/09 11:53:44 - mmengine - INFO - Iter(train) [ 89600/160000]  lr: 0.0000e+00  eta: 7:43:05  time: 0.3704  data_time: 0.0091  memory: 5994  loss: nan  decode.loss_ce: nan  decode.acc_seg: 98.2077
2025/03/09 11:54:02 - mmengine - INFO - Iter(train) [ 89650/160000]  lr: 0.0000e+00  eta: 7:42:44  time: 0.3696  data_time: 0.0091  memory: 5994  loss: nan  decode.loss_ce: nan  decode.acc_seg: 98.5097
2025/03/09 11:54:21 - mmengine - INFO - Iter(train) [ 89700/160000]  lr: 0.0000e+00  eta: 7:42:23  time: 0.3692  data_time: 0.0090  memory: 5994  loss: nan  decode.loss_ce: nan  decode.acc_seg: 94.6276
2025/03/09 11:54:39 - mmengine - INFO - Iter(train) [ 89750/160000]  lr: 0.0000e+00  eta: 7:42:03  time: 0.3712  data_time: 0.0087  memory: 5994  loss: nan  decode.loss_ce: nan  decode.acc_seg: 93.7778
2025/03/09 11:54:58 - mmengine - INFO - Iter(train) [ 89800/160000]  lr: 0.0000e+00  eta: 7:41:42  time: 0.3719  data_time: 0.0088  memory: 5994  loss: nan  decode.loss_ce: nan  decode.acc_seg: 95.2828
2025/03/09 11:55:16 - mmengine - INFO - Iter(train) [ 89850/160000]  lr: 0.0000e+00  eta: 7:41:21  time: 0.3706  data_time: 0.0092  memory: 5994  loss: nan  decode.loss_ce: nan  decode.acc_seg: 95.4187
2025/03/09 11:55:35 - mmengine - INFO - Iter(train) [ 89900/160000]  lr: 0.0000e+00  eta: 7:41:01  time: 0.3592  data_time: 0.0077  memory: 5994  loss: nan  decode.loss_ce: nan  decode.acc_seg: 97.7271
2025/03/09 11:55:53 - mmengine - INFO - Iter(train) [ 89950/160000]  lr: 0.0000e+00  eta: 7:40:40  time: 0.3722  data_time: 0.0094  memory: 5994  loss: nan  decode.loss_ce: nan  decode.acc_seg: 95.2871
2025/03/09 11:56:12 - mmengine - INFO - Exp name: fpn_poolformer_s36_8x4_512x512_40k_ade20k_20250309_005445
2025/03/09 11:56:12 - mmengine - INFO - Iter(train) [ 90000/160000]  lr: 0.0000e+00  eta: 7:40:19  time: 0.3724  data_time: 0.0092  memory: 5994  loss: nan  decode.loss_ce: nan  decode.acc_seg: 94.1066
2025/03/09 11:56:30 - mmengine - INFO - Iter(train) [ 90050/160000]  lr: 0.0000e+00  eta: 7:39:59  time: 0.3694  data_time: 0.0087  memory: 5994  loss: nan  decode.loss_ce: nan  decode.acc_seg: 94.1053
2025/03/09 11:56:49 - mmengine - INFO - Iter(train) [ 90100/160000]  lr: 0.0000e+00  eta: 7:39:38  time: 0.3704  data_time: 0.0085  memory: 5994  loss: nan  decode.loss_ce: nan  decode.acc_seg: 95.7138
2025/03/09 11:57:07 - mmengine - INFO - Iter(train) [ 90150/160000]  lr: 0.0000e+00  eta: 7:39:17  time: 0.3673  data_time: 0.0088  memory: 5994  loss: nan  decode.loss_ce: nan  decode.acc_seg: 97.7257
2025/03/09 11:57:26 - mmengine - INFO - Iter(train) [ 90200/160000]  lr: 0.0000e+00  eta: 7:38:56  time: 0.3626  data_time: 0.0077  memory: 5994  loss: nan  decode.loss_ce: nan  decode.acc_seg: 96.6264
2025/03/09 11:57:44 - mmengine - INFO - Iter(train) [ 90250/160000]  lr: 0.0000e+00  eta: 7:38:35  time: 0.3609  data_time: 0.0085  memory: 5994  loss: nan  decode.loss_ce: nan  decode.acc_seg: 90.6382
2025/03/09 11:58:02 - mmengine - INFO - Iter(train) [ 90300/160000]  lr: 0.0000e+00  eta: 7:38:15  time: 0.3722  data_time: 0.0093  memory: 5994  loss: nan  decode.loss_ce: nan  decode.acc_seg: 95.0060
2025/03/09 11:58:21 - mmengine - INFO - Iter(train) [ 90350/160000]  lr: 0.0000e+00  eta: 7:37:54  time: 0.3625  data_time: 0.0080  memory: 5994  loss: nan  decode.loss_ce: nan  decode.acc_seg: 91.0899
2025/03/09 11:58:39 - mmengine - INFO - Iter(train) [ 90400/160000]  lr: 0.0000e+00  eta: 7:37:33  time: 0.3718  data_time: 0.0090  memory: 5994  loss: nan  decode.loss_ce: nan  decode.acc_seg: 100.0000
2025/03/09 11:58:58 - mmengine - INFO - Iter(train) [ 90450/160000]  lr: 0.0000e+00  eta: 7:37:12  time: 0.3697  data_time: 0.0085  memory: 5994  loss: nan  decode.loss_ce: nan  decode.acc_seg: 96.3184
2025/03/09 11:59:16 - mmengine - INFO - Iter(train) [ 90500/160000]  lr: 0.0000e+00  eta: 7:36:52  time: 0.3715  data_time: 0.0091  memory: 5994  loss: nan  decode.loss_ce: nan  decode.acc_seg: 97.9297
2025/03/09 11:59:35 - mmengine - INFO - Iter(train) [ 90550/160000]  lr: 0.0000e+00  eta: 7:36:31  time: 0.3708  data_time: 0.0090  memory: 5994  loss: nan  decode.loss_ce: nan  decode.acc_seg: 97.2418
2025/03/09 11:59:53 - mmengine - INFO - Iter(train) [ 90600/160000]  lr: 0.0000e+00  eta: 7:36:11  time: 0.3704  data_time: 0.0086  memory: 5994  loss: nan  decode.loss_ce: nan  decode.acc_seg: 87.5323
2025/03/09 12:00:11 - mmengine - INFO - Iter(train) [ 90650/160000]  lr: 0.0000e+00  eta: 7:35:50  time: 0.3582  data_time: 0.0075  memory: 5994  loss: nan  decode.loss_ce: nan  decode.acc_seg: 97.5721
2025/03/09 12:00:30 - mmengine - INFO - Iter(train) [ 90700/160000]  lr: 0.0000e+00  eta: 7:35:29  time: 0.3680  data_time: 0.0081  memory: 5994  loss: nan  decode.loss_ce: nan  decode.acc_seg: 99.4996
2025/03/09 12:00:48 - mmengine - INFO - Iter(train) [ 90750/160000]  lr: 0.0000e+00  eta: 7:35:08  time: 0.3610  data_time: 0.0077  memory: 5994  loss: nan  decode.loss_ce: nan  decode.acc_seg: 99.6821
2025/03/09 12:01:06 - mmengine - INFO - Iter(train) [ 90800/160000]  lr: 0.0000e+00  eta: 7:34:47  time: 0.3699  data_time: 0.0095  memory: 5994  loss: nan  decode.loss_ce: nan  decode.acc_seg: 94.1268
2025/03/09 12:01:25 - mmengine - INFO - Iter(train) [ 90850/160000]  lr: 0.0000e+00  eta: 7:34:27  time: 0.3696  data_time: 0.0089  memory: 5994  loss: nan  decode.loss_ce: nan  decode.acc_seg: 98.1242
2025/03/09 12:01:43 - mmengine - INFO - Iter(train) [ 90900/160000]  lr: 0.0000e+00  eta: 7:34:06  time: 0.3709  data_time: 0.0086  memory: 5994  loss: nan  decode.loss_ce: nan  decode.acc_seg: 98.6575
2025/03/09 12:02:02 - mmengine - INFO - Iter(train) [ 90950/160000]  lr: 0.0000e+00  eta: 7:33:45  time: 0.3689  data_time: 0.0089  memory: 5994  loss: nan  decode.loss_ce: nan  decode.acc_seg: 90.2492
2025/03/09 12:02:20 - mmengine - INFO - Exp name: fpn_poolformer_s36_8x4_512x512_40k_ade20k_20250309_005445
2025/03/09 12:02:20 - mmengine - INFO - Iter(train) [ 91000/160000]  lr: 0.0000e+00  eta: 7:33:25  time: 0.3712  data_time: 0.0092  memory: 5994  loss: nan  decode.loss_ce: nan  decode.acc_seg: 99.5439
2025/03/09 12:04:13 - mmengine - INFO - Iter(val) [ 50/869]    eta: 0:30:40  time: 10.5090  data_time: 0.0027  memory: 810  
2025/03/09 12:04:38 - mmengine - INFO - Iter(val) [100/869]    eta: 0:17:35  time: 0.1759  data_time: 0.0022  memory: 810  
2025/03/09 12:04:46 - mmengine - INFO - Iter(val) [150/869]    eta: 0:11:40  time: 0.1769  data_time: 0.0022  memory: 810  
2025/03/09 12:04:55 - mmengine - INFO - Iter(val) [200/869]    eta: 0:08:38  time: 0.1772  data_time: 0.0023  memory: 810  
2025/03/09 12:05:04 - mmengine - INFO - Iter(val) [250/869]    eta: 0:06:45  time: 0.1768  data_time: 0.0024  memory: 810  
2025/03/09 12:05:13 - mmengine - INFO - Iter(val) [300/869]    eta: 0:05:27  time: 0.1772  data_time: 0.0022  memory: 810  
2025/03/09 12:05:22 - mmengine - INFO - Iter(val) [350/869]    eta: 0:04:29  time: 0.1774  data_time: 0.0022  memory: 810  
2025/03/09 12:05:31 - mmengine - INFO - Iter(val) [400/869]    eta: 0:03:43  time: 0.1783  data_time: 0.0025  memory: 810  
2025/03/09 12:05:40 - mmengine - INFO - Iter(val) [450/869]    eta: 0:03:05  time: 0.1780  data_time: 0.0025  memory: 810  
2025/03/09 12:05:49 - mmengine - INFO - Iter(val) [500/869]    eta: 0:02:33  time: 0.1784  data_time: 0.0025  memory: 810  
2025/03/09 12:05:58 - mmengine - INFO - Iter(val) [550/869]    eta: 0:02:06  time: 0.1781  data_time: 0.0023  memory: 810  
2025/03/09 12:06:07 - mmengine - INFO - Iter(val) [600/869]    eta: 0:01:41  time: 0.1787  data_time: 0.0025  memory: 810  
2025/03/09 12:06:15 - mmengine - INFO - Iter(val) [650/869]    eta: 0:01:19  time: 0.1786  data_time: 0.0024  memory: 810  
2025/03/09 12:06:24 - mmengine - INFO - Iter(val) [700/869]    eta: 0:00:58  time: 0.1782  data_time: 0.0020  memory: 810  
2025/03/09 12:06:33 - mmengine - INFO - Iter(val) [750/869]    eta: 0:00:40  time: 0.1783  data_time: 0.0024  memory: 810  
2025/03/09 12:06:42 - mmengine - INFO - Iter(val) [800/869]    eta: 0:00:22  time: 0.1789  data_time: 0.0027  memory: 810  
2025/03/09 12:06:51 - mmengine - INFO - Iter(val) [850/869]    eta: 0:00:06  time: 0.1790  data_time: 0.0026  memory: 810  
2025/03/09 12:06:55 - mmengine - INFO - per class results:
2025/03/09 12:06:55 - mmengine - INFO - 
+------------+-------+-------+--------+-----------+--------+
|   Class    |  IoU  |  Acc  | Fscore | Precision | Recall |
+------------+-------+-------+--------+-----------+--------+
| background | 95.91 | 100.0 | 97.91  |   95.91   | 100.0  |
|    ghaf    |  0.0  |  0.0  |  nan   |    nan    |  0.0   |
+------------+-------+-------+--------+-----------+--------+
2025/03/09 12:06:55 - mmengine - INFO - Iter(val) [869/869]    aAcc: 95.9100  mIoU: 47.9600  mAcc: 50.0000  mFscore: 97.9100  mPrecision: 95.9100  mRecall: 50.0000  data_time: 0.0207  time: 0.3154
2025/03/09 12:07:13 - mmengine - INFO - Iter(train) [ 91050/160000]  lr: 0.0000e+00  eta: 7:33:04  time: 0.3694  data_time: 0.0097  memory: 5994  loss: nan  decode.loss_ce: nan  decode.acc_seg: 94.2804
2025/03/09 12:07:32 - mmengine - INFO - Iter(train) [ 91100/160000]  lr: 0.0000e+00  eta: 7:32:43  time: 0.3645  data_time: 0.0094  memory: 5994  loss: nan  decode.loss_ce: nan  decode.acc_seg: 95.8466
2025/03/09 12:07:50 - mmengine - INFO - Iter(train) [ 91150/160000]  lr: 0.0000e+00  eta: 7:32:23  time: 0.3737  data_time: 0.0098  memory: 5994  loss: nan  decode.loss_ce: nan  decode.acc_seg: 97.1870
2025/03/09 12:08:08 - mmengine - INFO - Iter(train) [ 91200/160000]  lr: 0.0000e+00  eta: 7:32:02  time: 0.3689  data_time: 0.0091  memory: 5994  loss: nan  decode.loss_ce: nan  decode.acc_seg: 99.9868
2025/03/09 12:08:27 - mmengine - INFO - Iter(train) [ 91250/160000]  lr: 0.0000e+00  eta: 7:31:41  time: 0.3602  data_time: 0.0081  memory: 5994  loss: nan  decode.loss_ce: nan  decode.acc_seg: 89.2964
2025/03/09 12:08:45 - mmengine - INFO - Iter(train) [ 91300/160000]  lr: 0.0000e+00  eta: 7:31:21  time: 0.3702  data_time: 0.0094  memory: 5994  loss: nan  decode.loss_ce: nan  decode.acc_seg: 93.0197
2025/03/09 12:09:04 - mmengine - INFO - Iter(train) [ 91350/160000]  lr: 0.0000e+00  eta: 7:31:00  time: 0.3712  data_time: 0.0088  memory: 5994  loss: nan  decode.loss_ce: nan  decode.acc_seg: 99.6674
2025/03/09 12:09:22 - mmengine - INFO - Iter(train) [ 91400/160000]  lr: 0.0000e+00  eta: 7:30:39  time: 0.3695  data_time: 0.0093  memory: 5994  loss: nan  decode.loss_ce: nan  decode.acc_seg: 98.7703
2025/03/09 12:09:41 - mmengine - INFO - Iter(train) [ 91450/160000]  lr: 0.0000e+00  eta: 7:30:19  time: 0.3698  data_time: 0.0089  memory: 5994  loss: nan  decode.loss_ce: nan  decode.acc_seg: 97.2294
2025/03/09 12:09:59 - mmengine - INFO - Iter(train) [ 91500/160000]  lr: 0.0000e+00  eta: 7:29:58  time: 0.3699  data_time: 0.0091  memory: 5994  loss: nan  decode.loss_ce: nan  decode.acc_seg: 91.7224
2025/03/09 12:10:18 - mmengine - INFO - Iter(train) [ 91550/160000]  lr: 0.0000e+00  eta: 7:29:37  time: 0.3682  data_time: 0.0093  memory: 5994  loss: nan  decode.loss_ce: nan  decode.acc_seg: 89.0213
2025/03/09 12:10:36 - mmengine - INFO - Iter(train) [ 91600/160000]  lr: 0.0000e+00  eta: 7:29:17  time: 0.3622  data_time: 0.0077  memory: 5994  loss: nan  decode.loss_ce: nan  decode.acc_seg: 82.9887
2025/03/09 12:10:55 - mmengine - INFO - Iter(train) [ 91650/160000]  lr: 0.0000e+00  eta: 7:28:56  time: 0.3687  data_time: 0.0089  memory: 5994  loss: nan  decode.loss_ce: nan  decode.acc_seg: 89.8082
2025/03/09 12:11:13 - mmengine - INFO - Iter(train) [ 91700/160000]  lr: 0.0000e+00  eta: 7:28:35  time: 0.3662  data_time: 0.0089  memory: 5994  loss: nan  decode.loss_ce: nan  decode.acc_seg: 97.9229
2025/03/09 12:11:31 - mmengine - INFO - Iter(train) [ 91750/160000]  lr: 0.0000e+00  eta: 7:28:15  time: 0.3699  data_time: 0.0091  memory: 5994  loss: nan  decode.loss_ce: nan  decode.acc_seg: 99.4029
2025/03/09 12:11:50 - mmengine - INFO - Iter(train) [ 91800/160000]  lr: 0.0000e+00  eta: 7:27:54  time: 0.3707  data_time: 0.0092  memory: 5994  loss: nan  decode.loss_ce: nan  decode.acc_seg: 98.9938
2025/03/09 12:11:50 - mmengine - INFO - Saving checkpoint at 91800 iterations
2025/03/09 12:12:14 - mmengine - INFO - Iter(train) [ 91850/160000]  lr: 0.0000e+00  eta: 7:27:38  time: 0.3676  data_time: 0.0093  memory: 5994  loss: nan  decode.loss_ce: nan  decode.acc_seg: 98.4385
2025/03/09 12:12:33 - mmengine - INFO - Iter(train) [ 91900/160000]  lr: 0.0000e+00  eta: 7:27:17  time: 0.3679  data_time: 0.0093  memory: 5994  loss: nan  decode.loss_ce: nan  decode.acc_seg: 95.5804
2025/03/09 12:12:51 - mmengine - INFO - Iter(train) [ 91950/160000]  lr: 0.0000e+00  eta: 7:26:57  time: 0.3682  data_time: 0.0091  memory: 5994  loss: nan  decode.loss_ce: nan  decode.acc_seg: 99.8068
2025/03/09 12:13:10 - mmengine - INFO - Exp name: fpn_poolformer_s36_8x4_512x512_40k_ade20k_20250309_005445
2025/03/09 12:13:10 - mmengine - INFO - Iter(train) [ 92000/160000]  lr: 0.0000e+00  eta: 7:26:36  time: 0.3693  data_time: 0.0097  memory: 5994  loss: nan  decode.loss_ce: nan  decode.acc_seg: 96.4366
2025/03/09 12:13:28 - mmengine - INFO - Iter(train) [ 92050/160000]  lr: 0.0000e+00  eta: 7:26:15  time: 0.3687  data_time: 0.0091  memory: 5994  loss: nan  decode.loss_ce: nan  decode.acc_seg: 99.1885
2025/03/09 12:13:47 - mmengine - INFO - Iter(train) [ 92100/160000]  lr: 0.0000e+00  eta: 7:25:55  time: 0.3674  data_time: 0.0091  memory: 5994  loss: nan  decode.loss_ce: nan  decode.acc_seg: 93.1931
2025/03/09 12:14:05 - mmengine - INFO - Iter(train) [ 92150/160000]  lr: 0.0000e+00  eta: 7:25:34  time: 0.3681  data_time: 0.0089  memory: 5994  loss: nan  decode.loss_ce: nan  decode.acc_seg: 99.9530
2025/03/09 12:14:23 - mmengine - INFO - Iter(train) [ 92200/160000]  lr: 0.0000e+00  eta: 7:25:13  time: 0.3649  data_time: 0.0082  memory: 5994  loss: nan  decode.loss_ce: nan  decode.acc_seg: 99.6346
2025/03/09 12:14:42 - mmengine - INFO - Iter(train) [ 92250/160000]  lr: 0.0000e+00  eta: 7:24:53  time: 0.3703  data_time: 0.0090  memory: 5994  loss: nan  decode.loss_ce: nan  decode.acc_seg: 97.3394
2025/03/09 12:15:00 - mmengine - INFO - Iter(train) [ 92300/160000]  lr: 0.0000e+00  eta: 7:24:32  time: 0.3686  data_time: 0.0091  memory: 5994  loss: nan  decode.loss_ce: nan  decode.acc_seg: 97.4961
2025/03/09 12:15:19 - mmengine - INFO - Iter(train) [ 92350/160000]  lr: 0.0000e+00  eta: 7:24:12  time: 0.3701  data_time: 0.0100  memory: 5994  loss: nan  decode.loss_ce: nan  decode.acc_seg: 96.0136
2025/03/09 12:15:37 - mmengine - INFO - Iter(train) [ 92400/160000]  lr: 0.0000e+00  eta: 7:23:51  time: 0.3708  data_time: 0.0095  memory: 5994  loss: nan  decode.loss_ce: nan  decode.acc_seg: 97.5142
2025/03/09 12:15:56 - mmengine - INFO - Iter(train) [ 92450/160000]  lr: 0.0000e+00  eta: 7:23:31  time: 0.3683  data_time: 0.0084  memory: 5994  loss: nan  decode.loss_ce: nan  decode.acc_seg: 99.8199
2025/03/09 12:16:14 - mmengine - INFO - Iter(train) [ 92500/160000]  lr: 0.0000e+00  eta: 7:23:10  time: 0.3712  data_time: 0.0092  memory: 5994  loss: nan  decode.loss_ce: nan  decode.acc_seg: 97.6644
2025/03/09 12:16:33 - mmengine - INFO - Iter(train) [ 92550/160000]  lr: 0.0000e+00  eta: 7:22:49  time: 0.3692  data_time: 0.0090  memory: 5994  loss: nan  decode.loss_ce: nan  decode.acc_seg: 93.9571
2025/03/09 12:16:51 - mmengine - INFO - Iter(train) [ 92600/160000]  lr: 0.0000e+00  eta: 7:22:29  time: 0.3697  data_time: 0.0092  memory: 5994  loss: nan  decode.loss_ce: nan  decode.acc_seg: 99.9653
2025/03/09 12:17:10 - mmengine - INFO - Iter(train) [ 92650/160000]  lr: 0.0000e+00  eta: 7:22:08  time: 0.3704  data_time: 0.0088  memory: 5994  loss: nan  decode.loss_ce: nan  decode.acc_seg: 98.5439
2025/03/09 12:17:29 - mmengine - INFO - Iter(train) [ 92700/160000]  lr: 0.0000e+00  eta: 7:21:48  time: 0.3706  data_time: 0.0088  memory: 5994  loss: nan  decode.loss_ce: nan  decode.acc_seg: 99.7747
2025/03/09 12:17:47 - mmengine - INFO - Iter(train) [ 92750/160000]  lr: 0.0000e+00  eta: 7:21:27  time: 0.3673  data_time: 0.0091  memory: 5994  loss: nan  decode.loss_ce: nan  decode.acc_seg: 92.5614
2025/03/09 12:18:05 - mmengine - INFO - Iter(train) [ 92800/160000]  lr: 0.0000e+00  eta: 7:21:06  time: 0.3690  data_time: 0.0092  memory: 5994  loss: nan  decode.loss_ce: nan  decode.acc_seg: 98.5990
2025/03/09 12:18:24 - mmengine - INFO - Iter(train) [ 92850/160000]  lr: 0.0000e+00  eta: 7:20:46  time: 0.3587  data_time: 0.0080  memory: 5994  loss: nan  decode.loss_ce: nan  decode.acc_seg: 95.4117
2025/03/09 12:18:42 - mmengine - INFO - Iter(train) [ 92900/160000]  lr: 0.0000e+00  eta: 7:20:25  time: 0.3699  data_time: 0.0096  memory: 5994  loss: nan  decode.loss_ce: nan  decode.acc_seg: 93.7949
2025/03/09 12:19:01 - mmengine - INFO - Iter(train) [ 92950/160000]  lr: 0.0000e+00  eta: 7:20:05  time: 0.3669  data_time: 0.0089  memory: 5994  loss: nan  decode.loss_ce: nan  decode.acc_seg: 90.7867
2025/03/09 12:19:19 - mmengine - INFO - Exp name: fpn_poolformer_s36_8x4_512x512_40k_ade20k_20250309_005445
2025/03/09 12:19:19 - mmengine - INFO - Iter(train) [ 93000/160000]  lr: 0.0000e+00  eta: 7:19:44  time: 0.3670  data_time: 0.0090  memory: 5994  loss: nan  decode.loss_ce: nan  decode.acc_seg: 94.7475
2025/03/09 12:19:38 - mmengine - INFO - Iter(train) [ 93050/160000]  lr: 0.0000e+00  eta: 7:19:23  time: 0.3688  data_time: 0.0088  memory: 5994  loss: nan  decode.loss_ce: nan  decode.acc_seg: 92.8881
2025/03/09 12:19:56 - mmengine - INFO - Iter(train) [ 93100/160000]  lr: 0.0000e+00  eta: 7:19:03  time: 0.3700  data_time: 0.0093  memory: 5994  loss: nan  decode.loss_ce: nan  decode.acc_seg: 93.9120
2025/03/09 12:20:15 - mmengine - INFO - Iter(train) [ 93150/160000]  lr: 0.0000e+00  eta: 7:18:42  time: 0.3722  data_time: 0.0098  memory: 5994  loss: nan  decode.loss_ce: nan  decode.acc_seg: 96.2352
2025/03/09 12:20:33 - mmengine - INFO - Iter(train) [ 93200/160000]  lr: 0.0000e+00  eta: 7:18:22  time: 0.3694  data_time: 0.0090  memory: 5994  loss: nan  decode.loss_ce: nan  decode.acc_seg: 93.0485
2025/03/09 12:20:52 - mmengine - INFO - Iter(train) [ 93250/160000]  lr: 0.0000e+00  eta: 7:18:01  time: 0.3703  data_time: 0.0094  memory: 5994  loss: nan  decode.loss_ce: nan  decode.acc_seg: 94.3210
2025/03/09 12:21:10 - mmengine - INFO - Iter(train) [ 93300/160000]  lr: 0.0000e+00  eta: 7:17:41  time: 0.3659  data_time: 0.0083  memory: 5994  loss: nan  decode.loss_ce: nan  decode.acc_seg: 96.5008
2025/03/09 12:21:29 - mmengine - INFO - Iter(train) [ 93350/160000]  lr: 0.0000e+00  eta: 7:17:20  time: 0.3729  data_time: 0.0090  memory: 5994  loss: nan  decode.loss_ce: nan  decode.acc_seg: 97.4804
2025/03/09 12:21:47 - mmengine - INFO - Iter(train) [ 93400/160000]  lr: 0.0000e+00  eta: 7:17:00  time: 0.3720  data_time: 0.0093  memory: 5994  loss: nan  decode.loss_ce: nan  decode.acc_seg: 96.2717
2025/03/09 12:22:06 - mmengine - INFO - Iter(train) [ 93450/160000]  lr: 0.0000e+00  eta: 7:16:39  time: 0.3677  data_time: 0.0086  memory: 5994  loss: nan  decode.loss_ce: nan  decode.acc_seg: 87.9470
2025/03/09 12:22:24 - mmengine - INFO - Iter(train) [ 93500/160000]  lr: 0.0000e+00  eta: 7:16:19  time: 0.3651  data_time: 0.0086  memory: 5994  loss: nan  decode.loss_ce: nan  decode.acc_seg: 97.2162
2025/03/09 12:22:43 - mmengine - INFO - Iter(train) [ 93550/160000]  lr: 0.0000e+00  eta: 7:15:58  time: 0.3700  data_time: 0.0094  memory: 5994  loss: nan  decode.loss_ce: nan  decode.acc_seg: 98.3615
2025/03/09 12:23:01 - mmengine - INFO - Iter(train) [ 93600/160000]  lr: 0.0000e+00  eta: 7:15:38  time: 0.3714  data_time: 0.0089  memory: 5994  loss: nan  decode.loss_ce: nan  decode.acc_seg: 98.6490
2025/03/09 12:23:20 - mmengine - INFO - Iter(train) [ 93650/160000]  lr: 0.0000e+00  eta: 7:15:17  time: 0.3698  data_time: 0.0089  memory: 5994  loss: nan  decode.loss_ce: nan  decode.acc_seg: 99.9733
2025/03/09 12:23:38 - mmengine - INFO - Iter(train) [ 93700/160000]  lr: 0.0000e+00  eta: 7:14:56  time: 0.3699  data_time: 0.0089  memory: 5994  loss: nan  decode.loss_ce: nan  decode.acc_seg: 97.9820
2025/03/09 12:23:57 - mmengine - INFO - Iter(train) [ 93750/160000]  lr: 0.0000e+00  eta: 7:14:36  time: 0.3702  data_time: 0.0090  memory: 5994  loss: nan  decode.loss_ce: nan  decode.acc_seg: 99.6572
2025/03/09 12:24:15 - mmengine - INFO - Iter(train) [ 93800/160000]  lr: 0.0000e+00  eta: 7:14:15  time: 0.3687  data_time: 0.0084  memory: 5994  loss: nan  decode.loss_ce: nan  decode.acc_seg: 91.3909
2025/03/09 12:24:33 - mmengine - INFO - Iter(train) [ 93850/160000]  lr: 0.0000e+00  eta: 7:13:55  time: 0.3668  data_time: 0.0086  memory: 5994  loss: nan  decode.loss_ce: nan  decode.acc_seg: 98.4999
2025/03/09 12:24:52 - mmengine - INFO - Iter(train) [ 93900/160000]  lr: 0.0000e+00  eta: 7:13:34  time: 0.3697  data_time: 0.0091  memory: 5994  loss: nan  decode.loss_ce: nan  decode.acc_seg: 98.8029
2025/03/09 12:25:10 - mmengine - INFO - Iter(train) [ 93950/160000]  lr: 0.0000e+00  eta: 7:13:14  time: 0.3706  data_time: 0.0095  memory: 5994  loss: nan  decode.loss_ce: nan  decode.acc_seg: 99.3122
2025/03/09 12:25:29 - mmengine - INFO - Exp name: fpn_poolformer_s36_8x4_512x512_40k_ade20k_20250309_005445
2025/03/09 12:25:29 - mmengine - INFO - Iter(train) [ 94000/160000]  lr: 0.0000e+00  eta: 7:12:53  time: 0.3699  data_time: 0.0091  memory: 5994  loss: nan  decode.loss_ce: nan  decode.acc_seg: 84.2863
2025/03/09 12:25:47 - mmengine - INFO - Iter(train) [ 94050/160000]  lr: 0.0000e+00  eta: 7:12:33  time: 0.3728  data_time: 0.0097  memory: 5994  loss: nan  decode.loss_ce: nan  decode.acc_seg: 90.5876
2025/03/09 12:26:06 - mmengine - INFO - Iter(train) [ 94100/160000]  lr: 0.0000e+00  eta: 7:12:12  time: 0.3706  data_time: 0.0094  memory: 5994  loss: nan  decode.loss_ce: nan  decode.acc_seg: 94.5458
2025/03/09 12:26:25 - mmengine - INFO - Iter(train) [ 94150/160000]  lr: 0.0000e+00  eta: 7:11:52  time: 0.3736  data_time: 0.0100  memory: 5994  loss: nan  decode.loss_ce: nan  decode.acc_seg: 96.0020
2025/03/09 12:26:43 - mmengine - INFO - Iter(train) [ 94200/160000]  lr: 0.0000e+00  eta: 7:11:31  time: 0.3698  data_time: 0.0101  memory: 5994  loss: nan  decode.loss_ce: nan  decode.acc_seg: 100.0000
2025/03/09 12:27:02 - mmengine - INFO - Iter(train) [ 94250/160000]  lr: 0.0000e+00  eta: 7:11:11  time: 0.3698  data_time: 0.0094  memory: 5994  loss: nan  decode.loss_ce: nan  decode.acc_seg: 93.8154
2025/03/09 12:27:20 - mmengine - INFO - Iter(train) [ 94300/160000]  lr: 0.0000e+00  eta: 7:10:50  time: 0.3699  data_time: 0.0090  memory: 5994  loss: nan  decode.loss_ce: nan  decode.acc_seg: 93.8271
2025/03/09 12:27:38 - mmengine - INFO - Iter(train) [ 94350/160000]  lr: 0.0000e+00  eta: 7:10:30  time: 0.3747  data_time: 0.0094  memory: 5994  loss: nan  decode.loss_ce: nan  decode.acc_seg: 98.2732
2025/03/09 12:27:57 - mmengine - INFO - Iter(train) [ 94400/160000]  lr: 0.0000e+00  eta: 7:10:09  time: 0.3693  data_time: 0.0087  memory: 5994  loss: nan  decode.loss_ce: nan  decode.acc_seg: 96.2993
2025/03/09 12:28:15 - mmengine - INFO - Iter(train) [ 94450/160000]  lr: 0.0000e+00  eta: 7:09:49  time: 0.3727  data_time: 0.0091  memory: 5994  loss: nan  decode.loss_ce: nan  decode.acc_seg: 92.3957
2025/03/09 12:28:34 - mmengine - INFO - Iter(train) [ 94500/160000]  lr: 0.0000e+00  eta: 7:09:28  time: 0.3689  data_time: 0.0089  memory: 5994  loss: nan  decode.loss_ce: nan  decode.acc_seg: 98.9377
2025/03/09 12:28:43 - mmengine - INFO - Iter(val) [ 50/869]    eta: 0:02:28  time: 0.1790  data_time: 0.0022  memory: 810  
2025/03/09 12:28:52 - mmengine - INFO - Iter(val) [100/869]    eta: 0:02:18  time: 0.1794  data_time: 0.0024  memory: 810  
2025/03/09 12:29:01 - mmengine - INFO - Iter(val) [150/869]    eta: 0:02:09  time: 0.1791  data_time: 0.0026  memory: 810  
2025/03/09 12:29:10 - mmengine - INFO - Iter(val) [200/869]    eta: 0:02:00  time: 0.1814  data_time: 0.0026  memory: 810  
2025/03/09 12:29:19 - mmengine - INFO - Iter(val) [250/869]    eta: 0:01:51  time: 0.1788  data_time: 0.0023  memory: 810  
2025/03/09 12:29:28 - mmengine - INFO - Iter(val) [300/869]    eta: 0:01:42  time: 0.1790  data_time: 0.0025  memory: 810  
2025/03/09 12:29:37 - mmengine - INFO - Iter(val) [350/869]    eta: 0:01:33  time: 0.1794  data_time: 0.0025  memory: 810  
2025/03/09 12:29:46 - mmengine - INFO - Iter(val) [400/869]    eta: 0:01:24  time: 0.1791  data_time: 0.0024  memory: 810  
2025/03/09 12:29:55 - mmengine - INFO - Iter(val) [450/869]    eta: 0:01:15  time: 0.1794  data_time: 0.0027  memory: 810  
2025/03/09 12:30:04 - mmengine - INFO - Iter(val) [500/869]    eta: 0:01:06  time: 0.1788  data_time: 0.0023  memory: 810  
2025/03/09 12:30:13 - mmengine - INFO - Iter(val) [550/869]    eta: 0:00:57  time: 0.1789  data_time: 0.0025  memory: 810  
2025/03/09 12:30:22 - mmengine - INFO - Iter(val) [600/869]    eta: 0:00:48  time: 0.1792  data_time: 0.0025  memory: 810  
2025/03/09 12:30:31 - mmengine - INFO - Iter(val) [650/869]    eta: 0:00:39  time: 0.1784  data_time: 0.0025  memory: 810  
2025/03/09 12:30:40 - mmengine - INFO - Iter(val) [700/869]    eta: 0:00:30  time: 0.1787  data_time: 0.0022  memory: 810  
2025/03/09 12:30:48 - mmengine - INFO - Iter(val) [750/869]    eta: 0:00:21  time: 0.1789  data_time: 0.0024  memory: 810  
2025/03/09 12:30:57 - mmengine - INFO - Iter(val) [800/869]    eta: 0:00:12  time: 0.1787  data_time: 0.0024  memory: 810  
2025/03/09 12:31:06 - mmengine - INFO - Iter(val) [850/869]    eta: 0:00:03  time: 0.1803  data_time: 0.0026  memory: 810  
2025/03/09 12:31:10 - mmengine - INFO - per class results:
2025/03/09 12:31:10 - mmengine - INFO - 
+------------+-------+-------+--------+-----------+--------+
|   Class    |  IoU  |  Acc  | Fscore | Precision | Recall |
+------------+-------+-------+--------+-----------+--------+
| background | 95.91 | 100.0 | 97.91  |   95.91   | 100.0  |
|    ghaf    |  0.0  |  0.0  |  nan   |    nan    |  0.0   |
+------------+-------+-------+--------+-----------+--------+
2025/03/09 12:31:10 - mmengine - INFO - Iter(val) [869/869]    aAcc: 95.9100  mIoU: 47.9600  mAcc: 50.0000  mFscore: 97.9100  mPrecision: 95.9100  mRecall: 50.0000  data_time: 0.0026  time: 0.1794
2025/03/09 12:31:28 - mmengine - INFO - Iter(train) [ 94550/160000]  lr: 0.0000e+00  eta: 7:09:08  time: 0.3689  data_time: 0.0087  memory: 5994  loss: nan  decode.loss_ce: nan  decode.acc_seg: 92.5114
2025/03/09 12:31:47 - mmengine - INFO - Iter(train) [ 94600/160000]  lr: 0.0000e+00  eta: 7:08:47  time: 0.3677  data_time: 0.0088  memory: 5994  loss: nan  decode.loss_ce: nan  decode.acc_seg: 93.7680
2025/03/09 12:32:05 - mmengine - INFO - Iter(train) [ 94650/160000]  lr: 0.0000e+00  eta: 7:08:27  time: 0.3702  data_time: 0.0085  memory: 5994  loss: nan  decode.loss_ce: nan  decode.acc_seg: 95.0280
2025/03/09 12:32:24 - mmengine - INFO - Iter(train) [ 94700/160000]  lr: 0.0000e+00  eta: 7:08:06  time: 0.3722  data_time: 0.0084  memory: 5994  loss: nan  decode.loss_ce: nan  decode.acc_seg: 97.9604
2025/03/09 12:32:43 - mmengine - INFO - Iter(train) [ 94750/160000]  lr: 0.0000e+00  eta: 7:07:46  time: 0.3706  data_time: 0.0093  memory: 5994  loss: nan  decode.loss_ce: nan  decode.acc_seg: 93.3366
2025/03/09 12:33:01 - mmengine - INFO - Iter(train) [ 94800/160000]  lr: 0.0000e+00  eta: 7:07:25  time: 0.3704  data_time: 0.0091  memory: 5994  loss: nan  decode.loss_ce: nan  decode.acc_seg: 99.0133
2025/03/09 12:33:20 - mmengine - INFO - Iter(train) [ 94850/160000]  lr: 0.0000e+00  eta: 7:07:05  time: 0.3713  data_time: 0.0088  memory: 5994  loss: nan  decode.loss_ce: nan  decode.acc_seg: 99.8794
2025/03/09 12:33:38 - mmengine - INFO - Iter(train) [ 94900/160000]  lr: 0.0000e+00  eta: 7:06:44  time: 0.3712  data_time: 0.0089  memory: 5994  loss: nan  decode.loss_ce: nan  decode.acc_seg: 84.4430
2025/03/09 12:33:57 - mmengine - INFO - Iter(train) [ 94950/160000]  lr: 0.0000e+00  eta: 7:06:24  time: 0.3701  data_time: 0.0092  memory: 5994  loss: nan  decode.loss_ce: nan  decode.acc_seg: 99.3510
2025/03/09 12:34:15 - mmengine - INFO - Exp name: fpn_poolformer_s36_8x4_512x512_40k_ade20k_20250309_005445
2025/03/09 12:34:15 - mmengine - INFO - Iter(train) [ 95000/160000]  lr: 0.0000e+00  eta: 7:06:03  time: 0.3702  data_time: 0.0090  memory: 5994  loss: nan  decode.loss_ce: nan  decode.acc_seg: 99.6261
2025/03/09 12:34:34 - mmengine - INFO - Iter(train) [ 95050/160000]  lr: 0.0000e+00  eta: 7:05:43  time: 0.3684  data_time: 0.0086  memory: 5994  loss: nan  decode.loss_ce: nan  decode.acc_seg: 100.0000
2025/03/09 12:34:52 - mmengine - INFO - Iter(train) [ 95100/160000]  lr: 0.0000e+00  eta: 7:05:22  time: 0.3696  data_time: 0.0094  memory: 5994  loss: nan  decode.loss_ce: nan  decode.acc_seg: 98.0800
2025/03/09 12:35:11 - mmengine - INFO - Iter(train) [ 95150/160000]  lr: 0.0000e+00  eta: 7:05:02  time: 0.3698  data_time: 0.0091  memory: 5994  loss: nan  decode.loss_ce: nan  decode.acc_seg: 93.1989
2025/03/09 12:35:29 - mmengine - INFO - Iter(train) [ 95200/160000]  lr: 0.0000e+00  eta: 7:04:42  time: 0.3698  data_time: 0.0087  memory: 5994  loss: nan  decode.loss_ce: nan  decode.acc_seg: 97.5466
2025/03/09 12:35:29 - mmengine - INFO - Saving checkpoint at 95200 iterations
2025/03/09 12:35:52 - mmengine - INFO - Iter(train) [ 95250/160000]  lr: 0.0000e+00  eta: 7:04:24  time: 0.3683  data_time: 0.0089  memory: 5994  loss: nan  decode.loss_ce: nan  decode.acc_seg: 98.3698
2025/03/09 12:36:11 - mmengine - INFO - Iter(train) [ 95300/160000]  lr: 0.0000e+00  eta: 7:04:04  time: 0.3701  data_time: 0.0085  memory: 5994  loss: nan  decode.loss_ce: nan  decode.acc_seg: 92.3780
2025/03/09 12:36:29 - mmengine - INFO - Iter(train) [ 95350/160000]  lr: 0.0000e+00  eta: 7:03:43  time: 0.3723  data_time: 0.0102  memory: 5994  loss: nan  decode.loss_ce: nan  decode.acc_seg: 97.9709
2025/03/09 12:36:48 - mmengine - INFO - Iter(train) [ 95400/160000]  lr: 0.0000e+00  eta: 7:03:23  time: 0.3664  data_time: 0.0086  memory: 5994  loss: nan  decode.loss_ce: nan  decode.acc_seg: 95.3735
2025/03/09 12:37:06 - mmengine - INFO - Iter(train) [ 95450/160000]  lr: 0.0000e+00  eta: 7:03:03  time: 0.3725  data_time: 0.0093  memory: 5994  loss: nan  decode.loss_ce: nan  decode.acc_seg: 93.0509
2025/03/09 12:37:25 - mmengine - INFO - Iter(train) [ 95500/160000]  lr: 0.0000e+00  eta: 7:02:42  time: 0.3691  data_time: 0.0089  memory: 5994  loss: nan  decode.loss_ce: nan  decode.acc_seg: 99.8762
2025/03/09 12:37:43 - mmengine - INFO - Iter(train) [ 95550/160000]  lr: 0.0000e+00  eta: 7:02:22  time: 0.3683  data_time: 0.0086  memory: 5994  loss: nan  decode.loss_ce: nan  decode.acc_seg: 93.1999
2025/03/09 12:38:02 - mmengine - INFO - Iter(train) [ 95600/160000]  lr: 0.0000e+00  eta: 7:02:01  time: 0.3716  data_time: 0.0095  memory: 5994  loss: nan  decode.loss_ce: nan  decode.acc_seg: 98.4013
2025/03/09 12:38:20 - mmengine - INFO - Iter(train) [ 95650/160000]  lr: 0.0000e+00  eta: 7:01:41  time: 0.3686  data_time: 0.0086  memory: 5994  loss: nan  decode.loss_ce: nan  decode.acc_seg: 95.9858
2025/03/09 12:38:39 - mmengine - INFO - Iter(train) [ 95700/160000]  lr: 0.0000e+00  eta: 7:01:20  time: 0.3717  data_time: 0.0094  memory: 5994  loss: nan  decode.loss_ce: nan  decode.acc_seg: 99.6942
2025/03/09 12:38:57 - mmengine - INFO - Iter(train) [ 95750/160000]  lr: 0.0000e+00  eta: 7:01:00  time: 0.3724  data_time: 0.0096  memory: 5994  loss: nan  decode.loss_ce: nan  decode.acc_seg: 93.3440
2025/03/09 12:39:16 - mmengine - INFO - Iter(train) [ 95800/160000]  lr: 0.0000e+00  eta: 7:00:39  time: 0.3686  data_time: 0.0083  memory: 5994  loss: nan  decode.loss_ce: nan  decode.acc_seg: 95.7712
2025/03/09 12:39:34 - mmengine - INFO - Iter(train) [ 95850/160000]  lr: 0.0000e+00  eta: 7:00:19  time: 0.3702  data_time: 0.0091  memory: 5994  loss: nan  decode.loss_ce: nan  decode.acc_seg: 86.2310
2025/03/09 12:39:53 - mmengine - INFO - Iter(train) [ 95900/160000]  lr: 0.0000e+00  eta: 6:59:58  time: 0.3697  data_time: 0.0093  memory: 5994  loss: nan  decode.loss_ce: nan  decode.acc_seg: 97.4456
2025/03/09 12:40:11 - mmengine - INFO - Iter(train) [ 95950/160000]  lr: 0.0000e+00  eta: 6:59:38  time: 0.3668  data_time: 0.0084  memory: 5994  loss: nan  decode.loss_ce: nan  decode.acc_seg: 99.6683
2025/03/09 12:40:30 - mmengine - INFO - Exp name: fpn_poolformer_s36_8x4_512x512_40k_ade20k_20250309_005445
2025/03/09 12:40:30 - mmengine - INFO - Iter(train) [ 96000/160000]  lr: 0.0000e+00  eta: 6:59:18  time: 0.3679  data_time: 0.0089  memory: 5994  loss: nan  decode.loss_ce: nan  decode.acc_seg: 97.3339
2025/03/09 12:40:48 - mmengine - INFO - Iter(train) [ 96050/160000]  lr: 0.0000e+00  eta: 6:58:57  time: 0.3689  data_time: 0.0086  memory: 5994  loss: nan  decode.loss_ce: nan  decode.acc_seg: 89.4935
2025/03/09 12:41:07 - mmengine - INFO - Iter(train) [ 96100/160000]  lr: 0.0000e+00  eta: 6:58:37  time: 0.3690  data_time: 0.0087  memory: 5994  loss: nan  decode.loss_ce: nan  decode.acc_seg: 97.1173
2025/03/09 12:41:25 - mmengine - INFO - Iter(train) [ 96150/160000]  lr: 0.0000e+00  eta: 6:58:16  time: 0.3697  data_time: 0.0089  memory: 5994  loss: nan  decode.loss_ce: nan  decode.acc_seg: 98.1967
2025/03/09 12:41:44 - mmengine - INFO - Iter(train) [ 96200/160000]  lr: 0.0000e+00  eta: 6:57:56  time: 0.3691  data_time: 0.0090  memory: 5994  loss: nan  decode.loss_ce: nan  decode.acc_seg: 99.8341
2025/03/09 12:42:02 - mmengine - INFO - Iter(train) [ 96250/160000]  lr: 0.0000e+00  eta: 6:57:35  time: 0.3736  data_time: 0.0098  memory: 5994  loss: nan  decode.loss_ce: nan  decode.acc_seg: 93.9686
2025/03/09 12:42:21 - mmengine - INFO - Iter(train) [ 96300/160000]  lr: 0.0000e+00  eta: 6:57:15  time: 0.3687  data_time: 0.0092  memory: 5994  loss: nan  decode.loss_ce: nan  decode.acc_seg: 87.5635
2025/03/09 12:42:39 - mmengine - INFO - Iter(train) [ 96350/160000]  lr: 0.0000e+00  eta: 6:56:54  time: 0.3686  data_time: 0.0087  memory: 5994  loss: nan  decode.loss_ce: nan  decode.acc_seg: 92.6440
2025/03/09 12:42:58 - mmengine - INFO - Iter(train) [ 96400/160000]  lr: 0.0000e+00  eta: 6:56:34  time: 0.3693  data_time: 0.0092  memory: 5994  loss: nan  decode.loss_ce: nan  decode.acc_seg: 99.4061
2025/03/09 12:43:16 - mmengine - INFO - Iter(train) [ 96450/160000]  lr: 0.0000e+00  eta: 6:56:14  time: 0.3702  data_time: 0.0090  memory: 5994  loss: nan  decode.loss_ce: nan  decode.acc_seg: 97.6249
2025/03/09 12:43:35 - mmengine - INFO - Iter(train) [ 96500/160000]  lr: 0.0000e+00  eta: 6:55:53  time: 0.3689  data_time: 0.0091  memory: 5994  loss: nan  decode.loss_ce: nan  decode.acc_seg: 86.4194
2025/03/09 12:43:53 - mmengine - INFO - Iter(train) [ 96550/160000]  lr: 0.0000e+00  eta: 6:55:33  time: 0.3691  data_time: 0.0086  memory: 5994  loss: nan  decode.loss_ce: nan  decode.acc_seg: 98.0539
2025/03/09 12:45:44 - mmengine - INFO - Iter(train) [ 96600/160000]  lr: 0.0000e+00  eta: 6:56:13  time: 9.5977  data_time: 0.0081  memory: 5994  loss: nan  decode.loss_ce: nan  decode.acc_seg: 96.6354
2025/03/09 12:46:17 - mmengine - INFO - Iter(train) [ 96650/160000]  lr: 0.0000e+00  eta: 6:56:02  time: 0.3481  data_time: 0.0076  memory: 5994  loss: nan  decode.loss_ce: nan  decode.acc_seg: 85.2621
2025/03/09 12:46:34 - mmengine - INFO - Iter(train) [ 96700/160000]  lr: 0.0000e+00  eta: 6:55:41  time: 0.3611  data_time: 0.0082  memory: 5994  loss: nan  decode.loss_ce: nan  decode.acc_seg: 92.1507
2025/03/09 12:46:52 - mmengine - INFO - Iter(train) [ 96750/160000]  lr: 0.0000e+00  eta: 6:55:20  time: 0.3519  data_time: 0.0074  memory: 5994  loss: nan  decode.loss_ce: nan  decode.acc_seg: 95.1532
2025/03/09 12:47:10 - mmengine - INFO - Iter(train) [ 96800/160000]  lr: 0.0000e+00  eta: 6:54:59  time: 0.3501  data_time: 0.0070  memory: 5994  loss: nan  decode.loss_ce: nan  decode.acc_seg: 97.4438
2025/03/09 12:47:28 - mmengine - INFO - Iter(train) [ 96850/160000]  lr: 0.0000e+00  eta: 6:54:38  time: 0.3696  data_time: 0.0089  memory: 5994  loss: nan  decode.loss_ce: nan  decode.acc_seg: 88.1278
2025/03/09 12:47:46 - mmengine - INFO - Iter(train) [ 96900/160000]  lr: 0.0000e+00  eta: 6:54:17  time: 0.3674  data_time: 0.0085  memory: 5994  loss: nan  decode.loss_ce: nan  decode.acc_seg: 95.9816
2025/03/09 12:48:05 - mmengine - INFO - Iter(train) [ 96950/160000]  lr: 0.0000e+00  eta: 6:53:57  time: 0.3718  data_time: 0.0092  memory: 5994  loss: nan  decode.loss_ce: nan  decode.acc_seg: 98.1415
2025/03/09 12:48:23 - mmengine - INFO - Exp name: fpn_poolformer_s36_8x4_512x512_40k_ade20k_20250309_005445
2025/03/09 12:48:23 - mmengine - INFO - Iter(train) [ 97000/160000]  lr: 0.0000e+00  eta: 6:53:36  time: 0.3591  data_time: 0.0080  memory: 5994  loss: nan  decode.loss_ce: nan  decode.acc_seg: 99.6796
2025/03/09 12:48:42 - mmengine - INFO - Iter(train) [ 97050/160000]  lr: 0.0000e+00  eta: 6:53:16  time: 0.3696  data_time: 0.0097  memory: 5994  loss: nan  decode.loss_ce: nan  decode.acc_seg: 99.0298
2025/03/09 12:49:00 - mmengine - INFO - Iter(train) [ 97100/160000]  lr: 0.0000e+00  eta: 6:52:55  time: 0.3724  data_time: 0.0095  memory: 5994  loss: nan  decode.loss_ce: nan  decode.acc_seg: 96.6961
2025/03/09 12:49:19 - mmengine - INFO - Iter(train) [ 97150/160000]  lr: 0.0000e+00  eta: 6:52:35  time: 0.3692  data_time: 0.0093  memory: 5994  loss: nan  decode.loss_ce: nan  decode.acc_seg: 98.0718
2025/03/09 12:49:37 - mmengine - INFO - Iter(train) [ 97200/160000]  lr: 0.0000e+00  eta: 6:52:15  time: 0.3788  data_time: 0.0095  memory: 5994  loss: nan  decode.loss_ce: nan  decode.acc_seg: 96.0036
2025/03/09 12:49:56 - mmengine - INFO - Iter(train) [ 97250/160000]  lr: 0.0000e+00  eta: 6:51:54  time: 0.3696  data_time: 0.0093  memory: 5994  loss: nan  decode.loss_ce: nan  decode.acc_seg: 96.9876
2025/03/09 12:50:14 - mmengine - INFO - Iter(train) [ 97300/160000]  lr: 0.0000e+00  eta: 6:51:34  time: 0.3684  data_time: 0.0093  memory: 5994  loss: nan  decode.loss_ce: nan  decode.acc_seg: 94.4776
2025/03/09 12:50:33 - mmengine - INFO - Iter(train) [ 97350/160000]  lr: 0.0000e+00  eta: 6:51:13  time: 0.3677  data_time: 0.0083  memory: 5994  loss: nan  decode.loss_ce: nan  decode.acc_seg: 91.3528
2025/03/09 12:50:51 - mmengine - INFO - Iter(train) [ 97400/160000]  lr: 0.0000e+00  eta: 6:50:53  time: 0.3680  data_time: 0.0090  memory: 5994  loss: nan  decode.loss_ce: nan  decode.acc_seg: 97.7809
2025/03/09 12:51:10 - mmengine - INFO - Iter(train) [ 97450/160000]  lr: 0.0000e+00  eta: 6:50:32  time: 0.3679  data_time: 0.0094  memory: 5994  loss: nan  decode.loss_ce: nan  decode.acc_seg: 99.4148
2025/03/09 12:51:28 - mmengine - INFO - Iter(train) [ 97500/160000]  lr: 0.0000e+00  eta: 6:50:12  time: 0.3709  data_time: 0.0100  memory: 5994  loss: nan  decode.loss_ce: nan  decode.acc_seg: 93.7304
2025/03/09 12:51:47 - mmengine - INFO - Iter(train) [ 97550/160000]  lr: 0.0000e+00  eta: 6:49:51  time: 0.3729  data_time: 0.0095  memory: 5994  loss: nan  decode.loss_ce: nan  decode.acc_seg: 97.4671
2025/03/09 12:52:05 - mmengine - INFO - Iter(train) [ 97600/160000]  lr: 0.0000e+00  eta: 6:49:31  time: 0.3701  data_time: 0.0090  memory: 5994  loss: nan  decode.loss_ce: nan  decode.acc_seg: 98.3459
2025/03/09 12:52:24 - mmengine - INFO - Iter(train) [ 97650/160000]  lr: 0.0000e+00  eta: 6:49:10  time: 0.3665  data_time: 0.0081  memory: 5994  loss: nan  decode.loss_ce: nan  decode.acc_seg: 96.1387
2025/03/09 12:52:42 - mmengine - INFO - Iter(train) [ 97700/160000]  lr: 0.0000e+00  eta: 6:48:50  time: 0.3712  data_time: 0.0088  memory: 5994  loss: nan  decode.loss_ce: nan  decode.acc_seg: 97.9685
2025/03/09 12:53:01 - mmengine - INFO - Iter(train) [ 97750/160000]  lr: 0.0000e+00  eta: 6:48:30  time: 0.3716  data_time: 0.0094  memory: 5994  loss: nan  decode.loss_ce: nan  decode.acc_seg: 91.0236
2025/03/09 12:53:19 - mmengine - INFO - Iter(train) [ 97800/160000]  lr: 0.0000e+00  eta: 6:48:09  time: 0.3713  data_time: 0.0091  memory: 5994  loss: nan  decode.loss_ce: nan  decode.acc_seg: 99.6860
2025/03/09 12:53:38 - mmengine - INFO - Iter(train) [ 97850/160000]  lr: 0.0000e+00  eta: 6:47:49  time: 0.3681  data_time: 0.0085  memory: 5994  loss: nan  decode.loss_ce: nan  decode.acc_seg: 84.6478
2025/03/09 12:53:57 - mmengine - INFO - Iter(train) [ 97900/160000]  lr: 0.0000e+00  eta: 6:47:28  time: 0.3703  data_time: 0.0090  memory: 5994  loss: nan  decode.loss_ce: nan  decode.acc_seg: 95.6785
2025/03/09 12:54:15 - mmengine - INFO - Iter(train) [ 97950/160000]  lr: 0.0000e+00  eta: 6:47:08  time: 0.3708  data_time: 0.0087  memory: 5994  loss: nan  decode.loss_ce: nan  decode.acc_seg: 88.0206
2025/03/09 12:54:34 - mmengine - INFO - Exp name: fpn_poolformer_s36_8x4_512x512_40k_ade20k_20250309_005445
2025/03/09 12:54:34 - mmengine - INFO - Iter(train) [ 98000/160000]  lr: 0.0000e+00  eta: 6:46:47  time: 0.3708  data_time: 0.0092  memory: 5994  loss: nan  decode.loss_ce: nan  decode.acc_seg: 87.3629
2025/03/09 12:54:43 - mmengine - INFO - Iter(val) [ 50/869]    eta: 0:02:29  time: 0.1800  data_time: 0.0024  memory: 810  
2025/03/09 12:54:52 - mmengine - INFO - Iter(val) [100/869]    eta: 0:02:19  time: 0.1796  data_time: 0.0024  memory: 810  
2025/03/09 12:55:01 - mmengine - INFO - Iter(val) [150/869]    eta: 0:02:09  time: 0.1797  data_time: 0.0026  memory: 810  
2025/03/09 12:55:10 - mmengine - INFO - Iter(val) [200/869]    eta: 0:02:00  time: 0.1791  data_time: 0.0024  memory: 810  
2025/03/09 12:55:19 - mmengine - INFO - Iter(val) [250/869]    eta: 0:01:51  time: 0.1803  data_time: 0.0023  memory: 810  
2025/03/09 12:55:28 - mmengine - INFO - Iter(val) [300/869]    eta: 0:01:42  time: 0.1789  data_time: 0.0023  memory: 810  
2025/03/09 12:55:37 - mmengine - INFO - Iter(val) [350/869]    eta: 0:01:33  time: 0.1799  data_time: 0.0025  memory: 810  
2025/03/09 12:55:46 - mmengine - INFO - Iter(val) [400/869]    eta: 0:01:24  time: 0.1797  data_time: 0.0022  memory: 810  
2025/03/09 12:55:55 - mmengine - INFO - Iter(val) [450/869]    eta: 0:01:15  time: 0.1793  data_time: 0.0022  memory: 810  
2025/03/09 12:56:04 - mmengine - INFO - Iter(val) [500/869]    eta: 0:01:06  time: 0.1801  data_time: 0.0025  memory: 810  
2025/03/09 12:56:13 - mmengine - INFO - Iter(val) [550/869]    eta: 0:00:57  time: 0.1788  data_time: 0.0023  memory: 810  
2025/03/09 12:56:22 - mmengine - INFO - Iter(val) [600/869]    eta: 0:00:48  time: 0.1794  data_time: 0.0029  memory: 810  
2025/03/09 12:56:31 - mmengine - INFO - Iter(val) [650/869]    eta: 0:00:39  time: 0.1789  data_time: 0.0025  memory: 810  
2025/03/09 12:56:40 - mmengine - INFO - Iter(val) [700/869]    eta: 0:00:30  time: 0.1788  data_time: 0.0026  memory: 810  
2025/03/09 12:56:49 - mmengine - INFO - Iter(val) [750/869]    eta: 0:00:21  time: 0.1789  data_time: 0.0023  memory: 810  
2025/03/09 12:56:57 - mmengine - INFO - Iter(val) [800/869]    eta: 0:00:12  time: 0.1790  data_time: 0.0023  memory: 810  
2025/03/09 12:57:06 - mmengine - INFO - Iter(val) [850/869]    eta: 0:00:03  time: 0.1789  data_time: 0.0026  memory: 810  
2025/03/09 12:57:10 - mmengine - INFO - per class results:
2025/03/09 12:57:10 - mmengine - INFO - 
+------------+-------+-------+--------+-----------+--------+
|   Class    |  IoU  |  Acc  | Fscore | Precision | Recall |
+------------+-------+-------+--------+-----------+--------+
| background | 95.91 | 100.0 | 97.91  |   95.91   | 100.0  |
|    ghaf    |  0.0  |  0.0  |  nan   |    nan    |  0.0   |
+------------+-------+-------+--------+-----------+--------+
2025/03/09 12:57:10 - mmengine - INFO - Iter(val) [869/869]    aAcc: 95.9100  mIoU: 47.9600  mAcc: 50.0000  mFscore: 97.9100  mPrecision: 95.9100  mRecall: 50.0000  data_time: 0.0026  time: 0.1796
2025/03/09 12:57:28 - mmengine - INFO - Iter(train) [ 98050/160000]  lr: 0.0000e+00  eta: 6:46:27  time: 0.3687  data_time: 0.0089  memory: 5994  loss: nan  decode.loss_ce: nan  decode.acc_seg: 100.0000
2025/03/09 12:57:47 - mmengine - INFO - Iter(train) [ 98100/160000]  lr: 0.0000e+00  eta: 6:46:07  time: 0.3684  data_time: 0.0089  memory: 5994  loss: nan  decode.loss_ce: nan  decode.acc_seg: 94.3732
2025/03/09 12:58:05 - mmengine - INFO - Iter(train) [ 98150/160000]  lr: 0.0000e+00  eta: 6:45:46  time: 0.3700  data_time: 0.0091  memory: 5994  loss: nan  decode.loss_ce: nan  decode.acc_seg: 94.8718
2025/03/09 12:58:24 - mmengine - INFO - Iter(train) [ 98200/160000]  lr: 0.0000e+00  eta: 6:45:26  time: 0.3588  data_time: 0.0075  memory: 5994  loss: nan  decode.loss_ce: nan  decode.acc_seg: 90.5944
2025/03/09 12:58:42 - mmengine - INFO - Iter(train) [ 98250/160000]  lr: 0.0000e+00  eta: 6:45:05  time: 0.3719  data_time: 0.0093  memory: 5994  loss: nan  decode.loss_ce: nan  decode.acc_seg: 98.4472
2025/03/09 12:59:01 - mmengine - INFO - Iter(train) [ 98300/160000]  lr: 0.0000e+00  eta: 6:44:45  time: 0.3706  data_time: 0.0093  memory: 5994  loss: nan  decode.loss_ce: nan  decode.acc_seg: 95.4535
2025/03/09 12:59:19 - mmengine - INFO - Iter(train) [ 98350/160000]  lr: 0.0000e+00  eta: 6:44:24  time: 0.3684  data_time: 0.0085  memory: 5994  loss: nan  decode.loss_ce: nan  decode.acc_seg: 98.9672
2025/03/09 12:59:38 - mmengine - INFO - Iter(train) [ 98400/160000]  lr: 0.0000e+00  eta: 6:44:04  time: 0.3573  data_time: 0.0081  memory: 5994  loss: nan  decode.loss_ce: nan  decode.acc_seg: 97.9000
2025/03/09 12:59:57 - mmengine - INFO - Iter(train) [ 98450/160000]  lr: 0.0000e+00  eta: 6:43:44  time: 0.3703  data_time: 0.0087  memory: 5994  loss: nan  decode.loss_ce: nan  decode.acc_seg: 94.4286
2025/03/09 13:00:15 - mmengine - INFO - Iter(train) [ 98500/160000]  lr: 0.0000e+00  eta: 6:43:23  time: 0.3696  data_time: 0.0089  memory: 5994  loss: nan  decode.loss_ce: nan  decode.acc_seg: 98.4422
2025/03/09 13:00:34 - mmengine - INFO - Iter(train) [ 98550/160000]  lr: 0.0000e+00  eta: 6:43:03  time: 0.3706  data_time: 0.0094  memory: 5994  loss: nan  decode.loss_ce: nan  decode.acc_seg: 97.6247
2025/03/09 13:00:52 - mmengine - INFO - Iter(train) [ 98600/160000]  lr: 0.0000e+00  eta: 6:42:42  time: 0.3718  data_time: 0.0089  memory: 5994  loss: nan  decode.loss_ce: nan  decode.acc_seg: 90.4692
2025/03/09 13:00:52 - mmengine - INFO - Saving checkpoint at 98600 iterations
2025/03/09 13:01:18 - mmengine - INFO - Iter(train) [ 98650/160000]  lr: 0.0000e+00  eta: 6:42:26  time: 0.3686  data_time: 0.0089  memory: 5994  loss: nan  decode.loss_ce: nan  decode.acc_seg: 90.2867
2025/03/09 13:01:36 - mmengine - INFO - Iter(train) [ 98700/160000]  lr: 0.0000e+00  eta: 6:42:06  time: 0.3710  data_time: 0.0093  memory: 5994  loss: nan  decode.loss_ce: nan  decode.acc_seg: 98.9502
2025/03/09 13:01:55 - mmengine - INFO - Iter(train) [ 98750/160000]  lr: 0.0000e+00  eta: 6:41:45  time: 0.3699  data_time: 0.0093  memory: 5994  loss: nan  decode.loss_ce: nan  decode.acc_seg: 94.9421
2025/03/09 13:02:13 - mmengine - INFO - Iter(train) [ 98800/160000]  lr: 0.0000e+00  eta: 6:41:25  time: 0.3729  data_time: 0.0098  memory: 5994  loss: nan  decode.loss_ce: nan  decode.acc_seg: 96.6126
2025/03/09 13:02:32 - mmengine - INFO - Iter(train) [ 98850/160000]  lr: 0.0000e+00  eta: 6:41:05  time: 0.3714  data_time: 0.0094  memory: 5994  loss: nan  decode.loss_ce: nan  decode.acc_seg: 89.7268
2025/03/09 13:02:50 - mmengine - INFO - Iter(train) [ 98900/160000]  lr: 0.0000e+00  eta: 6:40:44  time: 0.3705  data_time: 0.0094  memory: 5994  loss: nan  decode.loss_ce: nan  decode.acc_seg: 97.9670
2025/03/09 13:03:09 - mmengine - INFO - Iter(train) [ 98950/160000]  lr: 0.0000e+00  eta: 6:40:24  time: 0.3721  data_time: 0.0090  memory: 5994  loss: nan  decode.loss_ce: nan  decode.acc_seg: 96.9611
2025/03/09 13:03:27 - mmengine - INFO - Exp name: fpn_poolformer_s36_8x4_512x512_40k_ade20k_20250309_005445
2025/03/09 13:03:27 - mmengine - INFO - Iter(train) [ 99000/160000]  lr: 0.0000e+00  eta: 6:40:04  time: 0.3707  data_time: 0.0094  memory: 5994  loss: nan  decode.loss_ce: nan  decode.acc_seg: 93.1823
2025/03/09 13:03:46 - mmengine - INFO - Iter(train) [ 99050/160000]  lr: 0.0000e+00  eta: 6:39:43  time: 0.3708  data_time: 0.0093  memory: 5994  loss: nan  decode.loss_ce: nan  decode.acc_seg: 91.6325
2025/03/09 13:04:04 - mmengine - INFO - Iter(train) [ 99100/160000]  lr: 0.0000e+00  eta: 6:39:23  time: 0.3707  data_time: 0.0095  memory: 5994  loss: nan  decode.loss_ce: nan  decode.acc_seg: 96.2631
2025/03/09 13:04:23 - mmengine - INFO - Iter(train) [ 99150/160000]  lr: 0.0000e+00  eta: 6:39:02  time: 0.3712  data_time: 0.0095  memory: 5994  loss: nan  decode.loss_ce: nan  decode.acc_seg: 91.9169
2025/03/09 13:04:41 - mmengine - INFO - Iter(train) [ 99200/160000]  lr: 0.0000e+00  eta: 6:38:42  time: 0.3698  data_time: 0.0090  memory: 5994  loss: nan  decode.loss_ce: nan  decode.acc_seg: 91.8217
2025/03/09 13:05:00 - mmengine - INFO - Iter(train) [ 99250/160000]  lr: 0.0000e+00  eta: 6:38:22  time: 0.3666  data_time: 0.0087  memory: 5994  loss: nan  decode.loss_ce: nan  decode.acc_seg: 96.4858
2025/03/09 13:05:19 - mmengine - INFO - Iter(train) [ 99300/160000]  lr: 0.0000e+00  eta: 6:38:02  time: 0.3718  data_time: 0.0084  memory: 5994  loss: nan  decode.loss_ce: nan  decode.acc_seg: 96.9350
